source1_entity_id,country,match_count,is_singleton,partition
S1-100040339,US,1,False,evaluation
S1-100052695,India,3,False,evaluation
S1-100080083,US,4,False,evaluation
S1-100167734,US,2,False,tuning
S1-100184895,India,4,False,tuning
S1-10022270,US,5,False,tuning
S1-100232853,US,4,False,tuning
S1-10023404,US,3,False,tuning
S1-100276475,US,4,False,evaluation
S1-100279740,US,3,False,tuning
S1-100309770,US,3,False,tuning
S1-100321167,US,5,False,evaluation
S1-100379396,US,2,False,evaluation
S1-100411016,US,3,False,tuning
S1-100605729,India,4,False,evaluation
S1-100618857,India,3,False,tuning
S1-100620838,US,4,False,evaluation
S1-100625394,US,3,False,tuning
S1-100684351,US,2,False,tuning
S1-100745355,India,6,False,evaluation
S1-100785349,US,5,False,evaluation
S1-100788901,US,5,False,evaluation
S1-100824237,India,3,False,tuning
S1-100847802,US,3,False,evaluation
S1-100910626,US,2,False,evaluation
S1-100914736,India,1,False,evaluation
S1-100974896,US,3,False,evaluation
S1-101003484,India,4,False,evaluation
S1-101008158,US,2,False,tuning
S1-101054491,US,1,False,evaluation
S1-10122638,US,3,False,evaluation
S1-101326142,India,3,False,evaluation
S1-101329822,US,7,False,evaluation
S1-10137429,US,2,False,evaluation
S1-101392416,India,4,False,evaluation
S1-101421172,US,6,False,evaluation
S1-101524631,US,5,False,evaluation
S1-10156089,US,3,False,evaluation
S1-101632534,India,4,False,tuning
S1-10163760,US,0,True,evaluation
S1-101686835,US,2,False,tuning
S1-101700591,US,4,False,evaluation
S1-101726845,India,4,False,evaluation
S1-101750584,India,2,False,tuning
S1-101765993,US,5,False,evaluation
S1-101775878,India,4,False,tuning
S1-101840713,US,1,False,evaluation
S1-101853854,US,5,False,evaluation
S1-101865880,India,6,False,evaluation
S1-101980170,US,4,False,evaluation
S1-102018652,India,6,False,tuning
S1-102059486,US,1,False,evaluation
S1-102121237,US,3,False,evaluation
S1-102178823,US,3,False,evaluation
S1-102226774,US,4,False,evaluation
S1-102239990,India,6,False,evaluation
S1-102252806,US,2,False,evaluation
S1-102288493,US,5,False,tuning
S1-102330347,US,3,False,evaluation
S1-102330867,US,5,False,evaluation
S1-102336660,US,1,False,evaluation
S1-10234759,US,1,False,evaluation
S1-102391408,US,3,False,evaluation
S1-102397933,US,3,False,evaluation
S1-102417972,US,1,False,evaluation
S1-102439667,US,5,False,tuning
S1-102464965,US,3,False,tuning
S1-102493035,US,4,False,evaluation
S1-102498140,India,4,False,evaluation
S1-102523467,US,4,False,evaluation
S1-102579245,US,4,False,tuning
S1-10268729,US,4,False,tuning
S1-102766495,US,3,False,tuning
S1-102801691,US,2,False,tuning
S1-102814905,US,2,False,evaluation
S1-102909974,India,6,False,tuning
S1-102936982,US,5,False,tuning
S1-102994281,India,3,False,evaluation
S1-103003964,US,4,False,evaluation
S1-103037445,India,0,True,evaluation
S1-103066037,US,5,False,evaluation
S1-1030731,US,6,False,evaluation
S1-103103005,US,5,False,evaluation
S1-103120265,India,0,True,evaluation
S1-103222110,US,2,False,tuning
S1-103277826,India,8,False,evaluation
S1-103312834,India,2,False,evaluation
S1-103395712,US,3,False,evaluation
S1-103465393,US,0,True,evaluation
S1-103510355,US,4,False,evaluation
S1-103527628,US,4,False,evaluation
S1-103531921,US,2,False,evaluation
S1-103592409,US,4,False,tuning
S1-103623130,India,3,False,tuning
S1-10362510,India,4,False,evaluation
S1-103677042,US,1,False,evaluation
S1-103860327,India,3,False,evaluation
S1-103865895,India,5,False,evaluation
S1-103866747,India,6,False,evaluation
S1-10393601,US,8,False,evaluation
S1-1039410,India,8,False,evaluation
S1-104075919,US,7,False,tuning
S1-104105804,US,7,False,tuning
S1-104112478,US,4,False,evaluation
S1-104169191,US,1,False,evaluation
S1-10423793,US,5,False,tuning
S1-104251787,US,5,False,tuning
S1-104259486,US,5,False,evaluation
S1-104311482,India,5,False,tuning
S1-104334186,US,2,False,tuning
S1-104338134,US,6,False,tuning
S1-10441549,India,1,False,evaluation
S1-104466579,India,0,True,tuning
S1-104469456,India,4,False,evaluation
S1-104498431,India,3,False,evaluation
S1-104503695,US,4,False,evaluation
S1-104526194,US,3,False,evaluation
S1-104565081,US,5,False,evaluation
S1-104670756,US,2,False,evaluation
S1-10475531,US,6,False,evaluation
S1-104817226,US,2,False,tuning
S1-104852268,US,3,False,evaluation
S1-104907381,India,3,False,evaluation
S1-104963906,India,2,False,tuning
S1-104971841,US,3,False,tuning
S1-105061671,US,4,False,tuning
S1-105107659,India,3,False,evaluation
S1-105129675,US,8,False,evaluation
S1-105136510,US,5,False,tuning
S1-105158658,India,6,False,evaluation
S1-105174691,India,2,False,tuning
S1-105174860,US,2,False,tuning
S1-105220719,US,2,False,tuning
S1-105248707,India,4,False,tuning
S1-105322253,US,3,False,evaluation
S1-105347505,India,2,False,tuning
S1-105374505,India,0,True,evaluation
S1-10543390,US,3,False,evaluation
S1-105596193,US,4,False,evaluation
S1-105680180,US,1,False,evaluation
S1-105693693,India,3,False,evaluation
S1-105706273,US,2,False,tuning
S1-10581028,US,4,False,evaluation
S1-105814158,India,4,False,tuning
S1-105814739,US,4,False,tuning
S1-105952820,India,3,False,tuning
S1-105970878,US,3,False,evaluation
S1-106064283,US,4,False,evaluation
S1-106140180,India,2,False,tuning
S1-106149521,India,4,False,evaluation
S1-106265988,India,2,False,evaluation
S1-106307455,India,2,False,evaluation
S1-106331295,India,5,False,evaluation
S1-106381971,India,4,False,evaluation
S1-106388415,India,3,False,tuning
S1-106414628,US,3,False,evaluation
S1-106441608,US,3,False,tuning
S1-106566816,US,4,False,evaluation
S1-106572729,US,2,False,tuning
S1-106582019,US,3,False,tuning
S1-106615717,US,5,False,evaluation
S1-106639763,India,1,False,evaluation
S1-106674595,US,3,False,evaluation
S1-106722625,US,3,False,tuning
S1-106859134,US,3,False,tuning
S1-106972419,US,5,False,evaluation
S1-107057900,India,5,False,tuning
S1-107084717,India,4,False,tuning
S1-107101584,US,4,False,evaluation
S1-107103971,India,2,False,evaluation
S1-107165349,India,4,False,evaluation
S1-107228406,US,5,False,evaluation
S1-107230030,India,2,False,evaluation
S1-107260082,US,0,True,evaluation
S1-107263209,US,3,False,evaluation
S1-107267161,US,5,False,tuning
S1-107268722,US,2,False,evaluation
S1-107323727,US,2,False,evaluation
S1-107342523,US,4,False,tuning
S1-107395496,US,5,False,evaluation
S1-107592982,US,2,False,tuning
S1-107643700,US,4,False,tuning
S1-107677509,US,1,False,tuning
S1-107701417,India,1,False,tuning
S1-107725570,India,5,False,tuning
S1-107727445,India,2,False,tuning
S1-107733489,India,4,False,tuning
S1-107783465,US,6,False,evaluation
S1-107804720,India,2,False,evaluation
S1-107809366,US,3,False,evaluation
S1-107812708,India,6,False,tuning
S1-107827727,India,4,False,tuning
S1-107828335,US,5,False,evaluation
S1-107893619,India,5,False,tuning
S1-107947552,India,6,False,tuning
S1-107968472,US,6,False,evaluation
S1-108034941,US,6,False,tuning
S1-108048249,India,2,False,evaluation
S1-10806513,India,8,False,tuning
S1-108161581,US,2,False,evaluation
S1-108199652,US,3,False,tuning
S1-108310505,India,3,False,tuning
S1-108318302,India,0,True,tuning
S1-108322634,India,3,False,evaluation
S1-108375570,US,3,False,tuning
S1-108446258,US,7,False,tuning
S1-108458897,US,1,False,tuning
S1-10847137,India,2,False,evaluation
S1-108480095,India,3,False,evaluation
S1-108492918,US,5,False,evaluation
S1-108550495,India,4,False,tuning
S1-108568005,US,3,False,tuning
S1-108697265,US,3,False,evaluation
S1-108742479,US,3,False,evaluation
S1-108762661,US,4,False,tuning
S1-108774454,US,5,False,evaluation
S1-108820496,India,6,False,evaluation
S1-108833808,India,6,False,tuning
S1-108923390,US,6,False,evaluation
S1-108963503,US,2,False,evaluation
S1-109014762,India,6,False,tuning
S1-109046883,US,4,False,evaluation
S1-109086102,US,4,False,evaluation
S1-109086668,US,5,False,tuning
S1-109175675,US,8,False,evaluation
S1-109219739,US,3,False,tuning
S1-109268792,US,4,False,tuning
S1-109271017,US,5,False,evaluation
S1-109274691,US,5,False,tuning
S1-109291552,US,3,False,evaluation
S1-109438788,US,6,False,evaluation
S1-10947100,US,6,False,tuning
S1-109558719,US,4,False,tuning
S1-109573596,US,3,False,evaluation
S1-109575407,US,3,False,tuning
S1-109586612,US,4,False,tuning
S1-109610823,US,3,False,evaluation
S1-109655075,US,0,True,tuning
S1-109835481,India,2,False,evaluation
S1-109900477,US,2,False,evaluation
S1-109959201,India,2,False,tuning
S1-109973451,US,1,False,evaluation
S1-110053873,India,3,False,evaluation
S1-110222779,US,3,False,evaluation
S1-110256609,US,2,False,tuning
S1-110286682,US,3,False,evaluation
S1-110385640,US,4,False,evaluation
S1-1104060,US,3,False,evaluation
S1-110421979,US,4,False,evaluation
S1-110427383,US,4,False,evaluation
S1-110491350,India,4,False,evaluation
S1-110516017,US,5,False,evaluation
S1-11071831,India,1,False,evaluation
S1-110738551,India,3,False,evaluation
S1-110801993,US,1,False,tuning
S1-11086036,US,1,False,tuning
S1-110957919,US,0,True,tuning
S1-110966896,India,6,False,evaluation
S1-110996727,US,3,False,evaluation
S1-111067354,India,3,False,evaluation
S1-111067760,India,4,False,tuning
S1-111071774,US,4,False,evaluation
S1-111187478,US,5,False,evaluation
S1-11129129,India,1,False,evaluation
S1-11131966,India,1,False,evaluation
S1-111341941,US,2,False,tuning
S1-11144284,India,6,False,tuning
S1-11147015,US,4,False,evaluation
S1-111481742,US,5,False,tuning
S1-111550541,India,3,False,evaluation
S1-11163168,India,4,False,evaluation
S1-111714691,US,4,False,evaluation
S1-111754416,US,2,False,evaluation
S1-111763015,US,0,True,evaluation
S1-111806448,US,3,False,tuning
S1-111808460,US,5,False,tuning
S1-111832340,US,2,False,evaluation
S1-111847232,India,1,False,evaluation
S1-111858719,India,2,False,evaluation
S1-111867989,India,4,False,tuning
S1-111906316,US,4,False,evaluation
S1-111919214,US,3,False,evaluation
S1-111939710,India,5,False,evaluation
S1-111990531,US,2,False,tuning
S1-112083005,India,4,False,tuning
S1-112087163,India,2,False,evaluation
S1-1121819,US,4,False,evaluation
S1-112190140,US,5,False,evaluation
S1-112200839,India,4,False,tuning
S1-112225200,US,3,False,tuning
S1-112308979,US,5,False,tuning
S1-11230917,US,2,False,evaluation
S1-112358981,India,2,False,evaluation
S1-112485790,US,2,False,tuning
S1-112664384,US,4,False,evaluation
S1-11271036,India,4,False,tuning
S1-112734505,India,6,False,evaluation
S1-112756531,US,4,False,evaluation
S1-112774656,US,5,False,tuning
S1-112887336,US,1,False,tuning
S1-112937962,US,3,False,evaluation
S1-112940258,India,0,True,tuning
S1-112972231,India,5,False,evaluation
S1-113003540,US,2,False,evaluation
S1-113017406,India,4,False,tuning
S1-113019372,India,0,True,evaluation
S1-113039939,India,3,False,evaluation
S1-113179209,US,1,False,evaluation
S1-113248781,US,3,False,evaluation
S1-113273326,US,5,False,evaluation
S1-113372938,US,4,False,evaluation
S1-113429852,US,4,False,tuning
S1-113541321,US,3,False,evaluation
S1-11358753,US,2,False,evaluation
S1-113633173,India,2,False,tuning
S1-113641491,India,4,False,evaluation
S1-1136854,US,6,False,tuning
S1-113711129,India,0,True,tuning
S1-113797773,India,6,False,tuning
S1-113800966,US,2,False,evaluation
S1-113814463,US,3,False,tuning
S1-113814688,US,5,False,evaluation
S1-113874732,India,2,False,tuning
S1-1138913,US,4,False,evaluation
S1-113892277,US,1,False,tuning
S1-113940785,US,3,False,evaluation
S1-11408993,US,4,False,tuning
S1-114095530,US,1,False,evaluation
S1-11409980,US,2,False,tuning
S1-114171383,India,1,False,evaluation
S1-114214834,India,1,False,evaluation
S1-114367380,India,4,False,tuning
S1-11441248,India,0,True,tuning
S1-114424830,India,3,False,evaluation
S1-114441854,India,2,False,tuning
S1-11447650,India,5,False,tuning
S1-114477542,India,6,False,tuning
S1-114491217,US,3,False,evaluation
S1-114499064,US,3,False,evaluation
S1-114562382,US,5,False,evaluation
S1-114580174,India,3,False,evaluation
S1-114660471,India,3,False,tuning
S1-11466714,US,3,False,evaluation
S1-114775701,India,9,False,evaluation
S1-114789378,US,4,False,evaluation
S1-114824266,US,2,False,tuning
S1-114848576,US,0,True,tuning
S1-114882653,India,0,True,tuning
S1-114888430,US,6,False,tuning
S1-115027398,US,2,False,tuning
S1-115051998,US,3,False,evaluation
S1-115137228,US,5,False,tuning
S1-115173411,India,8,False,evaluation
S1-115260383,US,4,False,tuning
S1-115312651,India,5,False,evaluation
S1-115367003,US,0,True,evaluation
S1-115374501,India,4,False,tuning
S1-115406581,US,5,False,evaluation
S1-115456387,India,2,False,evaluation
S1-115524270,US,3,False,evaluation
S1-115529672,India,5,False,tuning
S1-115529792,US,5,False,evaluation
S1-115596656,US,4,False,evaluation
S1-11560550,US,6,False,tuning
S1-115660046,India,7,False,tuning
S1-11567773,US,3,False,evaluation
S1-11573842,US,6,False,evaluation
S1-115738932,India,3,False,evaluation
S1-115790113,US,1,False,evaluation
S1-115800390,US,1,False,evaluation
S1-115944664,India,3,False,evaluation
S1-115967019,India,3,False,evaluation
S1-116035930,India,0,True,tuning
S1-1160547,US,5,False,tuning
S1-116055552,India,4,False,evaluation
S1-116070234,India,1,False,evaluation
S1-116121858,India,2,False,evaluation
S1-116182582,India,5,False,evaluation
S1-116201487,India,3,False,evaluation
S1-116318738,US,2,False,evaluation
S1-116336169,US,4,False,evaluation
S1-116338024,India,6,False,evaluation
S1-116416996,India,3,False,evaluation
S1-116426773,US,4,False,evaluation
S1-116440508,India,2,False,tuning
S1-11647178,US,0,True,evaluation
S1-116540935,US,4,False,evaluation
S1-11657627,India,3,False,tuning
S1-116713941,India,1,False,tuning
S1-116717438,US,3,False,evaluation
S1-116719260,US,5,False,evaluation
S1-116753778,US,3,False,tuning
S1-116778990,US,4,False,evaluation
S1-116810630,India,3,False,tuning
S1-116813335,India,6,False,tuning
S1-116823227,US,3,False,evaluation
S1-116824739,US,5,False,evaluation
S1-116916472,US,4,False,evaluation
S1-117068636,US,3,False,evaluation
S1-117114201,India,3,False,evaluation
S1-117166932,US,1,False,evaluation
S1-117184918,US,3,False,tuning
S1-117187018,India,4,False,tuning
S1-117279518,US,2,False,evaluation
S1-117372299,US,5,False,evaluation
S1-117416889,US,4,False,tuning
S1-117473648,India,4,False,tuning
S1-117486000,US,3,False,evaluation
S1-11748658,US,2,False,tuning
S1-117503357,US,4,False,evaluation
S1-117620080,India,8,False,evaluation
S1-117760231,US,4,False,tuning
S1-117830894,India,3,False,tuning
S1-117979168,US,3,False,evaluation
S1-118076269,India,3,False,tuning
S1-118081889,US,4,False,evaluation
S1-118116445,US,1,False,tuning
S1-118155765,US,2,False,tuning
S1-118188739,US,1,False,tuning
S1-118320274,India,3,False,tuning
S1-118379915,US,2,False,evaluation
S1-118455744,India,3,False,evaluation
S1-118461003,US,2,False,evaluation
S1-118466373,US,5,False,evaluation
S1-118592568,US,3,False,evaluation
S1-1186347,India,2,False,tuning
S1-118656342,US,3,False,evaluation
S1-118678928,India,2,False,tuning
S1-118699969,India,4,False,evaluation
S1-118767478,US,5,False,tuning
S1-118779022,US,4,False,evaluation
S1-118782634,India,3,False,evaluation
S1-118811733,India,5,False,tuning
S1-118824838,US,6,False,tuning
S1-118915151,US,3,False,tuning
S1-118919548,India,3,False,evaluation
S1-118939126,US,5,False,tuning
S1-118967002,India,3,False,tuning
S1-119044157,India,4,False,tuning
S1-119065860,US,6,False,evaluation
S1-119075904,US,6,False,tuning
S1-119089553,US,8,False,evaluation
S1-119126876,US,4,False,evaluation
S1-119147338,US,2,False,evaluation
S1-119195797,US,3,False,tuning
S1-119289942,US,4,False,tuning
S1-119341566,India,1,False,evaluation
S1-119348595,US,2,False,evaluation
S1-11941272,US,4,False,tuning
S1-119429474,India,2,False,tuning
S1-119453975,US,4,False,evaluation
S1-119485459,US,6,False,evaluation
S1-119490075,US,4,False,evaluation
S1-119551688,India,3,False,tuning
S1-119566426,India,8,False,tuning
S1-119571930,US,5,False,tuning
S1-119573802,US,3,False,evaluation
S1-119619962,US,5,False,tuning
S1-119629265,US,5,False,tuning
S1-119736262,US,5,False,evaluation
S1-119799171,US,5,False,tuning
S1-119976614,India,0,True,evaluation
S1-119980519,India,1,False,tuning
S1-120054560,India,5,False,evaluation
S1-120113863,US,2,False,tuning
S1-120145516,US,2,False,evaluation
S1-120168052,India,6,False,evaluation
S1-120189922,US,5,False,evaluation
S1-120206988,US,5,False,evaluation
S1-120216304,India,4,False,tuning
S1-120274203,US,1,False,evaluation
S1-120306853,US,3,False,tuning
S1-120372614,US,5,False,tuning
S1-120426195,India,4,False,tuning
S1-120468175,US,4,False,evaluation
S1-120496469,US,3,False,evaluation
S1-120502211,India,4,False,evaluation
S1-120591499,US,5,False,evaluation
S1-12072183,US,5,False,tuning
S1-120744581,US,2,False,evaluation
S1-120855723,US,2,False,evaluation
S1-120873337,India,6,False,tuning
S1-12087477,US,4,False,tuning
S1-120876264,US,3,False,tuning
S1-120888180,India,5,False,evaluation
S1-120939168,US,3,False,tuning
S1-120954828,India,2,False,tuning
S1-120967514,India,5,False,tuning
S1-120991979,US,3,False,tuning
S1-121010724,US,3,False,tuning
S1-121040851,India,4,False,evaluation
S1-121078785,US,3,False,evaluation
S1-121111402,US,5,False,evaluation
S1-121136434,India,0,True,evaluation
S1-121173902,US,4,False,tuning
S1-121233096,India,0,True,tuning
S1-121250809,India,3,False,evaluation
S1-121348720,India,4,False,evaluation
S1-1213972,US,7,False,tuning
S1-121427173,US,3,False,evaluation
S1-121427317,US,2,False,tuning
S1-12147142,India,5,False,tuning
S1-121489583,US,2,False,tuning
S1-121543931,US,5,False,tuning
S1-121653799,US,5,False,tuning
S1-121689633,India,3,False,tuning
S1-121693037,India,0,True,evaluation
S1-121815195,India,4,False,evaluation
S1-121864845,India,3,False,evaluation
S1-121902114,US,3,False,tuning
S1-121946202,US,4,False,evaluation
S1-121961317,India,4,False,tuning
S1-121987460,India,7,False,tuning
S1-121987461,India,5,False,evaluation
S1-122060873,US,3,False,tuning
S1-122060944,US,4,False,tuning
S1-122094593,US,3,False,evaluation
S1-122219235,US,6,False,tuning
S1-122221919,US,2,False,evaluation
S1-122269035,India,2,False,tuning
S1-122332720,US,2,False,evaluation
S1-12236719,US,0,True,evaluation
S1-122412567,US,4,False,tuning
S1-122592013,India,2,False,tuning
S1-122648328,US,5,False,evaluation
S1-122714678,US,5,False,evaluation
S1-12281168,US,4,False,evaluation
S1-122836813,US,1,False,evaluation
S1-122900905,US,4,False,evaluation
S1-122931137,US,2,False,tuning
S1-123083667,US,3,False,tuning
S1-123115234,US,4,False,tuning
S1-123157668,India,6,False,tuning
S1-123248016,India,2,False,evaluation
S1-123277724,India,4,False,evaluation
S1-123352845,US,2,False,evaluation
S1-123393840,India,3,False,evaluation
S1-123399583,US,4,False,tuning
S1-12347782,US,5,False,tuning
S1-123566775,India,0,True,tuning
S1-123595016,India,2,False,evaluation
S1-123615544,India,4,False,evaluation
S1-123627862,US,5,False,evaluation
S1-123689878,India,3,False,evaluation
S1-123722603,US,3,False,evaluation
S1-123729544,US,3,False,evaluation
S1-123769303,US,3,False,evaluation
S1-123806762,US,6,False,evaluation
S1-123822415,US,5,False,evaluation
S1-123862687,US,4,False,evaluation
S1-123874134,US,4,False,tuning
S1-12390139,US,3,False,evaluation
S1-123977507,India,6,False,tuning
S1-123987228,US,5,False,tuning
S1-123993030,US,2,False,tuning
S1-124011975,India,5,False,tuning
S1-124049535,US,3,False,evaluation
S1-124238265,India,4,False,tuning
S1-12442393,US,2,False,evaluation
S1-124447387,US,3,False,evaluation
S1-124462211,US,3,False,evaluation
S1-124466249,US,4,False,evaluation
S1-124469500,US,3,False,evaluation
S1-124541245,US,8,False,evaluation
S1-124555944,US,6,False,tuning
S1-124591945,India,4,False,evaluation
S1-124606654,US,2,False,tuning
S1-12471270,India,5,False,tuning
S1-124718633,India,4,False,evaluation
S1-12475140,US,2,False,evaluation
S1-124848861,US,4,False,evaluation
S1-124849120,India,3,False,tuning
S1-124858200,India,2,False,evaluation
S1-124886204,US,4,False,evaluation
S1-124922265,US,4,False,evaluation
S1-125020804,US,4,False,tuning
S1-125021562,India,5,False,tuning
S1-125058134,US,8,False,evaluation
S1-125085060,US,6,False,evaluation
S1-1251300,US,2,False,evaluation
S1-125168942,US,1,False,evaluation
S1-125269433,US,7,False,evaluation
S1-125334657,US,3,False,evaluation
S1-12533557,US,4,False,evaluation
S1-12550296,US,4,False,evaluation
S1-12557876,India,6,False,evaluation
S1-125593848,India,2,False,evaluation
S1-12560856,US,5,False,tuning
S1-125626144,US,2,False,tuning
S1-125714390,India,3,False,evaluation
S1-125716304,US,6,False,evaluation
S1-125905322,US,7,False,evaluation
S1-125953774,India,2,False,evaluation
S1-125958498,US,2,False,evaluation
S1-125959051,US,4,False,evaluation
S1-12597683,US,6,False,evaluation
S1-125978302,India,3,False,tuning
S1-126030993,India,2,False,evaluation
S1-126157668,India,2,False,evaluation
S1-12615942,US,3,False,tuning
S1-126218370,India,5,False,evaluation
S1-126275736,US,5,False,evaluation
S1-126336869,India,4,False,tuning
S1-126375756,India,4,False,tuning
S1-126378530,US,3,False,tuning
S1-126417512,US,3,False,tuning
S1-126570986,US,2,False,evaluation
S1-126572546,US,2,False,tuning
S1-12660886,India,4,False,evaluation
S1-126737490,US,2,False,evaluation
S1-126889069,US,4,False,evaluation
S1-127018692,India,4,False,tuning
S1-12707975,India,3,False,tuning
S1-127140834,US,3,False,tuning
S1-127346468,India,4,False,evaluation
S1-127348526,US,2,False,evaluation
S1-127394308,India,6,False,evaluation
S1-127397986,India,1,False,evaluation
S1-127430008,India,3,False,evaluation
S1-127464628,India,3,False,evaluation
S1-127492332,India,2,False,evaluation
S1-127503537,US,3,False,tuning
S1-127529460,US,5,False,evaluation
S1-127680106,US,3,False,evaluation
S1-127731945,US,3,False,evaluation
S1-127753174,US,3,False,tuning
S1-12777282,US,2,False,evaluation
S1-127921582,India,7,False,evaluation
S1-12794395,US,4,False,tuning
S1-12796932,India,2,False,evaluation
S1-127983708,US,3,False,evaluation
S1-128066518,US,4,False,tuning
S1-128099550,US,3,False,tuning
S1-128163417,India,6,False,tuning
S1-12821161,India,2,False,evaluation
S1-128221878,US,4,False,evaluation
S1-128260204,India,0,True,evaluation
S1-128261022,US,1,False,tuning
S1-128267732,US,2,False,tuning
S1-128353747,US,6,False,tuning
S1-128423231,India,4,False,evaluation
S1-1284342,US,3,False,evaluation
S1-12843884,US,6,False,evaluation
S1-128511047,US,3,False,evaluation
S1-128533066,US,6,False,evaluation
S1-128585666,US,5,False,evaluation
S1-128690116,US,5,False,evaluation
S1-128798316,India,3,False,evaluation
S1-128833448,India,1,False,tuning
S1-12883601,US,3,False,tuning
S1-128849092,US,4,False,evaluation
S1-128858358,India,6,False,evaluation
S1-128916281,US,6,False,evaluation
S1-128959270,US,2,False,evaluation
S1-128987176,US,3,False,evaluation
S1-129007315,India,2,False,evaluation
S1-129047127,India,4,False,tuning
S1-129114483,US,7,False,tuning
S1-129117268,India,4,False,tuning
S1-129193081,India,5,False,evaluation
S1-129203514,India,5,False,evaluation
S1-129251060,US,3,False,tuning
S1-129355048,India,3,False,evaluation
S1-129401598,India,3,False,evaluation
S1-129461138,India,4,False,tuning
S1-129514644,India,3,False,evaluation
S1-129568209,India,3,False,evaluation
S1-129603825,US,4,False,evaluation
S1-129672444,India,4,False,evaluation
S1-129702059,US,2,False,evaluation
S1-12972853,US,2,False,tuning
S1-129763114,India,6,False,evaluation
S1-129830922,India,1,False,tuning
S1-129835259,US,1,False,evaluation
S1-129960510,US,3,False,tuning
S1-129992396,India,1,False,evaluation
S1-130060202,US,4,False,evaluation
S1-13018589,US,5,False,tuning
S1-130224322,India,3,False,tuning
S1-130240370,India,3,False,evaluation
S1-130260765,India,4,False,evaluation
S1-130312518,India,3,False,tuning
S1-130315938,US,3,False,evaluation
S1-130346845,India,6,False,tuning
S1-130363157,US,6,False,evaluation
S1-130373862,US,3,False,evaluation
S1-130401377,US,0,True,evaluation
S1-130456192,US,3,False,evaluation
S1-130504670,India,7,False,evaluation
S1-130523811,India,3,False,evaluation
S1-130536784,India,5,False,evaluation
S1-130579714,US,5,False,tuning
S1-130691263,US,1,False,tuning
S1-130703692,US,1,False,tuning
S1-130717217,US,4,False,evaluation
S1-130795020,US,4,False,tuning
S1-130817423,US,5,False,evaluation
S1-130997941,US,4,False,tuning
S1-131166957,US,5,False,evaluation
S1-13128280,India,2,False,evaluation
S1-131294783,India,4,False,evaluation
S1-131331284,US,3,False,evaluation
S1-131366357,US,5,False,tuning
S1-131382228,India,4,False,evaluation
S1-131418968,US,4,False,evaluation
S1-131453280,India,2,False,evaluation
S1-131548930,US,3,False,tuning
S1-131557906,US,3,False,evaluation
S1-131592791,India,4,False,tuning
S1-131652934,US,2,False,evaluation
S1-131716711,India,3,False,evaluation
S1-131745165,US,3,False,evaluation
S1-131796031,US,2,False,tuning
S1-131848260,US,3,False,evaluation
S1-131851649,India,2,False,evaluation
S1-131873277,US,2,False,evaluation
S1-131884114,India,5,False,evaluation
S1-131908816,India,1,False,tuning
S1-132022204,India,0,True,evaluation
S1-132047032,US,2,False,tuning
S1-132063137,US,0,True,evaluation
S1-132123833,US,3,False,tuning
S1-132134168,India,7,False,tuning
S1-132145261,US,3,False,evaluation
S1-132225640,US,4,False,evaluation
S1-132296307,US,1,False,tuning
S1-132364004,India,1,False,tuning
S1-132371255,India,3,False,evaluation
S1-132379121,India,4,False,evaluation
S1-132401365,US,2,False,evaluation
S1-132453424,India,7,False,evaluation
S1-132488068,US,3,False,tuning
S1-132509822,US,2,False,evaluation
S1-132547250,US,3,False,evaluation
S1-132627794,US,3,False,evaluation
S1-132651385,US,3,False,evaluation
S1-132671667,US,4,False,tuning
S1-132749307,US,6,False,evaluation
S1-132826319,India,2,False,tuning
S1-132856257,US,0,True,evaluation
S1-132903748,India,4,False,evaluation
S1-132948308,US,3,False,evaluation
S1-132960618,US,7,False,tuning
S1-132973482,India,4,False,tuning
S1-133007819,India,2,False,tuning
S1-13301149,US,5,False,tuning
S1-13321112,US,4,False,evaluation
S1-133299541,US,4,False,evaluation
S1-133379472,India,2,False,evaluation
S1-133393528,US,2,False,tuning
S1-133398426,US,4,False,tuning
S1-13340043,US,3,False,tuning
S1-133443070,US,3,False,tuning
S1-133577138,US,2,False,evaluation
S1-133609565,India,5,False,evaluation
S1-133637202,US,0,True,tuning
S1-133684591,US,4,False,tuning
S1-133761304,US,7,False,evaluation
S1-133806026,India,0,True,evaluation
S1-133856338,US,6,False,tuning
S1-133860507,US,4,False,tuning
S1-133898544,US,0,True,evaluation
S1-133932625,US,0,True,tuning
S1-133966016,India,2,False,tuning
S1-134137835,India,4,False,evaluation
S1-13413893,US,7,False,evaluation
S1-13419309,India,1,False,evaluation
S1-134218892,India,4,False,evaluation
S1-134230647,India,5,False,tuning
S1-134346683,India,9,False,tuning
S1-134421096,India,3,False,tuning
S1-134459001,US,4,False,tuning
S1-13446417,US,4,False,evaluation
S1-134474193,India,6,False,tuning
S1-134486028,India,3,False,tuning
S1-134513839,US,3,False,evaluation
S1-134521508,India,0,True,tuning
S1-13453329,US,3,False,evaluation
S1-134542591,US,4,False,evaluation
S1-134565418,US,4,False,evaluation
S1-134571725,India,3,False,evaluation
S1-134611132,India,3,False,evaluation
S1-13492488,US,5,False,evaluation
S1-134935361,US,5,False,evaluation
S1-134937292,US,4,False,tuning
S1-135050532,US,5,False,evaluation
S1-135192535,US,3,False,evaluation
S1-135209595,US,4,False,evaluation
S1-135269170,India,5,False,evaluation
S1-135404368,India,2,False,evaluation
S1-135418834,India,2,False,tuning
S1-135432464,US,4,False,evaluation
S1-135436921,India,2,False,evaluation
S1-135540560,US,5,False,evaluation
S1-135590479,India,2,False,evaluation
S1-135600503,US,2,False,evaluation
S1-135624216,US,8,False,tuning
S1-135742219,India,5,False,tuning
S1-135797092,India,5,False,tuning
S1-135806096,US,3,False,evaluation
S1-135811431,India,3,False,evaluation
S1-135839113,US,4,False,tuning
S1-135859550,US,1,False,tuning
S1-135899320,US,6,False,tuning
S1-136003922,India,4,False,tuning
S1-136055024,US,3,False,tuning
S1-136076111,US,4,False,evaluation
S1-13615769,US,1,False,tuning
S1-136158078,US,5,False,evaluation
S1-136334064,India,2,False,tuning
S1-136334855,US,2,False,evaluation
S1-136361213,US,1,False,tuning
S1-136397189,US,2,False,evaluation
S1-136484273,US,7,False,evaluation
S1-136515283,India,7,False,evaluation
S1-136545628,US,6,False,evaluation
S1-136551760,India,2,False,evaluation
S1-136628366,US,3,False,tuning
S1-136629101,US,6,False,evaluation
S1-136644351,US,3,False,tuning
S1-136670163,US,3,False,tuning
S1-136698692,US,4,False,evaluation
S1-136738509,India,2,False,evaluation
S1-136741508,US,3,False,evaluation
S1-136749153,US,5,False,tuning
S1-13675836,US,4,False,evaluation
S1-136791771,India,6,False,evaluation
S1-136844754,India,2,False,evaluation
S1-136861004,US,1,False,evaluation
S1-136967220,India,2,False,evaluation
S1-137022571,India,1,False,tuning
S1-137059749,India,4,False,evaluation
S1-137109332,India,4,False,evaluation
S1-13711,India,4,False,evaluation
S1-137128344,India,2,False,tuning
S1-137170334,US,5,False,tuning
S1-137196618,US,1,False,tuning
S1-137391517,US,5,False,tuning
S1-137394748,India,3,False,tuning
S1-137489211,US,3,False,evaluation
S1-137544481,India,1,False,tuning
S1-137600444,US,4,False,tuning
S1-137632337,India,3,False,evaluation
S1-137648140,US,3,False,evaluation
S1-137677994,US,4,False,evaluation
S1-137728955,India,1,False,tuning
S1-137754019,US,2,False,tuning
S1-13776271,US,3,False,evaluation
S1-137833280,India,3,False,tuning
S1-137836469,India,4,False,evaluation
S1-137912811,India,4,False,evaluation
S1-137975760,US,3,False,tuning
S1-137982863,US,1,False,tuning
S1-137991885,US,2,False,evaluation
S1-138001141,US,3,False,tuning
S1-138090692,US,0,True,tuning
S1-13816066,India,0,True,tuning
S1-138166467,India,6,False,evaluation
S1-138191974,US,4,False,evaluation
S1-138225597,US,3,False,tuning
S1-138319261,India,3,False,evaluation
S1-138473520,India,4,False,tuning
S1-138521513,India,3,False,evaluation
S1-13854658,India,5,False,evaluation
S1-138624402,US,2,False,evaluation
S1-138640918,US,3,False,evaluation
S1-138683537,US,8,False,tuning
S1-138684503,US,5,False,evaluation
S1-138688101,India,5,False,evaluation
S1-138702601,US,1,False,evaluation
S1-138854050,US,4,False,tuning
S1-138933943,US,2,False,tuning
S1-138989999,US,3,False,tuning
S1-138995180,US,3,False,evaluation
S1-139013032,US,1,False,tuning
S1-139027010,US,4,False,evaluation
S1-139073397,US,7,False,tuning
S1-139147940,US,6,False,tuning
S1-13920621,US,4,False,evaluation
S1-139282143,US,3,False,evaluation
S1-139297477,India,2,False,evaluation
S1-139310340,India,5,False,tuning
S1-139346384,US,5,False,evaluation
S1-139569604,US,3,False,tuning
S1-139573199,US,4,False,tuning
S1-139675078,India,5,False,tuning
S1-139757566,US,4,False,evaluation
S1-139843197,US,0,True,evaluation
S1-139924977,US,2,False,tuning
S1-139931698,US,4,False,tuning
S1-13993829,US,5,False,evaluation
S1-139971133,India,5,False,tuning
S1-140007976,India,5,False,evaluation
S1-140027540,US,2,False,tuning
S1-140038789,US,2,False,tuning
S1-140055404,India,3,False,evaluation
S1-140206153,India,6,False,evaluation
S1-140273882,US,2,False,evaluation
S1-140307222,India,4,False,tuning
S1-140399179,US,2,False,evaluation
S1-14043082,India,2,False,evaluation
S1-140452468,US,6,False,evaluation
S1-140513366,India,6,False,evaluation
S1-140586777,US,2,False,evaluation
S1-140588616,US,8,False,tuning
S1-140592945,US,1,False,evaluation
S1-140642980,India,4,False,tuning
S1-140661221,US,2,False,evaluation
S1-140712996,US,3,False,evaluation
S1-140786596,US,3,False,tuning
S1-140827440,India,5,False,evaluation
S1-14088765,India,3,False,evaluation
S1-140923650,US,2,False,evaluation
S1-140950844,India,1,False,tuning
S1-14098555,US,6,False,evaluation
S1-141018137,India,2,False,evaluation
S1-141130949,India,0,True,evaluation
S1-141178272,US,3,False,tuning
S1-141200697,US,3,False,evaluation
S1-141214497,US,5,False,evaluation
S1-141335508,US,4,False,tuning
S1-141341557,US,5,False,tuning
S1-141365477,US,4,False,evaluation
S1-141407843,US,3,False,tuning
S1-141417669,India,5,False,evaluation
S1-141433855,US,3,False,evaluation
S1-141475199,US,3,False,evaluation
S1-141567930,India,2,False,tuning
S1-141621886,US,4,False,tuning
S1-141710729,India,5,False,tuning
S1-141712683,US,4,False,evaluation
S1-141771534,US,2,False,tuning
S1-141793909,US,3,False,evaluation
S1-141821726,US,2,False,evaluation
S1-14183136,US,3,False,tuning
S1-141874454,India,4,False,evaluation
S1-141882526,US,3,False,evaluation
S1-141890928,India,2,False,evaluation
S1-142044716,US,4,False,evaluation
S1-142052014,US,3,False,evaluation
S1-142083127,US,3,False,tuning
S1-142160009,US,0,True,tuning
S1-142239285,US,4,False,evaluation
S1-142307049,US,2,False,tuning
S1-142339727,India,5,False,evaluation
S1-142371522,India,3,False,evaluation
S1-142476025,US,7,False,evaluation
S1-142514038,India,6,False,tuning
S1-142627313,India,2,False,evaluation
S1-142634471,US,3,False,tuning
S1-142674059,US,6,False,evaluation
S1-142715036,US,5,False,tuning
S1-142735144,US,7,False,evaluation
S1-14274743,US,2,False,tuning
S1-142769648,US,3,False,evaluation
S1-142862040,US,5,False,tuning
S1-143018597,US,5,False,evaluation
S1-143040308,US,6,False,tuning
S1-143065321,US,2,False,evaluation
S1-143268146,US,6,False,evaluation
S1-143403497,US,2,False,evaluation
S1-143602754,India,1,False,evaluation
S1-14362244,India,3,False,evaluation
S1-143640110,US,2,False,evaluation
S1-143721391,US,0,True,tuning
S1-143815498,US,5,False,evaluation
S1-143834598,India,8,False,tuning
S1-143854427,India,4,False,tuning
S1-14387461,India,1,False,evaluation
S1-143902480,India,5,False,evaluation
S1-143958303,India,0,True,tuning
S1-143960714,US,2,False,evaluation
S1-144131066,US,3,False,tuning
S1-144289849,India,5,False,evaluation
S1-144309050,India,2,False,tuning
S1-144357530,India,3,False,evaluation
S1-144429736,India,2,False,evaluation
S1-144554832,US,5,False,evaluation
S1-144602673,US,4,False,evaluation
S1-144608284,India,4,False,evaluation
S1-144622048,US,2,False,evaluation
S1-144625217,US,3,False,tuning
S1-144692554,US,2,False,evaluation
S1-144708148,India,4,False,tuning
S1-144720956,US,5,False,evaluation
S1-144726199,India,0,True,tuning
S1-144816753,India,5,False,evaluation
S1-144827249,India,6,False,evaluation
S1-144965676,India,4,False,evaluation
S1-145090661,US,5,False,evaluation
S1-145192696,US,5,False,evaluation
S1-145289714,India,1,False,evaluation
S1-145330937,US,2,False,tuning
S1-145413856,US,2,False,evaluation
S1-1454728,US,3,False,evaluation
S1-145537872,US,2,False,evaluation
S1-145550109,India,6,False,evaluation
S1-145566809,US,4,False,evaluation
S1-145578595,India,4,False,tuning
S1-145636598,India,5,False,evaluation
S1-145657327,US,4,False,evaluation
S1-145669525,US,4,False,tuning
S1-145684515,US,0,True,tuning
S1-145718976,US,1,False,tuning
S1-145819027,India,3,False,tuning
S1-145842173,US,0,True,evaluation
S1-145991779,US,3,False,evaluation
S1-146061404,India,3,False,tuning
S1-146136052,US,0,True,evaluation
S1-146172389,US,1,False,evaluation
S1-146177714,US,3,False,tuning
S1-146210677,US,4,False,tuning
S1-146282332,India,5,False,evaluation
S1-146325072,India,2,False,tuning
S1-146366503,US,6,False,tuning
S1-146388446,US,0,True,tuning
S1-146511344,US,3,False,evaluation
S1-146584355,India,3,False,evaluation
S1-146611329,US,5,False,evaluation
S1-146762459,US,3,False,evaluation
S1-146818387,India,4,False,evaluation
S1-146834065,US,3,False,evaluation
S1-146998240,US,3,False,evaluation
S1-147019100,India,5,False,evaluation
S1-147121636,US,1,False,tuning
S1-147128912,US,1,False,tuning
S1-147145114,India,4,False,evaluation
S1-147164663,India,3,False,tuning
S1-147176772,US,2,False,tuning
S1-147231057,US,3,False,evaluation
S1-147262005,US,3,False,tuning
S1-147300169,India,4,False,evaluation
S1-14732419,US,3,False,tuning
S1-1473334,India,4,False,evaluation
S1-147334768,US,1,False,tuning
S1-14738663,US,3,False,tuning
S1-147404017,US,2,False,tuning
S1-14746817,India,5,False,tuning
S1-147483575,India,2,False,tuning
S1-147493974,US,0,True,tuning
S1-147497975,US,3,False,evaluation
S1-147511920,US,2,False,evaluation
S1-147639201,India,2,False,evaluation
S1-147656824,US,3,False,evaluation
S1-147764885,India,5,False,tuning
S1-147784198,US,3,False,evaluation
S1-147823456,US,6,False,evaluation
S1-147833627,US,2,False,tuning
S1-147861656,India,5,False,tuning
S1-148018367,India,2,False,tuning
S1-148031977,US,4,False,evaluation
S1-148082071,US,3,False,tuning
S1-148095769,India,4,False,tuning
S1-148208019,US,5,False,evaluation
S1-148258708,US,4,False,evaluation
S1-148321475,US,3,False,evaluation
S1-148366829,US,4,False,evaluation
S1-148373715,US,4,False,tuning
S1-148376520,US,0,True,evaluation
S1-148465709,US,4,False,tuning
S1-148509444,US,3,False,tuning
S1-148542753,India,7,False,evaluation
S1-148566430,US,6,False,evaluation
S1-148656478,US,3,False,tuning
S1-148677552,US,5,False,tuning
S1-148700195,US,2,False,evaluation
S1-148743364,India,2,False,evaluation
S1-148816814,US,2,False,tuning
S1-148825879,US,0,True,evaluation
S1-148845144,India,3,False,evaluation
S1-148851007,US,2,False,tuning
S1-148919441,US,0,True,evaluation
S1-14893294,US,4,False,tuning
S1-148998175,US,4,False,evaluation
S1-149163567,India,3,False,tuning
S1-149337031,India,7,False,evaluation
S1-14937421,US,1,False,tuning
S1-149388406,US,6,False,evaluation
S1-149411251,India,4,False,evaluation
S1-14945780,US,8,False,evaluation
S1-149465738,India,3,False,evaluation
S1-149487234,India,1,False,evaluation
S1-149535011,US,6,False,tuning
S1-149567595,US,5,False,evaluation
S1-149625640,US,3,False,tuning
S1-149630532,India,5,False,tuning
S1-149660638,US,3,False,tuning
S1-149693573,US,3,False,tuning
S1-149699415,US,3,False,evaluation
S1-149762434,US,3,False,evaluation
S1-149793766,India,4,False,tuning
S1-14983336,India,4,False,tuning
S1-149835528,US,3,False,evaluation
S1-149933212,India,5,False,evaluation
S1-150168984,India,3,False,evaluation
S1-150186325,India,3,False,evaluation
S1-150197461,US,4,False,evaluation
S1-150214300,US,3,False,evaluation
S1-150257332,India,6,False,evaluation
S1-150276887,US,3,False,tuning
S1-15032197,India,6,False,tuning
S1-150327710,US,3,False,evaluation
S1-150389512,US,4,False,tuning
S1-150422149,India,6,False,evaluation
S1-150446399,US,4,False,evaluation
S1-150470417,US,4,False,evaluation
S1-150504118,US,4,False,evaluation
S1-150510765,US,2,False,evaluation
S1-150544217,US,5,False,evaluation
S1-150568701,India,6,False,evaluation
S1-150625824,US,3,False,evaluation
S1-150651852,US,5,False,tuning
S1-150655771,US,3,False,tuning
S1-150715927,US,5,False,evaluation
S1-150717484,India,3,False,tuning
S1-150819262,US,6,False,tuning
S1-150950788,India,0,True,evaluation
S1-150954299,US,4,False,evaluation
S1-150960601,India,2,False,tuning
S1-15101956,India,3,False,tuning
S1-151100996,US,4,False,tuning
S1-151253848,US,6,False,tuning
S1-151261541,US,3,False,evaluation
S1-151537415,US,3,False,evaluation
S1-151598805,US,3,False,tuning
S1-151620629,US,7,False,evaluation
S1-151748140,India,3,False,evaluation
S1-151851491,US,4,False,evaluation
S1-151863502,US,4,False,tuning
S1-151909539,India,3,False,evaluation
S1-151942171,India,4,False,evaluation
S1-15197296,India,6,False,evaluation
S1-152004420,US,4,False,tuning
S1-152236593,US,4,False,tuning
S1-152285662,India,5,False,evaluation
S1-152292646,India,0,True,tuning
S1-152302432,India,3,False,evaluation
S1-152335235,US,5,False,evaluation
S1-152427542,US,4,False,evaluation
S1-152445876,US,4,False,evaluation
S1-15254424,India,3,False,evaluation
S1-152580274,India,4,False,tuning
S1-152595174,US,4,False,tuning
S1-152618627,India,2,False,tuning
S1-152709472,US,4,False,tuning
S1-152807343,India,5,False,evaluation
S1-152825038,US,4,False,evaluation
S1-152861850,US,6,False,evaluation
S1-152862430,US,2,False,tuning
S1-152894375,India,6,False,tuning
S1-153110466,US,2,False,evaluation
S1-15324510,India,4,False,evaluation
S1-153246867,US,5,False,evaluation
S1-153295056,US,1,False,tuning
S1-153318566,US,0,True,tuning
S1-153331364,US,4,False,tuning
S1-15333575,India,7,False,evaluation
S1-153353995,US,4,False,evaluation
S1-15344178,India,6,False,evaluation
S1-153444084,US,2,False,evaluation
S1-153525811,US,1,False,evaluation
S1-15355341,India,4,False,tuning
S1-153563263,US,5,False,tuning
S1-153651439,US,0,True,evaluation
S1-153755890,US,4,False,tuning
S1-153794133,India,4,False,tuning
S1-153981855,US,3,False,evaluation
S1-15412848,US,1,False,evaluation
S1-154163875,US,4,False,tuning
S1-154180815,US,4,False,tuning
S1-154200092,India,3,False,tuning
S1-154257566,India,0,True,tuning
S1-154389957,US,4,False,tuning
S1-154505058,India,2,False,tuning
S1-154619068,US,2,False,tuning
S1-154620666,US,3,False,tuning
S1-15465588,US,4,False,tuning
S1-154656889,US,1,False,tuning
S1-154667224,US,2,False,evaluation
S1-154744337,US,3,False,evaluation
S1-154805470,US,5,False,evaluation
S1-15482490,US,5,False,tuning
S1-154864854,India,2,False,tuning
S1-154868493,US,6,False,tuning
S1-154930963,US,1,False,evaluation
S1-154942930,India,2,False,evaluation
S1-154964281,India,0,True,evaluation
S1-154967505,US,0,True,tuning
S1-155047282,US,2,False,tuning
S1-155118338,US,2,False,evaluation
S1-15524737,US,3,False,tuning
S1-155285797,US,4,False,tuning
S1-155285886,India,4,False,tuning
S1-155299410,India,6,False,evaluation
S1-155308910,India,2,False,tuning
S1-155358221,India,4,False,evaluation
S1-155362470,US,1,False,evaluation
S1-155407235,US,3,False,tuning
S1-15557272,US,7,False,evaluation
S1-155593495,US,1,False,tuning
S1-155646345,India,3,False,tuning
S1-15574271,India,2,False,evaluation
S1-155744811,US,3,False,tuning
S1-155779800,US,3,False,evaluation
S1-155809965,US,3,False,tuning
S1-155841686,India,3,False,tuning
S1-155899022,India,4,False,evaluation
S1-155923115,India,0,True,tuning
S1-156005593,US,1,False,evaluation
S1-156006472,US,1,False,tuning
S1-156048326,US,6,False,evaluation
S1-156101316,US,7,False,evaluation
S1-15623480,US,2,False,evaluation
S1-156255621,US,3,False,tuning
S1-156278443,US,3,False,tuning
S1-156303768,US,3,False,tuning
S1-156322386,US,1,False,evaluation
S1-156329807,US,4,False,evaluation
S1-156358257,US,5,False,evaluation
S1-15638229,US,5,False,tuning
S1-156428994,India,5,False,tuning
S1-156465025,US,4,False,evaluation
S1-156557617,US,3,False,evaluation
S1-156571612,US,6,False,evaluation
S1-156641089,US,3,False,evaluation
S1-156691267,India,4,False,evaluation
S1-156710582,India,4,False,evaluation
S1-156774399,India,2,False,evaluation
S1-156829065,US,3,False,evaluation
S1-156832301,India,4,False,evaluation
S1-156867846,India,3,False,tuning
S1-156912251,US,4,False,tuning
S1-156914135,US,7,False,tuning
S1-156921613,US,3,False,evaluation
S1-156951094,India,1,False,evaluation
S1-157002207,US,1,False,evaluation
S1-157002263,India,5,False,tuning
S1-157063544,US,2,False,evaluation
S1-157094650,US,1,False,tuning
S1-157332116,US,5,False,tuning
S1-157377678,India,2,False,tuning
S1-157432210,US,5,False,evaluation
S1-157494135,US,4,False,tuning
S1-157512419,US,4,False,evaluation
S1-157525185,US,3,False,tuning
S1-157603332,US,5,False,evaluation
S1-157615623,India,4,False,evaluation
S1-157679049,India,4,False,evaluation
S1-15773231,India,1,False,evaluation
S1-157773599,US,1,False,tuning
S1-157831560,India,2,False,evaluation
S1-157840665,US,3,False,tuning
S1-157848879,US,2,False,evaluation
S1-157899985,US,3,False,evaluation
S1-157902613,US,4,False,tuning
S1-158022249,US,3,False,evaluation
S1-158081722,India,6,False,evaluation
S1-158126923,India,2,False,tuning
S1-158130550,US,2,False,evaluation
S1-158139616,India,4,False,evaluation
S1-158279271,US,4,False,tuning
S1-158405639,US,1,False,tuning
S1-158405857,India,3,False,evaluation
S1-158491635,India,4,False,tuning
S1-158505751,US,3,False,tuning
S1-15850624,India,4,False,tuning
S1-158539092,US,3,False,evaluation
S1-158546486,India,6,False,tuning
S1-158621918,US,3,False,evaluation
S1-158648931,India,3,False,evaluation
S1-158765393,India,3,False,tuning
S1-158858046,India,3,False,evaluation
S1-15891,US,3,False,tuning
S1-159039178,US,4,False,evaluation
S1-159095749,US,1,False,evaluation
S1-159212707,India,2,False,evaluation
S1-159224306,US,4,False,tuning
S1-159254778,US,4,False,tuning
S1-159262002,US,4,False,evaluation
S1-159300360,US,7,False,evaluation
S1-159323844,US,3,False,tuning
S1-159328025,US,4,False,evaluation
S1-159445020,US,2,False,evaluation
S1-159454085,India,1,False,tuning
S1-159469385,US,3,False,tuning
S1-159506279,India,4,False,evaluation
S1-159507099,India,7,False,tuning
S1-159526684,US,2,False,evaluation
S1-159541111,US,9,False,evaluation
S1-159578611,US,5,False,evaluation
S1-159599394,US,3,False,tuning
S1-159608718,India,4,False,evaluation
S1-159612460,India,6,False,evaluation
S1-159649049,US,4,False,tuning
S1-159661350,India,4,False,tuning
S1-159671788,US,5,False,tuning
S1-159701905,US,5,False,tuning
S1-15973248,US,3,False,tuning
S1-159760349,US,4,False,evaluation
S1-159764092,US,6,False,evaluation
S1-159777678,India,4,False,tuning
S1-159856354,US,4,False,evaluation
S1-159858985,US,7,False,evaluation
S1-159883095,US,2,False,tuning
S1-159909946,US,4,False,tuning
S1-159934198,India,5,False,evaluation
S1-160052013,India,4,False,evaluation
S1-160068527,India,5,False,evaluation
S1-160225331,India,3,False,tuning
S1-160251075,India,3,False,evaluation
S1-160302968,US,5,False,tuning
S1-16031,India,5,False,tuning
S1-160344007,US,3,False,tuning
S1-160353666,India,3,False,tuning
S1-160408900,India,2,False,evaluation
S1-160542716,India,2,False,tuning
S1-160576117,India,4,False,tuning
S1-160750971,US,6,False,evaluation
S1-160755112,India,5,False,evaluation
S1-160760590,India,4,False,evaluation
S1-160833521,US,3,False,tuning
S1-160858445,US,6,False,evaluation
S1-160915477,US,5,False,evaluation
S1-160938987,India,2,False,evaluation
S1-160952682,US,2,False,evaluation
S1-161048625,US,3,False,tuning
S1-161107385,US,4,False,evaluation
S1-16121514,US,0,True,tuning
S1-161231430,US,6,False,evaluation
S1-161283432,India,6,False,tuning
S1-161291545,India,5,False,tuning
S1-161367922,US,2,False,evaluation
S1-161388807,US,3,False,evaluation
S1-161396664,India,2,False,tuning
S1-161513234,India,4,False,evaluation
S1-161568884,US,4,False,evaluation
S1-161674375,India,4,False,tuning
S1-161720363,US,5,False,tuning
S1-161768082,India,4,False,tuning
S1-161779796,India,2,False,tuning
S1-162034320,India,4,False,tuning
S1-162038653,India,5,False,tuning
S1-162054526,US,4,False,evaluation
S1-162104807,US,5,False,tuning
S1-162158543,US,5,False,tuning
S1-162192746,US,5,False,evaluation
S1-162199460,US,4,False,evaluation
S1-162210135,US,2,False,evaluation
S1-162282501,US,3,False,evaluation
S1-162333129,US,1,False,tuning
S1-162376575,US,4,False,tuning
S1-162386491,India,3,False,tuning
S1-162454705,US,3,False,evaluation
S1-162570512,India,3,False,tuning
S1-162661217,US,5,False,evaluation
S1-162716084,US,4,False,evaluation
S1-162744456,US,2,False,tuning
S1-162754347,India,4,False,tuning
S1-162763713,India,5,False,evaluation
S1-162866016,US,2,False,evaluation
S1-162944515,US,3,False,evaluation
S1-162950934,US,3,False,tuning
S1-162958720,US,3,False,evaluation
S1-163220567,US,7,False,evaluation
S1-163223704,US,5,False,evaluation
S1-163232637,India,3,False,evaluation
S1-16324070,US,5,False,tuning
S1-163265782,US,1,False,tuning
S1-163270400,US,2,False,evaluation
S1-16329880,US,4,False,tuning
S1-163312851,India,0,True,evaluation
S1-163359447,India,3,False,evaluation
S1-163367252,India,2,False,evaluation
S1-163371098,US,4,False,evaluation
S1-163375559,US,3,False,evaluation
S1-163423430,US,2,False,evaluation
S1-163457963,India,3,False,evaluation
S1-163548420,US,3,False,evaluation
S1-163567129,US,4,False,tuning
S1-163629594,US,3,False,evaluation
S1-163750826,India,7,False,evaluation
S1-163855274,US,1,False,tuning
S1-163859933,India,2,False,tuning
S1-163871896,US,4,False,tuning
S1-163892088,India,3,False,evaluation
S1-163929391,India,3,False,evaluation
S1-163959939,India,4,False,tuning
S1-164015083,India,0,True,evaluation
S1-164054901,India,6,False,evaluation
S1-164169282,India,5,False,tuning
S1-164274192,US,6,False,evaluation
S1-164279786,US,4,False,tuning
S1-164338643,US,3,False,evaluation
S1-164355677,India,3,False,evaluation
S1-164404561,US,5,False,tuning
S1-164427025,US,3,False,tuning
S1-164434966,US,5,False,evaluation
S1-164487668,India,4,False,evaluation
S1-16449361,India,3,False,tuning
S1-164596171,India,0,True,evaluation
S1-164611718,India,5,False,tuning
S1-164611743,India,5,False,evaluation
S1-164653381,US,2,False,evaluation
S1-164663641,India,1,False,tuning
S1-164688926,India,0,True,evaluation
S1-164780314,US,5,False,evaluation
S1-164856790,US,3,False,evaluation
S1-16485705,US,1,False,evaluation
S1-164977257,US,3,False,tuning
S1-165153019,India,3,False,evaluation
S1-165158113,US,4,False,evaluation
S1-165378063,US,3,False,evaluation
S1-165405694,India,6,False,evaluation
S1-165462143,India,3,False,tuning
S1-165574136,US,0,True,evaluation
S1-165638282,US,6,False,tuning
S1-165647370,US,0,True,tuning
S1-165712339,India,2,False,evaluation
S1-165716468,US,4,False,tuning
S1-165721549,US,7,False,evaluation
S1-165751748,India,0,True,evaluation
S1-165764250,India,7,False,tuning
S1-165787445,US,3,False,evaluation
S1-16579322,India,7,False,evaluation
S1-165821673,India,3,False,tuning
S1-16582255,India,3,False,tuning
S1-16586336,US,5,False,evaluation
S1-165951627,US,2,False,tuning
S1-16598808,India,3,False,tuning
S1-16601177,US,3,False,evaluation
S1-166037134,India,4,False,evaluation
S1-166051666,US,2,False,evaluation
S1-166072969,India,5,False,tuning
S1-166074193,India,2,False,evaluation
S1-1661241,India,4,False,evaluation
S1-166168324,India,4,False,tuning
S1-166185467,India,2,False,tuning
S1-166370808,India,1,False,tuning
S1-166486069,India,2,False,tuning
S1-166490713,US,4,False,tuning
S1-166529612,India,5,False,evaluation
S1-166533729,US,3,False,evaluation
S1-166552279,India,2,False,evaluation
S1-166660963,India,4,False,evaluation
S1-166674350,US,2,False,tuning
S1-16671138,India,1,False,tuning
S1-166766355,US,4,False,evaluation
S1-166888111,India,5,False,tuning
S1-166918762,India,3,False,tuning
S1-166984325,India,3,False,tuning
S1-167019398,US,3,False,tuning
S1-167022035,US,5,False,evaluation
S1-167071155,India,4,False,evaluation
S1-167141903,US,4,False,evaluation
S1-167176630,India,5,False,tuning
S1-167188920,US,3,False,evaluation
S1-167211873,India,3,False,evaluation
S1-167234683,US,3,False,evaluation
S1-16726107,US,4,False,evaluation
S1-167283120,US,2,False,tuning
S1-167348313,India,5,False,evaluation
S1-167451433,US,3,False,tuning
S1-167461170,US,6,False,tuning
S1-167533536,India,1,False,tuning
S1-167607816,US,3,False,evaluation
S1-167699779,India,1,False,evaluation
S1-167734062,US,8,False,evaluation
S1-167735850,India,3,False,evaluation
S1-16774146,India,4,False,tuning
S1-167741915,India,2,False,tuning
S1-167755775,India,5,False,tuning
S1-167770322,US,5,False,tuning
S1-167839857,US,5,False,evaluation
S1-16785484,US,1,False,evaluation
S1-167907891,US,4,False,tuning
S1-167952361,India,4,False,evaluation
S1-167986157,India,5,False,evaluation
S1-168048485,US,0,True,tuning
S1-168129464,India,3,False,evaluation
S1-168136073,US,6,False,evaluation
S1-168189535,US,4,False,evaluation
S1-168240970,India,1,False,tuning
S1-168249770,India,5,False,tuning
S1-168258791,US,3,False,tuning
S1-168368532,US,4,False,evaluation
S1-168372145,India,4,False,evaluation
S1-168412063,US,5,False,evaluation
S1-168432238,India,5,False,evaluation
S1-168460961,US,2,False,tuning
S1-168484430,India,2,False,evaluation
S1-168517114,US,4,False,tuning
S1-168538924,US,0,True,evaluation
S1-168569678,US,4,False,evaluation
S1-168606239,US,2,False,tuning
S1-168771217,US,7,False,tuning
S1-168780165,US,6,False,evaluation
S1-168838974,US,3,False,evaluation
S1-168932248,US,3,False,tuning
S1-168955704,US,2,False,tuning
S1-168973365,India,7,False,evaluation
S1-169005014,US,3,False,evaluation
S1-169051534,India,5,False,tuning
S1-169071419,US,3,False,evaluation
S1-169110561,US,1,False,tuning
S1-169226760,US,0,True,evaluation
S1-169378140,US,4,False,tuning
S1-169386202,US,5,False,tuning
S1-169396565,US,5,False,tuning
S1-169408227,US,2,False,tuning
S1-169482261,US,2,False,tuning
S1-169529659,India,6,False,evaluation
S1-169603011,US,3,False,tuning
S1-169657140,India,2,False,evaluation
S1-169840675,US,3,False,evaluation
S1-169854644,US,2,False,evaluation
S1-16988945,US,5,False,tuning
S1-169896279,India,3,False,evaluation
S1-169936457,India,5,False,tuning
S1-169948608,US,2,False,evaluation
S1-170023039,India,0,True,evaluation
S1-170134386,US,1,False,tuning
S1-170141607,US,4,False,evaluation
S1-17025187,India,4,False,evaluation
S1-170290595,US,5,False,tuning
S1-170298202,US,3,False,tuning
S1-170325504,US,4,False,tuning
S1-170358019,India,2,False,evaluation
S1-170371479,India,4,False,tuning
S1-170431453,US,3,False,evaluation
S1-170457097,US,5,False,evaluation
S1-170572998,US,3,False,tuning
S1-170730008,US,3,False,evaluation
S1-170780781,US,5,False,evaluation
S1-170824723,India,2,False,tuning
S1-170912123,US,7,False,evaluation
S1-170964065,US,4,False,evaluation
S1-171033013,US,4,False,tuning
S1-171104164,India,2,False,evaluation
S1-171137788,US,6,False,evaluation
S1-171232743,India,4,False,evaluation
S1-171304057,US,1,False,tuning
S1-171356761,US,2,False,tuning
S1-1713613,India,2,False,evaluation
S1-171473146,US,3,False,evaluation
S1-171553329,India,4,False,evaluation
S1-171566748,India,3,False,tuning
S1-171573024,US,5,False,evaluation
S1-171579830,US,5,False,evaluation
S1-171580143,India,2,False,evaluation
S1-171611924,US,6,False,evaluation
S1-171619851,India,2,False,evaluation
S1-171621026,US,0,True,evaluation
S1-17163514,US,3,False,evaluation
S1-171742972,India,3,False,evaluation
S1-171796110,US,4,False,evaluation
S1-171824368,US,3,False,tuning
S1-171843130,US,2,False,evaluation
S1-171893547,US,3,False,evaluation
S1-171935178,India,4,False,evaluation
S1-171974806,US,3,False,tuning
S1-171980825,India,2,False,tuning
S1-171985835,US,3,False,tuning
S1-172021751,India,3,False,evaluation
S1-172145251,US,2,False,tuning
S1-172191409,US,4,False,evaluation
S1-172193677,US,3,False,evaluation
S1-172210252,US,4,False,evaluation
S1-172227704,US,3,False,tuning
S1-172230303,India,0,True,evaluation
S1-172279507,India,4,False,evaluation
S1-172296379,US,4,False,evaluation
S1-172415850,India,4,False,tuning
S1-172453358,US,2,False,tuning
S1-172580087,US,4,False,tuning
S1-172642877,US,2,False,tuning
S1-172646617,India,2,False,evaluation
S1-172664372,US,3,False,evaluation
S1-172701567,US,6,False,tuning
S1-172766584,India,3,False,evaluation
S1-172819476,US,3,False,tuning
S1-172837892,US,2,False,tuning
S1-172902912,India,2,False,evaluation
S1-172973799,US,4,False,evaluation
S1-173003108,US,1,False,evaluation
S1-173007157,US,0,True,evaluation
S1-173049416,US,6,False,tuning
S1-17322833,US,6,False,evaluation
S1-173243683,US,3,False,evaluation
S1-173282932,India,2,False,evaluation
S1-173300033,US,5,False,tuning
S1-173347381,India,4,False,evaluation
S1-173379620,US,3,False,tuning
S1-173385204,US,3,False,evaluation
S1-173405588,India,4,False,tuning
S1-173482194,US,3,False,evaluation
S1-173512687,India,3,False,evaluation
S1-173552005,US,4,False,tuning
S1-173581979,US,1,False,tuning
S1-173624869,India,4,False,evaluation
S1-173758843,US,4,False,evaluation
S1-173818348,US,0,True,evaluation
S1-173820387,India,3,False,tuning
S1-173853944,US,5,False,tuning
S1-173885702,US,0,True,evaluation
S1-173921507,US,4,False,evaluation
S1-173930832,US,3,False,tuning
S1-17396967,US,4,False,evaluation
S1-17402095,US,3,False,evaluation
S1-174160408,US,5,False,evaluation
S1-174193644,India,0,True,tuning
S1-174280227,India,5,False,evaluation
S1-174324298,US,3,False,evaluation
S1-17434315,US,2,False,evaluation
S1-174411484,US,2,False,evaluation
S1-174427201,India,4,False,evaluation
S1-174559185,US,4,False,evaluation
S1-174569909,US,3,False,evaluation
S1-174577274,US,3,False,evaluation
S1-174693204,US,6,False,tuning
S1-174779944,US,5,False,tuning
S1-174799078,US,5,False,tuning
S1-174976836,US,4,False,evaluation
S1-175008183,India,3,False,tuning
S1-175042435,US,7,False,evaluation
S1-175066163,US,5,False,evaluation
S1-175081425,US,7,False,evaluation
S1-175267835,US,3,False,evaluation
S1-175310135,US,7,False,tuning
S1-175408510,India,2,False,tuning
S1-175570285,US,3,False,tuning
S1-175575135,US,3,False,evaluation
S1-175592275,India,3,False,tuning
S1-17564126,US,2,False,tuning
S1-175802997,US,3,False,tuning
S1-175811799,US,3,False,tuning
S1-175855399,US,2,False,evaluation
S1-175908936,US,3,False,evaluation
S1-175958466,US,4,False,evaluation
S1-175958937,India,0,True,tuning
S1-176039712,US,2,False,evaluation
S1-176085028,US,4,False,evaluation
S1-176187498,US,2,False,tuning
S1-176199537,US,5,False,tuning
S1-176201300,India,4,False,evaluation
S1-176213962,US,5,False,evaluation
S1-176307631,India,3,False,evaluation
S1-176311223,US,4,False,tuning
S1-176323748,India,6,False,tuning
S1-176326297,US,3,False,evaluation
S1-176359929,India,2,False,tuning
S1-176394256,US,1,False,evaluation
S1-176434763,US,2,False,evaluation
S1-176475662,US,5,False,tuning
S1-176477814,India,2,False,tuning
S1-176556358,US,3,False,tuning
S1-17658953,US,5,False,evaluation
S1-176616076,India,3,False,tuning
S1-17662840,India,3,False,tuning
S1-176633791,US,4,False,evaluation
S1-176703232,US,6,False,tuning
S1-176739499,India,3,False,tuning
S1-176755146,US,1,False,evaluation
S1-176804873,US,4,False,tuning
S1-176824508,India,0,True,tuning
S1-176856904,US,6,False,tuning
S1-176876680,US,3,False,tuning
S1-176915896,US,6,False,evaluation
S1-176920136,India,2,False,evaluation
S1-176955813,US,2,False,evaluation
S1-177140629,US,6,False,evaluation
S1-177150903,US,2,False,tuning
S1-177168464,US,3,False,evaluation
S1-177194175,US,6,False,tuning
S1-177207097,US,3,False,evaluation
S1-177209262,India,2,False,evaluation
S1-177222339,India,4,False,tuning
S1-177242080,India,4,False,evaluation
S1-177322486,India,2,False,evaluation
S1-177396427,India,7,False,evaluation
S1-177410107,US,3,False,evaluation
S1-177414203,US,5,False,evaluation
S1-177455428,India,0,True,tuning
S1-177465628,India,5,False,evaluation
S1-177501148,US,2,False,tuning
S1-177532492,India,3,False,tuning
S1-177613452,India,1,False,tuning
S1-177660583,US,4,False,tuning
S1-177685537,India,4,False,tuning
S1-177719723,US,3,False,evaluation
S1-177756613,India,3,False,evaluation
S1-177789990,US,4,False,evaluation
S1-177823965,US,3,False,evaluation
S1-177830705,India,3,False,tuning
S1-177896666,US,2,False,tuning
S1-177935648,US,3,False,tuning
S1-177942321,US,3,False,evaluation
S1-177954343,US,3,False,evaluation
S1-177993325,India,4,False,evaluation
S1-178023742,US,6,False,evaluation
S1-178033308,US,5,False,evaluation
S1-178085318,US,0,True,tuning
S1-17814513,US,2,False,tuning
S1-178152546,US,2,False,evaluation
S1-178153555,US,3,False,tuning
S1-178197336,India,4,False,evaluation
S1-178240398,India,6,False,evaluation
S1-178265354,US,3,False,tuning
S1-178350018,US,3,False,tuning
S1-178385981,India,5,False,evaluation
S1-178412724,India,2,False,tuning
S1-178459407,US,3,False,evaluation
S1-178492586,US,5,False,evaluation
S1-178504218,US,4,False,evaluation
S1-178623815,India,2,False,evaluation
S1-178756587,India,3,False,evaluation
S1-178801902,US,4,False,tuning
S1-178831239,India,1,False,tuning
S1-178836723,India,2,False,evaluation
S1-178873156,US,1,False,tuning
S1-178888904,US,3,False,evaluation
S1-178907682,US,6,False,evaluation
S1-178932053,US,6,False,evaluation
S1-17896587,US,5,False,tuning
S1-178966965,India,5,False,evaluation
S1-179024014,India,4,False,evaluation
S1-179209454,US,5,False,evaluation
S1-179288467,US,2,False,evaluation
S1-179348515,India,0,True,tuning
S1-179389686,US,5,False,evaluation
S1-179418177,US,3,False,evaluation
S1-179453337,US,6,False,tuning
S1-179491813,US,3,False,evaluation
S1-179525189,US,3,False,evaluation
S1-179535987,US,4,False,evaluation
S1-179573243,India,4,False,evaluation
S1-179621057,India,4,False,tuning
S1-179658431,US,1,False,tuning
S1-179700390,US,3,False,evaluation
S1-179729712,India,7,False,evaluation
S1-17973952,US,5,False,tuning
S1-179773659,US,0,True,evaluation
S1-17978771,US,3,False,tuning
S1-179889467,US,3,False,evaluation
S1-179957097,US,4,False,evaluation
S1-180053591,India,2,False,tuning
S1-180074688,US,2,False,tuning
S1-180118479,US,3,False,evaluation
S1-180160273,India,2,False,evaluation
S1-180174795,US,5,False,tuning
S1-180197566,India,4,False,evaluation
S1-180198187,India,5,False,tuning
S1-180198647,US,4,False,evaluation
S1-180207045,India,4,False,tuning
S1-18030071,US,0,True,evaluation
S1-180301403,US,3,False,tuning
S1-180309376,US,4,False,evaluation
S1-180315983,US,2,False,evaluation
S1-180407398,US,4,False,evaluation
S1-180424231,US,3,False,tuning
S1-180488558,US,2,False,tuning
S1-180551132,US,2,False,evaluation
S1-180586666,US,3,False,evaluation
S1-180618131,India,4,False,evaluation
S1-180653249,US,6,False,evaluation
S1-180655607,US,5,False,evaluation
S1-18071551,India,4,False,evaluation
S1-180725369,India,2,False,tuning
S1-180755433,US,3,False,evaluation
S1-180762934,India,3,False,evaluation
S1-180766887,India,3,False,tuning
S1-180809245,US,2,False,tuning
S1-180831995,US,3,False,evaluation
S1-180845773,US,4,False,evaluation
S1-180867949,India,5,False,evaluation
S1-180904671,US,3,False,tuning
S1-181053920,US,2,False,tuning
S1-181065488,US,5,False,evaluation
S1-181123497,India,5,False,evaluation
S1-181188761,US,4,False,tuning
S1-18138549,India,5,False,tuning
S1-181391310,US,6,False,evaluation
S1-18142458,US,3,False,evaluation
S1-181430843,US,6,False,tuning
S1-181482358,US,3,False,evaluation
S1-181563131,US,3,False,evaluation
S1-181631475,US,0,True,evaluation
S1-181677405,India,2,False,tuning
S1-181842353,US,2,False,evaluation
S1-181915978,US,2,False,evaluation
S1-181933717,US,5,False,tuning
S1-181962021,US,5,False,evaluation
S1-181985665,India,6,False,tuning
S1-182028353,US,2,False,tuning
S1-182057398,US,5,False,evaluation
S1-182087716,US,1,False,evaluation
S1-182285498,US,4,False,tuning
S1-182306480,India,3,False,tuning
S1-182416646,India,5,False,tuning
S1-182451738,US,2,False,evaluation
S1-182465066,US,3,False,tuning
S1-182543985,India,4,False,evaluation
S1-182549212,US,6,False,evaluation
S1-182561802,US,0,True,evaluation
S1-182599201,US,4,False,tuning
S1-18263377,India,0,True,evaluation
S1-18267845,India,3,False,tuning
S1-182690729,US,0,True,tuning
S1-182709589,US,0,True,evaluation
S1-182758237,India,6,False,tuning
S1-182827900,US,5,False,tuning
S1-182944394,India,5,False,evaluation
S1-18298499,US,4,False,evaluation
S1-183022405,US,3,False,evaluation
S1-183143792,US,4,False,tuning
S1-183205060,US,3,False,tuning
S1-183238976,US,4,False,evaluation
S1-183276320,US,2,False,evaluation
S1-183348164,US,2,False,evaluation
S1-183359340,India,1,False,evaluation
S1-183397481,US,3,False,evaluation
S1-183435542,India,3,False,evaluation
S1-183436207,India,4,False,evaluation
S1-183449349,India,6,False,tuning
S1-183479376,India,3,False,evaluation
S1-183498329,US,3,False,evaluation
S1-18353490,India,2,False,evaluation
S1-183538879,US,3,False,evaluation
S1-18356574,US,8,False,tuning
S1-183587466,India,3,False,evaluation
S1-183627470,India,9,False,tuning
S1-183653648,US,4,False,evaluation
S1-183678139,India,4,False,evaluation
S1-183684846,India,2,False,tuning
S1-183696188,US,0,True,evaluation
S1-183712711,US,4,False,evaluation
S1-183783325,US,3,False,tuning
S1-183858465,India,3,False,tuning
S1-18388695,US,1,False,evaluation
S1-184005797,US,4,False,evaluation
S1-184037180,US,4,False,evaluation
S1-184065319,US,3,False,tuning
S1-184185253,US,1,False,evaluation
S1-184187959,India,6,False,evaluation
S1-18431235,US,1,False,evaluation
S1-184336180,US,4,False,evaluation
S1-184362699,US,3,False,tuning
S1-184407441,US,5,False,evaluation
S1-184471673,India,6,False,evaluation
S1-184530941,US,4,False,evaluation
S1-184567458,India,3,False,evaluation
S1-184725527,US,2,False,evaluation
S1-184756933,India,7,False,evaluation
S1-184773072,India,1,False,evaluation
S1-184818672,India,5,False,evaluation
S1-184841150,US,1,False,tuning
S1-184879448,US,0,True,evaluation
S1-184896869,US,6,False,evaluation
S1-184925547,US,5,False,tuning
S1-184945068,India,6,False,evaluation
S1-184987459,India,2,False,evaluation
S1-185035885,India,3,False,evaluation
S1-18540180,India,3,False,evaluation
S1-185411926,US,1,False,tuning
S1-185481808,India,5,False,evaluation
S1-185492769,US,4,False,tuning
S1-185496887,India,6,False,tuning
S1-18550364,US,3,False,evaluation
S1-185539125,India,4,False,evaluation
S1-185598289,US,0,True,evaluation
S1-185649552,India,4,False,evaluation
S1-185681171,US,0,True,evaluation
S1-185724001,US,5,False,evaluation
S1-185846033,US,1,False,evaluation
S1-185901798,India,4,False,tuning
S1-185985394,US,0,True,tuning
S1-185996802,India,3,False,tuning
S1-186045688,US,3,False,tuning
S1-186047489,US,5,False,evaluation
S1-186162362,US,1,False,evaluation
S1-186165787,US,4,False,evaluation
S1-186267629,US,6,False,evaluation
S1-1862823,India,0,True,tuning
S1-186348530,US,2,False,evaluation
S1-186419116,US,4,False,evaluation
S1-186425304,US,5,False,evaluation
S1-18648072,India,3,False,tuning
S1-186527526,US,5,False,evaluation
S1-186562421,US,4,False,evaluation
S1-186562852,India,5,False,tuning
S1-186622374,US,3,False,tuning
S1-186636547,India,0,True,evaluation
S1-186703018,US,3,False,evaluation
S1-186736235,US,1,False,tuning
S1-186764339,India,1,False,evaluation
S1-186773146,India,4,False,evaluation
S1-186812993,India,4,False,tuning
S1-186869531,India,3,False,evaluation
S1-186918585,India,3,False,tuning
S1-187012348,US,5,False,evaluation
S1-18704024,US,4,False,tuning
S1-187040548,US,4,False,evaluation
S1-187076060,India,3,False,tuning
S1-187183779,India,4,False,evaluation
S1-187210302,US,3,False,evaluation
S1-187348785,India,3,False,tuning
S1-187374866,US,5,False,evaluation
S1-187375503,India,2,False,evaluation
S1-187392229,US,3,False,evaluation
S1-187427795,India,4,False,evaluation
S1-187431814,US,0,True,evaluation
S1-187532384,US,4,False,tuning
S1-187563879,India,2,False,evaluation
S1-187567130,US,2,False,evaluation
S1-187569033,US,5,False,tuning
S1-18763181,US,2,False,tuning
S1-18774154,India,5,False,evaluation
S1-187775649,US,5,False,evaluation
S1-187800397,US,2,False,evaluation
S1-187859519,India,3,False,tuning
S1-187875547,India,2,False,tuning
S1-187890608,India,5,False,evaluation
S1-188014884,India,5,False,evaluation
S1-188014924,India,3,False,tuning
S1-188016360,US,4,False,tuning
S1-188029010,India,5,False,tuning
S1-188055618,India,3,False,evaluation
S1-188088741,US,3,False,evaluation
S1-188100786,US,3,False,tuning
S1-188101079,India,2,False,tuning
S1-188151537,India,3,False,evaluation
S1-188166951,India,0,True,evaluation
S1-188172927,US,5,False,evaluation
S1-188208799,US,3,False,tuning
S1-188215261,India,5,False,evaluation
S1-188257912,US,2,False,tuning
S1-188342587,India,1,False,evaluation
S1-188424643,US,5,False,evaluation
S1-18843983,US,5,False,tuning
S1-188463663,US,7,False,evaluation
S1-188530311,US,9,False,evaluation
S1-188639271,US,3,False,tuning
S1-188757259,India,4,False,tuning
S1-188841566,India,5,False,tuning
S1-188905212,India,2,False,tuning
S1-188964533,India,1,False,tuning
S1-188967447,US,2,False,tuning
S1-188994754,US,2,False,tuning
S1-189019027,India,1,False,evaluation
S1-189070769,US,8,False,evaluation
S1-189077637,US,3,False,tuning
S1-189081979,India,3,False,evaluation
S1-189120234,US,4,False,evaluation
S1-18918660,US,5,False,evaluation
S1-189219195,India,5,False,tuning
S1-189296408,US,5,False,evaluation
S1-189337598,US,4,False,tuning
S1-189389477,US,3,False,tuning
S1-189522612,US,5,False,evaluation
S1-189526754,India,0,True,tuning
S1-189571899,India,4,False,evaluation
S1-189658598,India,8,False,tuning
S1-189699942,India,4,False,tuning
S1-189778694,US,5,False,evaluation
S1-189937932,US,5,False,evaluation
S1-190004895,US,2,False,evaluation
S1-19001801,US,4,False,tuning
S1-190060820,US,2,False,evaluation
S1-190131900,US,2,False,evaluation
S1-19013374,US,4,False,evaluation
S1-190173131,US,3,False,evaluation
S1-190310358,India,2,False,evaluation
S1-190336363,US,3,False,evaluation
S1-190433482,India,2,False,tuning
S1-190499935,US,5,False,evaluation
S1-19050529,US,9,False,evaluation
S1-190528112,US,5,False,evaluation
S1-190595971,US,4,False,tuning
S1-190823065,US,7,False,tuning
S1-190874135,India,3,False,evaluation
S1-19087954,US,2,False,tuning
S1-190897820,India,5,False,evaluation
S1-19095270,US,5,False,tuning
S1-190971914,India,3,False,evaluation
S1-19097633,US,2,False,evaluation
S1-190978713,US,3,False,evaluation
S1-191004161,India,2,False,evaluation
S1-191054089,India,2,False,evaluation
S1-191098880,US,0,True,evaluation
S1-191145265,India,5,False,tuning
S1-1912173,India,4,False,tuning
S1-191217820,India,7,False,evaluation
S1-191395839,India,2,False,evaluation
S1-19145026,US,4,False,evaluation
S1-191485853,India,3,False,tuning
S1-191487164,India,4,False,evaluation
S1-191552928,India,3,False,evaluation
S1-19157103,India,4,False,tuning
S1-191585587,India,4,False,tuning
S1-191607316,India,4,False,evaluation
S1-191673824,India,3,False,evaluation
S1-1916824,India,6,False,tuning
S1-191719925,US,2,False,tuning
S1-19172434,US,3,False,tuning
S1-191729150,India,2,False,evaluation
S1-191741101,US,0,True,tuning
S1-191939839,India,3,False,tuning
S1-191949217,US,0,True,tuning
S1-191998801,US,5,False,evaluation
S1-192026770,India,4,False,tuning
S1-192075375,US,0,True,tuning
S1-192132555,US,5,False,evaluation
S1-19213775,India,2,False,tuning
S1-192179954,US,4,False,evaluation
S1-192257055,India,3,False,evaluation
S1-192283318,India,0,True,evaluation
S1-192328867,US,1,False,evaluation
S1-192343095,US,4,False,evaluation
S1-192424006,India,4,False,evaluation
S1-192466150,US,4,False,evaluation
S1-192587924,US,4,False,tuning
S1-192617930,India,2,False,evaluation
S1-192636730,US,2,False,evaluation
S1-192653489,US,6,False,tuning
S1-192663154,US,7,False,tuning
S1-192694076,US,3,False,tuning
S1-192732186,US,3,False,evaluation
S1-192822807,India,2,False,evaluation
S1-192836108,India,4,False,evaluation
S1-192862680,India,0,True,tuning
S1-192892461,US,4,False,tuning
S1-192893561,India,8,False,tuning
S1-192893845,India,4,False,tuning
S1-192894916,US,5,False,tuning
S1-192913513,India,2,False,evaluation
S1-192962013,US,3,False,evaluation
S1-19297616,India,2,False,evaluation
S1-192995145,India,5,False,evaluation
S1-193014540,US,2,False,evaluation
S1-193021317,US,2,False,evaluation
S1-193029151,India,5,False,evaluation
S1-193029373,India,5,False,evaluation
S1-193033885,US,5,False,tuning
S1-193050570,US,6,False,evaluation
S1-193073999,India,3,False,tuning
S1-193092376,US,3,False,evaluation
S1-193138328,India,4,False,tuning
S1-193170685,India,4,False,tuning
S1-19322595,India,4,False,evaluation
S1-193297975,US,6,False,evaluation
S1-193298071,US,5,False,evaluation
S1-193357640,US,5,False,evaluation
S1-193436872,US,2,False,evaluation
S1-193537794,US,3,False,evaluation
S1-193683329,India,4,False,evaluation
S1-193723297,US,5,False,evaluation
S1-193724888,US,2,False,evaluation
S1-193747869,US,6,False,tuning
S1-19374931,India,5,False,tuning
S1-193815566,US,6,False,evaluation
S1-193864787,US,2,False,tuning
S1-193887401,India,3,False,evaluation
S1-193934374,US,3,False,evaluation
S1-194028288,US,4,False,evaluation
S1-194049597,US,4,False,evaluation
S1-194098100,US,5,False,tuning
S1-194116068,India,7,False,evaluation
S1-194156882,US,2,False,tuning
S1-194164121,US,1,False,evaluation
S1-194318253,India,3,False,tuning
S1-194414711,India,3,False,evaluation
S1-194473806,US,5,False,evaluation
S1-194522397,US,3,False,tuning
S1-194565497,US,5,False,tuning
S1-194623700,India,3,False,evaluation
S1-194633557,US,5,False,evaluation
S1-194699955,India,2,False,tuning
S1-194703147,US,3,False,tuning
S1-194711692,US,5,False,tuning
S1-19483591,India,5,False,evaluation
S1-19484378,India,3,False,evaluation
S1-194868642,US,4,False,tuning
S1-194967203,US,6,False,tuning
S1-195046631,US,3,False,tuning
S1-195124154,US,4,False,evaluation
S1-195128872,India,5,False,tuning
S1-195165178,US,2,False,evaluation
S1-195274983,US,4,False,evaluation
S1-195293147,US,6,False,tuning
S1-19533353,India,2,False,evaluation
S1-19533503,US,2,False,evaluation
S1-195335912,US,1,False,evaluation
S1-195373822,India,3,False,evaluation
S1-195377259,US,3,False,evaluation
S1-195420301,US,4,False,evaluation
S1-195478289,US,2,False,evaluation
S1-195524228,US,0,True,evaluation
S1-195532161,US,6,False,evaluation
S1-195550735,US,4,False,evaluation
S1-195571743,US,2,False,evaluation
S1-195655668,US,1,False,tuning
S1-1958349,US,3,False,evaluation
S1-195837681,India,5,False,evaluation
S1-195905945,US,3,False,evaluation
S1-195949219,US,2,False,evaluation
S1-195964451,US,3,False,tuning
S1-195969943,US,3,False,evaluation
S1-195985868,US,4,False,evaluation
S1-195995584,India,3,False,evaluation
S1-196105274,US,5,False,evaluation
S1-196107506,India,3,False,evaluation
S1-196168043,US,4,False,tuning
S1-196229543,US,7,False,evaluation
S1-196293580,India,5,False,evaluation
S1-196331819,India,4,False,evaluation
S1-196337247,India,4,False,tuning
S1-196342448,US,2,False,tuning
S1-196383751,India,0,True,tuning
S1-196407264,US,3,False,tuning
S1-196413931,US,3,False,evaluation
S1-196423254,US,2,False,tuning
S1-196442505,US,5,False,evaluation
S1-196488718,India,2,False,evaluation
S1-196494392,US,2,False,evaluation
S1-19650681,US,4,False,tuning
S1-196574680,India,3,False,evaluation
S1-196587624,India,4,False,tuning
S1-196590143,US,3,False,evaluation
S1-196648552,US,3,False,tuning
S1-196672865,US,2,False,evaluation
S1-196702554,India,2,False,tuning
S1-196741942,US,6,False,tuning
S1-196748321,US,2,False,tuning
S1-196793420,US,2,False,evaluation
S1-196857145,US,4,False,evaluation
S1-196865394,India,5,False,tuning
S1-196905193,US,5,False,tuning
S1-197006520,India,6,False,evaluation
S1-197010175,US,3,False,tuning
S1-197076854,US,4,False,tuning
S1-197097256,India,2,False,tuning
S1-197191775,US,6,False,tuning
S1-197196350,India,0,True,evaluation
S1-197200260,India,3,False,evaluation
S1-19729494,India,5,False,tuning
S1-197547996,India,7,False,evaluation
S1-197596908,US,5,False,evaluation
S1-197625875,US,2,False,evaluation
S1-197732929,US,5,False,evaluation
S1-1977398,US,3,False,evaluation
S1-197826453,US,4,False,evaluation
S1-197847592,India,3,False,tuning
S1-197905084,India,3,False,evaluation
S1-197991884,US,5,False,tuning
S1-19799697,US,2,False,tuning
S1-197999830,US,3,False,evaluation
S1-198017950,US,3,False,tuning
S1-198077365,US,1,False,evaluation
S1-198252409,India,4,False,tuning
S1-198274982,India,2,False,tuning
S1-198278245,India,3,False,tuning
S1-198284024,US,5,False,evaluation
S1-198331322,India,5,False,evaluation
S1-198331574,India,4,False,tuning
S1-198332267,US,4,False,evaluation
S1-198332835,US,2,False,evaluation
S1-198391211,US,5,False,evaluation
S1-198397574,India,2,False,tuning
S1-198451601,US,4,False,tuning
S1-198459148,India,2,False,evaluation
S1-19852454,India,3,False,tuning
S1-198674585,US,5,False,tuning
S1-198716595,India,3,False,evaluation
S1-198785848,US,0,True,evaluation
S1-19892859,US,7,False,tuning
S1-198958488,US,3,False,evaluation
S1-199001248,US,6,False,tuning
S1-199062530,US,5,False,evaluation
S1-199073043,US,5,False,tuning
S1-199135523,US,2,False,evaluation
S1-199143929,US,3,False,evaluation
S1-199153104,US,3,False,evaluation
S1-199290487,US,3,False,tuning
S1-199297594,India,5,False,tuning
S1-199302508,India,5,False,evaluation
S1-19931651,India,2,False,evaluation
S1-199318022,US,2,False,evaluation
S1-199394804,US,4,False,evaluation
S1-199460214,US,3,False,evaluation
S1-199463017,US,2,False,tuning
S1-199515262,US,2,False,evaluation
S1-199571794,India,5,False,tuning
S1-199596099,US,4,False,tuning
S1-199625931,India,2,False,tuning
S1-199649627,US,2,False,evaluation
S1-199695342,US,3,False,tuning
S1-199698867,India,2,False,evaluation
S1-199758474,India,5,False,tuning
S1-199758957,US,5,False,evaluation
S1-199778181,US,1,False,tuning
S1-199781971,US,0,True,evaluation
S1-199827368,India,3,False,evaluation
S1-199832474,US,2,False,tuning
S1-199836521,India,10,False,evaluation
S1-199881018,US,4,False,evaluation
S1-19989032,US,4,False,tuning
S1-200007753,US,1,False,evaluation
S1-200036734,India,3,False,evaluation
S1-200151987,India,0,True,tuning
S1-200205751,India,5,False,evaluation
S1-200244116,US,2,False,tuning
S1-200315780,US,4,False,evaluation
S1-200349395,US,4,False,tuning
S1-200415853,US,3,False,evaluation
S1-200616040,India,4,False,evaluation
S1-200650112,US,4,False,evaluation
S1-200671705,US,4,False,evaluation
S1-200962843,India,5,False,evaluation
S1-200981202,US,2,False,evaluation
S1-200996408,India,0,True,evaluation
S1-201051895,India,5,False,evaluation
S1-201066560,India,6,False,tuning
S1-201106675,US,2,False,evaluation
S1-201347559,US,2,False,evaluation
S1-201383314,India,3,False,evaluation
S1-201404487,India,5,False,evaluation
S1-20141935,India,5,False,evaluation
S1-201421405,India,1,False,tuning
S1-201543053,US,3,False,tuning
S1-201545231,US,5,False,tuning
S1-20164333,India,5,False,tuning
S1-201658268,US,4,False,tuning
S1-201666282,India,8,False,tuning
S1-201718475,India,2,False,tuning
S1-201732753,India,3,False,evaluation
S1-20178638,US,2,False,tuning
S1-201826874,India,4,False,evaluation
S1-201881861,US,2,False,tuning
S1-20197629,US,5,False,tuning
S1-201996681,India,2,False,evaluation
S1-202019557,India,3,False,evaluation
S1-202037685,US,4,False,evaluation
S1-202088419,India,4,False,tuning
S1-202111021,India,1,False,evaluation
S1-202127960,India,1,False,tuning
S1-202146886,US,3,False,tuning
S1-202225295,India,0,True,tuning
S1-202310418,India,4,False,tuning
S1-202344242,US,7,False,evaluation
S1-20235813,US,0,True,evaluation
S1-202362499,India,1,False,tuning
S1-202380585,India,4,False,evaluation
S1-202387153,US,6,False,tuning
S1-202404473,US,4,False,tuning
S1-20241228,India,6,False,evaluation
S1-202436337,US,6,False,tuning
S1-202459222,US,4,False,tuning
S1-202540932,US,3,False,evaluation
S1-202548636,US,4,False,evaluation
S1-202562635,India,6,False,tuning
S1-202778368,India,7,False,evaluation
S1-202785174,US,2,False,tuning
S1-202787872,India,2,False,tuning
S1-202812089,US,5,False,evaluation
S1-202935778,US,4,False,tuning
S1-203007186,US,0,True,evaluation
S1-203018922,India,4,False,evaluation
S1-203020068,India,3,False,evaluation
S1-203060082,US,3,False,tuning
S1-203096537,US,2,False,evaluation
S1-203146908,India,4,False,tuning
S1-203188901,India,5,False,evaluation
S1-20319069,US,6,False,evaluation
S1-203312819,India,2,False,tuning
S1-203343385,US,6,False,evaluation
S1-203453548,US,5,False,evaluation
S1-203488203,US,2,False,tuning
S1-203581608,India,2,False,tuning
S1-20359383,US,4,False,tuning
S1-203600666,US,4,False,evaluation
S1-203613580,US,5,False,evaluation
S1-203623598,India,4,False,tuning
S1-203681716,US,4,False,evaluation
S1-203750505,India,1,False,evaluation
S1-203808056,US,3,False,tuning
S1-203836782,US,1,False,evaluation
S1-203850834,India,3,False,tuning
S1-203874762,India,3,False,tuning
S1-20390874,India,5,False,evaluation
S1-203926847,US,5,False,tuning
S1-20395271,India,3,False,tuning
S1-204061055,India,4,False,evaluation
S1-204089190,US,5,False,evaluation
S1-204197081,India,2,False,evaluation
S1-204332249,US,5,False,tuning
S1-204359040,US,5,False,tuning
S1-204382365,India,3,False,evaluation
S1-204411298,US,4,False,evaluation
S1-204421618,India,5,False,tuning
S1-204423089,US,0,True,tuning
S1-204437250,US,3,False,evaluation
S1-204472679,US,3,False,evaluation
S1-20448036,India,4,False,evaluation
S1-204593449,US,3,False,evaluation
S1-204597568,India,0,True,evaluation
S1-20461882,India,2,False,tuning
S1-204631196,India,2,False,evaluation
S1-204688739,US,2,False,tuning
S1-20469447,US,1,False,evaluation
S1-204702257,US,4,False,tuning
S1-204711353,India,1,False,tuning
S1-204760155,US,7,False,evaluation
S1-204926352,India,4,False,evaluation
S1-204970452,US,6,False,evaluation
S1-204979814,US,0,True,tuning
S1-204983880,India,2,False,tuning
S1-205026990,US,2,False,evaluation
S1-205037016,US,2,False,evaluation
S1-205038848,US,4,False,tuning
S1-205088844,India,4,False,evaluation
S1-205188818,US,3,False,evaluation
S1-205195376,US,3,False,evaluation
S1-205203879,US,7,False,tuning
S1-205286405,India,4,False,evaluation
S1-205327311,US,7,False,tuning
S1-205333968,India,3,False,tuning
S1-205412455,India,7,False,evaluation
S1-205419090,US,6,False,evaluation
S1-205434928,US,0,True,evaluation
S1-205457575,India,1,False,evaluation
S1-205501812,US,4,False,tuning
S1-205542840,India,4,False,evaluation
S1-20556856,India,5,False,evaluation
S1-205581344,India,2,False,evaluation
S1-205682178,US,3,False,tuning
S1-205704928,India,7,False,evaluation
S1-205828082,US,2,False,tuning
S1-205847787,India,3,False,tuning
S1-205906502,US,4,False,evaluation
S1-205957177,India,3,False,evaluation
S1-205975483,US,3,False,tuning
S1-206023091,US,5,False,tuning
S1-206073945,India,5,False,evaluation
S1-206182469,India,3,False,evaluation
S1-206193978,US,3,False,evaluation
S1-206207827,US,4,False,evaluation
S1-206247052,India,3,False,tuning
S1-206317915,India,2,False,evaluation
S1-206379098,India,2,False,tuning
S1-206390855,US,4,False,tuning
S1-206469685,India,4,False,evaluation
S1-206509133,US,6,False,evaluation
S1-206550382,US,4,False,evaluation
S1-206558506,India,7,False,tuning
S1-20656088,US,3,False,tuning
S1-206595190,India,3,False,tuning
S1-206646610,India,3,False,evaluation
S1-206686362,India,3,False,evaluation
S1-206721571,India,3,False,evaluation
S1-20672382,US,2,False,evaluation
S1-206753882,US,2,False,evaluation
S1-206797660,US,4,False,evaluation
S1-206807026,India,3,False,evaluation
S1-206928308,India,4,False,evaluation
S1-207005581,US,6,False,evaluation
S1-207031990,India,5,False,evaluation
S1-207052711,US,2,False,tuning
S1-207182570,US,2,False,evaluation
S1-207219383,US,3,False,evaluation
S1-207290190,US,5,False,evaluation
S1-207340814,US,3,False,evaluation
S1-207344484,US,4,False,evaluation
S1-207398770,US,5,False,evaluation
S1-207399884,India,5,False,tuning
S1-207417538,US,3,False,evaluation
S1-207590961,India,6,False,evaluation
S1-20761852,US,2,False,tuning
S1-207769691,India,4,False,evaluation
S1-207789414,US,3,False,evaluation
S1-207828073,India,1,False,evaluation
S1-20787885,US,4,False,tuning
S1-207976434,US,3,False,evaluation
S1-208006586,US,1,False,tuning
S1-208087225,US,3,False,tuning
S1-20812582,India,2,False,tuning
S1-208185090,India,3,False,tuning
S1-208245416,India,5,False,evaluation
S1-208275453,US,4,False,tuning
S1-208289868,India,5,False,evaluation
S1-208291949,US,5,False,tuning
S1-208318448,US,4,False,tuning
S1-208357348,US,6,False,evaluation
S1-208360761,US,3,False,tuning
S1-208486210,India,4,False,evaluation
S1-208499775,India,0,True,tuning
S1-20850883,US,3,False,evaluation
S1-208510231,US,5,False,evaluation
S1-208553811,US,6,False,evaluation
S1-208893213,India,5,False,tuning
S1-208946491,US,5,False,evaluation
S1-209093652,US,4,False,tuning
S1-209108551,US,2,False,evaluation
S1-20912265,India,5,False,evaluation
S1-209161776,US,4,False,evaluation
S1-209194716,US,3,False,evaluation
S1-209211433,US,3,False,tuning
S1-209228641,US,3,False,tuning
S1-209242212,US,2,False,evaluation
S1-209343211,US,4,False,evaluation
S1-209391141,US,6,False,tuning
S1-209396735,US,4,False,tuning
S1-209412906,US,3,False,evaluation
S1-209413124,India,7,False,evaluation
S1-209488725,US,6,False,evaluation
S1-209495545,US,5,False,tuning
S1-209555782,US,4,False,tuning
S1-209688361,India,4,False,evaluation
S1-209703064,US,6,False,evaluation
S1-209772721,US,1,False,tuning
S1-209841187,US,1,False,tuning
S1-209894102,US,5,False,evaluation
S1-20990175,India,1,False,tuning
S1-209910601,India,5,False,evaluation
S1-210026836,India,5,False,tuning
S1-210029373,US,0,True,evaluation
S1-210071172,US,5,False,tuning
S1-210085705,India,4,False,evaluation
S1-210089566,India,5,False,evaluation
S1-210099313,US,2,False,tuning
S1-210150177,US,1,False,evaluation
S1-210151085,India,7,False,evaluation
S1-210184784,US,4,False,tuning
S1-210250357,US,5,False,tuning
S1-210282099,US,1,False,evaluation
S1-210285978,India,2,False,evaluation
S1-210356589,US,4,False,tuning
S1-210505574,India,2,False,evaluation
S1-210530988,US,0,True,evaluation
S1-210542739,India,3,False,tuning
S1-210554215,US,5,False,evaluation
S1-21064141,India,2,False,tuning
S1-210711888,US,3,False,tuning
S1-210755779,US,3,False,tuning
S1-210766183,India,3,False,evaluation
S1-210802229,US,4,False,tuning
S1-210820690,India,3,False,evaluation
S1-210882477,India,4,False,tuning
S1-210886290,India,4,False,tuning
S1-210969097,India,2,False,tuning
S1-211190815,US,4,False,tuning
S1-21121625,US,5,False,evaluation
S1-211226668,US,5,False,evaluation
S1-211242125,US,1,False,evaluation
S1-211261567,US,4,False,tuning
S1-211263556,US,4,False,evaluation
S1-211293205,US,3,False,evaluation
S1-211337920,India,1,False,evaluation
S1-211339843,India,2,False,tuning
S1-211340208,US,3,False,evaluation
S1-21141102,India,7,False,tuning
S1-211440084,India,7,False,tuning
S1-211446712,India,2,False,evaluation
S1-211499426,US,4,False,tuning
S1-211666610,India,4,False,tuning
S1-211709139,India,6,False,tuning
S1-211720357,US,3,False,evaluation
S1-211730409,US,0,True,evaluation
S1-211805696,India,4,False,tuning
S1-21187652,US,2,False,evaluation
S1-211893117,India,2,False,tuning
S1-211947530,US,6,False,evaluation
S1-211954524,India,6,False,evaluation
S1-212146798,US,1,False,evaluation
S1-212232849,India,5,False,evaluation
S1-21224316,US,0,True,tuning
S1-212245832,US,3,False,evaluation
S1-212279400,India,4,False,tuning
S1-212434211,US,5,False,evaluation
S1-212476404,India,4,False,evaluation
S1-2126064,US,6,False,tuning
S1-212628533,US,3,False,evaluation
S1-212742595,India,4,False,tuning
S1-212745211,US,6,False,tuning
S1-212770838,India,4,False,evaluation
S1-212885975,US,2,False,tuning
S1-212990294,US,5,False,evaluation
S1-213041690,India,4,False,evaluation
S1-213057787,US,3,False,evaluation
S1-213111546,India,2,False,tuning
S1-213122079,US,3,False,tuning
S1-213366377,India,3,False,tuning
S1-213394297,US,5,False,evaluation
S1-213443187,India,3,False,evaluation
S1-213448519,US,4,False,tuning
S1-213463200,US,5,False,evaluation
S1-213518577,India,1,False,evaluation
S1-213590577,India,7,False,evaluation
S1-213678099,US,2,False,tuning
S1-213699297,India,5,False,tuning
S1-213748677,India,6,False,evaluation
S1-213768919,US,3,False,evaluation
S1-213808979,US,0,True,tuning
S1-213833620,US,4,False,tuning
S1-213834740,India,4,False,tuning
S1-213948267,US,0,True,evaluation
S1-2139769,US,4,False,tuning
S1-213977086,US,2,False,evaluation
S1-213991123,US,5,False,evaluation
S1-214004048,India,4,False,evaluation
S1-214157897,US,4,False,tuning
S1-21429822,India,3,False,evaluation
S1-214309675,US,3,False,tuning
S1-214417982,India,5,False,evaluation
S1-214423825,US,3,False,evaluation
S1-214456321,India,3,False,tuning
S1-214472649,India,1,False,evaluation
S1-21457680,US,2,False,tuning
S1-214606861,US,4,False,tuning
S1-214644757,India,6,False,tuning
S1-214692561,US,3,False,evaluation
S1-214697048,India,4,False,tuning
S1-214705162,US,2,False,evaluation
S1-214715648,India,2,False,evaluation
S1-214722505,US,3,False,tuning
S1-214725026,US,1,False,evaluation
S1-214726011,US,0,True,evaluation
S1-214748499,US,4,False,evaluation
S1-214753880,US,0,True,evaluation
S1-214769968,US,3,False,tuning
S1-214778099,US,4,False,evaluation
S1-214878896,India,4,False,evaluation
S1-214898305,US,3,False,tuning
S1-21494756,US,5,False,evaluation
S1-214975321,India,3,False,tuning
S1-215045644,India,1,False,tuning
S1-215063353,India,6,False,evaluation
S1-215092353,US,4,False,evaluation
S1-215187044,India,4,False,tuning
S1-215200365,US,4,False,evaluation
S1-215265505,US,4,False,evaluation
S1-215295226,US,3,False,evaluation
S1-215314806,India,3,False,evaluation
S1-2153178,India,2,False,tuning
S1-215342955,India,3,False,tuning
S1-215379432,US,0,True,evaluation
S1-215455790,US,4,False,evaluation
S1-215562334,US,0,True,tuning
S1-215665134,US,3,False,evaluation
S1-215686380,India,4,False,tuning
S1-215705993,US,3,False,evaluation
S1-215748003,US,2,False,evaluation
S1-215805512,US,5,False,evaluation
S1-21581622,US,4,False,tuning
S1-215848751,US,3,False,tuning
S1-215909193,US,3,False,tuning
S1-215910337,US,3,False,tuning
S1-21591150,India,0,True,evaluation
S1-215962714,US,5,False,evaluation
S1-215974924,US,3,False,evaluation
S1-216011575,India,3,False,evaluation
S1-216035343,India,5,False,tuning
S1-216082600,India,0,True,evaluation
S1-216087409,India,5,False,evaluation
S1-216129548,US,0,True,tuning
S1-216146139,US,3,False,evaluation
S1-216234074,India,3,False,evaluation
S1-21626724,India,3,False,evaluation
S1-216280292,US,3,False,tuning
S1-216296374,India,3,False,evaluation
S1-216326766,US,3,False,evaluation
S1-216353561,US,6,False,tuning
S1-216412460,US,3,False,tuning
S1-216432485,US,5,False,tuning
S1-216437295,India,4,False,evaluation
S1-216733971,India,3,False,evaluation
S1-216872097,India,2,False,evaluation
S1-21687329,US,6,False,evaluation
S1-216978483,US,5,False,tuning
S1-217000783,US,1,False,tuning
S1-217015512,India,3,False,tuning
S1-21701883,India,5,False,tuning
S1-217064066,US,3,False,tuning
S1-217105854,US,2,False,evaluation
S1-217251581,India,2,False,evaluation
S1-21743640,US,7,False,evaluation
S1-217440050,US,4,False,evaluation
S1-217472884,US,3,False,evaluation
S1-217537199,US,4,False,evaluation
S1-217553311,India,0,True,tuning
S1-217568226,US,4,False,evaluation
S1-217636860,US,2,False,evaluation
S1-217661413,US,4,False,evaluation
S1-217664155,US,4,False,tuning
S1-217720146,US,5,False,evaluation
S1-217747449,US,3,False,tuning
S1-217751463,US,3,False,evaluation
S1-217806980,US,7,False,tuning
S1-217873466,India,4,False,tuning
S1-217930107,US,1,False,evaluation
S1-217944544,India,4,False,tuning
S1-217974242,US,0,True,evaluation
S1-218026028,India,5,False,evaluation
S1-21828417,India,1,False,tuning
S1-218377950,US,4,False,tuning
S1-218385893,India,6,False,evaluation
S1-218392965,US,3,False,tuning
S1-218396099,India,4,False,evaluation
S1-218419599,US,4,False,evaluation
S1-218462055,US,2,False,evaluation
S1-218512688,India,4,False,tuning
S1-218549795,US,7,False,evaluation
S1-218748899,US,3,False,tuning
S1-218753259,India,3,False,tuning
S1-218758702,US,4,False,evaluation
S1-218851820,US,4,False,evaluation
S1-218894892,India,3,False,evaluation
S1-21889885,US,3,False,tuning
S1-218899145,US,5,False,tuning
S1-218921597,India,5,False,evaluation
S1-219010281,India,3,False,tuning
S1-219029986,India,4,False,tuning
S1-219067126,US,2,False,tuning
S1-21909042,US,3,False,tuning
S1-219242679,India,4,False,evaluation
S1-219249965,India,3,False,evaluation
S1-219253030,US,4,False,evaluation
S1-219283514,India,4,False,tuning
S1-219306976,India,5,False,tuning
S1-219395749,US,3,False,tuning
S1-219407690,US,2,False,tuning
S1-219437331,US,3,False,tuning
S1-219438001,India,9,False,evaluation
S1-219506932,India,3,False,evaluation
S1-219538635,India,3,False,tuning
S1-21955760,US,3,False,evaluation
S1-219620879,India,5,False,evaluation
S1-219624090,US,1,False,evaluation
S1-219845945,US,3,False,tuning
S1-220034851,US,4,False,evaluation
S1-220193470,US,5,False,evaluation
S1-220271332,India,2,False,tuning
S1-220415030,US,3,False,evaluation
S1-220452974,India,0,True,evaluation
S1-220467509,US,5,False,evaluation
S1-220502942,US,0,True,tuning
S1-220540377,US,1,False,tuning
S1-220599101,US,4,False,evaluation
S1-220687705,US,4,False,evaluation
S1-220735144,India,0,True,tuning
S1-220828879,India,0,True,evaluation
S1-220834822,US,3,False,evaluation
S1-220885153,US,6,False,evaluation
S1-220918697,US,4,False,tuning
S1-221005974,India,5,False,evaluation
S1-221049359,India,4,False,tuning
S1-22104944,India,5,False,evaluation
S1-221050753,India,3,False,tuning
S1-221132030,India,5,False,evaluation
S1-221268912,India,5,False,evaluation
S1-221286199,US,3,False,evaluation
S1-221343091,India,3,False,tuning
S1-221350939,US,4,False,evaluation
S1-221457645,US,6,False,tuning
S1-22149206,India,6,False,evaluation
S1-221513551,US,6,False,evaluation
S1-221516828,India,4,False,evaluation
S1-221647807,US,4,False,evaluation
S1-221688930,US,6,False,tuning
S1-221718896,US,3,False,evaluation
S1-221720626,US,5,False,tuning
S1-22174122,US,2,False,evaluation
S1-221802382,US,2,False,tuning
S1-221830085,US,7,False,tuning
S1-221959909,India,6,False,tuning
S1-221966005,US,6,False,evaluation
S1-221968486,India,4,False,evaluation
S1-221974610,US,4,False,tuning
S1-221978217,India,2,False,evaluation
S1-222024516,US,4,False,evaluation
S1-222029186,India,4,False,evaluation
S1-222064472,India,5,False,evaluation
S1-222090048,US,4,False,evaluation
S1-222092107,US,3,False,tuning
S1-22215156,US,3,False,evaluation
S1-22217438,India,3,False,evaluation
S1-222179602,India,5,False,tuning
S1-222188153,India,5,False,tuning
S1-222188581,US,4,False,evaluation
S1-222195760,US,5,False,evaluation
S1-222197195,US,3,False,evaluation
S1-222199806,India,2,False,evaluation
S1-222200095,US,2,False,tuning
S1-222272204,India,3,False,tuning
S1-222285796,US,2,False,tuning
S1-222290911,US,3,False,tuning
S1-222390331,US,2,False,evaluation
S1-222424309,India,6,False,evaluation
S1-222447951,US,0,True,evaluation
S1-222451357,US,6,False,evaluation
S1-222497192,US,2,False,tuning
S1-222559699,US,5,False,evaluation
S1-222580141,India,1,False,tuning
S1-222586364,US,1,False,evaluation
S1-222643973,India,5,False,evaluation
S1-222676884,US,5,False,tuning
S1-222699128,India,4,False,tuning
S1-222803845,US,2,False,evaluation
S1-222831975,US,6,False,evaluation
S1-222956512,US,2,False,tuning
S1-223064872,India,3,False,evaluation
S1-223117059,India,6,False,tuning
S1-223141947,US,2,False,evaluation
S1-223166821,US,2,False,evaluation
S1-223185517,India,5,False,tuning
S1-223227214,India,5,False,tuning
S1-22328079,US,4,False,evaluation
S1-22329674,US,4,False,tuning
S1-223402998,India,6,False,tuning
S1-223409576,India,3,False,evaluation
S1-22350508,US,7,False,tuning
S1-223510119,US,3,False,tuning
S1-223529654,India,6,False,tuning
S1-223544291,US,7,False,tuning
S1-223572573,India,2,False,evaluation
S1-223573348,India,3,False,tuning
S1-223677021,US,2,False,evaluation
S1-223735577,India,4,False,evaluation
S1-223759719,US,3,False,tuning
S1-223824291,US,5,False,tuning
S1-223933955,US,6,False,evaluation
S1-223980029,US,6,False,tuning
S1-224031326,US,2,False,tuning
S1-224034484,US,0,True,tuning
S1-224053413,India,4,False,tuning
S1-224098972,US,3,False,tuning
S1-224156764,US,3,False,evaluation
S1-224197010,US,5,False,evaluation
S1-224312918,US,4,False,tuning
S1-224341219,US,7,False,tuning
S1-224348369,India,3,False,tuning
S1-224367366,India,3,False,evaluation
S1-224420193,US,4,False,evaluation
S1-224463203,India,3,False,evaluation
S1-22456270,India,0,True,evaluation
S1-224562748,India,6,False,tuning
S1-224566887,US,2,False,evaluation
S1-224582201,India,3,False,evaluation
S1-22458802,India,4,False,evaluation
S1-22458969,US,4,False,tuning
S1-224610558,US,3,False,tuning
S1-224611673,India,3,False,tuning
S1-224696173,US,4,False,evaluation
S1-224707268,India,2,False,tuning
S1-224725722,US,4,False,evaluation
S1-22476881,US,7,False,tuning
S1-224882197,US,4,False,tuning
S1-224887581,US,4,False,tuning
S1-224903148,India,4,False,tuning
S1-224934681,India,5,False,evaluation
S1-224993283,India,1,False,evaluation
S1-225015652,India,3,False,evaluation
S1-225047892,US,3,False,evaluation
S1-22509315,US,4,False,evaluation
S1-225116221,India,5,False,tuning
S1-225118476,US,7,False,evaluation
S1-225170478,US,2,False,tuning
S1-225179337,US,2,False,evaluation
S1-225300180,India,2,False,evaluation
S1-225303530,US,5,False,tuning
S1-225311403,India,3,False,evaluation
S1-225313450,US,3,False,evaluation
S1-225427462,US,4,False,tuning
S1-22547537,US,2,False,evaluation
S1-225479914,US,4,False,tuning
S1-225507190,US,2,False,evaluation
S1-225517787,US,5,False,evaluation
S1-225529647,India,6,False,evaluation
S1-225597437,India,5,False,tuning
S1-225670824,US,2,False,evaluation
S1-225682853,US,2,False,evaluation
S1-22572336,US,4,False,tuning
S1-225815428,India,0,True,evaluation
S1-225852696,India,2,False,evaluation
S1-225864049,India,6,False,evaluation
S1-225873867,India,3,False,tuning
S1-225919167,US,0,True,evaluation
S1-22592434,India,6,False,evaluation
S1-225949971,India,0,True,tuning
S1-225979749,US,2,False,tuning
S1-226017395,US,2,False,evaluation
S1-226038366,US,0,True,tuning
S1-226043750,US,3,False,tuning
S1-226055061,US,2,False,evaluation
S1-226155532,US,9,False,evaluation
S1-226223837,US,3,False,tuning
S1-226242860,US,3,False,evaluation
S1-226452676,India,2,False,evaluation
S1-226653584,US,0,True,evaluation
S1-226661584,India,4,False,evaluation
S1-226662730,US,6,False,evaluation
S1-226666331,India,4,False,evaluation
S1-226817768,US,5,False,evaluation
S1-226842395,US,3,False,evaluation
S1-226885968,US,4,False,evaluation
S1-226901136,India,6,False,evaluation
S1-226956296,India,6,False,evaluation
S1-226991029,India,0,True,evaluation
S1-227011208,India,2,False,evaluation
S1-227075567,US,5,False,evaluation
S1-227241598,India,2,False,tuning
S1-227311955,India,5,False,tuning
S1-227364786,US,5,False,evaluation
S1-227389117,US,3,False,evaluation
S1-22742888,India,3,False,tuning
S1-227457618,US,5,False,evaluation
S1-227631682,US,0,True,tuning
S1-227708080,India,2,False,tuning
S1-227728095,India,1,False,tuning
S1-227786054,US,3,False,evaluation
S1-22780159,US,4,False,evaluation
S1-227811633,US,4,False,tuning
S1-227890344,US,5,False,evaluation
S1-227971978,US,3,False,evaluation
S1-227992435,India,3,False,tuning
S1-228135917,India,4,False,tuning
S1-228136071,India,3,False,tuning
S1-228187597,India,2,False,evaluation
S1-228209284,India,7,False,tuning
S1-228268366,India,6,False,tuning
S1-228427471,India,5,False,evaluation
S1-228532495,India,5,False,tuning
S1-228645393,US,3,False,tuning
S1-22864684,US,2,False,evaluation
S1-228688279,US,1,False,tuning
S1-22878993,US,3,False,tuning
S1-228805313,India,3,False,evaluation
S1-228828110,US,4,False,tuning
S1-229049493,US,3,False,evaluation
S1-229112175,India,0,True,evaluation
S1-229202425,US,5,False,evaluation
S1-22931815,US,4,False,evaluation
S1-229403964,India,6,False,evaluation
S1-229469257,US,5,False,evaluation
S1-229514919,US,2,False,tuning
S1-229605996,US,4,False,tuning
S1-229615143,India,4,False,tuning
S1-229651535,India,2,False,evaluation
S1-229975473,India,3,False,tuning
S1-230113690,US,4,False,evaluation
S1-230129626,India,5,False,tuning
S1-230260692,US,4,False,evaluation
S1-230314462,US,3,False,evaluation
S1-230404822,US,2,False,evaluation
S1-230491249,US,1,False,evaluation
S1-230497537,US,4,False,evaluation
S1-230506127,US,2,False,tuning
S1-230525405,US,4,False,evaluation
S1-230571321,India,2,False,evaluation
S1-230596400,India,5,False,evaluation
S1-230604897,US,4,False,evaluation
S1-230630691,US,4,False,tuning
S1-230696904,India,4,False,evaluation
S1-23084245,US,0,True,evaluation
S1-230851521,US,4,False,tuning
S1-230903420,US,0,True,evaluation
S1-230954973,US,4,False,tuning
S1-230964033,India,4,False,evaluation
S1-230976675,US,5,False,evaluation
S1-230987399,US,5,False,tuning
S1-231010191,US,4,False,tuning
S1-231036087,India,4,False,evaluation
S1-231126781,India,5,False,tuning
S1-231130050,US,2,False,evaluation
S1-231161846,India,6,False,evaluation
S1-231195838,US,6,False,evaluation
S1-231212614,US,3,False,evaluation
S1-231233455,US,6,False,tuning
S1-231334965,India,3,False,evaluation
S1-231343003,US,3,False,evaluation
S1-231351624,India,6,False,evaluation
S1-231370474,US,2,False,evaluation
S1-231400147,India,3,False,evaluation
S1-231402376,US,6,False,evaluation
S1-231478777,India,1,False,tuning
S1-231529316,India,4,False,evaluation
S1-231555302,US,8,False,tuning
S1-231774539,US,1,False,evaluation
S1-231801678,US,3,False,evaluation
S1-231815722,US,6,False,evaluation
S1-231966997,US,1,False,tuning
S1-231991096,US,5,False,tuning
S1-232104202,US,4,False,tuning
S1-232201872,India,4,False,evaluation
S1-232241206,US,2,False,tuning
S1-232292178,US,3,False,tuning
S1-232298053,US,6,False,evaluation
S1-232346863,India,3,False,tuning
S1-232402596,India,3,False,tuning
S1-232416339,India,0,True,evaluation
S1-232606604,India,7,False,tuning
S1-232627464,US,6,False,tuning
S1-232637349,US,5,False,evaluation
S1-232646592,US,3,False,evaluation
S1-232729322,US,1,False,evaluation
S1-232802502,India,6,False,tuning
S1-2329892,US,3,False,evaluation
S1-2330633,US,4,False,evaluation
S1-233098265,US,5,False,evaluation
S1-233160484,US,0,True,evaluation
S1-23319837,US,7,False,evaluation
S1-233204762,US,4,False,evaluation
S1-233221150,India,4,False,tuning
S1-233275797,US,5,False,tuning
S1-233286377,US,3,False,tuning
S1-233299742,US,6,False,tuning
S1-23333599,US,6,False,tuning
S1-233352253,US,3,False,evaluation
S1-233365640,US,2,False,evaluation
S1-233422291,US,8,False,tuning
S1-233454888,India,1,False,tuning
S1-233585553,US,0,True,tuning
S1-233664800,US,4,False,tuning
S1-233732268,US,3,False,evaluation
S1-233840933,US,3,False,evaluation
S1-233854025,US,2,False,tuning
S1-233911671,US,4,False,evaluation
S1-233952087,US,3,False,evaluation
S1-234021970,India,2,False,tuning
S1-234036100,India,9,False,evaluation
S1-234036785,US,3,False,evaluation
S1-234145053,US,2,False,evaluation
S1-234267669,US,0,True,tuning
S1-234331972,US,2,False,tuning
S1-234386751,US,3,False,evaluation
S1-234577105,US,4,False,tuning
S1-234681766,US,1,False,tuning
S1-234695195,US,5,False,tuning
S1-234696984,India,4,False,evaluation
S1-23480268,US,1,False,tuning
S1-234904725,US,3,False,evaluation
S1-234915835,US,4,False,tuning
S1-234943704,India,3,False,evaluation
S1-234949774,India,3,False,tuning
S1-234995933,US,5,False,evaluation
S1-235009181,US,2,False,evaluation
S1-235087161,India,0,True,evaluation
S1-235089154,US,3,False,tuning
S1-235098980,India,2,False,evaluation
S1-235133990,US,4,False,tuning
S1-235142982,US,5,False,evaluation
S1-235159167,US,2,False,evaluation
S1-235168369,US,2,False,evaluation
S1-235242344,US,5,False,tuning
S1-235251797,India,4,False,tuning
S1-235307078,India,3,False,tuning
S1-235346447,India,3,False,evaluation
S1-235398954,India,4,False,evaluation
S1-23547480,US,6,False,evaluation
S1-235489681,India,4,False,evaluation
S1-235502128,US,5,False,evaluation
S1-235523441,US,7,False,tuning
S1-23559880,India,5,False,evaluation
S1-235602967,India,4,False,tuning
S1-235639394,India,2,False,evaluation
S1-235703141,India,3,False,evaluation
S1-235721033,US,2,False,evaluation
S1-235795857,India,2,False,evaluation
S1-235806914,US,5,False,tuning
S1-235813123,US,5,False,evaluation
S1-235848572,US,4,False,tuning
S1-235849858,India,6,False,tuning
S1-235850419,US,5,False,tuning
S1-235852084,India,1,False,evaluation
S1-235877837,India,5,False,tuning
S1-235907247,US,1,False,tuning
S1-235972899,India,2,False,evaluation
S1-236090870,US,5,False,evaluation
S1-236201013,US,3,False,tuning
S1-236206590,India,4,False,evaluation
S1-236227608,US,3,False,evaluation
S1-236285536,US,8,False,evaluation
S1-236319465,India,0,True,evaluation
S1-23648187,US,4,False,evaluation
S1-23651159,India,3,False,tuning
S1-236516722,US,4,False,tuning
S1-236581838,US,5,False,tuning
S1-236710480,India,3,False,evaluation
S1-236722736,India,2,False,tuning
S1-236725601,US,2,False,evaluation
S1-236778212,US,6,False,evaluation
S1-236813228,US,4,False,evaluation
S1-236831530,India,4,False,tuning
S1-236979711,US,3,False,evaluation
S1-237040891,India,4,False,tuning
S1-237075715,India,4,False,evaluation
S1-237154760,US,3,False,tuning
S1-237169832,US,2,False,evaluation
S1-237180702,US,4,False,evaluation
S1-237191406,US,5,False,evaluation
S1-237201685,US,6,False,evaluation
S1-237328336,India,7,False,evaluation
S1-237343671,India,2,False,tuning
S1-237379376,India,4,False,evaluation
S1-237395790,US,3,False,tuning
S1-237431785,India,4,False,evaluation
S1-237484368,US,7,False,evaluation
S1-237517027,US,2,False,tuning
S1-237530083,US,6,False,evaluation
S1-237606626,US,1,False,evaluation
S1-237618142,US,8,False,evaluation
S1-237664189,US,5,False,evaluation
S1-237665394,US,5,False,evaluation
S1-237677177,US,4,False,evaluation
S1-237713198,US,3,False,evaluation
S1-237792281,India,0,True,tuning
S1-237805321,India,2,False,evaluation
S1-23793505,US,3,False,evaluation
S1-237945052,India,3,False,evaluation
S1-237984895,US,3,False,tuning
S1-238039681,US,5,False,evaluation
S1-238059897,India,3,False,tuning
S1-238142194,US,5,False,tuning
S1-238255132,US,2,False,evaluation
S1-238378091,India,6,False,tuning
S1-238402398,US,3,False,tuning
S1-238477391,US,3,False,tuning
S1-238497577,US,3,False,tuning
S1-238501091,India,5,False,evaluation
S1-238504482,US,4,False,evaluation
S1-238577361,US,5,False,evaluation
S1-238642163,US,6,False,tuning
S1-238677864,US,2,False,tuning
S1-238690439,India,4,False,tuning
S1-23871452,US,5,False,tuning
S1-238755981,India,4,False,evaluation
S1-23876597,India,4,False,tuning
S1-238777013,US,6,False,tuning
S1-238805582,US,2,False,tuning
S1-238919855,India,0,True,evaluation
S1-238929079,US,5,False,evaluation
S1-239058300,India,4,False,evaluation
S1-239077868,US,2,False,tuning
S1-239139030,India,0,True,evaluation
S1-23915088,India,3,False,evaluation
S1-239186334,US,3,False,evaluation
S1-239207420,US,4,False,tuning
S1-239226412,US,2,False,tuning
S1-239365419,US,5,False,tuning
S1-239369241,India,6,False,evaluation
S1-239396375,India,2,False,evaluation
S1-239408281,India,3,False,evaluation
S1-239478771,US,4,False,tuning
S1-239536988,US,4,False,tuning
S1-239606233,India,4,False,evaluation
S1-239617846,US,5,False,evaluation
S1-239663385,India,2,False,evaluation
S1-239689667,India,5,False,evaluation
S1-239700393,India,4,False,evaluation
S1-239718219,US,6,False,evaluation
S1-239719538,India,4,False,evaluation
S1-239888552,India,3,False,tuning
S1-23989523,US,3,False,tuning
S1-23992701,India,3,False,tuning
S1-240021613,US,3,False,evaluation
S1-240063553,India,4,False,evaluation
S1-240080195,US,6,False,tuning
S1-240105833,US,1,False,evaluation
S1-240166372,US,3,False,evaluation
S1-240192562,India,1,False,tuning
S1-240236871,US,4,False,evaluation
S1-240239169,US,1,False,tuning
S1-240266479,India,4,False,tuning
S1-240358175,India,3,False,evaluation
S1-240382821,US,4,False,evaluation
S1-2403933,India,5,False,tuning
S1-240438882,India,3,False,tuning
S1-240441778,India,5,False,tuning
S1-240476704,India,2,False,tuning
S1-240484285,US,0,True,evaluation
S1-240490930,US,4,False,tuning
S1-240592306,US,4,False,tuning
S1-240626608,India,5,False,tuning
S1-240633687,India,3,False,evaluation
S1-240710419,US,0,True,evaluation
S1-240780517,US,5,False,evaluation
S1-240797486,US,2,False,tuning
S1-240821641,India,0,True,tuning
S1-240842286,US,3,False,evaluation
S1-240865897,India,2,False,evaluation
S1-240880722,US,2,False,tuning
S1-240892127,US,4,False,evaluation
S1-240918026,India,7,False,tuning
S1-240979663,India,4,False,tuning
S1-240994457,US,7,False,tuning
S1-241023258,US,4,False,tuning
S1-241045673,US,2,False,tuning
S1-241052906,India,3,False,tuning
S1-241076619,US,2,False,evaluation
S1-241110820,US,2,False,tuning
S1-241129043,US,4,False,evaluation
S1-241274057,US,1,False,tuning
S1-241305310,US,2,False,evaluation
S1-241321770,India,4,False,evaluation
S1-24134862,US,4,False,tuning
S1-241360735,India,6,False,evaluation
S1-241368701,India,6,False,evaluation
S1-241381118,US,3,False,evaluation
S1-24140715,US,5,False,evaluation
S1-241552658,US,1,False,evaluation
S1-241691473,US,1,False,evaluation
S1-241705328,US,2,False,evaluation
S1-24170898,India,2,False,evaluation
S1-241799543,US,3,False,evaluation
S1-241955300,US,2,False,evaluation
S1-242047058,US,3,False,tuning
S1-242081067,India,4,False,evaluation
S1-242116856,US,3,False,evaluation
S1-242175242,India,4,False,evaluation
S1-242184330,US,4,False,evaluation
S1-242245609,US,3,False,tuning
S1-24225684,India,0,True,tuning
S1-24231876,US,3,False,evaluation
S1-242380534,US,3,False,evaluation
S1-242389231,US,6,False,tuning
S1-242404336,US,5,False,tuning
S1-242432291,US,3,False,evaluation
S1-242440935,US,3,False,evaluation
S1-242462418,US,0,True,evaluation
S1-242503797,India,0,True,evaluation
S1-24251340,India,4,False,tuning
S1-242517848,US,4,False,evaluation
S1-242596742,US,4,False,evaluation
S1-242611154,US,1,False,tuning
S1-242717261,US,0,True,evaluation
S1-242787830,US,3,False,tuning
S1-242854786,US,3,False,tuning
S1-243021358,US,4,False,tuning
S1-243098200,India,4,False,evaluation
S1-24323217,US,4,False,tuning
S1-243304930,US,5,False,tuning
S1-243367827,India,0,True,evaluation
S1-243426586,India,2,False,tuning
S1-243463160,US,3,False,evaluation
S1-243486146,India,2,False,evaluation
S1-243490519,US,6,False,evaluation
S1-243542427,US,2,False,tuning
S1-243546668,India,5,False,evaluation
S1-243610578,US,4,False,evaluation
S1-243626937,India,6,False,tuning
S1-243677757,India,7,False,tuning
S1-243741656,India,0,True,evaluation
S1-243793417,US,5,False,evaluation
S1-243851528,India,6,False,evaluation
S1-243852671,US,5,False,tuning
S1-243861984,US,2,False,evaluation
S1-24394428,US,5,False,evaluation
S1-243982787,US,6,False,tuning
S1-244014053,India,2,False,tuning
S1-244030658,US,4,False,tuning
S1-244033037,India,3,False,evaluation
S1-244042464,US,3,False,tuning
S1-244057744,US,4,False,tuning
S1-244064731,India,4,False,tuning
S1-244155248,US,0,True,tuning
S1-244206068,US,6,False,tuning
S1-24425102,India,5,False,tuning
S1-244283235,US,3,False,evaluation
S1-244366438,India,3,False,tuning
S1-244415045,India,0,True,tuning
S1-244459220,India,4,False,evaluation
S1-244530750,US,0,True,evaluation
S1-244587914,US,6,False,evaluation
S1-244663723,US,4,False,evaluation
S1-244694478,US,3,False,evaluation
S1-244712351,India,4,False,evaluation
S1-244714809,US,2,False,evaluation
S1-244799500,India,5,False,evaluation
S1-244800548,US,4,False,tuning
S1-244809860,India,0,True,tuning
S1-244920366,US,5,False,evaluation
S1-244944292,US,4,False,evaluation
S1-245020852,US,2,False,evaluation
S1-245076284,US,3,False,tuning
S1-245084633,India,4,False,evaluation
S1-245158009,India,4,False,evaluation
S1-245167084,US,2,False,tuning
S1-245183912,US,3,False,evaluation
S1-24524308,US,4,False,evaluation
S1-245249412,US,0,True,tuning
S1-245260249,US,2,False,evaluation
S1-245288463,US,4,False,evaluation
S1-245291268,India,1,False,tuning
S1-245316885,US,0,True,tuning
S1-24532087,India,2,False,evaluation
S1-245372770,US,4,False,evaluation
S1-245431841,US,4,False,evaluation
S1-24545164,US,2,False,evaluation
S1-245453870,US,3,False,evaluation
S1-245472789,US,3,False,evaluation
S1-245541072,US,3,False,tuning
S1-245576779,India,4,False,tuning
S1-245615325,US,4,False,evaluation
S1-24577591,India,8,False,evaluation
S1-245808112,US,5,False,evaluation
S1-245944298,US,5,False,evaluation
S1-245965289,India,3,False,tuning
S1-246115223,US,3,False,evaluation
S1-24620490,India,4,False,tuning
S1-246220977,US,4,False,evaluation
S1-246233187,US,3,False,evaluation
S1-246261082,US,3,False,evaluation
S1-246295939,India,6,False,evaluation
S1-246333884,India,3,False,evaluation
S1-246608933,US,4,False,evaluation
S1-24665483,India,1,False,tuning
S1-246690225,India,5,False,tuning
S1-246700786,US,3,False,evaluation
S1-246702893,US,5,False,evaluation
S1-246747520,India,4,False,evaluation
S1-246762059,India,2,False,evaluation
S1-246774913,US,3,False,evaluation
S1-246786595,US,4,False,evaluation
S1-246910191,US,4,False,evaluation
S1-246960037,India,4,False,evaluation
S1-246989280,US,4,False,tuning
S1-247024921,US,6,False,evaluation
S1-247057577,India,2,False,tuning
S1-247069490,US,5,False,evaluation
S1-247073551,US,2,False,evaluation
S1-247074577,US,0,True,evaluation
S1-24710080,India,4,False,evaluation
S1-247121699,India,2,False,tuning
S1-247144945,US,4,False,evaluation
S1-247208592,US,6,False,evaluation
S1-247334282,US,0,True,evaluation
S1-247386560,US,2,False,evaluation
S1-247450650,India,4,False,tuning
S1-247585774,US,3,False,evaluation
S1-247607882,India,3,False,evaluation
S1-247672843,US,5,False,tuning
S1-24770057,US,4,False,evaluation
S1-247781280,US,0,True,evaluation
S1-247792852,US,2,False,tuning
S1-247829407,US,5,False,tuning
S1-24789070,US,6,False,evaluation
S1-247901936,US,2,False,tuning
S1-247990905,India,2,False,evaluation
S1-24801317,India,5,False,tuning
S1-248030386,India,4,False,evaluation
S1-248067136,India,2,False,evaluation
S1-248093324,India,2,False,tuning
S1-248117391,US,3,False,evaluation
S1-248163870,India,6,False,tuning
S1-248264027,US,8,False,evaluation
S1-248267101,US,4,False,tuning
S1-248274535,India,8,False,evaluation
S1-248348599,India,4,False,tuning
S1-248369606,US,4,False,tuning
S1-248381743,US,2,False,evaluation
S1-248432628,US,4,False,tuning
S1-248444759,US,4,False,evaluation
S1-248456714,India,4,False,evaluation
S1-248459232,US,3,False,tuning
S1-248462091,US,5,False,tuning
S1-248507614,India,4,False,evaluation
S1-248508469,US,4,False,tuning
S1-248648895,India,2,False,evaluation
S1-248667508,India,6,False,evaluation
S1-248678606,India,4,False,tuning
S1-248715538,US,2,False,evaluation
S1-248767282,India,5,False,tuning
S1-248772562,US,3,False,evaluation
S1-24883914,US,4,False,evaluation
S1-248843790,US,4,False,tuning
S1-248921895,India,5,False,evaluation
S1-248952663,India,6,False,tuning
S1-248990647,India,3,False,evaluation
S1-249037230,US,3,False,evaluation
S1-249072822,US,6,False,evaluation
S1-249151958,India,1,False,evaluation
S1-249158082,US,5,False,evaluation
S1-249323663,US,5,False,tuning
S1-249334030,US,2,False,tuning
S1-249409739,US,3,False,tuning
S1-249482320,US,2,False,evaluation
S1-249497094,US,0,True,evaluation
S1-249599689,US,2,False,tuning
S1-249671741,US,9,False,tuning
S1-249711562,India,2,False,evaluation
S1-249746118,India,3,False,evaluation
S1-249764384,US,4,False,evaluation
S1-249857857,India,5,False,tuning
S1-249871466,India,5,False,tuning
S1-249954707,US,3,False,tuning
S1-24996997,US,2,False,tuning
S1-249976869,US,2,False,tuning
S1-250006109,US,5,False,evaluation
S1-250149999,India,4,False,evaluation
S1-25018421,US,2,False,tuning
S1-250209735,India,6,False,tuning
S1-250249732,India,5,False,tuning
S1-250340902,India,3,False,evaluation
S1-250393356,US,6,False,evaluation
S1-250469515,US,3,False,tuning
S1-250626747,India,3,False,tuning
S1-250657933,India,3,False,evaluation
S1-250701326,US,4,False,tuning
S1-250843461,India,0,True,tuning
S1-25086911,US,4,False,tuning
S1-250897286,US,1,False,tuning
S1-250926511,India,0,True,tuning
S1-251092845,US,4,False,evaluation
S1-251110956,US,6,False,evaluation
S1-251138253,US,7,False,tuning
S1-251138679,US,6,False,tuning
S1-251205351,US,3,False,tuning
S1-251276997,US,6,False,evaluation
S1-251369082,US,4,False,evaluation
S1-251391849,India,2,False,tuning
S1-251410472,US,6,False,tuning
S1-251458101,US,4,False,evaluation
S1-251475424,US,9,False,evaluation
S1-251563500,India,2,False,tuning
S1-251587580,US,7,False,evaluation
S1-25171106,US,4,False,evaluation
S1-251729337,India,8,False,tuning
S1-25175585,US,2,False,evaluation
S1-251775604,US,5,False,evaluation
S1-251778144,India,4,False,tuning
S1-251781643,US,4,False,evaluation
S1-251787615,US,5,False,tuning
S1-251867446,India,2,False,tuning
S1-251914105,US,4,False,tuning
S1-251923380,US,2,False,tuning
S1-252073772,US,3,False,evaluation
S1-252097006,US,4,False,evaluation
S1-25215278,India,5,False,evaluation
S1-252205275,US,0,True,evaluation
S1-252265602,US,3,False,tuning
S1-252293120,India,4,False,tuning
S1-252306477,India,3,False,evaluation
S1-252333881,US,3,False,evaluation
S1-252337429,India,0,True,evaluation
S1-25236554,US,6,False,tuning
S1-252385622,India,4,False,tuning
S1-25240623,US,4,False,tuning
S1-252443068,US,3,False,evaluation
S1-252525180,US,0,True,evaluation
S1-25261011,US,8,False,evaluation
S1-252619131,US,4,False,tuning
S1-252815076,US,4,False,tuning
S1-252887090,India,3,False,evaluation
S1-252950732,India,4,False,tuning
S1-252959475,India,1,False,tuning
S1-253117268,India,4,False,tuning
S1-253118694,US,5,False,tuning
S1-253152547,US,2,False,evaluation
S1-253194201,US,3,False,evaluation
S1-253228207,US,4,False,evaluation
S1-253331448,India,4,False,tuning
S1-253358438,India,2,False,tuning
S1-253452616,India,2,False,tuning
S1-253469694,India,3,False,tuning
S1-253496377,US,2,False,tuning
S1-253496965,India,2,False,evaluation
S1-25351687,India,3,False,tuning
S1-25352109,US,3,False,tuning
S1-253610758,US,4,False,tuning
S1-253707193,US,2,False,evaluation
S1-253767467,US,4,False,tuning
S1-253791815,India,3,False,tuning
S1-253802332,US,7,False,evaluation
S1-253915276,India,5,False,tuning
S1-254001963,India,2,False,evaluation
S1-254026492,US,4,False,tuning
S1-254063451,India,5,False,tuning
S1-254089167,US,0,True,evaluation
S1-254100604,India,5,False,evaluation
S1-254106836,India,4,False,tuning
S1-254146316,US,2,False,tuning
S1-254188192,India,4,False,evaluation
S1-254195305,India,3,False,tuning
S1-254322365,India,3,False,tuning
S1-254336472,US,5,False,tuning
S1-254390965,India,2,False,evaluation
S1-254417051,US,7,False,evaluation
S1-254490042,India,2,False,tuning
S1-254533949,India,5,False,evaluation
S1-254625944,US,4,False,evaluation
S1-2547394,India,2,False,evaluation
S1-254754237,US,4,False,evaluation
S1-254806448,US,3,False,tuning
S1-254822715,US,3,False,evaluation
S1-254826852,India,1,False,evaluation
S1-254828939,India,2,False,tuning
S1-254873214,India,4,False,tuning
S1-254890567,US,4,False,evaluation
S1-254897377,US,3,False,evaluation
S1-254975472,US,5,False,evaluation
S1-254993426,India,2,False,evaluation
S1-255061172,US,2,False,tuning
S1-255075912,US,1,False,tuning
S1-255090257,India,1,False,tuning
S1-255096457,US,5,False,evaluation
S1-255133905,US,3,False,tuning
S1-255142441,US,4,False,evaluation
S1-255174323,US,3,False,evaluation
S1-255180246,US,2,False,evaluation
S1-255205386,US,4,False,evaluation
S1-255211087,US,4,False,tuning
S1-255235648,US,5,False,tuning
S1-255262879,US,4,False,tuning
S1-255285850,India,3,False,tuning
S1-255289058,India,4,False,evaluation
S1-255343285,India,5,False,evaluation
S1-25537753,India,2,False,tuning
S1-255384836,India,5,False,evaluation
S1-255460074,India,3,False,tuning
S1-255582075,US,2,False,tuning
S1-255626803,US,4,False,tuning
S1-255652208,US,4,False,evaluation
S1-255675118,US,3,False,evaluation
S1-255724863,US,4,False,evaluation
S1-255726938,US,5,False,evaluation
S1-255763329,India,5,False,evaluation
S1-255826588,India,6,False,evaluation
S1-255839053,US,3,False,evaluation
S1-255899748,India,4,False,tuning
S1-256090598,US,4,False,evaluation
S1-256096631,India,5,False,evaluation
S1-256116349,India,3,False,evaluation
S1-256152843,India,7,False,evaluation
S1-256195195,US,3,False,evaluation
S1-256250133,US,5,False,tuning
S1-256269846,US,6,False,evaluation
S1-256272454,US,3,False,tuning
S1-256279885,US,5,False,tuning
S1-256286239,US,7,False,evaluation
S1-256348570,US,4,False,evaluation
S1-256362454,US,0,True,evaluation
S1-256388946,US,5,False,evaluation
S1-256409505,US,3,False,evaluation
S1-256473393,US,4,False,tuning
S1-256481878,US,4,False,evaluation
S1-256569351,US,1,False,tuning
S1-25657684,US,0,True,tuning
S1-256674489,US,0,True,evaluation
S1-256737973,US,2,False,tuning
S1-256808840,India,3,False,tuning
S1-256821416,US,3,False,evaluation
S1-257014390,US,2,False,tuning
S1-257030068,US,3,False,tuning
S1-257032057,India,3,False,evaluation
S1-257060601,US,2,False,evaluation
S1-257081820,US,4,False,tuning
S1-25708525,US,3,False,tuning
S1-25711500,US,2,False,evaluation
S1-257143299,US,5,False,evaluation
S1-257254753,India,6,False,evaluation
S1-25737980,US,0,True,tuning
S1-257425035,India,4,False,tuning
S1-257457172,India,4,False,evaluation
S1-257464815,US,2,False,evaluation
S1-257524132,US,3,False,evaluation
S1-257562410,US,5,False,tuning
S1-257587817,US,3,False,tuning
S1-257609484,US,6,False,evaluation
S1-257661485,US,4,False,evaluation
S1-25767015,India,3,False,evaluation
S1-257693756,US,2,False,tuning
S1-257705151,India,3,False,tuning
S1-2577240,India,3,False,tuning
S1-25774882,US,2,False,evaluation
S1-257897676,India,4,False,tuning
S1-25790628,India,3,False,tuning
S1-257941173,US,2,False,tuning
S1-258006375,US,4,False,tuning
S1-258115006,US,1,False,evaluation
S1-258124891,US,3,False,evaluation
S1-258142555,India,3,False,evaluation
S1-258167198,US,3,False,evaluation
S1-258185803,India,5,False,evaluation
S1-258202008,US,3,False,evaluation
S1-258204006,US,5,False,tuning
S1-258211081,US,3,False,tuning
S1-258221339,US,5,False,tuning
S1-258268404,US,2,False,evaluation
S1-258382826,US,5,False,evaluation
S1-258544518,US,4,False,evaluation
S1-258578825,India,3,False,evaluation
S1-258581574,US,2,False,tuning
S1-258585890,US,6,False,evaluation
S1-258606816,India,0,True,evaluation
S1-258639341,India,4,False,evaluation
S1-258688698,US,5,False,tuning
S1-258693720,US,4,False,tuning
S1-258718527,India,4,False,evaluation
S1-25873973,India,2,False,evaluation
S1-258805575,US,3,False,tuning
S1-258805701,India,3,False,tuning
S1-258825760,India,4,False,evaluation
S1-258905319,US,2,False,evaluation
S1-258907206,US,1,False,evaluation
S1-258942569,India,5,False,evaluation
S1-258944461,US,3,False,evaluation
S1-258962815,US,3,False,evaluation
S1-259012270,India,8,False,evaluation
S1-259085761,India,4,False,evaluation
S1-259130993,US,5,False,tuning
S1-259237699,India,2,False,evaluation
S1-259245266,US,5,False,tuning
S1-259245952,US,2,False,tuning
S1-259260802,India,4,False,tuning
S1-259284135,US,3,False,tuning
S1-25929843,India,4,False,evaluation
S1-259412805,US,1,False,evaluation
S1-259519738,US,5,False,evaluation
S1-259563242,US,5,False,evaluation
S1-2596023,India,1,False,tuning
S1-259607216,India,6,False,tuning
S1-259662582,India,5,False,tuning
S1-259673068,US,0,True,tuning
S1-259703242,India,5,False,evaluation
S1-259780070,India,5,False,evaluation
S1-259899946,US,3,False,evaluation
S1-259955721,US,7,False,evaluation
S1-260105201,India,3,False,evaluation
S1-260199649,India,3,False,evaluation
S1-260238216,India,3,False,evaluation
S1-260255767,US,4,False,tuning
S1-26028621,India,3,False,tuning
S1-260371992,India,3,False,evaluation
S1-260473494,US,7,False,evaluation
S1-260531984,India,4,False,evaluation
S1-260598709,US,5,False,evaluation
S1-260657384,US,2,False,evaluation
S1-260761122,US,3,False,evaluation
S1-260877988,India,2,False,evaluation
S1-260892838,US,2,False,evaluation
S1-261035369,US,2,False,tuning
S1-261056468,India,6,False,evaluation
S1-261180165,US,5,False,evaluation
S1-261254256,US,2,False,tuning
S1-26128269,US,5,False,evaluation
S1-261385688,US,3,False,evaluation
S1-261392002,US,4,False,tuning
S1-26140082,US,7,False,evaluation
S1-261410104,US,3,False,evaluation
S1-261431323,India,4,False,tuning
S1-261479057,US,6,False,evaluation
S1-261502527,US,5,False,evaluation
S1-261527017,India,3,False,evaluation
S1-261563600,US,5,False,evaluation
S1-261596615,US,3,False,tuning
S1-261879929,US,4,False,tuning
S1-261903001,US,2,False,tuning
S1-2619140,US,6,False,evaluation
S1-261935372,US,3,False,tuning
S1-261965094,US,3,False,evaluation
S1-261991908,US,4,False,tuning
S1-262004414,US,5,False,evaluation
S1-262059553,US,4,False,tuning
S1-262066917,US,2,False,evaluation
S1-262196503,US,5,False,tuning
S1-262261,India,3,False,tuning
S1-262320387,US,5,False,tuning
S1-262336349,India,4,False,evaluation
S1-262379924,India,6,False,tuning
S1-262389097,US,3,False,tuning
S1-262400424,India,3,False,evaluation
S1-262446677,US,4,False,evaluation
S1-262449149,US,4,False,tuning
S1-262470282,US,6,False,tuning
S1-26256799,US,2,False,tuning
S1-262613671,India,2,False,evaluation
S1-262648741,India,2,False,evaluation
S1-262812605,US,4,False,evaluation
S1-262825685,US,5,False,tuning
S1-262855880,US,5,False,evaluation
S1-262869848,US,3,False,evaluation
S1-262923380,India,3,False,evaluation
S1-262956530,US,3,False,tuning
S1-262998106,US,6,False,evaluation
S1-263038747,India,3,False,evaluation
S1-263039197,India,5,False,evaluation
S1-263067148,India,4,False,evaluation
S1-263129342,US,3,False,tuning
S1-26313055,India,3,False,evaluation
S1-263250637,US,4,False,tuning
S1-263254599,India,6,False,evaluation
S1-263384191,India,3,False,tuning
S1-263510415,India,3,False,tuning
S1-263541112,US,4,False,tuning
S1-263588200,US,3,False,tuning
S1-263797371,India,3,False,tuning
S1-263815160,India,5,False,tuning
S1-263852324,US,4,False,tuning
S1-263893062,US,2,False,evaluation
S1-26398816,India,3,False,evaluation
S1-264006576,India,4,False,tuning
S1-264048666,US,2,False,evaluation
S1-264105075,India,4,False,evaluation
S1-264322710,US,2,False,evaluation
S1-264329856,India,4,False,evaluation
S1-264342960,India,5,False,evaluation
S1-264365705,US,4,False,evaluation
S1-26437430,US,2,False,tuning
S1-264424530,US,4,False,tuning
S1-264521464,India,2,False,tuning
S1-264593298,US,6,False,tuning
S1-264595908,US,1,False,evaluation
S1-26461424,US,2,False,evaluation
S1-264679680,India,2,False,evaluation
S1-264708785,India,1,False,tuning
S1-264712114,US,3,False,tuning
S1-264744117,US,3,False,evaluation
S1-264814653,US,3,False,tuning
S1-264885913,US,0,True,tuning
S1-26495474,US,6,False,evaluation
S1-264965547,US,2,False,evaluation
S1-265090058,US,1,False,evaluation
S1-265109559,India,3,False,evaluation
S1-265117089,US,2,False,evaluation
S1-265118127,US,1,False,tuning
S1-26512633,US,6,False,evaluation
S1-265287353,India,1,False,evaluation
S1-265399563,India,2,False,tuning
S1-265423212,US,5,False,evaluation
S1-265427572,India,3,False,evaluation
S1-265563468,US,5,False,tuning
S1-265581084,India,5,False,evaluation
S1-26559048,India,0,True,tuning
S1-265604760,India,4,False,tuning
S1-26563099,US,5,False,tuning
S1-265706851,India,3,False,tuning
S1-265740252,India,3,False,evaluation
S1-26580320,US,2,False,tuning
S1-265815190,US,2,False,evaluation
S1-26582185,US,5,False,tuning
S1-265866166,US,2,False,evaluation
S1-265935406,US,3,False,evaluation
S1-265939613,India,7,False,tuning
S1-265943296,India,5,False,tuning
S1-265975588,US,6,False,evaluation
S1-265994772,US,2,False,tuning
S1-266005638,US,3,False,tuning
S1-26603181,US,2,False,tuning
S1-266250194,India,3,False,evaluation
S1-26625322,US,2,False,evaluation
S1-266270821,US,6,False,evaluation
S1-266336918,India,3,False,evaluation
S1-266359475,India,5,False,evaluation
S1-266378000,India,3,False,tuning
S1-266660953,India,3,False,evaluation
S1-266676573,US,4,False,evaluation
S1-266687343,US,4,False,tuning
S1-26674789,US,3,False,evaluation
S1-266748732,US,4,False,tuning
S1-266789591,US,3,False,evaluation
S1-266892365,India,5,False,evaluation
S1-266894138,India,3,False,tuning
S1-266940859,US,0,True,tuning
S1-266962499,India,1,False,tuning
S1-266995331,India,4,False,tuning
S1-267138420,India,6,False,evaluation
S1-267174152,US,3,False,evaluation
S1-267186722,US,0,True,evaluation
S1-267196631,US,2,False,evaluation
S1-267238830,US,3,False,tuning
S1-267290690,US,4,False,tuning
S1-267476112,US,0,True,evaluation
S1-267573264,US,2,False,evaluation
S1-267600556,US,0,True,evaluation
S1-267645994,US,0,True,evaluation
S1-267647989,US,0,True,tuning
S1-267691720,US,5,False,evaluation
S1-267760191,US,4,False,tuning
S1-26780140,India,4,False,tuning
S1-267807622,US,2,False,tuning
S1-267816635,India,3,False,evaluation
S1-26789004,US,3,False,tuning
S1-267953828,India,3,False,tuning
S1-267992902,India,6,False,evaluation
S1-268025595,US,4,False,evaluation
S1-268045388,US,4,False,evaluation
S1-268132110,US,3,False,evaluation
S1-268161797,India,3,False,evaluation
S1-268209119,India,3,False,tuning
S1-268253400,India,3,False,evaluation
S1-268326099,India,4,False,tuning
S1-26832721,US,4,False,evaluation
S1-268384530,US,5,False,tuning
S1-268402107,India,6,False,tuning
S1-268487021,US,4,False,tuning
S1-268495002,India,5,False,evaluation
S1-268524782,US,5,False,tuning
S1-268528015,India,3,False,tuning
S1-268550006,India,3,False,evaluation
S1-268734764,US,3,False,evaluation
S1-26875029,India,3,False,tuning
S1-268814930,India,5,False,tuning
S1-268831248,US,4,False,evaluation
S1-268865752,US,3,False,tuning
S1-268879333,US,3,False,evaluation
S1-268885965,US,7,False,evaluation
S1-268906596,US,2,False,evaluation
S1-268931292,India,2,False,evaluation
S1-268949591,US,4,False,evaluation
S1-269029176,India,3,False,evaluation
S1-269049960,India,1,False,evaluation
S1-269103,US,4,False,evaluation
S1-2691518,India,4,False,tuning
S1-269196039,US,4,False,evaluation
S1-269360691,US,3,False,evaluation
S1-269393734,US,4,False,evaluation
S1-269420333,India,5,False,evaluation
S1-269433128,India,5,False,tuning
S1-269470316,India,4,False,tuning
S1-269491588,US,3,False,evaluation
S1-269496292,India,3,False,evaluation
S1-269605324,US,2,False,evaluation
S1-269607300,US,3,False,tuning
S1-269681349,India,5,False,evaluation
S1-26969863,India,4,False,evaluation
S1-269717225,India,4,False,evaluation
S1-269732103,US,3,False,evaluation
S1-269788765,India,6,False,evaluation
S1-269857591,US,4,False,tuning
S1-26991622,US,4,False,tuning
S1-269936665,US,5,False,tuning
S1-269997818,US,5,False,evaluation
S1-270037388,US,2,False,tuning
S1-270049549,India,7,False,tuning
S1-270121075,US,3,False,tuning
S1-270180594,US,6,False,tuning
S1-270208958,India,4,False,evaluation
S1-270214581,US,1,False,evaluation
S1-270264460,US,4,False,tuning
S1-270266592,India,1,False,tuning
S1-270284019,India,4,False,evaluation
S1-270421642,US,4,False,evaluation
S1-270438641,India,1,False,evaluation
S1-270439920,US,6,False,tuning
S1-27044770,US,5,False,evaluation
S1-270531845,India,6,False,tuning
S1-270533993,US,9,False,tuning
S1-270552618,US,3,False,evaluation
S1-270574699,US,2,False,evaluation
S1-270589272,US,5,False,tuning
S1-270597945,US,3,False,evaluation
S1-270675864,US,2,False,evaluation
S1-270686560,India,2,False,evaluation
S1-270692094,US,0,True,tuning
S1-270733291,India,3,False,evaluation
S1-270797996,US,3,False,evaluation
S1-270817664,India,2,False,tuning
S1-2708278,US,9,False,evaluation
S1-270831263,US,4,False,evaluation
S1-270836714,US,3,False,evaluation
S1-270846951,US,7,False,evaluation
S1-270872841,US,5,False,evaluation
S1-27096159,US,4,False,evaluation
S1-270964639,India,2,False,tuning
S1-270991006,US,3,False,evaluation
S1-271047501,India,4,False,tuning
S1-27106327,US,3,False,evaluation
S1-271079554,India,3,False,tuning
S1-271082111,India,4,False,evaluation
S1-271213862,India,4,False,evaluation
S1-271237863,India,7,False,evaluation
S1-271276759,India,5,False,tuning
S1-271289825,US,4,False,evaluation
S1-271357611,US,3,False,tuning
S1-271547081,US,3,False,evaluation
S1-271582603,India,4,False,evaluation
S1-27158784,US,3,False,evaluation
S1-27160844,US,5,False,evaluation
S1-271628226,India,7,False,tuning
S1-271688873,India,4,False,evaluation
S1-271708493,US,4,False,evaluation
S1-271727991,US,5,False,evaluation
S1-271733290,US,2,False,evaluation
S1-271738448,US,3,False,evaluation
S1-27186029,US,2,False,evaluation
S1-271879654,US,3,False,evaluation
S1-271931594,US,1,False,evaluation
S1-271933505,India,4,False,tuning
S1-27194364,India,5,False,tuning
S1-271949320,US,4,False,evaluation
S1-272062276,US,1,False,evaluation
S1-272137225,US,4,False,tuning
S1-272151457,US,4,False,tuning
S1-272157324,US,2,False,tuning
S1-272157615,US,4,False,evaluation
S1-272293954,India,4,False,evaluation
S1-272411662,India,3,False,tuning
S1-272416193,US,1,False,evaluation
S1-272449040,US,3,False,evaluation
S1-272463538,India,2,False,tuning
S1-272522928,US,5,False,tuning
S1-272557903,India,3,False,tuning
S1-272568874,US,4,False,tuning
S1-272593396,US,2,False,evaluation
S1-272633218,India,4,False,evaluation
S1-272648186,US,3,False,tuning
S1-272787968,US,2,False,evaluation
S1-272881811,US,3,False,evaluation
S1-272884089,US,2,False,evaluation
S1-272964903,US,5,False,evaluation
S1-27301997,India,6,False,evaluation
S1-273061018,India,2,False,evaluation
S1-273117033,US,3,False,evaluation
S1-273197642,US,2,False,evaluation
S1-273218314,US,2,False,tuning
S1-27322299,India,4,False,evaluation
S1-273292248,India,1,False,evaluation
S1-273299721,India,5,False,evaluation
S1-273323643,US,4,False,evaluation
S1-273373899,India,2,False,tuning
S1-273405876,US,3,False,tuning
S1-273482307,US,2,False,evaluation
S1-273525804,India,4,False,tuning
S1-273549860,India,3,False,evaluation
S1-27357777,US,3,False,tuning
S1-273579262,US,1,False,tuning
S1-273598814,US,2,False,tuning
S1-273612983,US,4,False,tuning
S1-273654329,US,6,False,evaluation
S1-273659872,India,1,False,evaluation
S1-273769000,US,8,False,evaluation
S1-273775136,India,4,False,evaluation
S1-273794517,US,4,False,tuning
S1-273853365,India,5,False,evaluation
S1-273899183,US,0,True,evaluation
S1-27398911,US,1,False,tuning
S1-274037844,US,3,False,tuning
S1-274056966,US,4,False,evaluation
S1-274274028,US,7,False,evaluation
S1-274367197,India,4,False,evaluation
S1-274389593,US,5,False,tuning
S1-274408604,US,0,True,tuning
S1-27444016,India,3,False,evaluation
S1-2745537,India,4,False,evaluation
S1-274554869,US,2,False,evaluation
S1-274591318,India,4,False,evaluation
S1-274620059,US,1,False,tuning
S1-274643334,US,4,False,tuning
S1-274648534,US,2,False,evaluation
S1-274665391,US,7,False,evaluation
S1-274671291,US,6,False,tuning
S1-274740173,India,5,False,evaluation
S1-274778379,India,2,False,tuning
S1-274782678,India,1,False,evaluation
S1-274798714,US,3,False,tuning
S1-274803333,US,0,True,tuning
S1-274818757,US,2,False,tuning
S1-274883860,US,1,False,evaluation
S1-274911276,US,5,False,evaluation
S1-274988129,US,6,False,evaluation
S1-275001110,India,2,False,tuning
S1-27504066,US,6,False,tuning
S1-275055248,US,3,False,tuning
S1-27510532,US,5,False,tuning
S1-275194313,US,3,False,tuning
S1-275203612,India,4,False,tuning
S1-27523723,US,5,False,tuning
S1-27525695,US,2,False,evaluation
S1-275259209,India,6,False,evaluation
S1-275277511,India,1,False,evaluation
S1-275292755,India,2,False,evaluation
S1-275325818,US,5,False,tuning
S1-275333536,US,6,False,tuning
S1-275428530,US,5,False,evaluation
S1-275485284,US,2,False,evaluation
S1-27553664,US,1,False,evaluation
S1-275543934,US,3,False,evaluation
S1-275544899,US,4,False,tuning
S1-275560906,US,4,False,tuning
S1-275607975,India,2,False,evaluation
S1-275611780,US,2,False,evaluation
S1-275623536,India,4,False,evaluation
S1-275626984,US,3,False,evaluation
S1-275665782,India,1,False,tuning
S1-275677701,US,4,False,evaluation
S1-275698064,US,2,False,tuning
S1-275747579,US,2,False,evaluation
S1-275842917,India,6,False,evaluation
S1-275846872,India,4,False,tuning
S1-275848523,India,2,False,evaluation
S1-275858443,US,1,False,tuning
S1-275911810,US,4,False,evaluation
S1-275942602,US,5,False,tuning
S1-275980513,US,4,False,tuning
S1-275986070,US,4,False,tuning
S1-276024065,US,4,False,evaluation
S1-276029394,US,2,False,evaluation
S1-276031933,India,0,True,tuning
S1-276058879,India,3,False,evaluation
S1-276065677,US,2,False,evaluation
S1-276078851,India,3,False,evaluation
S1-276095082,US,3,False,evaluation
S1-276119263,India,3,False,tuning
S1-276163334,India,2,False,evaluation
S1-276274989,US,1,False,tuning
S1-276314955,US,3,False,tuning
S1-276451440,US,3,False,tuning
S1-276549577,US,4,False,tuning
S1-276552196,India,1,False,evaluation
S1-276755727,India,1,False,tuning
S1-276768754,India,7,False,tuning
S1-276797576,India,4,False,evaluation
S1-276827509,US,4,False,tuning
S1-276851380,India,4,False,evaluation
S1-276912912,India,5,False,evaluation
S1-27692444,India,5,False,evaluation
S1-276973636,US,3,False,evaluation
S1-276996111,US,8,False,evaluation
S1-277016165,India,4,False,tuning
S1-277068953,US,2,False,evaluation
S1-277081371,India,4,False,evaluation
S1-277114083,US,4,False,tuning
S1-277184848,India,4,False,evaluation
S1-277198482,India,4,False,evaluation
S1-277290985,India,4,False,tuning
S1-277427760,US,3,False,evaluation
S1-277465603,US,3,False,tuning
S1-2775762,India,4,False,evaluation
S1-277675845,US,3,False,evaluation
S1-277695528,US,5,False,evaluation
S1-277701411,US,4,False,tuning
S1-277795564,India,4,False,tuning
S1-277847890,US,2,False,tuning
S1-27785252,India,1,False,tuning
S1-277923844,India,3,False,evaluation
S1-277928443,India,0,True,evaluation
S1-277955334,US,3,False,tuning
S1-27796376,US,3,False,evaluation
S1-278027663,India,5,False,evaluation
S1-278100620,US,3,False,evaluation
S1-278114582,US,4,False,evaluation
S1-278122137,US,5,False,tuning
S1-278199610,US,5,False,tuning
S1-27822067,India,2,False,evaluation
S1-27822546,India,3,False,evaluation
S1-278254275,India,2,False,evaluation
S1-27831149,US,3,False,evaluation
S1-278365226,US,8,False,tuning
S1-278369803,India,4,False,evaluation
S1-278379,US,0,True,tuning
S1-278475415,US,2,False,evaluation
S1-278539206,US,1,False,evaluation
S1-278608554,US,7,False,tuning
S1-278661862,India,5,False,evaluation
S1-278677386,India,4,False,tuning
S1-278788608,India,3,False,tuning
S1-278858927,India,3,False,evaluation
S1-278861330,India,6,False,evaluation
S1-278891792,India,6,False,evaluation
S1-278894148,US,4,False,tuning
S1-279017848,US,6,False,tuning
S1-27908272,US,4,False,tuning
S1-27916182,US,3,False,tuning
S1-279184558,India,1,False,tuning
S1-279311581,India,7,False,evaluation
S1-27935234,India,6,False,tuning
S1-279413852,India,3,False,tuning
S1-279455197,India,5,False,tuning
S1-279485975,US,2,False,tuning
S1-279490886,India,4,False,evaluation
S1-279645094,US,2,False,evaluation
S1-279768516,India,4,False,evaluation
S1-279782232,India,3,False,tuning
S1-279860396,US,3,False,tuning
S1-279869082,India,4,False,tuning
S1-279945416,US,5,False,evaluation
S1-27997542,India,5,False,tuning
S1-279996282,India,4,False,tuning
S1-28000083,US,2,False,evaluation
S1-280004217,US,1,False,tuning
S1-280012217,US,3,False,tuning
S1-280066999,US,0,True,evaluation
S1-280172652,US,2,False,evaluation
S1-2802097,US,1,False,tuning
S1-280217022,US,4,False,evaluation
S1-280228968,India,4,False,evaluation
S1-280277082,India,3,False,tuning
S1-280293884,US,7,False,evaluation
S1-280329786,US,1,False,evaluation
S1-28034854,US,4,False,tuning
S1-28035808,India,5,False,evaluation
S1-280362502,India,2,False,tuning
S1-280371126,India,6,False,tuning
S1-280388935,India,2,False,evaluation
S1-280465128,India,4,False,evaluation
S1-28048275,US,3,False,tuning
S1-280522978,India,0,True,evaluation
S1-280525087,US,3,False,tuning
S1-280670172,India,5,False,tuning
S1-280789879,US,4,False,evaluation
S1-280809208,India,3,False,tuning
S1-280843994,US,4,False,evaluation
S1-280918891,US,4,False,evaluation
S1-280941860,India,3,False,evaluation
S1-280969186,US,4,False,tuning
S1-280990635,India,3,False,evaluation
S1-281010434,US,2,False,evaluation
S1-281025202,US,4,False,evaluation
S1-28104615,India,0,True,evaluation
S1-281067817,US,4,False,tuning
S1-281093539,India,0,True,evaluation
S1-281114112,US,0,True,evaluation
S1-281146694,India,5,False,tuning
S1-281215171,US,3,False,tuning
S1-281235867,US,2,False,tuning
S1-281278521,US,4,False,evaluation
S1-281347733,US,0,True,evaluation
S1-281350884,US,4,False,evaluation
S1-281411699,US,3,False,evaluation
S1-281418254,US,4,False,tuning
S1-28149790,India,5,False,tuning
S1-281516534,US,3,False,evaluation
S1-281541835,US,3,False,evaluation
S1-281598141,US,4,False,evaluation
S1-281620656,US,2,False,evaluation
S1-281684018,India,4,False,tuning
S1-281720430,India,2,False,tuning
S1-281856015,India,2,False,tuning
S1-28186190,US,2,False,evaluation
S1-281868712,India,0,True,evaluation
S1-281903267,India,4,False,tuning
S1-281912479,US,4,False,tuning
S1-281915633,US,5,False,tuning
S1-281945407,US,4,False,tuning
S1-281986437,US,1,False,tuning
S1-281989174,US,3,False,tuning
S1-282036890,US,3,False,tuning
S1-28214324,US,4,False,evaluation
S1-282186181,India,6,False,evaluation
S1-282254275,India,4,False,evaluation
S1-282328593,US,6,False,evaluation
S1-282340006,US,2,False,evaluation
S1-282392375,India,5,False,tuning
S1-282400388,India,4,False,evaluation
S1-282528940,India,2,False,evaluation
S1-282591876,US,3,False,tuning
S1-282645557,US,6,False,tuning
S1-282727393,US,7,False,evaluation
S1-282818272,US,2,False,evaluation
S1-282878900,US,2,False,evaluation
S1-282891072,US,3,False,tuning
S1-282955880,US,2,False,tuning
S1-282981489,India,1,False,evaluation
S1-283007735,India,3,False,evaluation
S1-283031241,US,3,False,evaluation
S1-28303986,US,5,False,tuning
S1-283054583,US,5,False,tuning
S1-283064300,India,2,False,evaluation
S1-283073106,US,0,True,evaluation
S1-283136752,US,4,False,tuning
S1-283156919,India,2,False,tuning
S1-283192561,India,0,True,evaluation
S1-283274935,US,3,False,tuning
S1-283304945,US,2,False,evaluation
S1-283379378,US,2,False,evaluation
S1-28341236,US,2,False,evaluation
S1-283429548,India,4,False,tuning
S1-283477437,India,2,False,evaluation
S1-283556083,India,5,False,evaluation
S1-283560973,US,5,False,tuning
S1-283583790,US,5,False,tuning
S1-283613919,US,1,False,evaluation
S1-283617348,US,4,False,evaluation
S1-283680847,India,2,False,tuning
S1-28370037,US,3,False,tuning
S1-283721632,US,5,False,evaluation
S1-283740041,US,2,False,evaluation
S1-283749754,US,3,False,tuning
S1-28378224,US,0,True,tuning
S1-283805883,US,4,False,evaluation
S1-283839836,US,0,True,evaluation
S1-283864610,India,4,False,evaluation
S1-283916642,US,5,False,tuning
S1-284004724,India,3,False,tuning
S1-284022104,India,2,False,evaluation
S1-284050128,US,5,False,evaluation
S1-284110818,US,5,False,tuning
S1-284165710,India,2,False,evaluation
S1-284168256,India,3,False,tuning
S1-284205929,India,1,False,evaluation
S1-284359858,US,5,False,evaluation
S1-284391057,India,2,False,evaluation
S1-284459456,US,2,False,evaluation
S1-284472167,India,0,True,evaluation
S1-284548463,US,5,False,evaluation
S1-284602116,US,2,False,evaluation
S1-28464750,India,0,True,evaluation
S1-284671847,US,1,False,evaluation
S1-284703325,US,5,False,evaluation
S1-284704389,India,1,False,tuning
S1-284811253,US,2,False,evaluation
S1-284995069,India,4,False,evaluation
S1-285029977,India,6,False,evaluation
S1-285097695,US,2,False,tuning
S1-285122739,US,3,False,evaluation
S1-28513318,US,2,False,tuning
S1-285236502,US,2,False,evaluation
S1-285308012,India,3,False,tuning
S1-285345014,India,6,False,evaluation
S1-285375132,US,2,False,evaluation
S1-285391300,India,4,False,evaluation
S1-2854050,US,4,False,tuning
S1-285505200,US,4,False,evaluation
S1-285560120,India,7,False,tuning
S1-285577060,US,4,False,evaluation
S1-28559393,India,3,False,evaluation
S1-28562282,US,3,False,evaluation
S1-285706049,US,5,False,tuning
S1-285815393,US,2,False,evaluation
S1-285890710,US,2,False,tuning
S1-285904048,US,3,False,evaluation
S1-285925000,India,3,False,evaluation
S1-285942982,India,3,False,evaluation
S1-285955740,US,5,False,evaluation
S1-285974842,US,4,False,tuning
S1-286011742,India,3,False,tuning
S1-28602785,US,2,False,evaluation
S1-286084134,US,2,False,tuning
S1-286096211,India,3,False,evaluation
S1-286115655,US,7,False,tuning
S1-286168637,US,4,False,tuning
S1-286172003,India,4,False,tuning
S1-286414262,India,2,False,tuning
S1-286509758,India,2,False,tuning
S1-286511646,US,5,False,tuning
S1-286523229,India,4,False,evaluation
S1-286577415,US,3,False,evaluation
S1-286597425,India,4,False,evaluation
S1-286601020,US,5,False,evaluation
S1-286762364,US,4,False,evaluation
S1-286794736,US,0,True,tuning
S1-286816578,US,5,False,evaluation
S1-286871935,US,5,False,tuning
S1-286953880,India,2,False,tuning
S1-286966921,India,4,False,tuning
S1-287025369,India,3,False,evaluation
S1-287107621,India,3,False,tuning
S1-287133170,US,3,False,evaluation
S1-287163372,US,0,True,evaluation
S1-287208561,India,7,False,tuning
S1-287215566,US,2,False,tuning
S1-287385804,US,1,False,tuning
S1-287392364,US,2,False,tuning
S1-287395620,US,3,False,tuning
S1-287496534,India,2,False,evaluation
S1-287503846,US,0,True,evaluation
S1-287524059,India,0,True,evaluation
S1-28776956,India,3,False,evaluation
S1-287836965,India,4,False,evaluation
S1-287950536,US,5,False,tuning
S1-287982135,India,5,False,evaluation
S1-28801978,US,4,False,tuning
S1-288039227,India,6,False,tuning
S1-288067508,India,4,False,tuning
S1-288090006,US,2,False,tuning
S1-288093670,US,5,False,tuning
S1-288110420,India,5,False,evaluation
S1-288348790,US,3,False,evaluation
S1-288363647,India,4,False,evaluation
S1-288398673,US,4,False,evaluation
S1-288420591,US,3,False,evaluation
S1-288438310,India,3,False,tuning
S1-288455448,US,3,False,tuning
S1-288471887,India,5,False,tuning
S1-288473405,US,2,False,evaluation
S1-288517257,US,3,False,tuning
S1-28862333,US,5,False,tuning
S1-288624310,US,3,False,tuning
S1-288626364,US,4,False,evaluation
S1-288679802,US,4,False,tuning
S1-288759125,US,3,False,tuning
S1-288843800,India,4,False,evaluation
S1-288855338,US,1,False,tuning
S1-288908003,US,4,False,evaluation
S1-288941819,US,5,False,evaluation
S1-28895207,US,6,False,evaluation
S1-28896124,US,4,False,evaluation
S1-288961629,US,5,False,tuning
S1-288982338,India,6,False,evaluation
S1-289130248,India,3,False,evaluation
S1-289195025,India,4,False,tuning
S1-289224987,India,4,False,evaluation
S1-289292143,US,5,False,evaluation
S1-289318528,US,4,False,tuning
S1-289542142,India,4,False,evaluation
S1-289606783,US,4,False,evaluation
S1-289680347,India,3,False,tuning
S1-289790766,US,3,False,tuning
S1-289812570,US,5,False,evaluation
S1-289834240,US,2,False,tuning
S1-289935049,US,2,False,evaluation
S1-290029741,India,3,False,evaluation
S1-290222080,India,2,False,tuning
S1-290300345,India,0,True,evaluation
S1-290311885,US,2,False,evaluation
S1-290375340,India,4,False,evaluation
S1-290451591,India,2,False,tuning
S1-290518560,US,7,False,evaluation
S1-290541504,US,5,False,evaluation
S1-290673279,India,0,True,evaluation
S1-290677053,India,7,False,tuning
S1-290758741,India,2,False,evaluation
S1-290854814,India,5,False,tuning
S1-290883615,India,2,False,evaluation
S1-290953791,US,3,False,evaluation
S1-291000969,US,7,False,evaluation
S1-29101,US,4,False,tuning
S1-291044846,US,0,True,evaluation
S1-291092038,US,6,False,tuning
S1-291122486,US,3,False,tuning
S1-291162251,India,2,False,evaluation
S1-29123097,US,3,False,tuning
S1-291283816,US,5,False,evaluation
S1-29132150,India,3,False,evaluation
S1-291340146,India,3,False,tuning
S1-291361901,India,3,False,tuning
S1-29139668,US,3,False,tuning
S1-291417306,US,2,False,tuning
S1-291468916,US,4,False,tuning
S1-291470303,US,3,False,tuning
S1-291471474,India,2,False,tuning
S1-291490730,India,4,False,evaluation
S1-291551076,US,1,False,tuning
S1-291584618,US,3,False,evaluation
S1-291689700,US,0,True,evaluation
S1-291790302,India,2,False,evaluation
S1-291812801,India,4,False,evaluation
S1-291876776,US,5,False,tuning
S1-291933980,US,5,False,evaluation
S1-292086876,US,4,False,evaluation
S1-292101341,India,4,False,evaluation
S1-292132948,US,2,False,evaluation
S1-29216566,US,5,False,evaluation
S1-292242064,India,3,False,tuning
S1-2922778,India,4,False,tuning
S1-292294942,US,5,False,evaluation
S1-292323762,US,4,False,tuning
S1-292535402,India,2,False,evaluation
S1-292540889,India,5,False,evaluation
S1-292586706,India,4,False,evaluation
S1-292636925,US,2,False,tuning
S1-29265005,US,4,False,evaluation
S1-292662186,US,3,False,evaluation
S1-292672282,India,5,False,tuning
S1-292682249,US,2,False,evaluation
S1-292699651,US,4,False,evaluation
S1-292710366,US,2,False,tuning
S1-292716843,India,2,False,tuning
S1-292751600,US,5,False,evaluation
S1-292776985,US,2,False,evaluation
S1-29281626,India,3,False,evaluation
S1-292830915,US,2,False,tuning
S1-292848210,US,2,False,tuning
S1-29287602,India,4,False,evaluation
S1-292935689,US,2,False,tuning
S1-292990694,US,2,False,evaluation
S1-293014057,US,2,False,evaluation
S1-293047118,US,2,False,tuning
S1-293048346,India,7,False,tuning
S1-29306381,India,0,True,evaluation
S1-293208601,India,5,False,evaluation
S1-293243520,US,3,False,tuning
S1-29324399,US,3,False,tuning
S1-293284932,India,2,False,tuning
S1-293312380,India,4,False,evaluation
S1-293314511,US,1,False,tuning
S1-293325105,India,3,False,tuning
S1-293426802,India,2,False,evaluation
S1-293463354,India,3,False,evaluation
S1-293495064,US,3,False,tuning
S1-293559999,India,4,False,evaluation
S1-293563990,US,5,False,evaluation
S1-293613057,US,2,False,evaluation
S1-293698077,US,2,False,tuning
S1-293736695,US,2,False,evaluation
S1-293750669,India,6,False,tuning
S1-293792859,India,4,False,evaluation
S1-293831714,India,5,False,tuning
S1-293843544,India,4,False,evaluation
S1-29385542,US,4,False,evaluation
S1-293864622,US,2,False,evaluation
S1-293899148,US,3,False,evaluation
S1-293916775,India,5,False,evaluation
S1-294030817,US,4,False,tuning
S1-294036444,US,2,False,evaluation
S1-294128890,US,4,False,tuning
S1-294129894,US,6,False,evaluation
S1-294136999,US,3,False,evaluation
S1-294234705,US,3,False,tuning
S1-294314571,US,7,False,tuning
S1-294318216,US,3,False,evaluation
S1-294399816,US,3,False,tuning
S1-294499618,India,3,False,evaluation
S1-294640589,US,5,False,evaluation
S1-294825281,US,2,False,tuning
S1-294830026,US,3,False,evaluation
S1-294842241,India,5,False,tuning
S1-294849152,US,5,False,evaluation
S1-294859960,India,2,False,evaluation
S1-294862585,US,4,False,evaluation
S1-294912850,US,0,True,evaluation
S1-294916081,US,1,False,evaluation
S1-294929683,India,4,False,tuning
S1-294957310,India,1,False,evaluation
S1-294980912,US,4,False,tuning
S1-295016427,US,4,False,evaluation
S1-295041951,US,7,False,tuning
S1-295061143,India,3,False,tuning
S1-295078193,US,1,False,evaluation
S1-295158838,US,3,False,tuning
S1-295241780,US,3,False,tuning
S1-295283728,India,4,False,tuning
S1-295314737,India,6,False,tuning
S1-295369775,India,2,False,tuning
S1-295375129,US,3,False,tuning
S1-2954368,US,2,False,evaluation
S1-295447753,US,5,False,tuning
S1-295452552,US,5,False,evaluation
S1-295556820,US,3,False,evaluation
S1-295635054,India,4,False,evaluation
S1-295639065,US,6,False,evaluation
S1-295661422,US,3,False,evaluation
S1-295668361,US,3,False,evaluation
S1-295825719,India,5,False,evaluation
S1-295881475,India,4,False,tuning
S1-295886984,US,5,False,tuning
S1-29590911,India,1,False,tuning
S1-295941699,US,4,False,evaluation
S1-295967861,India,3,False,tuning
S1-296168411,India,3,False,evaluation
S1-29618564,US,5,False,evaluation
S1-296234682,US,2,False,evaluation
S1-296300721,India,6,False,evaluation
S1-296328140,India,5,False,tuning
S1-296362419,India,2,False,tuning
S1-29638564,US,2,False,evaluation
S1-296422142,India,3,False,tuning
S1-296490173,India,6,False,evaluation
S1-296594917,India,8,False,tuning
S1-296600961,India,0,True,evaluation
S1-296672331,India,3,False,evaluation
S1-296841477,US,4,False,evaluation
S1-296916092,US,3,False,evaluation
S1-296987585,US,5,False,evaluation
S1-297024546,US,6,False,evaluation
S1-297025852,US,3,False,evaluation
S1-297038304,India,4,False,evaluation
S1-297048442,India,3,False,evaluation
S1-297094958,US,3,False,tuning
S1-297101985,India,3,False,tuning
S1-297145337,US,0,True,tuning
S1-297236842,US,5,False,tuning
S1-297290402,US,3,False,tuning
S1-297353573,US,3,False,evaluation
S1-297380975,US,4,False,evaluation
S1-297409815,India,3,False,evaluation
S1-297597417,India,6,False,tuning
S1-297774502,US,4,False,tuning
S1-297794700,US,5,False,evaluation
S1-297797583,India,4,False,evaluation
S1-297864294,US,1,False,evaluation
S1-29812222,US,5,False,tuning
S1-298321881,India,4,False,evaluation
S1-298395071,India,2,False,evaluation
S1-298401434,US,2,False,evaluation
S1-298463690,India,3,False,tuning
S1-298499873,India,4,False,evaluation
S1-298641004,US,1,False,evaluation
S1-298672133,India,5,False,evaluation
S1-298795506,India,0,True,tuning
S1-29881213,US,4,False,tuning
S1-298845060,US,3,False,tuning
S1-29885910,US,5,False,evaluation
S1-298953806,US,4,False,tuning
S1-298965917,US,5,False,evaluation
S1-299231011,US,5,False,tuning
S1-29934520,US,3,False,evaluation
S1-299345880,India,4,False,evaluation
S1-299399231,US,4,False,evaluation
S1-299441884,US,4,False,evaluation
S1-299479544,India,4,False,evaluation
S1-299481458,US,5,False,evaluation
S1-299537784,India,3,False,evaluation
S1-299547061,US,3,False,tuning
S1-299564518,US,6,False,tuning
S1-299679243,India,6,False,evaluation
S1-299701227,India,3,False,evaluation
S1-299723523,India,3,False,evaluation
S1-299784269,India,3,False,evaluation
S1-299853212,US,2,False,tuning
S1-299953747,US,4,False,evaluation
S1-299990310,US,3,False,evaluation
S1-300047799,US,6,False,evaluation
S1-300188222,India,7,False,evaluation
S1-300188864,US,0,True,tuning
S1-300262928,US,2,False,evaluation
S1-300438971,US,0,True,tuning
S1-300549600,US,4,False,tuning
S1-3005535,US,3,False,tuning
S1-300594042,US,5,False,evaluation
S1-300656903,India,3,False,evaluation
S1-300739016,US,4,False,tuning
S1-300782128,US,5,False,evaluation
S1-300795511,US,4,False,evaluation
S1-300978753,US,4,False,evaluation
S1-301009099,US,1,False,tuning
S1-301060684,US,4,False,tuning
S1-30108386,US,3,False,evaluation
S1-301140773,India,5,False,tuning
S1-301164106,India,2,False,tuning
S1-301166904,India,4,False,evaluation
S1-301202662,US,4,False,tuning
S1-30120524,US,2,False,evaluation
S1-30120839,India,5,False,evaluation
S1-30124049,India,4,False,tuning
S1-30134334,India,3,False,evaluation
S1-301402495,India,4,False,evaluation
S1-301470739,India,8,False,tuning
S1-301497594,India,2,False,tuning
S1-30163048,US,2,False,evaluation
S1-30163605,US,2,False,tuning
S1-301695544,US,5,False,tuning
S1-301707575,India,4,False,tuning
S1-301761055,India,5,False,evaluation
S1-301806143,US,2,False,tuning
S1-30184789,US,5,False,evaluation
S1-301858694,US,5,False,tuning
S1-301872569,US,4,False,tuning
S1-30191851,India,2,False,evaluation
S1-301976578,India,2,False,tuning
S1-30217655,US,3,False,evaluation
S1-302337739,US,4,False,evaluation
S1-302368983,India,4,False,tuning
S1-302441039,US,4,False,evaluation
S1-30245332,US,4,False,evaluation
S1-302497945,US,4,False,tuning
S1-302507579,US,5,False,tuning
S1-302572938,India,3,False,evaluation
S1-302749946,US,5,False,tuning
S1-302821251,US,4,False,tuning
S1-302828274,US,4,False,evaluation
S1-302867948,India,6,False,tuning
S1-30291458,India,2,False,evaluation
S1-303000279,US,4,False,evaluation
S1-303049748,US,3,False,evaluation
S1-303117530,US,1,False,tuning
S1-303128801,India,4,False,evaluation
S1-303136694,US,2,False,evaluation
S1-303142107,India,1,False,evaluation
S1-303210822,India,7,False,evaluation
S1-303271547,US,0,True,evaluation
S1-303286414,India,2,False,evaluation
S1-303319388,India,5,False,tuning
S1-303346198,India,3,False,evaluation
S1-303371627,US,4,False,evaluation
S1-303390200,India,1,False,tuning
S1-303435800,US,2,False,evaluation
S1-303485903,US,5,False,evaluation
S1-303492768,US,4,False,evaluation
S1-30365283,US,4,False,evaluation
S1-303692217,India,4,False,tuning
S1-30374541,US,4,False,evaluation
S1-303793758,US,3,False,evaluation
S1-303826384,US,3,False,evaluation
S1-303944976,US,1,False,evaluation
S1-304010193,US,0,True,tuning
S1-304059094,US,3,False,evaluation
S1-304059193,US,4,False,evaluation
S1-304061260,India,0,True,tuning
S1-304130977,US,3,False,tuning
S1-304134655,India,5,False,tuning
S1-304158359,US,5,False,evaluation
S1-304186944,US,3,False,tuning
S1-304291330,US,7,False,evaluation
S1-304320924,India,6,False,evaluation
S1-304371462,US,4,False,tuning
S1-304406775,India,4,False,evaluation
S1-304608663,India,4,False,tuning
S1-30470113,India,2,False,evaluation
S1-304709049,US,4,False,evaluation
S1-304724368,US,2,False,tuning
S1-30485711,US,5,False,evaluation
S1-304871029,India,4,False,tuning
S1-304883907,India,5,False,tuning
S1-304909836,US,4,False,evaluation
S1-304919620,US,2,False,tuning
S1-30491964,India,1,False,evaluation
S1-304938014,India,4,False,evaluation
S1-304946100,US,3,False,evaluation
S1-304989765,India,1,False,tuning
S1-305003840,India,1,False,evaluation
S1-30509759,US,3,False,tuning
S1-305123556,India,0,True,tuning
S1-305131985,India,6,False,evaluation
S1-305384865,India,3,False,evaluation
S1-305425836,US,3,False,tuning
S1-305427336,India,3,False,evaluation
S1-305491440,US,1,False,tuning
S1-305609167,US,4,False,evaluation
S1-305620258,US,6,False,evaluation
S1-305623132,US,2,False,evaluation
S1-305846801,India,3,False,evaluation
S1-305854929,US,4,False,tuning
S1-305913475,US,1,False,tuning
S1-305964373,US,2,False,evaluation
S1-306057264,US,7,False,tuning
S1-306094874,India,3,False,tuning
S1-306137717,US,6,False,evaluation
S1-306162386,US,3,False,evaluation
S1-30617375,India,5,False,tuning
S1-306192564,India,3,False,tuning
S1-306210798,India,2,False,evaluation
S1-306219140,India,1,False,evaluation
S1-306234081,India,4,False,tuning
S1-306293009,US,4,False,evaluation
S1-306325624,US,4,False,evaluation
S1-306361174,US,3,False,tuning
S1-306425308,India,4,False,tuning
S1-306466344,India,2,False,tuning
S1-306650589,India,9,False,evaluation
S1-306763347,US,4,False,evaluation
S1-306814222,US,2,False,evaluation
S1-306911649,India,3,False,tuning
S1-306927444,US,2,False,evaluation
S1-306927570,US,5,False,evaluation
S1-306984372,US,5,False,tuning
S1-307156603,India,1,False,tuning
S1-307194557,US,2,False,evaluation
S1-307284316,India,6,False,evaluation
S1-307312823,India,1,False,tuning
S1-307315670,US,2,False,evaluation
S1-307432246,US,2,False,evaluation
S1-307432736,India,3,False,evaluation
S1-307448958,US,0,True,evaluation
S1-307468643,India,1,False,tuning
S1-307636072,US,3,False,tuning
S1-30764726,India,5,False,tuning
S1-307656926,US,2,False,tuning
S1-307713380,US,5,False,tuning
S1-307784720,US,2,False,evaluation
S1-307788432,India,2,False,evaluation
S1-307885881,US,3,False,evaluation
S1-30797332,US,3,False,evaluation
S1-308114238,India,3,False,evaluation
S1-308122355,US,5,False,evaluation
S1-308170104,India,5,False,evaluation
S1-308319636,India,7,False,tuning
S1-308333401,India,5,False,evaluation
S1-308399304,India,4,False,evaluation
S1-308426117,India,4,False,tuning
S1-308452546,India,3,False,evaluation
S1-308460941,India,2,False,tuning
S1-308470369,US,5,False,evaluation
S1-308516826,India,1,False,evaluation
S1-30851950,US,6,False,tuning
S1-308598603,India,5,False,evaluation
S1-308602156,India,4,False,tuning
S1-30864769,US,5,False,evaluation
S1-308659987,US,4,False,tuning
S1-308753451,US,5,False,evaluation
S1-308831658,India,3,False,tuning
S1-308877727,US,1,False,evaluation
S1-308890948,India,1,False,evaluation
S1-308925189,US,4,False,evaluation
S1-308938587,US,6,False,evaluation
S1-309029909,India,4,False,evaluation
S1-309037380,US,1,False,evaluation
S1-309112598,US,5,False,evaluation
S1-309144917,US,3,False,tuning
S1-309185564,US,8,False,tuning
S1-309200493,US,3,False,tuning
S1-309250937,US,6,False,tuning
S1-309276140,US,2,False,evaluation
S1-309289234,India,4,False,evaluation
S1-30930720,India,4,False,evaluation
S1-309322997,US,4,False,evaluation
S1-309328944,US,4,False,tuning
S1-309396265,US,3,False,evaluation
S1-309540687,US,4,False,evaluation
S1-309542727,US,4,False,evaluation
S1-309559371,US,2,False,tuning
S1-309613351,US,3,False,evaluation
S1-309701941,India,5,False,tuning
S1-309786236,US,4,False,tuning
S1-309796539,India,5,False,evaluation
S1-309806002,US,2,False,tuning
S1-309866503,US,4,False,evaluation
S1-30991447,India,2,False,evaluation
S1-309918615,US,4,False,evaluation
S1-309956963,US,3,False,evaluation
S1-309959714,US,4,False,tuning
S1-310007419,US,4,False,tuning
S1-310039639,India,5,False,tuning
S1-310070264,US,2,False,tuning
S1-310191976,US,3,False,evaluation
S1-310211577,India,0,True,evaluation
S1-310215211,India,5,False,evaluation
S1-310215864,US,4,False,evaluation
S1-310233287,India,2,False,evaluation
S1-310366757,India,9,False,evaluation
S1-310412181,US,1,False,evaluation
S1-310423648,US,6,False,evaluation
S1-310461805,US,2,False,evaluation
S1-310506866,US,5,False,tuning
S1-310514569,US,8,False,evaluation
S1-310529521,US,2,False,tuning
S1-310530529,India,2,False,evaluation
S1-310563059,US,5,False,tuning
S1-310622191,US,4,False,tuning
S1-310651038,US,3,False,evaluation
S1-310678505,US,6,False,evaluation
S1-310702888,India,2,False,evaluation
S1-310712104,US,3,False,evaluation
S1-310732446,India,3,False,tuning
S1-31079714,US,3,False,evaluation
S1-310812271,US,8,False,tuning
S1-310820456,India,4,False,evaluation
S1-310923502,India,3,False,evaluation
S1-310931011,India,5,False,tuning
S1-310943710,India,3,False,tuning
S1-310994763,US,4,False,evaluation
S1-311021790,US,3,False,evaluation
S1-311023099,India,3,False,evaluation
S1-311077011,US,6,False,tuning
S1-31107823,US,2,False,evaluation
S1-311120594,US,7,False,evaluation
S1-311134306,India,2,False,evaluation
S1-311147681,India,2,False,evaluation
S1-311179038,US,3,False,tuning
S1-311229743,US,2,False,evaluation
S1-311301220,India,3,False,evaluation
S1-311343933,US,5,False,tuning
S1-311359701,US,6,False,tuning
S1-311421838,US,4,False,evaluation
S1-311424970,US,3,False,evaluation
S1-311441197,India,5,False,tuning
S1-311450056,US,3,False,tuning
S1-311454962,India,5,False,evaluation
S1-311485504,US,6,False,evaluation
S1-311490063,US,3,False,evaluation
S1-311538710,India,3,False,tuning
S1-311550594,US,1,False,tuning
S1-311565031,India,4,False,tuning
S1-311740585,US,4,False,tuning
S1-311881224,India,2,False,tuning
S1-311888147,US,4,False,evaluation
S1-311936719,US,6,False,tuning
S1-311946666,India,3,False,evaluation
S1-311966709,US,9,False,evaluation
S1-311985723,US,4,False,evaluation
S1-312045154,India,5,False,evaluation
S1-312158663,India,6,False,evaluation
S1-312206263,US,4,False,evaluation
S1-312316022,India,2,False,evaluation
S1-312344105,India,4,False,evaluation
S1-312504034,India,4,False,evaluation
S1-312504407,US,3,False,tuning
S1-312509429,India,3,False,evaluation
S1-312523259,US,2,False,evaluation
S1-312541771,US,4,False,tuning
S1-312659256,US,6,False,evaluation
S1-31268987,US,4,False,evaluation
S1-312701346,India,5,False,tuning
S1-3127419,India,3,False,evaluation
S1-312780498,India,4,False,evaluation
S1-312782574,US,2,False,evaluation
S1-312881517,India,6,False,tuning
S1-312898314,India,6,False,evaluation
S1-312995230,US,1,False,evaluation
S1-313014404,India,3,False,evaluation
S1-313024213,US,3,False,evaluation
S1-31302727,US,4,False,evaluation
S1-313116408,US,0,True,tuning
S1-313153427,India,2,False,evaluation
S1-313153606,US,2,False,tuning
S1-313199433,US,3,False,tuning
S1-313286717,India,5,False,evaluation
S1-313352439,US,2,False,evaluation
S1-313398192,US,5,False,evaluation
S1-313406396,US,3,False,tuning
S1-313489475,US,4,False,evaluation
S1-313511126,India,4,False,evaluation
S1-313632085,India,4,False,tuning
S1-313671317,US,2,False,evaluation
S1-313672293,US,3,False,tuning
S1-313684588,India,2,False,evaluation
S1-313765834,India,4,False,tuning
S1-313830660,US,2,False,tuning
S1-314094872,India,1,False,evaluation
S1-314122014,India,3,False,tuning
S1-314172018,US,4,False,evaluation
S1-314242921,US,4,False,evaluation
S1-314255967,US,4,False,evaluation
S1-314289057,India,2,False,evaluation
S1-314297853,India,0,True,tuning
S1-314356755,US,3,False,tuning
S1-314402524,India,4,False,tuning
S1-31446691,US,4,False,tuning
S1-314520659,US,0,True,tuning
S1-314536947,India,4,False,evaluation
S1-314592530,US,2,False,tuning
S1-314605416,US,2,False,evaluation
S1-314614541,India,5,False,tuning
S1-314636764,India,2,False,tuning
S1-314640799,US,4,False,evaluation
S1-314650427,US,4,False,evaluation
S1-314678483,India,2,False,tuning
S1-314788788,US,5,False,tuning
S1-314861664,US,0,True,tuning
S1-314888929,India,3,False,evaluation
S1-315010421,India,3,False,tuning
S1-315033753,US,6,False,evaluation
S1-315048087,US,3,False,evaluation
S1-315128819,India,6,False,evaluation
S1-315148796,US,3,False,evaluation
S1-315218757,US,3,False,tuning
S1-315269724,US,3,False,tuning
S1-315305142,US,5,False,tuning
S1-315349375,US,4,False,evaluation
S1-315388326,US,4,False,evaluation
S1-315432566,India,2,False,tuning
S1-315451372,India,3,False,tuning
S1-315585257,US,2,False,evaluation
S1-315624901,India,5,False,evaluation
S1-315650028,US,5,False,evaluation
S1-315665182,India,2,False,evaluation
S1-315697688,India,5,False,evaluation
S1-315743987,US,3,False,evaluation
S1-315784241,US,8,False,tuning
S1-315854043,US,5,False,evaluation
S1-31586700,US,3,False,evaluation
S1-315920146,US,4,False,evaluation
S1-315932065,US,1,False,evaluation
S1-316032441,US,3,False,tuning
S1-316035520,India,2,False,tuning
S1-316052242,US,1,False,tuning
S1-316203156,India,3,False,evaluation
S1-316278038,India,4,False,evaluation
S1-316307399,India,4,False,tuning
S1-316430916,India,4,False,tuning
S1-316534553,US,5,False,tuning
S1-316600933,India,4,False,tuning
S1-316604264,India,3,False,evaluation
S1-316716471,India,2,False,tuning
S1-316772135,US,3,False,tuning
S1-316797560,India,5,False,evaluation
S1-31685130,US,6,False,tuning
S1-317130019,India,2,False,evaluation
S1-317179053,US,4,False,tuning
S1-317216301,US,1,False,evaluation
S1-317248687,US,3,False,evaluation
S1-317351742,India,5,False,evaluation
S1-317425188,India,3,False,evaluation
S1-317475006,India,3,False,evaluation
S1-317526909,India,0,True,tuning
S1-317536058,India,3,False,evaluation
S1-317568314,India,3,False,evaluation
S1-317661329,India,3,False,evaluation
S1-317816818,India,4,False,evaluation
S1-317914826,US,3,False,evaluation
S1-318094504,US,5,False,tuning
S1-318096805,India,4,False,evaluation
S1-318126123,US,4,False,tuning
S1-318162995,US,1,False,tuning
S1-318262432,US,0,True,tuning
S1-318345567,India,2,False,evaluation
S1-318417813,India,3,False,evaluation
S1-318430224,India,3,False,evaluation
S1-318516145,US,3,False,tuning
S1-318527046,US,0,True,evaluation
S1-318532201,US,3,False,evaluation
S1-318608060,India,5,False,evaluation
S1-318632458,US,6,False,tuning
S1-318676451,US,5,False,tuning
S1-318804954,India,6,False,tuning
S1-319115284,US,4,False,evaluation
S1-31916694,US,7,False,evaluation
S1-319175901,US,5,False,evaluation
S1-319188029,US,3,False,tuning
S1-319211879,US,4,False,tuning
S1-319224176,US,4,False,evaluation
S1-319287250,India,4,False,evaluation
S1-319294969,India,6,False,evaluation
S1-319300006,India,2,False,evaluation
S1-319310405,India,2,False,tuning
S1-319357071,India,4,False,evaluation
S1-319426208,US,5,False,evaluation
S1-319446504,US,5,False,tuning
S1-319471609,US,2,False,tuning
S1-319533809,US,3,False,evaluation
S1-319536030,India,2,False,evaluation
S1-319674521,US,5,False,tuning
S1-319748197,India,2,False,tuning
S1-319799791,US,4,False,evaluation
S1-319808534,India,7,False,tuning
S1-31988131,US,4,False,evaluation
S1-319895908,India,3,False,tuning
S1-319904308,US,0,True,evaluation
S1-319941125,US,3,False,evaluation
S1-320026530,US,0,True,evaluation
S1-320071864,India,5,False,evaluation
S1-320181016,India,4,False,evaluation
S1-320198412,India,7,False,tuning
S1-320213456,India,3,False,evaluation
S1-320219620,India,2,False,evaluation
S1-32022189,India,7,False,evaluation
S1-320298181,US,2,False,evaluation
S1-320322226,India,7,False,tuning
S1-320351428,India,7,False,tuning
S1-320391039,US,4,False,evaluation
S1-32050084,US,5,False,tuning
S1-320513741,India,6,False,tuning
S1-320590013,US,3,False,evaluation
S1-320719947,US,5,False,evaluation
S1-32073425,US,2,False,evaluation
S1-320744533,US,6,False,evaluation
S1-320817019,US,1,False,evaluation
S1-320865234,US,2,False,evaluation
S1-320883405,US,6,False,evaluation
S1-320924661,India,3,False,tuning
S1-320952105,US,4,False,tuning
S1-321005416,US,5,False,evaluation
S1-321076866,India,4,False,tuning
S1-321082281,India,4,False,tuning
S1-321179967,India,4,False,tuning
S1-321222685,India,5,False,evaluation
S1-321236077,India,4,False,tuning
S1-321299676,US,3,False,evaluation
S1-321353073,India,4,False,tuning
S1-321396445,US,2,False,evaluation
S1-321416701,US,4,False,tuning
S1-321439847,US,2,False,tuning
S1-321484435,US,6,False,tuning
S1-32149806,US,3,False,tuning
S1-321527198,US,4,False,evaluation
S1-321556421,US,6,False,evaluation
S1-321612212,US,3,False,tuning
S1-321624314,US,3,False,evaluation
S1-321627419,India,2,False,tuning
S1-321708515,US,3,False,evaluation
S1-321748315,India,5,False,evaluation
S1-321797136,India,3,False,tuning
S1-321811368,US,4,False,tuning
S1-321815704,US,4,False,tuning
S1-321826395,India,4,False,evaluation
S1-321892324,India,5,False,tuning
S1-321960337,US,5,False,evaluation
S1-321968189,India,6,False,tuning
S1-321969425,India,3,False,evaluation
S1-321977896,India,5,False,evaluation
S1-321994346,US,4,False,evaluation
S1-321999193,US,2,False,evaluation
S1-322006925,India,3,False,tuning
S1-322008244,India,3,False,tuning
S1-322048925,US,2,False,evaluation
S1-322121411,US,4,False,evaluation
S1-322127576,US,4,False,evaluation
S1-322158743,India,3,False,evaluation
S1-322207924,India,3,False,tuning
S1-322232225,India,4,False,evaluation
S1-322244375,US,2,False,evaluation
S1-322248246,India,4,False,tuning
S1-322357985,India,5,False,tuning
S1-322409230,US,2,False,tuning
S1-322410321,US,3,False,evaluation
S1-322439158,India,9,False,tuning
S1-322445351,US,2,False,evaluation
S1-322467193,US,0,True,evaluation
S1-322487719,India,5,False,evaluation
S1-322587935,US,2,False,evaluation
S1-322705792,US,3,False,evaluation
S1-322726860,India,2,False,tuning
S1-322733066,US,3,False,tuning
S1-322739579,India,3,False,tuning
S1-322770772,US,5,False,tuning
S1-322877521,US,3,False,tuning
S1-323008415,US,4,False,evaluation
S1-32305497,India,6,False,evaluation
S1-323136393,US,7,False,tuning
S1-32315181,US,2,False,evaluation
S1-323184336,US,1,False,evaluation
S1-323185397,US,4,False,evaluation
S1-323246253,US,1,False,tuning
S1-323295417,US,2,False,evaluation
S1-323308288,India,3,False,evaluation
S1-323336289,US,2,False,tuning
S1-323342573,India,3,False,tuning
S1-323432829,US,3,False,tuning
S1-323441068,US,3,False,evaluation
S1-323447487,US,2,False,evaluation
S1-323472864,India,5,False,evaluation
S1-323486830,India,5,False,evaluation
S1-323538266,India,4,False,tuning
S1-323562079,US,2,False,evaluation
S1-323664907,India,0,True,evaluation
S1-323918279,India,5,False,evaluation
S1-323947478,India,4,False,evaluation
S1-32400872,US,0,True,tuning
S1-324023839,US,4,False,tuning
S1-324102025,India,2,False,evaluation
S1-324131268,US,4,False,tuning
S1-32419501,US,2,False,tuning
S1-324206960,India,2,False,evaluation
S1-324209910,India,6,False,tuning
S1-324257032,US,3,False,evaluation
S1-324305116,US,4,False,evaluation
S1-324327226,US,3,False,evaluation
S1-324328092,US,6,False,evaluation
S1-324330374,India,3,False,evaluation
S1-324409949,India,4,False,evaluation
S1-324425138,India,4,False,tuning
S1-32442889,US,8,False,tuning
S1-324632023,US,4,False,evaluation
S1-324639885,US,1,False,evaluation
S1-324674003,India,2,False,evaluation
S1-324695988,US,3,False,tuning
S1-324698840,US,4,False,evaluation
S1-324732428,India,3,False,evaluation
S1-324751585,India,4,False,evaluation
S1-324770059,India,4,False,evaluation
S1-324796378,US,2,False,evaluation
S1-324852231,India,0,True,evaluation
S1-324970700,India,7,False,tuning
S1-32498930,India,3,False,tuning
S1-325091092,India,3,False,evaluation
S1-325094405,US,2,False,evaluation
S1-325105895,India,6,False,evaluation
S1-325156513,US,5,False,tuning
S1-325207043,US,5,False,tuning
S1-325215530,India,4,False,tuning
S1-325262585,US,5,False,evaluation
S1-325308807,US,4,False,evaluation
S1-325317732,US,2,False,evaluation
S1-325360742,US,1,False,evaluation
S1-325405372,India,5,False,evaluation
S1-325444898,US,3,False,tuning
S1-325488782,India,2,False,tuning
S1-325574514,India,4,False,tuning
S1-325593861,US,5,False,tuning
S1-325612729,US,3,False,evaluation
S1-325690446,India,3,False,tuning
S1-325692508,US,5,False,evaluation
S1-325695244,India,5,False,evaluation
S1-325718992,India,5,False,tuning
S1-325890422,US,5,False,evaluation
S1-325932018,US,3,False,evaluation
S1-3259454,US,5,False,tuning
S1-325954416,India,4,False,evaluation
S1-326017897,US,5,False,evaluation
S1-32609209,US,6,False,tuning
S1-326117904,US,5,False,evaluation
S1-326154531,US,3,False,tuning
S1-326160648,US,4,False,tuning
S1-326230000,US,6,False,evaluation
S1-326251105,US,2,False,tuning
S1-32625238,US,3,False,evaluation
S1-326286993,US,0,True,tuning
S1-326342877,India,4,False,evaluation
S1-326391,India,4,False,evaluation
S1-32645260,India,7,False,tuning
S1-326575680,India,0,True,evaluation
S1-326582536,India,7,False,evaluation
S1-326585051,US,4,False,tuning
S1-326605422,US,2,False,evaluation
S1-326617290,US,6,False,evaluation
S1-326725359,US,5,False,evaluation
S1-326779352,US,3,False,tuning
S1-326820396,India,6,False,tuning
S1-326937697,India,4,False,evaluation
S1-326976318,India,4,False,tuning
S1-326976600,US,0,True,evaluation
S1-32707802,US,4,False,evaluation
S1-327194273,US,1,False,evaluation
S1-327275381,India,0,True,tuning
S1-327298863,US,1,False,tuning
S1-327300952,US,3,False,evaluation
S1-327342566,US,2,False,evaluation
S1-327405145,India,3,False,evaluation
S1-327462179,US,3,False,tuning
S1-3274782,India,4,False,tuning
S1-327490340,US,0,True,evaluation
S1-327512522,US,3,False,evaluation
S1-327562785,US,3,False,evaluation
S1-327749617,US,3,False,tuning
S1-327780055,US,2,False,evaluation
S1-327797470,US,0,True,evaluation
S1-327868595,US,3,False,tuning
S1-327876487,US,5,False,tuning
S1-327876527,US,3,False,evaluation
S1-327893461,US,2,False,tuning
S1-328097241,US,2,False,evaluation
S1-328186079,US,2,False,tuning
S1-328306352,US,7,False,tuning
S1-328382469,US,5,False,evaluation
S1-328387438,India,4,False,evaluation
S1-328399162,India,3,False,tuning
S1-32840667,India,2,False,evaluation
S1-328409335,US,3,False,tuning
S1-328471969,US,3,False,evaluation
S1-328478516,US,4,False,evaluation
S1-328482587,India,5,False,evaluation
S1-328512943,US,2,False,tuning
S1-328596355,US,5,False,evaluation
S1-328613342,US,4,False,tuning
S1-328614006,US,3,False,tuning
S1-328699280,US,3,False,evaluation
S1-328802402,US,3,False,evaluation
S1-328802993,US,3,False,evaluation
S1-328839826,US,4,False,tuning
S1-32893812,US,1,False,tuning
S1-328967825,US,4,False,evaluation
S1-329046602,US,4,False,evaluation
S1-329070276,US,2,False,evaluation
S1-329088944,US,3,False,evaluation
S1-329115656,US,4,False,evaluation
S1-329314884,US,6,False,tuning
S1-329345600,US,4,False,tuning
S1-329533776,US,3,False,evaluation
S1-329562006,US,3,False,evaluation
S1-329769456,India,2,False,evaluation
S1-329809705,US,3,False,tuning
S1-329810512,India,4,False,evaluation
S1-329813711,India,0,True,tuning
S1-329857391,US,5,False,tuning
S1-329915279,US,1,False,tuning
S1-329996950,US,5,False,tuning
S1-330049246,US,4,False,evaluation
S1-330238583,India,2,False,tuning
S1-33032839,US,3,False,evaluation
S1-330359933,India,4,False,tuning
S1-330372609,US,3,False,evaluation
S1-330373174,India,5,False,evaluation
S1-330404352,US,4,False,evaluation
S1-330433877,India,7,False,evaluation
S1-330448851,US,3,False,evaluation
S1-330557169,US,3,False,tuning
S1-330745723,US,5,False,tuning
S1-330747444,US,3,False,tuning
S1-330805044,India,3,False,evaluation
S1-330805502,India,5,False,tuning
S1-330939554,India,3,False,evaluation
S1-330945308,US,5,False,tuning
S1-331059109,US,2,False,evaluation
S1-331104371,India,4,False,tuning
S1-33116607,India,5,False,tuning
S1-331235356,US,2,False,tuning
S1-331248125,India,2,False,tuning
S1-331251451,US,3,False,evaluation
S1-331281028,US,4,False,evaluation
S1-33136366,India,3,False,evaluation
S1-331384414,US,5,False,evaluation
S1-331409431,US,3,False,tuning
S1-331412230,US,6,False,tuning
S1-331474359,US,1,False,tuning
S1-331479906,US,5,False,evaluation
S1-331482685,US,3,False,tuning
S1-331491171,US,4,False,tuning
S1-331695831,India,2,False,tuning
S1-331734596,India,2,False,evaluation
S1-331735050,US,5,False,evaluation
S1-331822228,India,2,False,evaluation
S1-331884664,US,3,False,tuning
S1-331962332,India,6,False,tuning
S1-331996923,India,2,False,evaluation
S1-332064581,India,2,False,tuning
S1-332069476,India,3,False,evaluation
S1-332088858,India,4,False,evaluation
S1-33215609,India,2,False,tuning
S1-332228607,India,0,True,evaluation
S1-332272705,US,2,False,tuning
S1-332298510,India,4,False,evaluation
S1-332323893,US,0,True,tuning
S1-332475140,India,4,False,tuning
S1-33255278,India,5,False,tuning
S1-332553595,US,2,False,evaluation
S1-332577782,India,6,False,evaluation
S1-33267691,US,10,False,evaluation
S1-332857466,US,4,False,evaluation
S1-332900299,US,2,False,evaluation
S1-332910867,India,4,False,tuning
S1-333070438,India,3,False,tuning
S1-333093220,India,3,False,evaluation
S1-333148476,US,0,True,tuning
S1-333265161,US,0,True,tuning
S1-333276650,India,4,False,evaluation
S1-333319605,India,1,False,evaluation
S1-333440116,US,4,False,evaluation
S1-333561565,US,3,False,evaluation
S1-333563524,India,4,False,evaluation
S1-333613106,US,3,False,tuning
S1-333698541,US,0,True,tuning
S1-333730812,India,3,False,evaluation
S1-333732612,US,6,False,tuning
S1-333766370,US,4,False,evaluation
S1-333796515,US,1,False,evaluation
S1-333815874,US,4,False,evaluation
S1-333855947,India,3,False,tuning
S1-333869731,US,4,False,evaluation
S1-333883015,US,3,False,evaluation
S1-334017565,India,3,False,tuning
S1-334077448,US,4,False,evaluation
S1-334086180,US,4,False,evaluation
S1-334163386,India,1,False,evaluation
S1-33417777,US,0,True,tuning
S1-334226593,US,1,False,evaluation
S1-334231000,US,4,False,tuning
S1-334233271,US,4,False,tuning
S1-3342469,India,0,True,evaluation
S1-334315794,US,5,False,evaluation
S1-334322109,US,2,False,tuning
S1-334339458,India,0,True,tuning
S1-334372056,India,2,False,evaluation
S1-33440905,US,4,False,evaluation
S1-334462604,India,3,False,tuning
S1-334486071,India,7,False,evaluation
S1-334517968,US,2,False,tuning
S1-334581730,US,0,True,tuning
S1-334598181,India,3,False,evaluation
S1-334614789,US,3,False,evaluation
S1-33463290,US,7,False,tuning
S1-334655819,US,5,False,evaluation
S1-334690933,India,3,False,tuning
S1-334740601,US,2,False,tuning
S1-334799860,India,3,False,evaluation
S1-334838811,US,4,False,tuning
S1-334924227,US,3,False,evaluation
S1-335097941,US,4,False,evaluation
S1-335118992,US,5,False,evaluation
S1-335169501,India,4,False,evaluation
S1-335175096,US,2,False,evaluation
S1-335207150,India,3,False,evaluation
S1-335213434,US,5,False,tuning
S1-335289717,US,6,False,tuning
S1-335300351,US,1,False,evaluation
S1-335303231,US,2,False,tuning
S1-335333674,India,4,False,evaluation
S1-335363430,India,3,False,evaluation
S1-335380729,India,6,False,evaluation
S1-335425555,US,8,False,tuning
S1-335471782,US,4,False,tuning
S1-335512705,India,0,True,evaluation
S1-33555401,US,2,False,evaluation
S1-335590955,US,5,False,tuning
S1-335620708,US,3,False,evaluation
S1-335658314,India,2,False,tuning
S1-335671569,India,4,False,evaluation
S1-335681236,US,5,False,tuning
S1-335715642,India,4,False,evaluation
S1-335748517,India,3,False,evaluation
S1-335846790,US,3,False,tuning
S1-335909003,India,6,False,evaluation
S1-335941729,US,2,False,tuning
S1-335949661,India,4,False,evaluation
S1-335966408,US,4,False,evaluation
S1-336040161,India,6,False,evaluation
S1-336131320,US,3,False,evaluation
S1-336175661,India,1,False,evaluation
S1-336248470,India,4,False,tuning
S1-336302457,US,5,False,evaluation
S1-336344743,US,0,True,evaluation
S1-336379982,US,5,False,evaluation
S1-336410635,India,4,False,evaluation
S1-336428695,India,1,False,tuning
S1-336488657,US,5,False,tuning
S1-336612716,India,0,True,evaluation
S1-336655568,India,4,False,evaluation
S1-336743400,India,5,False,evaluation
S1-336756104,US,3,False,evaluation
S1-336771812,India,6,False,tuning
S1-33677672,US,3,False,tuning
S1-33679003,India,3,False,evaluation
S1-336795144,India,6,False,tuning
S1-336834476,US,1,False,evaluation
S1-33684556,India,4,False,evaluation
S1-33692393,India,5,False,evaluation
S1-336991812,US,4,False,tuning
S1-337023448,India,5,False,tuning
S1-337047621,US,3,False,evaluation
S1-337076534,India,7,False,evaluation
S1-337123930,India,5,False,evaluation
S1-337125619,US,4,False,evaluation
S1-337131099,India,4,False,evaluation
S1-337132800,India,3,False,evaluation
S1-337232656,US,3,False,evaluation
S1-337351613,India,4,False,evaluation
S1-337403716,India,3,False,evaluation
S1-337477995,India,5,False,evaluation
S1-337486483,India,0,True,evaluation
S1-337558786,India,4,False,evaluation
S1-337566231,India,3,False,evaluation
S1-337646779,US,3,False,tuning
S1-337669965,US,2,False,evaluation
S1-337714804,India,4,False,evaluation
S1-337802862,India,0,True,evaluation
S1-337850029,India,7,False,evaluation
S1-337865790,India,6,False,tuning
S1-337904023,India,7,False,tuning
S1-337926822,US,1,False,tuning
S1-337936761,US,4,False,tuning
S1-337946117,India,6,False,tuning
S1-337949110,India,5,False,evaluation
S1-337981950,US,6,False,evaluation
S1-33799835,US,2,False,evaluation
S1-338033065,US,5,False,tuning
S1-338033899,US,2,False,evaluation
S1-338046498,US,4,False,tuning
S1-338088883,US,1,False,tuning
S1-338300622,India,3,False,tuning
S1-338326720,India,4,False,evaluation
S1-338364613,US,0,True,tuning
S1-338587854,India,2,False,evaluation
S1-338608574,US,4,False,evaluation
S1-338642315,US,7,False,evaluation
S1-338776657,US,4,False,evaluation
S1-338783721,US,3,False,evaluation
S1-338807422,US,2,False,evaluation
S1-338848216,US,4,False,evaluation
S1-338888088,US,3,False,tuning
S1-338919827,US,4,False,tuning
S1-3389646,India,3,False,tuning
S1-339006820,US,5,False,tuning
S1-339007643,US,2,False,tuning
S1-339021665,India,0,True,evaluation
S1-339108055,US,4,False,evaluation
S1-339156310,US,4,False,evaluation
S1-339213374,US,7,False,tuning
S1-339251592,India,0,True,tuning
S1-339253389,India,3,False,evaluation
S1-339554711,India,3,False,evaluation
S1-339568789,US,1,False,evaluation
S1-339700855,India,2,False,tuning
S1-339714561,India,5,False,tuning
S1-339724735,US,3,False,evaluation
S1-339734267,India,1,False,tuning
S1-339737266,US,0,True,evaluation
S1-339833906,India,4,False,evaluation
S1-339867451,India,4,False,tuning
S1-339906613,India,4,False,evaluation
S1-339974279,US,1,False,tuning
S1-339979615,US,5,False,evaluation
S1-340041114,India,3,False,tuning
S1-340074296,India,5,False,evaluation
S1-340094577,US,2,False,evaluation
S1-340103845,India,4,False,evaluation
S1-340189868,India,6,False,evaluation
S1-340205845,India,4,False,evaluation
S1-340303197,US,2,False,tuning
S1-340303997,India,6,False,tuning
S1-34034222,India,5,False,evaluation
S1-340343852,US,3,False,tuning
S1-340365789,US,5,False,evaluation
S1-340476115,US,3,False,evaluation
S1-340663811,US,4,False,tuning
S1-340687425,India,2,False,evaluation
S1-340704762,US,3,False,tuning
S1-340732459,India,5,False,evaluation
S1-340767711,India,3,False,tuning
S1-340788309,US,3,False,evaluation
S1-340909581,US,4,False,evaluation
S1-34095230,US,4,False,tuning
S1-341048863,India,5,False,evaluation
S1-34108755,US,5,False,evaluation
S1-3410958,US,6,False,evaluation
S1-341133443,US,6,False,tuning
S1-341160694,India,1,False,tuning
S1-341165547,India,2,False,evaluation
S1-341278054,US,6,False,evaluation
S1-341342373,US,6,False,evaluation
S1-341384008,US,2,False,evaluation
S1-34142930,US,2,False,tuning
S1-341462203,India,2,False,tuning
S1-341466257,India,4,False,evaluation
S1-341476697,India,0,True,tuning
S1-341484720,US,4,False,evaluation
S1-341514955,US,4,False,evaluation
S1-341624927,US,4,False,evaluation
S1-34167066,US,4,False,evaluation
S1-341727472,US,3,False,evaluation
S1-341794254,US,1,False,tuning
S1-341803541,US,1,False,tuning
S1-341991817,India,3,False,evaluation
S1-342056898,India,6,False,evaluation
S1-342111942,India,2,False,tuning
S1-342128619,India,4,False,evaluation
S1-3421984,US,4,False,evaluation
S1-342240241,India,4,False,tuning
S1-342278589,US,3,False,evaluation
S1-342367986,India,1,False,evaluation
S1-342383378,India,5,False,evaluation
S1-342388851,India,4,False,evaluation
S1-342390097,US,3,False,evaluation
S1-342505940,India,2,False,evaluation
S1-342517069,India,6,False,tuning
S1-342525480,US,0,True,evaluation
S1-342549433,India,4,False,tuning
S1-342553485,India,3,False,evaluation
S1-342606428,US,5,False,tuning
S1-342608975,India,5,False,evaluation
S1-342631184,India,5,False,tuning
S1-342669917,US,6,False,tuning
S1-342723970,US,2,False,evaluation
S1-342762539,India,5,False,evaluation
S1-342881707,India,4,False,tuning
S1-342941766,US,5,False,tuning
S1-34296554,US,0,True,tuning
S1-342991653,US,4,False,evaluation
S1-343035390,US,4,False,tuning
S1-343058985,US,0,True,evaluation
S1-343160964,India,4,False,evaluation
S1-343184092,India,5,False,evaluation
S1-343333594,US,4,False,evaluation
S1-343417294,India,3,False,evaluation
S1-34342155,US,2,False,evaluation
S1-343421649,US,0,True,evaluation
S1-343454613,India,5,False,evaluation
S1-343482645,India,3,False,evaluation
S1-343545627,India,4,False,evaluation
S1-343555834,India,3,False,evaluation
S1-34357986,US,3,False,evaluation
S1-343689311,US,4,False,evaluation
S1-343732688,India,3,False,evaluation
S1-343841502,US,4,False,evaluation
S1-34390975,India,3,False,evaluation
S1-343927471,US,4,False,tuning
S1-343998039,US,3,False,evaluation
S1-344008192,India,2,False,evaluation
S1-344013403,India,6,False,evaluation
S1-344064225,India,2,False,evaluation
S1-344224637,US,6,False,evaluation
S1-344244630,US,1,False,tuning
S1-344334080,US,5,False,tuning
S1-344389867,India,3,False,tuning
S1-344557977,India,2,False,evaluation
S1-344589702,India,2,False,tuning
S1-344595222,India,4,False,tuning
S1-344597433,India,3,False,evaluation
S1-344611527,India,3,False,evaluation
S1-344613485,US,5,False,evaluation
S1-344622132,US,5,False,tuning
S1-344647396,India,5,False,evaluation
S1-344681218,US,2,False,tuning
S1-344738051,India,4,False,tuning
S1-34481668,India,2,False,evaluation
S1-344821562,India,2,False,evaluation
S1-344892979,India,6,False,evaluation
S1-344920867,US,4,False,tuning
S1-344966892,US,3,False,evaluation
S1-344985036,US,4,False,tuning
S1-345039061,US,2,False,evaluation
S1-345057216,India,5,False,evaluation
S1-345110596,US,4,False,evaluation
S1-345140633,US,3,False,evaluation
S1-345181239,US,3,False,tuning
S1-345193850,US,4,False,evaluation
S1-345277377,US,2,False,tuning
S1-345291896,India,4,False,evaluation
S1-34543046,US,1,False,evaluation
S1-345572634,US,4,False,evaluation
S1-345610739,India,0,True,evaluation
S1-345622320,US,4,False,evaluation
S1-34569026,India,3,False,tuning
S1-345691150,US,4,False,evaluation
S1-345933158,US,0,True,evaluation
S1-345952865,US,3,False,evaluation
S1-345968839,India,2,False,evaluation
S1-34603220,US,2,False,tuning
S1-346134675,India,5,False,evaluation
S1-346212681,India,3,False,evaluation
S1-346257039,US,3,False,tuning
S1-346284429,US,0,True,evaluation
S1-346412934,US,5,False,tuning
S1-346418406,India,2,False,evaluation
S1-346424015,US,8,False,tuning
S1-346441802,US,5,False,evaluation
S1-346469978,US,0,True,evaluation
S1-346551263,US,3,False,tuning
S1-346573269,India,5,False,evaluation
S1-34657917,India,5,False,tuning
S1-346661657,India,4,False,evaluation
S1-346709921,US,4,False,tuning
S1-346841268,US,2,False,evaluation
S1-346951928,US,4,False,evaluation
S1-347001625,US,4,False,tuning
S1-347058548,US,6,False,tuning
S1-347071610,US,3,False,evaluation
S1-347075160,India,1,False,tuning
S1-347090424,India,5,False,tuning
S1-347106668,US,2,False,evaluation
S1-347148338,India,5,False,evaluation
S1-347203343,US,0,True,evaluation
S1-347279519,India,3,False,evaluation
S1-347283039,US,3,False,evaluation
S1-347409451,India,3,False,tuning
S1-347472666,India,4,False,evaluation
S1-347511154,India,4,False,tuning
S1-347524417,US,0,True,evaluation
S1-347696280,US,6,False,evaluation
S1-347727822,India,4,False,tuning
S1-347733778,US,3,False,tuning
S1-347757108,India,7,False,tuning
S1-347792053,US,3,False,tuning
S1-347798745,US,5,False,evaluation
S1-34780750,US,2,False,evaluation
S1-347824597,India,2,False,tuning
S1-347834325,India,1,False,evaluation
S1-3478861,India,0,True,evaluation
S1-348049899,India,5,False,tuning
S1-34806699,India,4,False,tuning
S1-348095204,India,3,False,evaluation
S1-348178140,India,4,False,evaluation
S1-348259007,US,2,False,evaluation
S1-348262878,India,6,False,evaluation
S1-348289896,India,4,False,tuning
S1-348291263,US,6,False,evaluation
S1-348320286,India,3,False,tuning
S1-348327868,India,5,False,evaluation
S1-348340738,India,3,False,evaluation
S1-348385307,India,7,False,evaluation
S1-348434475,US,5,False,evaluation
S1-348439163,US,7,False,tuning
S1-348460157,India,3,False,evaluation
S1-348607917,US,7,False,evaluation
S1-348632095,US,4,False,evaluation
S1-34868368,India,6,False,tuning
S1-348690015,US,3,False,evaluation
S1-348839817,India,3,False,evaluation
S1-348849770,US,3,False,evaluation
S1-348915885,US,5,False,tuning
S1-348979924,US,4,False,evaluation
S1-348997137,India,1,False,evaluation
S1-348997869,US,4,False,tuning
S1-349016728,India,4,False,evaluation
S1-349078782,US,0,True,evaluation
S1-349124189,US,2,False,evaluation
S1-349128873,India,4,False,evaluation
S1-349135721,US,3,False,evaluation
S1-349148899,US,4,False,tuning
S1-349198865,India,4,False,tuning
S1-349215176,India,4,False,evaluation
S1-349224780,India,2,False,tuning
S1-349284982,US,3,False,evaluation
S1-349328269,India,7,False,evaluation
S1-349347946,US,3,False,evaluation
S1-349405285,India,3,False,tuning
S1-349441965,India,2,False,evaluation
S1-349492509,US,4,False,evaluation
S1-349531764,US,6,False,evaluation
S1-349565212,US,3,False,tuning
S1-349678557,India,2,False,tuning
S1-349788424,US,1,False,evaluation
S1-349799000,US,2,False,evaluation
S1-349801119,India,3,False,evaluation
S1-349805089,India,1,False,evaluation
S1-349920878,US,3,False,evaluation
S1-349944119,US,1,False,tuning
S1-349956819,US,3,False,tuning
S1-349958564,US,2,False,tuning
S1-349962531,US,3,False,tuning
S1-350002132,India,2,False,evaluation
S1-35009603,US,2,False,tuning
S1-350107220,India,3,False,tuning
S1-35011019,India,3,False,evaluation
S1-350117826,India,4,False,evaluation
S1-350130189,US,3,False,evaluation
S1-350140550,India,2,False,tuning
S1-350152697,US,3,False,tuning
S1-350193518,US,6,False,tuning
S1-35025686,US,5,False,tuning
S1-350345233,US,6,False,evaluation
S1-350352030,US,4,False,tuning
S1-350352548,US,4,False,evaluation
S1-350353175,India,4,False,tuning
S1-350383576,US,3,False,evaluation
S1-350407667,India,5,False,evaluation
S1-350510193,US,1,False,evaluation
S1-350523490,US,4,False,evaluation
S1-350527916,India,2,False,evaluation
S1-350569185,US,3,False,tuning
S1-350676053,India,3,False,evaluation
S1-350722896,US,0,True,evaluation
S1-350723417,US,2,False,evaluation
S1-350822432,India,3,False,evaluation
S1-350834708,India,2,False,evaluation
S1-350900741,India,4,False,tuning
S1-350970377,US,0,True,evaluation
S1-35101007,US,4,False,evaluation
S1-351042461,India,4,False,tuning
S1-35105140,India,0,True,tuning
S1-351106784,US,4,False,evaluation
S1-351107113,US,4,False,tuning
S1-351200795,US,2,False,evaluation
S1-351239336,US,2,False,evaluation
S1-351278624,India,0,True,evaluation
S1-351298801,India,2,False,tuning
S1-351344480,US,4,False,evaluation
S1-351381105,India,3,False,evaluation
S1-351481940,India,1,False,evaluation
S1-35148611,India,5,False,evaluation
S1-35156454,US,5,False,evaluation
S1-351570219,US,2,False,tuning
S1-351578211,US,2,False,evaluation
S1-351619267,India,3,False,evaluation
S1-351669285,India,6,False,tuning
S1-351697194,US,4,False,evaluation
S1-35170242,US,3,False,evaluation
S1-351712600,US,1,False,tuning
S1-351725203,India,2,False,evaluation
S1-351773536,US,1,False,tuning
S1-351797436,US,4,False,tuning
S1-351883628,India,3,False,evaluation
S1-351910100,US,6,False,evaluation
S1-351931926,India,7,False,tuning
S1-351952438,India,3,False,evaluation
S1-352046426,India,2,False,evaluation
S1-352088322,India,0,True,tuning
S1-352185178,US,2,False,tuning
S1-352191762,US,3,False,evaluation
S1-35238694,India,2,False,evaluation
S1-352443043,India,2,False,tuning
S1-352486727,US,0,True,evaluation
S1-35260307,India,3,False,tuning
S1-352623235,US,3,False,tuning
S1-3526353,US,4,False,evaluation
S1-352641248,India,4,False,evaluation
S1-352649812,India,0,True,evaluation
S1-352670750,India,2,False,tuning
S1-352685623,India,4,False,evaluation
S1-352780538,India,3,False,tuning
S1-352785708,US,5,False,evaluation
S1-352881738,US,1,False,evaluation
S1-352894779,US,0,True,evaluation
S1-352936523,India,1,False,tuning
S1-352944379,US,0,True,evaluation
S1-35294564,India,4,False,tuning
S1-353009892,India,0,True,tuning
S1-353017819,US,2,False,evaluation
S1-35307854,US,3,False,tuning
S1-35317289,India,5,False,evaluation
S1-353238031,India,3,False,evaluation
S1-353275903,India,3,False,evaluation
S1-353279376,India,6,False,evaluation
S1-353308813,US,5,False,tuning
S1-353332022,India,6,False,evaluation
S1-353345641,India,6,False,tuning
S1-353348593,US,5,False,evaluation
S1-353400368,India,0,True,evaluation
S1-353434622,US,4,False,tuning
S1-353504589,India,6,False,evaluation
S1-353508058,India,2,False,evaluation
S1-353714242,India,3,False,evaluation
S1-353719948,US,4,False,tuning
S1-353734405,US,2,False,evaluation
S1-353737687,US,7,False,evaluation
S1-353907611,US,3,False,evaluation
S1-353925162,India,5,False,evaluation
S1-354025323,US,4,False,evaluation
S1-354068882,India,2,False,tuning
S1-354085195,India,6,False,evaluation
S1-354093867,US,5,False,evaluation
S1-354110488,US,5,False,evaluation
S1-3541522,US,3,False,evaluation
S1-354177885,US,0,True,evaluation
S1-354227102,US,1,False,evaluation
S1-354281314,US,3,False,evaluation
S1-354296898,India,4,False,evaluation
S1-354310731,India,5,False,tuning
S1-35431513,US,4,False,evaluation
S1-354460138,US,2,False,tuning
S1-354513367,US,2,False,tuning
S1-354532,India,3,False,tuning
S1-354584697,US,3,False,tuning
S1-354585980,US,4,False,evaluation
S1-35460875,US,1,False,evaluation
S1-354665671,India,4,False,evaluation
S1-354738132,US,6,False,evaluation
S1-354774998,India,7,False,evaluation
S1-354829836,US,3,False,evaluation
S1-354849068,India,2,False,evaluation
S1-354918193,India,5,False,evaluation
S1-354945341,US,1,False,tuning
S1-354982981,India,3,False,tuning
S1-355009300,US,7,False,evaluation
S1-355073104,US,2,False,evaluation
S1-355077635,US,3,False,evaluation
S1-3552418,US,3,False,evaluation
S1-355244893,US,4,False,tuning
S1-35542307,US,5,False,tuning
S1-355475043,US,3,False,evaluation
S1-355476223,US,1,False,tuning
S1-355582847,India,3,False,evaluation
S1-355611612,US,3,False,tuning
S1-355631413,India,3,False,evaluation
S1-355658034,US,4,False,evaluation
S1-355781990,US,6,False,evaluation
S1-355814044,India,4,False,evaluation
S1-355916990,India,4,False,evaluation
S1-355939322,US,5,False,tuning
S1-35596625,India,3,False,tuning
S1-355970294,US,2,False,evaluation
S1-356033975,India,7,False,tuning
S1-356132399,US,3,False,evaluation
S1-356151734,US,2,False,evaluation
S1-356170197,US,1,False,evaluation
S1-356228839,US,5,False,tuning
S1-35642866,India,3,False,tuning
S1-356468698,US,4,False,tuning
S1-35658013,India,3,False,tuning
S1-356601157,US,2,False,tuning
S1-356624931,US,4,False,evaluation
S1-35663416,US,4,False,tuning
S1-356674876,US,1,False,tuning
S1-356773931,India,5,False,evaluation
S1-356848701,India,4,False,evaluation
S1-356964664,India,2,False,evaluation
S1-356982543,US,4,False,tuning
S1-357011113,India,3,False,tuning
S1-357016874,India,3,False,tuning
S1-357033513,India,7,False,tuning
S1-357157537,India,0,True,tuning
S1-357223319,US,1,False,evaluation
S1-357260333,India,5,False,evaluation
S1-357264688,India,5,False,tuning
S1-357279609,India,5,False,evaluation
S1-357283643,India,4,False,evaluation
S1-357318228,India,4,False,evaluation
S1-357405134,India,3,False,tuning
S1-357410150,US,3,False,evaluation
S1-35748475,US,3,False,evaluation
S1-357486721,India,3,False,evaluation
S1-357493026,India,5,False,tuning
S1-357521183,India,3,False,evaluation
S1-357543278,US,3,False,evaluation
S1-35758079,US,2,False,evaluation
S1-357644530,India,3,False,tuning
S1-35775961,US,5,False,tuning
S1-357788749,US,3,False,evaluation
S1-357856068,US,5,False,tuning
S1-357885487,US,3,False,tuning
S1-357891653,India,3,False,tuning
S1-358015493,US,2,False,tuning
S1-358116909,US,5,False,evaluation
S1-358149222,US,5,False,evaluation
S1-358152636,US,7,False,evaluation
S1-35816927,US,3,False,evaluation
S1-358176053,US,3,False,evaluation
S1-358185172,US,4,False,evaluation
S1-35820861,US,4,False,tuning
S1-358212629,India,3,False,evaluation
S1-358235077,US,3,False,evaluation
S1-358251793,US,1,False,tuning
S1-358335265,India,1,False,tuning
S1-358388960,US,3,False,evaluation
S1-358405792,India,4,False,evaluation
S1-358446754,US,4,False,tuning
S1-358527809,US,1,False,evaluation
S1-358609044,US,3,False,tuning
S1-358609615,US,3,False,evaluation
S1-3586102,India,1,False,evaluation
S1-358624133,US,2,False,evaluation
S1-358629001,US,6,False,evaluation
S1-35868351,India,4,False,evaluation
S1-358728868,India,1,False,tuning
S1-35885242,US,4,False,evaluation
S1-358854830,India,6,False,tuning
S1-358866618,US,3,False,tuning
S1-358911133,US,3,False,evaluation
S1-358948940,India,6,False,evaluation
S1-359021890,India,7,False,evaluation
S1-359048512,India,0,True,tuning
S1-359079585,India,3,False,evaluation
S1-359103916,India,3,False,tuning
S1-359146756,US,3,False,evaluation
S1-359162659,India,4,False,evaluation
S1-359165518,US,3,False,evaluation
S1-359181831,India,5,False,evaluation
S1-359255885,US,3,False,evaluation
S1-359266177,India,1,False,tuning
S1-359270870,US,6,False,evaluation
S1-359303419,India,3,False,evaluation
S1-359330573,US,6,False,evaluation
S1-359381502,US,4,False,evaluation
S1-359455408,US,7,False,evaluation
S1-35955473,India,5,False,tuning
S1-359602399,India,0,True,evaluation
S1-359701838,US,4,False,evaluation
S1-359764989,US,3,False,tuning
S1-359807248,US,4,False,tuning
S1-359811757,India,6,False,tuning
S1-359817888,India,3,False,tuning
S1-359821177,US,4,False,tuning
S1-359847314,India,1,False,evaluation
S1-359858135,India,3,False,evaluation
S1-359874179,India,3,False,evaluation
S1-359887174,US,3,False,tuning
S1-359972085,US,1,False,tuning
S1-360077086,US,5,False,tuning
S1-360105168,US,2,False,evaluation
S1-360173826,US,4,False,tuning
S1-360190920,US,0,True,evaluation
S1-360198280,US,5,False,evaluation
S1-360277182,US,3,False,evaluation
S1-360285514,US,5,False,tuning
S1-360298622,US,4,False,evaluation
S1-360334338,US,2,False,evaluation
S1-360361687,India,6,False,evaluation
S1-360368359,US,5,False,evaluation
S1-360417841,India,3,False,tuning
S1-360426827,India,0,True,evaluation
S1-360481865,India,7,False,evaluation
S1-360570474,India,4,False,evaluation
S1-360582484,India,2,False,tuning
S1-360657281,India,4,False,evaluation
S1-360676495,US,3,False,evaluation
S1-360680005,India,2,False,evaluation
S1-360702411,US,8,False,tuning
S1-360733648,India,6,False,tuning
S1-360886038,US,4,False,evaluation
S1-361028882,US,3,False,evaluation
S1-361068309,US,2,False,tuning
S1-36108243,US,3,False,evaluation
S1-361082797,US,4,False,evaluation
S1-361117453,US,3,False,evaluation
S1-361137897,India,2,False,evaluation
S1-361163422,India,5,False,evaluation
S1-361170041,India,6,False,evaluation
S1-361217032,India,3,False,tuning
S1-361341835,India,4,False,tuning
S1-361383207,India,0,True,tuning
S1-361414883,US,4,False,evaluation
S1-36144713,US,3,False,tuning
S1-361450899,US,3,False,tuning
S1-361537623,India,2,False,evaluation
S1-361560140,US,4,False,tuning
S1-361580639,US,0,True,evaluation
S1-361588737,India,4,False,tuning
S1-361591003,US,4,False,evaluation
S1-361639348,US,5,False,tuning
S1-361643957,India,3,False,evaluation
S1-361686722,US,3,False,tuning
S1-361797671,India,5,False,tuning
S1-361807771,US,6,False,evaluation
S1-361997854,US,6,False,tuning
S1-362008342,India,5,False,tuning
S1-362066843,US,3,False,tuning
S1-362088672,India,4,False,evaluation
S1-362263270,India,2,False,evaluation
S1-36227425,India,3,False,evaluation
S1-36234364,India,2,False,evaluation
S1-362402070,US,5,False,evaluation
S1-362428157,US,5,False,evaluation
S1-362502315,US,6,False,tuning
S1-362524142,US,4,False,evaluation
S1-362642000,US,3,False,tuning
S1-362655255,US,3,False,tuning
S1-362672731,US,1,False,evaluation
S1-362678062,US,2,False,evaluation
S1-362791951,India,6,False,evaluation
S1-362794674,US,5,False,tuning
S1-362794728,US,5,False,evaluation
S1-362815713,US,5,False,evaluation
S1-362821067,India,2,False,evaluation
S1-363073797,US,5,False,tuning
S1-363096630,India,7,False,tuning
S1-363102006,US,2,False,evaluation
S1-363112225,US,2,False,tuning
S1-363200851,US,2,False,evaluation
S1-363332509,India,6,False,evaluation
S1-363343190,India,2,False,tuning
S1-363359945,US,3,False,evaluation
S1-363377968,India,4,False,evaluation
S1-363380823,India,1,False,evaluation
S1-36351044,US,2,False,evaluation
S1-363578820,US,5,False,evaluation
S1-363632941,India,4,False,evaluation
S1-363640638,US,5,False,tuning
S1-36370456,US,6,False,tuning
S1-363845546,US,4,False,evaluation
S1-363866012,India,5,False,evaluation
S1-363869955,US,3,False,evaluation
S1-363977895,US,3,False,tuning
S1-363990904,India,5,False,evaluation
S1-36400330,India,3,False,tuning
S1-364007364,US,4,False,tuning
S1-36401184,India,3,False,evaluation
S1-364013727,US,0,True,tuning
S1-364047797,US,4,False,evaluation
S1-364082683,US,2,False,tuning
S1-364101343,US,6,False,tuning
S1-364250155,US,2,False,tuning
S1-364291844,India,4,False,evaluation
S1-3643143,India,6,False,evaluation
S1-364318157,US,1,False,evaluation
S1-364343116,US,3,False,tuning
S1-364350385,US,4,False,evaluation
S1-364356291,US,4,False,evaluation
S1-364365548,US,4,False,evaluation
S1-364424490,India,3,False,evaluation
S1-36446025,US,4,False,evaluation
S1-364463484,US,6,False,tuning
S1-364479701,US,4,False,evaluation
S1-364549159,US,4,False,tuning
S1-364618702,US,2,False,evaluation
S1-364618885,US,5,False,evaluation
S1-364678319,US,2,False,evaluation
S1-364708609,US,3,False,tuning
S1-364742387,US,8,False,evaluation
S1-364770786,US,1,False,evaluation
S1-364816458,US,3,False,evaluation
S1-364836731,India,2,False,tuning
S1-364849226,India,5,False,evaluation
S1-36489829,India,3,False,evaluation
S1-364947441,US,6,False,evaluation
S1-36501269,India,4,False,evaluation
S1-365018008,India,5,False,tuning
S1-365021616,US,3,False,evaluation
S1-365021710,India,2,False,evaluation
S1-365033915,India,4,False,evaluation
S1-365043624,India,8,False,tuning
S1-36507635,US,2,False,tuning
S1-365107228,India,4,False,tuning
S1-365231028,US,4,False,evaluation
S1-365247461,US,0,True,tuning
S1-365263841,India,3,False,evaluation
S1-365342582,India,4,False,evaluation
S1-365395598,US,2,False,tuning
S1-3654066,India,5,False,tuning
S1-365443482,US,5,False,tuning
S1-365541238,US,5,False,tuning
S1-365636389,India,3,False,tuning
S1-365637757,US,7,False,evaluation
S1-365669449,US,4,False,evaluation
S1-365779503,US,3,False,evaluation
S1-36599544,US,2,False,evaluation
S1-366026232,US,1,False,tuning
S1-36606388,India,4,False,evaluation
S1-366070736,US,2,False,evaluation
S1-366149155,India,0,True,evaluation
S1-366192232,US,5,False,evaluation
S1-366244501,India,7,False,evaluation
S1-366261569,US,5,False,tuning
S1-3662774,US,1,False,tuning
S1-366320066,US,3,False,evaluation
S1-366416626,US,5,False,tuning
S1-366468825,India,2,False,evaluation
S1-366489005,US,5,False,evaluation
S1-366495583,US,6,False,evaluation
S1-366611569,US,5,False,evaluation
S1-366694369,US,3,False,tuning
S1-36682685,India,3,False,evaluation
S1-366831749,US,2,False,evaluation
S1-366845212,US,3,False,tuning
S1-366855691,US,5,False,evaluation
S1-366928779,India,1,False,tuning
S1-367014530,US,2,False,tuning
S1-367045279,US,2,False,tuning
S1-367125243,US,5,False,evaluation
S1-367196656,US,6,False,evaluation
S1-367308509,India,5,False,evaluation
S1-367370891,US,4,False,evaluation
S1-367412978,US,1,False,tuning
S1-36744414,India,3,False,evaluation
S1-367481126,US,3,False,evaluation
S1-367508421,India,3,False,tuning
S1-367561278,US,7,False,tuning
S1-367599412,US,6,False,evaluation
S1-36760404,US,7,False,evaluation
S1-367732182,India,4,False,evaluation
S1-367769677,US,5,False,evaluation
S1-367848864,US,9,False,tuning
S1-367850706,India,1,False,evaluation
S1-36785150,US,6,False,evaluation
S1-367934462,US,5,False,evaluation
S1-367965660,US,6,False,tuning
S1-368001955,India,1,False,tuning
S1-368017364,US,1,False,evaluation
S1-368125604,US,4,False,evaluation
S1-368161657,India,4,False,tuning
S1-368162656,India,3,False,evaluation
S1-368224113,US,5,False,evaluation
S1-368235397,US,2,False,tuning
S1-368262915,India,3,False,tuning
S1-368289022,India,2,False,evaluation
S1-368306567,India,3,False,evaluation
S1-368393638,US,2,False,tuning
S1-368450709,India,2,False,tuning
S1-36845314,US,4,False,tuning
S1-368456595,India,4,False,evaluation
S1-368621998,India,5,False,tuning
S1-368632532,India,0,True,tuning
S1-368764492,India,4,False,evaluation
S1-368768365,India,2,False,tuning
S1-368774029,US,5,False,tuning
S1-368820270,US,3,False,evaluation
S1-368930454,India,4,False,tuning
S1-36893207,India,6,False,tuning
S1-368975208,US,4,False,evaluation
S1-368993314,US,4,False,tuning
S1-368996077,India,5,False,evaluation
S1-369020120,India,4,False,tuning
S1-369027032,India,3,False,tuning
S1-369093078,India,2,False,tuning
S1-369108176,India,3,False,tuning
S1-369121661,India,1,False,tuning
S1-369151854,India,4,False,tuning
S1-369303688,US,4,False,evaluation
S1-369338635,US,8,False,tuning
S1-369457304,US,3,False,tuning
S1-369511129,US,2,False,tuning
S1-369518013,India,5,False,evaluation
S1-369518937,US,3,False,evaluation
S1-369533358,US,7,False,tuning
S1-369544398,US,7,False,evaluation
S1-369612575,India,0,True,evaluation
S1-369680649,India,0,True,evaluation
S1-369686962,US,2,False,evaluation
S1-369746110,US,4,False,evaluation
S1-36978764,India,0,True,evaluation
S1-369798577,US,1,False,evaluation
S1-369861184,US,4,False,evaluation
S1-369911323,India,2,False,tuning
S1-369916710,India,4,False,evaluation
S1-369919932,India,5,False,tuning
S1-369930027,US,2,False,evaluation
S1-36999801,India,0,True,tuning
S1-370008582,India,5,False,evaluation
S1-370013013,US,3,False,tuning
S1-370052184,US,3,False,evaluation
S1-370068839,US,7,False,tuning
S1-370130121,US,7,False,evaluation
S1-370192012,US,0,True,evaluation
S1-37027286,US,0,True,evaluation
S1-370277910,India,3,False,tuning
S1-370412830,US,5,False,evaluation
S1-370501146,US,3,False,evaluation
S1-370607685,US,5,False,tuning
S1-37063944,US,2,False,tuning
S1-37066132,India,6,False,evaluation
S1-370668500,US,2,False,evaluation
S1-370708899,India,4,False,evaluation
S1-370720877,India,5,False,evaluation
S1-370761510,India,4,False,evaluation
S1-370766016,US,4,False,evaluation
S1-370772433,US,3,False,evaluation
S1-371069807,US,7,False,tuning
S1-37108793,US,7,False,evaluation
S1-371166945,India,5,False,evaluation
S1-371328674,India,1,False,evaluation
S1-371360678,US,3,False,evaluation
S1-371411103,India,5,False,tuning
S1-371438981,US,2,False,evaluation
S1-371458066,US,3,False,evaluation
S1-371469799,India,4,False,evaluation
S1-371496666,US,5,False,evaluation
S1-37149795,US,2,False,tuning
S1-371559705,US,3,False,tuning
S1-371607638,US,3,False,evaluation
S1-371645529,India,5,False,evaluation
S1-371739635,US,3,False,evaluation
S1-371773830,US,3,False,tuning
S1-371793590,India,5,False,tuning
S1-371840508,US,4,False,evaluation
S1-371854766,India,4,False,evaluation
S1-371904317,India,2,False,evaluation
S1-371945414,India,3,False,tuning
S1-371997321,India,4,False,evaluation
S1-372010497,US,6,False,evaluation
S1-372012424,US,2,False,evaluation
S1-372026660,India,3,False,evaluation
S1-372112525,US,2,False,evaluation
S1-372121803,US,5,False,evaluation
S1-37213072,US,4,False,tuning
S1-372151876,US,8,False,tuning
S1-372162805,US,4,False,tuning
S1-372193552,India,2,False,tuning
S1-372212353,India,6,False,tuning
S1-372266577,US,5,False,tuning
S1-37236001,US,6,False,evaluation
S1-37237630,US,5,False,evaluation
S1-372394577,US,4,False,evaluation
S1-372451916,US,3,False,evaluation
S1-372457580,US,0,True,tuning
S1-372465280,India,1,False,evaluation
S1-372503616,US,5,False,evaluation
S1-372567687,India,3,False,tuning
S1-372619605,US,4,False,tuning
S1-372761762,US,3,False,tuning
S1-372786375,India,2,False,evaluation
S1-372818200,US,5,False,evaluation
S1-372829057,US,4,False,evaluation
S1-372836480,US,2,False,tuning
S1-372866393,India,5,False,tuning
S1-372981528,India,3,False,evaluation
S1-373040375,India,5,False,evaluation
S1-373055272,India,2,False,tuning
S1-373161364,India,2,False,tuning
S1-373413296,US,4,False,evaluation
S1-37342567,India,5,False,evaluation
S1-373426423,US,4,False,tuning
S1-37347105,India,5,False,evaluation
S1-373488492,India,4,False,evaluation
S1-373525301,US,2,False,tuning
S1-373576006,US,2,False,evaluation
S1-373583536,India,2,False,tuning
S1-373610746,US,6,False,evaluation
S1-373716962,India,3,False,tuning
S1-373729562,US,7,False,evaluation
S1-373738044,US,2,False,tuning
S1-373739196,India,3,False,evaluation
S1-373771067,India,7,False,evaluation
S1-373780320,India,6,False,evaluation
S1-373827400,US,5,False,evaluation
S1-373841520,US,0,True,evaluation
S1-373865735,US,2,False,tuning
S1-37386982,US,2,False,evaluation
S1-373964192,US,7,False,tuning
S1-373983521,India,5,False,evaluation
S1-374063410,US,2,False,tuning
S1-374066313,US,5,False,evaluation
S1-374086691,US,5,False,tuning
S1-374108826,US,4,False,evaluation
S1-374163207,India,4,False,evaluation
S1-374229598,US,2,False,evaluation
S1-374365850,US,2,False,tuning
S1-37439922,India,3,False,tuning
S1-374406981,India,2,False,evaluation
S1-374410285,India,4,False,evaluation
S1-374490177,India,2,False,evaluation
S1-374519547,US,5,False,evaluation
S1-374575330,India,4,False,evaluation
S1-374607005,US,5,False,tuning
S1-374777174,US,0,True,tuning
S1-374778397,US,5,False,evaluation
S1-374993733,US,5,False,tuning
S1-37501306,US,0,True,evaluation
S1-37505316,US,5,False,evaluation
S1-375060799,US,2,False,evaluation
S1-375072058,US,3,False,evaluation
S1-37508413,US,3,False,evaluation
S1-375144546,US,3,False,tuning
S1-375207786,US,5,False,evaluation
S1-375216850,US,2,False,tuning
S1-375231412,India,2,False,evaluation
S1-375262916,US,5,False,evaluation
S1-375291515,US,3,False,evaluation
S1-375360103,US,3,False,evaluation
S1-375374761,US,1,False,evaluation
S1-375385567,India,4,False,evaluation
S1-375386270,India,5,False,tuning
S1-375507334,US,4,False,evaluation
S1-375669649,US,3,False,evaluation
S1-375678069,US,2,False,tuning
S1-375828727,US,4,False,tuning
S1-375962579,US,5,False,evaluation
S1-375967,India,4,False,tuning
S1-376061165,US,4,False,tuning
S1-376107997,US,2,False,evaluation
S1-376137706,US,3,False,tuning
S1-376246012,US,6,False,tuning
S1-376246711,US,2,False,evaluation
S1-376262739,US,3,False,evaluation
S1-37626774,India,5,False,tuning
S1-376288330,India,5,False,evaluation
S1-376326796,India,2,False,tuning
S1-376342259,US,3,False,evaluation
S1-376352764,US,2,False,evaluation
S1-376391456,US,3,False,evaluation
S1-376421340,India,2,False,evaluation
S1-376437187,US,5,False,evaluation
S1-376556567,US,4,False,evaluation
S1-376629196,US,0,True,evaluation
S1-376658047,US,2,False,tuning
S1-376675122,India,2,False,evaluation
S1-37669496,India,4,False,tuning
S1-376712917,India,0,True,evaluation
S1-376767576,US,4,False,tuning
S1-376801613,US,3,False,evaluation
S1-376814696,US,5,False,evaluation
S1-376828196,India,2,False,tuning
S1-37682832,India,4,False,evaluation
S1-377086058,US,5,False,tuning
S1-377121327,US,2,False,evaluation
S1-377121439,US,3,False,evaluation
S1-377279366,US,4,False,evaluation
S1-377317174,India,0,True,evaluation
S1-377359775,US,3,False,tuning
S1-3773702,India,4,False,tuning
S1-377380589,India,1,False,tuning
S1-37738510,India,3,False,tuning
S1-377528523,India,3,False,tuning
S1-377560297,US,6,False,tuning
S1-3775652,India,2,False,tuning
S1-377568816,US,7,False,tuning
S1-377588171,US,3,False,tuning
S1-377614419,India,5,False,evaluation
S1-37773245,US,3,False,evaluation
S1-377765710,US,3,False,tuning
S1-377811236,US,2,False,evaluation
S1-377886623,US,3,False,evaluation
S1-377903003,US,5,False,evaluation
S1-377929925,India,3,False,evaluation
S1-377976756,US,2,False,tuning
S1-378014469,India,8,False,tuning
S1-378019168,India,0,True,evaluation
S1-378046274,India,3,False,evaluation
S1-37805904,US,4,False,evaluation
S1-378112573,India,4,False,evaluation
S1-378149244,India,3,False,evaluation
S1-378217131,US,3,False,tuning
S1-378251976,US,4,False,evaluation
S1-378338683,US,5,False,tuning
S1-378351115,India,5,False,evaluation
S1-378358263,India,4,False,tuning
S1-378373420,India,3,False,tuning
S1-378526299,US,0,True,tuning
S1-378575323,US,2,False,evaluation
S1-378581363,US,3,False,evaluation
S1-378702310,India,5,False,tuning
S1-37879644,US,3,False,evaluation
S1-378858585,US,3,False,evaluation
S1-378867744,US,3,False,evaluation
S1-378898687,US,5,False,tuning
S1-379056543,US,2,False,tuning
S1-379116236,US,4,False,tuning
S1-379157046,US,1,False,evaluation
S1-379184931,India,4,False,evaluation
S1-379248097,US,4,False,tuning
S1-37924974,India,4,False,tuning
S1-379307665,US,2,False,evaluation
S1-379375217,India,5,False,evaluation
S1-37943421,India,4,False,evaluation
S1-379517573,US,5,False,evaluation
S1-37957393,India,5,False,tuning
S1-379631579,US,4,False,evaluation
S1-379676222,India,6,False,tuning
S1-379677192,US,2,False,evaluation
S1-379724517,US,6,False,tuning
S1-379744050,US,3,False,tuning
S1-379748699,US,0,True,evaluation
S1-379751238,India,1,False,evaluation
S1-37975157,India,3,False,tuning
S1-379766912,India,5,False,tuning
S1-379773220,India,2,False,tuning
S1-379841094,US,1,False,tuning
S1-379853034,India,0,True,evaluation
S1-379871495,US,0,True,evaluation
S1-379886735,US,3,False,tuning
S1-379917834,US,2,False,evaluation
S1-37997135,US,4,False,evaluation
S1-379990746,India,4,False,tuning
S1-380039407,US,5,False,tuning
S1-380048064,India,4,False,evaluation
S1-380070104,US,5,False,tuning
S1-380080878,India,2,False,tuning
S1-380207431,US,0,True,evaluation
S1-380221725,US,0,True,evaluation
S1-38034190,India,0,True,tuning
S1-38042842,US,6,False,evaluation
S1-380525357,India,5,False,tuning
S1-380557837,US,3,False,evaluation
S1-380579541,US,6,False,evaluation
S1-380607004,US,5,False,tuning
S1-380696711,India,2,False,tuning
S1-380721210,India,6,False,evaluation
S1-380721921,India,2,False,tuning
S1-380737728,India,2,False,evaluation
S1-380838687,US,4,False,evaluation
S1-38086327,US,3,False,tuning
S1-380932102,US,3,False,tuning
S1-380985122,US,2,False,tuning
S1-381102472,India,7,False,tuning
S1-381116737,India,6,False,evaluation
S1-381140482,India,2,False,evaluation
S1-381169799,US,3,False,evaluation
S1-381213991,US,1,False,evaluation
S1-381255175,India,3,False,evaluation
S1-381257119,US,3,False,tuning
S1-381356950,India,4,False,evaluation
S1-381399100,US,4,False,tuning
S1-381475647,US,2,False,tuning
S1-381559041,India,3,False,evaluation
S1-381559111,India,3,False,evaluation
S1-381593367,US,4,False,tuning
S1-381615173,India,5,False,evaluation
S1-38161707,US,2,False,tuning
S1-381651525,India,3,False,tuning
S1-381710630,India,4,False,tuning
S1-381817105,India,4,False,evaluation
S1-382018592,India,1,False,evaluation
S1-382022455,US,4,False,evaluation
S1-382030719,India,4,False,evaluation
S1-382043073,US,2,False,evaluation
S1-382126823,India,3,False,evaluation
S1-382282685,India,3,False,evaluation
S1-382330824,India,4,False,evaluation
S1-382356528,US,5,False,evaluation
S1-382363040,US,2,False,evaluation
S1-38237126,US,4,False,evaluation
S1-3824211,India,4,False,tuning
S1-382441490,India,4,False,evaluation
S1-382474246,India,3,False,evaluation
S1-382533493,India,4,False,tuning
S1-382569350,US,3,False,evaluation
S1-382620971,India,3,False,evaluation
S1-382729461,India,3,False,tuning
S1-382754005,US,3,False,evaluation
S1-382839290,India,5,False,tuning
S1-382849428,US,4,False,evaluation
S1-382920641,India,2,False,tuning
S1-382939947,US,4,False,tuning
S1-383090734,India,0,True,evaluation
S1-383221182,US,6,False,evaluation
S1-383410009,US,5,False,tuning
S1-383470767,India,3,False,evaluation
S1-38353706,India,2,False,evaluation
S1-383542857,India,6,False,tuning
S1-383608656,India,4,False,evaluation
S1-383622886,India,3,False,tuning
S1-38362480,India,4,False,tuning
S1-383626962,US,4,False,tuning
S1-38363223,US,2,False,tuning
S1-383643545,US,2,False,evaluation
S1-383685205,US,3,False,tuning
S1-383698290,US,2,False,evaluation
S1-383744417,US,3,False,tuning
S1-383764954,US,3,False,tuning
S1-383884788,India,4,False,evaluation
S1-383924373,US,4,False,tuning
S1-383936062,US,4,False,evaluation
S1-383945394,US,5,False,tuning
S1-383945977,US,3,False,tuning
S1-383966348,US,1,False,tuning
S1-384094106,India,2,False,evaluation
S1-384138327,India,3,False,tuning
S1-384230947,US,8,False,tuning
S1-38429655,US,5,False,evaluation
S1-384365375,India,4,False,evaluation
S1-384365461,US,3,False,evaluation
S1-384374174,US,3,False,evaluation
S1-384400545,India,1,False,evaluation
S1-384423022,US,3,False,tuning
S1-38444579,India,4,False,tuning
S1-384574634,India,5,False,tuning
S1-384623955,India,4,False,tuning
S1-384674559,India,2,False,tuning
S1-384681035,India,4,False,evaluation
S1-384774639,US,4,False,evaluation
S1-384859294,India,3,False,tuning
S1-384873745,India,3,False,tuning
S1-384885717,US,2,False,tuning
S1-384936049,India,4,False,tuning
S1-384939549,India,3,False,tuning
S1-384966707,US,3,False,tuning
S1-385207455,US,7,False,tuning
S1-385300469,US,1,False,evaluation
S1-385308959,India,6,False,tuning
S1-385369355,US,1,False,tuning
S1-385377302,India,2,False,evaluation
S1-385434377,US,3,False,tuning
S1-3854547,US,7,False,evaluation
S1-385471167,India,2,False,evaluation
S1-385494063,India,4,False,evaluation
S1-385494852,India,5,False,evaluation
S1-385524546,India,6,False,evaluation
S1-385553445,US,0,True,evaluation
S1-385559123,India,2,False,evaluation
S1-385624044,US,4,False,evaluation
S1-38570272,US,4,False,tuning
S1-385834984,US,3,False,tuning
S1-385878981,India,3,False,tuning
S1-385906516,India,6,False,evaluation
S1-385953428,US,7,False,tuning
S1-385966908,India,3,False,evaluation
S1-386000458,US,3,False,tuning
S1-38605967,US,1,False,tuning
S1-386088143,India,0,True,evaluation
S1-386144623,US,3,False,evaluation
S1-386193223,India,2,False,evaluation
S1-386263640,India,6,False,evaluation
S1-38627511,US,5,False,tuning
S1-386289829,US,4,False,evaluation
S1-386316122,US,3,False,evaluation
S1-386318989,US,5,False,evaluation
S1-386334814,US,5,False,evaluation
S1-386435596,India,0,True,evaluation
S1-386476917,US,3,False,evaluation
S1-386534508,US,4,False,tuning
S1-386619469,India,7,False,evaluation
S1-386634901,US,4,False,tuning
S1-386671379,US,2,False,evaluation
S1-386696218,US,3,False,evaluation
S1-386768150,US,2,False,evaluation
S1-386774630,US,3,False,evaluation
S1-386779663,US,3,False,evaluation
S1-386779761,US,6,False,evaluation
S1-386790184,US,4,False,evaluation
S1-386847544,US,4,False,tuning
S1-38685689,India,2,False,tuning
S1-386981059,US,3,False,evaluation
S1-387020829,US,6,False,tuning
S1-387200680,India,6,False,evaluation
S1-387223404,US,1,False,tuning
S1-387228866,US,4,False,tuning
S1-38727130,US,6,False,evaluation
S1-38728925,India,4,False,tuning
S1-387315115,US,2,False,tuning
S1-387363895,US,4,False,tuning
S1-387526304,US,6,False,evaluation
S1-387548608,US,3,False,evaluation
S1-387599231,US,5,False,tuning
S1-387615199,US,4,False,tuning
S1-387639203,US,0,True,tuning
S1-387650140,US,6,False,evaluation
S1-387680404,US,2,False,tuning
S1-387907864,US,4,False,tuning
S1-38791582,US,2,False,evaluation
S1-388143181,India,3,False,evaluation
S1-388184969,India,5,False,evaluation
S1-388314741,India,4,False,evaluation
S1-388449135,US,4,False,evaluation
S1-388462884,US,3,False,evaluation
S1-388548162,US,3,False,tuning
S1-388577578,US,1,False,tuning
S1-388658526,India,4,False,evaluation
S1-388663588,US,8,False,evaluation
S1-388685057,India,2,False,evaluation
S1-388704129,India,4,False,evaluation
S1-38871797,India,4,False,evaluation
S1-388727862,US,4,False,tuning
S1-388739931,India,2,False,evaluation
S1-388786319,India,3,False,tuning
S1-388793139,US,5,False,evaluation
S1-388873276,US,5,False,tuning
S1-388918535,India,6,False,evaluation
S1-38892147,India,3,False,tuning
S1-388924052,US,2,False,evaluation
S1-38907587,US,3,False,tuning
S1-389137895,India,5,False,evaluation
S1-389183161,US,5,False,tuning
S1-389205467,India,4,False,tuning
S1-389268059,US,4,False,evaluation
S1-389280144,India,4,False,evaluation
S1-389304447,US,6,False,evaluation
S1-389306646,India,3,False,evaluation
S1-389368426,US,5,False,tuning
S1-389382736,US,6,False,tuning
S1-389497302,US,2,False,evaluation
S1-389546076,India,3,False,tuning
S1-389620695,US,4,False,evaluation
S1-38974329,India,4,False,evaluation
S1-389786171,US,1,False,tuning
S1-389804051,India,1,False,evaluation
S1-389996970,India,3,False,evaluation
S1-39009276,India,3,False,evaluation
S1-390107038,US,1,False,tuning
S1-390193229,India,5,False,evaluation
S1-390211013,India,6,False,tuning
S1-390220145,US,3,False,evaluation
S1-39023879,India,4,False,evaluation
S1-390299532,India,4,False,evaluation
S1-390346651,US,2,False,evaluation
S1-39047035,US,2,False,tuning
S1-390537939,India,3,False,tuning
S1-390569750,India,2,False,tuning
S1-390609896,India,3,False,tuning
S1-390617313,India,2,False,evaluation
S1-39066987,India,3,False,tuning
S1-390700545,India,5,False,evaluation
S1-390702936,India,3,False,evaluation
S1-390749423,India,3,False,tuning
S1-390833609,US,4,False,evaluation
S1-390851661,US,2,False,tuning
S1-39092190,India,2,False,tuning
S1-391127777,US,5,False,evaluation
S1-391153286,India,4,False,tuning
S1-391163953,US,0,True,evaluation
S1-391169887,US,5,False,evaluation
S1-391201418,US,3,False,tuning
S1-391272401,US,4,False,evaluation
S1-39127506,US,4,False,tuning
S1-391390427,India,8,False,tuning
S1-391402138,US,4,False,evaluation
S1-391407698,US,0,True,evaluation
S1-391432812,India,5,False,evaluation
S1-391435732,US,3,False,evaluation
S1-391513647,US,3,False,tuning
S1-391518967,India,3,False,evaluation
S1-391548891,US,6,False,evaluation
S1-391562407,US,3,False,tuning
S1-391563457,India,6,False,evaluation
S1-39157887,US,2,False,evaluation
S1-391634413,US,6,False,evaluation
S1-391661808,US,6,False,evaluation
S1-391698020,India,0,True,evaluation
S1-391716728,US,7,False,evaluation
S1-391804024,US,4,False,tuning
S1-391824592,India,4,False,evaluation
S1-391826564,India,2,False,evaluation
S1-391882209,US,1,False,evaluation
S1-392005823,US,2,False,evaluation
S1-39205969,US,2,False,tuning
S1-392107263,India,3,False,evaluation
S1-392147784,India,1,False,evaluation
S1-392199159,US,5,False,evaluation
S1-392236703,US,0,True,evaluation
S1-392264078,US,3,False,evaluation
S1-392282010,India,3,False,tuning
S1-39230617,India,4,False,tuning
S1-392368151,India,5,False,evaluation
S1-392384494,US,6,False,tuning
S1-392468460,US,1,False,evaluation
S1-392486798,US,2,False,tuning
S1-392508419,India,3,False,evaluation
S1-392545265,India,5,False,tuning
S1-392599728,US,1,False,tuning
S1-392647109,US,4,False,tuning
S1-392647652,India,4,False,tuning
S1-392651238,US,1,False,tuning
S1-392728717,US,2,False,evaluation
S1-39275859,US,3,False,tuning
S1-39277442,US,8,False,tuning
S1-392801616,US,4,False,tuning
S1-392809057,India,6,False,evaluation
S1-392847765,India,3,False,evaluation
S1-392901368,India,5,False,evaluation
S1-392919245,US,2,False,evaluation
S1-392966055,US,4,False,tuning
S1-393082772,India,4,False,evaluation
S1-393092946,US,0,True,evaluation
S1-393098261,India,5,False,evaluation
S1-393105305,US,9,False,tuning
S1-393117390,US,1,False,evaluation
S1-393235553,India,3,False,evaluation
S1-393267817,US,2,False,evaluation
S1-393274327,US,5,False,evaluation
S1-393317943,US,4,False,evaluation
S1-393348740,India,4,False,tuning
S1-393505724,US,3,False,tuning
S1-393544796,India,2,False,tuning
S1-39356582,US,5,False,tuning
S1-39360791,US,2,False,tuning
S1-393620770,India,5,False,tuning
S1-393626841,India,4,False,evaluation
S1-39373521,US,4,False,tuning
S1-393907593,US,6,False,evaluation
S1-393980796,India,5,False,evaluation
S1-394009722,US,4,False,evaluation
S1-394021548,US,3,False,evaluation
S1-394043365,India,5,False,evaluation
S1-394083248,US,4,False,evaluation
S1-394086033,India,3,False,tuning
S1-39409364,US,6,False,evaluation
S1-394115534,US,3,False,tuning
S1-394126859,India,3,False,evaluation
S1-39415737,India,4,False,evaluation
S1-394186628,India,6,False,evaluation
S1-394191447,India,6,False,evaluation
S1-394204824,India,3,False,evaluation
S1-394237903,US,4,False,evaluation
S1-39426633,US,2,False,tuning
S1-394288822,US,6,False,evaluation
S1-394383851,India,5,False,tuning
S1-394400301,India,4,False,evaluation
S1-394402336,US,0,True,evaluation
S1-394473108,US,3,False,evaluation
S1-394483872,India,4,False,tuning
S1-394531754,India,2,False,evaluation
S1-394537834,India,3,False,tuning
S1-394563549,India,3,False,evaluation
S1-39456782,India,3,False,tuning
S1-394632774,India,5,False,evaluation
S1-394668402,US,6,False,tuning
S1-394700987,US,1,False,evaluation
S1-394744754,US,4,False,evaluation
S1-394756012,US,3,False,evaluation
S1-394757572,India,4,False,tuning
S1-394861497,India,6,False,evaluation
S1-39495432,US,3,False,tuning
S1-395041363,India,6,False,evaluation
S1-395136117,US,0,True,evaluation
S1-395285131,India,2,False,tuning
S1-395349550,US,4,False,evaluation
S1-395582899,US,5,False,evaluation
S1-395601309,India,6,False,evaluation
S1-395608353,India,4,False,tuning
S1-395613655,US,5,False,tuning
S1-395656237,US,2,False,evaluation
S1-395710316,US,2,False,evaluation
S1-395724257,US,6,False,evaluation
S1-395827752,India,4,False,evaluation
S1-395866681,India,5,False,evaluation
S1-395892882,US,2,False,tuning
S1-395898657,US,2,False,tuning
S1-39592665,US,4,False,evaluation
S1-395964362,India,0,True,evaluation
S1-395987213,US,5,False,evaluation
S1-396034067,India,4,False,tuning
S1-39609016,US,5,False,tuning
S1-396224203,US,6,False,evaluation
S1-396309616,India,4,False,evaluation
S1-396339252,US,5,False,evaluation
S1-396363512,US,4,False,evaluation
S1-396375761,US,5,False,evaluation
S1-396388122,India,0,True,tuning
S1-396396477,India,5,False,evaluation
S1-396444871,India,6,False,evaluation
S1-396520081,India,5,False,tuning
S1-396543030,US,5,False,tuning
S1-3965597,India,3,False,tuning
S1-396608967,US,4,False,tuning
S1-396625111,US,3,False,evaluation
S1-396672724,US,3,False,evaluation
S1-396726970,US,3,False,tuning
S1-396794608,US,0,True,evaluation
S1-396797042,US,5,False,tuning
S1-396803331,India,2,False,evaluation
S1-3968144,India,5,False,tuning
S1-396865488,India,0,True,evaluation
S1-39687754,India,6,False,evaluation
S1-396916214,US,2,False,evaluation
S1-397005945,US,3,False,tuning
S1-397032755,US,5,False,evaluation
S1-397070762,US,3,False,tuning
S1-397092069,India,7,False,tuning
S1-397122669,US,1,False,tuning
S1-397140814,India,3,False,tuning
S1-397178850,US,3,False,evaluation
S1-397196692,US,2,False,evaluation
S1-397238121,India,5,False,tuning
S1-397265016,US,2,False,evaluation
S1-397294724,India,2,False,evaluation
S1-397295870,US,4,False,evaluation
S1-397304888,India,3,False,evaluation
S1-397354880,US,2,False,tuning
S1-397414034,US,6,False,evaluation
S1-397439927,India,5,False,evaluation
S1-397445535,India,0,True,evaluation
S1-39746270,India,5,False,evaluation
S1-397498202,US,6,False,tuning
S1-397520072,US,6,False,evaluation
S1-397645405,India,5,False,evaluation
S1-397669583,India,4,False,evaluation
S1-397707510,US,4,False,evaluation
S1-397878894,US,6,False,evaluation
S1-397894649,India,4,False,evaluation
S1-397900172,US,3,False,tuning
S1-397951962,India,2,False,evaluation
S1-397988940,US,5,False,tuning
S1-398000360,US,4,False,tuning
S1-398042115,US,1,False,evaluation
S1-39805966,US,3,False,evaluation
S1-398106501,US,4,False,evaluation
S1-398136598,US,6,False,evaluation
S1-398193893,US,4,False,evaluation
S1-398196803,India,0,True,tuning
S1-398268321,India,1,False,evaluation
S1-398277446,US,5,False,tuning
S1-398289249,India,3,False,tuning
S1-398292691,US,2,False,evaluation
S1-398323040,US,5,False,evaluation
S1-398355566,India,6,False,tuning
S1-398359228,India,4,False,tuning
S1-398426103,US,4,False,tuning
S1-398615710,India,6,False,tuning
S1-398639536,US,7,False,tuning
S1-398702563,India,3,False,evaluation
S1-398758567,India,5,False,tuning
S1-398763602,US,6,False,tuning
S1-39885956,US,4,False,evaluation
S1-39888707,US,2,False,evaluation
S1-398903274,US,4,False,evaluation
S1-398966822,India,4,False,evaluation
S1-398994210,India,3,False,tuning
S1-399009815,India,1,False,evaluation
S1-39907384,US,4,False,evaluation
S1-399107332,US,6,False,tuning
S1-399151371,India,7,False,evaluation
S1-399157149,India,4,False,evaluation
S1-399241483,US,3,False,tuning
S1-39930203,US,0,True,tuning
S1-399312744,India,5,False,tuning
S1-399331945,India,2,False,tuning
S1-39933374,US,4,False,tuning
S1-399421785,US,3,False,tuning
S1-399441348,US,5,False,tuning
S1-399454935,US,2,False,evaluation
S1-399468630,US,3,False,evaluation
S1-399487004,US,4,False,tuning
S1-399504147,India,3,False,evaluation
S1-399518481,India,4,False,evaluation
S1-399556242,US,5,False,evaluation
S1-399584910,US,4,False,tuning
S1-399585973,US,2,False,evaluation
S1-399608381,India,4,False,evaluation
S1-399658726,US,5,False,evaluation
S1-399672796,India,5,False,tuning
S1-399766433,India,4,False,evaluation
S1-399920882,US,5,False,evaluation
S1-399935489,US,4,False,evaluation
S1-399948520,India,5,False,evaluation
S1-399976421,India,3,False,evaluation
S1-399982754,US,3,False,tuning
S1-400043069,US,2,False,tuning
S1-400092419,US,3,False,tuning
S1-400107175,US,3,False,evaluation
S1-400146891,US,3,False,evaluation
S1-400329087,US,3,False,evaluation
S1-400417388,US,2,False,tuning
S1-400467353,India,4,False,evaluation
S1-400545731,India,4,False,tuning
S1-400564459,US,3,False,tuning
S1-400598210,US,1,False,evaluation
S1-400611551,US,5,False,tuning
S1-400659025,US,3,False,evaluation
S1-400782815,India,3,False,evaluation
S1-400786997,US,0,True,tuning
S1-4007871,US,4,False,evaluation
S1-400796625,India,3,False,evaluation
S1-400815027,US,4,False,evaluation
S1-400902369,US,2,False,evaluation
S1-40091650,US,6,False,evaluation
S1-400921639,India,3,False,tuning
S1-401007616,India,5,False,tuning
S1-401158685,US,3,False,evaluation
S1-401194042,US,0,True,evaluation
S1-401231169,US,5,False,tuning
S1-401241171,India,6,False,tuning
S1-401281400,India,4,False,tuning
S1-401295463,US,4,False,evaluation
S1-401478320,US,5,False,tuning
S1-401493114,India,3,False,tuning
S1-401572512,India,5,False,tuning
S1-401685710,India,3,False,tuning
S1-401703489,US,4,False,evaluation
S1-401716699,US,4,False,evaluation
S1-401773921,India,2,False,tuning
S1-401812556,India,3,False,tuning
S1-401902239,US,6,False,evaluation
S1-401907735,US,7,False,evaluation
S1-401923680,India,5,False,evaluation
S1-401934738,India,4,False,tuning
S1-401959461,US,2,False,tuning
S1-401980040,US,0,True,tuning
S1-401992924,India,3,False,evaluation
S1-402095634,India,4,False,tuning
S1-40213535,India,2,False,tuning
S1-402431425,US,3,False,evaluation
S1-402483004,US,3,False,tuning
S1-402520275,US,3,False,evaluation
S1-402531107,US,3,False,evaluation
S1-402565372,US,3,False,evaluation
S1-402687584,US,3,False,evaluation
S1-402701678,US,0,True,evaluation
S1-402769036,US,2,False,evaluation
S1-402771449,US,7,False,tuning
S1-402774996,US,4,False,evaluation
S1-402795978,US,6,False,evaluation
S1-402958365,India,1,False,evaluation
S1-403023355,US,3,False,evaluation
S1-403070535,US,2,False,evaluation
S1-403110991,US,4,False,evaluation
S1-403142081,US,2,False,evaluation
S1-403268491,US,0,True,tuning
S1-403270448,India,5,False,evaluation
S1-403294975,US,5,False,tuning
S1-403347675,US,3,False,evaluation
S1-403373967,US,2,False,tuning
S1-403391338,India,5,False,evaluation
S1-403397353,India,6,False,evaluation
S1-403408940,US,2,False,tuning
S1-403487606,US,5,False,evaluation
S1-403497056,US,5,False,tuning
S1-403533077,India,3,False,tuning
S1-403547397,India,4,False,tuning
S1-40356333,US,7,False,evaluation
S1-403620357,US,4,False,evaluation
S1-403697528,India,3,False,evaluation
S1-403732446,US,9,False,evaluation
S1-403790563,US,4,False,evaluation
S1-403842884,US,3,False,tuning
S1-403906560,India,5,False,evaluation
S1-403934815,US,2,False,evaluation
S1-404165299,India,2,False,evaluation
S1-404187876,US,1,False,tuning
S1-404226738,US,5,False,evaluation
S1-404369507,US,5,False,evaluation
S1-404415134,India,2,False,tuning
S1-404420152,India,0,True,evaluation
S1-404470252,US,2,False,evaluation
S1-404490310,India,7,False,evaluation
S1-404506635,India,4,False,evaluation
S1-404545615,US,6,False,evaluation
S1-40457605,US,4,False,evaluation
S1-404600781,US,4,False,evaluation
S1-404612498,US,4,False,tuning
S1-404658546,US,2,False,tuning
S1-404778946,US,4,False,evaluation
S1-404779638,India,5,False,evaluation
S1-40481108,US,5,False,tuning
S1-404853679,US,4,False,evaluation
S1-404883981,US,4,False,evaluation
S1-404902552,US,3,False,tuning
S1-404910729,US,2,False,evaluation
S1-404972892,US,4,False,evaluation
S1-405060481,US,7,False,tuning
S1-405068935,India,4,False,evaluation
S1-405099289,India,2,False,evaluation
S1-405142241,India,4,False,evaluation
S1-405188859,US,4,False,tuning
S1-405207271,US,3,False,tuning
S1-40523682,US,3,False,evaluation
S1-405310036,India,5,False,tuning
S1-405331834,US,2,False,evaluation
S1-405367757,India,3,False,evaluation
S1-405438616,India,2,False,evaluation
S1-40550752,US,2,False,evaluation
S1-4055624,India,4,False,evaluation
S1-405596186,US,6,False,tuning
S1-405687391,US,3,False,tuning
S1-405732944,US,2,False,evaluation
S1-405765149,US,3,False,evaluation
S1-405792862,India,2,False,evaluation
S1-406039871,India,9,False,evaluation
S1-406111391,US,2,False,tuning
S1-406120676,US,3,False,tuning
S1-406122254,US,4,False,tuning
S1-406131477,India,3,False,evaluation
S1-406375629,India,3,False,evaluation
S1-406385682,US,4,False,tuning
S1-406420504,US,2,False,evaluation
S1-406428544,US,4,False,tuning
S1-406441207,US,5,False,tuning
S1-40645783,US,3,False,tuning
S1-406521568,India,5,False,tuning
S1-406523496,India,3,False,tuning
S1-406615599,US,2,False,evaluation
S1-406671320,US,2,False,evaluation
S1-406688478,India,5,False,tuning
S1-406773291,India,5,False,evaluation
S1-406833496,India,4,False,tuning
S1-406925621,US,6,False,evaluation
S1-406962194,India,4,False,evaluation
S1-407162310,India,4,False,evaluation
S1-407261322,India,3,False,tuning
S1-407263932,US,4,False,tuning
S1-407265542,US,3,False,evaluation
S1-407283035,US,3,False,evaluation
S1-407316647,US,2,False,tuning
S1-407329926,India,3,False,tuning
S1-407343598,US,0,True,evaluation
S1-407404061,US,2,False,evaluation
S1-407458287,India,4,False,tuning
S1-40751792,US,4,False,tuning
S1-407611103,US,2,False,evaluation
S1-407648590,US,3,False,tuning
S1-407652035,US,5,False,tuning
S1-407782031,US,6,False,evaluation
S1-407786136,US,1,False,tuning
S1-40779278,India,3,False,evaluation
S1-407912970,US,6,False,evaluation
S1-407923350,US,2,False,tuning
S1-407990035,US,4,False,evaluation
S1-408071821,US,2,False,tuning
S1-408248805,India,5,False,evaluation
S1-408249238,India,1,False,evaluation
S1-408308450,US,4,False,evaluation
S1-408324730,US,3,False,evaluation
S1-408462000,India,2,False,tuning
S1-408524377,India,5,False,tuning
S1-40854430,US,5,False,tuning
S1-408619862,US,4,False,evaluation
S1-40868755,US,3,False,tuning
S1-408706993,US,4,False,evaluation
S1-40877192,US,3,False,evaluation
S1-408956475,US,3,False,evaluation
S1-408991963,US,2,False,evaluation
S1-409013130,US,2,False,evaluation
S1-409124935,US,0,True,evaluation
S1-409176003,US,3,False,evaluation
S1-409209326,US,2,False,evaluation
S1-409244055,US,2,False,evaluation
S1-409316473,US,3,False,evaluation
S1-409345882,US,3,False,evaluation
S1-409376592,India,5,False,evaluation
S1-409450200,India,5,False,tuning
S1-409465115,India,4,False,evaluation
S1-4094887,India,3,False,tuning
S1-409541606,US,2,False,evaluation
S1-409558384,US,6,False,evaluation
S1-409566398,India,1,False,evaluation
S1-409572924,India,2,False,evaluation
S1-409575763,US,4,False,tuning
S1-40959948,India,2,False,tuning
S1-409665627,US,0,True,tuning
S1-409684774,India,6,False,tuning
S1-409761148,India,3,False,evaluation
S1-409766874,India,3,False,evaluation
S1-409802613,India,1,False,evaluation
S1-409837344,US,4,False,evaluation
S1-409838367,US,4,False,tuning
S1-409886369,India,4,False,evaluation
S1-409923771,US,4,False,evaluation
S1-409932012,US,6,False,evaluation
S1-410023460,US,3,False,evaluation
S1-410120056,US,2,False,tuning
S1-410135527,US,5,False,evaluation
S1-410191087,India,1,False,evaluation
S1-410201285,India,5,False,tuning
S1-410288977,US,0,True,evaluation
S1-410381665,India,6,False,tuning
S1-410515789,India,4,False,evaluation
S1-41053785,India,3,False,evaluation
S1-410627324,India,4,False,tuning
S1-410695907,India,7,False,evaluation
S1-410755718,India,2,False,tuning
S1-410772248,India,3,False,evaluation
S1-410821116,US,5,False,evaluation
S1-410852566,US,6,False,tuning
S1-410880173,India,5,False,evaluation
S1-410986076,US,0,True,evaluation
S1-411007873,US,3,False,tuning
S1-411008428,US,7,False,evaluation
S1-411021093,US,3,False,evaluation
S1-411102263,India,5,False,evaluation
S1-411161846,US,0,True,tuning
S1-411232247,India,2,False,evaluation
S1-411330583,India,4,False,evaluation
S1-411354535,US,8,False,tuning
S1-411355464,US,3,False,evaluation
S1-411357079,US,4,False,evaluation
S1-411357168,US,3,False,evaluation
S1-411373260,US,6,False,tuning
S1-411418867,India,1,False,evaluation
S1-411428383,India,2,False,evaluation
S1-411462136,US,5,False,tuning
S1-411469627,US,2,False,tuning
S1-41147272,India,3,False,tuning
S1-411520455,India,5,False,evaluation
S1-41160580,US,4,False,evaluation
S1-411614340,US,0,True,evaluation
S1-411645985,India,5,False,evaluation
S1-411683461,India,3,False,tuning
S1-411700282,US,2,False,evaluation
S1-411721429,US,5,False,evaluation
S1-411723284,India,3,False,tuning
S1-411724128,US,3,False,tuning
S1-411823674,US,3,False,evaluation
S1-411839511,US,5,False,evaluation
S1-411939618,India,2,False,evaluation
S1-411982210,India,0,True,evaluation
S1-412030841,US,3,False,tuning
S1-412089292,India,4,False,evaluation
S1-412131345,US,7,False,tuning
S1-412150906,US,1,False,evaluation
S1-412230318,US,4,False,evaluation
S1-412380859,US,4,False,evaluation
S1-412420984,India,7,False,evaluation
S1-412540793,India,3,False,evaluation
S1-412585944,India,3,False,evaluation
S1-412601666,US,4,False,evaluation
S1-412609831,India,3,False,evaluation
S1-412676473,India,3,False,evaluation
S1-412718937,India,2,False,evaluation
S1-412735254,US,3,False,tuning
S1-412820888,US,6,False,evaluation
S1-412855294,US,1,False,tuning
S1-412858289,US,3,False,evaluation
S1-412873586,US,2,False,evaluation
S1-412874882,US,3,False,tuning
S1-412918045,US,4,False,evaluation
S1-412932121,US,5,False,evaluation
S1-412934559,India,4,False,tuning
S1-413050043,India,2,False,tuning
S1-413054672,US,5,False,tuning
S1-413085903,US,3,False,evaluation
S1-413142849,US,2,False,evaluation
S1-413156683,US,4,False,evaluation
S1-41317566,India,6,False,tuning
S1-413283718,US,4,False,evaluation
S1-413340614,US,4,False,evaluation
S1-41339746,US,1,False,evaluation
S1-413399060,India,4,False,evaluation
S1-413438455,US,4,False,evaluation
S1-41349879,India,1,False,evaluation
S1-413502295,US,2,False,evaluation
S1-413506449,US,3,False,tuning
S1-413637447,India,6,False,evaluation
S1-413665667,India,2,False,evaluation
S1-413678814,India,4,False,tuning
S1-413752767,US,4,False,tuning
S1-413767216,US,3,False,evaluation
S1-41380393,US,5,False,evaluation
S1-413843195,India,7,False,tuning
S1-413862512,US,3,False,tuning
S1-413898864,US,2,False,evaluation
S1-413899725,India,2,False,evaluation
S1-413990872,US,2,False,tuning
S1-414049656,India,1,False,evaluation
S1-414241232,India,3,False,evaluation
S1-414310971,India,3,False,evaluation
S1-414389688,India,3,False,tuning
S1-414568392,India,1,False,evaluation
S1-414625629,US,3,False,tuning
S1-414688542,US,1,False,evaluation
S1-414698498,US,3,False,tuning
S1-41470522,US,5,False,evaluation
S1-415057283,US,2,False,evaluation
S1-41510359,US,3,False,evaluation
S1-415153754,India,4,False,tuning
S1-415172618,US,3,False,evaluation
S1-415189774,US,4,False,tuning
S1-415318710,US,7,False,tuning
S1-415379170,US,4,False,evaluation
S1-41538523,India,3,False,tuning
S1-41540965,US,5,False,evaluation
S1-415493702,India,6,False,evaluation
S1-415538170,India,6,False,evaluation
S1-415613415,US,0,True,tuning
S1-415625477,US,2,False,evaluation
S1-415716763,US,5,False,evaluation
S1-415840458,US,2,False,evaluation
S1-415847086,India,2,False,evaluation
S1-415970983,US,4,False,evaluation
S1-415984408,India,3,False,tuning
S1-416021100,US,4,False,evaluation
S1-416069820,US,2,False,tuning
S1-416080786,India,5,False,evaluation
S1-416087337,US,2,False,tuning
S1-416098262,US,6,False,evaluation
S1-416109764,US,3,False,evaluation
S1-416113206,US,3,False,evaluation
S1-416138589,US,6,False,tuning
S1-416247043,US,2,False,tuning
S1-416368005,India,3,False,evaluation
S1-416385953,US,3,False,tuning
S1-416416706,US,3,False,tuning
S1-416425350,India,2,False,tuning
S1-416433758,India,2,False,evaluation
S1-416441420,US,2,False,evaluation
S1-416497338,US,4,False,evaluation
S1-416544282,India,2,False,evaluation
S1-416544576,India,4,False,tuning
S1-416604819,India,6,False,tuning
S1-416630741,US,5,False,tuning
S1-416638519,India,4,False,evaluation
S1-416643157,US,3,False,evaluation
S1-416670569,India,3,False,tuning
S1-416698572,US,4,False,evaluation
S1-416772201,US,4,False,evaluation
S1-416777463,US,4,False,evaluation
S1-416818707,US,2,False,evaluation
S1-41694112,India,4,False,evaluation
S1-416943946,India,3,False,evaluation
S1-41694607,US,3,False,evaluation
S1-416950481,US,4,False,tuning
S1-417136876,US,5,False,evaluation
S1-417193911,US,3,False,evaluation
S1-417205035,US,0,True,tuning
S1-417230978,US,3,False,evaluation
S1-417285142,India,7,False,evaluation
S1-417285519,US,5,False,evaluation
S1-417286678,US,3,False,evaluation
S1-417362426,India,2,False,tuning
S1-417382428,US,4,False,tuning
S1-417420648,India,3,False,tuning
S1-417477413,US,4,False,tuning
S1-417515899,US,4,False,evaluation
S1-417623958,US,3,False,tuning
S1-41762437,US,4,False,tuning
S1-417637818,US,5,False,tuning
S1-417749863,India,4,False,evaluation
S1-417752563,US,4,False,evaluation
S1-417760682,India,3,False,tuning
S1-417823242,US,5,False,evaluation
S1-417824853,US,4,False,evaluation
S1-417827381,US,3,False,evaluation
S1-417861079,India,4,False,evaluation
S1-417897486,US,4,False,tuning
S1-4179197,India,2,False,tuning
S1-41799226,US,3,False,evaluation
S1-418063794,India,3,False,evaluation
S1-418142757,India,5,False,evaluation
S1-41818288,India,3,False,tuning
S1-418237490,India,5,False,evaluation
S1-418255548,US,2,False,evaluation
S1-418314230,US,4,False,evaluation
S1-418345440,India,2,False,tuning
S1-418402945,India,1,False,evaluation
S1-418442183,India,6,False,tuning
S1-418459245,India,5,False,evaluation
S1-418476832,US,8,False,tuning
S1-418482540,India,4,False,evaluation
S1-418520051,India,4,False,tuning
S1-418544007,US,0,True,evaluation
S1-418593542,India,2,False,evaluation
S1-418595391,India,6,False,evaluation
S1-418673996,India,7,False,tuning
S1-418690832,India,4,False,evaluation
S1-41871839,India,5,False,tuning
S1-418723583,US,3,False,evaluation
S1-418726032,India,3,False,evaluation
S1-41874161,US,2,False,evaluation
S1-418759927,India,4,False,evaluation
S1-418895318,US,3,False,evaluation
S1-418906676,India,6,False,tuning
S1-418934690,India,5,False,tuning
S1-418991477,US,4,False,evaluation
S1-419059915,US,5,False,tuning
S1-419129655,US,4,False,tuning
S1-419157299,India,2,False,tuning
S1-419165184,US,3,False,tuning
S1-419179829,India,3,False,tuning
S1-419247905,US,3,False,evaluation
S1-41930414,US,5,False,evaluation
S1-419305623,India,6,False,tuning
S1-419366358,India,5,False,tuning
S1-419374340,India,5,False,evaluation
S1-419404711,US,0,True,evaluation
S1-419609734,India,4,False,tuning
S1-419624590,US,0,True,evaluation
S1-419644070,US,3,False,evaluation
S1-419649982,US,4,False,evaluation
S1-419677288,US,3,False,evaluation
S1-419835846,US,3,False,tuning
S1-419860121,India,0,True,evaluation
S1-419879346,India,4,False,evaluation
S1-419926669,US,3,False,evaluation
S1-419938910,India,2,False,tuning
S1-419938998,US,0,True,evaluation
S1-419939917,US,5,False,tuning
S1-420002875,US,3,False,tuning
S1-420021645,India,4,False,tuning
S1-420110896,US,3,False,evaluation
S1-420134719,US,4,False,tuning
S1-42016263,US,5,False,tuning
S1-420181363,US,5,False,tuning
S1-420238993,India,6,False,evaluation
S1-420293339,India,4,False,evaluation
S1-420298538,US,4,False,tuning
S1-420323381,India,6,False,tuning
S1-420399984,US,3,False,evaluation
S1-420639009,US,2,False,evaluation
S1-420734269,US,2,False,evaluation
S1-420741127,US,4,False,evaluation
S1-420791785,India,5,False,evaluation
S1-420857594,India,2,False,tuning
S1-420870290,US,5,False,evaluation
S1-420888661,US,4,False,evaluation
S1-420891347,US,3,False,evaluation
S1-420914150,US,2,False,evaluation
S1-421012635,US,2,False,evaluation
S1-421026449,India,5,False,tuning
S1-421050708,US,3,False,evaluation
S1-421097334,India,7,False,evaluation
S1-421170006,India,4,False,evaluation
S1-421247905,US,3,False,tuning
S1-421253980,India,3,False,evaluation
S1-42128902,India,2,False,evaluation
S1-42139297,India,4,False,evaluation
S1-421449494,India,3,False,evaluation
S1-421449986,US,3,False,evaluation
S1-42149232,India,4,False,evaluation
S1-421555381,India,3,False,tuning
S1-421701031,US,2,False,tuning
S1-421785116,India,3,False,tuning
S1-421788143,US,4,False,tuning
S1-42182962,US,4,False,evaluation
S1-42186920,US,2,False,evaluation
S1-4220100,India,5,False,evaluation
S1-422029718,US,4,False,tuning
S1-422081883,US,6,False,evaluation
S1-422116651,US,6,False,tuning
S1-422188949,India,0,True,evaluation
S1-422230319,US,4,False,tuning
S1-422268340,India,4,False,evaluation
S1-42229709,US,4,False,evaluation
S1-422309171,US,4,False,evaluation
S1-422386368,US,5,False,tuning
S1-42240764,India,2,False,tuning
S1-422408424,US,2,False,evaluation
S1-422419663,India,4,False,tuning
S1-422478025,US,2,False,evaluation
S1-422583443,US,7,False,tuning
S1-422585684,US,3,False,evaluation
S1-422616035,India,2,False,evaluation
S1-422625610,US,4,False,evaluation
S1-422716438,US,6,False,evaluation
S1-422724491,US,4,False,tuning
S1-422844605,US,3,False,evaluation
S1-422931744,India,1,False,evaluation
S1-423026067,US,4,False,tuning
S1-423033285,India,5,False,evaluation
S1-423187307,US,3,False,tuning
S1-423224877,US,3,False,evaluation
S1-423293083,India,4,False,evaluation
S1-423341272,US,1,False,tuning
S1-42339902,US,2,False,evaluation
S1-423567912,India,4,False,tuning
S1-423611000,US,0,True,evaluation
S1-423722776,US,2,False,tuning
S1-423752257,US,3,False,evaluation
S1-423760010,US,4,False,tuning
S1-423772104,India,4,False,evaluation
S1-423784811,US,6,False,tuning
S1-423805836,India,6,False,tuning
S1-423812119,US,1,False,tuning
S1-423826263,India,4,False,evaluation
S1-423870640,India,3,False,evaluation
S1-423877557,India,0,True,evaluation
S1-423948884,India,0,True,evaluation
S1-423957806,India,2,False,tuning
S1-424206618,US,2,False,evaluation
S1-424278368,India,3,False,evaluation
S1-424280291,India,4,False,tuning
S1-424296231,India,5,False,tuning
S1-424337399,US,4,False,tuning
S1-424369651,India,5,False,tuning
S1-424369903,US,3,False,evaluation
S1-424421921,US,3,False,evaluation
S1-424440631,US,2,False,evaluation
S1-424498555,US,3,False,evaluation
S1-424575242,US,3,False,evaluation
S1-424605056,US,2,False,tuning
S1-424608029,India,5,False,tuning
S1-424703690,US,3,False,evaluation
S1-424772259,US,6,False,tuning
S1-424803071,India,4,False,evaluation
S1-424806214,US,2,False,tuning
S1-424808006,India,1,False,evaluation
S1-424820420,India,2,False,evaluation
S1-424828101,US,1,False,evaluation
S1-424832795,US,5,False,tuning
S1-424843900,US,4,False,evaluation
S1-424888549,India,3,False,tuning
S1-424893742,India,2,False,tuning
S1-42491656,US,3,False,tuning
S1-424926377,India,0,True,evaluation
S1-425028293,US,2,False,tuning
S1-425068099,US,2,False,evaluation
S1-425073028,India,1,False,evaluation
S1-42507353,India,5,False,evaluation
S1-42511410,US,1,False,evaluation
S1-42513256,US,3,False,tuning
S1-425172638,US,3,False,tuning
S1-425213833,US,6,False,tuning
S1-425221073,US,3,False,evaluation
S1-425240489,US,2,False,tuning
S1-425269104,US,3,False,tuning
S1-425295927,US,0,True,evaluation
S1-425363944,US,1,False,tuning
S1-425369281,US,6,False,tuning
S1-425418033,US,3,False,evaluation
S1-425497529,India,2,False,evaluation
S1-425532990,US,3,False,tuning
S1-425536607,US,3,False,evaluation
S1-425537385,US,3,False,evaluation
S1-425655552,India,4,False,evaluation
S1-425659307,India,3,False,evaluation
S1-425671040,US,5,False,evaluation
S1-42583771,US,4,False,evaluation
S1-425911756,US,3,False,evaluation
S1-425972962,US,3,False,evaluation
S1-426036359,India,0,True,tuning
S1-426063107,US,0,True,evaluation
S1-42620094,India,2,False,evaluation
S1-426211795,US,5,False,evaluation
S1-426307047,India,3,False,tuning
S1-426313718,India,4,False,evaluation
S1-42636559,US,3,False,tuning
S1-426519786,India,2,False,evaluation
S1-42653935,US,0,True,evaluation
S1-426567422,US,5,False,evaluation
S1-426689640,India,2,False,evaluation
S1-426714928,India,6,False,evaluation
S1-426894224,India,2,False,tuning
S1-426925318,India,5,False,tuning
S1-42693345,US,1,False,tuning
S1-427035016,US,3,False,evaluation
S1-427053437,India,5,False,tuning
S1-427189688,US,5,False,evaluation
S1-427196164,India,4,False,evaluation
S1-427246267,India,5,False,evaluation
S1-427353903,US,5,False,evaluation
S1-427381499,US,3,False,tuning
S1-427424750,US,6,False,tuning
S1-427452278,India,1,False,evaluation
S1-427508458,US,3,False,tuning
S1-427515893,US,2,False,evaluation
S1-427518481,US,4,False,tuning
S1-427530909,US,0,True,evaluation
S1-427542977,India,2,False,evaluation
S1-427567426,India,5,False,evaluation
S1-427571015,US,4,False,evaluation
S1-427574951,India,5,False,tuning
S1-427618366,US,5,False,evaluation
S1-427636825,India,2,False,tuning
S1-427651461,US,4,False,evaluation
S1-427745320,US,3,False,tuning
S1-427805142,US,2,False,evaluation
S1-427806439,India,0,True,evaluation
S1-42783536,US,3,False,tuning
S1-4278998,India,3,False,evaluation
S1-42794477,US,4,False,evaluation
S1-428016769,India,4,False,evaluation
S1-42803920,US,5,False,evaluation
S1-428193732,US,3,False,tuning
S1-428241507,US,3,False,tuning
S1-42826959,US,4,False,evaluation
S1-428300862,US,4,False,evaluation
S1-428313789,US,2,False,evaluation
S1-42838233,US,4,False,evaluation
S1-428387984,US,5,False,evaluation
S1-428388143,US,0,True,evaluation
S1-428461935,US,4,False,tuning
S1-428521215,India,5,False,tuning
S1-428556335,India,3,False,tuning
S1-428575474,US,5,False,evaluation
S1-428585595,US,2,False,evaluation
S1-428626767,US,4,False,tuning
S1-428653556,US,4,False,tuning
S1-42868664,India,5,False,evaluation
S1-428836584,US,0,True,evaluation
S1-428844098,India,4,False,evaluation
S1-428874261,India,7,False,evaluation
S1-428915874,US,6,False,tuning
S1-428931349,India,4,False,tuning
S1-428963198,India,6,False,evaluation
S1-428991125,US,4,False,tuning
S1-428992351,US,4,False,evaluation
S1-428993236,India,2,False,tuning
S1-429007613,US,3,False,evaluation
S1-429048212,US,3,False,tuning
S1-429120396,India,4,False,tuning
S1-429169213,US,6,False,evaluation
S1-429173774,US,3,False,evaluation
S1-429199463,India,3,False,tuning
S1-429220570,US,3,False,evaluation
S1-429299786,US,2,False,evaluation
S1-42930671,US,4,False,evaluation
S1-429307554,US,3,False,evaluation
S1-429323409,US,3,False,evaluation
S1-429325685,US,0,True,evaluation
S1-429344826,US,5,False,evaluation
S1-429464005,India,3,False,evaluation
S1-429474304,US,7,False,evaluation
S1-429489281,US,5,False,tuning
S1-429557320,US,5,False,tuning
S1-429649220,US,0,True,tuning
S1-429708313,India,2,False,evaluation
S1-429745378,US,3,False,tuning
S1-429753820,US,5,False,tuning
S1-429803557,India,2,False,evaluation
S1-429813831,India,5,False,evaluation
S1-429973350,US,3,False,evaluation
S1-429987783,India,2,False,evaluation
S1-429999326,India,3,False,evaluation
S1-430030189,India,4,False,evaluation
S1-430035319,US,4,False,evaluation
S1-430044438,US,1,False,evaluation
S1-430142547,US,5,False,tuning
S1-430255257,US,4,False,evaluation
S1-430312195,US,4,False,tuning
S1-430363566,US,6,False,evaluation
S1-430408197,US,4,False,evaluation
S1-430436866,US,5,False,evaluation
S1-430445200,India,5,False,tuning
S1-430447710,US,7,False,evaluation
S1-430449842,India,5,False,evaluation
S1-430460303,US,4,False,evaluation
S1-430581644,India,3,False,tuning
S1-43059736,US,3,False,evaluation
S1-430649803,US,6,False,evaluation
S1-43080939,US,2,False,evaluation
S1-430823362,India,2,False,evaluation
S1-430856364,India,3,False,evaluation
S1-430887520,India,4,False,evaluation
S1-43091929,US,7,False,evaluation
S1-431108154,US,4,False,evaluation
S1-431129828,US,3,False,evaluation
S1-431153878,US,4,False,evaluation
S1-431196769,India,6,False,tuning
S1-43123183,India,4,False,tuning
S1-431232660,India,1,False,evaluation
S1-431243701,India,7,False,evaluation
S1-431297138,India,3,False,tuning
S1-431312702,India,5,False,evaluation
S1-431334182,US,2,False,tuning
S1-431433785,US,2,False,evaluation
S1-431457908,India,5,False,tuning
S1-431523173,India,2,False,evaluation
S1-431534041,US,6,False,tuning
S1-431569431,US,0,True,evaluation
S1-431582652,US,3,False,tuning
S1-4316207,US,6,False,evaluation
S1-431726462,US,1,False,evaluation
S1-431748187,US,2,False,evaluation
S1-431762519,India,5,False,evaluation
S1-431770767,US,2,False,tuning
S1-431784297,US,3,False,evaluation
S1-431801500,US,2,False,tuning
S1-431822471,US,4,False,tuning
S1-431860747,India,5,False,evaluation
S1-431861392,US,5,False,evaluation
S1-431873788,US,6,False,evaluation
S1-431910350,India,6,False,evaluation
S1-431937384,US,2,False,tuning
S1-431962796,US,3,False,tuning
S1-43206574,US,2,False,evaluation
S1-432090491,India,6,False,tuning
S1-432103333,US,3,False,tuning
S1-432118766,US,0,True,tuning
S1-432251644,India,2,False,evaluation
S1-432305773,US,6,False,evaluation
S1-432340801,US,0,True,evaluation
S1-432559448,India,4,False,evaluation
S1-43257536,India,5,False,evaluation
S1-432713188,India,5,False,tuning
S1-43276858,India,5,False,evaluation
S1-432826621,India,4,False,evaluation
S1-432833059,US,5,False,evaluation
S1-432837155,US,0,True,evaluation
S1-432910992,India,2,False,evaluation
S1-432928875,US,6,False,evaluation
S1-432928973,India,3,False,evaluation
S1-432933658,US,4,False,evaluation
S1-432957553,US,3,False,tuning
S1-432957658,India,4,False,evaluation
S1-432958153,India,4,False,evaluation
S1-432979447,India,4,False,evaluation
S1-43303842,India,1,False,evaluation
S1-43313550,US,3,False,evaluation
S1-43314294,India,4,False,evaluation
S1-433264325,India,3,False,evaluation
S1-433310128,US,4,False,tuning
S1-433426033,US,3,False,tuning
S1-433436831,India,5,False,evaluation
S1-433546007,US,3,False,evaluation
S1-433633539,US,5,False,tuning
S1-43365190,US,2,False,tuning
S1-433656830,US,2,False,tuning
S1-433667505,India,5,False,tuning
S1-43368288,India,4,False,evaluation
S1-433747762,India,6,False,tuning
S1-433773192,US,6,False,evaluation
S1-433803908,US,3,False,evaluation
S1-433923269,US,2,False,evaluation
S1-433939903,US,1,False,tuning
S1-433945674,India,1,False,tuning
S1-434049818,US,5,False,evaluation
S1-434096509,US,5,False,evaluation
S1-434117565,US,3,False,tuning
S1-434131478,India,4,False,evaluation
S1-434156208,India,5,False,tuning
S1-43428355,US,4,False,evaluation
S1-434348323,India,2,False,evaluation
S1-4343578,US,1,False,tuning
S1-434402483,India,3,False,tuning
S1-434444017,US,4,False,tuning
S1-434534639,India,3,False,tuning
S1-434590082,India,3,False,evaluation
S1-434661331,India,6,False,evaluation
S1-434671027,India,3,False,evaluation
S1-434678730,US,3,False,tuning
S1-43478612,US,4,False,evaluation
S1-434796515,US,3,False,evaluation
S1-434811086,US,5,False,evaluation
S1-434863618,US,3,False,evaluation
S1-43494892,US,4,False,evaluation
S1-43499921,India,4,False,evaluation
S1-435053908,India,4,False,tuning
S1-435086003,US,4,False,evaluation
S1-435158775,India,4,False,tuning
S1-435179175,India,5,False,evaluation
S1-435186502,India,2,False,evaluation
S1-435195507,India,5,False,evaluation
S1-435211672,US,5,False,evaluation
S1-435218366,India,6,False,tuning
S1-435283178,India,5,False,evaluation
S1-435303458,India,2,False,evaluation
S1-435438178,India,2,False,evaluation
S1-435451677,India,3,False,evaluation
S1-435462607,US,4,False,evaluation
S1-435482384,US,4,False,evaluation
S1-435499688,US,5,False,tuning
S1-435525547,US,2,False,evaluation
S1-435637375,US,3,False,tuning
S1-435677737,US,1,False,evaluation
S1-435725894,India,1,False,tuning
S1-435757151,US,2,False,evaluation
S1-435853558,US,2,False,evaluation
S1-43588002,US,5,False,tuning
S1-435942296,US,5,False,evaluation
S1-435963809,US,7,False,evaluation
S1-435987737,India,5,False,tuning
S1-436027993,US,3,False,evaluation
S1-436028264,India,2,False,tuning
S1-436060785,India,2,False,evaluation
S1-43609989,India,4,False,tuning
S1-436195284,India,4,False,evaluation
S1-436199151,India,6,False,evaluation
S1-436257898,US,6,False,evaluation
S1-436272055,US,3,False,evaluation
S1-43632766,India,0,True,evaluation
S1-436336883,US,8,False,evaluation
S1-43645499,US,4,False,tuning
S1-436494103,India,6,False,tuning
S1-43649666,US,2,False,evaluation
S1-436520156,US,3,False,evaluation
S1-436531839,India,3,False,evaluation
S1-436594397,US,3,False,evaluation
S1-436621995,India,2,False,tuning
S1-436633112,US,2,False,tuning
S1-436633845,US,3,False,tuning
S1-436668933,India,2,False,evaluation
S1-436713903,India,2,False,evaluation
S1-436760522,India,0,True,evaluation
S1-436857062,India,2,False,tuning
S1-436916368,India,5,False,tuning
S1-436962944,India,3,False,evaluation
S1-43696995,US,4,False,evaluation
S1-436983046,India,3,False,evaluation
S1-437019821,US,0,True,evaluation
S1-437040362,India,2,False,tuning
S1-437056768,India,3,False,tuning
S1-437069203,India,0,True,evaluation
S1-437075143,India,4,False,evaluation
S1-437079257,India,7,False,evaluation
S1-437081787,US,1,False,evaluation
S1-437089503,India,3,False,evaluation
S1-437132844,US,2,False,tuning
S1-437197100,US,4,False,evaluation
S1-437233078,India,3,False,tuning
S1-437233586,India,6,False,evaluation
S1-437257603,India,4,False,evaluation
S1-437284890,India,6,False,evaluation
S1-437297599,India,4,False,tuning
S1-437333418,India,6,False,evaluation
S1-437336080,India,2,False,evaluation
S1-437346644,India,4,False,evaluation
S1-437387623,India,6,False,evaluation
S1-437438686,US,1,False,evaluation
S1-437572667,India,7,False,evaluation
S1-437620128,US,4,False,tuning
S1-437662362,US,5,False,evaluation
S1-437677535,US,2,False,tuning
S1-437792005,US,0,True,evaluation
S1-437815735,US,1,False,evaluation
S1-437856357,US,5,False,evaluation
S1-437861953,US,1,False,tuning
S1-437982394,US,3,False,tuning
S1-437997916,India,3,False,tuning
S1-438049922,US,0,True,evaluation
S1-438062897,India,0,True,evaluation
S1-438134748,India,0,True,tuning
S1-438218238,US,4,False,evaluation
S1-438263083,India,3,False,tuning
S1-438275336,India,4,False,evaluation
S1-438285275,US,0,True,evaluation
S1-438310769,US,4,False,evaluation
S1-438379426,US,3,False,evaluation
S1-438416204,India,8,False,tuning
S1-438516097,US,5,False,evaluation
S1-438568214,India,4,False,tuning
S1-438623791,India,5,False,evaluation
S1-438628805,US,2,False,evaluation
S1-438655156,US,2,False,tuning
S1-438656476,US,5,False,evaluation
S1-438698624,US,3,False,tuning
S1-438744698,India,3,False,evaluation
S1-438807259,India,5,False,evaluation
S1-438824262,US,5,False,evaluation
S1-438834166,India,6,False,evaluation
S1-438834768,India,3,False,tuning
S1-438879368,India,5,False,evaluation
S1-438886098,India,0,True,evaluation
S1-438923889,US,2,False,evaluation
S1-438988730,India,4,False,evaluation
S1-439017337,US,5,False,tuning
S1-439033290,US,5,False,tuning
S1-439054518,US,2,False,evaluation
S1-439119523,US,4,False,evaluation
S1-439146083,US,3,False,evaluation
S1-439149863,US,0,True,evaluation
S1-439219707,US,1,False,evaluation
S1-439222980,US,2,False,tuning
S1-439280343,India,2,False,tuning
S1-439296152,US,5,False,tuning
S1-439308800,US,2,False,evaluation
S1-439372834,US,0,True,tuning
S1-439426602,US,3,False,tuning
S1-439507492,India,6,False,evaluation
S1-439577436,US,6,False,tuning
S1-439628040,India,3,False,evaluation
S1-439736349,India,5,False,evaluation
S1-439784923,US,6,False,evaluation
S1-439825849,US,7,False,evaluation
S1-439858238,US,3,False,evaluation
S1-439874313,US,4,False,evaluation
S1-439876884,US,2,False,evaluation
S1-440007018,US,2,False,tuning
S1-440047960,US,2,False,evaluation
S1-440177760,US,6,False,evaluation
S1-440347192,US,8,False,tuning
S1-440380934,US,3,False,evaluation
S1-440451283,India,2,False,evaluation
S1-440535703,India,5,False,tuning
S1-440539232,US,6,False,tuning
S1-440544882,US,4,False,tuning
S1-440605308,US,4,False,evaluation
S1-440652106,India,3,False,tuning
S1-440666757,US,4,False,tuning
S1-440754168,US,6,False,evaluation
S1-440855483,US,8,False,evaluation
S1-440875012,US,3,False,tuning
S1-440962408,India,3,False,tuning
S1-440985405,India,5,False,evaluation
S1-441050931,India,4,False,tuning
S1-44108930,US,0,True,tuning
S1-441128655,US,3,False,evaluation
S1-441159607,India,4,False,tuning
S1-441221569,India,2,False,tuning
S1-441272693,India,6,False,evaluation
S1-441292418,US,3,False,evaluation
S1-441409173,US,3,False,tuning
S1-441467154,US,4,False,evaluation
S1-441477376,India,5,False,tuning
S1-441498053,US,3,False,tuning
S1-441521577,US,3,False,tuning
S1-44153475,US,4,False,evaluation
S1-441585549,India,3,False,evaluation
S1-441588478,India,4,False,evaluation
S1-441711876,US,2,False,tuning
S1-44172541,India,4,False,evaluation
S1-441736943,India,4,False,evaluation
S1-441799193,US,4,False,evaluation
S1-4418577,India,5,False,tuning
S1-441883210,US,5,False,evaluation
S1-441897042,US,1,False,tuning
S1-441899281,India,4,False,tuning
S1-441969053,India,5,False,evaluation
S1-441978131,India,4,False,evaluation
S1-44202991,US,7,False,tuning
S1-442099395,US,3,False,evaluation
S1-44212035,US,2,False,evaluation
S1-442130528,India,0,True,evaluation
S1-442276660,US,3,False,tuning
S1-442467030,India,3,False,evaluation
S1-442590532,US,4,False,evaluation
S1-442657192,US,3,False,evaluation
S1-44271935,US,5,False,tuning
S1-442719494,India,3,False,tuning
S1-442729367,India,4,False,tuning
S1-442848124,US,3,False,tuning
S1-442885636,India,2,False,evaluation
S1-442961487,US,1,False,tuning
S1-442974390,India,4,False,tuning
S1-442995237,US,4,False,evaluation
S1-443004769,US,3,False,evaluation
S1-443009003,US,0,True,evaluation
S1-443020389,India,2,False,tuning
S1-443048064,US,2,False,evaluation
S1-443085088,US,4,False,evaluation
S1-443114886,India,5,False,evaluation
S1-443136570,US,4,False,evaluation
S1-443138414,India,5,False,evaluation
S1-443142965,India,5,False,evaluation
S1-443150489,India,2,False,evaluation
S1-443181870,US,0,True,tuning
S1-443181956,India,3,False,evaluation
S1-443196295,India,3,False,tuning
S1-443347024,US,2,False,tuning
S1-443380542,US,2,False,tuning
S1-443648347,India,2,False,evaluation
S1-443674815,India,2,False,tuning
S1-443724227,US,5,False,evaluation
S1-443748311,India,2,False,evaluation
S1-443750696,India,4,False,evaluation
S1-443858294,India,4,False,tuning
S1-443871396,US,4,False,evaluation
S1-443876343,India,4,False,evaluation
S1-443921707,US,2,False,tuning
S1-443974694,US,2,False,evaluation
S1-444029082,India,4,False,evaluation
S1-444041166,US,3,False,evaluation
S1-444144845,US,2,False,tuning
S1-444162476,US,5,False,tuning
S1-444194166,India,3,False,evaluation
S1-444309469,US,3,False,evaluation
S1-444384716,US,3,False,tuning
S1-444481691,India,5,False,evaluation
S1-444539826,US,0,True,tuning
S1-44459574,US,3,False,tuning
S1-444686695,India,4,False,tuning
S1-444736940,US,1,False,tuning
S1-444764136,India,4,False,evaluation
S1-444766828,India,5,False,evaluation
S1-444854521,US,7,False,evaluation
S1-444860340,US,4,False,evaluation
S1-444946012,US,7,False,evaluation
S1-444995900,India,5,False,tuning
S1-445041417,India,3,False,evaluation
S1-445066177,India,3,False,tuning
S1-445094013,India,1,False,tuning
S1-445123035,US,2,False,tuning
S1-445170496,India,4,False,evaluation
S1-445181170,US,0,True,evaluation
S1-445204868,India,5,False,evaluation
S1-445233293,US,2,False,evaluation
S1-445319439,US,4,False,evaluation
S1-445336854,India,4,False,evaluation
S1-445352770,US,3,False,tuning
S1-445522988,US,5,False,evaluation
S1-445582282,India,0,True,evaluation
S1-445727180,India,6,False,tuning
S1-445728834,India,6,False,evaluation
S1-445843318,India,4,False,evaluation
S1-44585719,US,4,False,evaluation
S1-445869796,India,3,False,evaluation
S1-445916592,US,6,False,tuning
S1-445932903,US,4,False,evaluation
S1-445998364,US,4,False,evaluation
S1-446014282,US,4,False,tuning
S1-446054814,India,4,False,evaluation
S1-446057955,US,2,False,evaluation
S1-44607099,US,2,False,evaluation
S1-446119207,India,4,False,tuning
S1-446192325,India,3,False,tuning
S1-446212466,India,4,False,evaluation
S1-446243696,US,4,False,tuning
S1-446279296,US,2,False,evaluation
S1-44632418,US,4,False,evaluation
S1-446445366,US,7,False,evaluation
S1-446453857,US,4,False,evaluation
S1-446547824,India,1,False,tuning
S1-446614578,India,2,False,evaluation
S1-446732195,US,6,False,evaluation
S1-446808945,US,2,False,evaluation
S1-446855911,US,4,False,evaluation
S1-446873009,US,3,False,tuning
S1-446922189,US,4,False,tuning
S1-447026793,US,2,False,evaluation
S1-447039606,India,2,False,evaluation
S1-447055608,US,6,False,evaluation
S1-447073803,India,3,False,evaluation
S1-447096426,US,3,False,evaluation
S1-447187728,US,3,False,tuning
S1-447226571,US,6,False,tuning
S1-44726239,US,4,False,tuning
S1-447376646,US,4,False,tuning
S1-447384757,US,3,False,tuning
S1-447452795,US,2,False,tuning
S1-447484712,US,5,False,tuning
S1-447515688,India,5,False,tuning
S1-447776167,US,5,False,tuning
S1-447778954,India,4,False,tuning
S1-447807993,India,3,False,tuning
S1-447848165,US,6,False,evaluation
S1-447863095,US,2,False,evaluation
S1-44788752,US,4,False,evaluation
S1-447935708,US,3,False,evaluation
S1-447937806,India,2,False,evaluation
S1-447956240,US,6,False,evaluation
S1-447965103,US,6,False,evaluation
S1-447985033,India,1,False,tuning
S1-447986089,US,3,False,tuning
S1-448011743,India,7,False,tuning
S1-448015561,US,3,False,evaluation
S1-44806504,US,1,False,evaluation
S1-448078741,India,3,False,evaluation
S1-448182681,US,4,False,tuning
S1-4482107,India,1,False,tuning
S1-448337408,India,6,False,evaluation
S1-448396421,India,3,False,evaluation
S1-448437257,India,1,False,evaluation
S1-448490145,US,6,False,evaluation
S1-448553285,India,5,False,tuning
S1-448630369,US,4,False,evaluation
S1-448649326,US,3,False,evaluation
S1-448652388,India,1,False,evaluation
S1-448794959,US,6,False,tuning
S1-448814176,India,5,False,tuning
S1-448856929,India,7,False,tuning
S1-448876317,US,2,False,evaluation
S1-448907913,India,0,True,evaluation
S1-448919251,India,5,False,tuning
S1-448957704,US,1,False,evaluation
S1-448973610,US,0,True,evaluation
S1-448987285,US,3,False,evaluation
S1-44899590,US,7,False,evaluation
S1-449056084,US,3,False,evaluation
S1-449081793,US,5,False,tuning
S1-449088996,US,6,False,evaluation
S1-449115524,India,6,False,evaluation
S1-449159934,US,2,False,evaluation
S1-449166696,India,5,False,evaluation
S1-449186134,US,6,False,tuning
S1-449268160,US,5,False,evaluation
S1-449269328,India,4,False,evaluation
S1-449361276,US,4,False,evaluation
S1-44941690,US,6,False,evaluation
S1-449431077,US,0,True,evaluation
S1-449497811,India,3,False,evaluation
S1-449503410,US,4,False,evaluation
S1-449523419,India,6,False,tuning
S1-449547470,India,2,False,evaluation
S1-44958416,US,5,False,evaluation
S1-449694081,US,6,False,evaluation
S1-449812019,US,3,False,evaluation
S1-44981853,US,4,False,evaluation
S1-449835936,India,0,True,tuning
S1-449905273,India,2,False,tuning
S1-449917443,India,2,False,evaluation
S1-44995180,US,1,False,evaluation
S1-449991427,US,5,False,evaluation
S1-449996344,US,4,False,tuning
S1-450080928,US,0,True,evaluation
S1-450094558,US,3,False,tuning
S1-45014348,India,5,False,tuning
S1-450179118,US,2,False,tuning
S1-450193206,US,2,False,tuning
S1-45020633,US,7,False,evaluation
S1-450247249,US,4,False,evaluation
S1-450307188,US,5,False,evaluation
S1-4503493,India,1,False,tuning
S1-450384267,US,4,False,evaluation
S1-450407997,India,3,False,tuning
S1-450457857,India,5,False,evaluation
S1-45055051,US,4,False,evaluation
S1-450558065,India,3,False,evaluation
S1-450580851,India,4,False,evaluation
S1-450590354,US,5,False,tuning
S1-450643456,India,4,False,evaluation
S1-450687321,India,4,False,tuning
S1-450831022,India,3,False,evaluation
S1-450886581,US,2,False,evaluation
S1-450956463,US,0,True,evaluation
S1-450961625,US,3,False,evaluation
S1-450963238,India,2,False,evaluation
S1-450964035,India,4,False,evaluation
S1-451023654,India,1,False,evaluation
S1-45107888,US,4,False,tuning
S1-451129144,India,4,False,evaluation
S1-451182942,US,7,False,evaluation
S1-45123418,US,4,False,tuning
S1-451312433,US,6,False,evaluation
S1-451345061,India,5,False,evaluation
S1-451352168,US,6,False,evaluation
S1-451404787,US,3,False,tuning
S1-451451558,US,1,False,tuning
S1-451463659,US,3,False,tuning
S1-451521508,India,2,False,evaluation
S1-451522694,India,5,False,evaluation
S1-451548804,US,5,False,evaluation
S1-451667810,US,3,False,evaluation
S1-451800610,US,3,False,evaluation
S1-451801856,US,5,False,evaluation
S1-451833550,US,5,False,evaluation
S1-451909080,India,3,False,tuning
S1-451948288,US,5,False,evaluation
S1-451971068,US,2,False,evaluation
S1-451972770,US,1,False,tuning
S1-452033116,US,5,False,evaluation
S1-452047807,India,3,False,tuning
S1-452049074,US,6,False,evaluation
S1-452063308,India,2,False,evaluation
S1-452164391,India,2,False,evaluation
S1-452191357,US,5,False,evaluation
S1-452313784,India,0,True,evaluation
S1-452329998,India,5,False,tuning
S1-452435482,India,5,False,evaluation
S1-452456543,US,1,False,evaluation
S1-452544636,US,2,False,tuning
S1-452556045,US,4,False,evaluation
S1-452734108,US,4,False,evaluation
S1-452741975,US,1,False,evaluation
S1-452747502,US,4,False,tuning
S1-452760055,India,6,False,evaluation
S1-452787454,India,0,True,tuning
S1-452800256,India,1,False,tuning
S1-452804161,US,3,False,evaluation
S1-452817575,US,4,False,evaluation
S1-452894447,US,1,False,tuning
S1-452904633,US,8,False,evaluation
S1-452962601,India,4,False,tuning
S1-45300114,US,2,False,tuning
S1-453002149,India,4,False,evaluation
S1-45311422,US,4,False,tuning
S1-453290913,US,2,False,evaluation
S1-453381268,India,1,False,evaluation
S1-453560242,US,4,False,tuning
S1-453621765,US,7,False,evaluation
S1-453678692,India,6,False,evaluation
S1-453696182,India,3,False,tuning
S1-45374454,US,3,False,evaluation
S1-453803214,US,3,False,evaluation
S1-453828109,India,5,False,evaluation
S1-453849432,US,3,False,tuning
S1-453916494,US,3,False,evaluation
S1-453953831,India,2,False,evaluation
S1-453977896,US,5,False,evaluation
S1-453998974,US,2,False,evaluation
S1-454005705,US,4,False,evaluation
S1-454009403,US,5,False,tuning
S1-454037753,India,0,True,evaluation
S1-454186728,US,2,False,tuning
S1-454197688,US,1,False,evaluation
S1-454302407,US,2,False,tuning
S1-454337849,US,4,False,tuning
S1-454351882,India,2,False,evaluation
S1-454360252,US,4,False,tuning
S1-45438185,US,4,False,evaluation
S1-454388523,India,2,False,evaluation
S1-454400248,India,3,False,tuning
S1-454435419,India,2,False,evaluation
S1-454518077,India,0,True,evaluation
S1-454522274,US,2,False,tuning
S1-45456806,India,2,False,evaluation
S1-454583937,US,3,False,evaluation
S1-454659011,US,3,False,evaluation
S1-454705270,India,0,True,tuning
S1-454721033,US,5,False,evaluation
S1-454733319,US,4,False,tuning
S1-454754335,US,3,False,evaluation
S1-454770095,India,4,False,tuning
S1-454895376,India,6,False,evaluation
S1-454898181,India,1,False,evaluation
S1-454901099,India,4,False,tuning
S1-454927333,India,0,True,evaluation
S1-454965112,US,4,False,evaluation
S1-455043873,US,3,False,evaluation
S1-4551676,India,3,False,evaluation
S1-455236690,India,2,False,evaluation
S1-455597380,US,2,False,tuning
S1-455597486,US,3,False,evaluation
S1-455610629,India,0,True,evaluation
S1-455638147,US,3,False,tuning
S1-455698387,US,2,False,tuning
S1-455718683,US,3,False,tuning
S1-45571887,US,3,False,evaluation
S1-455764853,US,3,False,evaluation
S1-456003353,India,3,False,evaluation
S1-456007861,India,5,False,evaluation
S1-456031527,India,1,False,evaluation
S1-456092764,US,6,False,tuning
S1-456108023,India,3,False,evaluation
S1-456134706,US,2,False,evaluation
S1-456168712,US,3,False,evaluation
S1-456171036,US,3,False,evaluation
S1-456267622,US,3,False,evaluation
S1-456306739,US,5,False,evaluation
S1-456385635,India,4,False,tuning
S1-456410140,US,4,False,tuning
S1-456455856,India,2,False,evaluation
S1-456553065,US,4,False,evaluation
S1-456586073,US,2,False,evaluation
S1-45670927,India,3,False,evaluation
S1-456735505,US,3,False,evaluation
S1-456747761,India,6,False,tuning
S1-456766807,India,3,False,evaluation
S1-456842391,US,3,False,tuning
S1-456974070,US,3,False,evaluation
S1-456992711,US,6,False,evaluation
S1-457010972,US,4,False,evaluation
S1-45714333,India,3,False,tuning
S1-457156387,US,2,False,evaluation
S1-457167364,US,5,False,evaluation
S1-457170041,US,5,False,evaluation
S1-45723309,US,5,False,evaluation
S1-457236191,India,4,False,evaluation
S1-457268111,India,3,False,evaluation
S1-457324381,US,2,False,evaluation
S1-457415953,US,7,False,evaluation
S1-457459623,India,5,False,evaluation
S1-457514364,India,2,False,evaluation
S1-457575941,US,5,False,tuning
S1-457579071,India,2,False,tuning
S1-457608914,US,5,False,evaluation
S1-457648411,India,3,False,evaluation
S1-45769725,India,2,False,tuning
S1-457729744,US,5,False,tuning
S1-457819197,US,5,False,evaluation
S1-45782973,India,5,False,tuning
S1-457882638,India,3,False,evaluation
S1-457904878,India,2,False,evaluation
S1-458119662,US,2,False,evaluation
S1-45817270,India,6,False,tuning
S1-458243167,US,3,False,evaluation
S1-458250080,India,3,False,tuning
S1-458402369,US,4,False,evaluation
S1-4584147,US,5,False,evaluation
S1-458604769,India,6,False,evaluation
S1-458622762,India,0,True,tuning
S1-458650193,US,1,False,evaluation
S1-458704185,US,4,False,evaluation
S1-458755576,US,2,False,evaluation
S1-458784929,US,4,False,evaluation
S1-458832112,US,5,False,evaluation
S1-458855395,US,0,True,tuning
S1-458878171,US,4,False,evaluation
S1-458888242,US,4,False,evaluation
S1-458911890,US,4,False,evaluation
S1-458913572,India,6,False,evaluation
S1-459048964,India,3,False,tuning
S1-459112698,US,6,False,tuning
S1-459160062,India,4,False,evaluation
S1-459232547,India,3,False,tuning
S1-45928046,India,3,False,evaluation
S1-459342929,India,4,False,tuning
S1-459357464,US,5,False,evaluation
S1-45941133,India,5,False,tuning
S1-45942095,US,4,False,tuning
S1-459451020,US,2,False,tuning
S1-459488906,US,0,True,evaluation
S1-459541084,US,2,False,evaluation
S1-459545761,US,3,False,evaluation
S1-459565430,US,7,False,tuning
S1-45960130,US,3,False,tuning
S1-459609094,US,2,False,evaluation
S1-459637274,US,4,False,evaluation
S1-459693346,India,1,False,evaluation
S1-459704226,US,6,False,evaluation
S1-459747604,US,2,False,tuning
S1-459806631,India,0,True,evaluation
S1-459838140,US,4,False,tuning
S1-459898027,India,1,False,evaluation
S1-459909248,India,6,False,tuning
S1-459912080,US,0,True,evaluation
S1-459913216,US,5,False,evaluation
S1-459952161,US,4,False,evaluation
S1-459982299,US,4,False,evaluation
S1-459986589,US,4,False,tuning
S1-460066597,US,6,False,evaluation
S1-460078582,India,3,False,tuning
S1-460093971,US,3,False,evaluation
S1-460118369,India,3,False,tuning
S1-460135817,US,3,False,tuning
S1-460167519,US,4,False,evaluation
S1-460175616,US,2,False,evaluation
S1-460241026,India,5,False,evaluation
S1-460259683,US,0,True,evaluation
S1-460274180,US,0,True,evaluation
S1-460317485,India,4,False,tuning
S1-460335885,US,3,False,evaluation
S1-460420924,US,5,False,tuning
S1-460437277,US,0,True,evaluation
S1-460505313,US,2,False,tuning
S1-460545429,US,2,False,tuning
S1-460570844,US,5,False,evaluation
S1-460583103,India,3,False,evaluation
S1-460739561,India,2,False,evaluation
S1-460766516,US,2,False,evaluation
S1-460810728,India,3,False,tuning
S1-46084307,US,2,False,tuning
S1-460875205,US,4,False,evaluation
S1-460876713,US,2,False,tuning
S1-460896872,India,2,False,tuning
S1-460936566,India,3,False,tuning
S1-460979011,US,2,False,evaluation
S1-460980089,US,3,False,evaluation
S1-461089312,US,3,False,evaluation
S1-461098442,US,5,False,tuning
S1-461195684,US,3,False,evaluation
S1-461316098,US,8,False,evaluation
S1-461316316,US,3,False,evaluation
S1-46132596,US,2,False,tuning
S1-461417446,US,4,False,evaluation
S1-461444950,US,6,False,tuning
S1-461483004,India,3,False,evaluation
S1-461639740,US,2,False,tuning
S1-461692845,US,2,False,tuning
S1-46170315,US,3,False,evaluation
S1-461883442,US,7,False,evaluation
S1-462043879,India,3,False,evaluation
S1-462073593,US,1,False,evaluation
S1-462223675,US,4,False,evaluation
S1-462236459,US,5,False,evaluation
S1-462322167,US,3,False,tuning
S1-462469789,US,5,False,evaluation
S1-462474227,US,3,False,evaluation
S1-462502926,India,1,False,evaluation
S1-462606296,US,3,False,tuning
S1-462734265,US,1,False,evaluation
S1-462751764,India,5,False,evaluation
S1-462790120,US,1,False,tuning
S1-462829710,India,6,False,evaluation
S1-462863795,US,1,False,tuning
S1-462890223,India,3,False,tuning
S1-462916588,India,8,False,tuning
S1-462967613,US,6,False,tuning
S1-462984045,US,1,False,tuning
S1-463004943,India,5,False,evaluation
S1-463005582,US,5,False,tuning
S1-463014151,US,2,False,tuning
S1-463016609,US,4,False,evaluation
S1-463019269,US,3,False,evaluation
S1-463096855,US,4,False,tuning
S1-463096885,US,5,False,tuning
S1-463113159,US,8,False,tuning
S1-46312529,India,5,False,evaluation
S1-463140929,US,4,False,evaluation
S1-463169619,India,4,False,tuning
S1-463307147,US,0,True,evaluation
S1-463359040,US,4,False,evaluation
S1-463387539,US,4,False,evaluation
S1-463401713,US,5,False,tuning
S1-463404907,India,3,False,tuning
S1-463566821,US,3,False,evaluation
S1-463586007,India,2,False,tuning
S1-46360085,India,5,False,evaluation
S1-46363021,India,3,False,evaluation
S1-463683805,US,4,False,evaluation
S1-463695837,India,6,False,evaluation
S1-463761801,US,0,True,evaluation
S1-463874746,India,6,False,tuning
S1-463917266,US,0,True,tuning
S1-463977829,India,4,False,evaluation
S1-463988097,US,4,False,tuning
S1-464006212,India,4,False,evaluation
S1-464048092,India,8,False,evaluation
S1-464075032,US,4,False,tuning
S1-464121321,US,2,False,tuning
S1-464228302,US,3,False,evaluation
S1-464313117,India,1,False,tuning
S1-464331481,India,3,False,tuning
S1-464337109,US,2,False,evaluation
S1-464365131,US,3,False,evaluation
S1-464394405,India,3,False,tuning
S1-464451611,India,4,False,evaluation
S1-464475302,India,6,False,evaluation
S1-464588290,India,3,False,tuning
S1-464602990,US,2,False,evaluation
S1-464606664,India,3,False,evaluation
S1-464732997,India,3,False,evaluation
S1-464782912,India,5,False,evaluation
S1-464826391,India,3,False,tuning
S1-464826833,India,2,False,tuning
S1-464916938,US,2,False,evaluation
S1-464950538,US,3,False,evaluation
S1-464956054,US,2,False,evaluation
S1-464984969,India,6,False,evaluation
S1-465057330,US,4,False,evaluation
S1-465097973,India,6,False,evaluation
S1-465132636,US,7,False,evaluation
S1-465150451,India,1,False,evaluation
S1-465176357,India,5,False,tuning
S1-465183737,US,1,False,evaluation
S1-465194053,US,4,False,evaluation
S1-465236141,US,6,False,tuning
S1-465275426,US,8,False,tuning
S1-465279083,US,2,False,evaluation
S1-465313514,US,3,False,tuning
S1-465319307,US,5,False,tuning
S1-465358585,India,0,True,tuning
S1-465406173,US,6,False,evaluation
S1-465407394,India,5,False,evaluation
S1-465497954,US,2,False,tuning
S1-465523967,US,4,False,tuning
S1-465538199,India,3,False,tuning
S1-465564443,US,6,False,tuning
S1-46559999,US,2,False,evaluation
S1-465608926,US,3,False,tuning
S1-465616553,India,3,False,evaluation
S1-465648337,India,2,False,tuning
S1-465655238,India,3,False,tuning
S1-465669721,US,7,False,evaluation
S1-465735753,US,3,False,evaluation
S1-465762005,India,4,False,tuning
S1-465802538,India,4,False,tuning
S1-465813734,US,4,False,evaluation
S1-4658298,US,5,False,evaluation
S1-465840450,US,3,False,evaluation
S1-465936145,US,3,False,tuning
S1-465943560,US,2,False,tuning
S1-466032287,India,6,False,evaluation
S1-466081882,US,4,False,tuning
S1-466097608,US,3,False,evaluation
S1-466130140,India,5,False,evaluation
S1-466209523,India,4,False,tuning
S1-466305917,India,2,False,evaluation
S1-466411707,India,4,False,tuning
S1-466492478,India,3,False,evaluation
S1-466500111,India,3,False,tuning
S1-466521816,India,4,False,tuning
S1-46652821,US,4,False,evaluation
S1-466539159,US,3,False,tuning
S1-466555756,India,1,False,tuning
S1-466665103,US,4,False,evaluation
S1-466684510,India,4,False,tuning
S1-466719177,India,4,False,evaluation
S1-466745256,India,4,False,tuning
S1-46675663,India,3,False,evaluation
S1-466948451,India,0,True,tuning
S1-467000942,US,2,False,evaluation
S1-467020812,India,2,False,evaluation
S1-467031814,India,0,True,evaluation
S1-467056149,US,5,False,tuning
S1-467165597,US,3,False,evaluation
S1-467228551,US,6,False,evaluation
S1-467231907,India,3,False,tuning
S1-467329045,India,3,False,evaluation
S1-46737629,India,2,False,evaluation
S1-467414131,US,0,True,tuning
S1-467467037,India,8,False,tuning
S1-467582113,India,3,False,tuning
S1-467596404,US,3,False,evaluation
S1-467603356,India,3,False,evaluation
S1-467605268,US,3,False,evaluation
S1-467682762,India,3,False,tuning
S1-467689668,US,4,False,tuning
S1-467774188,US,2,False,evaluation
S1-467784376,India,0,True,evaluation
S1-467875394,US,5,False,evaluation
S1-467987991,US,2,False,evaluation
S1-46803442,India,5,False,tuning
S1-468060449,US,0,True,evaluation
S1-468111032,US,4,False,evaluation
S1-468148667,US,5,False,evaluation
S1-468155317,US,2,False,evaluation
S1-468160746,US,1,False,tuning
S1-468317322,US,2,False,evaluation
S1-468318669,US,5,False,evaluation
S1-468333049,US,4,False,evaluation
S1-468418914,US,4,False,evaluation
S1-468420137,US,7,False,tuning
S1-46846275,India,2,False,evaluation
S1-468466580,US,7,False,tuning
S1-468469162,US,2,False,tuning
S1-468473467,India,7,False,tuning
S1-468577650,India,8,False,evaluation
S1-468589450,US,5,False,evaluation
S1-468663819,India,2,False,tuning
S1-468691963,India,4,False,tuning
S1-468797801,US,2,False,tuning
S1-468826824,US,5,False,evaluation
S1-46884176,US,3,False,evaluation
S1-468858540,India,2,False,evaluation
S1-468892147,US,4,False,evaluation
S1-469014674,India,3,False,evaluation
S1-469052454,US,1,False,evaluation
S1-469150538,India,1,False,evaluation
S1-469262072,US,1,False,tuning
S1-469387102,US,3,False,tuning
S1-469414537,US,4,False,evaluation
S1-469508566,US,0,True,tuning
S1-46955571,India,0,True,tuning
S1-469583307,India,6,False,tuning
S1-469596712,India,3,False,evaluation
S1-469682233,India,1,False,tuning
S1-469703427,US,3,False,tuning
S1-469763988,US,0,True,tuning
S1-469808810,India,4,False,tuning
S1-469842904,US,3,False,evaluation
S1-469847693,India,4,False,tuning
S1-469852518,US,2,False,evaluation
S1-469859304,US,4,False,evaluation
S1-469887081,US,6,False,tuning
S1-469963881,US,6,False,tuning
S1-469975661,India,8,False,tuning
S1-47004251,India,2,False,tuning
S1-470095412,US,2,False,tuning
S1-470108634,India,3,False,tuning
S1-470117577,US,4,False,tuning
S1-470129358,US,3,False,evaluation
S1-470150331,India,3,False,evaluation
S1-470220768,US,4,False,tuning
S1-47029279,India,3,False,evaluation
S1-470353787,India,4,False,evaluation
S1-470371345,US,3,False,tuning
S1-470487582,India,0,True,evaluation
S1-470502238,US,3,False,evaluation
S1-470514226,India,0,True,evaluation
S1-470544990,US,3,False,tuning
S1-470550307,India,7,False,tuning
S1-470551472,India,3,False,tuning
S1-470554650,US,3,False,tuning
S1-470653274,US,2,False,evaluation
S1-470717376,India,4,False,tuning
S1-470826327,India,6,False,evaluation
S1-470908376,US,2,False,evaluation
S1-470951861,US,3,False,tuning
S1-470986550,US,4,False,evaluation
S1-471047285,US,4,False,evaluation
S1-471073464,India,1,False,evaluation
S1-471266682,India,4,False,evaluation
S1-471289160,India,4,False,evaluation
S1-47130582,India,3,False,evaluation
S1-471353513,US,4,False,evaluation
S1-471388700,US,0,True,evaluation
S1-471417024,US,4,False,tuning
S1-471496158,US,3,False,evaluation
S1-471544487,US,2,False,tuning
S1-471632358,India,0,True,evaluation
S1-471669697,US,0,True,tuning
S1-471700224,India,5,False,tuning
S1-471762195,US,2,False,tuning
S1-4718503,US,4,False,evaluation
S1-471855161,US,3,False,tuning
S1-471892706,US,3,False,tuning
S1-472113418,US,3,False,evaluation
S1-472136651,India,2,False,tuning
S1-472170222,India,4,False,evaluation
S1-472174283,US,5,False,evaluation
S1-472203051,US,4,False,tuning
S1-472239251,India,4,False,evaluation
S1-472273475,US,4,False,evaluation
S1-472400808,India,4,False,evaluation
S1-472449898,US,5,False,evaluation
S1-472451142,US,5,False,evaluation
S1-472518901,India,3,False,evaluation
S1-472521506,US,4,False,evaluation
S1-472565134,US,2,False,evaluation
S1-472585109,US,6,False,evaluation
S1-472611988,US,5,False,tuning
S1-472663105,US,5,False,tuning
S1-472663450,India,8,False,evaluation
S1-472750525,US,4,False,tuning
S1-472794576,US,5,False,evaluation
S1-472914717,US,6,False,tuning
S1-472943496,India,3,False,evaluation
S1-472943599,India,3,False,evaluation
S1-472976718,US,2,False,tuning
S1-472977641,US,5,False,tuning
S1-473066766,India,2,False,evaluation
S1-473079996,India,3,False,evaluation
S1-473121738,US,3,False,evaluation
S1-4731287,US,5,False,tuning
S1-473142582,India,2,False,evaluation
S1-473160690,India,3,False,evaluation
S1-47327080,US,3,False,evaluation
S1-473349428,US,5,False,evaluation
S1-47335357,India,6,False,evaluation
S1-473379804,US,3,False,evaluation
S1-473429204,US,4,False,evaluation
S1-47345371,US,2,False,evaluation
S1-473554845,US,2,False,tuning
S1-473695931,India,2,False,evaluation
S1-473857889,US,4,False,evaluation
S1-473891779,US,4,False,tuning
S1-473986793,US,7,False,evaluation
S1-474027502,India,6,False,evaluation
S1-474041283,India,4,False,evaluation
S1-47410275,US,2,False,evaluation
S1-47413801,India,3,False,tuning
S1-474142225,US,2,False,tuning
S1-474151923,US,3,False,evaluation
S1-474186029,US,5,False,evaluation
S1-474240303,India,5,False,tuning
S1-474276134,India,7,False,evaluation
S1-474287671,US,6,False,tuning
S1-474301456,India,3,False,evaluation
S1-4743228,US,5,False,tuning
S1-474373079,US,2,False,evaluation
S1-47438933,India,4,False,tuning
S1-474412920,India,4,False,tuning
S1-474459667,US,3,False,tuning
S1-474477542,India,6,False,evaluation
S1-474677512,India,2,False,evaluation
S1-474683219,US,5,False,evaluation
S1-474684848,India,4,False,tuning
S1-4746877,India,7,False,tuning
S1-474709376,US,2,False,tuning
S1-474736012,US,2,False,tuning
S1-474767681,India,3,False,evaluation
S1-474808503,India,5,False,evaluation
S1-474847076,US,6,False,tuning
S1-474875759,India,2,False,evaluation
S1-47487834,India,3,False,evaluation
S1-474896292,US,3,False,tuning
S1-474912910,India,1,False,tuning
S1-474938962,India,3,False,tuning
S1-474948017,US,2,False,evaluation
S1-475068600,India,4,False,evaluation
S1-475128051,US,3,False,evaluation
S1-475310756,India,3,False,evaluation
S1-475311456,India,5,False,evaluation
S1-475438558,US,5,False,tuning
S1-475543728,US,3,False,tuning
S1-475547012,US,6,False,evaluation
S1-475563844,US,4,False,evaluation
S1-475593966,US,4,False,tuning
S1-475644622,US,7,False,tuning
S1-475650612,US,2,False,tuning
S1-475694238,India,5,False,evaluation
S1-475747305,India,0,True,tuning
S1-475922395,India,3,False,tuning
S1-476011358,US,6,False,tuning
S1-476012699,India,0,True,evaluation
S1-476016112,US,1,False,tuning
S1-476058429,US,2,False,tuning
S1-476060655,US,5,False,tuning
S1-476269262,India,2,False,tuning
S1-47643420,India,3,False,evaluation
S1-476443622,US,5,False,evaluation
S1-476461505,US,1,False,tuning
S1-476490771,US,3,False,tuning
S1-476498613,US,0,True,tuning
S1-476573271,US,4,False,evaluation
S1-476692062,US,6,False,tuning
S1-476710391,US,4,False,tuning
S1-476804858,India,3,False,evaluation
S1-476830758,India,2,False,tuning
S1-476874728,US,5,False,evaluation
S1-476905291,US,0,True,evaluation
S1-476911961,US,3,False,evaluation
S1-47693061,US,4,False,evaluation
S1-476949023,US,7,False,evaluation
S1-476972312,India,4,False,evaluation
S1-476974821,US,3,False,tuning
S1-477025398,India,4,False,evaluation
S1-477058915,US,0,True,evaluation
S1-477081095,US,3,False,tuning
S1-477091171,India,4,False,evaluation
S1-477092000,US,0,True,evaluation
S1-477290553,India,2,False,evaluation
S1-477333267,India,6,False,evaluation
S1-477355920,India,5,False,tuning
S1-477381677,India,4,False,tuning
S1-477414978,India,1,False,evaluation
S1-477535692,US,3,False,evaluation
S1-477547538,US,3,False,evaluation
S1-477618637,US,2,False,evaluation
S1-477660126,US,5,False,evaluation
S1-477678237,India,3,False,tuning
S1-477700525,India,4,False,evaluation
S1-477701673,India,6,False,tuning
S1-477704902,US,3,False,tuning
S1-477779732,India,3,False,evaluation
S1-477797480,US,2,False,evaluation
S1-477806213,US,2,False,evaluation
S1-477823761,US,4,False,evaluation
S1-477859526,India,2,False,tuning
S1-4780001,US,4,False,evaluation
S1-478046540,US,7,False,evaluation
S1-478061756,India,1,False,evaluation
S1-478069088,India,5,False,tuning
S1-478116636,US,6,False,tuning
S1-478148807,India,6,False,evaluation
S1-478215392,US,5,False,tuning
S1-478302540,US,4,False,evaluation
S1-478446181,US,0,True,evaluation
S1-478489522,US,5,False,tuning
S1-478520483,India,3,False,tuning
S1-478665448,India,6,False,evaluation
S1-47869118,US,2,False,tuning
S1-478739737,India,4,False,evaluation
S1-478823764,US,3,False,tuning
S1-478918398,US,3,False,tuning
S1-4789655,India,3,False,tuning
S1-479066271,US,4,False,evaluation
S1-479078484,US,3,False,evaluation
S1-479104444,India,3,False,evaluation
S1-479163318,India,3,False,evaluation
S1-47926177,India,1,False,evaluation
S1-479286934,US,2,False,evaluation
S1-479317120,US,2,False,evaluation
S1-479348972,US,6,False,evaluation
S1-479398648,India,1,False,evaluation
S1-479422243,US,8,False,evaluation
S1-479483431,US,3,False,evaluation
S1-479499953,US,3,False,evaluation
S1-479527311,US,5,False,evaluation
S1-479543356,India,4,False,evaluation
S1-479576790,India,2,False,evaluation
S1-479617214,India,4,False,tuning
S1-479654940,India,7,False,evaluation
S1-47966585,US,2,False,evaluation
S1-479671010,US,5,False,evaluation
S1-479709899,India,0,True,tuning
S1-479725005,US,6,False,tuning
S1-479741897,US,4,False,evaluation
S1-479745393,US,6,False,tuning
S1-479831895,India,3,False,evaluation
S1-479887004,US,4,False,evaluation
S1-479908479,US,3,False,evaluation
S1-479947969,US,5,False,tuning
S1-479970732,US,5,False,evaluation
S1-480045933,US,7,False,tuning
S1-480075740,US,3,False,evaluation
S1-480141331,India,4,False,tuning
S1-480259157,India,5,False,tuning
S1-480302620,India,4,False,evaluation
S1-48031880,India,3,False,evaluation
S1-480426264,US,0,True,tuning
S1-480431206,US,2,False,evaluation
S1-480476994,US,3,False,evaluation
S1-480575703,US,3,False,evaluation
S1-480618742,US,4,False,evaluation
S1-480646551,India,6,False,evaluation
S1-480729531,US,5,False,evaluation
S1-480801897,India,0,True,evaluation
S1-480824644,US,3,False,tuning
S1-480842564,US,4,False,tuning
S1-480966375,US,2,False,evaluation
S1-480989530,India,3,False,evaluation
S1-481036674,India,4,False,evaluation
S1-481038102,India,5,False,tuning
S1-481057106,India,5,False,evaluation
S1-481147841,US,5,False,tuning
S1-48116927,US,0,True,evaluation
S1-481219298,US,2,False,evaluation
S1-48122097,US,3,False,tuning
S1-481242702,US,5,False,tuning
S1-481298288,India,3,False,evaluation
S1-481326916,India,4,False,evaluation
S1-481344295,US,3,False,evaluation
S1-481446342,US,2,False,evaluation
S1-481585124,US,0,True,evaluation
S1-481599744,US,0,True,evaluation
S1-481668424,US,2,False,evaluation
S1-481800458,US,6,False,evaluation
S1-481861533,India,0,True,evaluation
S1-481878510,US,4,False,evaluation
S1-481891444,US,2,False,evaluation
S1-481921566,India,3,False,evaluation
S1-481933112,US,4,False,evaluation
S1-482204260,US,3,False,tuning
S1-482222719,US,4,False,evaluation
S1-482236671,US,4,False,evaluation
S1-482250615,US,0,True,evaluation
S1-482387064,US,3,False,evaluation
S1-48246384,US,4,False,evaluation
S1-482510702,India,2,False,evaluation
S1-482553379,India,5,False,evaluation
S1-482583840,US,2,False,evaluation
S1-482590517,India,3,False,evaluation
S1-482663497,US,2,False,evaluation
S1-482785130,US,4,False,tuning
S1-482804538,US,3,False,tuning
S1-482910661,US,7,False,evaluation
S1-4829672,US,5,False,evaluation
S1-483001942,India,7,False,evaluation
S1-483008382,US,3,False,evaluation
S1-483125372,US,3,False,tuning
S1-483134186,India,3,False,tuning
S1-483268516,India,6,False,evaluation
S1-483271581,US,3,False,evaluation
S1-483322560,US,6,False,tuning
S1-483345931,US,3,False,evaluation
S1-483376664,US,5,False,tuning
S1-483446847,India,3,False,tuning
S1-48350732,US,5,False,tuning
S1-483638623,US,5,False,evaluation
S1-483662684,India,5,False,evaluation
S1-483680666,India,5,False,evaluation
S1-483681460,US,4,False,tuning
S1-483707614,US,5,False,evaluation
S1-483762096,India,3,False,evaluation
S1-48376882,India,5,False,evaluation
S1-483799580,India,4,False,tuning
S1-483804923,US,5,False,evaluation
S1-483843959,US,6,False,evaluation
S1-483915822,India,3,False,evaluation
S1-484043593,US,4,False,evaluation
S1-48405364,India,3,False,evaluation
S1-484061511,US,4,False,evaluation
S1-48412014,India,4,False,evaluation
S1-484140317,US,3,False,tuning
S1-484155750,US,3,False,evaluation
S1-48417043,India,5,False,tuning
S1-484216890,India,2,False,tuning
S1-484469252,US,0,True,evaluation
S1-484528805,US,5,False,evaluation
S1-484561219,India,3,False,tuning
S1-484632684,US,4,False,evaluation
S1-484634671,India,3,False,evaluation
S1-484684592,India,3,False,evaluation
S1-484713149,India,2,False,evaluation
S1-484713610,India,2,False,tuning
S1-484718839,US,2,False,evaluation
S1-484726001,India,1,False,tuning
S1-484735114,US,4,False,tuning
S1-484804627,India,3,False,tuning
S1-484814017,US,6,False,tuning
S1-48491641,India,3,False,tuning
S1-484928121,US,6,False,evaluation
S1-485024205,India,2,False,evaluation
S1-485034751,India,3,False,evaluation
S1-485080642,US,4,False,evaluation
S1-485260947,US,2,False,tuning
S1-485337162,US,7,False,tuning
S1-485348225,US,7,False,evaluation
S1-485428778,US,2,False,evaluation
S1-485447221,India,4,False,evaluation
S1-485518515,US,5,False,evaluation
S1-485521291,US,3,False,evaluation
S1-485535377,US,6,False,tuning
S1-485546277,US,3,False,tuning
S1-485661925,US,4,False,evaluation
S1-485698126,India,5,False,evaluation
S1-485713203,US,6,False,evaluation
S1-485774696,India,4,False,evaluation
S1-485810657,India,3,False,evaluation
S1-485825054,India,4,False,evaluation
S1-485837599,US,3,False,evaluation
S1-48588890,US,9,False,evaluation
S1-485971639,US,5,False,evaluation
S1-485994860,US,5,False,evaluation
S1-486007775,US,5,False,evaluation
S1-486018037,India,6,False,evaluation
S1-486116045,US,1,False,evaluation
S1-486184752,India,6,False,evaluation
S1-486250039,India,3,False,tuning
S1-486261962,India,5,False,evaluation
S1-486276940,India,3,False,tuning
S1-486286791,India,5,False,tuning
S1-48628895,US,2,False,evaluation
S1-486325535,India,5,False,evaluation
S1-486395099,India,3,False,evaluation
S1-486420815,India,4,False,evaluation
S1-486427631,India,7,False,evaluation
S1-486466811,US,6,False,evaluation
S1-486474911,India,3,False,evaluation
S1-48650266,US,4,False,evaluation
S1-486510283,India,3,False,evaluation
S1-486618627,India,4,False,evaluation
S1-486746457,US,3,False,tuning
S1-486789647,US,0,True,tuning
S1-486843041,US,3,False,evaluation
S1-486952536,India,7,False,evaluation
S1-487002492,India,2,False,tuning
S1-487013289,US,5,False,tuning
S1-487078394,India,6,False,evaluation
S1-487168388,US,1,False,evaluation
S1-487172051,US,3,False,tuning
S1-487183162,US,1,False,tuning
S1-487376549,India,5,False,evaluation
S1-487377928,India,0,True,tuning
S1-487430016,India,5,False,evaluation
S1-487458224,India,4,False,evaluation
S1-48753052,US,2,False,evaluation
S1-487531442,US,4,False,evaluation
S1-487580617,India,4,False,evaluation
S1-487663741,US,4,False,evaluation
S1-487716936,US,2,False,tuning
S1-48776874,US,2,False,evaluation
S1-487806556,US,3,False,evaluation
S1-487819735,US,3,False,evaluation
S1-48813870,US,0,True,tuning
S1-488167768,India,3,False,tuning
S1-488263813,US,5,False,tuning
S1-488467411,US,5,False,evaluation
S1-488510979,US,4,False,evaluation
S1-488544004,US,5,False,tuning
S1-48856374,US,4,False,tuning
S1-488647023,India,2,False,tuning
S1-488769143,US,0,True,evaluation
S1-488778840,India,4,False,tuning
S1-488798949,US,4,False,tuning
S1-488904263,India,5,False,evaluation
S1-488904424,US,3,False,evaluation
S1-488967503,US,2,False,evaluation
S1-489013254,India,4,False,tuning
S1-489016366,US,2,False,evaluation
S1-489024016,US,5,False,tuning
S1-489055206,India,4,False,evaluation
S1-489096247,India,3,False,evaluation
S1-489100219,India,2,False,evaluation
S1-489111648,US,2,False,tuning
S1-489114339,India,2,False,evaluation
S1-489208629,US,3,False,evaluation
S1-489331674,India,2,False,tuning
S1-489400559,US,4,False,evaluation
S1-48944322,US,3,False,tuning
S1-489464832,US,6,False,evaluation
S1-489472755,US,2,False,tuning
S1-489489327,US,4,False,evaluation
S1-489493761,US,3,False,tuning
S1-489625146,US,4,False,evaluation
S1-489637876,India,2,False,tuning
S1-489729410,US,7,False,evaluation
S1-489799696,India,4,False,evaluation
S1-489863972,US,5,False,evaluation
S1-489864193,US,3,False,tuning
S1-489917232,India,5,False,tuning
S1-489945642,US,4,False,tuning
S1-489996490,US,3,False,evaluation
S1-490004446,India,7,False,evaluation
S1-490011300,India,5,False,evaluation
S1-490038127,US,2,False,tuning
S1-490048980,India,4,False,tuning
S1-490089331,India,5,False,tuning
S1-490133549,India,1,False,evaluation
S1-490258729,India,5,False,tuning
S1-490270069,US,3,False,evaluation
S1-490330804,US,2,False,tuning
S1-490334579,US,6,False,evaluation
S1-490346118,US,3,False,evaluation
S1-490399005,US,0,True,tuning
S1-490411548,US,5,False,tuning
S1-49041818,India,3,False,tuning
S1-490431489,India,3,False,evaluation
S1-490522726,US,1,False,tuning
S1-490536178,India,6,False,evaluation
S1-490580943,US,3,False,evaluation
S1-490585083,India,2,False,tuning
S1-490692658,US,6,False,tuning
S1-490752562,India,4,False,tuning
S1-490802609,India,6,False,tuning
S1-490895036,US,2,False,evaluation
S1-490940903,US,4,False,tuning
S1-491015951,US,2,False,evaluation
S1-491278410,India,5,False,evaluation
S1-491312868,India,7,False,evaluation
S1-491328129,India,1,False,tuning
S1-491348925,India,3,False,evaluation
S1-491447202,India,3,False,evaluation
S1-491546086,US,1,False,evaluation
S1-491562980,US,0,True,tuning
S1-491566207,US,2,False,tuning
S1-49159799,US,3,False,evaluation
S1-491663549,India,2,False,evaluation
S1-491673372,US,0,True,evaluation
S1-491708986,India,4,False,tuning
S1-491731263,India,3,False,evaluation
S1-491755908,US,7,False,evaluation
S1-49176645,India,2,False,evaluation
S1-491778512,India,2,False,evaluation
S1-491798771,India,0,True,evaluation
S1-491809731,India,6,False,evaluation
S1-491814163,US,7,False,evaluation
S1-491835765,US,2,False,evaluation
S1-491895345,US,3,False,tuning
S1-491939594,India,2,False,tuning
S1-491953238,US,2,False,evaluation
S1-49195503,India,2,False,tuning
S1-491999143,India,3,False,tuning
S1-492082467,US,2,False,evaluation
S1-492142313,India,4,False,evaluation
S1-492158543,US,5,False,evaluation
S1-492215911,US,0,True,tuning
S1-492251279,India,2,False,evaluation
S1-492334255,US,5,False,evaluation
S1-492365039,India,3,False,tuning
S1-492456364,US,6,False,evaluation
S1-492542330,India,2,False,tuning
S1-492543909,India,3,False,evaluation
S1-492549878,India,4,False,evaluation
S1-4925685,India,5,False,evaluation
S1-492618815,US,5,False,evaluation
S1-492725088,US,6,False,tuning
S1-492734844,US,7,False,tuning
S1-492786410,India,3,False,evaluation
S1-492798500,India,0,True,tuning
S1-492829468,India,1,False,evaluation
S1-492858934,US,2,False,tuning
S1-492974759,US,4,False,evaluation
S1-493000099,US,2,False,tuning
S1-493003092,India,6,False,evaluation
S1-493089309,US,0,True,tuning
S1-49316448,US,0,True,evaluation
S1-493239570,US,4,False,tuning
S1-493260001,US,2,False,tuning
S1-493260493,US,0,True,tuning
S1-493300529,US,2,False,evaluation
S1-493332179,US,6,False,evaluation
S1-49344059,US,2,False,tuning
S1-493460126,US,4,False,tuning
S1-493480705,US,5,False,evaluation
S1-493488303,India,3,False,evaluation
S1-49355318,US,5,False,evaluation
S1-493565634,India,4,False,evaluation
S1-493636295,US,3,False,tuning
S1-493667845,India,5,False,evaluation
S1-493691603,US,5,False,evaluation
S1-493703071,India,5,False,tuning
S1-493735014,US,0,True,evaluation
S1-493826706,India,3,False,tuning
S1-493895238,US,3,False,evaluation
S1-494081447,US,3,False,evaluation
S1-494157722,US,3,False,evaluation
S1-494187676,US,6,False,evaluation
S1-494197326,India,1,False,tuning
S1-494223281,US,4,False,tuning
S1-494236196,US,2,False,evaluation
S1-494238373,US,3,False,evaluation
S1-494272709,India,3,False,evaluation
S1-494343532,India,4,False,tuning
S1-494365737,India,6,False,evaluation
S1-494377319,India,1,False,evaluation
S1-49438280,India,3,False,tuning
S1-494456920,India,2,False,evaluation
S1-494530846,US,4,False,evaluation
S1-494536088,US,5,False,tuning
S1-494627874,US,3,False,evaluation
S1-494661181,US,5,False,evaluation
S1-494697966,India,8,False,evaluation
S1-494704432,US,3,False,evaluation
S1-494710249,US,2,False,tuning
S1-494731471,India,3,False,evaluation
S1-494853167,US,1,False,evaluation
S1-494905342,US,3,False,tuning
S1-495057446,US,2,False,tuning
S1-495363099,US,1,False,evaluation
S1-49538275,US,2,False,evaluation
S1-495412135,India,4,False,tuning
S1-495432928,India,2,False,evaluation
S1-495433852,US,1,False,evaluation
S1-495541796,US,4,False,tuning
S1-495610891,US,3,False,tuning
S1-495906876,US,6,False,evaluation
S1-495932596,India,4,False,tuning
S1-49593505,US,5,False,evaluation
S1-495979416,India,5,False,evaluation
S1-496043012,US,6,False,evaluation
S1-496169630,US,0,True,tuning
S1-496189234,US,2,False,evaluation
S1-496243143,India,6,False,evaluation
S1-496278095,India,4,False,tuning
S1-49628581,US,3,False,tuning
S1-49629240,US,4,False,evaluation
S1-496348714,India,2,False,evaluation
S1-496376724,India,2,False,evaluation
S1-496404726,US,4,False,evaluation
S1-496455028,US,3,False,tuning
S1-496527179,US,4,False,evaluation
S1-496619775,US,5,False,evaluation
S1-496635158,US,5,False,evaluation
S1-496726348,US,7,False,tuning
S1-496745792,India,5,False,evaluation
S1-496751119,India,4,False,evaluation
S1-4968584,US,7,False,evaluation
S1-496881352,US,0,True,tuning
S1-496967223,India,5,False,tuning
S1-497070462,US,4,False,evaluation
S1-497084970,US,2,False,evaluation
S1-497257232,US,5,False,tuning
S1-497260112,US,5,False,evaluation
S1-497280754,US,4,False,evaluation
S1-497411990,US,2,False,tuning
S1-497491595,US,4,False,evaluation
S1-49749433,US,4,False,evaluation
S1-497499293,US,3,False,evaluation
S1-497524434,US,5,False,evaluation
S1-497529860,India,4,False,tuning
S1-497572570,US,2,False,tuning
S1-497588525,India,2,False,tuning
S1-4976885,US,4,False,tuning
S1-497735309,India,4,False,tuning
S1-497804712,India,4,False,tuning
S1-497853326,India,4,False,tuning
S1-498004340,US,3,False,evaluation
S1-498058980,India,5,False,evaluation
S1-498069086,US,3,False,tuning
S1-498113777,US,3,False,evaluation
S1-498122333,US,5,False,tuning
S1-49816219,India,6,False,evaluation
S1-498184503,India,2,False,tuning
S1-498258944,India,5,False,evaluation
S1-498266616,US,3,False,evaluation
S1-498318331,India,5,False,tuning
S1-49832671,US,0,True,tuning
S1-498382248,US,3,False,evaluation
S1-498418573,India,3,False,evaluation
S1-498432284,US,2,False,tuning
S1-498436108,US,2,False,evaluation
S1-498448010,US,7,False,evaluation
S1-498496067,India,0,True,tuning
S1-49851302,US,0,True,tuning
S1-498537151,US,1,False,evaluation
S1-498564252,India,3,False,tuning
S1-498577732,India,5,False,evaluation
S1-49868450,India,2,False,tuning
S1-498692498,US,3,False,evaluation
S1-498723990,US,3,False,evaluation
S1-498810638,India,6,False,tuning
S1-499080802,US,5,False,tuning
S1-499097941,US,6,False,evaluation
S1-499140222,India,3,False,tuning
S1-499165972,India,3,False,evaluation
S1-499227215,US,5,False,tuning
S1-499242108,US,4,False,tuning
S1-49929736,India,3,False,tuning
S1-499334598,US,6,False,evaluation
S1-49933900,US,1,False,tuning
S1-499340462,India,2,False,evaluation
S1-499357139,India,6,False,evaluation
S1-499439862,US,3,False,evaluation
S1-499501463,US,5,False,evaluation
S1-49951170,US,6,False,evaluation
S1-499762538,US,4,False,tuning
S1-49979367,US,4,False,evaluation
S1-499851114,India,5,False,evaluation
S1-499893145,India,4,False,evaluation
S1-499900753,US,0,True,tuning
S1-499907505,US,6,False,evaluation
S1-499921478,India,8,False,evaluation
S1-499950813,US,3,False,tuning
S1-499976174,US,0,True,evaluation
S1-500018414,US,2,False,tuning
S1-500024496,India,5,False,evaluation
S1-500109231,US,3,False,tuning
S1-500177951,India,4,False,evaluation
S1-500218332,India,5,False,evaluation
S1-500311835,US,2,False,evaluation
S1-500316912,India,6,False,evaluation
S1-50034313,India,0,True,evaluation
S1-500344704,India,2,False,evaluation
S1-500374550,India,4,False,evaluation
S1-500392524,US,3,False,evaluation
S1-500415775,India,4,False,evaluation
S1-500433552,US,3,False,tuning
S1-500715737,US,4,False,evaluation
S1-500837974,US,4,False,tuning
S1-500863658,US,4,False,tuning
S1-500875336,US,4,False,tuning
S1-500934341,India,0,True,evaluation
S1-500979076,India,2,False,tuning
S1-501068544,US,4,False,evaluation
S1-501084049,US,4,False,tuning
S1-501085207,US,3,False,evaluation
S1-501103342,US,2,False,tuning
S1-501144617,India,5,False,tuning
S1-501214927,US,3,False,tuning
S1-501224223,India,4,False,evaluation
S1-501235714,US,5,False,evaluation
S1-50124477,US,7,False,tuning
S1-501259418,US,2,False,evaluation
S1-501353363,US,2,False,evaluation
S1-501353875,India,3,False,evaluation
S1-501490246,India,1,False,evaluation
S1-501615668,India,2,False,evaluation
S1-501738400,India,5,False,tuning
S1-50178484,US,3,False,evaluation
S1-501832934,US,5,False,evaluation
S1-501849627,India,4,False,tuning
S1-501873332,India,3,False,tuning
S1-501881876,US,3,False,tuning
S1-50191513,India,6,False,tuning
S1-501985946,US,7,False,evaluation
S1-502058486,US,5,False,tuning
S1-502149731,India,3,False,tuning
S1-502301390,India,2,False,tuning
S1-502326418,US,2,False,tuning
S1-502429731,India,3,False,tuning
S1-502438411,US,6,False,tuning
S1-502534836,India,1,False,tuning
S1-502548619,US,6,False,tuning
S1-50258971,India,3,False,evaluation
S1-502646698,India,4,False,evaluation
S1-502662429,US,2,False,evaluation
S1-502706740,India,5,False,tuning
S1-502740420,US,2,False,tuning
S1-50276865,India,4,False,tuning
S1-502780317,India,4,False,evaluation
S1-502933671,India,5,False,tuning
S1-502947339,US,6,False,evaluation
S1-503009223,India,4,False,tuning
S1-503105914,US,2,False,tuning
S1-503135659,US,2,False,tuning
S1-503195134,India,0,True,evaluation
S1-503223139,India,6,False,evaluation
S1-503231855,US,4,False,evaluation
S1-503233794,India,7,False,evaluation
S1-503251474,India,0,True,tuning
S1-503311213,US,5,False,evaluation
S1-503316889,US,2,False,tuning
S1-503360749,US,4,False,evaluation
S1-503416195,US,3,False,evaluation
S1-503416912,US,4,False,tuning
S1-503417291,US,2,False,tuning
S1-503437368,US,3,False,evaluation
S1-503538650,US,3,False,evaluation
S1-503560399,India,2,False,tuning
S1-503818727,India,4,False,evaluation
S1-503846759,US,4,False,tuning
S1-503889306,India,3,False,evaluation
S1-503929221,US,4,False,evaluation
S1-50393688,US,2,False,evaluation
S1-503939857,India,2,False,evaluation
S1-503966270,US,5,False,evaluation
S1-50397430,India,0,True,evaluation
S1-504050788,US,4,False,evaluation
S1-504122406,US,6,False,evaluation
S1-504172555,US,3,False,evaluation
S1-504177481,US,3,False,evaluation
S1-504211010,US,0,True,tuning
S1-504227120,US,2,False,evaluation
S1-504239790,US,3,False,evaluation
S1-50442061,US,6,False,tuning
S1-504470066,India,4,False,tuning
S1-504492820,India,2,False,tuning
S1-504544489,US,3,False,tuning
S1-504567321,US,4,False,evaluation
S1-504613699,US,5,False,evaluation
S1-504689129,US,0,True,tuning
S1-504769509,US,3,False,tuning
S1-504769825,India,0,True,tuning
S1-504772923,India,3,False,evaluation
S1-504820760,US,5,False,evaluation
S1-50486158,US,3,False,evaluation
S1-504886247,US,6,False,tuning
S1-504931021,US,1,False,evaluation
S1-504936589,US,4,False,evaluation
S1-505023681,US,2,False,tuning
S1-505223717,India,4,False,tuning
S1-505316099,US,2,False,evaluation
S1-505324087,India,5,False,evaluation
S1-505331680,US,3,False,evaluation
S1-505344246,India,3,False,evaluation
S1-505510134,US,1,False,evaluation
S1-505597396,US,4,False,evaluation
S1-50567068,India,4,False,evaluation
S1-505808017,US,2,False,evaluation
S1-505815164,US,3,False,evaluation
S1-505834330,India,2,False,evaluation
S1-505929578,US,0,True,tuning
S1-50602938,US,3,False,tuning
S1-506072192,US,3,False,tuning
S1-506161326,US,4,False,evaluation
S1-506172586,US,2,False,evaluation
S1-506250047,India,4,False,evaluation
S1-506271425,US,4,False,evaluation
S1-506300655,India,3,False,tuning
S1-506319297,US,6,False,evaluation
S1-506330330,India,5,False,evaluation
S1-506351540,India,4,False,evaluation
S1-506410354,India,1,False,evaluation
S1-506446999,India,4,False,evaluation
S1-506474870,US,3,False,evaluation
S1-506539203,India,3,False,tuning
S1-506539511,US,4,False,evaluation
S1-506623522,India,5,False,evaluation
S1-506689970,US,3,False,tuning
S1-506701828,US,4,False,tuning
S1-506833427,India,2,False,evaluation
S1-506887700,US,3,False,tuning
S1-50692348,US,4,False,evaluation
S1-506939308,US,3,False,tuning
S1-506940093,India,8,False,tuning
S1-506954570,US,4,False,evaluation
S1-507047061,US,0,True,evaluation
S1-507132241,US,3,False,evaluation
S1-507145044,India,5,False,tuning
S1-507167745,US,3,False,tuning
S1-5072106,US,3,False,evaluation
S1-50729802,US,7,False,tuning
S1-507361494,India,2,False,tuning
S1-50740610,India,2,False,evaluation
S1-507419099,US,5,False,tuning
S1-507420534,India,4,False,evaluation
S1-507470007,US,3,False,tuning
S1-507476731,US,2,False,tuning
S1-507482023,India,2,False,evaluation
S1-507486065,India,5,False,tuning
S1-507567439,US,2,False,tuning
S1-507577850,India,6,False,evaluation
S1-507611874,India,4,False,evaluation
S1-507706385,India,5,False,evaluation
S1-507758845,India,2,False,tuning
S1-50778723,India,2,False,tuning
S1-507789401,India,5,False,evaluation
S1-507942183,India,5,False,evaluation
S1-508077975,India,1,False,tuning
S1-508093928,US,1,False,tuning
S1-508146541,India,6,False,tuning
S1-508206981,US,5,False,tuning
S1-508236405,US,4,False,evaluation
S1-508251458,India,3,False,evaluation
S1-50827347,US,3,False,evaluation
S1-50828294,India,0,True,tuning
S1-508326344,US,4,False,evaluation
S1-508380865,US,3,False,tuning
S1-508382188,India,4,False,evaluation
S1-508395602,India,3,False,evaluation
S1-508425925,India,4,False,tuning
S1-508435547,India,4,False,evaluation
S1-508496340,US,3,False,evaluation
S1-508502587,US,0,True,evaluation
S1-508550029,India,3,False,evaluation
S1-508568297,US,1,False,evaluation
S1-508614122,India,6,False,tuning
S1-508624311,US,7,False,evaluation
S1-50883250,India,3,False,tuning
S1-508871026,India,5,False,tuning
S1-508891224,US,4,False,evaluation
S1-508913319,US,2,False,evaluation
S1-508949864,US,3,False,tuning
S1-508957129,US,3,False,evaluation
S1-509010349,US,5,False,tuning
S1-509113339,US,0,True,evaluation
S1-509165040,US,2,False,evaluation
S1-50919116,India,3,False,evaluation
S1-509263819,US,4,False,tuning
S1-509278518,US,5,False,tuning
S1-509398145,US,2,False,tuning
S1-509448616,US,2,False,tuning
S1-509458623,US,4,False,evaluation
S1-509467622,US,7,False,tuning
S1-509630094,US,4,False,tuning
S1-509685588,India,2,False,tuning
S1-50969972,India,4,False,evaluation
S1-509735812,India,4,False,tuning
S1-509756851,India,3,False,evaluation
S1-509788669,India,4,False,tuning
S1-509925448,US,1,False,tuning
S1-510090573,US,1,False,tuning
S1-510180310,India,5,False,evaluation
S1-510191331,India,2,False,evaluation
S1-51024909,US,2,False,tuning
S1-510260100,US,4,False,tuning
S1-510267170,India,2,False,tuning
S1-510298299,US,1,False,tuning
S1-510447926,India,4,False,tuning
S1-51062655,India,0,True,tuning
S1-510669042,US,6,False,evaluation
S1-51075249,India,4,False,evaluation
S1-510842463,India,0,True,evaluation
S1-510858391,US,5,False,tuning
S1-510859471,US,4,False,evaluation
S1-510942539,US,5,False,evaluation
S1-510949613,India,3,False,tuning
S1-510976059,India,3,False,evaluation
S1-511010867,US,4,False,evaluation
S1-511039989,India,4,False,evaluation
S1-51108616,India,5,False,tuning
S1-51108650,US,0,True,tuning
S1-511118973,US,2,False,tuning
S1-511157865,India,0,True,evaluation
S1-511216046,India,3,False,evaluation
S1-51121642,US,5,False,tuning
S1-511283150,India,1,False,evaluation
S1-511322818,US,3,False,tuning
S1-511375450,US,4,False,evaluation
S1-511392720,US,4,False,evaluation
S1-511485404,India,7,False,evaluation
S1-511636244,India,4,False,tuning
S1-511641986,India,8,False,evaluation
S1-511705317,India,2,False,tuning
S1-511725706,US,6,False,tuning
S1-511770868,US,2,False,tuning
S1-511837912,US,3,False,evaluation
S1-51187064,India,3,False,evaluation
S1-51189556,India,1,False,tuning
S1-51190363,US,1,False,evaluation
S1-511959659,India,3,False,evaluation
S1-511997993,US,4,False,evaluation
S1-512022390,US,4,False,evaluation
S1-51203100,India,3,False,evaluation
S1-512080510,US,3,False,tuning
S1-512141273,US,5,False,evaluation
S1-512172201,US,2,False,evaluation
S1-512265064,India,3,False,tuning
S1-51232338,US,3,False,tuning
S1-512381366,US,2,False,evaluation
S1-512393384,India,3,False,evaluation
S1-512565448,India,4,False,evaluation
S1-512593182,India,4,False,tuning
S1-512640838,US,6,False,tuning
S1-512657898,US,3,False,tuning
S1-512737985,US,3,False,evaluation
S1-512818217,US,1,False,evaluation
S1-512853869,US,6,False,evaluation
S1-51292168,US,3,False,tuning
S1-512959831,India,3,False,tuning
S1-513073152,US,7,False,evaluation
S1-513154995,US,0,True,evaluation
S1-513194389,US,3,False,evaluation
S1-513249073,US,5,False,evaluation
S1-513253916,India,5,False,tuning
S1-513269657,India,3,False,evaluation
S1-513358393,US,6,False,tuning
S1-513397417,US,2,False,evaluation
S1-513400578,India,4,False,evaluation
S1-51345856,US,4,False,evaluation
S1-513472164,US,3,False,evaluation
S1-513495070,US,2,False,evaluation
S1-513514039,US,5,False,evaluation
S1-51361050,India,2,False,evaluation
S1-51361708,India,3,False,evaluation
S1-513631207,India,3,False,evaluation
S1-513689296,US,3,False,evaluation
S1-513723096,US,6,False,evaluation
S1-513794518,India,4,False,evaluation
S1-513868508,US,3,False,evaluation
S1-513886302,US,3,False,tuning
S1-51393347,US,2,False,tuning
S1-513963413,US,4,False,tuning
S1-51405460,India,1,False,evaluation
S1-514124519,India,2,False,evaluation
S1-514133161,US,4,False,tuning
S1-514135169,US,0,True,evaluation
S1-51416969,US,3,False,evaluation
S1-514177282,US,3,False,tuning
S1-514177413,US,3,False,evaluation
S1-514177496,India,5,False,tuning
S1-514299264,US,3,False,tuning
S1-514319734,India,4,False,evaluation
S1-514427791,US,4,False,evaluation
S1-514446360,India,6,False,evaluation
S1-514524433,US,2,False,tuning
S1-514533202,US,6,False,tuning
S1-514545324,India,6,False,evaluation
S1-514626462,India,4,False,tuning
S1-514801063,India,3,False,tuning
S1-514891473,India,4,False,evaluation
S1-514903203,US,2,False,evaluation
S1-514948136,US,5,False,evaluation
S1-514969579,US,4,False,evaluation
S1-51502159,India,3,False,evaluation
S1-515048368,US,4,False,tuning
S1-51511317,US,3,False,tuning
S1-515159371,India,2,False,evaluation
S1-515160423,India,3,False,evaluation
S1-515212115,US,1,False,evaluation
S1-515252630,US,6,False,evaluation
S1-515286422,India,3,False,evaluation
S1-515370434,India,3,False,evaluation
S1-515525211,US,5,False,tuning
S1-515597377,India,1,False,evaluation
S1-515678303,US,2,False,tuning
S1-515714237,US,5,False,evaluation
S1-51572105,US,4,False,evaluation
S1-515747615,US,3,False,tuning
S1-515747936,US,2,False,tuning
S1-515789664,US,3,False,tuning
S1-515809269,US,5,False,tuning
S1-515926378,US,3,False,evaluation
S1-516210391,US,3,False,tuning
S1-516230312,India,3,False,evaluation
S1-516281065,India,3,False,evaluation
S1-516290105,US,6,False,tuning
S1-51629094,India,3,False,tuning
S1-516325528,US,4,False,evaluation
S1-516340463,US,4,False,evaluation
S1-516387234,US,4,False,evaluation
S1-516476060,US,5,False,tuning
S1-516476699,US,5,False,evaluation
S1-516493530,US,6,False,tuning
S1-516574558,India,4,False,tuning
S1-516653127,India,0,True,tuning
S1-516777552,US,2,False,evaluation
S1-516797061,US,3,False,evaluation
S1-516833894,India,4,False,tuning
S1-516862535,India,2,False,tuning
S1-516958334,US,3,False,evaluation
S1-517009528,US,4,False,evaluation
S1-517061017,US,0,True,evaluation
S1-517096698,US,3,False,tuning
S1-517113535,India,7,False,evaluation
S1-517125948,US,5,False,evaluation
S1-517132258,India,3,False,evaluation
S1-517146757,India,2,False,evaluation
S1-517178995,US,2,False,tuning
S1-517272836,US,4,False,tuning
S1-51732009,India,3,False,evaluation
S1-517339055,US,4,False,tuning
S1-517367606,US,0,True,evaluation
S1-517370616,US,6,False,evaluation
S1-51737097,India,3,False,evaluation
S1-517388623,US,5,False,evaluation
S1-517399849,India,1,False,evaluation
S1-517429491,India,7,False,tuning
S1-51752602,US,3,False,tuning
S1-517551830,US,2,False,evaluation
S1-517588805,US,1,False,tuning
S1-517616935,US,6,False,evaluation
S1-517620762,India,3,False,evaluation
S1-517631612,India,4,False,evaluation
S1-517651552,US,2,False,evaluation
S1-517693822,India,4,False,tuning
S1-517727513,US,3,False,tuning
S1-517848365,India,3,False,tuning
S1-517869164,India,3,False,tuning
S1-517968527,India,3,False,evaluation
S1-518083837,US,3,False,tuning
S1-518085313,US,4,False,tuning
S1-518127843,India,5,False,evaluation
S1-518152226,India,3,False,tuning
S1-51817863,US,2,False,evaluation
S1-5181964,US,5,False,evaluation
S1-518204786,US,1,False,evaluation
S1-518209988,US,5,False,tuning
S1-518262604,India,3,False,evaluation
S1-518272019,US,0,True,evaluation
S1-518479122,US,4,False,evaluation
S1-518525578,US,6,False,evaluation
S1-518546819,US,6,False,evaluation
S1-518564065,US,6,False,tuning
S1-518579459,US,3,False,tuning
S1-51865922,US,5,False,tuning
S1-51873332,US,0,True,evaluation
S1-518811870,US,3,False,tuning
S1-518823350,US,4,False,evaluation
S1-518869475,India,3,False,evaluation
S1-518886126,US,2,False,evaluation
S1-518902473,US,4,False,evaluation
S1-518910735,US,4,False,evaluation
S1-518963657,US,1,False,tuning
S1-518971134,India,3,False,tuning
S1-518988416,India,1,False,evaluation
S1-51901344,US,7,False,evaluation
S1-519017925,US,6,False,evaluation
S1-519019212,US,4,False,tuning
S1-519051809,US,5,False,tuning
S1-519093560,India,5,False,tuning
S1-519126342,US,2,False,evaluation
S1-519163068,India,6,False,tuning
S1-519178141,India,1,False,tuning
S1-519205378,US,3,False,evaluation
S1-519205953,India,3,False,evaluation
S1-519260410,US,6,False,tuning
S1-51927022,US,3,False,evaluation
S1-519303991,India,2,False,tuning
S1-519307123,US,3,False,evaluation
S1-519341426,US,3,False,tuning
S1-519426844,US,1,False,evaluation
S1-519527077,US,5,False,evaluation
S1-51953481,India,2,False,evaluation
S1-519553956,US,3,False,evaluation
S1-519620862,India,3,False,evaluation
S1-519656611,US,3,False,evaluation
S1-519658318,India,1,False,evaluation
S1-519660774,India,3,False,evaluation
S1-519674120,US,1,False,tuning
S1-519683408,India,6,False,tuning
S1-519746399,US,3,False,tuning
S1-519779871,US,6,False,evaluation
S1-519865404,US,1,False,evaluation
S1-520092676,India,3,False,evaluation
S1-520103019,US,0,True,tuning
S1-520141434,US,2,False,tuning
S1-520178673,India,3,False,tuning
S1-520306730,US,3,False,tuning
S1-520316747,US,3,False,tuning
S1-520339595,US,3,False,evaluation
S1-520340617,India,4,False,evaluation
S1-520412269,India,8,False,tuning
S1-520461561,US,3,False,tuning
S1-520464076,US,6,False,tuning
S1-520578128,US,4,False,evaluation
S1-520578486,US,3,False,evaluation
S1-520589661,India,3,False,tuning
S1-520599902,US,2,False,evaluation
S1-520762076,US,8,False,evaluation
S1-520780206,India,4,False,tuning
S1-520809405,India,3,False,tuning
S1-520842451,US,4,False,evaluation
S1-520855606,India,0,True,evaluation
S1-520873306,India,2,False,tuning
S1-520949409,US,2,False,evaluation
S1-520952415,India,3,False,evaluation
S1-521079192,India,3,False,tuning
S1-521090041,US,1,False,tuning
S1-521152020,US,3,False,evaluation
S1-521260783,India,0,True,tuning
S1-521263684,US,5,False,evaluation
S1-521280545,US,3,False,tuning
S1-521349386,India,3,False,evaluation
S1-521351452,US,1,False,evaluation
S1-521362896,US,5,False,evaluation
S1-521435675,India,3,False,tuning
S1-521441858,US,8,False,evaluation
S1-521464972,India,4,False,evaluation
S1-521533478,US,4,False,evaluation
S1-521544363,US,5,False,tuning
S1-521547963,US,5,False,evaluation
S1-521556756,US,5,False,evaluation
S1-521558488,US,2,False,evaluation
S1-521570960,India,3,False,evaluation
S1-521631253,US,4,False,tuning
S1-521641197,US,3,False,evaluation
S1-521650636,US,4,False,evaluation
S1-521679853,India,5,False,tuning
S1-52170553,US,3,False,evaluation
S1-521782533,India,2,False,evaluation
S1-521789609,India,6,False,evaluation
S1-521793118,US,4,False,evaluation
S1-521874112,India,6,False,evaluation
S1-52191648,India,7,False,tuning
S1-521965565,India,3,False,tuning
S1-522017122,US,3,False,tuning
S1-522213531,US,3,False,evaluation
S1-522364359,India,2,False,evaluation
S1-522373450,US,3,False,evaluation
S1-522402846,US,6,False,tuning
S1-522415085,US,6,False,tuning
S1-522447074,India,2,False,evaluation
S1-522461444,India,2,False,evaluation
S1-522480387,US,3,False,tuning
S1-522558165,India,3,False,evaluation
S1-522636982,US,4,False,evaluation
S1-522693388,US,3,False,tuning
S1-522740805,India,4,False,evaluation
S1-522746513,India,4,False,evaluation
S1-522782608,India,0,True,evaluation
S1-522797208,US,2,False,tuning
S1-522895719,India,5,False,evaluation
S1-522915067,US,6,False,evaluation
S1-522925958,US,5,False,evaluation
S1-522991887,India,3,False,evaluation
S1-523005945,US,2,False,evaluation
S1-523017219,India,2,False,tuning
S1-523020572,US,7,False,tuning
S1-523035722,US,4,False,evaluation
S1-523049920,US,3,False,tuning
S1-523097078,US,4,False,tuning
S1-523179841,India,1,False,evaluation
S1-523316229,US,3,False,tuning
S1-523323166,US,2,False,evaluation
S1-523358332,US,1,False,evaluation
S1-523361259,India,3,False,evaluation
S1-523382716,India,8,False,evaluation
S1-523419570,India,3,False,evaluation
S1-523446457,US,4,False,evaluation
S1-523484058,India,2,False,evaluation
S1-523504655,US,4,False,tuning
S1-523528288,US,4,False,evaluation
S1-523577516,India,7,False,evaluation
S1-5236789,US,0,True,evaluation
S1-523723105,US,2,False,tuning
S1-523762276,US,4,False,evaluation
S1-523961377,US,2,False,evaluation
S1-524019424,India,4,False,tuning
S1-524034834,India,6,False,tuning
S1-524072186,India,3,False,evaluation
S1-524141435,India,5,False,evaluation
S1-524167611,India,4,False,tuning
S1-524214815,India,1,False,evaluation
S1-524247478,US,4,False,evaluation
S1-524272292,US,2,False,evaluation
S1-524288339,India,3,False,evaluation
S1-524341593,US,1,False,tuning
S1-524404626,India,7,False,tuning
S1-524411758,US,2,False,evaluation
S1-524438968,US,0,True,tuning
S1-524498955,US,2,False,evaluation
S1-524533317,India,4,False,evaluation
S1-524668125,India,5,False,evaluation
S1-524711936,US,5,False,tuning
S1-524760397,US,4,False,evaluation
S1-524783274,US,2,False,evaluation
S1-524822545,US,3,False,evaluation
S1-524842853,US,3,False,evaluation
S1-524852963,US,3,False,tuning
S1-524927254,India,0,True,tuning
S1-524930531,US,0,True,tuning
S1-525035645,India,6,False,evaluation
S1-525059700,US,6,False,evaluation
S1-525072374,US,0,True,evaluation
S1-525230857,US,4,False,tuning
S1-525274656,US,4,False,tuning
S1-525316763,US,7,False,evaluation
S1-525337281,India,6,False,evaluation
S1-525339139,India,2,False,evaluation
S1-525372212,India,7,False,evaluation
S1-525415901,US,3,False,evaluation
S1-525595747,India,6,False,tuning
S1-525614905,US,3,False,tuning
S1-525663482,US,4,False,evaluation
S1-52572834,US,3,False,evaluation
S1-52586964,US,3,False,evaluation
S1-525912835,India,2,False,evaluation
S1-525927764,India,4,False,evaluation
S1-525932837,US,2,False,evaluation
S1-52593743,US,5,False,evaluation
S1-526090255,US,6,False,evaluation
S1-526159285,India,2,False,tuning
S1-526192345,India,4,False,evaluation
S1-526268418,India,4,False,evaluation
S1-526284440,US,4,False,evaluation
S1-526299649,India,4,False,evaluation
S1-526310018,US,3,False,evaluation
S1-526366343,India,3,False,tuning
S1-526375640,India,5,False,tuning
S1-526381140,US,3,False,tuning
S1-526532425,US,3,False,tuning
S1-526609957,US,3,False,evaluation
S1-526610489,US,0,True,evaluation
S1-526632358,India,5,False,tuning
S1-52666944,India,5,False,tuning
S1-526675139,US,0,True,tuning
S1-526679123,India,3,False,evaluation
S1-526685995,US,2,False,evaluation
S1-526700907,India,3,False,evaluation
S1-526781336,US,5,False,tuning
S1-526911632,India,3,False,evaluation
S1-526955963,US,4,False,tuning
S1-52712365,India,2,False,tuning
S1-527220147,US,5,False,tuning
S1-527223296,US,3,False,tuning
S1-527365837,US,4,False,tuning
S1-527401614,India,2,False,tuning
S1-527437352,India,3,False,evaluation
S1-527474950,US,2,False,tuning
S1-527482804,India,3,False,tuning
S1-527499084,US,4,False,evaluation
S1-527541727,US,5,False,evaluation
S1-527554222,US,5,False,evaluation
S1-527559875,India,5,False,evaluation
S1-527584850,India,2,False,tuning
S1-527628216,US,8,False,tuning
S1-527684159,US,3,False,evaluation
S1-527688744,India,3,False,evaluation
S1-527709440,US,4,False,evaluation
S1-527764597,India,2,False,tuning
S1-527826854,India,7,False,evaluation
S1-527878296,India,2,False,evaluation
S1-527912609,India,5,False,evaluation
S1-527923469,US,4,False,tuning
S1-527943950,US,6,False,tuning
S1-528038666,US,2,False,tuning
S1-528084967,India,3,False,evaluation
S1-528117121,US,3,False,tuning
S1-528133126,India,4,False,evaluation
S1-528177512,US,4,False,evaluation
S1-528190251,US,2,False,tuning
S1-528316678,India,4,False,tuning
S1-528397698,US,5,False,evaluation
S1-528404495,India,5,False,evaluation
S1-528442634,US,0,True,tuning
S1-528499528,India,4,False,tuning
S1-528525965,US,5,False,tuning
S1-528560092,US,6,False,evaluation
S1-52859935,US,3,False,evaluation
S1-528665592,US,8,False,evaluation
S1-528684507,US,3,False,evaluation
S1-528689001,India,5,False,evaluation
S1-528771756,India,0,True,evaluation
S1-528787628,US,4,False,evaluation
S1-528850534,US,2,False,evaluation
S1-528901286,India,5,False,tuning
S1-528923950,US,4,False,evaluation
S1-528974179,US,4,False,evaluation
S1-529019136,US,1,False,tuning
S1-529095677,US,2,False,tuning
S1-529119156,India,4,False,evaluation
S1-529149813,India,4,False,evaluation
S1-529156861,US,2,False,evaluation
S1-52921758,US,2,False,evaluation
S1-529219570,India,4,False,tuning
S1-529228225,India,2,False,evaluation
S1-529439972,US,5,False,evaluation
S1-529576081,US,4,False,tuning
S1-529576297,US,2,False,tuning
S1-529599032,US,4,False,tuning
S1-529599137,India,2,False,tuning
S1-529608319,US,2,False,tuning
S1-529683926,India,4,False,tuning
S1-52980887,India,5,False,tuning
S1-529891305,US,3,False,evaluation
S1-529950218,US,3,False,evaluation
S1-529984632,US,4,False,evaluation
S1-529986253,US,2,False,tuning
S1-529995755,US,3,False,evaluation
S1-530083497,US,4,False,evaluation
S1-530086949,India,2,False,tuning
S1-530116835,India,6,False,evaluation
S1-530188481,India,3,False,evaluation
S1-530237587,US,2,False,tuning
S1-53024552,US,5,False,tuning
S1-530250055,US,2,False,evaluation
S1-53034506,US,0,True,evaluation
S1-530346947,US,6,False,evaluation
S1-530498691,US,4,False,evaluation
S1-530504842,US,0,True,evaluation
S1-53063721,US,5,False,evaluation
S1-530878502,US,0,True,tuning
S1-530886903,India,2,False,evaluation
S1-530986243,India,1,False,evaluation
S1-531006315,US,3,False,evaluation
S1-531118356,US,6,False,tuning
S1-531136752,India,4,False,evaluation
S1-53115155,India,3,False,tuning
S1-531160015,India,3,False,evaluation
S1-531162571,India,4,False,evaluation
S1-5311930,US,6,False,tuning
S1-53123274,India,2,False,evaluation
S1-531248888,US,3,False,evaluation
S1-531249440,India,5,False,evaluation
S1-531268470,US,3,False,evaluation
S1-531272766,US,5,False,evaluation
S1-531344164,US,4,False,tuning
S1-531412220,India,5,False,evaluation
S1-53144522,US,2,False,evaluation
S1-531476391,US,5,False,evaluation
S1-531485889,India,4,False,evaluation
S1-531561885,US,6,False,tuning
S1-531586219,US,2,False,tuning
S1-53174984,US,3,False,evaluation
S1-531794198,US,4,False,evaluation
S1-531872460,India,3,False,evaluation
S1-531881330,US,2,False,evaluation
S1-532062963,India,3,False,evaluation
S1-532067062,India,3,False,tuning
S1-532135828,US,4,False,evaluation
S1-532184916,India,7,False,evaluation
S1-532229848,US,3,False,tuning
S1-532248325,US,1,False,tuning
S1-532255963,India,4,False,evaluation
S1-532277524,US,3,False,tuning
S1-532324957,US,5,False,evaluation
S1-532335362,India,6,False,evaluation
S1-532407597,India,4,False,evaluation
S1-53246404,India,0,True,evaluation
S1-532543756,India,0,True,tuning
S1-532682945,India,6,False,evaluation
S1-532691812,US,5,False,evaluation
S1-532941478,India,2,False,evaluation
S1-532956908,US,3,False,evaluation
S1-532959589,US,6,False,evaluation
S1-532998186,India,3,False,evaluation
S1-533030190,India,1,False,evaluation
S1-533049130,US,6,False,evaluation
S1-533150772,US,6,False,tuning
S1-533240321,US,3,False,evaluation
S1-533276683,US,3,False,evaluation
S1-533297227,US,5,False,evaluation
S1-533365071,US,4,False,evaluation
S1-53337583,India,2,False,evaluation
S1-533437221,US,0,True,tuning
S1-533490377,India,4,False,tuning
S1-533502613,India,4,False,evaluation
S1-533570468,US,3,False,evaluation
S1-53357859,India,0,True,evaluation
S1-53359736,India,1,False,tuning
S1-533704758,India,4,False,tuning
S1-53376368,US,4,False,tuning
S1-533791856,India,4,False,tuning
S1-533834796,US,5,False,evaluation
S1-533853939,US,3,False,tuning
S1-533882239,US,1,False,tuning
S1-533927501,India,5,False,evaluation
S1-533940116,India,4,False,evaluation
S1-534060604,India,2,False,evaluation
S1-534095579,US,3,False,tuning
S1-534134616,US,6,False,tuning
S1-534202893,India,2,False,tuning
S1-534219267,India,3,False,tuning
S1-534221439,US,4,False,evaluation
S1-53427850,India,2,False,evaluation
S1-534317542,India,1,False,evaluation
S1-534320807,US,1,False,evaluation
S1-534333781,India,3,False,evaluation
S1-534382022,US,1,False,tuning
S1-534518095,US,3,False,tuning
S1-534571085,US,1,False,tuning
S1-534591228,US,2,False,tuning
S1-53467986,India,3,False,evaluation
S1-534689022,India,5,False,evaluation
S1-534730761,US,0,True,evaluation
S1-534747206,US,4,False,tuning
S1-534806960,US,3,False,tuning
S1-534823719,US,2,False,tuning
S1-534864907,India,4,False,evaluation
S1-534888945,India,3,False,evaluation
S1-534921508,US,5,False,tuning
S1-53492460,US,3,False,tuning
S1-534938735,US,4,False,evaluation
S1-535004432,India,7,False,evaluation
S1-535022821,US,2,False,evaluation
S1-535033017,US,4,False,evaluation
S1-535110543,US,5,False,evaluation
S1-535140705,India,4,False,evaluation
S1-535144602,US,5,False,tuning
S1-53517811,US,2,False,tuning
S1-535189877,US,1,False,tuning
S1-535269440,US,2,False,evaluation
S1-535316281,US,3,False,tuning
S1-535318137,India,6,False,evaluation
S1-535399013,India,5,False,tuning
S1-535408959,US,3,False,tuning
S1-535467643,US,3,False,tuning
S1-535549223,US,1,False,evaluation
S1-535586817,US,4,False,tuning
S1-535800718,US,3,False,evaluation
S1-535802988,US,6,False,evaluation
S1-535816709,India,3,False,evaluation
S1-535883721,India,2,False,tuning
S1-535894074,India,5,False,evaluation
S1-536001869,US,4,False,evaluation
S1-536101922,US,5,False,tuning
S1-536182273,US,5,False,evaluation
S1-536229772,US,6,False,evaluation
S1-536236740,India,2,False,evaluation
S1-536270657,US,2,False,evaluation
S1-536275644,US,2,False,tuning
S1-536317397,India,4,False,tuning
S1-536395021,US,6,False,evaluation
S1-536441797,US,3,False,tuning
S1-536536372,US,2,False,evaluation
S1-536563041,US,3,False,tuning
S1-536584009,US,5,False,tuning
S1-53661249,India,4,False,evaluation
S1-536657824,US,4,False,evaluation
S1-536711359,US,3,False,tuning
S1-536781411,US,3,False,tuning
S1-53678719,India,5,False,evaluation
S1-536880650,India,5,False,evaluation
S1-53692607,India,8,False,tuning
S1-53700744,US,2,False,tuning
S1-537073372,India,2,False,evaluation
S1-537099058,India,3,False,evaluation
S1-537111863,US,3,False,evaluation
S1-537142337,US,3,False,tuning
S1-537153279,US,3,False,tuning
S1-537185858,India,1,False,evaluation
S1-537234493,US,5,False,evaluation
S1-537256771,India,5,False,evaluation
S1-53725806,US,2,False,tuning
S1-537263225,India,1,False,evaluation
S1-53737984,US,5,False,evaluation
S1-537448231,India,2,False,evaluation
S1-5375248,India,0,True,tuning
S1-537539243,US,3,False,evaluation
S1-537646315,US,2,False,tuning
S1-537737125,US,1,False,evaluation
S1-537755038,India,6,False,tuning
S1-537836157,US,6,False,evaluation
S1-537865349,US,4,False,evaluation
S1-53793473,India,0,True,tuning
S1-537992400,US,7,False,evaluation
S1-537998783,India,2,False,tuning
S1-538012188,India,4,False,evaluation
S1-538015325,US,5,False,tuning
S1-538094161,India,5,False,evaluation
S1-538123834,India,5,False,evaluation
S1-538170833,US,2,False,tuning
S1-538228083,India,4,False,tuning
S1-538231258,US,5,False,evaluation
S1-538237918,US,4,False,tuning
S1-53825275,India,8,False,evaluation
S1-538255935,US,2,False,tuning
S1-538267412,US,6,False,evaluation
S1-538277325,US,4,False,evaluation
S1-538305685,India,5,False,evaluation
S1-538355424,US,3,False,evaluation
S1-538359968,US,4,False,evaluation
S1-538368421,US,4,False,evaluation
S1-538456554,India,5,False,evaluation
S1-53847568,India,4,False,evaluation
S1-538484619,US,4,False,tuning
S1-538487604,India,6,False,tuning
S1-538563856,India,4,False,evaluation
S1-538739412,US,4,False,tuning
S1-538912383,US,5,False,tuning
S1-538960854,US,2,False,evaluation
S1-538967936,US,6,False,tuning
S1-53898759,US,5,False,tuning
S1-538988615,US,1,False,evaluation
S1-539009261,US,4,False,evaluation
S1-539026616,India,3,False,tuning
S1-539054842,US,5,False,evaluation
S1-53909193,US,3,False,evaluation
S1-539114267,US,3,False,tuning
S1-539207024,India,4,False,evaluation
S1-539213945,US,4,False,tuning
S1-539242247,US,2,False,tuning
S1-539258334,US,0,True,evaluation
S1-539260800,US,3,False,tuning
S1-539295424,US,1,False,tuning
S1-539326255,US,3,False,tuning
S1-539349535,US,3,False,tuning
S1-539401789,US,5,False,evaluation
S1-539488991,India,2,False,tuning
S1-5394944,India,4,False,tuning
S1-53953209,India,0,True,evaluation
S1-539551114,India,2,False,evaluation
S1-539631074,US,5,False,tuning
S1-539717040,India,4,False,tuning
S1-539719802,US,4,False,tuning
S1-539747607,India,0,True,tuning
S1-539832967,US,4,False,evaluation
S1-539857868,US,6,False,tuning
S1-539860400,India,1,False,evaluation
S1-539868614,US,0,True,evaluation
S1-539894465,US,2,False,evaluation
S1-539913821,India,5,False,evaluation
S1-539921017,India,0,True,evaluation
S1-539934099,US,2,False,evaluation
S1-539942932,US,5,False,evaluation
S1-539989035,US,3,False,evaluation
S1-540018182,India,3,False,evaluation
S1-540075224,US,3,False,evaluation
S1-540151963,US,3,False,tuning
S1-540153404,India,3,False,evaluation
S1-540204943,US,5,False,evaluation
S1-540248835,US,5,False,evaluation
S1-540263469,US,0,True,tuning
S1-540272534,US,5,False,evaluation
S1-540296389,India,3,False,evaluation
S1-540382018,India,3,False,evaluation
S1-54042279,US,2,False,tuning
S1-54046964,India,4,False,tuning
S1-540482188,India,4,False,evaluation
S1-540485218,US,5,False,tuning
S1-540486702,US,3,False,evaluation
S1-540492997,US,1,False,evaluation
S1-540516701,US,5,False,evaluation
S1-540573789,US,4,False,evaluation
S1-540580692,India,3,False,evaluation
S1-540602215,India,7,False,evaluation
S1-540605972,US,3,False,evaluation
S1-540740851,India,0,True,tuning
S1-540792957,India,2,False,evaluation
S1-540803111,India,4,False,evaluation
S1-540836218,US,6,False,tuning
S1-540849746,US,2,False,evaluation
S1-540856902,US,3,False,tuning
S1-540871926,US,7,False,tuning
S1-541112522,US,0,True,evaluation
S1-541158286,India,3,False,tuning
S1-541160376,US,5,False,tuning
S1-541177561,India,2,False,evaluation
S1-541222237,US,3,False,tuning
S1-541235911,US,5,False,evaluation
S1-541282344,India,6,False,tuning
S1-541306529,US,3,False,evaluation
S1-541313585,US,2,False,evaluation
S1-54139393,India,6,False,tuning
S1-541400833,India,6,False,evaluation
S1-541407389,India,5,False,evaluation
S1-541493886,US,6,False,evaluation
S1-541494721,India,2,False,tuning
S1-541509542,US,4,False,tuning
S1-541534193,US,4,False,evaluation
S1-541631486,US,2,False,evaluation
S1-541719517,India,4,False,evaluation
S1-541751183,India,1,False,tuning
S1-541933646,India,3,False,tuning
S1-541938009,India,3,False,tuning
S1-541956425,India,4,False,evaluation
S1-541990718,US,2,False,evaluation
S1-54203799,US,1,False,evaluation
S1-542075419,US,2,False,evaluation
S1-542082183,US,2,False,evaluation
S1-542089515,US,2,False,evaluation
S1-54211804,US,4,False,evaluation
S1-542161021,India,2,False,tuning
S1-54222091,US,4,False,evaluation
S1-542279764,US,4,False,evaluation
S1-542282953,US,2,False,evaluation
S1-542328999,US,5,False,evaluation
S1-542371711,US,4,False,evaluation
S1-54238438,India,3,False,evaluation
S1-54240768,India,4,False,evaluation
S1-5424303,US,3,False,tuning
S1-542451856,India,3,False,tuning
S1-542488001,US,4,False,evaluation
S1-542495405,India,4,False,tuning
S1-542540887,US,5,False,evaluation
S1-5425618,US,4,False,evaluation
S1-542698417,US,2,False,tuning
S1-542833452,India,4,False,evaluation
S1-542941807,India,3,False,evaluation
S1-543056510,India,4,False,evaluation
S1-543061212,US,2,False,evaluation
S1-543079895,US,0,True,evaluation
S1-54308803,US,6,False,tuning
S1-543135360,India,0,True,tuning
S1-54313731,India,4,False,evaluation
S1-543167235,US,3,False,tuning
S1-543171405,US,4,False,evaluation
S1-543177346,India,2,False,evaluation
S1-543212615,US,7,False,tuning
S1-543259091,US,4,False,evaluation
S1-543311014,US,1,False,evaluation
S1-543317307,US,2,False,evaluation
S1-543371674,US,3,False,evaluation
S1-54354128,US,1,False,evaluation
S1-543558976,US,2,False,tuning
S1-543565500,US,3,False,tuning
S1-543600316,India,1,False,evaluation
S1-543623233,US,0,True,evaluation
S1-543677981,US,1,False,evaluation
S1-543699886,US,5,False,evaluation
S1-543711119,US,4,False,evaluation
S1-54382094,US,3,False,evaluation
S1-543828787,US,3,False,evaluation
S1-543839356,India,7,False,evaluation
S1-54387363,India,6,False,evaluation
S1-543897206,India,6,False,tuning
S1-543913555,US,1,False,evaluation
S1-543927380,India,0,True,evaluation
S1-543966655,US,5,False,tuning
S1-544026538,US,3,False,tuning
S1-544036297,US,4,False,evaluation
S1-54406536,India,2,False,evaluation
S1-544087667,US,2,False,evaluation
S1-544166571,US,5,False,evaluation
S1-544172672,US,5,False,evaluation
S1-544201128,US,4,False,evaluation
S1-544234518,India,2,False,evaluation
S1-544396916,US,0,True,tuning
S1-544440116,US,0,True,evaluation
S1-544458482,US,5,False,tuning
S1-544505287,US,2,False,tuning
S1-54455464,India,2,False,evaluation
S1-544578774,India,1,False,tuning
S1-544594467,US,2,False,tuning
S1-544661181,US,0,True,tuning
S1-54474279,US,4,False,evaluation
S1-544759562,US,1,False,evaluation
S1-544779281,US,4,False,evaluation
S1-544804793,US,2,False,evaluation
S1-544875432,US,2,False,evaluation
S1-544945049,US,0,True,tuning
S1-544983752,US,0,True,evaluation
S1-545004159,US,2,False,evaluation
S1-545011997,US,5,False,tuning
S1-545039608,US,2,False,evaluation
S1-54505586,US,5,False,tuning
S1-545114489,US,3,False,evaluation
S1-54523508,US,5,False,tuning
S1-545401172,India,4,False,tuning
S1-545518564,US,6,False,tuning
S1-545521885,US,4,False,tuning
S1-54554841,US,4,False,evaluation
S1-545567290,US,4,False,tuning
S1-54578590,US,1,False,tuning
S1-545813648,India,2,False,evaluation
S1-545830478,US,4,False,tuning
S1-545891254,US,6,False,tuning
S1-545913116,India,2,False,evaluation
S1-545975674,US,1,False,tuning
S1-546008915,US,2,False,evaluation
S1-546104714,India,3,False,tuning
S1-546145303,India,3,False,tuning
S1-546238215,India,4,False,evaluation
S1-546244479,US,7,False,evaluation
S1-546329843,US,3,False,evaluation
S1-546345328,India,5,False,tuning
S1-546364942,US,4,False,tuning
S1-546411174,US,4,False,tuning
S1-546427578,US,2,False,tuning
S1-546492095,US,2,False,tuning
S1-546541967,US,3,False,evaluation
S1-546543109,US,4,False,evaluation
S1-546642435,India,5,False,evaluation
S1-546707383,India,3,False,evaluation
S1-546733953,US,1,False,tuning
S1-546780582,India,3,False,evaluation
S1-546784724,India,0,True,tuning
S1-54684941,US,5,False,evaluation
S1-546872557,US,4,False,tuning
S1-546890767,India,3,False,tuning
S1-546896307,US,7,False,evaluation
S1-546916034,US,2,False,evaluation
S1-546998473,India,2,False,tuning
S1-547000258,US,3,False,tuning
S1-547038147,India,0,True,evaluation
S1-547040019,India,2,False,evaluation
S1-547058905,US,0,True,tuning
S1-547070767,India,4,False,evaluation
S1-547102005,US,1,False,tuning
S1-547173833,US,4,False,evaluation
S1-547258190,US,4,False,evaluation
S1-547271631,US,4,False,evaluation
S1-547361512,US,5,False,evaluation
S1-547426636,US,3,False,evaluation
S1-547511072,India,1,False,evaluation
S1-547558950,US,1,False,evaluation
S1-547598959,India,5,False,evaluation
S1-547600431,US,4,False,evaluation
S1-5476215,India,2,False,evaluation
S1-547622936,India,2,False,tuning
S1-547628842,US,3,False,tuning
S1-547760087,US,2,False,evaluation
S1-547824427,US,4,False,evaluation
S1-547835841,US,5,False,tuning
S1-547867606,India,2,False,tuning
S1-547874897,India,7,False,tuning
S1-547893752,India,2,False,evaluation
S1-547962142,US,3,False,tuning
S1-54800249,US,6,False,evaluation
S1-548005666,US,1,False,tuning
S1-548155781,India,4,False,evaluation
S1-548175198,US,5,False,tuning
S1-548220905,India,4,False,evaluation
S1-548225782,US,3,False,evaluation
S1-548294840,US,3,False,evaluation
S1-548447729,India,4,False,tuning
S1-548451931,US,0,True,tuning
S1-548562679,US,4,False,evaluation
S1-548570276,US,4,False,evaluation
S1-5486484,US,2,False,evaluation
S1-548687090,India,2,False,evaluation
S1-548692546,India,3,False,evaluation
S1-548733792,US,6,False,evaluation
S1-54877267,US,2,False,tuning
S1-548931543,US,3,False,evaluation
S1-54898379,India,4,False,evaluation
S1-549032816,India,4,False,evaluation
S1-549082334,India,1,False,evaluation
S1-549083796,US,3,False,tuning
S1-549165001,US,2,False,evaluation
S1-549313473,US,1,False,evaluation
S1-549365066,US,6,False,tuning
S1-549466849,India,2,False,evaluation
S1-549506654,US,4,False,evaluation
S1-549529621,India,5,False,evaluation
S1-549608257,US,6,False,tuning
S1-549677417,US,3,False,evaluation
S1-549714878,US,1,False,evaluation
S1-54981600,US,3,False,tuning
S1-54984932,US,2,False,evaluation
S1-549866412,India,4,False,tuning
S1-549877048,US,4,False,tuning
S1-549922704,US,1,False,evaluation
S1-549947383,US,2,False,evaluation
S1-550054589,India,5,False,evaluation
S1-550079440,India,1,False,evaluation
S1-550129131,US,3,False,tuning
S1-550374952,India,6,False,tuning
S1-55037806,India,0,True,evaluation
S1-5504254,India,4,False,tuning
S1-550425936,India,3,False,evaluation
S1-550461653,US,4,False,tuning
S1-550521677,India,4,False,tuning
S1-550538166,US,4,False,tuning
S1-550613510,India,5,False,tuning
S1-550626038,US,6,False,tuning
S1-550635741,US,2,False,tuning
S1-550695511,US,6,False,evaluation
S1-5507420,US,3,False,evaluation
S1-550831988,US,2,False,evaluation
S1-550846544,India,4,False,tuning
S1-550858060,US,0,True,evaluation
S1-550878680,India,4,False,tuning
S1-550890226,India,5,False,tuning
S1-550895879,US,6,False,evaluation
S1-550936791,India,2,False,tuning
S1-551008689,India,5,False,evaluation
S1-551100866,US,3,False,evaluation
S1-551216010,US,2,False,evaluation
S1-551413800,US,6,False,evaluation
S1-551428496,India,2,False,tuning
S1-55148941,India,1,False,evaluation
S1-551494145,US,5,False,evaluation
S1-551504618,US,4,False,evaluation
S1-551513822,US,4,False,evaluation
S1-551624062,US,6,False,evaluation
S1-551634991,US,3,False,evaluation
S1-551655074,US,4,False,evaluation
S1-551718366,India,5,False,evaluation
S1-551798471,India,9,False,evaluation
S1-551847799,US,6,False,evaluation
S1-551903202,US,3,False,tuning
S1-551988845,India,7,False,tuning
S1-551992168,US,3,False,evaluation
S1-552039744,India,2,False,evaluation
S1-552046082,US,5,False,evaluation
S1-552122356,US,0,True,tuning
S1-552138356,US,7,False,evaluation
S1-552316245,India,2,False,evaluation
S1-552352908,US,2,False,tuning
S1-552355817,India,3,False,evaluation
S1-552389094,India,5,False,tuning
S1-55240238,US,0,True,tuning
S1-552437382,US,3,False,tuning
S1-552440481,US,2,False,evaluation
S1-552472809,India,2,False,evaluation
S1-552603252,US,3,False,tuning
S1-552642825,US,4,False,tuning
S1-552702270,US,3,False,tuning
S1-552742810,US,4,False,tuning
S1-552751325,US,2,False,evaluation
S1-552767467,India,2,False,evaluation
S1-55280208,India,8,False,evaluation
S1-552812584,US,1,False,evaluation
S1-552885385,US,5,False,tuning
S1-553033152,US,6,False,evaluation
S1-553033990,US,5,False,tuning
S1-553069544,India,1,False,tuning
S1-553083301,US,2,False,tuning
S1-553100510,US,7,False,evaluation
S1-553141504,India,9,False,evaluation
S1-553220857,US,7,False,evaluation
S1-553266804,India,3,False,evaluation
S1-553294437,India,3,False,tuning
S1-553297552,India,4,False,evaluation
S1-553320081,US,6,False,tuning
S1-553393123,US,3,False,tuning
S1-553436860,US,2,False,tuning
S1-553480902,India,0,True,evaluation
S1-55354636,US,0,True,evaluation
S1-55356044,India,4,False,tuning
S1-553598294,US,4,False,evaluation
S1-553620075,India,6,False,evaluation
S1-55363775,US,5,False,evaluation
S1-553655634,US,2,False,tuning
S1-553699982,India,2,False,tuning
S1-553751868,India,3,False,evaluation
S1-553797866,US,1,False,tuning
S1-553813993,India,1,False,evaluation
S1-553873476,US,2,False,evaluation
S1-553953714,US,7,False,evaluation
S1-553956203,India,3,False,tuning
S1-554243005,US,4,False,evaluation
S1-554268184,US,4,False,tuning
S1-554370083,US,2,False,tuning
S1-554462737,US,4,False,evaluation
S1-554472652,US,4,False,tuning
S1-554483661,India,3,False,evaluation
S1-554517818,US,5,False,evaluation
S1-55454883,India,3,False,tuning
S1-554630167,US,1,False,tuning
S1-55468252,India,2,False,evaluation
S1-554872053,US,3,False,tuning
S1-554875730,US,0,True,evaluation
S1-554958280,India,1,False,evaluation
S1-555108659,US,3,False,evaluation
S1-555193426,US,3,False,tuning
S1-555211236,India,5,False,tuning
S1-555270899,US,5,False,evaluation
S1-555301057,US,3,False,evaluation
S1-555315549,US,1,False,evaluation
S1-555384570,India,5,False,tuning
S1-555414843,India,3,False,tuning
S1-555436384,US,5,False,tuning
S1-55548334,India,4,False,evaluation
S1-555627075,India,4,False,tuning
S1-555637637,India,4,False,tuning
S1-555681434,US,3,False,evaluation
S1-555755707,India,7,False,tuning
S1-555790459,US,5,False,tuning
S1-555808193,US,5,False,evaluation
S1-555846665,India,5,False,evaluation
S1-55590573,US,2,False,evaluation
S1-556061067,US,4,False,evaluation
S1-556158107,US,4,False,tuning
S1-55616379,US,4,False,evaluation
S1-556228489,US,3,False,evaluation
S1-55625716,US,4,False,evaluation
S1-556310487,US,2,False,evaluation
S1-556332304,US,4,False,tuning
S1-556368452,India,2,False,tuning
S1-556380000,US,0,True,evaluation
S1-556410837,US,6,False,evaluation
S1-556463614,US,2,False,evaluation
S1-556620117,US,4,False,tuning
S1-556631421,US,3,False,tuning
S1-556792896,US,4,False,evaluation
S1-5568363,US,4,False,evaluation
S1-556878447,India,0,True,evaluation
S1-556917468,India,2,False,evaluation
S1-556949310,India,4,False,evaluation
S1-556980013,India,5,False,tuning
S1-556991596,US,1,False,evaluation
S1-557002575,US,3,False,tuning
S1-557149533,India,4,False,evaluation
S1-557152287,US,3,False,evaluation
S1-557165735,US,4,False,tuning
S1-557286970,US,4,False,tuning
S1-557296896,India,3,False,evaluation
S1-557304432,India,4,False,tuning
S1-557319843,India,3,False,evaluation
S1-557326149,India,2,False,tuning
S1-557364382,US,5,False,tuning
S1-557404001,India,7,False,tuning
S1-557536676,US,4,False,evaluation
S1-557576094,US,0,True,tuning
S1-55760763,India,5,False,evaluation
S1-557634122,US,4,False,tuning
S1-557754412,India,3,False,evaluation
S1-557806091,India,3,False,evaluation
S1-557931744,US,4,False,evaluation
S1-557948971,US,5,False,tuning
S1-558005444,India,5,False,evaluation
S1-558016561,India,3,False,tuning
S1-558028523,India,4,False,tuning
S1-558032002,US,0,True,tuning
S1-558106252,US,7,False,evaluation
S1-558157055,India,5,False,tuning
S1-558207778,India,3,False,tuning
S1-558316539,India,3,False,evaluation
S1-558352476,US,3,False,tuning
S1-558376534,India,3,False,tuning
S1-558413030,India,2,False,evaluation
S1-558420102,India,2,False,evaluation
S1-558483769,US,3,False,tuning
S1-558526247,India,7,False,evaluation
S1-558531082,US,3,False,evaluation
S1-558543126,US,3,False,evaluation
S1-55854565,US,3,False,tuning
S1-558609583,US,5,False,tuning
S1-558645941,US,3,False,tuning
S1-55879899,India,2,False,evaluation
S1-55883216,India,3,False,tuning
S1-558882643,US,3,False,tuning
S1-558945129,India,2,False,tuning
S1-558975767,India,3,False,tuning
S1-559003934,India,1,False,evaluation
S1-559038575,US,5,False,evaluation
S1-559050246,India,3,False,tuning
S1-559111956,US,4,False,evaluation
S1-559139008,India,0,True,tuning
S1-55928643,US,8,False,tuning
S1-559393697,US,0,True,evaluation
S1-559419833,India,1,False,evaluation
S1-559464646,US,4,False,tuning
S1-559627007,India,3,False,evaluation
S1-559696165,US,3,False,tuning
S1-559723638,US,6,False,evaluation
S1-559743909,US,4,False,tuning
S1-559802965,US,3,False,tuning
S1-5598387,India,2,False,evaluation
S1-559846766,US,3,False,tuning
S1-559920328,India,6,False,tuning
S1-559939248,US,7,False,tuning
S1-559948325,US,2,False,evaluation
S1-559975230,India,4,False,evaluation
S1-560043366,India,3,False,evaluation
S1-560063156,US,0,True,evaluation
S1-560068612,US,4,False,tuning
S1-560182421,US,5,False,tuning
S1-560204291,India,4,False,evaluation
S1-560290372,US,3,False,evaluation
S1-560311043,US,4,False,tuning
S1-560567031,India,4,False,tuning
S1-560573065,US,5,False,evaluation
S1-56066317,India,2,False,tuning
S1-560757554,US,3,False,tuning
S1-560764189,US,1,False,evaluation
S1-560827847,India,4,False,evaluation
S1-560915301,US,4,False,tuning
S1-560997246,India,3,False,evaluation
S1-561032247,US,4,False,tuning
S1-561073327,US,5,False,evaluation
S1-561093969,India,4,False,evaluation
S1-561094458,India,6,False,tuning
S1-561150656,India,1,False,evaluation
S1-561159805,US,5,False,tuning
S1-561176412,India,6,False,tuning
S1-561211342,US,4,False,evaluation
S1-561218440,US,4,False,tuning
S1-561221872,US,4,False,tuning
S1-561270521,India,3,False,tuning
S1-561331585,India,0,True,evaluation
S1-561551877,US,4,False,tuning
S1-561559199,US,4,False,evaluation
S1-56159257,India,5,False,evaluation
S1-561600075,US,2,False,evaluation
S1-561641202,US,8,False,tuning
S1-561663326,US,3,False,tuning
S1-561745776,US,3,False,tuning
S1-561761923,India,6,False,evaluation
S1-561801672,US,4,False,evaluation
S1-561876128,India,2,False,evaluation
S1-561974186,US,4,False,evaluation
S1-562004256,US,5,False,tuning
S1-562012209,US,5,False,tuning
S1-562052005,India,5,False,evaluation
S1-562060038,India,4,False,evaluation
S1-562155757,US,6,False,evaluation
S1-562181665,India,4,False,evaluation
S1-562187375,India,6,False,evaluation
S1-562243892,India,2,False,evaluation
S1-562306526,India,3,False,evaluation
S1-562344156,US,2,False,tuning
S1-562360992,US,6,False,evaluation
S1-562527401,US,6,False,tuning
S1-562530886,India,4,False,evaluation
S1-562570397,US,3,False,tuning
S1-562570994,US,2,False,tuning
S1-562804226,US,3,False,evaluation
S1-562824189,US,2,False,evaluation
S1-562833646,India,3,False,evaluation
S1-562845299,US,5,False,evaluation
S1-562856746,India,6,False,evaluation
S1-562885987,US,2,False,evaluation
S1-562919036,US,4,False,tuning
S1-562938384,India,5,False,tuning
S1-56297718,US,7,False,tuning
S1-563073325,US,4,False,tuning
S1-563122650,US,4,False,evaluation
S1-563146775,India,4,False,evaluation
S1-563151919,US,0,True,evaluation
S1-563175798,US,2,False,evaluation
S1-563178896,US,3,False,evaluation
S1-563215633,US,0,True,evaluation
S1-563269553,India,2,False,evaluation
S1-563375251,US,3,False,evaluation
S1-563409252,US,4,False,evaluation
S1-563442967,US,3,False,tuning
S1-563467408,US,4,False,evaluation
S1-563685845,US,3,False,evaluation
S1-563688959,US,2,False,tuning
S1-56369002,India,4,False,evaluation
S1-563784959,India,3,False,tuning
S1-563792395,US,5,False,evaluation
S1-563813352,US,2,False,evaluation
S1-563826375,India,4,False,tuning
S1-563873186,US,5,False,evaluation
S1-564054152,US,5,False,evaluation
S1-564136184,US,4,False,tuning
S1-564151582,India,4,False,evaluation
S1-564190319,US,4,False,evaluation
S1-56422226,US,3,False,evaluation
S1-564232825,US,0,True,tuning
S1-564239028,US,3,False,evaluation
S1-564255411,India,6,False,tuning
S1-564279103,US,3,False,tuning
S1-564317506,US,6,False,evaluation
S1-564356812,India,4,False,evaluation
S1-56436840,India,2,False,evaluation
S1-56444527,US,3,False,evaluation
S1-564475954,US,3,False,tuning
S1-56458607,US,5,False,evaluation
S1-564696590,India,3,False,tuning
S1-564750151,India,2,False,evaluation
S1-564758683,India,3,False,evaluation
S1-564767091,India,0,True,tuning
S1-564833054,India,2,False,tuning
S1-564951545,India,4,False,tuning
S1-564962613,India,6,False,evaluation
S1-565003092,India,3,False,tuning
S1-565020420,US,6,False,tuning
S1-565025141,US,3,False,evaluation
S1-565173617,India,4,False,evaluation
S1-565204911,US,4,False,tuning
S1-565230114,US,2,False,evaluation
S1-565259132,US,4,False,tuning
S1-565267050,US,3,False,evaluation
S1-565289638,US,3,False,tuning
S1-56535989,US,3,False,evaluation
S1-565420423,US,2,False,evaluation
S1-565576956,US,3,False,evaluation
S1-565751316,India,2,False,evaluation
S1-565761561,India,3,False,evaluation
S1-565826452,India,4,False,evaluation
S1-56585886,India,5,False,tuning
S1-565906007,US,3,False,tuning
S1-565917075,India,3,False,tuning
S1-565939310,US,8,False,evaluation
S1-565963328,US,4,False,evaluation
S1-565982751,US,7,False,evaluation
S1-566006897,India,1,False,evaluation
S1-56601638,India,3,False,tuning
S1-566101766,US,2,False,evaluation
S1-566123083,India,4,False,tuning
S1-566141819,US,0,True,tuning
S1-56620696,US,3,False,tuning
S1-566282929,US,6,False,evaluation
S1-566285485,US,3,False,tuning
S1-56629327,US,3,False,evaluation
S1-566469797,US,5,False,tuning
S1-566474675,US,3,False,evaluation
S1-566534145,US,4,False,evaluation
S1-566564456,US,6,False,evaluation
S1-566580763,US,2,False,evaluation
S1-566659031,US,2,False,evaluation
S1-566710464,US,4,False,evaluation
S1-566722568,India,8,False,evaluation
S1-566768191,India,2,False,evaluation
S1-566783321,India,2,False,tuning
S1-566846453,India,2,False,tuning
S1-566884730,US,3,False,evaluation
S1-566917738,India,2,False,evaluation
S1-566942948,India,3,False,tuning
S1-567028230,US,4,False,tuning
S1-567028743,US,4,False,tuning
S1-567048063,India,2,False,evaluation
S1-567270013,US,6,False,evaluation
S1-567297007,US,5,False,evaluation
S1-567298344,US,2,False,evaluation
S1-567305259,US,3,False,tuning
S1-567446564,US,3,False,evaluation
S1-56747161,India,4,False,evaluation
S1-567487371,US,6,False,tuning
S1-567494394,India,7,False,tuning
S1-56751126,US,3,False,evaluation
S1-567646611,US,2,False,evaluation
S1-567669144,US,1,False,tuning
S1-567737748,US,5,False,evaluation
S1-567743965,US,1,False,evaluation
S1-567834116,US,8,False,tuning
S1-567863360,US,4,False,evaluation
S1-568024600,US,3,False,tuning
S1-568027512,US,5,False,tuning
S1-568037141,India,6,False,evaluation
S1-568054453,US,3,False,tuning
S1-568056726,India,3,False,tuning
S1-568122769,US,4,False,tuning
S1-568199883,US,6,False,tuning
S1-568217821,India,5,False,evaluation
S1-568226033,US,7,False,evaluation
S1-568262604,India,3,False,evaluation
S1-568338392,US,4,False,evaluation
S1-568507658,US,4,False,tuning
S1-568608792,US,6,False,tuning
S1-568673415,India,1,False,evaluation
S1-569006322,US,4,False,evaluation
S1-569018414,US,5,False,evaluation
S1-569024860,India,3,False,evaluation
S1-569073688,India,4,False,evaluation
S1-569082598,US,5,False,tuning
S1-569141108,US,4,False,tuning
S1-569149790,US,5,False,evaluation
S1-569158628,US,3,False,tuning
S1-569159426,US,4,False,tuning
S1-569180404,US,3,False,tuning
S1-569213464,India,2,False,evaluation
S1-569253892,India,3,False,tuning
S1-569270534,US,4,False,tuning
S1-569300406,US,6,False,evaluation
S1-569380670,US,5,False,evaluation
S1-569448329,US,2,False,evaluation
S1-569450819,US,3,False,evaluation
S1-569470894,India,5,False,tuning
S1-569496535,US,2,False,tuning
S1-569507658,India,2,False,tuning
S1-569535373,US,0,True,evaluation
S1-569584193,US,2,False,evaluation
S1-569612718,US,2,False,evaluation
S1-569658056,US,4,False,evaluation
S1-569680730,US,3,False,evaluation
S1-569754906,US,4,False,tuning
S1-569897681,US,4,False,evaluation
S1-5699040,India,1,False,evaluation
S1-569948167,India,3,False,evaluation
S1-569959636,US,4,False,evaluation
S1-569976285,India,4,False,tuning
S1-569987423,India,3,False,evaluation
S1-570009959,India,6,False,tuning
S1-570053056,India,6,False,evaluation
S1-570077388,US,0,True,evaluation
S1-570084572,US,1,False,tuning
S1-570113987,US,3,False,tuning
S1-570153849,US,7,False,evaluation
S1-570164087,US,5,False,evaluation
S1-570249566,India,5,False,tuning
S1-570323107,India,3,False,tuning
S1-570330505,US,4,False,tuning
S1-570351672,India,3,False,tuning
S1-57040468,US,4,False,tuning
S1-57043008,US,6,False,evaluation
S1-570488564,US,3,False,evaluation
S1-570536569,India,6,False,evaluation
S1-570583864,India,2,False,tuning
S1-570619129,US,2,False,evaluation
S1-570634326,India,3,False,evaluation
S1-570641023,US,2,False,evaluation
S1-570683794,India,3,False,evaluation
S1-570725522,India,6,False,evaluation
S1-570729636,US,5,False,evaluation
S1-570740239,US,2,False,tuning
S1-570965046,India,8,False,evaluation
S1-571029938,India,8,False,tuning
S1-571084046,US,5,False,tuning
S1-571089776,US,3,False,evaluation
S1-571126844,India,3,False,evaluation
S1-571181619,India,2,False,tuning
S1-571209453,India,3,False,evaluation
S1-571261387,India,5,False,evaluation
S1-571269849,US,4,False,tuning
S1-571345215,India,4,False,tuning
S1-571394420,India,2,False,evaluation
S1-571469364,India,3,False,evaluation
S1-571494647,India,4,False,tuning
S1-571556316,India,5,False,tuning
S1-571749170,US,6,False,evaluation
S1-571767211,India,0,True,evaluation
S1-571777559,India,2,False,evaluation
S1-571863681,India,1,False,tuning
S1-571892518,India,3,False,tuning
S1-571915227,US,0,True,tuning
S1-571950564,US,4,False,tuning
S1-57199524,India,3,False,evaluation
S1-572022269,US,2,False,evaluation
S1-572030938,India,6,False,evaluation
S1-572069715,US,0,True,tuning
S1-572077867,US,5,False,tuning
S1-572168279,India,4,False,evaluation
S1-572225422,US,1,False,tuning
S1-57223847,US,4,False,evaluation
S1-572294309,US,4,False,evaluation
S1-572307989,India,2,False,evaluation
S1-572340045,India,2,False,evaluation
S1-572342365,US,6,False,tuning
S1-572371521,US,2,False,tuning
S1-572405170,India,0,True,evaluation
S1-572437455,India,2,False,evaluation
S1-572539201,US,2,False,tuning
S1-572579676,US,3,False,tuning
S1-572594181,US,2,False,tuning
S1-572639282,US,4,False,evaluation
S1-572783143,US,3,False,evaluation
S1-572785972,India,2,False,evaluation
S1-572833446,US,3,False,tuning
S1-572852710,India,5,False,tuning
S1-572874509,US,1,False,tuning
S1-572902871,India,1,False,evaluation
S1-572986789,India,3,False,evaluation
S1-57303638,US,6,False,evaluation
S1-573160658,US,4,False,evaluation
S1-573163408,India,6,False,evaluation
S1-573178202,US,3,False,evaluation
S1-57318409,US,3,False,tuning
S1-573189320,US,3,False,evaluation
S1-573219710,US,4,False,evaluation
S1-573239336,India,3,False,tuning
S1-573285890,US,6,False,tuning
S1-573288644,India,3,False,evaluation
S1-573299155,India,4,False,tuning
S1-573302832,India,4,False,evaluation
S1-57339215,US,3,False,evaluation
S1-573424238,US,4,False,evaluation
S1-573473779,India,4,False,evaluation
S1-573519622,India,5,False,tuning
S1-573637542,India,2,False,tuning
S1-573704463,US,5,False,tuning
S1-573712216,US,2,False,evaluation
S1-573726315,US,2,False,tuning
S1-573726319,US,2,False,evaluation
S1-573731429,India,5,False,evaluation
S1-573775783,India,3,False,evaluation
S1-573837055,US,4,False,tuning
S1-573874277,US,8,False,evaluation
S1-573929636,US,2,False,tuning
S1-573955056,US,5,False,evaluation
S1-574008304,US,3,False,evaluation
S1-574024919,US,0,True,tuning
S1-574089203,India,2,False,tuning
S1-574108196,US,5,False,evaluation
S1-574110008,US,4,False,tuning
S1-574160127,US,2,False,evaluation
S1-574169309,US,2,False,tuning
S1-574204555,US,2,False,evaluation
S1-574221594,US,5,False,tuning
S1-574222999,US,1,False,evaluation
S1-574255444,US,4,False,tuning
S1-574289518,US,4,False,evaluation
S1-574417133,India,3,False,evaluation
S1-574503463,India,6,False,evaluation
S1-574505431,US,5,False,evaluation
S1-574539508,India,3,False,evaluation
S1-574545227,US,4,False,evaluation
S1-574603219,US,0,True,evaluation
S1-574672961,India,5,False,tuning
S1-574707338,US,3,False,evaluation
S1-574707797,US,3,False,tuning
S1-574750486,India,4,False,evaluation
S1-574787430,India,3,False,evaluation
S1-574794120,US,1,False,tuning
S1-574820361,India,5,False,evaluation
S1-574827898,US,3,False,evaluation
S1-574904333,US,5,False,evaluation
S1-574935033,US,5,False,tuning
S1-574970273,US,2,False,evaluation
S1-575013017,US,2,False,tuning
S1-575031387,US,4,False,evaluation
S1-575097890,US,3,False,tuning
S1-57509976,US,2,False,evaluation
S1-575249679,US,2,False,evaluation
S1-575252377,India,2,False,evaluation
S1-575281957,US,4,False,tuning
S1-575288229,US,3,False,tuning
S1-575395416,India,3,False,evaluation
S1-575426738,India,4,False,evaluation
S1-575441986,US,3,False,evaluation
S1-575743262,India,3,False,tuning
S1-575833189,US,5,False,evaluation
S1-575834037,India,4,False,evaluation
S1-57586886,US,3,False,tuning
S1-575887723,US,3,False,evaluation
S1-575916592,India,4,False,evaluation
S1-576062700,US,4,False,evaluation
S1-576103942,US,2,False,evaluation
S1-576231254,India,6,False,evaluation
S1-576280523,US,5,False,evaluation
S1-576441745,US,2,False,evaluation
S1-576520409,India,4,False,evaluation
S1-576542003,India,6,False,evaluation
S1-576556851,India,3,False,tuning
S1-576575304,India,3,False,evaluation
S1-57659602,India,3,False,evaluation
S1-576646166,US,3,False,tuning
S1-576661130,US,7,False,evaluation
S1-576749495,US,2,False,tuning
S1-576852389,India,3,False,tuning
S1-576875479,US,2,False,evaluation
S1-576880632,India,2,False,tuning
S1-576958964,India,5,False,tuning
S1-576960348,India,4,False,evaluation
S1-576992455,India,4,False,evaluation
S1-576995684,India,2,False,evaluation
S1-577060457,India,2,False,tuning
S1-577087021,India,5,False,evaluation
S1-577141049,India,1,False,evaluation
S1-577239491,US,1,False,evaluation
S1-577259689,US,4,False,evaluation
S1-577272015,US,5,False,evaluation
S1-577352364,India,4,False,tuning
S1-577373010,India,5,False,evaluation
S1-577431348,India,2,False,evaluation
S1-577488091,India,1,False,tuning
S1-577541485,US,4,False,evaluation
S1-577560250,US,3,False,evaluation
S1-577628080,India,5,False,evaluation
S1-577698852,India,5,False,evaluation
S1-577723535,India,4,False,tuning
S1-577783449,US,4,False,tuning
S1-577822308,US,3,False,tuning
S1-57789643,India,5,False,evaluation
S1-578028828,US,1,False,evaluation
S1-578052238,US,4,False,tuning
S1-578121373,US,0,True,evaluation
S1-578200245,US,5,False,tuning
S1-578249246,India,2,False,tuning
S1-578250562,US,4,False,evaluation
S1-578315743,US,4,False,evaluation
S1-578369970,India,4,False,evaluation
S1-578383803,US,3,False,evaluation
S1-578438480,India,3,False,evaluation
S1-578466931,India,1,False,evaluation
S1-578500607,US,1,False,tuning
S1-578551244,US,5,False,tuning
S1-578553083,India,3,False,evaluation
S1-578565284,India,7,False,evaluation
S1-578581814,US,5,False,evaluation
S1-578664307,India,4,False,tuning
S1-578724208,India,5,False,evaluation
S1-57877107,India,6,False,tuning
S1-578962567,US,6,False,evaluation
S1-579006999,US,6,False,evaluation
S1-579046722,US,3,False,tuning
S1-579054089,India,6,False,tuning
S1-579099685,India,3,False,evaluation
S1-579147694,India,5,False,evaluation
S1-579148682,US,1,False,tuning
S1-579190374,US,4,False,tuning
S1-579193887,India,0,True,tuning
S1-579245324,India,2,False,evaluation
S1-579296771,India,2,False,tuning
S1-579315496,India,4,False,tuning
S1-579353827,US,0,True,tuning
S1-579456522,US,4,False,tuning
S1-579571170,US,5,False,tuning
S1-579714053,US,6,False,tuning
S1-579812574,India,3,False,tuning
S1-579817758,India,4,False,tuning
S1-579840877,India,2,False,evaluation
S1-579854169,US,2,False,tuning
S1-579854989,India,5,False,evaluation
S1-579880280,US,5,False,evaluation
S1-579906538,India,3,False,tuning
S1-579926185,India,2,False,evaluation
S1-57998941,India,3,False,evaluation
S1-580214574,India,1,False,tuning
S1-580258883,India,3,False,tuning
S1-58027535,US,0,True,tuning
S1-580285463,US,4,False,evaluation
S1-580317259,India,4,False,evaluation
S1-580322388,India,5,False,tuning
S1-58034987,US,4,False,evaluation
S1-580407687,US,2,False,tuning
S1-580455817,US,3,False,evaluation
S1-580460202,India,0,True,tuning
S1-580482095,US,2,False,evaluation
S1-580534494,US,4,False,evaluation
S1-580563593,India,3,False,evaluation
S1-580570593,India,3,False,evaluation
S1-580580616,India,0,True,tuning
S1-580642426,US,5,False,evaluation
S1-580696374,India,0,True,evaluation
S1-580725905,US,3,False,evaluation
S1-580732066,US,6,False,evaluation
S1-580748190,US,5,False,evaluation
S1-580756402,US,4,False,evaluation
S1-58080312,India,7,False,tuning
S1-580918566,India,7,False,evaluation
S1-580944543,US,4,False,evaluation
S1-580979271,India,2,False,evaluation
S1-58103043,US,1,False,evaluation
S1-581032397,India,2,False,evaluation
S1-581043320,India,3,False,evaluation
S1-581067745,India,2,False,tuning
S1-581119667,India,5,False,tuning
S1-581141524,India,4,False,tuning
S1-581153053,US,3,False,evaluation
S1-581211813,US,1,False,tuning
S1-58126187,US,4,False,evaluation
S1-581390870,India,2,False,tuning
S1-58139407,US,5,False,tuning
S1-581420453,US,3,False,tuning
S1-58148953,US,1,False,evaluation
S1-581496812,India,5,False,evaluation
S1-581522418,India,5,False,tuning
S1-581535103,India,0,True,evaluation
S1-581628723,US,0,True,evaluation
S1-581633239,US,0,True,evaluation
S1-58166729,US,2,False,tuning
S1-581728072,US,2,False,evaluation
S1-581810262,India,6,False,tuning
S1-581817303,India,4,False,tuning
S1-581850039,India,6,False,evaluation
S1-581895833,US,3,False,evaluation
S1-581991569,India,5,False,tuning
S1-58201724,US,0,True,evaluation
S1-5821064,US,4,False,evaluation
S1-582143056,US,2,False,tuning
S1-582232565,US,4,False,evaluation
S1-582303512,US,2,False,evaluation
S1-582308708,US,4,False,evaluation
S1-582310759,US,2,False,tuning
S1-582358067,India,5,False,tuning
S1-582377562,US,5,False,tuning
S1-582380718,US,3,False,tuning
S1-582414638,US,3,False,tuning
S1-58253644,US,4,False,tuning
S1-582559060,India,2,False,evaluation
S1-582596878,US,3,False,evaluation
S1-58265792,India,3,False,evaluation
S1-582789547,India,4,False,evaluation
S1-582798221,India,3,False,evaluation
S1-582843436,US,5,False,evaluation
S1-582847766,India,5,False,evaluation
S1-58287665,India,0,True,evaluation
S1-582888964,US,3,False,tuning
S1-582901854,US,4,False,tuning
S1-5831670,India,5,False,tuning
S1-583197607,US,5,False,tuning
S1-583213380,India,5,False,evaluation
S1-583248454,US,2,False,evaluation
S1-583311015,India,4,False,evaluation
S1-583340573,India,4,False,tuning
S1-583388517,US,9,False,evaluation
S1-583451344,US,5,False,evaluation
S1-583508869,US,5,False,evaluation
S1-583517725,India,3,False,evaluation
S1-583632737,US,4,False,evaluation
S1-583671057,US,0,True,evaluation
S1-583689242,India,3,False,evaluation
S1-583712965,US,5,False,evaluation
S1-583783244,US,4,False,tuning
S1-583860462,India,6,False,evaluation
S1-58386798,India,4,False,evaluation
S1-583889701,India,0,True,tuning
S1-583906413,US,3,False,tuning
S1-583914584,India,4,False,evaluation
S1-58404878,India,6,False,evaluation
S1-584146000,India,3,False,tuning
S1-584163881,India,5,False,evaluation
S1-584187059,US,3,False,evaluation
S1-584195356,India,6,False,evaluation
S1-584218635,India,3,False,evaluation
S1-584263262,US,4,False,evaluation
S1-584361061,US,5,False,evaluation
S1-584380241,India,2,False,tuning
S1-584432471,US,3,False,tuning
S1-584446335,India,4,False,evaluation
S1-584493730,US,5,False,evaluation
S1-584502074,India,3,False,tuning
S1-58451309,US,6,False,evaluation
S1-584546164,US,2,False,evaluation
S1-584662179,India,2,False,evaluation
S1-584664080,US,4,False,evaluation
S1-584681684,US,0,True,evaluation
S1-584794957,US,7,False,evaluation
S1-584796970,US,3,False,tuning
S1-584811416,US,3,False,tuning
S1-584876145,India,3,False,evaluation
S1-584894704,US,3,False,evaluation
S1-584924876,US,4,False,evaluation
S1-584956855,India,2,False,evaluation
S1-585004387,US,6,False,tuning
S1-585011965,US,2,False,tuning
S1-585171138,India,3,False,evaluation
S1-585207831,India,3,False,tuning
S1-585209443,India,2,False,evaluation
S1-585263566,US,4,False,evaluation
S1-585283089,US,4,False,tuning
S1-585283660,US,4,False,tuning
S1-585337838,US,4,False,evaluation
S1-585375166,US,2,False,evaluation
S1-585407266,US,4,False,tuning
S1-585448933,India,4,False,evaluation
S1-585451581,US,0,True,tuning
S1-58553820,India,5,False,evaluation
S1-58556387,US,3,False,tuning
S1-585745956,US,2,False,tuning
S1-585761028,US,2,False,tuning
S1-585761367,US,3,False,tuning
S1-585820744,US,2,False,evaluation
S1-585830374,US,2,False,evaluation
S1-585894096,India,5,False,evaluation
S1-586049090,India,2,False,evaluation
S1-586108405,India,6,False,tuning
S1-586118208,India,3,False,tuning
S1-58616075,US,5,False,evaluation
S1-586327239,US,2,False,evaluation
S1-586341558,India,7,False,tuning
S1-58642616,US,4,False,tuning
S1-586449023,US,4,False,evaluation
S1-586474324,US,2,False,evaluation
S1-586511616,US,5,False,evaluation
S1-586517478,US,5,False,evaluation
S1-586529383,US,4,False,tuning
S1-586540888,US,1,False,tuning
S1-586543605,India,3,False,tuning
S1-586650484,US,4,False,tuning
S1-586742401,US,4,False,evaluation
S1-586812083,US,1,False,evaluation
S1-586826274,US,2,False,evaluation
S1-586857877,India,1,False,evaluation
S1-586940336,India,2,False,evaluation
S1-586943530,US,7,False,evaluation
S1-586948666,India,3,False,tuning
S1-587051623,US,2,False,evaluation
S1-587091021,US,5,False,evaluation
S1-587095260,US,3,False,tuning
S1-587180194,India,0,True,evaluation
S1-587207462,US,2,False,evaluation
S1-587251759,US,5,False,evaluation
S1-58727641,US,5,False,tuning
S1-587316282,India,4,False,evaluation
S1-587415343,US,2,False,evaluation
S1-587564473,India,4,False,tuning
S1-587720424,US,8,False,tuning
S1-587749771,US,5,False,tuning
S1-587758430,US,3,False,evaluation
S1-587820232,India,3,False,evaluation
S1-587851787,India,8,False,tuning
S1-58788195,US,3,False,evaluation
S1-58789724,India,8,False,evaluation
S1-587923826,India,4,False,evaluation
S1-58795152,US,4,False,evaluation
S1-587971247,US,5,False,evaluation
S1-58800351,US,5,False,tuning
S1-588040790,US,3,False,evaluation
S1-588068951,US,9,False,tuning
S1-588076389,US,5,False,evaluation
S1-588083504,US,2,False,evaluation
S1-588132901,India,6,False,evaluation
S1-588178963,India,4,False,evaluation
S1-588247104,India,3,False,tuning
S1-588270730,India,3,False,evaluation
S1-588279499,US,3,False,tuning
S1-588371526,US,2,False,tuning
S1-588371812,US,5,False,tuning
S1-588436019,India,5,False,tuning
S1-588443658,US,7,False,evaluation
S1-588479023,India,3,False,tuning
S1-588532872,India,5,False,tuning
S1-588550840,India,6,False,evaluation
S1-588575106,US,3,False,evaluation
S1-588575956,US,5,False,tuning
S1-588689642,US,2,False,tuning
S1-588725090,India,6,False,tuning
S1-588803076,India,5,False,evaluation
S1-588848452,India,4,False,evaluation
S1-588895466,US,0,True,evaluation
S1-588917480,US,5,False,evaluation
S1-588924356,India,3,False,evaluation
S1-588931441,US,5,False,evaluation
S1-588989197,US,2,False,evaluation
S1-589143458,India,3,False,evaluation
S1-589147680,India,6,False,evaluation
S1-589188387,US,2,False,evaluation
S1-589201573,US,2,False,evaluation
S1-589201861,India,4,False,tuning
S1-589231674,US,4,False,tuning
S1-589260811,India,3,False,tuning
S1-589298378,India,6,False,evaluation
S1-589306108,India,4,False,evaluation
S1-589360255,US,2,False,evaluation
S1-589408855,India,6,False,evaluation
S1-589500289,India,3,False,tuning
S1-589546891,US,2,False,evaluation
S1-589548889,US,3,False,tuning
S1-589551890,US,2,False,evaluation
S1-589640468,India,5,False,evaluation
S1-589709150,US,0,True,tuning
S1-589824777,US,4,False,tuning
S1-589829542,India,7,False,evaluation
S1-589866009,US,3,False,evaluation
S1-590044503,India,5,False,evaluation
S1-59004685,India,5,False,evaluation
S1-590140747,US,3,False,tuning
S1-590155509,US,3,False,tuning
S1-590167761,US,0,True,tuning
S1-590213225,India,5,False,evaluation
S1-590256855,US,0,True,evaluation
S1-59036203,US,3,False,evaluation
S1-590407277,US,4,False,evaluation
S1-590415055,India,2,False,tuning
S1-590433611,US,3,False,evaluation
S1-590453357,US,3,False,evaluation
S1-59049345,India,6,False,evaluation
S1-590520217,US,4,False,evaluation
S1-590541628,US,5,False,evaluation
S1-590558455,India,4,False,tuning
S1-590563590,US,5,False,tuning
S1-59061672,US,5,False,tuning
S1-590779340,US,7,False,tuning
S1-590813119,US,3,False,evaluation
S1-590848761,US,3,False,evaluation
S1-590859314,US,5,False,tuning
S1-590941424,US,3,False,tuning
S1-590958800,US,3,False,evaluation
S1-591012209,US,3,False,tuning
S1-591037759,US,3,False,tuning
S1-591142194,US,3,False,tuning
S1-591177006,India,3,False,evaluation
S1-591186402,US,2,False,evaluation
S1-591265965,US,4,False,tuning
S1-591368951,US,3,False,evaluation
S1-5914502,India,5,False,tuning
S1-591554513,India,7,False,tuning
S1-591575690,India,4,False,evaluation
S1-591583365,US,4,False,evaluation
S1-591615546,US,4,False,evaluation
S1-59163197,US,0,True,evaluation
S1-591654763,India,6,False,evaluation
S1-591722743,US,5,False,evaluation
S1-591844063,India,2,False,evaluation
S1-591873900,India,3,False,tuning
S1-591877089,India,5,False,evaluation
S1-591898014,India,2,False,evaluation
S1-591903806,US,2,False,tuning
S1-591954066,US,2,False,evaluation
S1-59195793,US,5,False,evaluation
S1-591970200,US,2,False,evaluation
S1-591973053,US,3,False,tuning
S1-59204562,US,5,False,evaluation
S1-592124829,India,8,False,evaluation
S1-592164344,US,3,False,tuning
S1-592189730,US,4,False,evaluation
S1-592214540,India,0,True,evaluation
S1-592244132,US,7,False,evaluation
S1-592248549,US,5,False,tuning
S1-592305341,India,4,False,tuning
S1-592364398,US,4,False,evaluation
S1-592418177,India,3,False,evaluation
S1-592445940,US,2,False,evaluation
S1-592510903,US,6,False,evaluation
S1-592544318,US,4,False,tuning
S1-592577605,US,5,False,evaluation
S1-59259144,US,4,False,evaluation
S1-592661803,US,3,False,evaluation
S1-592668063,India,4,False,evaluation
S1-592716096,India,6,False,evaluation
S1-592750693,US,7,False,evaluation
S1-592788815,US,5,False,tuning
S1-592807160,US,7,False,evaluation
S1-592843563,US,5,False,evaluation
S1-592850546,India,3,False,evaluation
S1-592890299,US,4,False,evaluation
S1-592927,US,3,False,evaluation
S1-592942300,India,2,False,evaluation
S1-59295489,US,3,False,tuning
S1-593006788,US,5,False,evaluation
S1-593018241,US,8,False,evaluation
S1-593074151,India,6,False,tuning
S1-593084944,India,1,False,evaluation
S1-593172146,US,6,False,evaluation
S1-59325880,US,5,False,tuning
S1-593319589,India,2,False,evaluation
S1-593366479,India,4,False,evaluation
S1-593372681,US,2,False,evaluation
S1-593383462,US,3,False,tuning
S1-593399847,US,4,False,tuning
S1-593605185,India,2,False,evaluation
S1-593614975,India,3,False,evaluation
S1-593675108,India,3,False,tuning
S1-59371697,India,0,True,evaluation
S1-593785801,India,5,False,tuning
S1-593816409,US,0,True,evaluation
S1-593882637,India,3,False,tuning
S1-593937894,India,4,False,evaluation
S1-593963768,US,4,False,evaluation
S1-593997322,US,3,False,evaluation
S1-594023506,US,1,False,evaluation
S1-59402558,US,3,False,evaluation
S1-594031723,US,4,False,tuning
S1-594075152,US,3,False,evaluation
S1-594150935,India,3,False,evaluation
S1-594152630,India,5,False,tuning
S1-594265248,India,2,False,evaluation
S1-594428282,US,6,False,evaluation
S1-594441934,India,5,False,tuning
S1-594484075,US,3,False,tuning
S1-594532567,India,0,True,evaluation
S1-594570136,India,3,False,evaluation
S1-594580449,US,0,True,evaluation
S1-594625461,India,3,False,evaluation
S1-594631839,India,7,False,tuning
S1-59470625,India,4,False,evaluation
S1-594789685,US,3,False,evaluation
S1-594841492,India,4,False,tuning
S1-594847930,India,2,False,evaluation
S1-594866255,US,2,False,evaluation
S1-594904934,US,4,False,evaluation
S1-594947070,India,3,False,tuning
S1-594952123,India,3,False,tuning
S1-595023800,India,2,False,evaluation
S1-595031442,India,8,False,evaluation
S1-5950374,India,4,False,evaluation
S1-595039892,India,3,False,evaluation
S1-595044169,US,6,False,evaluation
S1-595235388,US,1,False,evaluation
S1-595241202,US,3,False,evaluation
S1-595442577,US,7,False,tuning
S1-595450791,US,2,False,tuning
S1-595499037,US,6,False,evaluation
S1-595521263,US,2,False,evaluation
S1-595529200,US,4,False,evaluation
S1-595534139,US,6,False,tuning
S1-595607422,India,3,False,evaluation
S1-595642956,US,1,False,tuning
S1-595699986,India,2,False,evaluation
S1-595727822,US,3,False,evaluation
S1-595762969,India,2,False,evaluation
S1-595777902,US,3,False,evaluation
S1-595831533,US,4,False,tuning
S1-595866343,US,3,False,evaluation
S1-595883048,US,3,False,evaluation
S1-595976104,US,5,False,evaluation
S1-596075112,US,2,False,evaluation
S1-596198937,India,4,False,tuning
S1-596257847,India,1,False,evaluation
S1-596390118,US,7,False,evaluation
S1-596458643,US,2,False,evaluation
S1-596513814,India,0,True,evaluation
S1-596521827,US,1,False,tuning
S1-596524007,India,2,False,tuning
S1-596554663,US,6,False,evaluation
S1-596596502,US,3,False,tuning
S1-596610533,US,4,False,evaluation
S1-596640994,India,5,False,evaluation
S1-596649051,India,4,False,tuning
S1-596659004,India,1,False,tuning
S1-596733764,US,2,False,tuning
S1-596766306,US,5,False,evaluation
S1-596766362,US,4,False,tuning
S1-596815170,US,2,False,tuning
S1-596825744,India,3,False,tuning
S1-59683244,India,3,False,evaluation
S1-596833683,India,3,False,evaluation
S1-596842775,India,4,False,evaluation
S1-596857324,US,5,False,evaluation
S1-596860264,US,4,False,tuning
S1-596939254,India,2,False,tuning
S1-596998873,US,4,False,evaluation
S1-597003350,US,2,False,evaluation
S1-597076097,US,2,False,evaluation
S1-597122433,US,4,False,evaluation
S1-597189537,US,0,True,tuning
S1-597189874,US,5,False,evaluation
S1-597214870,US,4,False,evaluation
S1-597290418,India,5,False,evaluation
S1-597314832,US,6,False,evaluation
S1-59732428,US,2,False,tuning
S1-597429454,US,5,False,evaluation
S1-597443053,India,2,False,tuning
S1-597561195,India,4,False,tuning
S1-597660110,India,3,False,tuning
S1-597678749,US,6,False,evaluation
S1-597696608,US,2,False,evaluation
S1-597735698,US,2,False,evaluation
S1-597788336,US,4,False,tuning
S1-597879120,India,5,False,tuning
S1-597904978,US,4,False,evaluation
S1-597908585,India,3,False,evaluation
S1-597950617,India,3,False,evaluation
S1-598092529,US,4,False,evaluation
S1-598109272,US,5,False,tuning
S1-598144286,India,2,False,tuning
S1-598168023,India,2,False,tuning
S1-598201207,US,5,False,evaluation
S1-598205422,US,5,False,tuning
S1-598255932,India,4,False,evaluation
S1-598328173,US,8,False,evaluation
S1-598352961,US,7,False,tuning
S1-598381343,US,2,False,evaluation
S1-598399260,US,6,False,evaluation
S1-598437615,US,6,False,evaluation
S1-598483226,India,3,False,evaluation
S1-598575232,US,2,False,evaluation
S1-598654863,India,4,False,tuning
S1-59866525,US,2,False,evaluation
S1-598699377,India,2,False,evaluation
S1-598817644,US,3,False,tuning
S1-598832187,US,3,False,tuning
S1-598839600,India,3,False,evaluation
S1-598851578,India,5,False,tuning
S1-598874179,US,4,False,evaluation
S1-598937646,India,6,False,tuning
S1-59897712,US,3,False,evaluation
S1-598978203,India,4,False,evaluation
S1-599049761,India,5,False,evaluation
S1-599086777,US,4,False,evaluation
S1-599108848,US,4,False,evaluation
S1-599130534,US,3,False,evaluation
S1-599150667,US,4,False,evaluation
S1-599204195,India,5,False,evaluation
S1-599253925,India,2,False,evaluation
S1-599292866,India,0,True,tuning
S1-599357282,US,7,False,evaluation
S1-599449625,India,6,False,evaluation
S1-599450556,US,6,False,evaluation
S1-599466270,India,2,False,evaluation
S1-599686716,US,5,False,tuning
S1-599727053,US,5,False,tuning
S1-599830331,US,6,False,evaluation
S1-600006457,India,6,False,evaluation
S1-600076449,US,2,False,tuning
S1-600085824,India,5,False,tuning
S1-600093600,India,5,False,evaluation
S1-600170309,US,4,False,evaluation
S1-600233212,US,4,False,evaluation
S1-60024480,India,1,False,evaluation
S1-600366503,US,2,False,evaluation
S1-600392535,US,0,True,tuning
S1-600421021,India,6,False,evaluation
S1-600474446,US,3,False,tuning
S1-600515425,US,6,False,tuning
S1-600524290,US,3,False,evaluation
S1-600543764,India,5,False,evaluation
S1-600759205,India,8,False,tuning
S1-60093892,US,4,False,evaluation
S1-601009220,US,6,False,evaluation
S1-601079904,India,5,False,evaluation
S1-601103672,US,3,False,evaluation
S1-601233921,US,4,False,evaluation
S1-601255546,US,7,False,evaluation
S1-601341869,US,0,True,tuning
S1-601356335,US,4,False,evaluation
S1-601407243,US,3,False,evaluation
S1-601420369,India,4,False,tuning
S1-601431718,India,4,False,evaluation
S1-601431958,US,2,False,evaluation
S1-60143890,US,2,False,tuning
S1-601540251,US,5,False,evaluation
S1-601545417,US,3,False,tuning
S1-601587213,India,1,False,evaluation
S1-601599689,India,1,False,evaluation
S1-601607255,India,5,False,evaluation
S1-601636190,India,6,False,evaluation
S1-601680165,US,2,False,evaluation
S1-601705666,US,5,False,evaluation
S1-601739988,US,2,False,tuning
S1-601837835,US,5,False,tuning
S1-601911664,India,2,False,evaluation
S1-601915746,India,6,False,evaluation
S1-601927110,US,3,False,tuning
S1-601928037,US,2,False,tuning
S1-602018414,US,5,False,evaluation
S1-60210445,India,4,False,evaluation
S1-602125705,India,7,False,evaluation
S1-60218853,US,5,False,tuning
S1-602193603,India,5,False,tuning
S1-602275008,US,2,False,tuning
S1-602313909,India,3,False,tuning
S1-602411079,India,0,True,tuning
S1-6024346,US,4,False,evaluation
S1-602470281,US,2,False,evaluation
S1-602502021,India,5,False,evaluation
S1-602554968,US,3,False,tuning
S1-602636194,US,2,False,evaluation
S1-6026411,India,0,True,tuning
S1-602660812,India,1,False,tuning
S1-602770478,India,2,False,tuning
S1-602775894,US,3,False,tuning
S1-602816109,US,5,False,tuning
S1-602911188,India,8,False,tuning
S1-602978314,US,3,False,evaluation
S1-603038463,US,6,False,evaluation
S1-603060259,US,1,False,evaluation
S1-603083410,India,4,False,tuning
S1-603083511,US,2,False,evaluation
S1-603113105,India,5,False,evaluation
S1-603149204,India,6,False,evaluation
S1-603154853,US,3,False,evaluation
S1-6031669,US,1,False,evaluation
S1-603177723,US,3,False,evaluation
S1-60318081,US,5,False,evaluation
S1-603183737,US,0,True,evaluation
S1-603209328,US,3,False,evaluation
S1-603223571,US,6,False,evaluation
S1-603348481,US,3,False,evaluation
S1-603352087,US,3,False,evaluation
S1-603393113,India,3,False,tuning
S1-603427616,US,4,False,tuning
S1-603435619,India,5,False,tuning
S1-603441590,India,6,False,evaluation
S1-603475335,India,3,False,evaluation
S1-603480663,India,3,False,evaluation
S1-603500828,US,4,False,evaluation
S1-603547250,India,3,False,evaluation
S1-603556445,US,2,False,evaluation
S1-603685173,US,5,False,evaluation
S1-603686030,US,2,False,evaluation
S1-6036919,India,4,False,tuning
S1-603777034,US,3,False,evaluation
S1-603811895,US,0,True,evaluation
S1-603821885,India,0,True,tuning
S1-603830615,India,2,False,tuning
S1-603908675,US,3,False,tuning
S1-603938007,US,3,False,tuning
S1-603947901,US,3,False,evaluation
S1-603961180,US,3,False,tuning
S1-60399588,India,4,False,evaluation
S1-604100132,US,7,False,tuning
S1-604117488,India,6,False,evaluation
S1-604225133,US,5,False,tuning
S1-604234644,India,4,False,evaluation
S1-604275209,India,5,False,evaluation
S1-604320740,India,2,False,tuning
S1-604329484,US,6,False,tuning
S1-604398703,US,3,False,evaluation
S1-604484796,India,4,False,tuning
S1-604506517,India,2,False,evaluation
S1-604507873,US,2,False,tuning
S1-604546627,US,2,False,tuning
S1-604555634,US,2,False,tuning
S1-604582782,India,5,False,evaluation
S1-604666154,India,0,True,evaluation
S1-604719894,India,3,False,evaluation
S1-604738795,US,3,False,tuning
S1-604761835,US,3,False,evaluation
S1-604784611,India,7,False,tuning
S1-604791387,US,4,False,tuning
S1-604809474,India,1,False,tuning
S1-604822240,US,5,False,evaluation
S1-604848320,US,7,False,evaluation
S1-604889279,India,7,False,evaluation
S1-604893175,US,4,False,evaluation
S1-604894132,India,0,True,evaluation
S1-604899118,US,3,False,tuning
S1-604912211,India,5,False,evaluation
S1-604936145,US,3,False,evaluation
S1-604970850,US,3,False,evaluation
S1-605052931,India,2,False,tuning
S1-605154599,US,1,False,evaluation
S1-605262894,India,3,False,evaluation
S1-605274207,India,3,False,tuning
S1-605276386,India,5,False,evaluation
S1-60532237,India,2,False,evaluation
S1-605333941,India,0,True,tuning
S1-605370423,US,4,False,evaluation
S1-605429078,US,4,False,tuning
S1-605526154,US,1,False,evaluation
S1-605588931,US,2,False,tuning
S1-60567702,US,2,False,evaluation
S1-60569822,India,5,False,tuning
S1-605702960,India,5,False,tuning
S1-605729169,US,3,False,tuning
S1-605742075,US,5,False,evaluation
S1-605754979,India,2,False,tuning
S1-605878016,US,2,False,tuning
S1-605881966,US,4,False,tuning
S1-605922393,US,4,False,evaluation
S1-605976394,India,0,True,evaluation
S1-605988687,India,3,False,tuning
S1-606034754,US,2,False,evaluation
S1-606052988,India,3,False,evaluation
S1-606082554,US,3,False,tuning
S1-606104698,India,5,False,evaluation
S1-606110707,US,3,False,evaluation
S1-606172133,US,2,False,tuning
S1-606239938,US,2,False,tuning
S1-606245565,India,2,False,evaluation
S1-606275527,India,3,False,evaluation
S1-606287841,US,3,False,tuning
S1-60630520,India,4,False,evaluation
S1-606361151,US,3,False,evaluation
S1-606391819,India,3,False,evaluation
S1-606422459,US,0,True,evaluation
S1-606433464,India,5,False,evaluation
S1-606467016,India,3,False,evaluation
S1-606511,US,6,False,evaluation
S1-606535344,India,1,False,evaluation
S1-606548825,India,3,False,tuning
S1-606577240,US,1,False,evaluation
S1-606682597,US,2,False,tuning
S1-606758711,US,5,False,tuning
S1-606895761,US,1,False,evaluation
S1-606954018,India,7,False,evaluation
S1-606971357,US,6,False,tuning
S1-607007760,US,0,True,evaluation
S1-607009008,India,0,True,evaluation
S1-607041148,US,2,False,evaluation
S1-607080950,US,5,False,evaluation
S1-60711474,India,2,False,evaluation
S1-607133428,India,3,False,evaluation
S1-607228456,US,1,False,evaluation
S1-607293773,US,6,False,evaluation
S1-607322610,India,3,False,evaluation
S1-607325877,India,0,True,evaluation
S1-607454603,India,0,True,evaluation
S1-607463082,US,7,False,tuning
S1-607520348,US,2,False,evaluation
S1-607599523,US,5,False,evaluation
S1-607602766,India,6,False,evaluation
S1-607794793,India,0,True,tuning
S1-607807488,US,2,False,evaluation
S1-607892007,US,3,False,evaluation
S1-607917259,US,4,False,tuning
S1-607927289,India,3,False,evaluation
S1-607933732,US,4,False,tuning
S1-607943608,US,3,False,evaluation
S1-608009073,US,2,False,tuning
S1-60803290,US,3,False,evaluation
S1-608053007,India,4,False,evaluation
S1-608118219,US,3,False,evaluation
S1-608159887,India,3,False,tuning
S1-608172416,US,3,False,tuning
S1-608338602,US,2,False,evaluation
S1-60840281,US,1,False,evaluation
S1-608407176,India,3,False,evaluation
S1-608433000,India,3,False,evaluation
S1-608457154,India,3,False,evaluation
S1-608462838,US,4,False,tuning
S1-608488569,US,6,False,evaluation
S1-608508961,US,3,False,evaluation
S1-608594634,India,0,True,evaluation
S1-608699757,India,4,False,evaluation
S1-608813541,US,2,False,evaluation
S1-608833561,India,3,False,evaluation
S1-608836897,India,1,False,tuning
S1-60887114,India,6,False,tuning
S1-608905216,US,4,False,evaluation
S1-608926511,India,3,False,tuning
S1-608967414,US,1,False,tuning
S1-608990547,India,4,False,evaluation
S1-60899271,US,5,False,evaluation
S1-609087973,India,5,False,evaluation
S1-609095079,India,4,False,evaluation
S1-609104720,US,7,False,evaluation
S1-609193650,US,3,False,evaluation
S1-609226179,US,5,False,evaluation
S1-609287792,US,4,False,tuning
S1-609381153,India,4,False,evaluation
S1-609400281,India,3,False,tuning
S1-609478903,India,3,False,evaluation
S1-609571104,India,1,False,tuning
S1-609601923,US,3,False,evaluation
S1-609612010,US,6,False,evaluation
S1-609635187,India,3,False,evaluation
S1-60965102,US,1,False,evaluation
S1-609687368,US,5,False,tuning
S1-609708041,US,7,False,tuning
S1-6097151,US,2,False,tuning
S1-609792771,US,5,False,tuning
S1-60979738,US,0,True,tuning
S1-609800654,US,3,False,tuning
S1-609821788,US,3,False,tuning
S1-610011022,US,1,False,evaluation
S1-610045807,India,3,False,evaluation
S1-610068921,US,7,False,evaluation
S1-610144039,India,4,False,evaluation
S1-61015424,India,5,False,tuning
S1-61015599,India,3,False,tuning
S1-610254606,India,5,False,evaluation
S1-610266075,US,5,False,tuning
S1-610373010,India,6,False,evaluation
S1-610381055,India,2,False,evaluation
S1-610401344,US,3,False,evaluation
S1-610410748,India,5,False,evaluation
S1-610475171,US,3,False,tuning
S1-610482497,US,4,False,evaluation
S1-610486041,US,4,False,evaluation
S1-610541594,US,0,True,evaluation
S1-610551902,India,2,False,tuning
S1-610608414,India,3,False,evaluation
S1-61061063,US,1,False,evaluation
S1-61068250,US,4,False,evaluation
S1-610736130,India,0,True,evaluation
S1-610757866,US,5,False,evaluation
S1-610786149,India,3,False,evaluation
S1-61079057,US,4,False,tuning
S1-610802765,India,5,False,evaluation
S1-610883047,US,4,False,evaluation
S1-610948667,US,6,False,tuning
S1-61101828,US,5,False,tuning
S1-611116970,US,2,False,tuning
S1-611127034,US,0,True,evaluation
S1-611147027,India,3,False,evaluation
S1-611300433,US,7,False,tuning
S1-611396227,India,5,False,evaluation
S1-611399166,India,2,False,tuning
S1-611479635,India,3,False,tuning
S1-61148253,US,3,False,tuning
S1-611601487,US,4,False,evaluation
S1-611693077,US,4,False,evaluation
S1-611728151,US,5,False,evaluation
S1-611803221,US,6,False,evaluation
S1-611805189,US,5,False,evaluation
S1-611902315,India,8,False,evaluation
S1-611912108,US,1,False,tuning
S1-611958178,US,3,False,evaluation
S1-612013552,India,2,False,tuning
S1-612035790,India,5,False,evaluation
S1-612077111,India,3,False,tuning
S1-612103620,US,4,False,evaluation
S1-612111659,India,4,False,evaluation
S1-612125427,US,4,False,evaluation
S1-612147165,India,2,False,evaluation
S1-612166617,US,4,False,evaluation
S1-612170182,India,4,False,tuning
S1-612183440,US,3,False,tuning
S1-612259268,US,3,False,tuning
S1-612263360,India,1,False,tuning
S1-612321409,US,4,False,evaluation
S1-612373639,US,1,False,tuning
S1-612398801,India,0,True,evaluation
S1-612408180,US,7,False,evaluation
S1-612473112,US,3,False,tuning
S1-612496420,US,5,False,evaluation
S1-612502281,India,1,False,evaluation
S1-612559059,India,4,False,tuning
S1-612581032,US,2,False,evaluation
S1-612695850,India,4,False,tuning
S1-612765608,US,3,False,evaluation
S1-612815441,US,3,False,evaluation
S1-612842808,US,4,False,evaluation
S1-612855084,India,4,False,evaluation
S1-612881074,India,5,False,evaluation
S1-612942057,US,5,False,tuning
S1-612949996,US,4,False,tuning
S1-612954092,US,3,False,evaluation
S1-613016578,India,3,False,evaluation
S1-613026606,India,1,False,evaluation
S1-613063877,US,3,False,tuning
S1-613110546,US,5,False,evaluation
S1-613113880,India,4,False,tuning
S1-613214465,US,0,True,evaluation
S1-61328823,US,3,False,tuning
S1-61329025,India,3,False,tuning
S1-613330502,US,5,False,evaluation
S1-613359375,US,3,False,evaluation
S1-61344513,India,5,False,evaluation
S1-613513857,US,4,False,evaluation
S1-613517906,US,3,False,evaluation
S1-613566923,India,4,False,tuning
S1-613752378,India,2,False,evaluation
S1-613766162,India,4,False,evaluation
S1-614025808,India,3,False,evaluation
S1-614088401,US,1,False,tuning
S1-614139392,US,0,True,tuning
S1-614218219,India,4,False,tuning
S1-614260199,US,5,False,evaluation
S1-614399549,India,4,False,evaluation
S1-614475298,India,3,False,tuning
S1-614569190,US,3,False,tuning
S1-614653502,India,4,False,tuning
S1-614662406,US,4,False,evaluation
S1-614767405,US,5,False,tuning
S1-6147786,India,2,False,evaluation
S1-614820182,India,4,False,evaluation
S1-614899551,US,8,False,evaluation
S1-614934580,US,2,False,tuning
S1-614996480,India,3,False,evaluation
S1-615000040,India,9,False,evaluation
S1-615007032,India,6,False,evaluation
S1-615023349,India,0,True,evaluation
S1-615044723,US,1,False,evaluation
S1-615050267,India,2,False,evaluation
S1-615124878,India,4,False,evaluation
S1-615156063,US,4,False,evaluation
S1-615192376,India,3,False,tuning
S1-615195927,US,4,False,tuning
S1-61523077,US,4,False,evaluation
S1-615231492,US,3,False,evaluation
S1-615277778,India,3,False,evaluation
S1-615389197,US,3,False,tuning
S1-615390790,US,1,False,evaluation
S1-615404083,India,2,False,evaluation
S1-615420188,India,4,False,evaluation
S1-615429181,US,2,False,evaluation
S1-615440787,India,4,False,tuning
S1-615535859,US,3,False,evaluation
S1-615554311,US,4,False,evaluation
S1-615587455,India,4,False,evaluation
S1-615598804,US,5,False,evaluation
S1-615609507,US,2,False,tuning
S1-615654990,India,4,False,tuning
S1-615660375,India,3,False,tuning
S1-615768682,US,6,False,evaluation
S1-615842483,US,2,False,tuning
S1-615902549,India,2,False,tuning
S1-615916338,US,3,False,tuning
S1-616005858,India,5,False,evaluation
S1-616008908,India,2,False,tuning
S1-616010032,US,2,False,evaluation
S1-616042143,US,3,False,evaluation
S1-616057694,India,1,False,evaluation
S1-616133717,India,5,False,evaluation
S1-616151333,US,4,False,tuning
S1-616173269,India,0,True,tuning
S1-616404545,US,2,False,tuning
S1-616406138,US,3,False,tuning
S1-616478809,US,3,False,evaluation
S1-616515945,US,4,False,tuning
S1-616692480,India,3,False,tuning
S1-616752187,US,3,False,tuning
S1-616759240,US,4,False,tuning
S1-61676673,India,6,False,tuning
S1-616905174,US,3,False,tuning
S1-61696797,US,4,False,tuning
S1-616972618,US,6,False,tuning
S1-617011340,India,4,False,tuning
S1-617033346,US,1,False,evaluation
S1-617190614,US,4,False,evaluation
S1-617204934,US,2,False,evaluation
S1-617207298,US,1,False,evaluation
S1-617238585,India,1,False,evaluation
S1-617253236,US,5,False,evaluation
S1-617272008,India,4,False,evaluation
S1-617316658,US,2,False,evaluation
S1-617317323,US,2,False,tuning
S1-617374057,US,3,False,tuning
S1-617422614,India,4,False,tuning
S1-617422632,US,4,False,tuning
S1-617446197,US,3,False,evaluation
S1-617480537,US,6,False,evaluation
S1-617507381,India,6,False,evaluation
S1-617508885,India,6,False,tuning
S1-617522624,India,6,False,evaluation
S1-617534276,US,3,False,evaluation
S1-617577455,US,1,False,evaluation
S1-617583032,US,5,False,evaluation
S1-617698594,US,1,False,evaluation
S1-617714375,US,1,False,evaluation
S1-617722154,US,3,False,evaluation
S1-617727983,India,3,False,evaluation
S1-617759678,India,4,False,evaluation
S1-617764807,India,5,False,evaluation
S1-617790378,US,3,False,tuning
S1-617871468,US,5,False,tuning
S1-617916622,US,5,False,evaluation
S1-617988413,India,4,False,tuning
S1-617999719,US,4,False,tuning
S1-618005909,US,4,False,evaluation
S1-618046483,US,6,False,tuning
S1-618083892,US,2,False,evaluation
S1-618139280,US,3,False,tuning
S1-618158025,US,6,False,evaluation
S1-618220541,India,3,False,tuning
S1-618290990,US,5,False,tuning
S1-618295727,India,3,False,evaluation
S1-618371243,US,2,False,tuning
S1-618526557,US,2,False,evaluation
S1-61858007,US,5,False,evaluation
S1-618667364,India,3,False,evaluation
S1-618674687,India,8,False,tuning
S1-61871677,US,6,False,evaluation
S1-618832798,US,2,False,tuning
S1-61892902,India,5,False,evaluation
S1-618932910,India,5,False,evaluation
S1-618933536,US,4,False,evaluation
S1-618951839,India,5,False,tuning
S1-61898111,US,2,False,tuning
S1-61899191,US,3,False,evaluation
S1-619029748,US,2,False,tuning
S1-619031947,US,0,True,tuning
S1-619036765,US,3,False,tuning
S1-619043285,India,3,False,evaluation
S1-619086336,US,4,False,evaluation
S1-619093311,India,2,False,evaluation
S1-619121318,India,7,False,evaluation
S1-619230870,India,4,False,evaluation
S1-619262528,US,4,False,evaluation
S1-619323015,US,8,False,tuning
S1-619327209,US,3,False,evaluation
S1-619373515,India,3,False,evaluation
S1-619428956,US,0,True,tuning
S1-619497340,US,4,False,tuning
S1-61955595,US,7,False,tuning
S1-619648344,India,5,False,evaluation
S1-619663915,US,4,False,tuning
S1-619673511,US,3,False,evaluation
S1-619719050,US,4,False,evaluation
S1-619734865,India,4,False,evaluation
S1-619745681,India,2,False,evaluation
S1-619748613,US,3,False,evaluation
S1-619765376,India,5,False,tuning
S1-619792952,US,3,False,evaluation
S1-619795965,US,7,False,evaluation
S1-619807504,US,4,False,evaluation
S1-619845474,India,7,False,tuning
S1-619846011,US,3,False,evaluation
S1-619855221,India,3,False,evaluation
S1-619856670,US,4,False,tuning
S1-619885653,India,3,False,evaluation
S1-619897113,India,3,False,tuning
S1-619904361,India,5,False,evaluation
S1-619908025,US,5,False,tuning
S1-619997739,US,5,False,evaluation
S1-620072179,India,1,False,tuning
S1-620080578,US,3,False,evaluation
S1-620145346,India,4,False,evaluation
S1-620147596,US,3,False,tuning
S1-620212295,India,3,False,tuning
S1-620308154,India,1,False,tuning
S1-620325988,US,5,False,evaluation
S1-620415604,India,6,False,evaluation
S1-620474815,US,0,True,evaluation
S1-62054070,India,2,False,evaluation
S1-620564809,US,3,False,evaluation
S1-620623586,India,6,False,tuning
S1-620649501,US,2,False,evaluation
S1-620659471,India,3,False,tuning
S1-620682440,India,2,False,evaluation
S1-620742546,India,5,False,evaluation
S1-62087646,India,7,False,evaluation
S1-620906987,US,0,True,tuning
S1-620978538,US,8,False,tuning
S1-62106558,US,0,True,evaluation
S1-621119710,US,1,False,evaluation
S1-621146552,US,0,True,tuning
S1-621170785,US,2,False,tuning
S1-621195938,India,2,False,evaluation
S1-621253909,India,1,False,tuning
S1-621276356,India,3,False,tuning
S1-621305084,US,6,False,evaluation
S1-621316682,US,2,False,evaluation
S1-621330825,US,7,False,tuning
S1-621390333,India,2,False,tuning
S1-621454263,US,5,False,tuning
S1-621472033,India,0,True,evaluation
S1-621493924,US,5,False,evaluation
S1-621509732,US,3,False,evaluation
S1-621524858,US,7,False,evaluation
S1-621534244,US,2,False,tuning
S1-62158267,US,3,False,evaluation
S1-621629073,US,2,False,tuning
S1-621629159,US,4,False,tuning
S1-621720447,US,3,False,tuning
S1-621800295,US,5,False,tuning
S1-621804010,US,6,False,evaluation
S1-621812643,India,5,False,evaluation
S1-621833887,US,2,False,evaluation
S1-62184653,US,4,False,tuning
S1-621894520,US,7,False,tuning
S1-621899885,US,2,False,evaluation
S1-621962179,US,5,False,tuning
S1-621976808,India,2,False,evaluation
S1-621979696,US,4,False,tuning
S1-622045182,India,2,False,evaluation
S1-622074263,US,5,False,tuning
S1-622152749,India,0,True,evaluation
S1-622164220,US,6,False,tuning
S1-622201446,US,3,False,tuning
S1-622210829,India,6,False,tuning
S1-622221022,India,1,False,evaluation
S1-622262529,US,5,False,evaluation
S1-622353591,India,6,False,evaluation
S1-622372758,India,3,False,evaluation
S1-622384516,US,3,False,tuning
S1-622573911,US,2,False,evaluation
S1-622585198,India,5,False,evaluation
S1-622625166,India,4,False,evaluation
S1-622635828,India,6,False,evaluation
S1-622643548,US,3,False,evaluation
S1-622658111,US,2,False,evaluation
S1-622664823,US,5,False,evaluation
S1-622738152,India,3,False,evaluation
S1-622765182,US,2,False,evaluation
S1-622863469,India,5,False,tuning
S1-62298910,US,4,False,evaluation
S1-623013622,India,0,True,tuning
S1-623058851,US,3,False,evaluation
S1-623160680,US,4,False,evaluation
S1-623205890,US,3,False,evaluation
S1-623207548,US,1,False,evaluation
S1-623293472,US,5,False,evaluation
S1-623356040,US,6,False,evaluation
S1-623406267,India,3,False,tuning
S1-623443875,US,6,False,evaluation
S1-623471596,India,5,False,evaluation
S1-62352783,India,5,False,evaluation
S1-623544033,India,4,False,evaluation
S1-623635855,India,7,False,tuning
S1-623712357,India,3,False,evaluation
S1-623733531,India,7,False,tuning
S1-623746049,US,2,False,tuning
S1-623757479,India,3,False,evaluation
S1-623797827,India,2,False,evaluation
S1-623804514,India,3,False,tuning
S1-623861376,India,4,False,tuning
S1-623898648,US,5,False,tuning
S1-623964502,US,0,True,evaluation
S1-624012444,India,3,False,tuning
S1-624084928,US,5,False,tuning
S1-624174752,India,0,True,evaluation
S1-624190069,US,3,False,tuning
S1-624236147,India,5,False,evaluation
S1-624248685,US,0,True,tuning
S1-624358776,US,2,False,tuning
S1-624362924,India,3,False,evaluation
S1-624507755,US,3,False,evaluation
S1-62450992,US,3,False,tuning
S1-624516599,India,3,False,tuning
S1-624531435,US,3,False,tuning
S1-624532172,US,2,False,tuning
S1-624570008,US,5,False,evaluation
S1-624623661,US,4,False,evaluation
S1-624638586,US,4,False,evaluation
S1-624656991,US,7,False,tuning
S1-624708649,US,5,False,tuning
S1-624741929,India,4,False,tuning
S1-624749772,US,5,False,tuning
S1-624893709,India,5,False,evaluation
S1-6249896,India,2,False,evaluation
S1-625020321,US,4,False,tuning
S1-625058957,India,4,False,evaluation
S1-62508521,US,4,False,evaluation
S1-625148532,US,4,False,evaluation
S1-625164056,India,4,False,tuning
S1-625166645,US,4,False,tuning
S1-625224968,India,2,False,evaluation
S1-625251379,US,5,False,tuning
S1-625296636,US,1,False,tuning
S1-625355978,India,3,False,evaluation
S1-625361159,US,4,False,tuning
S1-625501882,US,4,False,tuning
S1-625510720,US,3,False,tuning
S1-625602034,India,3,False,evaluation
S1-625654730,US,4,False,evaluation
S1-625772368,India,4,False,tuning
S1-625817119,US,3,False,tuning
S1-625829158,US,5,False,evaluation
S1-625839026,India,6,False,tuning
S1-625917150,India,3,False,tuning
S1-625960241,India,2,False,tuning
S1-625988141,India,3,False,evaluation
S1-626030696,US,2,False,tuning
S1-626038275,India,2,False,evaluation
S1-626060598,India,2,False,tuning
S1-626087188,US,4,False,tuning
S1-62613292,India,3,False,evaluation
S1-626150825,India,5,False,tuning
S1-626174279,India,5,False,evaluation
S1-626217666,India,0,True,evaluation
S1-626280370,India,0,True,tuning
S1-626354541,US,4,False,tuning
S1-626375691,US,3,False,tuning
S1-626386076,US,3,False,tuning
S1-626412279,India,2,False,evaluation
S1-626428364,US,4,False,evaluation
S1-626617889,US,4,False,evaluation
S1-626631201,US,3,False,evaluation
S1-62671692,US,6,False,evaluation
S1-626718150,US,0,True,evaluation
S1-626720182,US,5,False,tuning
S1-626735607,US,6,False,tuning
S1-626750226,US,5,False,evaluation
S1-626776259,US,5,False,evaluation
S1-626792210,India,4,False,evaluation
S1-626795817,US,3,False,tuning
S1-626809337,US,3,False,evaluation
S1-626835353,US,5,False,tuning
S1-626838868,India,7,False,tuning
S1-626852563,US,3,False,evaluation
S1-626904445,US,3,False,evaluation
S1-626940821,India,0,True,evaluation
S1-626944413,India,3,False,tuning
S1-626986160,India,7,False,evaluation
S1-626996037,India,4,False,evaluation
S1-627106863,India,5,False,evaluation
S1-627128686,US,3,False,evaluation
S1-627202335,US,2,False,tuning
S1-627258700,India,4,False,tuning
S1-627267774,India,4,False,tuning
S1-627367193,India,6,False,evaluation
S1-627368477,US,2,False,tuning
S1-627487767,US,2,False,evaluation
S1-627573792,US,4,False,evaluation
S1-627751448,India,2,False,evaluation
S1-627801441,India,1,False,tuning
S1-627805295,India,4,False,tuning
S1-627808790,US,5,False,evaluation
S1-627811828,US,4,False,evaluation
S1-627816809,US,2,False,evaluation
S1-627825204,US,4,False,evaluation
S1-627881185,US,1,False,evaluation
S1-627884288,India,5,False,tuning
S1-627898987,India,4,False,evaluation
S1-62792559,India,6,False,evaluation
S1-627939097,India,3,False,evaluation
S1-627950210,India,4,False,evaluation
S1-627966283,India,4,False,tuning
S1-628051752,US,3,False,evaluation
S1-628060710,US,3,False,evaluation
S1-62817571,US,4,False,evaluation
S1-628194872,US,4,False,evaluation
S1-628222706,US,4,False,evaluation
S1-628232456,US,1,False,evaluation
S1-628243717,US,5,False,evaluation
S1-628269284,India,6,False,tuning
S1-62827790,India,5,False,tuning
S1-628294950,India,3,False,tuning
S1-628333570,US,8,False,evaluation
S1-628502383,US,5,False,evaluation
S1-628544370,US,3,False,tuning
S1-628611240,US,3,False,tuning
S1-628687238,US,3,False,evaluation
S1-628794784,US,0,True,evaluation
S1-628797442,US,5,False,evaluation
S1-628798401,US,7,False,evaluation
S1-628816869,US,2,False,evaluation
S1-628876670,US,5,False,evaluation
S1-628951235,US,4,False,evaluation
S1-629092134,India,5,False,tuning
S1-629131554,US,5,False,tuning
S1-629178643,US,2,False,tuning
S1-629180408,US,3,False,evaluation
S1-629182572,India,8,False,evaluation
S1-629217062,US,5,False,evaluation
S1-62934274,US,3,False,evaluation
S1-629360479,US,4,False,evaluation
S1-629364652,India,3,False,tuning
S1-629371829,India,2,False,evaluation
S1-629412315,US,3,False,evaluation
S1-629415644,India,2,False,evaluation
S1-629449904,US,4,False,evaluation
S1-629457711,US,4,False,tuning
S1-629461177,US,4,False,evaluation
S1-6295037,US,2,False,tuning
S1-629543763,US,2,False,evaluation
S1-62956986,India,0,True,evaluation
S1-629631514,US,4,False,tuning
S1-629642823,India,2,False,tuning
S1-629681824,US,5,False,tuning
S1-629695699,US,7,False,tuning
S1-629787253,US,4,False,tuning
S1-629799129,India,7,False,evaluation
S1-629841813,US,1,False,evaluation
S1-629901661,US,5,False,tuning
S1-629920756,US,5,False,tuning
S1-630105765,US,2,False,tuning
S1-630147700,US,5,False,evaluation
S1-630165420,US,4,False,tuning
S1-63020049,US,6,False,tuning
S1-630213803,India,4,False,tuning
S1-630281442,US,3,False,evaluation
S1-630306068,India,4,False,tuning
S1-630310759,US,2,False,tuning
S1-63033988,US,4,False,tuning
S1-630346075,India,5,False,tuning
S1-630391632,India,3,False,evaluation
S1-63040871,US,4,False,tuning
S1-630436222,India,4,False,evaluation
S1-630520437,US,5,False,tuning
S1-63055949,India,3,False,tuning
S1-630843615,US,6,False,evaluation
S1-630931512,US,5,False,evaluation
S1-630986865,India,2,False,evaluation
S1-630988943,US,1,False,tuning
S1-630998896,US,2,False,evaluation
S1-631089588,US,3,False,tuning
S1-631114798,India,5,False,evaluation
S1-631122305,India,4,False,tuning
S1-63119496,US,4,False,tuning
S1-631214888,India,3,False,evaluation
S1-631222770,US,7,False,tuning
S1-631246874,India,5,False,tuning
S1-631262704,India,2,False,evaluation
S1-631380751,India,4,False,evaluation
S1-631405899,US,4,False,tuning
S1-631565977,US,6,False,evaluation
S1-631614917,India,3,False,tuning
S1-63163898,India,3,False,tuning
S1-63169722,India,4,False,evaluation
S1-631728848,US,6,False,evaluation
S1-631815154,US,2,False,evaluation
S1-631932368,US,4,False,tuning
S1-632058495,India,5,False,evaluation
S1-632079048,India,0,True,tuning
S1-632083723,US,5,False,evaluation
S1-632127045,US,5,False,evaluation
S1-632164157,India,5,False,tuning
S1-632212456,US,2,False,evaluation
S1-632352330,India,6,False,evaluation
S1-632381890,India,3,False,tuning
S1-632464019,US,0,True,evaluation
S1-632480425,US,6,False,evaluation
S1-632508339,US,5,False,tuning
S1-632511974,India,3,False,tuning
S1-632531969,US,3,False,evaluation
S1-632668007,India,2,False,evaluation
S1-632708043,US,4,False,evaluation
S1-632732694,India,4,False,evaluation
S1-632733888,India,5,False,tuning
S1-632785610,US,4,False,evaluation
S1-632825869,India,3,False,evaluation
S1-632849361,India,2,False,tuning
S1-632860602,US,2,False,evaluation
S1-632880206,US,4,False,tuning
S1-632906393,US,3,False,tuning
S1-63291897,US,4,False,tuning
S1-633082218,US,3,False,evaluation
S1-633148141,US,5,False,evaluation
S1-633223877,US,3,False,evaluation
S1-633238039,India,4,False,evaluation
S1-633275689,US,3,False,evaluation
S1-633313909,India,3,False,evaluation
S1-633351845,India,4,False,evaluation
S1-633461683,US,4,False,evaluation
S1-633491944,US,5,False,evaluation
S1-633592930,US,4,False,evaluation
S1-633595238,India,4,False,evaluation
S1-633600012,India,0,True,evaluation
S1-633688087,India,5,False,evaluation
S1-633693345,US,3,False,evaluation
S1-63376019,US,1,False,evaluation
S1-633824285,India,3,False,tuning
S1-633854324,US,4,False,tuning
S1-633873081,US,2,False,tuning
S1-633875195,US,2,False,tuning
S1-633911798,US,6,False,evaluation
S1-634019711,US,3,False,evaluation
S1-63403850,US,5,False,tuning
S1-634050633,US,3,False,evaluation
S1-63416667,India,7,False,tuning
S1-634167787,US,3,False,tuning
S1-634190608,India,2,False,evaluation
S1-634193477,US,2,False,evaluation
S1-634288923,US,5,False,tuning
S1-634503881,India,3,False,tuning
S1-63452807,US,4,False,evaluation
S1-634552971,India,2,False,evaluation
S1-634641492,US,3,False,tuning
S1-634644310,US,4,False,evaluation
S1-634686280,US,4,False,tuning
S1-634726741,India,0,True,evaluation
S1-634802275,India,5,False,tuning
S1-634857893,India,2,False,evaluation
S1-634860893,India,4,False,evaluation
S1-634865743,US,4,False,evaluation
S1-634866136,US,2,False,evaluation
S1-634877749,US,4,False,tuning
S1-634966194,US,1,False,evaluation
S1-635000940,US,7,False,evaluation
S1-635001957,US,7,False,tuning
S1-635025354,US,0,True,evaluation
S1-635056779,US,4,False,evaluation
S1-635058406,US,3,False,tuning
S1-635062657,US,3,False,tuning
S1-635072486,India,7,False,evaluation
S1-635089587,India,4,False,evaluation
S1-635162664,US,3,False,evaluation
S1-635226606,US,0,True,evaluation
S1-635257561,US,2,False,evaluation
S1-635266124,India,4,False,evaluation
S1-635422338,US,6,False,evaluation
S1-635469163,US,2,False,evaluation
S1-635480044,India,4,False,tuning
S1-635487705,India,3,False,evaluation
S1-635562370,US,5,False,evaluation
S1-635589635,US,3,False,evaluation
S1-635607159,India,3,False,tuning
S1-635610218,US,4,False,evaluation
S1-635627537,India,3,False,tuning
S1-635668386,India,3,False,evaluation
S1-635679230,US,3,False,evaluation
S1-635841511,US,5,False,tuning
S1-635951428,India,2,False,tuning
S1-635963292,US,3,False,evaluation
S1-635970414,India,0,True,evaluation
S1-636064027,US,2,False,tuning
S1-636067967,US,5,False,evaluation
S1-636101346,US,0,True,tuning
S1-636138569,US,6,False,evaluation
S1-636219545,US,2,False,evaluation
S1-636220578,US,3,False,tuning
S1-636259990,US,1,False,evaluation
S1-636260853,US,6,False,tuning
S1-636484463,US,7,False,evaluation
S1-636487111,US,4,False,tuning
S1-636555478,US,5,False,tuning
S1-636557984,India,4,False,tuning
S1-636560224,US,0,True,evaluation
S1-636567584,US,3,False,evaluation
S1-63659417,India,3,False,tuning
S1-636677843,India,2,False,evaluation
S1-636713040,US,4,False,evaluation
S1-636723805,India,0,True,tuning
S1-636724543,India,4,False,evaluation
S1-636748811,US,3,False,tuning
S1-636758552,India,2,False,tuning
S1-636775618,India,3,False,evaluation
S1-636795508,US,4,False,tuning
S1-636816743,India,4,False,tuning
S1-636843711,India,5,False,tuning
S1-636991275,US,5,False,evaluation
S1-637029426,US,1,False,tuning
S1-637108277,India,0,True,tuning
S1-637198792,India,6,False,evaluation
S1-637287162,US,4,False,evaluation
S1-637287201,US,4,False,tuning
S1-637302576,India,2,False,tuning
S1-637335802,India,1,False,tuning
S1-63737224,US,3,False,evaluation
S1-637399254,US,2,False,evaluation
S1-637494773,US,4,False,evaluation
S1-637514152,US,3,False,evaluation
S1-637590674,US,3,False,tuning
S1-637636719,US,5,False,evaluation
S1-637736441,US,4,False,tuning
S1-637859981,India,4,False,tuning
S1-637932968,India,3,False,evaluation
S1-637943332,US,1,False,evaluation
S1-637958491,US,4,False,evaluation
S1-638031333,India,5,False,tuning
S1-638114041,India,3,False,tuning
S1-638168934,India,2,False,tuning
S1-638172193,India,0,True,evaluation
S1-638177971,India,1,False,tuning
S1-638201417,India,5,False,evaluation
S1-638254278,US,3,False,evaluation
S1-638284953,India,2,False,tuning
S1-638300875,India,3,False,evaluation
S1-638324619,US,2,False,evaluation
S1-638392265,India,3,False,tuning
S1-638463594,India,3,False,evaluation
S1-638553396,India,2,False,evaluation
S1-638600780,US,4,False,tuning
S1-638627962,India,3,False,tuning
S1-638682098,US,4,False,tuning
S1-638760838,India,3,False,tuning
S1-638763147,US,3,False,evaluation
S1-638812442,India,0,True,evaluation
S1-63887491,US,6,False,evaluation
S1-638875109,India,2,False,evaluation
S1-638889146,India,5,False,evaluation
S1-638889180,US,4,False,evaluation
S1-638924298,US,3,False,evaluation
S1-638928481,US,5,False,tuning
S1-638958074,India,3,False,evaluation
S1-639050456,US,2,False,evaluation
S1-639122382,US,4,False,tuning
S1-639333902,US,4,False,evaluation
S1-639378560,India,4,False,evaluation
S1-639440466,US,3,False,evaluation
S1-639483879,US,5,False,evaluation
S1-639518750,India,1,False,evaluation
S1-639519017,India,4,False,evaluation
S1-639541978,India,2,False,evaluation
S1-639542967,US,3,False,evaluation
S1-639564137,US,2,False,evaluation
S1-639574926,US,4,False,tuning
S1-639644004,US,3,False,tuning
S1-639671219,US,3,False,evaluation
S1-639810429,US,4,False,evaluation
S1-639837580,India,4,False,evaluation
S1-639910280,US,3,False,evaluation
S1-64002694,US,5,False,tuning
S1-640030927,India,2,False,evaluation
S1-640044276,US,4,False,tuning
S1-64005982,US,6,False,tuning
S1-64009098,US,4,False,tuning
S1-64009411,US,3,False,evaluation
S1-640136746,US,6,False,tuning
S1-640173347,US,4,False,evaluation
S1-640215992,India,3,False,tuning
S1-640446643,India,4,False,evaluation
S1-640459584,US,8,False,evaluation
S1-640634962,India,2,False,evaluation
S1-640725755,US,1,False,evaluation
S1-64076860,India,7,False,tuning
S1-64085790,US,2,False,tuning
S1-640904699,India,4,False,evaluation
S1-640936224,US,5,False,evaluation
S1-640966556,US,7,False,tuning
S1-64098552,US,2,False,tuning
S1-640996344,US,2,False,tuning
S1-641071094,India,0,True,tuning
S1-641072089,India,5,False,evaluation
S1-641124865,India,4,False,tuning
S1-641189792,US,2,False,evaluation
S1-641416792,US,2,False,evaluation
S1-641425923,India,1,False,evaluation
S1-64148471,India,3,False,evaluation
S1-641518448,US,3,False,evaluation
S1-641536942,US,0,True,evaluation
S1-641547477,India,2,False,evaluation
S1-641579785,US,4,False,evaluation
S1-641684922,India,3,False,tuning
S1-641701498,India,2,False,evaluation
S1-641733965,India,4,False,evaluation
S1-641789178,US,4,False,evaluation
S1-641800532,India,4,False,tuning
S1-641896068,India,1,False,tuning
S1-641915517,US,5,False,evaluation
S1-64197487,US,4,False,evaluation
S1-64203037,US,1,False,evaluation
S1-642055972,India,3,False,tuning
S1-642058378,India,3,False,evaluation
S1-642099615,US,5,False,evaluation
S1-642223607,US,4,False,evaluation
S1-642271181,US,2,False,evaluation
S1-642327343,US,4,False,evaluation
S1-642364414,US,2,False,evaluation
S1-642475533,India,4,False,tuning
S1-642515806,US,3,False,evaluation
S1-642541580,US,3,False,evaluation
S1-642685052,US,4,False,evaluation
S1-642787048,India,4,False,evaluation
S1-642835951,US,0,True,evaluation
S1-642844912,US,1,False,tuning
S1-642861280,US,2,False,evaluation
S1-642911361,US,4,False,tuning
S1-642918740,India,3,False,evaluation
S1-642982082,India,4,False,evaluation
S1-643015222,US,0,True,evaluation
S1-643112488,India,4,False,evaluation
S1-643158728,US,3,False,evaluation
S1-643264294,US,2,False,tuning
S1-643284453,India,2,False,evaluation
S1-643526993,India,6,False,evaluation
S1-643562444,US,4,False,evaluation
S1-643588462,US,2,False,tuning
S1-64360673,US,3,False,evaluation
S1-643668951,US,2,False,evaluation
S1-643682336,US,2,False,evaluation
S1-643698810,India,4,False,tuning
S1-643752591,US,0,True,evaluation
S1-643757017,US,5,False,tuning
S1-64379736,US,3,False,evaluation
S1-643815401,India,6,False,evaluation
S1-643833497,US,2,False,evaluation
S1-643890744,India,5,False,evaluation
S1-643959259,US,3,False,tuning
S1-644029806,US,3,False,evaluation
S1-644079441,US,1,False,evaluation
S1-64411989,US,5,False,evaluation
S1-644206594,US,4,False,tuning
S1-644208549,US,6,False,evaluation
S1-644245802,US,4,False,evaluation
S1-644264623,US,2,False,evaluation
S1-644294195,US,4,False,evaluation
S1-64429675,US,3,False,evaluation
S1-644316311,US,3,False,evaluation
S1-644319783,India,3,False,evaluation
S1-644364043,US,4,False,evaluation
S1-644413802,US,1,False,evaluation
S1-644430678,US,5,False,tuning
S1-644442245,India,4,False,evaluation
S1-644442658,US,4,False,evaluation
S1-644448927,India,4,False,tuning
S1-644519615,India,3,False,evaluation
S1-644538726,US,5,False,evaluation
S1-644553235,India,5,False,tuning
S1-644576584,US,4,False,tuning
S1-644677751,US,3,False,evaluation
S1-644761324,India,0,True,evaluation
S1-644763918,India,5,False,evaluation
S1-644794851,US,4,False,evaluation
S1-644904770,India,3,False,evaluation
S1-644909060,India,5,False,tuning
S1-645079990,India,2,False,tuning
S1-645082960,US,6,False,tuning
S1-645121293,US,3,False,tuning
S1-645176999,India,3,False,tuning
S1-64520488,US,3,False,tuning
S1-645256955,US,1,False,evaluation
S1-645275512,US,5,False,tuning
S1-645283428,US,6,False,tuning
S1-645297414,US,2,False,tuning
S1-645313238,US,6,False,evaluation
S1-645345871,US,3,False,evaluation
S1-645363043,US,4,False,evaluation
S1-6454138,US,1,False,evaluation
S1-645423480,US,4,False,evaluation
S1-645432561,US,3,False,tuning
S1-645529362,India,3,False,evaluation
S1-645541001,US,3,False,evaluation
S1-645580244,US,5,False,evaluation
S1-645604288,India,3,False,tuning
S1-645636967,India,5,False,evaluation
S1-645696162,US,2,False,tuning
S1-645741067,US,5,False,evaluation
S1-6458490,US,3,False,tuning
S1-645860695,India,1,False,tuning
S1-645938718,India,4,False,evaluation
S1-645971933,India,6,False,evaluation
S1-646009593,India,2,False,evaluation
S1-646038168,US,3,False,tuning
S1-646064785,India,5,False,evaluation
S1-646171701,US,0,True,evaluation
S1-646201442,India,3,False,evaluation
S1-646315512,US,4,False,evaluation
S1-646351402,India,5,False,tuning
S1-646375169,India,5,False,evaluation
S1-646446565,US,4,False,evaluation
S1-646532690,India,3,False,tuning
S1-64655793,India,2,False,evaluation
S1-646577133,US,0,True,tuning
S1-646623092,India,1,False,tuning
S1-646632445,India,6,False,tuning
S1-646638579,US,2,False,evaluation
S1-646647525,India,4,False,evaluation
S1-646720941,India,4,False,evaluation
S1-64672793,US,5,False,evaluation
S1-646738850,India,3,False,evaluation
S1-646856451,India,6,False,tuning
S1-646879954,US,3,False,tuning
S1-646902375,India,2,False,tuning
S1-64690766,US,3,False,evaluation
S1-646956671,US,0,True,tuning
S1-647058375,US,2,False,evaluation
S1-647090040,US,0,True,evaluation
S1-647092657,India,1,False,tuning
S1-647219242,India,5,False,evaluation
S1-647247189,US,3,False,tuning
S1-647303277,US,2,False,tuning
S1-647470841,India,1,False,evaluation
S1-647482216,US,5,False,evaluation
S1-647493046,India,2,False,evaluation
S1-647526560,India,3,False,tuning
S1-647553732,India,7,False,tuning
S1-647584358,US,0,True,tuning
S1-647649368,US,3,False,evaluation
S1-647652028,India,4,False,tuning
S1-647654960,US,2,False,evaluation
S1-647701281,US,4,False,tuning
S1-647757086,US,4,False,evaluation
S1-647822623,India,3,False,evaluation
S1-647826496,US,4,False,tuning
S1-647826861,India,2,False,evaluation
S1-647827889,US,3,False,tuning
S1-647975438,US,4,False,evaluation
S1-648140362,India,3,False,tuning
S1-648185970,India,4,False,evaluation
S1-648240178,India,5,False,evaluation
S1-64824974,US,2,False,evaluation
S1-648286956,US,0,True,evaluation
S1-648293090,US,2,False,evaluation
S1-64831554,US,2,False,evaluation
S1-648359304,US,4,False,tuning
S1-648374788,India,6,False,evaluation
S1-648399810,US,0,True,evaluation
S1-648400617,US,5,False,evaluation
S1-648412660,India,4,False,evaluation
S1-648445417,US,0,True,tuning
S1-64844738,US,4,False,evaluation
S1-648461253,US,3,False,evaluation
S1-648621596,US,5,False,evaluation
S1-648628546,India,4,False,tuning
S1-648806695,India,4,False,evaluation
S1-64881526,India,6,False,evaluation
S1-648902566,US,3,False,evaluation
S1-648916840,US,3,False,tuning
S1-648940725,US,6,False,evaluation
S1-648953525,US,2,False,evaluation
S1-648975221,US,3,False,tuning
S1-649148618,India,5,False,evaluation
S1-649285755,US,2,False,evaluation
S1-649339151,India,3,False,tuning
S1-649375336,US,4,False,evaluation
S1-649403321,US,5,False,evaluation
S1-649422668,US,4,False,tuning
S1-649562100,US,5,False,evaluation
S1-649593543,US,4,False,evaluation
S1-649631552,US,4,False,evaluation
S1-649653874,US,3,False,tuning
S1-649680225,US,0,True,tuning
S1-649687452,US,5,False,evaluation
S1-649779763,US,2,False,tuning
S1-64978185,US,0,True,evaluation
S1-649797307,US,4,False,tuning
S1-64993310,India,4,False,tuning
S1-650039148,US,3,False,tuning
S1-650062437,US,5,False,evaluation
S1-65006288,US,3,False,tuning
S1-650098963,India,4,False,evaluation
S1-650258816,US,4,False,evaluation
S1-65035362,US,4,False,tuning
S1-650360531,India,1,False,tuning
S1-6504981,US,3,False,evaluation
S1-650513775,India,4,False,tuning
S1-650532138,India,1,False,tuning
S1-650631756,US,3,False,evaluation
S1-650683950,India,5,False,tuning
S1-650688282,US,0,True,evaluation
S1-650831412,US,5,False,evaluation
S1-650844680,US,3,False,evaluation
S1-650900695,India,4,False,evaluation
S1-650901092,US,3,False,evaluation
S1-650918859,US,2,False,evaluation
S1-650945498,US,2,False,evaluation
S1-650959262,US,6,False,evaluation
S1-651021824,India,3,False,tuning
S1-6511370,US,2,False,tuning
S1-651149500,India,2,False,evaluation
S1-651227212,US,3,False,tuning
S1-651246778,US,2,False,evaluation
S1-651247147,India,0,True,evaluation
S1-651291696,India,6,False,evaluation
S1-651291772,US,5,False,evaluation
S1-651328658,US,2,False,evaluation
S1-651332839,India,5,False,evaluation
S1-651351264,US,4,False,evaluation
S1-651379105,US,2,False,evaluation
S1-651417576,US,3,False,evaluation
S1-651434843,India,0,True,tuning
S1-651435447,US,5,False,evaluation
S1-651520195,India,0,True,evaluation
S1-651545867,India,3,False,tuning
S1-651561780,US,6,False,evaluation
S1-651588162,US,2,False,evaluation
S1-651616371,US,2,False,evaluation
S1-651659905,US,0,True,evaluation
S1-651714099,US,3,False,evaluation
S1-651776246,US,2,False,tuning
S1-651797403,India,0,True,tuning
S1-651809730,India,4,False,evaluation
S1-651853274,US,2,False,evaluation
S1-65185999,US,3,False,evaluation
S1-651910976,India,2,False,tuning
S1-651926985,India,4,False,tuning
S1-65196120,US,3,False,tuning
S1-651962224,US,5,False,tuning
S1-651968557,India,4,False,tuning
S1-651971642,India,7,False,evaluation
S1-652207412,US,3,False,tuning
S1-652328877,US,6,False,evaluation
S1-652455508,US,3,False,evaluation
S1-652488528,US,4,False,evaluation
S1-652606013,US,5,False,evaluation
S1-652620207,US,4,False,tuning
S1-652644877,India,5,False,tuning
S1-652671091,US,6,False,evaluation
S1-652686692,India,6,False,evaluation
S1-652701054,India,4,False,evaluation
S1-652724045,US,5,False,tuning
S1-652788560,India,6,False,evaluation
S1-65286457,US,2,False,evaluation
S1-652889235,India,3,False,tuning
S1-652934586,India,4,False,evaluation
S1-65294881,US,6,False,evaluation
S1-652981761,US,7,False,tuning
S1-65302129,India,2,False,tuning
S1-653037496,US,6,False,tuning
S1-65309853,India,1,False,evaluation
S1-653171933,India,5,False,tuning
S1-653180750,US,3,False,tuning
S1-653183741,India,4,False,evaluation
S1-65318696,India,4,False,tuning
S1-653276352,US,3,False,tuning
S1-65332786,India,0,True,tuning
S1-653438613,US,1,False,evaluation
S1-653470073,India,3,False,evaluation
S1-653478049,India,2,False,evaluation
S1-653504681,US,3,False,evaluation
S1-653520187,US,4,False,evaluation
S1-653525763,India,0,True,evaluation
S1-65353423,US,2,False,evaluation
S1-653544036,India,4,False,evaluation
S1-65355420,US,3,False,tuning
S1-653616015,US,3,False,tuning
S1-653748805,India,3,False,evaluation
S1-653766145,US,5,False,evaluation
S1-653899524,India,2,False,tuning
S1-653972888,US,1,False,evaluation
S1-653979539,US,7,False,evaluation
S1-653981603,US,3,False,evaluation
S1-653984964,India,3,False,evaluation
S1-653993174,India,5,False,tuning
S1-654007281,US,4,False,tuning
S1-65401110,US,5,False,evaluation
S1-65402469,US,4,False,evaluation
S1-654035647,US,0,True,evaluation
S1-65406155,India,1,False,evaluation
S1-65413937,US,4,False,tuning
S1-654150838,India,5,False,evaluation
S1-654186509,US,2,False,evaluation
S1-654221373,US,4,False,evaluation
S1-654340387,US,4,False,evaluation
S1-65435170,US,2,False,tuning
S1-654392894,US,5,False,tuning
S1-65441217,India,2,False,evaluation
S1-654414952,US,4,False,evaluation
S1-654430666,US,0,True,evaluation
S1-654446235,US,4,False,evaluation
S1-654461997,India,4,False,evaluation
S1-654463470,US,2,False,evaluation
S1-65449477,India,3,False,evaluation
S1-654618042,US,3,False,evaluation
S1-654634773,US,6,False,evaluation
S1-654664707,US,3,False,tuning
S1-654765271,US,3,False,evaluation
S1-65481235,US,5,False,tuning
S1-654838535,US,3,False,tuning
S1-654920600,India,2,False,tuning
S1-654927068,US,3,False,tuning
S1-654931605,US,3,False,evaluation
S1-654937627,US,2,False,evaluation
S1-654945895,India,2,False,evaluation
S1-654957737,US,3,False,evaluation
S1-654965413,US,6,False,evaluation
S1-655011184,US,7,False,evaluation
S1-655030668,India,3,False,tuning
S1-655124544,US,3,False,tuning
S1-655153077,India,5,False,evaluation
S1-655167221,India,4,False,tuning
S1-655403839,India,4,False,tuning
S1-655447528,India,3,False,tuning
S1-655511244,US,3,False,evaluation
S1-655603510,US,4,False,evaluation
S1-655628710,US,3,False,tuning
S1-655665109,US,5,False,tuning
S1-655668417,US,0,True,tuning
S1-655698984,US,2,False,tuning
S1-655725251,India,4,False,evaluation
S1-655738578,US,5,False,evaluation
S1-655755769,India,4,False,tuning
S1-655821003,US,4,False,evaluation
S1-655914292,US,1,False,evaluation
S1-655931201,India,1,False,tuning
S1-655932531,US,3,False,tuning
S1-65594619,US,8,False,tuning
S1-655949319,US,2,False,evaluation
S1-655969249,India,3,False,evaluation
S1-65603069,India,2,False,evaluation
S1-656058941,US,3,False,evaluation
S1-65611169,US,0,True,tuning
S1-656148253,US,4,False,evaluation
S1-656193630,US,6,False,evaluation
S1-656251880,India,2,False,evaluation
S1-65634048,India,4,False,evaluation
S1-656357741,India,5,False,evaluation
S1-656461787,India,6,False,evaluation
S1-656476007,US,2,False,evaluation
S1-656629993,US,2,False,evaluation
S1-656765074,India,4,False,evaluation
S1-656775625,India,5,False,evaluation
S1-656891364,US,8,False,tuning
S1-656891408,US,1,False,evaluation
S1-656899899,India,3,False,evaluation
S1-656925366,US,2,False,tuning
S1-65702494,India,3,False,evaluation
S1-65706027,India,7,False,evaluation
S1-657062925,US,3,False,evaluation
S1-657104158,US,4,False,evaluation
S1-657164096,India,4,False,tuning
S1-657177934,US,5,False,tuning
S1-657225507,US,3,False,evaluation
S1-657363889,US,1,False,evaluation
S1-657415534,US,2,False,evaluation
S1-657422429,US,3,False,evaluation
S1-657424646,US,3,False,tuning
S1-657579061,US,3,False,tuning
S1-657583206,US,3,False,tuning
S1-65759508,India,2,False,tuning
S1-657614908,India,5,False,evaluation
S1-657633885,US,7,False,tuning
S1-657646946,India,7,False,tuning
S1-657677432,US,6,False,evaluation
S1-657731983,India,3,False,evaluation
S1-657748914,India,6,False,tuning
S1-657760500,US,4,False,tuning
S1-657773028,India,5,False,tuning
S1-65786000,US,4,False,evaluation
S1-657875070,US,4,False,evaluation
S1-657890721,India,6,False,tuning
S1-657959223,US,5,False,evaluation
S1-65796640,US,2,False,evaluation
S1-65805102,US,4,False,evaluation
S1-658113867,US,1,False,evaluation
S1-658156121,US,6,False,evaluation
S1-658262659,US,2,False,tuning
S1-658343631,India,2,False,evaluation
S1-65837092,India,5,False,tuning
S1-658382112,US,5,False,tuning
S1-658449555,US,3,False,evaluation
S1-658458070,US,4,False,evaluation
S1-658473227,US,2,False,evaluation
S1-658486807,US,3,False,evaluation
S1-658490414,India,0,True,evaluation
S1-65852263,India,2,False,evaluation
S1-658650073,US,7,False,evaluation
S1-658731405,India,5,False,evaluation
S1-658827208,US,3,False,evaluation
S1-658906052,US,2,False,tuning
S1-65894883,India,3,False,evaluation
S1-658984896,India,5,False,evaluation
S1-659023146,US,0,True,evaluation
S1-659033797,US,1,False,evaluation
S1-659111241,India,7,False,tuning
S1-659122398,US,4,False,evaluation
S1-659165390,US,2,False,evaluation
S1-659212657,India,2,False,tuning
S1-659243000,US,5,False,evaluation
S1-659281519,India,2,False,evaluation
S1-65929994,US,4,False,evaluation
S1-659330747,US,4,False,tuning
S1-659445044,India,0,True,evaluation
S1-659521493,India,3,False,evaluation
S1-659639421,India,5,False,evaluation
S1-659654972,US,7,False,tuning
S1-659818576,US,6,False,tuning
S1-659966442,India,2,False,evaluation
S1-660002574,US,4,False,evaluation
S1-660020521,US,3,False,evaluation
S1-66008809,US,4,False,evaluation
S1-66012687,India,5,False,evaluation
S1-660327440,US,2,False,evaluation
S1-660346475,US,6,False,evaluation
S1-660374739,India,2,False,tuning
S1-66040585,US,5,False,evaluation
S1-660597763,India,4,False,evaluation
S1-660603076,US,5,False,evaluation
S1-660684902,India,5,False,evaluation
S1-660751188,India,3,False,evaluation
S1-660861715,India,2,False,tuning
S1-66089841,India,4,False,evaluation
S1-660954186,India,3,False,tuning
S1-661005581,India,6,False,evaluation
S1-661056522,India,4,False,evaluation
S1-661076610,India,2,False,evaluation
S1-661118335,US,4,False,evaluation
S1-661166834,US,3,False,evaluation
S1-661262295,US,5,False,evaluation
S1-661293113,US,2,False,tuning
S1-66137168,India,0,True,evaluation
S1-661406649,India,6,False,evaluation
S1-661444489,India,2,False,evaluation
S1-661466691,US,5,False,evaluation
S1-661553077,US,3,False,evaluation
S1-661584637,US,0,True,tuning
S1-661630891,US,2,False,evaluation
S1-661655631,India,5,False,evaluation
S1-661656976,US,7,False,evaluation
S1-661658677,India,5,False,evaluation
S1-661678247,US,4,False,tuning
S1-662028850,India,5,False,evaluation
S1-662057090,India,4,False,tuning
S1-662070399,India,3,False,tuning
S1-662139793,US,3,False,tuning
S1-662157730,India,4,False,tuning
S1-662185589,India,3,False,tuning
S1-662325954,US,5,False,evaluation
S1-662342412,US,5,False,evaluation
S1-662345416,US,3,False,tuning
S1-662351648,US,4,False,evaluation
S1-662589961,US,4,False,evaluation
S1-662616864,India,0,True,tuning
S1-662643791,US,5,False,evaluation
S1-662679020,India,2,False,evaluation
S1-662724533,India,4,False,evaluation
S1-662792716,US,5,False,tuning
S1-662822472,India,4,False,tuning
S1-662840975,US,5,False,evaluation
S1-662858408,US,2,False,tuning
S1-662961085,India,3,False,evaluation
S1-662971844,US,1,False,evaluation
S1-662977170,US,4,False,evaluation
S1-662983092,India,4,False,evaluation
S1-663061973,US,2,False,tuning
S1-663105325,US,4,False,tuning
S1-663139877,India,2,False,evaluation
S1-663157555,US,6,False,tuning
S1-663176890,India,2,False,tuning
S1-663202798,US,4,False,evaluation
S1-663397017,India,3,False,tuning
S1-663424020,US,3,False,tuning
S1-663477611,US,0,True,tuning
S1-663606471,US,3,False,evaluation
S1-663607201,India,4,False,evaluation
S1-663617028,US,3,False,evaluation
S1-663642722,US,2,False,tuning
S1-66367440,US,4,False,evaluation
S1-663677899,US,5,False,evaluation
S1-663679305,India,1,False,evaluation
S1-663711365,India,2,False,evaluation
S1-663756160,US,4,False,tuning
S1-663917784,US,4,False,tuning
S1-663933476,US,6,False,tuning
S1-664011754,US,3,False,evaluation
S1-664028888,India,7,False,evaluation
S1-664029222,India,4,False,evaluation
S1-664082661,US,7,False,evaluation
S1-664102768,US,2,False,evaluation
S1-664171369,US,3,False,evaluation
S1-664237777,US,0,True,tuning
S1-664293513,US,5,False,tuning
S1-664301320,US,3,False,evaluation
S1-664332992,US,4,False,tuning
S1-664423314,US,2,False,evaluation
S1-664495011,India,3,False,tuning
S1-664607883,India,0,True,evaluation
S1-664632844,US,4,False,tuning
S1-66469301,India,2,False,tuning
S1-664705731,India,3,False,tuning
S1-664902513,India,4,False,tuning
S1-664953576,US,3,False,evaluation
S1-664969815,India,2,False,evaluation
S1-66502389,US,1,False,tuning
S1-665252792,US,1,False,evaluation
S1-66526236,US,4,False,evaluation
S1-665339084,India,4,False,tuning
S1-665411116,US,4,False,tuning
S1-665418781,US,2,False,tuning
S1-665480315,US,4,False,evaluation
S1-665498062,India,6,False,evaluation
S1-6655083,India,3,False,tuning
S1-665540125,India,2,False,evaluation
S1-66558968,India,3,False,evaluation
S1-665688661,US,5,False,evaluation
S1-665823879,India,3,False,evaluation
S1-665829108,India,3,False,evaluation
S1-66583828,US,6,False,evaluation
S1-665905670,US,5,False,tuning
S1-665986473,US,1,False,evaluation
S1-666000805,US,3,False,tuning
S1-666007214,India,1,False,evaluation
S1-666016256,US,5,False,evaluation
S1-666025421,India,4,False,tuning
S1-666100628,US,3,False,evaluation
S1-666109682,US,4,False,tuning
S1-666138802,US,3,False,evaluation
S1-666237282,US,0,True,tuning
S1-666432262,US,0,True,evaluation
S1-666451171,US,9,False,evaluation
S1-666566540,US,4,False,evaluation
S1-666569071,US,6,False,tuning
S1-666632115,India,3,False,evaluation
S1-666655857,India,4,False,evaluation
S1-666661269,US,4,False,evaluation
S1-66669721,US,2,False,tuning
S1-666744771,India,3,False,tuning
S1-666751712,India,4,False,evaluation
S1-66676044,India,3,False,evaluation
S1-666804844,US,7,False,evaluation
S1-666940771,India,0,True,tuning
S1-66698016,India,5,False,tuning
S1-666983159,US,2,False,tuning
S1-667058230,India,4,False,tuning
S1-667110247,US,3,False,evaluation
S1-667189562,US,4,False,evaluation
S1-667193571,US,0,True,evaluation
S1-667195547,US,2,False,tuning
S1-667205231,India,5,False,tuning
S1-667212868,US,3,False,tuning
S1-667225849,US,10,False,tuning
S1-667309888,India,4,False,tuning
S1-667416990,India,3,False,evaluation
S1-667442864,US,4,False,evaluation
S1-667601143,India,4,False,tuning
S1-667727026,US,3,False,evaluation
S1-667774821,US,2,False,tuning
S1-667916900,US,4,False,evaluation
S1-66793532,India,2,False,evaluation
S1-667999190,India,3,False,evaluation
S1-668051507,US,6,False,evaluation
S1-668111183,India,3,False,tuning
S1-668209029,US,4,False,evaluation
S1-668446835,US,5,False,evaluation
S1-668475665,India,1,False,evaluation
S1-668512504,India,1,False,tuning
S1-668592015,US,7,False,evaluation
S1-668661320,US,3,False,tuning
S1-668689693,US,4,False,tuning
S1-668737310,India,5,False,evaluation
S1-668747039,India,3,False,tuning
S1-668757271,US,5,False,evaluation
S1-668826941,US,3,False,evaluation
S1-668876960,US,5,False,tuning
S1-668947246,India,4,False,evaluation
S1-669026235,US,5,False,evaluation
S1-669160086,US,4,False,evaluation
S1-669173899,India,4,False,evaluation
S1-669194366,US,3,False,evaluation
S1-669249123,US,1,False,evaluation
S1-669266648,India,6,False,tuning
S1-669294415,US,6,False,evaluation
S1-669371909,US,3,False,tuning
S1-669384050,US,4,False,evaluation
S1-669491236,US,4,False,tuning
S1-669708561,India,4,False,tuning
S1-669783270,India,2,False,evaluation
S1-669823917,US,5,False,evaluation
S1-669940373,US,4,False,tuning
S1-669950287,India,4,False,evaluation
S1-67000417,US,3,False,evaluation
S1-670119172,US,4,False,tuning
S1-670152,US,3,False,evaluation
S1-670195182,US,2,False,evaluation
S1-67021415,India,3,False,tuning
S1-670223520,US,3,False,tuning
S1-670241401,US,5,False,tuning
S1-670353392,India,6,False,evaluation
S1-670354065,US,2,False,evaluation
S1-670394361,US,0,True,evaluation
S1-670401501,US,1,False,tuning
S1-670401725,US,3,False,tuning
S1-670490452,US,3,False,evaluation
S1-67049280,US,3,False,evaluation
S1-67051885,India,0,True,evaluation
S1-670637378,India,5,False,tuning
S1-670713280,India,6,False,evaluation
S1-670754726,US,4,False,evaluation
S1-670793103,US,5,False,evaluation
S1-670816162,US,3,False,evaluation
S1-671005567,India,3,False,evaluation
S1-671043196,US,4,False,evaluation
S1-671045242,India,4,False,evaluation
S1-671140573,US,6,False,evaluation
S1-671185537,US,5,False,tuning
S1-671207789,US,4,False,tuning
S1-671238547,US,2,False,evaluation
S1-671243163,US,4,False,evaluation
S1-671330090,US,1,False,tuning
S1-671345674,India,2,False,tuning
S1-671506548,India,7,False,tuning
S1-671643975,India,1,False,evaluation
S1-671689886,India,3,False,tuning
S1-671729724,India,5,False,evaluation
S1-671733364,US,2,False,evaluation
S1-671866036,India,3,False,tuning
S1-671885362,India,1,False,tuning
S1-67189826,India,5,False,evaluation
S1-671906275,US,5,False,tuning
S1-671923774,US,5,False,tuning
S1-671959410,US,4,False,tuning
S1-671969039,US,5,False,tuning
S1-672002439,US,7,False,tuning
S1-672063891,India,1,False,tuning
S1-672064749,US,4,False,evaluation
S1-672109803,US,3,False,evaluation
S1-672121303,US,3,False,tuning
S1-67218651,US,5,False,tuning
S1-672196767,US,4,False,evaluation
S1-67221045,US,4,False,evaluation
S1-672224926,US,2,False,tuning
S1-672262623,US,4,False,evaluation
S1-672300428,US,3,False,evaluation
S1-672337351,India,5,False,evaluation
S1-672338080,US,4,False,evaluation
S1-672360629,US,4,False,tuning
S1-672439989,US,4,False,tuning
S1-672448600,US,2,False,tuning
S1-672477386,US,0,True,evaluation
S1-672583593,India,6,False,tuning
S1-672593909,India,4,False,evaluation
S1-672596394,US,5,False,evaluation
S1-67264939,US,3,False,evaluation
S1-67265355,India,6,False,evaluation
S1-672713980,US,5,False,evaluation
S1-672786786,US,3,False,evaluation
S1-672805723,India,3,False,evaluation
S1-672866361,India,4,False,evaluation
S1-672933389,US,2,False,evaluation
S1-673000969,India,3,False,tuning
S1-673023531,India,1,False,tuning
S1-673058364,US,6,False,evaluation
S1-673076957,India,4,False,tuning
S1-673189699,India,1,False,evaluation
S1-673287468,US,3,False,evaluation
S1-673341067,US,0,True,tuning
S1-673411642,India,2,False,tuning
S1-673416254,US,3,False,tuning
S1-67342783,US,8,False,tuning
S1-673441299,India,5,False,evaluation
S1-67350114,India,4,False,evaluation
S1-673684196,US,3,False,evaluation
S1-673771556,US,5,False,evaluation
S1-67378978,US,6,False,evaluation
S1-673850483,India,5,False,evaluation
S1-673871366,US,6,False,evaluation
S1-673988144,India,3,False,evaluation
S1-674013823,US,2,False,tuning
S1-674085285,US,1,False,evaluation
S1-674132530,US,3,False,tuning
S1-674140571,US,1,False,evaluation
S1-674155332,US,5,False,evaluation
S1-674177311,India,2,False,evaluation
S1-674179093,India,2,False,tuning
S1-674211115,US,2,False,evaluation
S1-674217853,US,2,False,evaluation
S1-674250113,US,3,False,evaluation
S1-67434444,India,6,False,tuning
S1-674429070,US,2,False,tuning
S1-674446042,US,1,False,evaluation
S1-674446633,India,2,False,evaluation
S1-674459500,US,5,False,evaluation
S1-674488436,US,2,False,evaluation
S1-674582537,US,2,False,evaluation
S1-674603168,India,7,False,evaluation
S1-674619972,US,6,False,tuning
S1-674653352,India,5,False,tuning
S1-67475930,US,1,False,evaluation
S1-674763009,India,2,False,evaluation
S1-674783473,US,4,False,evaluation
S1-674794739,US,5,False,evaluation
S1-674807618,India,3,False,evaluation
S1-674853102,India,3,False,evaluation
S1-674870984,US,5,False,evaluation
S1-674909817,India,5,False,tuning
S1-674928932,India,4,False,evaluation
S1-674939035,US,3,False,tuning
S1-67494358,India,4,False,evaluation
S1-674962679,India,3,False,tuning
S1-675009607,US,5,False,evaluation
S1-675079611,US,5,False,tuning
S1-675080552,US,2,False,tuning
S1-675084263,India,4,False,evaluation
S1-675101953,US,5,False,tuning
S1-67511788,US,3,False,tuning
S1-675246607,US,3,False,tuning
S1-675268956,US,6,False,tuning
S1-675302000,US,3,False,evaluation
S1-675327091,US,7,False,evaluation
S1-675372310,India,3,False,tuning
S1-675428922,US,4,False,evaluation
S1-675516633,US,1,False,evaluation
S1-675552283,US,2,False,tuning
S1-675583221,US,2,False,evaluation
S1-67570858,US,2,False,tuning
S1-675737415,US,5,False,evaluation
S1-675774576,US,2,False,tuning
S1-675813766,India,2,False,evaluation
S1-675924804,US,2,False,evaluation
S1-675930688,India,3,False,tuning
S1-676023782,US,6,False,tuning
S1-676054517,US,3,False,evaluation
S1-676099287,US,6,False,evaluation
S1-676168050,India,3,False,tuning
S1-676170751,India,4,False,tuning
S1-676204094,India,4,False,tuning
S1-676237861,India,2,False,tuning
S1-676276607,US,2,False,tuning
S1-676356632,US,0,True,evaluation
S1-676361594,US,3,False,tuning
S1-676372098,US,0,True,evaluation
S1-676466263,US,4,False,evaluation
S1-676497175,US,5,False,evaluation
S1-676509668,US,5,False,evaluation
S1-676618112,US,4,False,evaluation
S1-67665137,US,4,False,tuning
S1-676755754,India,0,True,evaluation
S1-67681390,India,6,False,evaluation
S1-676861886,US,5,False,evaluation
S1-67688311,India,3,False,tuning
S1-676889898,US,2,False,tuning
S1-676890599,US,2,False,evaluation
S1-676891085,India,5,False,evaluation
S1-676895763,US,2,False,evaluation
S1-676907980,US,5,False,evaluation
S1-676979674,US,2,False,tuning
S1-677057414,US,4,False,tuning
S1-677142822,US,4,False,tuning
S1-677301360,US,3,False,evaluation
S1-677327761,India,5,False,tuning
S1-677598357,US,2,False,tuning
S1-677660919,India,6,False,evaluation
S1-677668487,US,3,False,evaluation
S1-677684776,US,2,False,evaluation
S1-677739749,US,2,False,evaluation
S1-677756866,India,5,False,evaluation
S1-677790827,India,4,False,evaluation
S1-67779116,US,2,False,tuning
S1-677818274,India,4,False,evaluation
S1-677824037,US,3,False,evaluation
S1-677884441,US,4,False,evaluation
S1-677904482,India,4,False,evaluation
S1-677906740,US,2,False,tuning
S1-677974743,US,6,False,evaluation
S1-67809806,US,5,False,evaluation
S1-678123101,US,2,False,tuning
S1-678125259,India,3,False,evaluation
S1-67814439,US,2,False,tuning
S1-678157430,US,5,False,tuning
S1-678263818,US,2,False,evaluation
S1-678323760,India,3,False,tuning
S1-678352529,US,2,False,evaluation
S1-678415697,India,3,False,tuning
S1-678417458,India,4,False,evaluation
S1-678440162,US,0,True,evaluation
S1-678494187,India,3,False,evaluation
S1-678506848,India,8,False,evaluation
S1-678530748,US,3,False,tuning
S1-678556098,India,3,False,evaluation
S1-678591491,US,0,True,evaluation
S1-678624873,India,3,False,evaluation
S1-678704867,India,5,False,tuning
S1-678749147,US,2,False,evaluation
S1-678752269,US,2,False,tuning
S1-678777092,India,0,True,evaluation
S1-678838281,US,3,False,evaluation
S1-678941766,US,0,True,tuning
S1-678949323,US,5,False,evaluation
S1-678960596,India,3,False,tuning
S1-678993357,US,5,False,tuning
S1-678998339,US,5,False,evaluation
S1-679073547,India,0,True,evaluation
S1-679101498,US,4,False,tuning
S1-679220771,US,6,False,tuning
S1-679272214,India,1,False,tuning
S1-679340195,US,5,False,evaluation
S1-679351027,US,0,True,tuning
S1-679399812,US,2,False,evaluation
S1-679549922,US,3,False,evaluation
S1-67955438,US,6,False,evaluation
S1-679563429,US,4,False,tuning
S1-679570249,US,3,False,evaluation
S1-679693473,US,3,False,evaluation
S1-679715161,US,2,False,evaluation
S1-679751687,US,3,False,evaluation
S1-679798852,India,4,False,evaluation
S1-679809441,US,4,False,evaluation
S1-679826090,US,3,False,tuning
S1-67984413,US,3,False,evaluation
S1-679923251,US,5,False,tuning
S1-679940368,India,3,False,tuning
S1-679951158,India,3,False,evaluation
S1-680016040,India,2,False,evaluation
S1-680049092,US,2,False,tuning
S1-680135239,US,3,False,evaluation
S1-680172594,US,7,False,tuning
S1-680221047,India,3,False,evaluation
S1-680278580,India,5,False,tuning
S1-68041748,US,2,False,tuning
S1-680559886,India,4,False,evaluation
S1-680573667,US,3,False,evaluation
S1-68057962,India,4,False,tuning
S1-680586045,India,4,False,evaluation
S1-680588005,India,3,False,tuning
S1-680596315,US,3,False,evaluation
S1-680679381,US,3,False,evaluation
S1-680700185,US,4,False,tuning
S1-680717919,US,1,False,evaluation
S1-680740154,US,4,False,evaluation
S1-680746477,India,4,False,tuning
S1-680767184,India,4,False,tuning
S1-680789620,US,3,False,evaluation
S1-680820427,India,2,False,evaluation
S1-680843991,US,3,False,tuning
S1-680849014,India,4,False,tuning
S1-680863051,US,0,True,tuning
S1-680895988,India,3,False,evaluation
S1-680921629,US,3,False,evaluation
S1-681006617,India,3,False,evaluation
S1-681030174,US,3,False,tuning
S1-681059554,US,0,True,evaluation
S1-681064764,India,3,False,evaluation
S1-681148374,US,4,False,tuning
S1-681150510,US,5,False,tuning
S1-681182168,India,6,False,evaluation
S1-681228411,US,7,False,tuning
S1-681232770,US,3,False,evaluation
S1-681233599,India,2,False,evaluation
S1-681391826,US,4,False,evaluation
S1-681429553,India,4,False,evaluation
S1-681458839,US,4,False,evaluation
S1-681472638,US,8,False,evaluation
S1-681510846,India,3,False,evaluation
S1-68151977,India,4,False,evaluation
S1-681659843,India,3,False,evaluation
S1-681675408,US,4,False,evaluation
S1-681697912,US,8,False,evaluation
S1-681710657,US,4,False,evaluation
S1-681729176,India,3,False,evaluation
S1-681738166,US,4,False,evaluation
S1-681754831,India,4,False,evaluation
S1-681756335,US,4,False,evaluation
S1-68175654,India,2,False,evaluation
S1-681801709,India,2,False,evaluation
S1-681852109,US,5,False,tuning
S1-681855114,India,3,False,evaluation
S1-681868907,India,5,False,tuning
S1-682000054,US,5,False,evaluation
S1-68203113,US,7,False,tuning
S1-682097721,US,5,False,evaluation
S1-682165885,India,5,False,evaluation
S1-682195861,US,3,False,tuning
S1-682229166,US,4,False,evaluation
S1-682316260,India,3,False,tuning
S1-682399394,US,3,False,evaluation
S1-68240214,India,4,False,evaluation
S1-682472084,India,5,False,tuning
S1-682506256,US,3,False,evaluation
S1-682514588,India,5,False,tuning
S1-682645246,US,3,False,evaluation
S1-68265969,US,1,False,evaluation
S1-682663510,US,4,False,tuning
S1-682684106,India,0,True,evaluation
S1-682708599,US,8,False,evaluation
S1-682724059,US,5,False,tuning
S1-682738473,US,4,False,evaluation
S1-682802008,India,2,False,evaluation
S1-682896295,US,3,False,evaluation
S1-682925645,India,3,False,evaluation
S1-683100828,US,1,False,tuning
S1-683109005,US,4,False,evaluation
S1-683128976,US,4,False,tuning
S1-683149113,US,3,False,evaluation
S1-683238530,US,3,False,tuning
S1-683287241,India,2,False,evaluation
S1-683294087,US,4,False,evaluation
S1-683306404,India,2,False,evaluation
S1-683330170,US,5,False,evaluation
S1-683368927,India,4,False,tuning
S1-683381662,US,5,False,evaluation
S1-683489545,US,1,False,tuning
S1-683502282,US,3,False,tuning
S1-683508858,US,6,False,tuning
S1-683511592,India,3,False,evaluation
S1-683589444,US,4,False,tuning
S1-683596902,India,2,False,evaluation
S1-68364853,India,3,False,evaluation
S1-683682122,US,5,False,tuning
S1-683701684,India,2,False,tuning
S1-683778579,US,5,False,evaluation
S1-683789011,US,7,False,evaluation
S1-683821964,India,7,False,tuning
S1-683828229,US,5,False,evaluation
S1-683830794,India,0,True,tuning
S1-683854047,US,4,False,tuning
S1-683858141,India,3,False,tuning
S1-683957979,India,0,True,evaluation
S1-683961631,US,3,False,tuning
S1-684023831,India,5,False,evaluation
S1-684041964,US,6,False,tuning
S1-684129904,India,0,True,tuning
S1-684233467,US,5,False,tuning
S1-684265585,US,4,False,tuning
S1-684278658,US,4,False,tuning
S1-684313355,India,7,False,evaluation
S1-684323658,US,0,True,evaluation
S1-684399085,India,3,False,evaluation
S1-684464659,India,3,False,evaluation
S1-684505968,India,3,False,tuning
S1-684544901,India,4,False,tuning
S1-684643698,US,3,False,evaluation
S1-684710470,India,4,False,tuning
S1-684728974,US,0,True,evaluation
S1-684774879,India,3,False,tuning
S1-684872138,India,2,False,tuning
S1-684901312,US,3,False,evaluation
S1-685071296,US,7,False,evaluation
S1-68509925,US,4,False,evaluation
S1-685180981,US,4,False,tuning
S1-685195857,US,4,False,evaluation
S1-685271686,US,3,False,evaluation
S1-685335289,US,1,False,evaluation
S1-685398241,India,5,False,evaluation
S1-68563737,US,2,False,evaluation
S1-685645440,India,2,False,evaluation
S1-685666710,US,5,False,evaluation
S1-685792640,US,5,False,evaluation
S1-685801471,US,3,False,evaluation
S1-685937192,US,5,False,tuning
S1-685944570,US,6,False,evaluation
S1-685950649,US,0,True,tuning
S1-686291272,India,7,False,tuning
S1-686319556,US,3,False,evaluation
S1-686320969,India,4,False,evaluation
S1-686381357,India,0,True,evaluation
S1-686409485,India,2,False,tuning
S1-686449760,US,4,False,evaluation
S1-686523074,India,3,False,evaluation
S1-686576993,India,5,False,evaluation
S1-68662719,US,6,False,tuning
S1-686671014,India,3,False,tuning
S1-686685414,US,0,True,evaluation
S1-686691902,US,3,False,evaluation
S1-686710063,US,3,False,evaluation
S1-686754004,US,5,False,tuning
S1-686754743,India,2,False,tuning
S1-686784785,US,2,False,tuning
S1-686797023,India,3,False,evaluation
S1-686798760,US,6,False,evaluation
S1-68690736,US,4,False,tuning
S1-686917501,US,4,False,tuning
S1-686917512,US,6,False,evaluation
S1-687002409,US,6,False,evaluation
S1-687003833,US,6,False,evaluation
S1-687028195,US,4,False,evaluation
S1-687058892,US,4,False,evaluation
S1-687173376,US,4,False,evaluation
S1-687194279,India,3,False,evaluation
S1-687221281,US,6,False,evaluation
S1-687251330,US,3,False,evaluation
S1-68727730,US,4,False,evaluation
S1-687378261,India,5,False,tuning
S1-687394374,US,4,False,tuning
S1-687400298,US,3,False,tuning
S1-687470620,India,4,False,evaluation
S1-687591878,US,5,False,tuning
S1-687639154,US,2,False,evaluation
S1-687721984,US,1,False,evaluation
S1-687870239,US,3,False,tuning
S1-687896053,US,2,False,tuning
S1-687897528,India,3,False,tuning
S1-687899650,US,6,False,evaluation
S1-687982711,India,3,False,tuning
S1-688071877,US,0,True,evaluation
S1-688117926,India,4,False,tuning
S1-688132597,India,4,False,evaluation
S1-688193916,US,2,False,tuning
S1-688205279,India,4,False,tuning
S1-68824362,India,4,False,evaluation
S1-688274214,US,0,True,evaluation
S1-68828378,India,4,False,tuning
S1-68833799,US,4,False,evaluation
S1-688344844,US,3,False,evaluation
S1-688349005,India,4,False,tuning
S1-688509450,India,5,False,tuning
S1-688562721,US,2,False,evaluation
S1-688776895,India,6,False,tuning
S1-688777981,India,5,False,tuning
S1-688802497,US,5,False,evaluation
S1-688812096,India,3,False,evaluation
S1-688849084,India,3,False,tuning
S1-688916808,US,3,False,tuning
S1-689007006,US,5,False,evaluation
S1-689016393,India,7,False,evaluation
S1-689156450,US,4,False,evaluation
S1-689235260,US,0,True,evaluation
S1-68928346,India,4,False,tuning
S1-689499161,US,4,False,evaluation
S1-689550949,India,3,False,evaluation
S1-689599432,US,2,False,tuning
S1-689865665,US,7,False,tuning
S1-689892981,US,4,False,evaluation
S1-689959614,US,2,False,evaluation
S1-689987764,India,3,False,evaluation
S1-690001835,India,5,False,tuning
S1-690078961,US,5,False,tuning
S1-690082321,India,2,False,evaluation
S1-690122386,India,2,False,tuning
S1-690162919,US,6,False,tuning
S1-690210745,India,1,False,tuning
S1-690212038,US,4,False,evaluation
S1-6902216,US,4,False,evaluation
S1-690264066,US,7,False,evaluation
S1-690342926,India,1,False,tuning
S1-690354847,India,7,False,tuning
S1-690429137,US,5,False,evaluation
S1-690459163,US,4,False,evaluation
S1-690534353,US,3,False,tuning
S1-690540828,India,3,False,evaluation
S1-690595270,US,2,False,tuning
S1-690624471,US,2,False,tuning
S1-690628229,US,3,False,evaluation
S1-690709057,India,5,False,evaluation
S1-690716160,India,4,False,evaluation
S1-690866228,US,5,False,tuning
S1-690973021,India,3,False,evaluation
S1-690978444,US,4,False,tuning
S1-690998013,India,3,False,tuning
S1-691035668,US,3,False,tuning
S1-691050072,US,3,False,evaluation
S1-691059878,India,3,False,evaluation
S1-691095839,US,2,False,evaluation
S1-691098168,India,6,False,tuning
S1-691137304,India,2,False,evaluation
S1-691224479,India,3,False,tuning
S1-691235486,US,4,False,evaluation
S1-691308288,India,3,False,tuning
S1-691336944,India,4,False,evaluation
S1-691375073,India,3,False,evaluation
S1-691412093,US,5,False,tuning
S1-691413866,US,6,False,evaluation
S1-691447831,India,9,False,evaluation
S1-691459875,US,6,False,evaluation
S1-691462007,US,3,False,evaluation
S1-691467380,US,3,False,evaluation
S1-691519739,India,6,False,evaluation
S1-691548900,US,2,False,tuning
S1-691756627,US,3,False,evaluation
S1-691769641,US,2,False,tuning
S1-691806118,India,5,False,tuning
S1-691832510,US,4,False,evaluation
S1-691834042,India,4,False,tuning
S1-691866686,US,1,False,tuning
S1-691955778,US,2,False,tuning
S1-692009875,India,5,False,tuning
S1-692129871,India,4,False,evaluation
S1-692166842,India,5,False,evaluation
S1-692179759,India,2,False,evaluation
S1-692222513,US,2,False,tuning
S1-692236777,US,3,False,evaluation
S1-692274887,India,5,False,tuning
S1-69229453,US,7,False,tuning
S1-692329854,India,5,False,evaluation
S1-692401939,US,1,False,evaluation
S1-692408176,India,4,False,tuning
S1-692417080,US,2,False,tuning
S1-692428429,US,4,False,tuning
S1-692496330,India,4,False,evaluation
S1-692532849,US,1,False,evaluation
S1-692539266,US,4,False,tuning
S1-692540303,India,3,False,tuning
S1-692583868,US,6,False,evaluation
S1-692679732,US,7,False,tuning
S1-692727959,US,6,False,tuning
S1-692814126,US,5,False,evaluation
S1-692821756,India,5,False,tuning
S1-69284204,India,3,False,tuning
S1-692850742,US,6,False,evaluation
S1-693015686,US,6,False,tuning
S1-693057095,US,4,False,evaluation
S1-693080514,India,3,False,evaluation
S1-693211851,India,6,False,tuning
S1-693275782,India,3,False,evaluation
S1-693359305,India,6,False,evaluation
S1-693379665,India,3,False,tuning
S1-693462022,India,4,False,evaluation
S1-693464487,US,4,False,evaluation
S1-693515925,India,4,False,evaluation
S1-69353082,US,4,False,evaluation
S1-693534174,US,4,False,evaluation
S1-693539373,US,2,False,evaluation
S1-693571732,US,1,False,evaluation
S1-693658125,US,6,False,evaluation
S1-693662863,US,3,False,tuning
S1-6936839,US,7,False,tuning
S1-693690841,US,6,False,evaluation
S1-693755123,US,2,False,evaluation
S1-693786613,India,2,False,evaluation
S1-693796318,US,6,False,evaluation
S1-693858859,US,4,False,evaluation
S1-693877598,US,0,True,evaluation
S1-693944426,India,0,True,tuning
S1-694002491,India,4,False,tuning
S1-694031633,US,7,False,tuning
S1-694033042,India,2,False,tuning
S1-694130723,US,0,True,tuning
S1-694179095,US,6,False,tuning
S1-694229707,India,6,False,tuning
S1-694239366,India,1,False,evaluation
S1-694240808,India,4,False,evaluation
S1-694272919,US,5,False,evaluation
S1-694388757,India,5,False,tuning
S1-694417611,US,1,False,tuning
S1-69448189,US,3,False,evaluation
S1-694492447,India,4,False,evaluation
S1-694538812,US,4,False,evaluation
S1-694593100,India,1,False,tuning
S1-694620380,US,2,False,evaluation
S1-694621110,US,3,False,tuning
S1-694707517,US,5,False,tuning
S1-694707743,India,1,False,tuning
S1-694720094,India,2,False,evaluation
S1-694758801,US,3,False,tuning
S1-69494429,India,4,False,tuning
S1-694955491,India,3,False,evaluation
S1-694967517,India,6,False,evaluation
S1-695024759,US,2,False,tuning
S1-695025262,India,7,False,evaluation
S1-6950423,US,3,False,evaluation
S1-695043428,US,6,False,evaluation
S1-695071740,US,4,False,tuning
S1-695103630,US,6,False,tuning
S1-695107679,India,5,False,tuning
S1-695131488,US,4,False,tuning
S1-695299838,US,4,False,tuning
S1-695325672,India,5,False,evaluation
S1-69535167,India,4,False,evaluation
S1-695496929,India,2,False,evaluation
S1-695585525,India,2,False,evaluation
S1-695607786,US,0,True,evaluation
S1-695616735,India,2,False,tuning
S1-695629530,India,4,False,evaluation
S1-695640905,US,3,False,evaluation
S1-69567013,US,3,False,evaluation
S1-695683345,India,2,False,tuning
S1-695755339,India,3,False,tuning
S1-695911911,US,5,False,evaluation
S1-696033024,US,4,False,tuning
S1-696133676,US,5,False,tuning
S1-696253050,India,4,False,tuning
S1-696292152,India,0,True,evaluation
S1-696329631,US,3,False,tuning
S1-696432500,US,3,False,tuning
S1-69645686,India,4,False,evaluation
S1-696461964,US,4,False,evaluation
S1-696494381,US,4,False,evaluation
S1-696534194,US,4,False,tuning
S1-696556941,US,5,False,tuning
S1-696644904,India,7,False,evaluation
S1-696675899,US,6,False,evaluation
S1-696783947,US,3,False,tuning
S1-696788972,US,2,False,tuning
S1-69679253,India,4,False,tuning
S1-696970799,US,3,False,evaluation
S1-697011030,US,2,False,evaluation
S1-697020639,India,4,False,evaluation
S1-697055320,India,4,False,evaluation
S1-697130819,US,2,False,evaluation
S1-69715135,India,3,False,tuning
S1-697181420,India,4,False,evaluation
S1-697286566,US,2,False,evaluation
S1-69735506,India,4,False,tuning
S1-697403625,US,3,False,evaluation
S1-697528787,US,3,False,tuning
S1-697531870,US,2,False,tuning
S1-697576249,India,0,True,evaluation
S1-697734714,US,1,False,evaluation
S1-697748941,US,5,False,tuning
S1-69779952,US,3,False,evaluation
S1-697823872,India,4,False,tuning
S1-697935536,India,3,False,evaluation
S1-697950645,India,3,False,tuning
S1-698199820,India,5,False,tuning
S1-698220700,US,5,False,evaluation
S1-698232418,US,2,False,tuning
S1-698232982,India,2,False,tuning
S1-698241265,US,3,False,tuning
S1-698338435,US,0,True,tuning
S1-698340183,US,3,False,evaluation
S1-698499075,US,4,False,tuning
S1-698552884,US,5,False,evaluation
S1-698590396,India,4,False,evaluation
S1-698624705,India,0,True,evaluation
S1-69864710,US,1,False,evaluation
S1-698683517,US,4,False,evaluation
S1-698707506,India,4,False,evaluation
S1-698728337,India,7,False,evaluation
S1-698731808,India,8,False,tuning
S1-698789304,India,6,False,tuning
S1-698824798,India,2,False,evaluation
S1-698924532,US,3,False,tuning
S1-69892528,India,2,False,evaluation
S1-698933499,US,4,False,evaluation
S1-698953170,US,2,False,evaluation
S1-698954473,India,4,False,evaluation
S1-699096161,India,3,False,evaluation
S1-699144495,India,5,False,evaluation
S1-69915174,US,4,False,tuning
S1-699158650,US,2,False,evaluation
S1-699248674,US,4,False,evaluation
S1-699315344,India,2,False,evaluation
S1-699360780,India,3,False,evaluation
S1-699406605,India,6,False,evaluation
S1-699427336,India,4,False,evaluation
S1-699473608,US,5,False,evaluation
S1-699479671,India,4,False,evaluation
S1-6994850,India,5,False,evaluation
S1-699641143,India,3,False,evaluation
S1-69965262,US,5,False,evaluation
S1-699672922,US,4,False,evaluation
S1-699705529,US,8,False,evaluation
S1-699857230,India,5,False,evaluation
S1-699920745,US,4,False,evaluation
S1-699925829,US,5,False,tuning
S1-699963820,US,4,False,tuning
S1-69999164,US,5,False,tuning
S1-700057239,US,6,False,tuning
S1-700204880,US,4,False,tuning
S1-700314470,India,0,True,tuning
S1-700430132,India,7,False,evaluation
S1-700446858,US,3,False,tuning
S1-700503035,India,2,False,evaluation
S1-700530404,India,2,False,tuning
S1-700554938,US,6,False,evaluation
S1-700573485,US,4,False,evaluation
S1-700682112,India,0,True,evaluation
S1-70071893,US,0,True,tuning
S1-700735256,India,3,False,evaluation
S1-70076119,US,2,False,evaluation
S1-700781810,US,5,False,tuning
S1-700801541,India,3,False,evaluation
S1-700853503,US,3,False,tuning
S1-700922515,US,4,False,evaluation
S1-700940043,US,3,False,evaluation
S1-700989284,US,3,False,evaluation
S1-700999695,India,2,False,evaluation
S1-701069923,India,5,False,tuning
S1-701229006,India,4,False,tuning
S1-701229589,US,8,False,tuning
S1-701235675,US,7,False,tuning
S1-701253102,US,3,False,tuning
S1-701291501,India,3,False,tuning
S1-701363673,India,5,False,evaluation
S1-70148931,US,2,False,evaluation
S1-701545550,US,3,False,evaluation
S1-701580649,US,3,False,evaluation
S1-70164720,India,4,False,tuning
S1-701717394,India,4,False,tuning
S1-701838869,US,3,False,tuning
S1-701982192,US,2,False,evaluation
S1-701984774,US,4,False,evaluation
S1-702063741,India,1,False,evaluation
S1-702070074,India,3,False,tuning
S1-702087280,India,6,False,evaluation
S1-702102195,US,4,False,tuning
S1-702112121,US,4,False,tuning
S1-702131349,US,3,False,tuning
S1-702168370,US,2,False,tuning
S1-702225493,India,0,True,evaluation
S1-702255217,India,3,False,evaluation
S1-702290248,US,4,False,tuning
S1-702354717,US,6,False,tuning
S1-702356217,US,3,False,tuning
S1-702388870,US,5,False,evaluation
S1-702413155,US,5,False,tuning
S1-702491078,US,1,False,evaluation
S1-702582531,US,2,False,tuning
S1-70259734,India,7,False,evaluation
S1-702628792,US,5,False,evaluation
S1-702648353,India,4,False,evaluation
S1-702726437,US,3,False,evaluation
S1-702740657,US,2,False,tuning
S1-702787402,US,4,False,tuning
S1-70281541,US,0,True,evaluation
S1-70284869,US,4,False,tuning
S1-702857421,India,5,False,tuning
S1-70285883,US,6,False,tuning
S1-702869441,India,3,False,evaluation
S1-702938959,India,2,False,tuning
S1-702962047,India,3,False,evaluation
S1-70302491,US,5,False,tuning
S1-703075192,US,7,False,tuning
S1-703086020,US,2,False,tuning
S1-703111198,US,4,False,evaluation
S1-703174498,India,4,False,evaluation
S1-703195062,India,6,False,evaluation
S1-703314149,India,3,False,evaluation
S1-703347141,US,1,False,tuning
S1-703392925,India,6,False,evaluation
S1-703394682,US,5,False,tuning
S1-703424019,US,5,False,evaluation
S1-703436478,US,2,False,evaluation
S1-703531495,US,2,False,tuning
S1-703588136,India,2,False,evaluation
S1-703622916,India,5,False,tuning
S1-703635082,India,2,False,evaluation
S1-703719630,US,3,False,tuning
S1-703748282,US,1,False,tuning
S1-703842861,US,5,False,tuning
S1-703871630,US,2,False,evaluation
S1-703894001,US,1,False,evaluation
S1-703937281,India,1,False,evaluation
S1-703952126,US,5,False,tuning
S1-704016888,US,4,False,tuning
S1-704089009,US,6,False,evaluation
S1-70409863,US,4,False,tuning
S1-704222281,US,3,False,tuning
S1-704247581,India,5,False,evaluation
S1-704250257,US,3,False,tuning
S1-704257799,US,3,False,evaluation
S1-704278,India,1,False,evaluation
S1-704351263,US,5,False,tuning
S1-704388790,US,2,False,evaluation
S1-704575390,India,4,False,evaluation
S1-704590539,India,4,False,evaluation
S1-704643493,US,2,False,evaluation
S1-704663094,India,4,False,evaluation
S1-704670043,India,4,False,evaluation
S1-704672805,India,3,False,evaluation
S1-704691595,US,3,False,evaluation
S1-70472274,US,6,False,evaluation
S1-704729013,US,3,False,evaluation
S1-704748798,India,3,False,tuning
S1-704818114,US,1,False,tuning
S1-704861753,US,1,False,tuning
S1-704864571,US,7,False,evaluation
S1-704890288,US,1,False,tuning
S1-704950589,India,3,False,evaluation
S1-70498674,US,5,False,tuning
S1-70500322,US,3,False,evaluation
S1-705021136,India,2,False,evaluation
S1-705102787,US,4,False,evaluation
S1-705114179,India,2,False,evaluation
S1-7051597,US,4,False,evaluation
S1-705164379,US,0,True,tuning
S1-705248808,India,3,False,tuning
S1-705269776,US,3,False,evaluation
S1-705289017,US,3,False,evaluation
S1-705312894,India,5,False,evaluation
S1-705438703,US,3,False,tuning
S1-705476631,India,4,False,tuning
S1-705535918,US,3,False,evaluation
S1-705572320,India,5,False,evaluation
S1-705588005,US,5,False,tuning
S1-705638764,India,6,False,evaluation
S1-705759195,US,4,False,evaluation
S1-705763519,India,3,False,tuning
S1-705796408,India,7,False,evaluation
S1-705896744,US,4,False,evaluation
S1-705944122,US,4,False,evaluation
S1-705947850,India,5,False,tuning
S1-70599518,US,3,False,tuning
S1-706056992,US,5,False,evaluation
S1-706063502,India,0,True,tuning
S1-706122870,US,3,False,evaluation
S1-706188187,US,5,False,evaluation
S1-706217791,India,5,False,tuning
S1-706250439,US,6,False,evaluation
S1-706291562,US,3,False,evaluation
S1-706300451,US,5,False,evaluation
S1-70634917,US,3,False,tuning
S1-706359688,US,3,False,evaluation
S1-706419701,US,1,False,tuning
S1-706420179,India,3,False,evaluation
S1-706443751,US,3,False,evaluation
S1-706615236,India,4,False,evaluation
S1-706714163,India,3,False,evaluation
S1-706806517,US,3,False,evaluation
S1-706856972,India,2,False,tuning
S1-706862052,US,0,True,tuning
S1-706874701,US,7,False,tuning
S1-706889130,US,3,False,tuning
S1-70696845,US,4,False,evaluation
S1-707009754,US,3,False,tuning
S1-707013458,US,4,False,evaluation
S1-7070307,India,3,False,evaluation
S1-707038803,India,3,False,evaluation
S1-707073893,US,2,False,tuning
S1-707118213,India,1,False,tuning
S1-707149846,US,2,False,evaluation
S1-707155052,India,4,False,evaluation
S1-707175110,US,6,False,evaluation
S1-707216221,India,3,False,tuning
S1-707244270,US,3,False,tuning
S1-707286483,US,3,False,tuning
S1-707288975,US,2,False,evaluation
S1-707386091,US,3,False,evaluation
S1-707465252,US,4,False,tuning
S1-70750146,US,4,False,evaluation
S1-707571076,US,3,False,tuning
S1-707615693,US,3,False,tuning
S1-707620084,India,2,False,tuning
S1-707670784,US,5,False,evaluation
S1-707711251,India,2,False,tuning
S1-707712795,India,4,False,evaluation
S1-70773453,India,5,False,tuning
S1-707881471,US,8,False,evaluation
S1-707950138,India,5,False,evaluation
S1-707985814,India,5,False,evaluation
S1-708008057,India,6,False,tuning
S1-708032731,India,3,False,tuning
S1-708080976,US,3,False,evaluation
S1-708116635,India,2,False,evaluation
S1-708155000,US,3,False,evaluation
S1-708307593,India,2,False,tuning
S1-708363043,US,5,False,tuning
S1-708368208,US,7,False,evaluation
S1-70837291,India,3,False,tuning
S1-708379765,India,4,False,tuning
S1-708425188,US,3,False,tuning
S1-708528351,India,2,False,evaluation
S1-708559304,India,6,False,tuning
S1-708614866,India,3,False,evaluation
S1-70871818,US,5,False,evaluation
S1-708761432,India,6,False,evaluation
S1-708773212,US,4,False,tuning
S1-708795303,US,7,False,evaluation
S1-708839309,US,4,False,tuning
S1-708871955,India,6,False,tuning
S1-708875578,US,0,True,evaluation
S1-708919835,US,8,False,evaluation
S1-708966187,India,3,False,evaluation
S1-709230323,US,3,False,tuning
S1-709462442,US,4,False,evaluation
S1-709478353,US,4,False,tuning
S1-70947969,US,3,False,evaluation
S1-709561103,India,0,True,evaluation
S1-709571642,US,5,False,evaluation
S1-709625455,US,2,False,tuning
S1-709662704,US,3,False,tuning
S1-709723208,US,2,False,evaluation
S1-709725265,India,5,False,tuning
S1-709754055,US,1,False,tuning
S1-709782867,India,3,False,evaluation
S1-709796588,India,2,False,evaluation
S1-709799832,US,2,False,evaluation
S1-709815348,US,0,True,tuning
S1-709878805,India,4,False,evaluation
S1-710003721,India,4,False,evaluation
S1-710109233,US,2,False,tuning
S1-710124664,US,6,False,tuning
S1-710129687,US,4,False,evaluation
S1-710204108,US,6,False,evaluation
S1-710217791,US,2,False,evaluation
S1-710229441,US,5,False,tuning
S1-710255967,India,4,False,evaluation
S1-710261059,US,5,False,evaluation
S1-710265960,US,4,False,evaluation
S1-710281649,India,4,False,tuning
S1-710325135,US,5,False,evaluation
S1-710349238,US,6,False,evaluation
S1-710353238,India,0,True,tuning
S1-71035757,US,3,False,evaluation
S1-710386465,India,2,False,tuning
S1-710409224,India,3,False,tuning
S1-71057182,US,5,False,evaluation
S1-710582141,India,5,False,evaluation
S1-710852943,India,5,False,evaluation
S1-710896418,India,6,False,evaluation
S1-71090538,US,4,False,tuning
S1-710926685,US,5,False,tuning
S1-71120626,US,6,False,evaluation
S1-71123981,India,4,False,tuning
S1-711258398,India,4,False,tuning
S1-711335659,India,7,False,evaluation
S1-711420688,US,4,False,tuning
S1-711443254,US,4,False,tuning
S1-711475713,US,7,False,tuning
S1-711499228,India,4,False,evaluation
S1-711514448,India,4,False,tuning
S1-711656108,India,4,False,tuning
S1-711693678,US,1,False,evaluation
S1-711729176,India,2,False,tuning
S1-711729242,US,1,False,tuning
S1-711771700,India,3,False,evaluation
S1-711788126,US,6,False,tuning
S1-711797056,India,4,False,evaluation
S1-71187982,US,0,True,tuning
S1-711881219,India,4,False,evaluation
S1-711885987,US,5,False,tuning
S1-712033872,India,5,False,evaluation
S1-712064561,India,8,False,evaluation
S1-712168740,US,3,False,tuning
S1-712181359,India,3,False,evaluation
S1-712237349,US,2,False,evaluation
S1-712266822,US,3,False,evaluation
S1-712267907,US,3,False,evaluation
S1-712275088,US,4,False,evaluation
S1-712288817,US,3,False,tuning
S1-712331390,US,3,False,evaluation
S1-712351604,US,6,False,tuning
S1-712360582,US,4,False,evaluation
S1-712371771,India,5,False,evaluation
S1-712470839,US,2,False,tuning
S1-712487808,US,2,False,evaluation
S1-712581722,US,5,False,evaluation
S1-712738342,US,3,False,evaluation
S1-712754305,US,0,True,tuning
S1-71275506,US,2,False,evaluation
S1-712827109,US,7,False,tuning
S1-712836554,US,2,False,tuning
S1-712851826,India,3,False,tuning
S1-712872434,US,4,False,tuning
S1-712888130,India,4,False,tuning
S1-712890548,India,6,False,evaluation
S1-712936504,US,3,False,tuning
S1-712984156,US,1,False,evaluation
S1-713005028,US,3,False,evaluation
S1-713046606,US,3,False,evaluation
S1-713171948,US,0,True,evaluation
S1-713180313,India,6,False,tuning
S1-713190514,US,5,False,tuning
S1-713196386,US,1,False,tuning
S1-713227581,US,3,False,tuning
S1-71325603,US,3,False,evaluation
S1-713294102,US,4,False,evaluation
S1-713368051,India,5,False,evaluation
S1-713378572,India,2,False,tuning
S1-713392533,India,2,False,evaluation
S1-713434375,India,5,False,tuning
S1-713435306,India,2,False,evaluation
S1-713438240,US,2,False,evaluation
S1-713498299,India,3,False,evaluation
S1-713538292,India,4,False,tuning
S1-713543528,India,7,False,tuning
S1-713575390,India,5,False,tuning
S1-71364286,US,4,False,evaluation
S1-713689933,US,6,False,evaluation
S1-713829156,US,5,False,evaluation
S1-71386841,India,4,False,tuning
S1-714021559,US,6,False,evaluation
S1-714048583,US,4,False,evaluation
S1-714066111,India,6,False,tuning
S1-714102571,US,2,False,evaluation
S1-714114446,US,5,False,tuning
S1-714133067,US,5,False,tuning
S1-714161281,US,4,False,tuning
S1-714201247,India,1,False,tuning
S1-714279867,US,6,False,tuning
S1-714304435,US,3,False,evaluation
S1-714365458,India,4,False,tuning
S1-714434823,US,5,False,tuning
S1-714456716,India,2,False,evaluation
S1-714483064,India,3,False,tuning
S1-714514584,US,6,False,tuning
S1-71455596,US,4,False,tuning
S1-714595236,US,2,False,evaluation
S1-714620506,US,7,False,evaluation
S1-714632031,US,4,False,tuning
S1-714664469,India,0,True,evaluation
S1-714687096,US,0,True,evaluation
S1-714741551,India,0,True,tuning
S1-714773442,US,4,False,evaluation
S1-714819436,India,0,True,tuning
S1-714919202,US,6,False,evaluation
S1-714942927,India,2,False,evaluation
S1-714961406,India,4,False,evaluation
S1-714988079,US,1,False,tuning
S1-715018557,US,4,False,tuning
S1-715034369,US,3,False,tuning
S1-715042595,India,3,False,evaluation
S1-715054351,US,3,False,tuning
S1-715062966,India,6,False,tuning
S1-715085483,India,2,False,evaluation
S1-715093471,US,4,False,evaluation
S1-715104547,US,5,False,evaluation
S1-715240620,India,3,False,evaluation
S1-715284851,US,3,False,evaluation
S1-715290900,US,5,False,evaluation
S1-715324150,India,0,True,evaluation
S1-715458607,US,2,False,evaluation
S1-715524730,US,4,False,evaluation
S1-715572859,US,7,False,tuning
S1-71558957,US,3,False,tuning
S1-715679078,US,3,False,tuning
S1-715692900,US,3,False,evaluation
S1-715708328,India,2,False,evaluation
S1-715716885,India,5,False,evaluation
S1-715727860,US,4,False,evaluation
S1-715747761,US,1,False,evaluation
S1-715860586,US,4,False,tuning
S1-715920437,India,1,False,tuning
S1-715931962,US,3,False,tuning
S1-716066872,US,3,False,evaluation
S1-716103058,India,5,False,evaluation
S1-716113201,India,3,False,evaluation
S1-716179819,US,6,False,evaluation
S1-716290531,US,4,False,evaluation
S1-716298856,US,3,False,evaluation
S1-716326584,US,4,False,evaluation
S1-71636676,US,4,False,tuning
S1-716375821,US,3,False,evaluation
S1-716529185,US,4,False,tuning
S1-716544886,US,3,False,evaluation
S1-716637153,US,2,False,tuning
S1-716642357,US,5,False,evaluation
S1-716702293,US,2,False,evaluation
S1-716712328,US,2,False,tuning
S1-716779627,India,4,False,evaluation
S1-716881198,US,3,False,evaluation
S1-716897958,US,1,False,evaluation
S1-716946197,India,3,False,evaluation
S1-716949048,US,5,False,tuning
S1-716971152,US,0,True,tuning
S1-717096964,US,2,False,evaluation
S1-717100245,India,6,False,evaluation
S1-717141684,US,3,False,tuning
S1-717162560,India,1,False,tuning
S1-717169022,US,0,True,tuning
S1-717312031,India,3,False,evaluation
S1-717391267,US,1,False,evaluation
S1-717424541,US,4,False,evaluation
S1-717459821,India,3,False,tuning
S1-717463031,US,5,False,evaluation
S1-717529501,US,3,False,evaluation
S1-717657945,US,3,False,tuning
S1-717667045,US,5,False,evaluation
S1-717754331,US,3,False,evaluation
S1-717765258,India,3,False,tuning
S1-71778976,India,1,False,evaluation
S1-717855532,US,3,False,tuning
S1-717881329,US,4,False,evaluation
S1-718002942,US,3,False,evaluation
S1-718060097,US,2,False,tuning
S1-718062332,US,2,False,evaluation
S1-71809920,US,5,False,evaluation
S1-718335630,India,1,False,evaluation
S1-71833623,India,2,False,tuning
S1-718351836,US,2,False,tuning
S1-718518922,US,3,False,tuning
S1-718541486,US,4,False,evaluation
S1-718617348,India,5,False,evaluation
S1-718689265,India,4,False,evaluation
S1-718722794,US,3,False,tuning
S1-718737649,US,3,False,evaluation
S1-718752999,India,4,False,tuning
S1-718762840,US,4,False,tuning
S1-718988753,US,5,False,evaluation
S1-719012570,US,2,False,evaluation
S1-719102731,US,6,False,tuning
S1-719104287,US,3,False,tuning
S1-719182631,US,5,False,evaluation
S1-719192037,US,5,False,tuning
S1-719252289,India,0,True,evaluation
S1-719464478,US,4,False,evaluation
S1-719488359,India,4,False,evaluation
S1-719506131,India,4,False,evaluation
S1-719537250,India,3,False,tuning
S1-719617593,India,2,False,evaluation
S1-719635524,US,0,True,evaluation
S1-719751600,US,3,False,evaluation
S1-719837826,US,2,False,evaluation
S1-71984820,India,2,False,evaluation
S1-719943608,India,4,False,tuning
S1-719984959,US,2,False,evaluation
S1-720011594,US,3,False,tuning
S1-720021983,US,5,False,tuning
S1-720031189,India,2,False,tuning
S1-720057123,India,4,False,tuning
S1-720199609,India,4,False,evaluation
S1-720226061,US,2,False,tuning
S1-720382927,US,0,True,evaluation
S1-72039349,India,4,False,evaluation
S1-720403600,India,4,False,evaluation
S1-720431985,India,5,False,tuning
S1-720445574,US,4,False,evaluation
S1-720559943,India,3,False,evaluation
S1-720561599,US,2,False,evaluation
S1-720744389,US,3,False,evaluation
S1-720913643,US,4,False,evaluation
S1-72095800,India,4,False,evaluation
S1-720961686,US,2,False,evaluation
S1-72114013,US,5,False,tuning
S1-721141863,US,0,True,evaluation
S1-721223229,US,4,False,tuning
S1-721418029,India,4,False,evaluation
S1-721431265,US,5,False,tuning
S1-721485671,US,5,False,evaluation
S1-721504179,India,3,False,evaluation
S1-721561294,India,2,False,evaluation
S1-721564448,India,4,False,evaluation
S1-721565573,India,7,False,tuning
S1-721572825,US,5,False,evaluation
S1-721579115,US,2,False,evaluation
S1-721615917,US,5,False,evaluation
S1-721666183,India,4,False,evaluation
S1-721678977,US,2,False,evaluation
S1-721706075,India,2,False,evaluation
S1-721712608,US,2,False,tuning
S1-721735950,US,5,False,tuning
S1-721796446,India,3,False,evaluation
S1-721924191,India,1,False,tuning
S1-722068636,India,4,False,tuning
S1-722084297,US,6,False,evaluation
S1-722104341,US,6,False,evaluation
S1-72212228,India,3,False,tuning
S1-722155507,US,2,False,evaluation
S1-722179818,India,2,False,tuning
S1-722211742,US,2,False,evaluation
S1-72223742,India,6,False,evaluation
S1-722270338,US,5,False,evaluation
S1-722315847,India,3,False,tuning
S1-722375783,US,3,False,evaluation
S1-722403072,India,3,False,evaluation
S1-722420702,India,3,False,tuning
S1-722568616,US,5,False,tuning
S1-722570482,India,2,False,evaluation
S1-722712320,India,4,False,evaluation
S1-7227256,US,5,False,evaluation
S1-722780646,India,5,False,evaluation
S1-7228268,US,4,False,tuning
S1-722830781,US,4,False,evaluation
S1-722833401,India,4,False,evaluation
S1-722842709,India,6,False,tuning
S1-722909553,US,3,False,evaluation
S1-722964376,US,1,False,tuning
S1-722987377,US,3,False,evaluation
S1-722996895,India,1,False,tuning
S1-723067162,US,7,False,tuning
S1-723094798,India,3,False,evaluation
S1-723246910,India,3,False,evaluation
S1-723295429,India,3,False,evaluation
S1-723338252,US,3,False,tuning
S1-723452740,US,3,False,evaluation
S1-723454337,US,6,False,evaluation
S1-723545322,US,5,False,evaluation
S1-723578422,US,5,False,evaluation
S1-723597419,US,3,False,tuning
S1-723631433,US,3,False,evaluation
S1-723663062,India,3,False,evaluation
S1-723712872,US,2,False,evaluation
S1-72371586,India,5,False,tuning
S1-723741018,US,2,False,tuning
S1-723741038,India,4,False,evaluation
S1-72376191,US,4,False,tuning
S1-723803656,US,7,False,evaluation
S1-723811135,US,3,False,evaluation
S1-723847048,India,2,False,evaluation
S1-723983,India,4,False,tuning
S1-72399242,India,1,False,evaluation
S1-723999248,US,2,False,tuning
S1-723999576,US,3,False,evaluation
S1-724070113,India,3,False,tuning
S1-724088018,India,3,False,tuning
S1-724094941,India,4,False,tuning
S1-724124543,US,2,False,evaluation
S1-724151588,India,2,False,evaluation
S1-724160974,US,1,False,evaluation
S1-724173203,US,7,False,evaluation
S1-724187922,US,2,False,tuning
S1-72420560,US,2,False,tuning
S1-724232291,India,4,False,evaluation
S1-724290234,India,2,False,evaluation
S1-72430432,US,3,False,tuning
S1-724306484,India,4,False,evaluation
S1-72443273,US,5,False,evaluation
S1-724553854,US,1,False,evaluation
S1-724705055,India,2,False,evaluation
S1-724791958,India,5,False,evaluation
S1-7248251,US,0,True,evaluation
S1-72483289,US,5,False,tuning
S1-724846590,India,7,False,tuning
S1-724916175,India,2,False,tuning
S1-724924028,US,4,False,tuning
S1-724933421,India,5,False,tuning
S1-724980680,US,6,False,tuning
S1-725003045,US,6,False,evaluation
S1-725012104,US,5,False,evaluation
S1-725022842,US,2,False,evaluation
S1-725095165,India,1,False,evaluation
S1-725126992,US,4,False,evaluation
S1-725200513,US,4,False,evaluation
S1-725218038,India,5,False,evaluation
S1-725232055,India,2,False,evaluation
S1-725251502,India,4,False,evaluation
S1-725279368,US,5,False,evaluation
S1-725464815,US,4,False,tuning
S1-725599581,US,6,False,evaluation
S1-725753334,US,5,False,tuning
S1-725811356,US,3,False,tuning
S1-725882599,US,4,False,tuning
S1-725884716,India,5,False,evaluation
S1-725923145,US,2,False,evaluation
S1-725933863,India,2,False,tuning
S1-725951489,India,4,False,tuning
S1-725960745,US,6,False,tuning
S1-725969763,India,2,False,evaluation
S1-725981302,India,2,False,tuning
S1-726022346,India,4,False,tuning
S1-726066128,India,3,False,tuning
S1-72614886,India,5,False,evaluation
S1-726153311,US,2,False,evaluation
S1-726155886,US,3,False,evaluation
S1-726187237,US,3,False,evaluation
S1-726236581,US,4,False,evaluation
S1-726285611,US,4,False,evaluation
S1-726411943,US,2,False,tuning
S1-726498846,US,0,True,evaluation
S1-726609966,India,1,False,evaluation
S1-726652638,India,1,False,tuning
S1-726700681,US,3,False,tuning
S1-726715645,US,3,False,tuning
S1-726729042,US,0,True,tuning
S1-726778742,US,4,False,tuning
S1-726920500,India,2,False,tuning
S1-726970154,India,3,False,evaluation
S1-727037005,India,4,False,evaluation
S1-727061219,India,2,False,tuning
S1-727092776,US,4,False,tuning
S1-727175478,US,2,False,tuning
S1-727193541,US,5,False,evaluation
S1-727212488,India,4,False,tuning
S1-727391790,India,2,False,evaluation
S1-727497253,US,0,True,evaluation
S1-727520201,India,6,False,tuning
S1-727563476,US,3,False,evaluation
S1-727580923,US,1,False,evaluation
S1-727583337,US,4,False,tuning
S1-727603875,India,4,False,tuning
S1-727608062,US,3,False,evaluation
S1-727671574,US,2,False,tuning
S1-727699968,US,3,False,tuning
S1-727728069,US,3,False,evaluation
S1-727750907,India,3,False,tuning
S1-727773211,India,6,False,tuning
S1-727807601,India,3,False,evaluation
S1-727966667,US,2,False,evaluation
S1-727972467,India,2,False,evaluation
S1-728087645,India,7,False,evaluation
S1-728106197,US,4,False,tuning
S1-728229946,US,6,False,evaluation
S1-728251276,India,3,False,evaluation
S1-728323048,US,2,False,evaluation
S1-728357785,India,2,False,evaluation
S1-728385931,US,6,False,evaluation
S1-728437419,India,1,False,tuning
S1-728475562,US,3,False,evaluation
S1-72848584,US,2,False,tuning
S1-728575189,US,3,False,tuning
S1-728580525,India,3,False,tuning
S1-728714335,India,6,False,tuning
S1-728715860,US,3,False,evaluation
S1-728833737,India,1,False,evaluation
S1-728834373,US,3,False,tuning
S1-728843111,US,4,False,evaluation
S1-729004029,US,3,False,evaluation
S1-72900481,India,3,False,evaluation
S1-729013047,US,4,False,evaluation
S1-729117085,India,5,False,tuning
S1-729310796,US,3,False,evaluation
S1-729335520,India,4,False,tuning
S1-729366461,India,4,False,tuning
S1-729383970,US,4,False,evaluation
S1-72938979,US,1,False,evaluation
S1-729461201,India,5,False,evaluation
S1-729501343,US,3,False,evaluation
S1-729516656,India,5,False,evaluation
S1-729551211,India,2,False,evaluation
S1-729558447,US,2,False,evaluation
S1-729587949,US,6,False,evaluation
S1-729593698,India,0,True,tuning
S1-729595541,US,4,False,tuning
S1-729612896,US,0,True,evaluation
S1-729903728,India,3,False,evaluation
S1-729914991,India,3,False,tuning
S1-729931472,US,3,False,evaluation
S1-729978778,India,3,False,evaluation
S1-729981330,US,3,False,evaluation
S1-730074963,US,8,False,tuning
S1-730076661,India,6,False,evaluation
S1-73013179,US,3,False,tuning
S1-730149776,India,2,False,evaluation
S1-730208999,US,3,False,tuning
S1-730259826,US,4,False,tuning
S1-730318020,US,0,True,evaluation
S1-730365111,India,3,False,evaluation
S1-730419745,US,5,False,evaluation
S1-73046546,India,7,False,tuning
S1-730467023,India,4,False,tuning
S1-730693157,US,2,False,evaluation
S1-730707996,US,5,False,tuning
S1-730719207,US,3,False,evaluation
S1-730730641,India,0,True,evaluation
S1-730951763,US,0,True,tuning
S1-730980281,US,4,False,evaluation
S1-73107175,India,3,False,evaluation
S1-731185841,US,3,False,evaluation
S1-731258427,India,0,True,evaluation
S1-731267201,India,3,False,tuning
S1-731322367,India,4,False,tuning
S1-731400123,US,0,True,evaluation
S1-731411816,India,3,False,evaluation
S1-731463558,India,0,True,evaluation
S1-731478823,India,2,False,evaluation
S1-731592277,India,2,False,evaluation
S1-731631272,India,4,False,tuning
S1-731645978,US,7,False,evaluation
S1-731705667,India,2,False,evaluation
S1-731727739,India,4,False,evaluation
S1-731801298,US,5,False,tuning
S1-731841427,India,4,False,tuning
S1-731849630,India,3,False,evaluation
S1-73196284,India,2,False,tuning
S1-732088047,US,3,False,evaluation
S1-732114156,US,1,False,tuning
S1-732121664,US,5,False,evaluation
S1-732164212,US,6,False,tuning
S1-732238687,India,3,False,tuning
S1-732269998,US,3,False,evaluation
S1-732272106,US,4,False,evaluation
S1-732299979,India,4,False,evaluation
S1-732357350,US,4,False,tuning
S1-732450076,US,5,False,evaluation
S1-732462879,US,5,False,evaluation
S1-732495803,India,4,False,evaluation
S1-732535057,US,4,False,evaluation
S1-732592724,US,1,False,tuning
S1-73264725,India,3,False,evaluation
S1-732699005,US,5,False,tuning
S1-732715377,US,4,False,tuning
S1-732873140,US,3,False,tuning
S1-732974680,US,4,False,evaluation
S1-732992168,US,1,False,tuning
S1-733033152,US,6,False,evaluation
S1-73304957,US,3,False,tuning
S1-733078993,US,0,True,evaluation
S1-733162063,US,7,False,evaluation
S1-733168925,US,6,False,tuning
S1-733177705,US,7,False,evaluation
S1-73321915,US,4,False,tuning
S1-733235578,India,3,False,evaluation
S1-733461125,India,7,False,evaluation
S1-733463339,India,2,False,evaluation
S1-733518491,US,5,False,evaluation
S1-733519544,US,0,True,tuning
S1-733529084,US,3,False,evaluation
S1-733695944,US,4,False,evaluation
S1-733712320,US,6,False,evaluation
S1-733714914,US,3,False,evaluation
S1-733745444,US,3,False,evaluation
S1-733752565,India,4,False,evaluation
S1-733763083,India,1,False,tuning
S1-7337851,India,6,False,tuning
S1-733876146,India,5,False,tuning
S1-733993699,US,3,False,tuning
S1-734046775,US,3,False,evaluation
S1-734232802,India,2,False,evaluation
S1-734253629,India,3,False,evaluation
S1-734279975,India,4,False,evaluation
S1-734347133,US,4,False,evaluation
S1-734380978,India,4,False,evaluation
S1-734470524,US,5,False,evaluation
S1-734598865,US,7,False,evaluation
S1-734606427,India,3,False,tuning
S1-734608901,US,5,False,evaluation
S1-734638800,India,5,False,tuning
S1-734684836,US,3,False,evaluation
S1-734694407,India,3,False,evaluation
S1-734866829,India,3,False,evaluation
S1-734871067,US,2,False,tuning
S1-734881103,India,1,False,evaluation
S1-73496279,US,6,False,evaluation
S1-73504224,US,3,False,evaluation
S1-735089937,US,3,False,evaluation
S1-73510792,US,5,False,evaluation
S1-735116068,India,3,False,evaluation
S1-735182251,US,0,True,tuning
S1-735235434,India,3,False,evaluation
S1-73531666,US,2,False,evaluation
S1-735319102,India,2,False,evaluation
S1-735361788,US,4,False,tuning
S1-735401310,India,3,False,tuning
S1-735487717,US,4,False,evaluation
S1-735558668,India,2,False,tuning
S1-735626336,US,1,False,evaluation
S1-735640216,US,3,False,evaluation
S1-735674098,US,5,False,evaluation
S1-735700091,US,1,False,evaluation
S1-735757875,US,2,False,evaluation
S1-735768194,US,4,False,evaluation
S1-735790127,US,4,False,tuning
S1-735831612,India,5,False,tuning
S1-735848021,India,0,True,tuning
S1-735859658,India,3,False,tuning
S1-735861242,US,4,False,tuning
S1-735942552,US,5,False,evaluation
S1-735949920,India,0,True,tuning
S1-735953584,India,6,False,evaluation
S1-735986222,US,2,False,evaluation
S1-736058838,US,4,False,tuning
S1-736071401,India,4,False,evaluation
S1-736091319,US,3,False,tuning
S1-736101007,US,5,False,evaluation
S1-736106810,US,1,False,tuning
S1-736331881,US,3,False,evaluation
S1-736361452,US,5,False,evaluation
S1-736374587,India,5,False,tuning
S1-736377765,India,3,False,evaluation
S1-736417504,India,3,False,evaluation
S1-736499422,US,3,False,evaluation
S1-736534162,India,3,False,tuning
S1-736582661,US,5,False,evaluation
S1-736669432,India,4,False,tuning
S1-736809381,India,3,False,evaluation
S1-736921286,India,3,False,evaluation
S1-736942684,US,1,False,tuning
S1-736960283,India,4,False,tuning
S1-737002607,US,4,False,tuning
S1-737069158,US,2,False,evaluation
S1-737080539,US,3,False,tuning
S1-737090708,US,1,False,evaluation
S1-737094824,US,2,False,evaluation
S1-737193543,India,1,False,tuning
S1-737242432,US,4,False,evaluation
S1-737255367,US,0,True,tuning
S1-73728516,India,4,False,evaluation
S1-737314331,India,4,False,tuning
S1-737348539,US,2,False,tuning
S1-737358240,US,3,False,tuning
S1-737364466,US,4,False,evaluation
S1-737375896,India,3,False,tuning
S1-737378820,US,4,False,tuning
S1-737459532,US,5,False,evaluation
S1-7374633,India,3,False,evaluation
S1-737468495,US,4,False,evaluation
S1-73746953,US,3,False,evaluation
S1-737493088,US,4,False,tuning
S1-737523487,US,3,False,evaluation
S1-737682890,India,3,False,tuning
S1-737715208,India,3,False,evaluation
S1-737773396,US,6,False,tuning
S1-737795955,US,4,False,evaluation
S1-737800087,India,5,False,evaluation
S1-737860941,India,3,False,evaluation
S1-737874090,US,4,False,evaluation
S1-737978037,US,4,False,evaluation
S1-738032434,US,0,True,tuning
S1-738198877,US,3,False,tuning
S1-738210423,US,5,False,evaluation
S1-738214707,US,3,False,tuning
S1-738276572,US,3,False,evaluation
S1-738312045,US,2,False,tuning
S1-738370411,US,3,False,evaluation
S1-738436279,US,3,False,tuning
S1-738438557,US,4,False,tuning
S1-738471675,US,5,False,tuning
S1-738506738,India,6,False,evaluation
S1-738561460,India,3,False,evaluation
S1-738572937,US,5,False,evaluation
S1-738574246,India,5,False,evaluation
S1-738622547,US,4,False,evaluation
S1-738630949,US,3,False,evaluation
S1-738673292,US,0,True,evaluation
S1-738764004,India,4,False,tuning
S1-738776581,US,2,False,evaluation
S1-738802920,India,4,False,evaluation
S1-738846742,US,2,False,evaluation
S1-738848231,India,5,False,tuning
S1-738856565,US,8,False,evaluation
S1-738904898,India,3,False,tuning
S1-73892603,US,5,False,evaluation
S1-738933366,India,3,False,evaluation
S1-739120480,US,5,False,tuning
S1-739151111,US,4,False,tuning
S1-739151661,US,4,False,tuning
S1-739159819,US,3,False,evaluation
S1-739194894,India,4,False,tuning
S1-739237159,US,3,False,evaluation
S1-739296092,US,1,False,tuning
S1-739326068,India,2,False,evaluation
S1-739351166,US,0,True,tuning
S1-73936263,US,6,False,tuning
S1-739458370,US,5,False,tuning
S1-739503137,US,3,False,evaluation
S1-739511564,US,2,False,tuning
S1-739544581,India,4,False,evaluation
S1-739601033,US,2,False,tuning
S1-739619902,US,4,False,evaluation
S1-739651337,India,5,False,tuning
S1-739674691,US,5,False,evaluation
S1-739726716,India,7,False,evaluation
S1-739729592,US,4,False,evaluation
S1-73973734,US,2,False,tuning
S1-739796657,US,4,False,evaluation
S1-739817301,India,1,False,evaluation
S1-739830422,US,3,False,tuning
S1-739849029,India,4,False,tuning
S1-739866212,US,5,False,tuning
S1-739883618,India,6,False,evaluation
S1-740015169,US,5,False,evaluation
S1-740062694,US,4,False,tuning
S1-74015696,US,7,False,tuning
S1-740193610,India,2,False,tuning
S1-740256741,US,4,False,tuning
S1-740284664,India,4,False,evaluation
S1-740333080,US,4,False,evaluation
S1-740462600,US,3,False,tuning
S1-740527046,US,0,True,evaluation
S1-740545474,US,5,False,evaluation
S1-740661027,US,3,False,evaluation
S1-74068169,US,3,False,evaluation
S1-740706413,India,5,False,evaluation
S1-740739267,US,3,False,evaluation
S1-740741147,US,4,False,tuning
S1-740818223,India,4,False,tuning
S1-740822697,US,5,False,evaluation
S1-740834512,US,4,False,tuning
S1-740902373,India,4,False,evaluation
S1-740917642,US,5,False,tuning
S1-74093168,India,5,False,evaluation
S1-740960594,US,2,False,evaluation
S1-741033250,US,6,False,evaluation
S1-741074273,India,2,False,tuning
S1-741113498,US,4,False,evaluation
S1-741131370,India,4,False,tuning
S1-741137674,US,2,False,tuning
S1-741217032,India,5,False,tuning
S1-741310622,US,1,False,evaluation
S1-741410162,US,3,False,tuning
S1-741418721,India,5,False,evaluation
S1-741467631,India,3,False,tuning
S1-741487871,US,2,False,evaluation
S1-741530614,US,4,False,tuning
S1-741558750,India,2,False,evaluation
S1-741558925,India,3,False,evaluation
S1-741568822,India,3,False,evaluation
S1-741589780,US,4,False,evaluation
S1-741606623,US,3,False,tuning
S1-74161638,US,2,False,tuning
S1-741639528,India,4,False,tuning
S1-741651821,US,3,False,evaluation
S1-741669665,India,5,False,evaluation
S1-741733467,US,0,True,evaluation
S1-742015253,India,4,False,evaluation
S1-742047562,US,0,True,evaluation
S1-742073537,India,5,False,evaluation
S1-742102915,India,5,False,tuning
S1-742153409,US,5,False,evaluation
S1-742255572,India,5,False,tuning
S1-742273559,US,4,False,evaluation
S1-742287052,US,6,False,evaluation
S1-742314572,US,3,False,tuning
S1-742320468,US,3,False,evaluation
S1-742336595,US,4,False,evaluation
S1-742373475,India,1,False,tuning
S1-74248101,US,4,False,evaluation
S1-742486561,US,2,False,tuning
S1-742489699,India,3,False,tuning
S1-742579774,US,4,False,tuning
S1-742598457,India,1,False,evaluation
S1-742647430,India,6,False,evaluation
S1-74265250,US,2,False,tuning
S1-74269103,US,5,False,evaluation
S1-742691725,US,4,False,tuning
S1-74274775,India,6,False,evaluation
S1-74282883,US,4,False,tuning
S1-742864870,US,2,False,evaluation
S1-742886636,India,2,False,evaluation
S1-742923209,India,5,False,evaluation
S1-742931730,US,2,False,evaluation
S1-742980429,US,2,False,evaluation
S1-743103881,India,2,False,evaluation
S1-743167129,US,9,False,tuning
S1-743208304,India,3,False,tuning
S1-743238002,US,3,False,evaluation
S1-743279107,US,6,False,tuning
S1-743288664,India,5,False,tuning
S1-743313784,India,5,False,tuning
S1-743427752,India,0,True,tuning
S1-743453912,US,2,False,evaluation
S1-743476642,US,2,False,tuning
S1-743481018,US,1,False,evaluation
S1-743519409,US,3,False,evaluation
S1-743531791,US,4,False,evaluation
S1-743654162,India,4,False,evaluation
S1-74366133,US,6,False,evaluation
S1-743668707,India,1,False,tuning
S1-743668934,US,4,False,evaluation
S1-743695172,US,3,False,evaluation
S1-743704028,US,4,False,tuning
S1-743821946,US,6,False,evaluation
S1-743833603,US,5,False,evaluation
S1-743868945,US,4,False,tuning
S1-743916693,India,3,False,evaluation
S1-743948277,India,2,False,tuning
S1-743989564,US,5,False,evaluation
S1-744024585,India,2,False,tuning
S1-74403263,India,2,False,evaluation
S1-744078654,India,4,False,evaluation
S1-744101232,US,2,False,evaluation
S1-744359561,US,5,False,evaluation
S1-744412051,US,4,False,evaluation
S1-744424155,US,4,False,evaluation
S1-744474120,India,2,False,tuning
S1-744491691,India,2,False,tuning
S1-744534163,US,1,False,tuning
S1-744584071,India,4,False,evaluation
S1-744596512,India,3,False,evaluation
S1-74466799,India,2,False,tuning
S1-744687871,US,4,False,evaluation
S1-744707351,India,5,False,evaluation
S1-744732024,India,3,False,evaluation
S1-74473488,US,3,False,evaluation
S1-744735384,US,5,False,evaluation
S1-744746510,India,6,False,tuning
S1-744779380,US,2,False,evaluation
S1-74485010,India,4,False,evaluation
S1-7449321,India,2,False,evaluation
S1-744962243,US,6,False,evaluation
S1-745006607,US,3,False,tuning
S1-745117636,US,6,False,evaluation
S1-745125307,India,4,False,evaluation
S1-745348344,US,5,False,evaluation
S1-745526924,US,5,False,evaluation
S1-745607900,US,3,False,tuning
S1-745892826,US,4,False,evaluation
S1-745892844,US,6,False,evaluation
S1-745903635,US,2,False,tuning
S1-745943755,India,2,False,evaluation
S1-746010622,India,4,False,evaluation
S1-746060470,India,3,False,evaluation
S1-746064790,India,2,False,tuning
S1-746255238,India,4,False,evaluation
S1-746311171,India,4,False,tuning
S1-746365162,India,5,False,evaluation
S1-746368903,India,4,False,tuning
S1-746400336,US,4,False,tuning
S1-746617304,US,2,False,evaluation
S1-746706532,US,6,False,evaluation
S1-746744666,India,4,False,tuning
S1-746756635,US,5,False,evaluation
S1-74678847,US,3,False,evaluation
S1-746815732,US,3,False,evaluation
S1-746890479,US,7,False,tuning
S1-747018573,India,4,False,evaluation
S1-747054703,India,3,False,tuning
S1-747107511,US,6,False,evaluation
S1-747192279,US,5,False,evaluation
S1-747214665,India,3,False,tuning
S1-747218324,US,6,False,evaluation
S1-747221128,US,2,False,evaluation
S1-747310350,US,6,False,evaluation
S1-747375271,US,4,False,tuning
S1-747387822,India,4,False,tuning
S1-747524707,India,3,False,tuning
S1-747527698,India,2,False,tuning
S1-747545891,India,5,False,tuning
S1-747547272,India,4,False,evaluation
S1-747589672,US,6,False,tuning
S1-747672436,India,2,False,tuning
S1-747683462,US,4,False,evaluation
S1-747790621,US,2,False,tuning
S1-747852976,US,6,False,tuning
S1-747909519,US,3,False,tuning
S1-747916917,US,3,False,evaluation
S1-747923247,India,1,False,evaluation
S1-747943417,US,3,False,evaluation
S1-74795630,US,2,False,evaluation
S1-747979762,US,3,False,tuning
S1-747981237,India,0,True,tuning
S1-748029489,US,3,False,evaluation
S1-748141141,US,3,False,tuning
S1-748144237,US,5,False,evaluation
S1-748183668,India,1,False,evaluation
S1-748261049,India,1,False,tuning
S1-748346612,US,3,False,evaluation
S1-74835368,US,5,False,evaluation
S1-748395940,US,7,False,tuning
S1-748453013,US,2,False,evaluation
S1-748463800,US,2,False,tuning
S1-748474712,India,3,False,evaluation
S1-748625407,India,2,False,evaluation
S1-748680550,US,5,False,evaluation
S1-748714089,US,5,False,tuning
S1-748741232,India,1,False,evaluation
S1-748770267,US,6,False,evaluation
S1-748879691,US,4,False,evaluation
S1-74901450,India,5,False,evaluation
S1-749024716,US,2,False,tuning
S1-749113231,India,4,False,tuning
S1-749147424,US,4,False,tuning
S1-749156395,US,2,False,tuning
S1-749273003,US,3,False,evaluation
S1-749315163,India,5,False,tuning
S1-749341626,US,0,True,evaluation
S1-749364770,US,4,False,tuning
S1-749444932,US,3,False,tuning
S1-749446784,US,4,False,tuning
S1-749473711,US,5,False,evaluation
S1-749545684,US,6,False,tuning
S1-749583919,India,5,False,evaluation
S1-749595452,US,3,False,evaluation
S1-749608436,US,7,False,evaluation
S1-749636509,India,3,False,tuning
S1-749713316,India,2,False,evaluation
S1-749749212,US,5,False,evaluation
S1-749771807,India,3,False,evaluation
S1-749790671,India,4,False,evaluation
S1-749809333,US,2,False,evaluation
S1-749809566,India,6,False,evaluation
S1-749815086,US,1,False,evaluation
S1-749840011,US,3,False,tuning
S1-74988763,US,2,False,evaluation
S1-749924905,US,2,False,evaluation
S1-74992832,India,4,False,evaluation
S1-750014111,US,7,False,evaluation
S1-750099787,India,2,False,evaluation
S1-750158895,India,5,False,tuning
S1-75024612,India,2,False,evaluation
S1-750253352,India,5,False,evaluation
S1-750305393,India,2,False,evaluation
S1-750314217,US,3,False,evaluation
S1-750386838,India,4,False,evaluation
S1-750450628,US,3,False,evaluation
S1-75054467,US,5,False,evaluation
S1-750559049,US,2,False,evaluation
S1-750648971,US,4,False,tuning
S1-750650726,India,4,False,evaluation
S1-750654471,US,1,False,evaluation
S1-750682294,US,7,False,evaluation
S1-750718742,US,3,False,tuning
S1-750733424,US,3,False,evaluation
S1-7507517,India,3,False,evaluation
S1-750768945,US,3,False,evaluation
S1-750805009,US,0,True,tuning
S1-750832310,India,2,False,evaluation
S1-750854880,US,2,False,tuning
S1-750902604,US,7,False,evaluation
S1-750911675,US,2,False,tuning
S1-750959809,US,8,False,evaluation
S1-750962184,India,2,False,tuning
S1-751068599,US,1,False,tuning
S1-751108671,US,4,False,evaluation
S1-751164573,India,5,False,tuning
S1-751192396,US,3,False,tuning
S1-751207491,India,5,False,evaluation
S1-751257914,India,3,False,evaluation
S1-751482386,India,2,False,tuning
S1-751605154,US,3,False,evaluation
S1-751654168,US,4,False,tuning
S1-75165569,US,5,False,evaluation
S1-751689387,India,0,True,evaluation
S1-751714028,US,0,True,tuning
S1-751802723,US,6,False,evaluation
S1-751847881,US,4,False,evaluation
S1-751884141,US,5,False,evaluation
S1-752021655,India,0,True,tuning
S1-752170502,India,5,False,tuning
S1-752193858,India,3,False,evaluation
S1-752206176,India,5,False,evaluation
S1-752226908,India,3,False,evaluation
S1-75225139,India,2,False,evaluation
S1-752340903,US,4,False,evaluation
S1-75235663,India,3,False,tuning
S1-752375437,US,2,False,tuning
S1-752399795,India,2,False,evaluation
S1-752453664,India,2,False,tuning
S1-752470141,India,2,False,tuning
S1-752472325,US,2,False,evaluation
S1-752540378,US,3,False,evaluation
S1-752654570,India,3,False,evaluation
S1-752727245,India,4,False,tuning
S1-752899386,India,7,False,evaluation
S1-752902103,US,3,False,tuning
S1-752926413,US,7,False,tuning
S1-752962698,US,1,False,evaluation
S1-753019164,US,4,False,evaluation
S1-753070598,US,3,False,evaluation
S1-753190780,US,5,False,evaluation
S1-753242696,India,2,False,evaluation
S1-753293212,US,2,False,evaluation
S1-753387793,India,4,False,evaluation
S1-753408766,India,2,False,tuning
S1-753418700,India,5,False,tuning
S1-75348117,US,3,False,evaluation
S1-753504746,India,2,False,tuning
S1-753557579,US,2,False,evaluation
S1-753567061,US,3,False,evaluation
S1-753626670,US,1,False,tuning
S1-753644073,India,4,False,evaluation
S1-753775580,India,2,False,evaluation
S1-75381373,US,2,False,evaluation
S1-753898901,US,3,False,evaluation
S1-75399677,US,5,False,evaluation
S1-754002020,US,5,False,tuning
S1-754104509,India,3,False,tuning
S1-754104600,US,6,False,evaluation
S1-754106723,US,2,False,evaluation
S1-754129186,US,0,True,tuning
S1-754168172,India,3,False,tuning
S1-754210560,India,7,False,evaluation
S1-754270131,US,4,False,tuning
S1-754302702,US,2,False,evaluation
S1-754308181,India,0,True,tuning
S1-754413938,India,3,False,evaluation
S1-754497514,US,5,False,tuning
S1-754596237,US,2,False,evaluation
S1-754602942,US,3,False,tuning
S1-754630468,US,3,False,tuning
S1-754679976,US,1,False,tuning
S1-754690890,US,4,False,evaluation
S1-75477466,US,3,False,evaluation
S1-754796159,US,2,False,tuning
S1-754816745,US,5,False,tuning
S1-754844724,India,3,False,evaluation
S1-754875643,India,3,False,tuning
S1-755167870,India,4,False,evaluation
S1-75523825,US,5,False,tuning
S1-755256297,US,3,False,tuning
S1-75529303,US,5,False,evaluation
S1-755320731,India,3,False,tuning
S1-755363605,India,4,False,evaluation
S1-755386279,US,6,False,evaluation
S1-755390649,India,3,False,evaluation
S1-755393871,US,4,False,tuning
S1-755451588,US,10,False,tuning
S1-75545393,India,3,False,evaluation
S1-755496048,US,0,True,tuning
S1-755542209,US,4,False,evaluation
S1-755569643,India,2,False,tuning
S1-755634569,US,2,False,tuning
S1-755777622,US,3,False,evaluation
S1-755797530,US,5,False,evaluation
S1-755928955,India,3,False,tuning
S1-756049183,US,2,False,tuning
S1-756082596,India,4,False,evaluation
S1-756174599,India,8,False,evaluation
S1-756250432,US,2,False,tuning
S1-756253788,US,4,False,evaluation
S1-756283240,US,3,False,evaluation
S1-756300771,US,4,False,evaluation
S1-75631487,India,4,False,tuning
S1-756360551,US,2,False,evaluation
S1-756377286,US,3,False,tuning
S1-756453021,US,3,False,tuning
S1-756464811,US,5,False,evaluation
S1-756542598,US,4,False,evaluation
S1-756557282,US,1,False,evaluation
S1-756565801,US,6,False,evaluation
S1-756600317,US,3,False,tuning
S1-756656386,India,5,False,evaluation
S1-756660569,India,5,False,evaluation
S1-756667801,US,4,False,tuning
S1-756773164,US,5,False,tuning
S1-756782702,US,0,True,evaluation
S1-756791864,India,4,False,evaluation
S1-756793582,India,5,False,evaluation
S1-756811424,India,3,False,tuning
S1-756834009,India,7,False,evaluation
S1-756868520,US,4,False,tuning
S1-756875260,India,3,False,evaluation
S1-756903293,India,5,False,tuning
S1-757007257,US,1,False,tuning
S1-757024062,US,7,False,tuning
S1-757033852,India,6,False,evaluation
S1-757118639,India,4,False,evaluation
S1-75712662,US,1,False,evaluation
S1-757190554,US,3,False,tuning
S1-757271159,US,6,False,evaluation
S1-757338549,US,3,False,tuning
S1-757360000,US,6,False,tuning
S1-75748542,US,4,False,tuning
S1-757523046,US,3,False,tuning
S1-757590893,US,4,False,evaluation
S1-757634473,US,5,False,tuning
S1-757783642,India,5,False,evaluation
S1-757935491,US,3,False,evaluation
S1-757939543,India,4,False,evaluation
S1-757945054,India,4,False,tuning
S1-757956011,US,3,False,tuning
S1-757975170,US,3,False,tuning
S1-758084888,US,6,False,tuning
S1-758089907,India,2,False,evaluation
S1-758134027,US,0,True,evaluation
S1-758164375,India,2,False,tuning
S1-758198449,US,0,True,evaluation
S1-758223101,India,3,False,evaluation
S1-758267376,India,4,False,evaluation
S1-758352673,US,3,False,evaluation
S1-758377526,India,5,False,tuning
S1-758427652,India,6,False,evaluation
S1-758484816,US,4,False,tuning
S1-758487091,India,3,False,tuning
S1-758508074,US,6,False,evaluation
S1-758608987,US,3,False,evaluation
S1-758673550,US,5,False,evaluation
S1-758698974,India,3,False,evaluation
S1-758738701,US,4,False,tuning
S1-758839923,US,3,False,tuning
S1-758864800,US,5,False,tuning
S1-758902915,US,2,False,evaluation
S1-758919723,US,6,False,tuning
S1-758953296,US,6,False,evaluation
S1-758983065,India,4,False,evaluation
S1-759043397,India,3,False,tuning
S1-759154765,US,0,True,evaluation
S1-759292081,India,6,False,evaluation
S1-759326486,India,2,False,tuning
S1-759377710,US,4,False,evaluation
S1-759387791,US,7,False,evaluation
S1-759472535,US,2,False,tuning
S1-759501125,US,3,False,evaluation
S1-759530673,India,2,False,evaluation
S1-759555574,India,2,False,evaluation
S1-759584118,India,4,False,tuning
S1-759656416,US,6,False,evaluation
S1-75969268,US,2,False,evaluation
S1-759719148,US,3,False,tuning
S1-759722858,US,3,False,evaluation
S1-759744116,US,4,False,evaluation
S1-759749087,India,3,False,tuning
S1-759820008,US,3,False,evaluation
S1-759884247,US,2,False,evaluation
S1-759926565,US,3,False,evaluation
S1-760027911,US,2,False,evaluation
S1-760034303,India,1,False,tuning
S1-760265123,US,5,False,evaluation
S1-76030456,US,6,False,evaluation
S1-760313229,US,5,False,evaluation
S1-760342923,US,2,False,evaluation
S1-760390022,US,2,False,evaluation
S1-760402650,US,3,False,tuning
S1-760444337,India,2,False,tuning
S1-760571739,US,5,False,tuning
S1-760582622,India,1,False,tuning
S1-760597924,US,5,False,tuning
S1-760613306,India,2,False,evaluation
S1-760840682,US,6,False,evaluation
S1-760907756,India,3,False,evaluation
S1-760935332,US,3,False,tuning
S1-760956378,US,5,False,tuning
S1-760994049,US,5,False,evaluation
S1-760996024,US,1,False,tuning
S1-76105848,US,3,False,evaluation
S1-761094075,US,3,False,tuning
S1-761113880,India,2,False,tuning
S1-761198284,India,3,False,evaluation
S1-761200420,US,3,False,evaluation
S1-761229449,India,3,False,evaluation
S1-761260528,US,2,False,tuning
S1-761270279,India,6,False,evaluation
S1-761287829,India,6,False,tuning
S1-761327822,India,0,True,evaluation
S1-76137204,India,6,False,evaluation
S1-76148410,India,3,False,tuning
S1-761602282,US,3,False,tuning
S1-76175561,India,0,True,evaluation
S1-761789011,India,3,False,evaluation
S1-761867539,US,4,False,evaluation
S1-761878059,India,5,False,evaluation
S1-761935587,US,4,False,tuning
S1-762008355,US,4,False,tuning
S1-762022706,US,3,False,evaluation
S1-762124423,US,6,False,tuning
S1-762162052,US,2,False,evaluation
S1-762222610,India,4,False,tuning
S1-762457435,US,4,False,evaluation
S1-762533385,India,4,False,tuning
S1-762537069,India,2,False,evaluation
S1-762565609,India,3,False,evaluation
S1-762631656,India,2,False,evaluation
S1-76269912,US,4,False,evaluation
S1-762711090,US,3,False,tuning
S1-762722266,India,3,False,evaluation
S1-762724009,India,1,False,evaluation
S1-762725347,US,2,False,evaluation
S1-762730505,India,5,False,tuning
S1-762754948,US,0,True,evaluation
S1-762784737,US,4,False,tuning
S1-762863692,US,4,False,tuning
S1-76286645,India,2,False,evaluation
S1-762965072,India,4,False,tuning
S1-762965754,US,5,False,evaluation
S1-762966958,US,5,False,evaluation
S1-762973359,US,5,False,evaluation
S1-763012753,US,1,False,evaluation
S1-7630359,US,4,False,evaluation
S1-763138469,India,4,False,tuning
S1-763180102,India,4,False,evaluation
S1-763186703,US,2,False,tuning
S1-763243191,India,0,True,evaluation
S1-763257303,US,8,False,evaluation
S1-763263811,India,2,False,tuning
S1-763337738,India,6,False,evaluation
S1-763347595,India,3,False,tuning
S1-763348543,US,2,False,tuning
S1-763477696,India,6,False,evaluation
S1-763480805,India,2,False,tuning
S1-763487845,US,4,False,evaluation
S1-763523420,India,3,False,evaluation
S1-763549288,US,7,False,tuning
S1-763624570,US,3,False,evaluation
S1-763769480,India,5,False,evaluation
S1-763828225,India,6,False,evaluation
S1-763834653,India,3,False,evaluation
S1-763873240,US,2,False,evaluation
S1-763925165,US,4,False,evaluation
S1-763942381,US,5,False,evaluation
S1-76398944,US,2,False,tuning
S1-763998439,India,1,False,evaluation
S1-764094232,India,4,False,evaluation
S1-764157379,US,2,False,evaluation
S1-764252442,US,2,False,evaluation
S1-764307071,India,5,False,evaluation
S1-764425963,India,3,False,evaluation
S1-764519345,India,3,False,evaluation
S1-764570128,US,4,False,evaluation
S1-76463158,India,4,False,evaluation
S1-764640439,US,3,False,evaluation
S1-764670791,US,5,False,tuning
S1-764761924,US,3,False,tuning
S1-764771641,India,3,False,evaluation
S1-764817139,US,4,False,tuning
S1-764826606,US,0,True,tuning
S1-764849463,US,3,False,tuning
S1-764927598,India,3,False,evaluation
S1-764970699,India,4,False,tuning
S1-764995196,India,6,False,evaluation
S1-765121927,US,3,False,evaluation
S1-765151068,US,3,False,tuning
S1-765193522,US,2,False,tuning
S1-765207628,US,5,False,evaluation
S1-76523730,US,3,False,tuning
S1-765289756,US,3,False,evaluation
S1-765328718,US,2,False,evaluation
S1-765411719,India,6,False,evaluation
S1-765420211,US,4,False,evaluation
S1-765421081,India,4,False,evaluation
S1-765435086,India,2,False,evaluation
S1-765590224,US,3,False,tuning
S1-765692347,US,2,False,evaluation
S1-765709384,US,6,False,evaluation
S1-76571140,US,5,False,tuning
S1-765718818,India,0,True,evaluation
S1-765747020,US,1,False,evaluation
S1-765769390,US,3,False,evaluation
S1-765827050,India,4,False,evaluation
S1-765886671,US,5,False,tuning
S1-765932516,India,4,False,tuning
S1-765936651,US,3,False,evaluation
S1-765966263,India,2,False,tuning
S1-76597376,US,4,False,evaluation
S1-76600144,US,3,False,evaluation
S1-766024117,US,2,False,evaluation
S1-766126025,US,3,False,evaluation
S1-766223921,US,3,False,evaluation
S1-766262765,US,5,False,evaluation
S1-76631219,US,4,False,evaluation
S1-766349982,US,7,False,tuning
S1-7664565,US,5,False,tuning
S1-766477441,US,0,True,evaluation
S1-766493742,US,4,False,tuning
S1-766495354,US,5,False,tuning
S1-766506331,US,3,False,evaluation
S1-766635811,US,4,False,evaluation
S1-766653039,India,4,False,tuning
S1-766675761,India,3,False,tuning
S1-766694135,US,5,False,tuning
S1-766709825,India,4,False,tuning
S1-766721381,US,2,False,evaluation
S1-766758568,India,4,False,tuning
S1-766760828,US,2,False,evaluation
S1-766778973,US,5,False,evaluation
S1-766801037,US,6,False,evaluation
S1-766826128,India,3,False,tuning
S1-766845385,India,3,False,evaluation
S1-766847903,India,5,False,evaluation
S1-766865282,US,3,False,tuning
S1-766876733,India,4,False,evaluation
S1-766877051,India,2,False,evaluation
S1-766900774,India,1,False,evaluation
S1-766909146,US,2,False,evaluation
S1-766940942,US,3,False,evaluation
S1-766994611,US,4,False,evaluation
S1-767012811,US,4,False,tuning
S1-767099154,India,2,False,evaluation
S1-767124080,US,3,False,tuning
S1-767127032,US,3,False,tuning
S1-767162600,India,6,False,tuning
S1-767202551,US,8,False,evaluation
S1-767237962,India,7,False,tuning
S1-767241864,US,0,True,tuning
S1-767309651,US,1,False,evaluation
S1-767358074,US,3,False,tuning
S1-76744398,India,3,False,evaluation
S1-76746127,India,0,True,evaluation
S1-767479070,US,4,False,evaluation
S1-767513692,US,6,False,tuning
S1-76758051,India,5,False,tuning
S1-767608232,US,0,True,evaluation
S1-767619432,US,4,False,tuning
S1-767647856,India,2,False,tuning
S1-767808805,US,4,False,evaluation
S1-76782288,US,2,False,tuning
S1-767850987,US,1,False,tuning
S1-76791751,India,2,False,tuning
S1-767918676,US,4,False,evaluation
S1-767997390,US,3,False,tuning
S1-768001374,US,4,False,evaluation
S1-768002248,India,4,False,tuning
S1-768045119,India,8,False,evaluation
S1-768096905,India,3,False,evaluation
S1-76811487,US,2,False,evaluation
S1-768172096,US,7,False,tuning
S1-7681954,US,2,False,tuning
S1-768201051,US,4,False,tuning
S1-768345249,India,5,False,evaluation
S1-768374482,India,3,False,tuning
S1-76838279,US,4,False,evaluation
S1-768505484,US,4,False,evaluation
S1-768517943,India,4,False,evaluation
S1-768535345,India,4,False,tuning
S1-768574957,US,4,False,evaluation
S1-768591365,India,5,False,tuning
S1-768630607,US,3,False,evaluation
S1-768675271,US,4,False,tuning
S1-7686855,US,1,False,tuning
S1-768706875,US,3,False,tuning
S1-768734796,India,6,False,tuning
S1-768755277,US,4,False,evaluation
S1-768795447,India,4,False,evaluation
S1-768820447,US,4,False,tuning
S1-768907035,US,4,False,tuning
S1-769006666,US,5,False,evaluation
S1-769049781,US,4,False,evaluation
S1-769285746,India,2,False,evaluation
S1-769347406,US,5,False,evaluation
S1-769366470,India,2,False,tuning
S1-769501313,India,2,False,tuning
S1-769502216,US,4,False,tuning
S1-769616063,US,2,False,evaluation
S1-769655271,US,2,False,evaluation
S1-769672224,US,4,False,evaluation
S1-76971598,US,2,False,tuning
S1-769732443,US,0,True,tuning
S1-769928731,US,3,False,evaluation
S1-770004745,US,5,False,tuning
S1-770016159,India,1,False,tuning
S1-770079364,US,5,False,evaluation
S1-770102800,US,6,False,evaluation
S1-7701393,US,3,False,evaluation
S1-770164433,India,6,False,tuning
S1-770172704,US,4,False,tuning
S1-77020013,US,4,False,evaluation
S1-770502399,India,4,False,tuning
S1-770550833,US,6,False,evaluation
S1-770572245,US,2,False,evaluation
S1-770604372,US,4,False,tuning
S1-770605249,India,2,False,evaluation
S1-770609011,India,5,False,evaluation
S1-77076355,India,7,False,tuning
S1-770803445,US,3,False,tuning
S1-770861151,US,4,False,tuning
S1-770909649,US,4,False,evaluation
S1-770990157,India,6,False,evaluation
S1-771004128,US,4,False,evaluation
S1-771151821,India,1,False,evaluation
S1-771186388,India,5,False,tuning
S1-771273147,India,4,False,evaluation
S1-771329599,US,7,False,evaluation
S1-771369347,US,2,False,evaluation
S1-771371946,US,5,False,evaluation
S1-771388676,India,3,False,evaluation
S1-771464579,US,6,False,evaluation
S1-77150208,US,6,False,evaluation
S1-771543069,US,5,False,tuning
S1-771586649,US,3,False,evaluation
S1-77161625,India,3,False,evaluation
S1-771638790,US,3,False,evaluation
S1-77166781,US,3,False,evaluation
S1-771938752,US,4,False,evaluation
S1-772251182,US,4,False,evaluation
S1-772252017,US,2,False,evaluation
S1-772318966,US,2,False,evaluation
S1-772343900,US,4,False,evaluation
S1-772376519,India,3,False,tuning
S1-772387589,India,0,True,evaluation
S1-772389617,India,0,True,evaluation
S1-772458879,US,3,False,evaluation
S1-772603055,US,2,False,evaluation
S1-772622400,US,3,False,evaluation
S1-772795398,US,0,True,evaluation
S1-772994989,US,3,False,evaluation
S1-773003588,US,5,False,evaluation
S1-773018753,US,3,False,tuning
S1-773025298,US,6,False,evaluation
S1-773132465,India,3,False,evaluation
S1-773161862,US,4,False,tuning
S1-773336692,India,5,False,tuning
S1-773390280,India,5,False,evaluation
S1-773391278,India,2,False,tuning
S1-773446559,US,5,False,evaluation
S1-773462459,US,1,False,evaluation
S1-773467688,India,4,False,evaluation
S1-773472108,US,0,True,evaluation
S1-773487928,India,5,False,evaluation
S1-7735053,US,1,False,evaluation
S1-77351891,India,2,False,evaluation
S1-773529456,India,5,False,tuning
S1-773565090,India,3,False,evaluation
S1-773644233,US,6,False,tuning
S1-773684140,US,3,False,tuning
S1-773686144,US,4,False,evaluation
S1-773695717,India,5,False,evaluation
S1-773746200,India,6,False,evaluation
S1-773799644,India,2,False,evaluation
S1-773802790,India,3,False,evaluation
S1-773807945,US,2,False,evaluation
S1-773882428,US,3,False,evaluation
S1-773889138,India,2,False,evaluation
S1-773890094,US,2,False,evaluation
S1-773909910,India,3,False,evaluation
S1-773914143,India,4,False,tuning
S1-773948465,India,8,False,tuning
S1-773973726,US,7,False,evaluation
S1-774085875,US,4,False,tuning
S1-774139237,US,4,False,evaluation
S1-77416244,US,4,False,evaluation
S1-774181170,India,3,False,evaluation
S1-774190636,India,4,False,evaluation
S1-774193040,India,2,False,tuning
S1-774194765,US,5,False,evaluation
S1-77420205,US,0,True,evaluation
S1-774214711,India,2,False,tuning
S1-774243811,US,3,False,evaluation
S1-774372859,India,6,False,evaluation
S1-774445520,US,3,False,evaluation
S1-774457265,India,3,False,evaluation
S1-774527596,India,2,False,evaluation
S1-774527677,US,2,False,evaluation
S1-77465019,US,5,False,evaluation
S1-774662700,US,7,False,evaluation
S1-774668989,India,7,False,evaluation
S1-774671750,US,2,False,evaluation
S1-774688070,US,4,False,tuning
S1-774708616,US,4,False,tuning
S1-774739792,US,2,False,evaluation
S1-774906806,US,3,False,evaluation
S1-774996232,India,4,False,evaluation
S1-775050122,US,4,False,tuning
S1-775069708,India,3,False,tuning
S1-775101491,US,9,False,evaluation
S1-775227602,US,5,False,evaluation
S1-77523200,India,3,False,evaluation
S1-775403332,US,3,False,evaluation
S1-775408893,US,2,False,evaluation
S1-775469612,US,2,False,evaluation
S1-775515981,US,4,False,evaluation
S1-775592584,India,6,False,evaluation
S1-775658566,US,1,False,tuning
S1-77568999,India,3,False,evaluation
S1-775711423,US,2,False,tuning
S1-775745070,India,2,False,tuning
S1-775770633,US,4,False,evaluation
S1-77579611,US,3,False,evaluation
S1-775896642,India,8,False,tuning
S1-775905651,India,3,False,tuning
S1-77597188,US,5,False,evaluation
S1-776008409,US,7,False,evaluation
S1-77602504,India,5,False,evaluation
S1-776086313,India,2,False,evaluation
S1-776129950,US,2,False,tuning
S1-776196427,US,3,False,evaluation
S1-7763246,India,3,False,evaluation
S1-776387817,India,5,False,evaluation
S1-776395126,US,5,False,tuning
S1-776450551,US,7,False,tuning
S1-7764678,India,3,False,evaluation
S1-776472993,US,2,False,evaluation
S1-776485535,US,4,False,tuning
S1-776575601,India,3,False,tuning
S1-776738666,US,4,False,tuning
S1-776857758,India,4,False,evaluation
S1-776864453,India,2,False,evaluation
S1-776865829,US,2,False,tuning
S1-776931470,India,4,False,evaluation
S1-777002521,India,5,False,evaluation
S1-777009321,India,3,False,evaluation
S1-777097251,India,4,False,evaluation
S1-777130131,India,3,False,evaluation
S1-777230028,US,7,False,tuning
S1-777234932,US,2,False,tuning
S1-777270128,US,2,False,evaluation
S1-777328458,India,5,False,tuning
S1-777355476,US,4,False,evaluation
S1-777447672,US,4,False,evaluation
S1-77745985,US,6,False,tuning
S1-77746613,India,2,False,tuning
S1-777484752,India,4,False,evaluation
S1-777521750,US,3,False,evaluation
S1-777542617,India,0,True,evaluation
S1-777564565,US,3,False,evaluation
S1-777633537,India,2,False,tuning
S1-777710662,India,3,False,tuning
S1-777883960,US,6,False,tuning
S1-777954208,India,4,False,evaluation
S1-777996485,US,6,False,evaluation
S1-778007247,US,5,False,evaluation
S1-778025394,India,2,False,tuning
S1-778104401,India,3,False,evaluation
S1-778168814,US,2,False,tuning
S1-778201316,India,3,False,evaluation
S1-778205563,India,4,False,evaluation
S1-778242716,US,5,False,evaluation
S1-778259417,US,0,True,tuning
S1-778268446,US,2,False,evaluation
S1-778301604,US,3,False,evaluation
S1-778313455,India,2,False,tuning
S1-77842920,India,4,False,tuning
S1-778444203,US,2,False,evaluation
S1-778460014,US,7,False,tuning
S1-778474029,India,6,False,tuning
S1-778507117,US,2,False,evaluation
S1-778508469,India,4,False,evaluation
S1-778547645,US,3,False,evaluation
S1-778563490,US,4,False,evaluation
S1-778610459,US,6,False,tuning
S1-778617690,US,3,False,tuning
S1-778696976,US,4,False,tuning
S1-778726679,India,4,False,evaluation
S1-778778968,India,2,False,evaluation
S1-778790717,India,0,True,evaluation
S1-778923642,India,6,False,evaluation
S1-778944110,US,3,False,evaluation
S1-779020413,India,2,False,evaluation
S1-779055908,India,6,False,tuning
S1-779094471,US,3,False,tuning
S1-779178324,US,2,False,tuning
S1-77922114,India,5,False,evaluation
S1-779253480,US,2,False,evaluation
S1-779260273,India,0,True,evaluation
S1-779269165,India,3,False,tuning
S1-779310457,India,4,False,tuning
S1-779374705,India,5,False,evaluation
S1-779403177,India,2,False,tuning
S1-779432294,India,3,False,evaluation
S1-779434229,US,6,False,evaluation
S1-779454127,US,5,False,tuning
S1-779514387,US,4,False,tuning
S1-779529531,US,3,False,tuning
S1-779543775,US,5,False,tuning
S1-779545241,US,3,False,tuning
S1-779574258,US,4,False,evaluation
S1-779602443,US,6,False,evaluation
S1-779613611,India,3,False,evaluation
S1-779653941,US,4,False,tuning
S1-779698672,US,2,False,evaluation
S1-779820077,India,6,False,evaluation
S1-779855252,US,1,False,evaluation
S1-779975903,India,2,False,tuning
S1-780041749,US,2,False,evaluation
S1-780053902,India,3,False,tuning
S1-780065334,India,4,False,tuning
S1-780168384,US,0,True,evaluation
S1-78017153,US,6,False,tuning
S1-78021313,India,3,False,tuning
S1-780360508,US,5,False,evaluation
S1-780399571,US,2,False,evaluation
S1-780423580,US,3,False,evaluation
S1-780433882,US,3,False,evaluation
S1-780437734,US,2,False,evaluation
S1-780454310,US,5,False,evaluation
S1-780470034,India,4,False,evaluation
S1-780524546,US,3,False,tuning
S1-780524694,India,2,False,evaluation
S1-780542746,US,1,False,tuning
S1-780593645,India,2,False,evaluation
S1-780622733,India,3,False,tuning
S1-780772039,India,5,False,evaluation
S1-78080915,India,4,False,evaluation
S1-780813289,US,5,False,tuning
S1-780837485,US,0,True,evaluation
S1-780918229,US,4,False,tuning
S1-780928627,US,6,False,evaluation
S1-780933194,US,3,False,evaluation
S1-781008385,India,5,False,evaluation
S1-781115190,India,6,False,evaluation
S1-781200682,US,6,False,tuning
S1-781206004,India,4,False,evaluation
S1-781226314,US,4,False,evaluation
S1-781269524,US,5,False,evaluation
S1-781296475,US,1,False,evaluation
S1-781361716,US,4,False,tuning
S1-781449157,India,4,False,evaluation
S1-78155864,US,1,False,evaluation
S1-781562948,US,4,False,tuning
S1-781641436,India,4,False,evaluation
S1-781649359,India,4,False,tuning
S1-781668434,US,2,False,evaluation
S1-78175353,US,0,True,tuning
S1-781831642,US,3,False,evaluation
S1-781834405,US,4,False,tuning
S1-781912657,India,3,False,tuning
S1-781930280,India,2,False,evaluation
S1-781961793,US,6,False,tuning
S1-781975526,India,1,False,tuning
S1-781997085,US,3,False,tuning
S1-782011976,India,6,False,evaluation
S1-782041812,US,4,False,evaluation
S1-782064492,India,4,False,evaluation
S1-782319312,US,4,False,evaluation
S1-782377385,US,4,False,evaluation
S1-782443001,US,4,False,tuning
S1-782551931,US,3,False,tuning
S1-78256302,India,6,False,evaluation
S1-782643342,India,5,False,evaluation
S1-78267284,India,3,False,evaluation
S1-782755688,India,2,False,evaluation
S1-78277556,US,3,False,evaluation
S1-78278533,US,4,False,evaluation
S1-782902129,US,1,False,evaluation
S1-782920749,India,5,False,tuning
S1-783001297,US,6,False,tuning
S1-783037253,US,6,False,evaluation
S1-783048801,India,6,False,evaluation
S1-783138753,India,1,False,tuning
S1-783143100,India,4,False,evaluation
S1-783219416,US,6,False,tuning
S1-78323493,US,3,False,evaluation
S1-783307678,US,3,False,evaluation
S1-783328051,US,4,False,tuning
S1-783349163,US,2,False,tuning
S1-783354660,US,7,False,tuning
S1-783365140,India,2,False,evaluation
S1-78337007,India,5,False,tuning
S1-783449381,US,5,False,evaluation
S1-78348429,India,3,False,evaluation
S1-783565018,US,2,False,evaluation
S1-783599509,US,3,False,evaluation
S1-783603922,US,6,False,evaluation
S1-783616743,India,5,False,evaluation
S1-783640419,India,3,False,evaluation
S1-783653290,India,4,False,evaluation
S1-783666488,India,4,False,evaluation
S1-783721950,India,4,False,tuning
S1-783743077,US,3,False,evaluation
S1-783744599,US,3,False,evaluation
S1-783792623,US,5,False,evaluation
S1-783804493,India,7,False,evaluation
S1-78381502,US,2,False,evaluation
S1-783843882,US,2,False,evaluation
S1-783866124,US,4,False,tuning
S1-783928944,US,0,True,tuning
S1-784195409,US,3,False,tuning
S1-784206566,US,2,False,tuning
S1-784246693,US,1,False,evaluation
S1-784259695,India,3,False,evaluation
S1-784282779,India,6,False,evaluation
S1-784290757,India,4,False,evaluation
S1-784299567,US,2,False,evaluation
S1-784425553,India,6,False,evaluation
S1-784501335,India,5,False,evaluation
S1-78455249,India,7,False,evaluation
S1-784608068,India,3,False,evaluation
S1-784614918,US,3,False,tuning
S1-78462626,US,3,False,evaluation
S1-784757444,US,0,True,evaluation
S1-78475982,US,4,False,evaluation
S1-784868659,India,2,False,tuning
S1-784879697,US,2,False,evaluation
S1-785012599,US,3,False,evaluation
S1-785019344,India,4,False,evaluation
S1-785136733,India,2,False,tuning
S1-785177047,India,4,False,tuning
S1-785407352,India,4,False,evaluation
S1-785446996,India,3,False,evaluation
S1-785456514,US,3,False,evaluation
S1-785474520,India,4,False,evaluation
S1-785505448,US,3,False,tuning
S1-785571440,India,1,False,evaluation
S1-785575309,India,4,False,tuning
S1-78566631,US,2,False,evaluation
S1-785764526,India,3,False,evaluation
S1-785779876,India,5,False,evaluation
S1-785828562,US,3,False,tuning
S1-785853424,India,3,False,tuning
S1-785867708,India,3,False,tuning
S1-785873427,India,5,False,evaluation
S1-785978391,India,3,False,evaluation
S1-785979123,US,5,False,evaluation
S1-785981932,US,4,False,tuning
S1-786099168,US,2,False,evaluation
S1-786129589,India,4,False,tuning
S1-786232272,US,1,False,evaluation
S1-786239558,India,0,True,evaluation
S1-786250405,India,4,False,tuning
S1-786288386,India,2,False,evaluation
S1-786313856,US,3,False,tuning
S1-786414506,India,3,False,tuning
S1-786420033,US,3,False,tuning
S1-786705585,US,5,False,tuning
S1-786733970,US,5,False,tuning
S1-786877381,US,3,False,tuning
S1-786936444,India,0,True,evaluation
S1-786986225,India,0,True,tuning
S1-787015494,US,2,False,tuning
S1-787111842,US,6,False,evaluation
S1-787210237,US,3,False,evaluation
S1-787210794,US,5,False,evaluation
S1-787227687,India,8,False,evaluation
S1-787264749,US,3,False,tuning
S1-787269479,India,3,False,tuning
S1-787388361,India,2,False,evaluation
S1-787439267,India,4,False,tuning
S1-787543786,US,2,False,evaluation
S1-787621108,India,4,False,evaluation
S1-78762388,India,2,False,tuning
S1-787663476,US,3,False,tuning
S1-787678080,India,3,False,tuning
S1-787780034,India,5,False,evaluation
S1-787814041,US,2,False,evaluation
S1-787831972,India,5,False,tuning
S1-787841224,India,1,False,evaluation
S1-787890748,US,2,False,evaluation
S1-787921465,US,4,False,evaluation
S1-787993505,India,6,False,evaluation
S1-787997775,US,4,False,evaluation
S1-788044304,US,7,False,evaluation
S1-788053255,India,5,False,evaluation
S1-788054588,US,4,False,evaluation
S1-788156941,India,3,False,evaluation
S1-788290255,US,6,False,evaluation
S1-788353567,US,8,False,evaluation
S1-788357957,India,3,False,tuning
S1-788388577,US,5,False,tuning
S1-788477293,US,3,False,evaluation
S1-788484501,US,4,False,tuning
S1-788545629,US,6,False,evaluation
S1-788546041,US,5,False,evaluation
S1-788565399,US,3,False,evaluation
S1-788632701,US,4,False,tuning
S1-788669533,US,2,False,tuning
S1-788737433,India,3,False,evaluation
S1-788841178,India,3,False,evaluation
S1-788932497,US,0,True,tuning
S1-788945674,US,5,False,evaluation
S1-789047731,US,3,False,tuning
S1-789078908,India,3,False,tuning
S1-789081124,US,4,False,evaluation
S1-789242551,US,0,True,tuning
S1-78927882,US,1,False,evaluation
S1-789324546,US,4,False,tuning
S1-789338421,US,4,False,evaluation
S1-789438532,India,2,False,tuning
S1-789599021,US,4,False,tuning
S1-789609240,India,2,False,tuning
S1-789618147,US,0,True,evaluation
S1-789618519,India,0,True,evaluation
S1-789663202,US,2,False,evaluation
S1-789687769,US,1,False,evaluation
S1-789718582,US,3,False,tuning
S1-789743204,India,2,False,evaluation
S1-789892025,India,4,False,evaluation
S1-78992501,India,5,False,tuning
S1-78994432,US,5,False,evaluation
S1-789958686,US,0,True,tuning
S1-789987912,US,5,False,tuning
S1-790037313,India,6,False,evaluation
S1-790052103,US,5,False,evaluation
S1-790054289,US,4,False,tuning
S1-790089724,US,1,False,evaluation
S1-790174712,US,2,False,evaluation
S1-790179507,India,0,True,evaluation
S1-79021256,India,4,False,evaluation
S1-790297416,US,4,False,tuning
S1-790316334,US,6,False,evaluation
S1-790328075,India,0,True,tuning
S1-790344077,India,3,False,evaluation
S1-790347638,US,2,False,tuning
S1-790362410,US,2,False,tuning
S1-790370362,US,0,True,tuning
S1-790395735,India,3,False,tuning
S1-790431014,US,4,False,evaluation
S1-790467803,US,6,False,evaluation
S1-790481338,US,3,False,evaluation
S1-790574639,US,3,False,evaluation
S1-790599481,US,5,False,tuning
S1-790726267,India,2,False,evaluation
S1-790746809,India,3,False,tuning
S1-790850301,US,5,False,evaluation
S1-79086411,US,4,False,evaluation
S1-790967077,US,4,False,tuning
S1-791034082,US,2,False,evaluation
S1-791044420,US,2,False,tuning
S1-791050385,India,3,False,evaluation
S1-791205122,US,4,False,tuning
S1-791215927,India,4,False,evaluation
S1-791226658,India,4,False,evaluation
S1-791264159,US,4,False,evaluation
S1-791404930,India,5,False,tuning
S1-79146097,India,3,False,evaluation
S1-791584752,India,3,False,evaluation
S1-791632376,India,2,False,tuning
S1-791772510,US,6,False,tuning
S1-791781082,India,2,False,evaluation
S1-791789539,US,3,False,evaluation
S1-791794384,US,5,False,evaluation
S1-791867209,US,2,False,evaluation
S1-79190301,US,4,False,evaluation
S1-791924964,US,0,True,tuning
S1-791980646,India,3,False,evaluation
S1-792030842,US,5,False,tuning
S1-792058636,India,7,False,evaluation
S1-792164546,India,0,True,evaluation
S1-792215423,India,4,False,evaluation
S1-792229509,India,2,False,evaluation
S1-792269056,India,5,False,evaluation
S1-792515699,US,2,False,evaluation
S1-792656872,US,3,False,tuning
S1-792720609,US,4,False,evaluation
S1-792745998,US,2,False,evaluation
S1-792764208,US,6,False,tuning
S1-792768223,US,3,False,evaluation
S1-792768327,India,2,False,evaluation
S1-792770646,India,3,False,tuning
S1-792827759,US,6,False,evaluation
S1-792838307,India,0,True,tuning
S1-792914810,US,0,True,evaluation
S1-792918613,US,4,False,tuning
S1-792937225,US,4,False,tuning
S1-793027611,India,6,False,evaluation
S1-793156559,US,2,False,tuning
S1-793179925,India,5,False,evaluation
S1-79319777,US,2,False,evaluation
S1-793208345,US,3,False,tuning
S1-793254494,US,3,False,tuning
S1-793329763,US,3,False,tuning
S1-793349082,US,3,False,evaluation
S1-79339099,India,5,False,tuning
S1-793491439,US,6,False,evaluation
S1-793512701,US,3,False,tuning
S1-793647882,India,2,False,evaluation
S1-793657426,India,3,False,evaluation
S1-793794041,India,0,True,evaluation
S1-793865264,India,4,False,evaluation
S1-793867715,US,3,False,tuning
S1-793943177,US,0,True,evaluation
S1-793963030,India,4,False,evaluation
S1-793969786,US,3,False,evaluation
S1-79404914,US,4,False,tuning
S1-794067240,India,6,False,tuning
S1-794113587,India,3,False,tuning
S1-794143960,US,2,False,evaluation
S1-794164715,US,2,False,evaluation
S1-794213640,India,2,False,evaluation
S1-794245347,US,1,False,evaluation
S1-794311991,India,4,False,evaluation
S1-794362784,US,4,False,tuning
S1-794400854,US,2,False,tuning
S1-794533270,India,2,False,evaluation
S1-794549811,US,4,False,tuning
S1-794569904,US,6,False,evaluation
S1-794665372,US,3,False,evaluation
S1-794680542,US,3,False,tuning
S1-794748146,US,1,False,evaluation
S1-79478582,US,3,False,evaluation
S1-794836511,US,1,False,evaluation
S1-794883510,India,4,False,tuning
S1-795012323,US,3,False,tuning
S1-795019368,India,3,False,evaluation
S1-795063064,US,4,False,evaluation
S1-79507797,US,4,False,tuning
S1-795098920,US,2,False,tuning
S1-79511431,US,4,False,evaluation
S1-795125302,India,2,False,evaluation
S1-795174911,India,4,False,evaluation
S1-795195406,US,4,False,evaluation
S1-795216826,India,2,False,evaluation
S1-795225660,US,6,False,tuning
S1-795275684,US,1,False,tuning
S1-795298540,US,3,False,evaluation
S1-795347959,US,3,False,evaluation
S1-795488225,US,2,False,evaluation
S1-795505842,US,3,False,evaluation
S1-795603458,India,4,False,tuning
S1-795644161,US,2,False,tuning
S1-795719864,US,2,False,tuning
S1-795724246,US,2,False,tuning
S1-795767076,US,1,False,evaluation
S1-795868412,India,4,False,evaluation
S1-795932269,US,2,False,evaluation
S1-795980653,India,4,False,tuning
S1-796139769,US,3,False,tuning
S1-796141942,US,5,False,evaluation
S1-796298236,US,2,False,tuning
S1-796347246,India,8,False,evaluation
S1-796402918,US,6,False,tuning
S1-796436300,US,6,False,tuning
S1-796454810,India,2,False,tuning
S1-796455612,US,2,False,tuning
S1-796458434,India,4,False,evaluation
S1-796505306,India,4,False,evaluation
S1-796587727,US,5,False,evaluation
S1-796593276,US,4,False,evaluation
S1-796641185,US,3,False,evaluation
S1-796689785,India,2,False,evaluation
S1-796757801,US,5,False,evaluation
S1-796794939,India,2,False,evaluation
S1-796801006,US,2,False,tuning
S1-796871620,US,4,False,tuning
S1-796895681,US,4,False,tuning
S1-796902954,India,4,False,evaluation
S1-796927153,US,4,False,evaluation
S1-796931678,US,0,True,evaluation
S1-796937280,US,6,False,evaluation
S1-796967309,US,3,False,tuning
S1-796969454,US,0,True,tuning
S1-797056345,US,2,False,evaluation
S1-797058141,India,5,False,evaluation
S1-797058444,India,2,False,tuning
S1-797086028,US,5,False,tuning
S1-797089207,US,1,False,tuning
S1-797101537,US,4,False,evaluation
S1-797126611,India,8,False,tuning
S1-797182600,US,5,False,tuning
S1-797222389,India,2,False,evaluation
S1-797233431,India,4,False,evaluation
S1-797348910,India,6,False,tuning
S1-797438612,India,4,False,tuning
S1-79749476,US,3,False,evaluation
S1-797567537,US,3,False,evaluation
S1-797660067,US,4,False,evaluation
S1-797724861,India,2,False,evaluation
S1-797735814,India,7,False,evaluation
S1-797779963,US,2,False,evaluation
S1-797875998,US,8,False,tuning
S1-797895388,India,2,False,evaluation
S1-797916278,US,5,False,evaluation
S1-797986410,India,2,False,evaluation
S1-798133204,US,7,False,tuning
S1-798165443,US,3,False,evaluation
S1-798189436,US,2,False,tuning
S1-798192977,US,3,False,tuning
S1-798485321,US,2,False,evaluation
S1-79851479,US,4,False,tuning
S1-798525786,US,0,True,evaluation
S1-798526461,US,4,False,evaluation
S1-798546106,US,2,False,evaluation
S1-798547649,US,2,False,evaluation
S1-798559370,India,3,False,evaluation
S1-798571397,US,3,False,evaluation
S1-798625161,US,4,False,evaluation
S1-798670771,US,3,False,tuning
S1-798676369,US,0,True,evaluation
S1-798922779,US,3,False,evaluation
S1-79902550,India,2,False,evaluation
S1-799100847,US,4,False,evaluation
S1-799116976,India,3,False,evaluation
S1-799234656,US,8,False,evaluation
S1-799407009,India,5,False,tuning
S1-799450781,US,5,False,evaluation
S1-799499452,US,4,False,evaluation
S1-799567579,India,2,False,evaluation
S1-799607694,India,3,False,tuning
S1-799616894,India,5,False,evaluation
S1-799644995,US,2,False,evaluation
S1-799670854,India,3,False,evaluation
S1-799686903,US,0,True,evaluation
S1-799735017,US,5,False,tuning
S1-799781211,US,3,False,tuning
S1-799812654,US,3,False,evaluation
S1-799851480,US,2,False,evaluation
S1-799882768,India,5,False,tuning
S1-799897944,US,6,False,tuning
S1-799968749,India,3,False,evaluation
S1-799971161,US,3,False,evaluation
S1-800000588,US,7,False,evaluation
S1-800115058,US,7,False,tuning
S1-800184667,US,3,False,evaluation
S1-800222906,US,3,False,evaluation
S1-800228713,US,4,False,tuning
S1-800249742,India,3,False,tuning
S1-800315369,US,2,False,evaluation
S1-800340753,US,4,False,tuning
S1-80036159,India,4,False,evaluation
S1-800398287,US,0,True,evaluation
S1-800459741,US,5,False,evaluation
S1-800501246,India,3,False,evaluation
S1-800503071,US,4,False,tuning
S1-800520486,US,2,False,tuning
S1-800620889,India,0,True,evaluation
S1-800629411,US,2,False,evaluation
S1-800630904,US,1,False,tuning
S1-800637090,US,3,False,tuning
S1-800677148,India,4,False,evaluation
S1-800737616,India,4,False,tuning
S1-800744574,US,2,False,evaluation
S1-80078081,India,2,False,evaluation
S1-800788599,US,4,False,tuning
S1-800842146,US,1,False,evaluation
S1-800891124,India,3,False,evaluation
S1-800895067,US,6,False,evaluation
S1-800917539,India,1,False,tuning
S1-800948524,US,8,False,tuning
S1-800957723,India,7,False,evaluation
S1-800960632,US,4,False,tuning
S1-801078924,India,2,False,evaluation
S1-801261398,US,5,False,evaluation
S1-801302383,US,4,False,tuning
S1-801383378,US,6,False,evaluation
S1-801385283,US,2,False,evaluation
S1-801542880,US,4,False,tuning
S1-801589967,India,5,False,evaluation
S1-801657072,US,4,False,tuning
S1-801669474,India,5,False,tuning
S1-801675092,US,2,False,evaluation
S1-801745706,India,2,False,tuning
S1-801762718,India,0,True,tuning
S1-801789458,US,5,False,evaluation
S1-801826894,India,3,False,evaluation
S1-801880800,US,3,False,evaluation
S1-801972258,US,4,False,tuning
S1-801988696,US,4,False,evaluation
S1-802053466,US,4,False,tuning
S1-802220201,US,6,False,tuning
S1-802226322,US,3,False,evaluation
S1-802234865,US,1,False,tuning
S1-80224891,US,2,False,tuning
S1-80225213,US,6,False,evaluation
S1-8024121,US,3,False,tuning
S1-802439407,India,3,False,evaluation
S1-802462805,US,2,False,evaluation
S1-802510424,US,5,False,evaluation
S1-802514980,India,5,False,tuning
S1-802562701,US,6,False,evaluation
S1-802716568,US,8,False,evaluation
S1-802736013,US,4,False,tuning
S1-80273936,US,4,False,tuning
S1-802784325,India,5,False,evaluation
S1-802831813,India,3,False,evaluation
S1-802875162,US,4,False,tuning
S1-80289573,US,6,False,tuning
S1-802906658,India,1,False,tuning
S1-802914432,US,1,False,evaluation
S1-802946392,India,4,False,evaluation
S1-802949812,US,2,False,evaluation
S1-803161200,India,1,False,evaluation
S1-803274973,US,0,True,tuning
S1-803275038,US,4,False,tuning
S1-803277890,India,4,False,evaluation
S1-803333313,India,3,False,tuning
S1-80333541,US,5,False,evaluation
S1-803360917,US,4,False,evaluation
S1-803390278,India,5,False,tuning
S1-803444127,US,3,False,evaluation
S1-803458054,India,5,False,evaluation
S1-803501555,US,2,False,evaluation
S1-803504826,US,3,False,evaluation
S1-803533463,US,4,False,evaluation
S1-803543675,India,3,False,evaluation
S1-803549292,India,2,False,evaluation
S1-803555595,India,3,False,tuning
S1-803604211,India,6,False,tuning
S1-803611028,India,6,False,tuning
S1-803728681,India,1,False,tuning
S1-80375253,India,5,False,evaluation
S1-803948421,US,4,False,evaluation
S1-804056563,India,3,False,evaluation
S1-804070019,US,4,False,evaluation
S1-804133286,US,2,False,evaluation
S1-804212031,India,5,False,tuning
S1-804230106,US,4,False,tuning
S1-804264291,India,6,False,tuning
S1-804305980,India,4,False,tuning
S1-804342590,India,4,False,tuning
S1-804372952,US,2,False,evaluation
S1-804380308,US,4,False,evaluation
S1-804403509,US,3,False,tuning
S1-804418319,US,6,False,evaluation
S1-804424764,US,7,False,tuning
S1-804436523,India,2,False,tuning
S1-80448007,US,3,False,evaluation
S1-804510223,US,4,False,tuning
S1-804569729,US,3,False,evaluation
S1-804617789,US,7,False,evaluation
S1-804626370,India,6,False,tuning
S1-804666642,US,4,False,tuning
S1-804683097,US,3,False,tuning
S1-804693715,India,6,False,tuning
S1-804737006,India,2,False,tuning
S1-804737474,US,3,False,evaluation
S1-804761288,India,3,False,tuning
S1-804765852,India,5,False,evaluation
S1-804823608,India,5,False,tuning
S1-80488633,US,5,False,tuning
S1-804949587,US,3,False,evaluation
S1-804959625,India,2,False,evaluation
S1-804985326,India,3,False,evaluation
S1-805151422,US,2,False,tuning
S1-805186087,India,4,False,tuning
S1-805196646,India,2,False,evaluation
S1-805249343,US,3,False,evaluation
S1-805294237,India,5,False,evaluation
S1-805348658,US,5,False,tuning
S1-805363016,India,2,False,tuning
S1-805422961,India,2,False,evaluation
S1-80547941,US,0,True,evaluation
S1-805490804,US,3,False,evaluation
S1-805513985,India,5,False,tuning
S1-805663607,India,3,False,tuning
S1-805666871,India,2,False,evaluation
S1-805673706,US,4,False,evaluation
S1-805685110,US,4,False,evaluation
S1-805720916,India,5,False,tuning
S1-805739780,India,3,False,tuning
S1-80574413,US,2,False,evaluation
S1-805744226,US,1,False,tuning
S1-805753275,India,4,False,evaluation
S1-805762614,US,5,False,evaluation
S1-805765524,India,3,False,tuning
S1-805773664,India,3,False,evaluation
S1-805786897,US,2,False,tuning
S1-805834790,US,3,False,evaluation
S1-805841517,US,6,False,evaluation
S1-805849613,US,3,False,evaluation
S1-805878823,US,2,False,tuning
S1-805937265,India,2,False,tuning
S1-80596883,US,2,False,tuning
S1-80606244,US,2,False,evaluation
S1-806103623,US,4,False,evaluation
S1-806260771,India,2,False,evaluation
S1-806272614,India,4,False,evaluation
S1-806278108,India,3,False,tuning
S1-806285311,US,5,False,evaluation
S1-806311902,US,3,False,tuning
S1-806315777,US,3,False,tuning
S1-806356057,US,3,False,evaluation
S1-806409433,India,3,False,evaluation
S1-806518962,US,1,False,tuning
S1-806521868,US,8,False,evaluation
S1-806546705,US,5,False,evaluation
S1-806569471,India,4,False,evaluation
S1-806621074,India,2,False,evaluation
S1-806804718,US,4,False,tuning
S1-80681998,US,1,False,tuning
S1-806837698,India,5,False,tuning
S1-80698458,US,3,False,tuning
S1-806997955,India,2,False,evaluation
S1-806998366,US,3,False,tuning
S1-807019776,US,0,True,evaluation
S1-807045112,US,2,False,tuning
S1-807072855,India,4,False,tuning
S1-80708260,US,6,False,evaluation
S1-807097302,India,8,False,tuning
S1-807136578,US,1,False,evaluation
S1-807158506,US,6,False,evaluation
S1-807219556,US,1,False,evaluation
S1-807273946,US,2,False,tuning
S1-80732779,India,3,False,tuning
S1-807360290,US,3,False,evaluation
S1-807391335,India,4,False,tuning
S1-807443193,US,0,True,evaluation
S1-807448463,India,4,False,evaluation
S1-807529928,US,4,False,tuning
S1-807591789,US,4,False,evaluation
S1-807601771,US,0,True,tuning
S1-807603350,US,1,False,tuning
S1-807645114,India,0,True,tuning
S1-807722812,US,5,False,evaluation
S1-807835711,India,4,False,evaluation
S1-80785137,US,3,False,tuning
S1-807855659,US,4,False,tuning
S1-80787672,US,4,False,evaluation
S1-807925225,US,1,False,evaluation
S1-807964192,India,6,False,evaluation
S1-808007088,US,4,False,evaluation
S1-808065469,US,3,False,evaluation
S1-80806677,India,6,False,evaluation
S1-808126041,US,0,True,evaluation
S1-808150408,US,5,False,evaluation
S1-808168480,India,1,False,evaluation
S1-808231735,US,0,True,tuning
S1-808276258,India,5,False,evaluation
S1-808304656,India,2,False,tuning
S1-808374503,US,0,True,evaluation
S1-808495329,US,4,False,tuning
S1-808612280,US,3,False,tuning
S1-808612532,US,4,False,evaluation
S1-808639792,US,3,False,evaluation
S1-808649832,India,4,False,tuning
S1-808658874,India,0,True,evaluation
S1-808813192,India,3,False,evaluation
S1-808870249,US,3,False,evaluation
S1-808934778,US,3,False,evaluation
S1-808936517,India,5,False,evaluation
S1-808939066,US,3,False,tuning
S1-808942581,India,3,False,tuning
S1-809000229,India,2,False,tuning
S1-809125341,India,4,False,tuning
S1-809191477,US,4,False,evaluation
S1-809247866,US,3,False,tuning
S1-809312692,India,0,True,evaluation
S1-809330920,US,7,False,evaluation
S1-809333128,US,0,True,tuning
S1-809438391,US,3,False,evaluation
S1-809463499,US,3,False,tuning
S1-809506040,US,2,False,tuning
S1-809526672,US,4,False,evaluation
S1-809549806,US,4,False,tuning
S1-80956203,US,7,False,evaluation
S1-809573923,US,6,False,tuning
S1-809659589,India,2,False,tuning
S1-80972871,US,4,False,evaluation
S1-809795027,US,3,False,tuning
S1-80979729,US,2,False,tuning
S1-809799302,India,3,False,tuning
S1-809919670,India,4,False,evaluation
S1-809992877,India,4,False,evaluation
S1-81005839,US,3,False,evaluation
S1-810076304,US,5,False,evaluation
S1-810105529,India,6,False,tuning
S1-810127617,US,1,False,tuning
S1-810156867,India,0,True,evaluation
S1-810156989,India,4,False,tuning
S1-810216317,US,3,False,evaluation
S1-81030222,US,3,False,evaluation
S1-810306745,India,4,False,tuning
S1-810320878,US,7,False,tuning
S1-810404298,US,3,False,evaluation
S1-810435728,US,5,False,evaluation
S1-810459489,India,3,False,evaluation
S1-810463528,India,3,False,evaluation
S1-810511706,US,2,False,tuning
S1-810539049,India,5,False,tuning
S1-810590646,India,1,False,evaluation
S1-810675449,US,2,False,evaluation
S1-810678926,India,3,False,tuning
S1-810705679,India,2,False,evaluation
S1-810715505,US,4,False,tuning
S1-810723786,US,3,False,tuning
S1-810735331,US,3,False,evaluation
S1-810736198,India,3,False,evaluation
S1-810805180,US,3,False,evaluation
S1-810898579,India,4,False,tuning
S1-810924887,India,4,False,evaluation
S1-810929544,US,2,False,evaluation
S1-810956552,US,4,False,evaluation
S1-811010191,US,4,False,tuning
S1-811029175,India,6,False,tuning
S1-811122314,India,4,False,evaluation
S1-811186608,US,5,False,evaluation
S1-811362981,US,6,False,evaluation
S1-811385935,US,5,False,tuning
S1-811387306,India,3,False,tuning
S1-811458650,US,3,False,evaluation
S1-81147009,US,2,False,evaluation
S1-811523660,US,7,False,evaluation
S1-811580573,India,4,False,tuning
S1-811704375,India,4,False,tuning
S1-81173553,India,4,False,tuning
S1-811755617,US,2,False,tuning
S1-811779119,US,2,False,tuning
S1-811871906,India,2,False,evaluation
S1-811892835,US,4,False,evaluation
S1-811905780,US,4,False,tuning
S1-811940209,US,5,False,evaluation
S1-81199943,India,4,False,tuning
S1-812021737,India,5,False,evaluation
S1-812031451,US,4,False,tuning
S1-812043253,US,3,False,tuning
S1-81214865,US,2,False,evaluation
S1-81220873,India,5,False,evaluation
S1-812236570,India,3,False,tuning
S1-812269322,US,2,False,tuning
S1-812271817,US,5,False,tuning
S1-812274980,US,4,False,evaluation
S1-812310296,US,5,False,tuning
S1-812322900,India,3,False,tuning
S1-81236782,US,0,True,evaluation
S1-812594424,India,5,False,tuning
S1-812630579,India,2,False,tuning
S1-812742319,US,3,False,evaluation
S1-812790644,US,3,False,tuning
S1-812816392,US,0,True,tuning
S1-812853279,India,3,False,evaluation
S1-812855146,India,6,False,tuning
S1-812869633,India,5,False,tuning
S1-81287371,US,5,False,evaluation
S1-812884876,India,2,False,evaluation
S1-812892680,India,2,False,evaluation
S1-812960792,India,6,False,tuning
S1-813081765,India,3,False,tuning
S1-813188848,US,5,False,evaluation
S1-813196491,US,4,False,tuning
S1-813258491,US,6,False,evaluation
S1-81333488,US,2,False,tuning
S1-813464079,India,6,False,evaluation
S1-813478174,India,2,False,evaluation
S1-813494142,US,5,False,evaluation
S1-81357518,India,1,False,tuning
S1-813726232,India,3,False,tuning
S1-813727910,India,4,False,evaluation
S1-813735611,US,2,False,evaluation
S1-813759597,India,5,False,tuning
S1-813797494,India,4,False,tuning
S1-813799490,India,3,False,evaluation
S1-813826718,US,3,False,evaluation
S1-813838225,US,5,False,evaluation
S1-813935086,US,2,False,evaluation
S1-813943836,India,2,False,evaluation
S1-813952512,US,3,False,evaluation
S1-81413261,US,3,False,tuning
S1-814148558,US,4,False,evaluation
S1-814151186,India,5,False,tuning
S1-814233542,US,2,False,evaluation
S1-814268303,US,3,False,evaluation
S1-814303701,India,6,False,evaluation
S1-814368465,India,5,False,evaluation
S1-814409569,US,0,True,evaluation
S1-814533813,US,4,False,tuning
S1-814538189,India,4,False,evaluation
S1-814666931,India,4,False,evaluation
S1-814726303,US,5,False,tuning
S1-814739795,US,4,False,tuning
S1-814750638,US,3,False,evaluation
S1-814831795,India,5,False,evaluation
S1-814837600,US,4,False,tuning
S1-814904423,India,2,False,tuning
S1-814963020,US,2,False,tuning
S1-815028062,US,5,False,tuning
S1-815067599,US,3,False,evaluation
S1-815088487,US,0,True,evaluation
S1-815350795,India,0,True,evaluation
S1-81536496,India,2,False,evaluation
S1-815423969,India,5,False,evaluation
S1-815446427,US,5,False,tuning
S1-815490815,US,5,False,evaluation
S1-815694557,US,4,False,evaluation
S1-815695097,India,2,False,evaluation
S1-815700433,US,4,False,tuning
S1-815757795,US,4,False,tuning
S1-815779893,India,3,False,tuning
S1-815834559,US,8,False,tuning
S1-815859580,US,6,False,evaluation
S1-815949841,US,4,False,tuning
S1-815954510,US,3,False,tuning
S1-815985204,US,3,False,tuning
S1-816039465,India,3,False,evaluation
S1-81605219,US,3,False,evaluation
S1-816081762,US,5,False,evaluation
S1-816094829,US,4,False,evaluation
S1-816116983,US,3,False,tuning
S1-816211043,US,4,False,evaluation
S1-816270585,India,2,False,evaluation
S1-816274170,India,4,False,evaluation
S1-816326071,US,2,False,evaluation
S1-816383534,US,4,False,evaluation
S1-816419800,US,5,False,tuning
S1-816489237,US,2,False,evaluation
S1-81662459,US,0,True,tuning
S1-816658374,US,2,False,evaluation
S1-816669620,US,3,False,evaluation
S1-81669833,US,7,False,evaluation
S1-816699996,US,0,True,evaluation
S1-816844534,India,7,False,evaluation
S1-816875238,India,2,False,evaluation
S1-816917073,US,3,False,evaluation
S1-816971557,US,2,False,tuning
S1-816984786,US,3,False,evaluation
S1-817010293,US,5,False,tuning
S1-817024871,US,3,False,evaluation
S1-817033609,US,3,False,evaluation
S1-817054937,India,3,False,tuning
S1-817150774,US,4,False,evaluation
S1-81717584,India,3,False,evaluation
S1-817236527,US,3,False,tuning
S1-817268045,India,3,False,tuning
S1-817292605,India,4,False,evaluation
S1-817306371,India,4,False,evaluation
S1-817398000,India,6,False,tuning
S1-817413571,India,5,False,evaluation
S1-817483444,India,5,False,evaluation
S1-817555909,India,5,False,evaluation
S1-817731963,India,6,False,evaluation
S1-817812485,India,2,False,tuning
S1-817827218,India,2,False,tuning
S1-817832053,US,2,False,tuning
S1-817867722,India,6,False,tuning
S1-817893482,US,0,True,evaluation
S1-817984893,US,2,False,evaluation
S1-817995330,US,2,False,evaluation
S1-81805330,India,4,False,tuning
S1-818053401,US,3,False,tuning
S1-818080556,US,2,False,evaluation
S1-818100753,India,5,False,tuning
S1-81811610,US,5,False,tuning
S1-818299421,India,2,False,evaluation
S1-818319832,India,3,False,tuning
S1-818343362,US,5,False,evaluation
S1-818350228,India,3,False,evaluation
S1-818352690,US,5,False,tuning
S1-81835928,US,3,False,tuning
S1-818417018,US,3,False,evaluation
S1-818492897,India,6,False,evaluation
S1-818510513,US,1,False,evaluation
S1-818528519,US,2,False,evaluation
S1-818667839,US,3,False,evaluation
S1-818732511,India,3,False,tuning
S1-818735993,US,3,False,evaluation
S1-818922910,US,1,False,evaluation
S1-81896394,US,4,False,tuning
S1-818990343,US,6,False,evaluation
S1-819060819,US,0,True,evaluation
S1-819064975,India,5,False,tuning
S1-819078510,US,5,False,tuning
S1-819100355,US,2,False,tuning
S1-819120050,US,3,False,tuning
S1-819120683,US,8,False,tuning
S1-819132355,US,1,False,tuning
S1-81922370,US,4,False,evaluation
S1-819292824,US,3,False,evaluation
S1-819401432,US,4,False,tuning
S1-819432839,US,0,True,evaluation
S1-819450553,US,4,False,evaluation
S1-819600657,US,2,False,tuning
S1-819651771,India,3,False,evaluation
S1-819715417,India,4,False,evaluation
S1-819742874,US,5,False,tuning
S1-819782656,India,5,False,evaluation
S1-819828209,US,4,False,evaluation
S1-819840141,US,3,False,tuning
S1-819840896,India,1,False,evaluation
S1-819850747,US,3,False,evaluation
S1-81987814,US,3,False,tuning
S1-819898078,US,1,False,evaluation
S1-819928172,India,1,False,tuning
S1-819932907,India,3,False,evaluation
S1-81995543,India,10,False,tuning
S1-820007337,US,4,False,tuning
S1-820078575,India,2,False,tuning
S1-820145737,US,4,False,tuning
S1-82016616,US,5,False,evaluation
S1-820187319,US,0,True,evaluation
S1-820199829,US,2,False,evaluation
S1-820236721,US,7,False,evaluation
S1-820304545,India,4,False,evaluation
S1-820368804,India,3,False,tuning
S1-820439105,US,2,False,evaluation
S1-820462740,US,5,False,tuning
S1-820479190,US,8,False,evaluation
S1-820533154,US,0,True,tuning
S1-820583293,US,2,False,evaluation
S1-820683620,India,3,False,evaluation
S1-820789696,US,2,False,tuning
S1-820802005,US,7,False,tuning
S1-820866565,US,3,False,evaluation
S1-820891118,India,3,False,evaluation
S1-820920474,India,4,False,evaluation
S1-820946020,US,4,False,evaluation
S1-821024945,India,5,False,tuning
S1-821032005,India,7,False,evaluation
S1-821034101,US,4,False,tuning
S1-821102431,India,3,False,tuning
S1-821114505,India,6,False,evaluation
S1-821289631,US,5,False,evaluation
S1-821409721,India,5,False,tuning
S1-821498507,India,5,False,tuning
S1-821522014,India,2,False,evaluation
S1-82152888,US,3,False,evaluation
S1-821593387,India,5,False,tuning
S1-821640338,India,4,False,evaluation
S1-821666376,US,2,False,tuning
S1-82172717,US,6,False,evaluation
S1-821749565,India,3,False,evaluation
S1-821761990,India,5,False,tuning
S1-821964224,India,4,False,tuning
S1-822109576,India,2,False,evaluation
S1-822174012,US,6,False,tuning
S1-822198973,US,2,False,evaluation
S1-82221515,US,5,False,evaluation
S1-822236915,India,8,False,evaluation
S1-822239150,US,4,False,evaluation
S1-82230010,US,2,False,tuning
S1-822391359,US,6,False,tuning
S1-822399768,India,3,False,evaluation
S1-822441485,India,3,False,evaluation
S1-822477961,US,3,False,evaluation
S1-82251509,US,5,False,evaluation
S1-822636898,India,6,False,tuning
S1-822704162,US,2,False,tuning
S1-82275357,US,3,False,evaluation
S1-82279699,US,2,False,tuning
S1-822853998,India,6,False,evaluation
S1-822924793,India,4,False,tuning
S1-822939116,India,5,False,tuning
S1-822983660,India,2,False,tuning
S1-82299229,US,3,False,evaluation
S1-82310088,US,2,False,evaluation
S1-82312885,India,5,False,evaluation
S1-823210376,US,5,False,evaluation
S1-823220456,US,4,False,evaluation
S1-823229430,US,4,False,evaluation
S1-823249045,India,1,False,tuning
S1-823273536,US,6,False,evaluation
S1-823286617,India,3,False,evaluation
S1-82335525,India,4,False,evaluation
S1-823438140,US,4,False,tuning
S1-823472092,India,4,False,tuning
S1-823556179,India,4,False,evaluation
S1-823591537,US,2,False,tuning
S1-823610965,India,3,False,tuning
S1-823645637,US,5,False,evaluation
S1-823675773,US,7,False,tuning
S1-823768555,US,5,False,evaluation
S1-823795704,US,3,False,tuning
S1-823796533,US,4,False,tuning
S1-823805748,US,0,True,tuning
S1-823824599,US,5,False,tuning
S1-823965720,US,5,False,evaluation
S1-824009291,US,2,False,evaluation
S1-824032644,US,4,False,tuning
S1-824038941,US,5,False,evaluation
S1-824074727,India,4,False,evaluation
S1-824114535,India,6,False,evaluation
S1-824137088,US,3,False,evaluation
S1-824218997,India,4,False,evaluation
S1-824229474,US,3,False,evaluation
S1-824236256,US,2,False,tuning
S1-824237388,India,1,False,evaluation
S1-824266597,US,4,False,tuning
S1-824329234,US,2,False,tuning
S1-824356501,US,2,False,tuning
S1-824387288,US,1,False,evaluation
S1-824409638,US,5,False,evaluation
S1-824507382,US,5,False,tuning
S1-824521910,US,2,False,evaluation
S1-824535674,India,4,False,tuning
S1-824602403,India,3,False,tuning
S1-824603652,US,4,False,evaluation
S1-824658044,US,1,False,evaluation
S1-824676310,India,4,False,evaluation
S1-824685934,India,3,False,tuning
S1-824705469,India,3,False,evaluation
S1-824752030,US,0,True,tuning
S1-824753653,US,4,False,tuning
S1-824800164,India,3,False,evaluation
S1-824813491,India,4,False,evaluation
S1-824848988,US,5,False,tuning
S1-824962149,US,3,False,tuning
S1-824982175,India,2,False,evaluation
S1-824991198,US,6,False,tuning
S1-825077757,US,2,False,evaluation
S1-825101664,US,7,False,evaluation
S1-825165500,India,6,False,tuning
S1-825231107,US,4,False,evaluation
S1-825302738,US,3,False,tuning
S1-825327549,US,3,False,evaluation
S1-825370718,US,3,False,tuning
S1-825434688,India,2,False,tuning
S1-825553338,US,4,False,tuning
S1-825636623,US,4,False,tuning
S1-825739705,India,4,False,evaluation
S1-825809088,India,3,False,evaluation
S1-825828402,India,4,False,evaluation
S1-825852772,US,1,False,evaluation
S1-825949165,India,2,False,evaluation
S1-825961101,India,4,False,tuning
S1-82602718,US,3,False,evaluation
S1-826041626,India,3,False,tuning
S1-826057016,India,1,False,evaluation
S1-826200365,India,1,False,evaluation
S1-826204350,India,6,False,evaluation
S1-826221633,US,4,False,tuning
S1-826227933,India,1,False,evaluation
S1-82634164,US,3,False,tuning
S1-826394981,US,2,False,tuning
S1-82643633,US,3,False,evaluation
S1-82644187,US,5,False,tuning
S1-826449927,India,3,False,tuning
S1-826492640,US,4,False,tuning
S1-826538752,US,2,False,tuning
S1-826546934,India,6,False,tuning
S1-826564848,India,1,False,evaluation
S1-826606027,India,0,True,tuning
S1-826665666,India,2,False,evaluation
S1-826666870,US,3,False,evaluation
S1-826695545,US,4,False,evaluation
S1-826722798,India,3,False,evaluation
S1-826757907,US,5,False,tuning
S1-826814132,India,3,False,evaluation
S1-826831105,US,5,False,evaluation
S1-826865289,US,2,False,evaluation
S1-826915429,India,2,False,evaluation
S1-826984993,US,5,False,evaluation
S1-826987288,US,5,False,tuning
S1-826996490,US,7,False,tuning
S1-827011591,India,7,False,evaluation
S1-827192339,US,2,False,tuning
S1-827214903,US,2,False,evaluation
S1-827236520,India,5,False,tuning
S1-827264498,US,6,False,evaluation
S1-827322373,US,0,True,tuning
S1-827403077,US,3,False,evaluation
S1-827405404,India,3,False,evaluation
S1-827405492,India,3,False,evaluation
S1-827593567,US,1,False,tuning
S1-827617408,India,4,False,evaluation
S1-827625109,India,2,False,evaluation
S1-827747697,US,6,False,evaluation
S1-827751814,US,1,False,evaluation
S1-827873862,India,0,True,tuning
S1-82794262,India,6,False,evaluation
S1-827973301,US,2,False,evaluation
S1-827979286,US,7,False,tuning
S1-82797958,US,0,True,tuning
S1-828018127,India,5,False,evaluation
S1-828023137,India,3,False,evaluation
S1-828047341,India,0,True,evaluation
S1-828081959,India,5,False,evaluation
S1-828085200,US,3,False,tuning
S1-828094221,India,2,False,tuning
S1-828110967,US,4,False,evaluation
S1-828152158,US,0,True,tuning
S1-828214924,US,4,False,evaluation
S1-828340105,India,1,False,tuning
S1-828421787,US,4,False,evaluation
S1-828479199,India,6,False,evaluation
S1-828511127,US,2,False,evaluation
S1-828522336,India,1,False,evaluation
S1-828536609,US,3,False,tuning
S1-828538952,US,6,False,evaluation
S1-828588238,India,2,False,tuning
S1-828803144,India,4,False,tuning
S1-828872072,US,0,True,evaluation
S1-828876018,India,3,False,tuning
S1-828894157,US,2,False,evaluation
S1-828955567,US,0,True,evaluation
S1-829035718,India,3,False,evaluation
S1-829039984,US,3,False,evaluation
S1-829082168,India,3,False,evaluation
S1-829100679,US,0,True,evaluation
S1-829161413,US,2,False,evaluation
S1-829223812,India,5,False,evaluation
S1-829273300,US,2,False,evaluation
S1-829368291,US,4,False,tuning
S1-829378612,US,6,False,tuning
S1-829395700,India,4,False,tuning
S1-829421622,US,2,False,evaluation
S1-829449404,US,4,False,tuning
S1-829454304,India,3,False,evaluation
S1-829497264,US,1,False,evaluation
S1-829513411,US,4,False,tuning
S1-82961264,India,3,False,evaluation
S1-829671154,India,5,False,evaluation
S1-829799891,US,3,False,tuning
S1-829864122,US,4,False,tuning
S1-829879894,India,5,False,tuning
S1-829890653,US,3,False,evaluation
S1-830005429,US,3,False,evaluation
S1-830022899,US,4,False,evaluation
S1-830083936,India,2,False,tuning
S1-830174135,US,4,False,evaluation
S1-830263776,US,4,False,tuning
S1-830264173,India,3,False,tuning
S1-830275343,India,4,False,tuning
S1-830298283,US,4,False,evaluation
S1-830333739,India,4,False,evaluation
S1-830351511,US,3,False,tuning
S1-830363175,US,4,False,evaluation
S1-830575986,India,6,False,evaluation
S1-830634685,US,2,False,evaluation
S1-830663797,India,5,False,evaluation
S1-830715981,India,1,False,evaluation
S1-830744336,US,5,False,tuning
S1-830755446,US,1,False,evaluation
S1-830807061,India,4,False,evaluation
S1-830827824,US,3,False,evaluation
S1-830831365,US,2,False,evaluation
S1-830888917,US,4,False,evaluation
S1-830917434,US,3,False,tuning
S1-830938274,India,3,False,tuning
S1-831026117,US,6,False,tuning
S1-831134491,India,4,False,evaluation
S1-831139035,India,2,False,tuning
S1-831187177,US,4,False,evaluation
S1-831266281,India,5,False,tuning
S1-83139776,US,6,False,evaluation
S1-831406252,India,2,False,evaluation
S1-831407143,US,2,False,tuning
S1-831424620,India,4,False,evaluation
S1-831441936,US,2,False,evaluation
S1-831526248,India,2,False,evaluation
S1-83152919,US,4,False,tuning
S1-831690018,US,2,False,evaluation
S1-831779105,US,5,False,evaluation
S1-831803832,India,3,False,tuning
S1-831821332,US,1,False,tuning
S1-831887409,US,3,False,tuning
S1-831932624,India,5,False,tuning
S1-8319389,US,3,False,evaluation
S1-831962151,US,1,False,tuning
S1-831976928,India,2,False,evaluation
S1-832038936,US,0,True,tuning
S1-832069148,India,3,False,tuning
S1-832115704,India,6,False,tuning
S1-832127365,US,5,False,tuning
S1-832150078,US,5,False,evaluation
S1-832173304,US,4,False,tuning
S1-832262633,India,6,False,evaluation
S1-8323009,US,3,False,evaluation
S1-832315782,US,4,False,evaluation
S1-83232819,US,3,False,evaluation
S1-832354368,India,4,False,tuning
S1-832366923,India,3,False,tuning
S1-832367782,US,3,False,tuning
S1-832379878,US,2,False,evaluation
S1-832405092,India,3,False,evaluation
S1-832413321,US,5,False,evaluation
S1-832475570,US,4,False,tuning
S1-83248242,US,3,False,tuning
S1-832599897,US,3,False,tuning
S1-832639654,India,2,False,tuning
S1-832698130,India,5,False,evaluation
S1-832758731,US,2,False,evaluation
S1-832801193,India,3,False,tuning
S1-832802186,US,5,False,evaluation
S1-832804608,US,5,False,tuning
S1-832855465,India,3,False,evaluation
S1-832856617,US,3,False,tuning
S1-832866186,US,1,False,evaluation
S1-832954779,India,3,False,tuning
S1-832967118,US,2,False,evaluation
S1-833074053,India,5,False,evaluation
S1-83321188,US,2,False,evaluation
S1-83321602,India,7,False,evaluation
S1-833282173,US,4,False,evaluation
S1-833368651,US,5,False,evaluation
S1-833374926,US,4,False,tuning
S1-833419961,US,2,False,evaluation
S1-833486232,India,5,False,evaluation
S1-833531534,US,3,False,tuning
S1-833541228,India,6,False,tuning
S1-833643023,US,1,False,tuning
S1-833643923,India,3,False,evaluation
S1-833655905,US,0,True,evaluation
S1-833736155,US,2,False,evaluation
S1-833737232,US,3,False,evaluation
S1-83376997,India,2,False,tuning
S1-833786852,US,2,False,evaluation
S1-833820243,US,4,False,evaluation
S1-833827769,India,7,False,tuning
S1-833831874,US,4,False,tuning
S1-833967002,US,0,True,evaluation
S1-834080600,US,1,False,tuning
S1-834103659,US,4,False,evaluation
S1-834108869,US,4,False,evaluation
S1-834119323,US,7,False,tuning
S1-834172597,India,4,False,evaluation
S1-834192109,India,1,False,evaluation
S1-834251908,US,4,False,evaluation
S1-834265301,US,2,False,evaluation
S1-834279526,US,4,False,tuning
S1-834315321,India,4,False,evaluation
S1-834327611,US,6,False,evaluation
S1-834330228,US,4,False,evaluation
S1-834388387,India,5,False,tuning
S1-834482384,India,5,False,tuning
S1-83451052,US,4,False,evaluation
S1-834525195,India,3,False,evaluation
S1-834691629,India,5,False,evaluation
S1-83470423,US,6,False,tuning
S1-83471736,US,5,False,tuning
S1-834812580,US,2,False,evaluation
S1-834903848,India,3,False,evaluation
S1-834924691,US,4,False,evaluation
S1-834983529,US,5,False,evaluation
S1-835043755,US,4,False,tuning
S1-835116493,US,6,False,tuning
S1-835134419,US,0,True,evaluation
S1-835146002,India,3,False,tuning
S1-835158557,US,0,True,tuning
S1-83517379,US,2,False,tuning
S1-835193359,India,4,False,tuning
S1-835228831,US,5,False,evaluation
S1-835300119,US,2,False,evaluation
S1-83533157,US,3,False,evaluation
S1-835372528,US,5,False,tuning
S1-835377487,US,3,False,evaluation
S1-835379581,US,4,False,evaluation
S1-835384598,India,6,False,evaluation
S1-835387920,US,3,False,evaluation
S1-835434013,US,4,False,evaluation
S1-835468253,US,6,False,evaluation
S1-835557433,US,3,False,evaluation
S1-835566545,US,1,False,evaluation
S1-835603768,India,3,False,tuning
S1-835613162,India,1,False,evaluation
S1-835628146,US,2,False,tuning
S1-835680191,US,4,False,evaluation
S1-835723266,US,3,False,evaluation
S1-835724161,US,3,False,evaluation
S1-835732189,US,5,False,tuning
S1-835896804,US,3,False,evaluation
S1-835900508,US,3,False,evaluation
S1-835900669,US,6,False,evaluation
S1-835901022,US,6,False,evaluation
S1-836026511,US,3,False,tuning
S1-836091115,India,0,True,evaluation
S1-836099442,US,3,False,tuning
S1-83610274,India,4,False,evaluation
S1-836107277,US,5,False,evaluation
S1-836109190,India,5,False,evaluation
S1-836146396,US,5,False,evaluation
S1-836158162,India,6,False,tuning
S1-836164349,US,3,False,evaluation
S1-836255998,India,2,False,tuning
S1-836259645,India,4,False,tuning
S1-8362818,US,3,False,evaluation
S1-836391856,India,4,False,evaluation
S1-836568191,US,4,False,evaluation
S1-836614823,India,4,False,evaluation
S1-836727195,India,3,False,evaluation
S1-836827321,India,3,False,evaluation
S1-836828050,US,4,False,tuning
S1-836891395,US,2,False,tuning
S1-836910129,US,4,False,tuning
S1-836935410,India,4,False,evaluation
S1-836966501,US,3,False,evaluation
S1-836996598,US,2,False,evaluation
S1-837032657,US,1,False,tuning
S1-837090648,US,4,False,evaluation
S1-837167097,US,3,False,evaluation
S1-837198328,US,1,False,tuning
S1-837232319,US,5,False,evaluation
S1-837375751,US,2,False,tuning
S1-837390359,US,3,False,evaluation
S1-837431746,US,4,False,tuning
S1-837437902,India,5,False,tuning
S1-837453299,US,4,False,evaluation
S1-837524279,US,6,False,evaluation
S1-837537895,US,5,False,tuning
S1-837539969,US,5,False,evaluation
S1-837559040,India,5,False,evaluation
S1-83772901,India,5,False,tuning
S1-837768796,India,3,False,evaluation
S1-837791612,US,5,False,tuning
S1-837799180,US,3,False,evaluation
S1-837801441,India,5,False,tuning
S1-837836764,US,3,False,evaluation
S1-837953181,India,4,False,evaluation
S1-837982746,US,2,False,evaluation
S1-838054175,India,5,False,tuning
S1-838080347,India,3,False,tuning
S1-838090093,US,3,False,tuning
S1-838173985,US,4,False,tuning
S1-838211397,India,5,False,evaluation
S1-838223754,US,2,False,tuning
S1-838283030,India,6,False,evaluation
S1-838360192,US,4,False,tuning
S1-838450344,US,1,False,evaluation
S1-838569532,US,3,False,tuning
S1-838580934,India,3,False,tuning
S1-838591841,US,5,False,tuning
S1-838632662,US,5,False,evaluation
S1-838667328,India,3,False,evaluation
S1-838676439,India,2,False,evaluation
S1-838728219,US,6,False,evaluation
S1-838753964,US,4,False,evaluation
S1-838762158,US,3,False,evaluation
S1-838816755,US,0,True,evaluation
S1-8388226,US,2,False,evaluation
S1-838832984,India,2,False,tuning
S1-838930491,US,4,False,evaluation
S1-838939797,India,3,False,tuning
S1-838953660,India,3,False,evaluation
S1-83895810,India,3,False,evaluation
S1-838999734,US,2,False,evaluation
S1-839008445,India,1,False,evaluation
S1-839205987,US,4,False,tuning
S1-839252146,US,1,False,evaluation
S1-839270560,India,2,False,evaluation
S1-839345324,US,5,False,tuning
S1-839383487,US,2,False,evaluation
S1-839461836,US,1,False,evaluation
S1-839482749,India,2,False,tuning
S1-839603519,US,1,False,tuning
S1-839624151,US,5,False,evaluation
S1-839625864,US,6,False,tuning
S1-839695817,India,3,False,evaluation
S1-839782760,US,4,False,evaluation
S1-839819669,India,3,False,evaluation
S1-839884216,US,2,False,evaluation
S1-839933299,India,3,False,evaluation
S1-840005879,US,5,False,tuning
S1-84013012,US,6,False,tuning
S1-840138944,US,3,False,tuning
S1-840205831,US,3,False,evaluation
S1-840264313,US,5,False,tuning
S1-840319427,US,2,False,tuning
S1-840329100,US,5,False,evaluation
S1-840381240,US,0,True,evaluation
S1-840442264,India,5,False,tuning
S1-840456852,US,2,False,tuning
S1-840541563,US,4,False,tuning
S1-84061207,US,6,False,tuning
S1-840672039,US,2,False,evaluation
S1-840773563,US,5,False,evaluation
S1-840789300,US,4,False,tuning
S1-840794860,India,4,False,tuning
S1-840845463,US,3,False,tuning
S1-840933975,US,2,False,tuning
S1-840937426,US,3,False,tuning
S1-840959303,India,3,False,tuning
S1-841044450,US,3,False,evaluation
S1-84107419,India,3,False,evaluation
S1-841091031,US,6,False,evaluation
S1-841106555,US,2,False,evaluation
S1-841111555,India,2,False,evaluation
S1-841132420,India,0,True,evaluation
S1-841216992,India,1,False,evaluation
S1-84122739,India,3,False,evaluation
S1-841238498,India,5,False,tuning
S1-841259010,US,7,False,evaluation
S1-841298828,US,3,False,tuning
S1-841312062,India,6,False,evaluation
S1-841317572,India,3,False,evaluation
S1-841364161,US,6,False,evaluation
S1-841388728,India,2,False,tuning
S1-841437821,US,3,False,evaluation
S1-841451402,India,6,False,tuning
S1-841517883,US,5,False,tuning
S1-841535087,India,2,False,evaluation
S1-841625318,US,0,True,evaluation
S1-841651803,India,2,False,evaluation
S1-841674399,US,2,False,tuning
S1-841708449,India,4,False,tuning
S1-841714712,US,4,False,evaluation
S1-841720636,India,2,False,evaluation
S1-841766224,India,2,False,tuning
S1-841915596,US,6,False,evaluation
S1-841954265,India,3,False,tuning
S1-842088115,US,2,False,tuning
S1-842109538,US,2,False,evaluation
S1-842132709,US,4,False,evaluation
S1-842216407,India,4,False,evaluation
S1-842239052,India,7,False,evaluation
S1-842325109,India,5,False,tuning
S1-842401275,US,5,False,evaluation
S1-842422827,India,2,False,evaluation
S1-842445916,India,2,False,tuning
S1-842464947,US,4,False,tuning
S1-842509253,India,4,False,evaluation
S1-842539917,US,0,True,evaluation
S1-84256369,India,5,False,evaluation
S1-842570361,US,1,False,evaluation
S1-842611578,US,4,False,evaluation
S1-84261419,US,2,False,evaluation
S1-842625668,India,0,True,evaluation
S1-842628594,India,2,False,tuning
S1-842673254,India,5,False,evaluation
S1-842740669,India,0,True,evaluation
S1-842805429,India,2,False,evaluation
S1-842818320,US,3,False,evaluation
S1-842850525,US,2,False,tuning
S1-842875562,India,4,False,tuning
S1-842905381,India,3,False,tuning
S1-842924248,India,2,False,evaluation
S1-842950445,India,2,False,evaluation
S1-842994610,US,3,False,evaluation
S1-842996727,US,5,False,evaluation
S1-84299693,US,4,False,evaluation
S1-843016954,US,4,False,evaluation
S1-843044330,US,4,False,tuning
S1-843058869,US,5,False,evaluation
S1-843079404,US,3,False,tuning
S1-843079803,US,2,False,evaluation
S1-843132569,US,3,False,tuning
S1-843200944,US,3,False,tuning
S1-8432377,US,2,False,evaluation
S1-84340145,US,4,False,tuning
S1-843413195,US,3,False,tuning
S1-843428149,India,1,False,evaluation
S1-843428903,US,5,False,evaluation
S1-843453005,India,3,False,evaluation
S1-843485907,US,3,False,evaluation
S1-843515215,US,4,False,evaluation
S1-843678160,US,4,False,evaluation
S1-843779545,India,3,False,evaluation
S1-843845901,US,5,False,evaluation
S1-843890090,India,5,False,tuning
S1-843903654,India,3,False,tuning
S1-843992441,US,2,False,evaluation
S1-8439971,US,3,False,evaluation
S1-844070473,US,5,False,evaluation
S1-84408609,US,4,False,tuning
S1-844096236,US,3,False,tuning
S1-844126945,US,5,False,tuning
S1-84417218,India,2,False,evaluation
S1-844219394,India,2,False,tuning
S1-844236926,India,5,False,evaluation
S1-84423927,US,2,False,evaluation
S1-844320262,India,2,False,evaluation
S1-844380989,US,6,False,tuning
S1-844417701,India,1,False,tuning
S1-844438395,US,3,False,evaluation
S1-844459279,India,3,False,tuning
S1-844492132,India,7,False,tuning
S1-844492354,US,5,False,evaluation
S1-844570889,US,1,False,evaluation
S1-844598713,US,3,False,evaluation
S1-844655202,US,5,False,evaluation
S1-844690067,US,4,False,tuning
S1-844732815,US,3,False,evaluation
S1-844751404,India,4,False,evaluation
S1-844761107,US,2,False,evaluation
S1-844792725,US,3,False,evaluation
S1-844839758,US,3,False,evaluation
S1-844842551,US,4,False,evaluation
S1-844912077,India,4,False,evaluation
S1-844969413,India,5,False,tuning
S1-844974507,India,3,False,evaluation
S1-844993138,US,3,False,evaluation
S1-845027744,US,3,False,tuning
S1-845086185,US,4,False,evaluation
S1-845153701,US,2,False,tuning
S1-84521681,India,5,False,evaluation
S1-845225198,India,4,False,evaluation
S1-845255941,India,4,False,tuning
S1-845262948,US,4,False,tuning
S1-845274998,US,5,False,evaluation
S1-845355292,US,2,False,evaluation
S1-845378694,India,7,False,tuning
S1-845429034,India,5,False,evaluation
S1-84543037,US,3,False,evaluation
S1-845618316,India,2,False,evaluation
S1-845659419,India,3,False,tuning
S1-845674901,US,6,False,tuning
S1-845734088,India,2,False,tuning
S1-845751666,US,4,False,evaluation
S1-845773791,US,2,False,evaluation
S1-845786159,US,4,False,evaluation
S1-84578774,US,5,False,tuning
S1-845823397,US,5,False,tuning
S1-845825144,US,6,False,evaluation
S1-845855472,India,2,False,evaluation
S1-845860553,US,2,False,evaluation
S1-845862836,India,2,False,tuning
S1-845867353,US,4,False,evaluation
S1-845879445,US,5,False,evaluation
S1-845939962,US,6,False,evaluation
S1-846000086,US,2,False,evaluation
S1-846135396,US,3,False,evaluation
S1-846176149,India,6,False,tuning
S1-846353330,US,5,False,tuning
S1-84636451,US,3,False,evaluation
S1-846370912,US,2,False,tuning
S1-846401068,India,6,False,evaluation
S1-846456081,India,4,False,evaluation
S1-846487929,India,3,False,tuning
S1-846511463,US,1,False,tuning
S1-846516100,India,4,False,tuning
S1-846549319,US,0,True,evaluation
S1-846605260,US,3,False,evaluation
S1-846688918,India,2,False,tuning
S1-846760036,India,3,False,evaluation
S1-846852838,US,0,True,tuning
S1-846936348,India,9,False,tuning
S1-846958059,US,6,False,tuning
S1-846958504,US,3,False,evaluation
S1-846986473,India,6,False,evaluation
S1-847023148,US,4,False,tuning
S1-847124199,India,0,True,evaluation
S1-847336643,US,2,False,evaluation
S1-847371533,India,6,False,tuning
S1-847371816,US,2,False,evaluation
S1-847451744,India,4,False,evaluation
S1-847466952,India,0,True,evaluation
S1-847467892,India,2,False,evaluation
S1-847481905,US,2,False,tuning
S1-847515139,US,3,False,evaluation
S1-847599943,US,5,False,evaluation
S1-847671805,US,3,False,evaluation
S1-847692038,US,4,False,evaluation
S1-84771261,India,5,False,evaluation
S1-847779738,US,5,False,evaluation
S1-847795523,US,4,False,evaluation
S1-847870588,US,5,False,tuning
S1-847872623,US,2,False,tuning
S1-847895828,US,0,True,tuning
S1-847918316,US,3,False,evaluation
S1-847940242,US,5,False,tuning
S1-847980589,US,4,False,evaluation
S1-847982777,US,4,False,evaluation
S1-847995441,US,5,False,evaluation
S1-848067159,India,3,False,evaluation
S1-848106719,US,2,False,evaluation
S1-848114421,India,2,False,tuning
S1-848138404,US,2,False,evaluation
S1-848142726,US,0,True,evaluation
S1-848173819,India,3,False,evaluation
S1-848174510,US,3,False,evaluation
S1-848227749,US,4,False,tuning
S1-848232047,US,4,False,evaluation
S1-848249845,US,4,False,evaluation
S1-848273416,US,4,False,tuning
S1-848435765,India,2,False,evaluation
S1-848462114,India,7,False,tuning
S1-848475351,US,1,False,tuning
S1-848533450,India,4,False,evaluation
S1-848606531,US,3,False,tuning
S1-848608437,US,3,False,tuning
S1-848618163,US,3,False,evaluation
S1-848618652,India,1,False,evaluation
S1-848669106,India,5,False,evaluation
S1-848694941,US,4,False,tuning
S1-848749382,India,6,False,evaluation
S1-848764436,India,4,False,evaluation
S1-848773328,US,0,True,tuning
S1-848816843,India,4,False,tuning
S1-848864052,US,4,False,tuning
S1-848948501,India,5,False,tuning
S1-848950521,US,2,False,evaluation
S1-84900449,India,5,False,evaluation
S1-849027898,India,4,False,tuning
S1-849065046,US,5,False,evaluation
S1-849079064,US,5,False,evaluation
S1-849079218,US,3,False,tuning
S1-849109528,India,5,False,tuning
S1-84916645,India,6,False,evaluation
S1-849192005,US,4,False,tuning
S1-849218573,US,3,False,evaluation
S1-849224963,India,4,False,evaluation
S1-849311044,India,5,False,tuning
S1-849371762,US,2,False,tuning
S1-849392024,India,2,False,evaluation
S1-849465705,India,3,False,evaluation
S1-849522375,India,3,False,tuning
S1-849528156,US,1,False,tuning
S1-849533136,India,0,True,evaluation
S1-849622113,US,1,False,evaluation
S1-849635026,US,4,False,tuning
S1-84965973,India,0,True,tuning
S1-84993131,US,4,False,evaluation
S1-850016866,India,7,False,evaluation
S1-850018881,US,3,False,tuning
S1-850076372,US,5,False,evaluation
S1-850097214,India,7,False,tuning
S1-850103775,US,5,False,evaluation
S1-850161960,India,5,False,tuning
S1-850163193,US,3,False,evaluation
S1-850183044,US,4,False,evaluation
S1-850201681,US,4,False,evaluation
S1-850339004,US,3,False,evaluation
S1-850360796,US,6,False,evaluation
S1-850379515,India,6,False,evaluation
S1-850481374,US,3,False,tuning
S1-850517581,US,4,False,evaluation
S1-850556996,US,3,False,tuning
S1-850602069,US,3,False,evaluation
S1-850606398,US,5,False,tuning
S1-850721810,India,3,False,evaluation
S1-850759733,India,4,False,tuning
S1-850771413,India,3,False,evaluation
S1-850865411,India,3,False,evaluation
S1-850911368,US,5,False,tuning
S1-850943097,US,3,False,evaluation
S1-85096739,India,0,True,tuning
S1-851123241,US,3,False,tuning
S1-851141475,US,2,False,tuning
S1-851145481,US,4,False,tuning
S1-851151897,India,4,False,tuning
S1-851172257,India,3,False,tuning
S1-851236000,US,3,False,tuning
S1-85123654,US,3,False,tuning
S1-851264117,US,4,False,tuning
S1-851313212,India,6,False,evaluation
S1-851314758,India,5,False,evaluation
S1-851367450,US,4,False,evaluation
S1-851496167,US,0,True,tuning
S1-851556875,India,2,False,evaluation
S1-851569090,US,0,True,tuning
S1-851575793,India,2,False,evaluation
S1-851631512,US,5,False,evaluation
S1-851646123,India,6,False,evaluation
S1-851699569,India,1,False,tuning
S1-85173643,India,3,False,evaluation
S1-851756489,US,2,False,tuning
S1-851765041,India,4,False,tuning
S1-851890513,US,6,False,evaluation
S1-851986183,India,4,False,tuning
S1-852101073,US,2,False,evaluation
S1-852205197,US,3,False,evaluation
S1-852272663,US,5,False,evaluation
S1-852306327,India,5,False,evaluation
S1-852610124,US,5,False,evaluation
S1-852619651,US,4,False,evaluation
S1-852639355,US,3,False,evaluation
S1-852701815,US,3,False,evaluation
S1-852795891,India,1,False,tuning
S1-852843614,US,3,False,tuning
S1-852870539,India,4,False,tuning
S1-852871833,US,7,False,evaluation
S1-85289267,US,4,False,evaluation
S1-852938877,India,6,False,evaluation
S1-852960923,India,4,False,tuning
S1-852993984,India,6,False,tuning
S1-853041043,US,3,False,evaluation
S1-85304259,India,5,False,evaluation
S1-853082929,India,4,False,evaluation
S1-853087643,US,4,False,evaluation
S1-853088463,India,1,False,tuning
S1-853140133,India,6,False,tuning
S1-853238808,India,2,False,tuning
S1-853258692,India,5,False,evaluation
S1-853339994,US,3,False,evaluation
S1-853377800,US,2,False,evaluation
S1-853395698,India,1,False,tuning
S1-853402112,US,5,False,evaluation
S1-853493263,US,5,False,evaluation
S1-853612568,US,4,False,evaluation
S1-853648830,US,5,False,evaluation
S1-853657723,US,4,False,tuning
S1-853756994,India,5,False,evaluation
S1-853821476,US,1,False,evaluation
S1-853852690,India,4,False,evaluation
S1-853913270,US,4,False,evaluation
S1-853955691,India,3,False,evaluation
S1-853972461,US,5,False,tuning
S1-853996811,India,4,False,tuning
S1-854071099,India,4,False,evaluation
S1-854098621,US,7,False,evaluation
S1-854187025,US,2,False,evaluation
S1-854201128,US,1,False,evaluation
S1-854212141,US,3,False,evaluation
S1-854238484,US,3,False,tuning
S1-854283640,US,1,False,evaluation
S1-854336006,India,3,False,tuning
S1-854431233,India,4,False,evaluation
S1-854476336,US,4,False,tuning
S1-854554175,India,3,False,tuning
S1-854649964,US,5,False,evaluation
S1-854689630,US,5,False,evaluation
S1-854712287,US,6,False,tuning
S1-854716207,US,1,False,tuning
S1-854739296,US,3,False,evaluation
S1-854784000,US,5,False,tuning
S1-85481867,US,6,False,tuning
S1-854957742,US,4,False,evaluation
S1-854960263,US,2,False,evaluation
S1-855032229,India,6,False,evaluation
S1-855105726,US,4,False,evaluation
S1-855145932,US,2,False,evaluation
S1-855153142,India,5,False,tuning
S1-855154120,India,8,False,evaluation
S1-855230542,India,4,False,tuning
S1-855259182,US,6,False,evaluation
S1-855273452,US,5,False,evaluation
S1-855364465,US,4,False,evaluation
S1-855413632,US,3,False,evaluation
S1-855430936,US,3,False,tuning
S1-855457519,US,2,False,tuning
S1-855588151,India,5,False,evaluation
S1-855656956,India,1,False,evaluation
S1-855687590,India,4,False,evaluation
S1-85575782,US,6,False,evaluation
S1-855875100,US,2,False,tuning
S1-856042041,India,4,False,evaluation
S1-856089633,US,3,False,evaluation
S1-856140318,US,0,True,tuning
S1-856198275,US,4,False,tuning
S1-856269146,India,5,False,tuning
S1-856281508,India,2,False,tuning
S1-856303483,India,3,False,tuning
S1-856320161,US,5,False,evaluation
S1-85634019,US,3,False,tuning
S1-856430664,US,4,False,evaluation
S1-856432580,US,3,False,evaluation
S1-856540365,India,1,False,tuning
S1-856549254,India,3,False,evaluation
S1-856549342,India,2,False,evaluation
S1-856603995,US,1,False,evaluation
S1-856711159,India,3,False,evaluation
S1-856748649,India,1,False,evaluation
S1-856800749,US,3,False,tuning
S1-856834906,India,2,False,evaluation
S1-856858735,US,3,False,evaluation
S1-856923007,US,7,False,evaluation
S1-856974030,India,7,False,evaluation
S1-857007905,US,4,False,evaluation
S1-857043357,US,3,False,evaluation
S1-857127361,US,3,False,evaluation
S1-857136946,US,4,False,tuning
S1-857215332,US,4,False,tuning
S1-857256716,US,2,False,evaluation
S1-857288292,US,4,False,evaluation
S1-857363438,US,5,False,tuning
S1-857423296,US,5,False,evaluation
S1-857458546,US,2,False,tuning
S1-857535105,India,5,False,evaluation
S1-857553875,India,5,False,evaluation
S1-857574828,India,3,False,tuning
S1-857616955,US,2,False,evaluation
S1-857640334,US,3,False,tuning
S1-857640562,US,4,False,evaluation
S1-857652921,US,2,False,tuning
S1-857725052,US,7,False,evaluation
S1-857725424,India,0,True,evaluation
S1-857733059,India,5,False,evaluation
S1-85776301,US,4,False,evaluation
S1-85785561,India,2,False,evaluation
S1-857894194,US,5,False,tuning
S1-857978827,US,5,False,evaluation
S1-858029649,India,2,False,evaluation
S1-858096337,US,3,False,evaluation
S1-858126851,US,2,False,tuning
S1-858166412,India,0,True,evaluation
S1-858233342,India,2,False,tuning
S1-858277105,India,2,False,tuning
S1-85827897,India,3,False,evaluation
S1-858290803,US,3,False,evaluation
S1-858300990,US,6,False,evaluation
S1-858313840,India,2,False,evaluation
S1-85831545,US,4,False,evaluation
S1-858326904,India,2,False,evaluation
S1-858368955,India,3,False,tuning
S1-858438273,India,2,False,evaluation
S1-858474733,US,2,False,evaluation
S1-858489514,India,4,False,evaluation
S1-858492102,US,6,False,evaluation
S1-858506121,India,5,False,tuning
S1-858536530,India,4,False,evaluation
S1-858585851,US,4,False,tuning
S1-858603126,India,5,False,tuning
S1-858606902,US,2,False,tuning
S1-858680929,US,5,False,evaluation
S1-858735224,US,4,False,evaluation
S1-858743659,US,0,True,tuning
S1-858759642,India,3,False,evaluation
S1-858854523,US,4,False,tuning
S1-85893802,India,4,False,tuning
S1-858945303,US,3,False,tuning
S1-858977078,India,3,False,evaluation
S1-859058314,US,5,False,evaluation
S1-859083454,US,2,False,tuning
S1-859142401,India,4,False,evaluation
S1-85920276,India,1,False,evaluation
S1-859219063,US,4,False,evaluation
S1-859279795,India,3,False,evaluation
S1-85928697,India,7,False,evaluation
S1-859317043,India,0,True,tuning
S1-859342013,US,4,False,evaluation
S1-859386383,India,3,False,tuning
S1-859387159,US,6,False,tuning
S1-859389165,India,4,False,tuning
S1-859410589,India,7,False,tuning
S1-859439932,India,2,False,evaluation
S1-859474074,India,4,False,evaluation
S1-859503279,India,5,False,evaluation
S1-859510062,US,6,False,tuning
S1-85957668,India,5,False,evaluation
S1-859587746,US,3,False,evaluation
S1-85959987,US,3,False,tuning
S1-859639104,US,3,False,evaluation
S1-85972118,US,4,False,evaluation
S1-859787707,US,3,False,tuning
S1-859792742,India,5,False,tuning
S1-859793192,US,6,False,evaluation
S1-859844697,India,5,False,evaluation
S1-859876319,US,3,False,tuning
S1-859894681,US,2,False,evaluation
S1-859902423,India,3,False,evaluation
S1-859939153,India,1,False,evaluation
S1-85994323,US,5,False,evaluation
S1-860002066,US,3,False,evaluation
S1-860029362,US,3,False,evaluation
S1-860047980,India,3,False,tuning
S1-860099859,US,3,False,evaluation
S1-860105674,US,3,False,tuning
S1-860115911,US,4,False,tuning
S1-860141035,US,5,False,evaluation
S1-860165276,US,6,False,tuning
S1-860181132,US,5,False,evaluation
S1-860213529,US,2,False,tuning
S1-860220140,India,4,False,evaluation
S1-860225639,India,5,False,tuning
S1-860268142,US,1,False,evaluation
S1-860341006,India,5,False,tuning
S1-860377318,US,5,False,evaluation
S1-860395655,India,5,False,evaluation
S1-860443841,US,9,False,evaluation
S1-860464253,US,6,False,evaluation
S1-860467834,US,4,False,evaluation
S1-860512015,India,5,False,tuning
S1-860591996,US,6,False,evaluation
S1-860596438,US,5,False,evaluation
S1-860675650,India,3,False,evaluation
S1-860689427,US,2,False,tuning
S1-860837460,US,3,False,evaluation
S1-860915520,US,4,False,evaluation
S1-860972242,India,3,False,evaluation
S1-860982422,US,3,False,evaluation
S1-860985383,US,5,False,tuning
S1-861000230,US,0,True,evaluation
S1-861034023,US,5,False,tuning
S1-861072437,US,3,False,tuning
S1-861127840,US,2,False,evaluation
S1-861128368,India,5,False,evaluation
S1-861187633,India,3,False,tuning
S1-861197485,US,6,False,evaluation
S1-861222354,India,4,False,tuning
S1-861385075,US,2,False,evaluation
S1-861397375,India,4,False,tuning
S1-861429239,India,4,False,tuning
S1-861465482,US,1,False,evaluation
S1-861473755,India,6,False,evaluation
S1-861499030,US,2,False,tuning
S1-861616412,US,3,False,evaluation
S1-861617377,US,4,False,tuning
S1-861784083,US,2,False,evaluation
S1-861832116,US,5,False,tuning
S1-861832946,US,5,False,tuning
S1-861836726,US,0,True,evaluation
S1-86189650,US,3,False,evaluation
S1-861905827,US,3,False,tuning
S1-861979826,US,3,False,evaluation
S1-862014965,US,7,False,evaluation
S1-86204119,US,3,False,tuning
S1-862046228,US,5,False,evaluation
S1-862062045,India,3,False,evaluation
S1-862161219,US,3,False,evaluation
S1-862204585,US,0,True,evaluation
S1-862207745,India,4,False,tuning
S1-862223871,India,3,False,evaluation
S1-862277417,India,0,True,tuning
S1-862293380,India,5,False,evaluation
S1-86230200,India,4,False,tuning
S1-86230754,India,2,False,evaluation
S1-86234068,US,2,False,evaluation
S1-862343857,US,3,False,evaluation
S1-862418727,US,5,False,tuning
S1-862461677,India,2,False,evaluation
S1-862467832,India,4,False,evaluation
S1-86252537,US,3,False,evaluation
S1-862626239,India,2,False,evaluation
S1-862650110,US,3,False,tuning
S1-862655631,US,4,False,evaluation
S1-862712171,India,7,False,evaluation
S1-862738719,US,2,False,evaluation
S1-86281925,India,4,False,evaluation
S1-862834344,US,4,False,evaluation
S1-862871772,US,4,False,evaluation
S1-862880545,US,4,False,tuning
S1-862899562,India,3,False,tuning
S1-862924522,US,4,False,evaluation
S1-862924866,US,4,False,evaluation
S1-862954880,US,5,False,evaluation
S1-862956461,India,0,True,tuning
S1-863221196,US,3,False,evaluation
S1-863311543,US,3,False,tuning
S1-863383578,India,3,False,evaluation
S1-863415656,India,3,False,evaluation
S1-863462006,US,2,False,tuning
S1-863473907,US,2,False,evaluation
S1-863643545,India,4,False,evaluation
S1-863675807,India,4,False,evaluation
S1-863728339,US,0,True,evaluation
S1-863765183,US,4,False,evaluation
S1-863844842,India,4,False,evaluation
S1-863890097,India,5,False,evaluation
S1-863906779,US,4,False,evaluation
S1-864023598,US,1,False,tuning
S1-86411230,US,3,False,evaluation
S1-864158386,India,2,False,evaluation
S1-864262897,US,5,False,evaluation
S1-864302449,India,3,False,evaluation
S1-86431765,India,4,False,evaluation
S1-864365113,US,6,False,evaluation
S1-864411515,India,4,False,tuning
S1-864438762,US,2,False,evaluation
S1-864447607,US,3,False,evaluation
S1-864451495,US,4,False,tuning
S1-864609605,India,5,False,tuning
S1-864658406,US,3,False,evaluation
S1-864676807,India,4,False,evaluation
S1-864684125,India,5,False,evaluation
S1-864731781,India,5,False,tuning
S1-864740398,US,4,False,evaluation
S1-864773064,India,3,False,evaluation
S1-864823138,US,1,False,evaluation
S1-864890725,India,5,False,evaluation
S1-864927198,US,3,False,tuning
S1-865012260,India,4,False,evaluation
S1-865035404,India,4,False,evaluation
S1-865042770,India,6,False,tuning
S1-865048339,US,2,False,tuning
S1-865096985,India,2,False,evaluation
S1-865120634,US,2,False,evaluation
S1-865140042,US,1,False,evaluation
S1-865148935,India,3,False,evaluation
S1-865225007,India,2,False,evaluation
S1-865239204,India,5,False,tuning
S1-865301160,India,5,False,evaluation
S1-865366827,India,2,False,evaluation
S1-865422624,India,3,False,evaluation
S1-865435047,US,4,False,evaluation
S1-865465391,India,6,False,evaluation
S1-86555890,US,3,False,tuning
S1-865584756,India,4,False,evaluation
S1-865644914,India,3,False,tuning
S1-865691324,India,5,False,evaluation
S1-865708090,US,0,True,evaluation
S1-865713170,US,3,False,evaluation
S1-865713789,US,4,False,evaluation
S1-86578447,US,1,False,evaluation
S1-865840383,US,5,False,evaluation
S1-865877126,India,4,False,tuning
S1-865963183,US,3,False,evaluation
S1-866005166,India,3,False,evaluation
S1-866025610,US,4,False,evaluation
S1-86610461,India,2,False,evaluation
S1-866262985,US,4,False,evaluation
S1-866267112,India,3,False,tuning
S1-866287433,US,2,False,evaluation
S1-866293169,US,5,False,tuning
S1-866296885,India,4,False,evaluation
S1-866363570,US,4,False,tuning
S1-866378615,US,0,True,tuning
S1-866393365,US,5,False,evaluation
S1-866399016,India,3,False,evaluation
S1-8664148,India,7,False,evaluation
S1-866419638,India,1,False,evaluation
S1-866510588,US,3,False,tuning
S1-866517131,US,4,False,evaluation
S1-866550487,US,5,False,tuning
S1-86658284,US,3,False,tuning
S1-866647328,US,3,False,evaluation
S1-866716716,India,3,False,evaluation
S1-866720703,US,5,False,evaluation
S1-866786211,US,3,False,tuning
S1-866876481,India,3,False,evaluation
S1-866912561,India,3,False,tuning
S1-866914408,India,4,False,evaluation
S1-866921103,India,2,False,evaluation
S1-866965899,India,2,False,evaluation
S1-866969113,US,1,False,tuning
S1-867023346,US,7,False,tuning
S1-867050946,US,6,False,tuning
S1-867063872,India,2,False,tuning
S1-867141308,US,5,False,tuning
S1-867147251,India,3,False,evaluation
S1-867173059,US,4,False,evaluation
S1-867288550,India,5,False,evaluation
S1-867371927,India,3,False,evaluation
S1-86737541,India,2,False,tuning
S1-867385670,US,4,False,evaluation
S1-867410365,US,0,True,evaluation
S1-867508332,US,4,False,evaluation
S1-867542900,US,1,False,tuning
S1-867652022,US,3,False,evaluation
S1-867716549,India,3,False,tuning
S1-867725816,India,3,False,tuning
S1-867762863,India,5,False,evaluation
S1-867829622,India,5,False,evaluation
S1-867830720,India,5,False,evaluation
S1-867992586,India,4,False,evaluation
S1-868062227,India,4,False,tuning
S1-868074264,US,3,False,evaluation
S1-868162512,US,1,False,evaluation
S1-86818335,US,4,False,evaluation
S1-868224088,India,5,False,evaluation
S1-868264744,US,4,False,evaluation
S1-868276182,India,3,False,tuning
S1-868314230,India,2,False,evaluation
S1-868314476,US,4,False,tuning
S1-868344654,US,4,False,evaluation
S1-868399710,India,2,False,tuning
S1-868413099,US,3,False,tuning
S1-868419947,US,2,False,tuning
S1-868480254,India,2,False,evaluation
S1-868535602,US,7,False,evaluation
S1-868573877,US,6,False,tuning
S1-868772749,US,5,False,evaluation
S1-868775372,US,0,True,tuning
S1-868809302,India,2,False,evaluation
S1-868853491,India,2,False,evaluation
S1-868862954,US,1,False,evaluation
S1-868879669,US,7,False,evaluation
S1-868926664,US,4,False,evaluation
S1-868952786,India,3,False,tuning
S1-868981725,India,3,False,tuning
S1-868981735,US,3,False,tuning
S1-868994004,India,3,False,tuning
S1-869013154,India,2,False,evaluation
S1-86910386,India,5,False,evaluation
S1-869116506,India,0,True,tuning
S1-869236808,India,5,False,evaluation
S1-869255932,US,2,False,evaluation
S1-869263567,US,4,False,tuning
S1-869265529,India,1,False,evaluation
S1-869292852,US,3,False,evaluation
S1-869310376,US,5,False,evaluation
S1-869360534,US,0,True,tuning
S1-869367545,India,2,False,tuning
S1-869453019,US,0,True,tuning
S1-869535932,US,4,False,evaluation
S1-869554501,US,4,False,evaluation
S1-86958220,US,6,False,evaluation
S1-869634742,India,5,False,tuning
S1-869701769,India,3,False,evaluation
S1-869707959,US,5,False,tuning
S1-869721482,India,4,False,evaluation
S1-869735903,India,2,False,evaluation
S1-869737087,US,7,False,tuning
S1-869801682,US,2,False,evaluation
S1-869886148,India,3,False,tuning
S1-869960642,India,4,False,evaluation
S1-869977632,US,2,False,evaluation
S1-870020967,India,3,False,evaluation
S1-870055183,India,4,False,evaluation
S1-870056093,India,4,False,evaluation
S1-87005704,US,3,False,tuning
S1-87013341,India,5,False,evaluation
S1-870136406,US,4,False,evaluation
S1-870136661,India,2,False,evaluation
S1-870146151,US,2,False,tuning
S1-870147511,India,4,False,evaluation
S1-870199980,US,5,False,tuning
S1-870221039,US,5,False,tuning
S1-870278288,US,6,False,tuning
S1-870280103,India,0,True,evaluation
S1-870286704,US,1,False,tuning
S1-870428220,US,4,False,tuning
S1-870474151,India,0,True,tuning
S1-870543269,US,1,False,evaluation
S1-870591202,India,3,False,evaluation
S1-870616127,India,5,False,tuning
S1-870624679,US,2,False,evaluation
S1-870637870,US,5,False,tuning
S1-870689784,US,3,False,tuning
S1-870792175,US,2,False,tuning
S1-870853769,US,4,False,evaluation
S1-870963987,India,4,False,evaluation
S1-870966165,US,7,False,evaluation
S1-870996986,US,3,False,evaluation
S1-871070307,India,1,False,evaluation
S1-871112425,US,2,False,tuning
S1-871143655,India,0,True,evaluation
S1-871179289,India,4,False,evaluation
S1-871192145,India,2,False,tuning
S1-871202423,India,3,False,evaluation
S1-871203181,US,4,False,evaluation
S1-871210293,US,3,False,evaluation
S1-871247186,India,2,False,evaluation
S1-871323432,US,3,False,evaluation
S1-871365817,US,4,False,evaluation
S1-871463183,US,2,False,evaluation
S1-871534952,India,1,False,tuning
S1-87161815,US,3,False,tuning
S1-871672943,India,3,False,evaluation
S1-871698392,India,1,False,tuning
S1-871709536,US,6,False,evaluation
S1-871796345,US,2,False,evaluation
S1-871850393,US,0,True,tuning
S1-871859022,US,4,False,evaluation
S1-871904226,US,3,False,tuning
S1-871926704,US,0,True,evaluation
S1-871938911,India,2,False,evaluation
S1-871955685,US,5,False,tuning
S1-872049934,US,2,False,tuning
S1-872081998,India,4,False,evaluation
S1-872095362,US,4,False,evaluation
S1-872134918,India,1,False,evaluation
S1-872151859,India,6,False,evaluation
S1-872167701,US,4,False,evaluation
S1-872214081,India,3,False,tuning
S1-872214689,US,2,False,tuning
S1-872261706,US,3,False,tuning
S1-872277456,India,5,False,evaluation
S1-872291973,India,5,False,tuning
S1-872347007,US,3,False,tuning
S1-872347319,US,4,False,tuning
S1-8723919,US,5,False,evaluation
S1-872423948,India,4,False,tuning
S1-872568198,US,6,False,tuning
S1-872630909,US,3,False,tuning
S1-872632334,US,2,False,evaluation
S1-872638687,India,5,False,evaluation
S1-872696092,India,2,False,evaluation
S1-872946246,US,6,False,tuning
S1-873204488,India,5,False,evaluation
S1-873213385,US,5,False,evaluation
S1-873224394,US,3,False,evaluation
S1-873230345,India,4,False,tuning
S1-873312194,US,1,False,tuning
S1-873358653,US,5,False,tuning
S1-873373357,US,3,False,evaluation
S1-873405984,US,3,False,evaluation
S1-873414202,US,5,False,tuning
S1-873435667,India,1,False,tuning
S1-873439861,US,5,False,tuning
S1-873459138,US,6,False,tuning
S1-873570643,US,4,False,evaluation
S1-873691988,US,4,False,evaluation
S1-873779298,India,4,False,evaluation
S1-873912639,US,3,False,evaluation
S1-87394116,US,0,True,tuning
S1-87394209,US,7,False,tuning
S1-873952,US,1,False,evaluation
S1-873992347,India,7,False,tuning
S1-874001797,US,2,False,tuning
S1-874006392,US,6,False,evaluation
S1-874109160,US,5,False,tuning
S1-874134911,India,3,False,evaluation
S1-874152159,US,2,False,tuning
S1-874173979,US,5,False,evaluation
S1-874201682,India,2,False,tuning
S1-87421483,India,3,False,tuning
S1-874218366,US,6,False,tuning
S1-874220665,India,0,True,evaluation
S1-874224557,US,4,False,evaluation
S1-874240454,US,4,False,tuning
S1-874244889,US,3,False,evaluation
S1-874266239,India,6,False,evaluation
S1-874277458,India,2,False,evaluation
S1-87428411,US,0,True,evaluation
S1-874294629,India,4,False,evaluation
S1-874298538,India,4,False,tuning
S1-874333738,US,4,False,tuning
S1-874350463,US,3,False,evaluation
S1-874394252,India,4,False,evaluation
S1-874447262,India,0,True,tuning
S1-874456046,India,3,False,evaluation
S1-874463681,US,7,False,tuning
S1-874512741,US,4,False,evaluation
S1-874587325,US,5,False,tuning
S1-874610060,US,7,False,evaluation
S1-874634863,India,3,False,tuning
S1-874706415,India,3,False,evaluation
S1-874795021,US,4,False,tuning
S1-874812008,US,2,False,tuning
S1-87482209,India,4,False,tuning
S1-874853634,India,3,False,tuning
S1-874903772,US,4,False,evaluation
S1-874927837,US,3,False,evaluation
S1-87495695,India,3,False,evaluation
S1-87499060,India,5,False,evaluation
S1-875069469,US,2,False,tuning
S1-875133186,US,5,False,tuning
S1-875162659,India,7,False,evaluation
S1-875191694,India,5,False,tuning
S1-87529785,US,5,False,evaluation
S1-875310102,US,2,False,tuning
S1-875352149,India,2,False,evaluation
S1-875353861,India,4,False,evaluation
S1-875375305,India,6,False,evaluation
S1-875419244,India,6,False,evaluation
S1-875453242,India,5,False,evaluation
S1-875517964,US,3,False,tuning
S1-875560222,US,6,False,tuning
S1-875600620,US,2,False,tuning
S1-875621981,India,3,False,evaluation
S1-875693552,India,3,False,tuning
S1-875750839,US,4,False,tuning
S1-875809054,US,3,False,evaluation
S1-87581482,US,4,False,tuning
S1-875905300,US,2,False,evaluation
S1-875953482,US,2,False,tuning
S1-87597232,US,0,True,tuning
S1-87604147,US,2,False,tuning
S1-876046208,US,5,False,evaluation
S1-876047221,US,5,False,tuning
S1-876069617,US,3,False,tuning
S1-876080847,US,3,False,evaluation
S1-876118059,US,4,False,evaluation
S1-876123785,US,3,False,tuning
S1-87613787,US,3,False,evaluation
S1-876169632,India,6,False,evaluation
S1-876358851,India,7,False,tuning
S1-876369869,US,2,False,evaluation
S1-876403605,India,0,True,tuning
S1-876475944,US,3,False,tuning
S1-876664844,India,6,False,tuning
S1-876679228,India,5,False,evaluation
S1-876743614,US,6,False,evaluation
S1-876754039,US,4,False,tuning
S1-876795754,US,5,False,evaluation
S1-876815718,India,0,True,evaluation
S1-876941017,US,4,False,evaluation
S1-877011836,US,6,False,evaluation
S1-877036162,India,5,False,tuning
S1-877125881,India,4,False,evaluation
S1-877175676,US,3,False,tuning
S1-877278470,US,3,False,evaluation
S1-87732832,India,4,False,tuning
S1-877334477,India,1,False,tuning
S1-87734671,US,4,False,evaluation
S1-877458741,India,1,False,evaluation
S1-877482830,US,5,False,tuning
S1-877488238,India,3,False,tuning
S1-877490585,US,2,False,tuning
S1-877507352,US,5,False,evaluation
S1-877544286,US,0,True,tuning
S1-877549059,India,5,False,evaluation
S1-877568857,India,4,False,evaluation
S1-877581624,India,4,False,tuning
S1-877604226,US,2,False,evaluation
S1-877625799,US,2,False,evaluation
S1-877756741,US,5,False,evaluation
S1-877771962,US,2,False,tuning
S1-877866105,US,3,False,evaluation
S1-877903793,US,6,False,tuning
S1-877970893,US,3,False,evaluation
S1-87797570,US,0,True,evaluation
S1-877987939,US,2,False,evaluation
S1-877998744,India,3,False,evaluation
S1-878006854,US,4,False,evaluation
S1-87811455,US,5,False,evaluation
S1-8781400,US,4,False,tuning
S1-878204230,US,2,False,evaluation
S1-87821906,US,4,False,evaluation
S1-878238472,US,2,False,evaluation
S1-878306771,US,2,False,evaluation
S1-878319305,US,4,False,evaluation
S1-878389403,US,4,False,evaluation
S1-878489591,US,3,False,evaluation
S1-878547730,India,2,False,tuning
S1-878555155,India,3,False,tuning
S1-878612468,US,3,False,evaluation
S1-878621414,India,5,False,evaluation
S1-878647563,US,1,False,tuning
S1-878694674,India,2,False,tuning
S1-878774034,India,5,False,tuning
S1-878891348,US,3,False,evaluation
S1-878996195,US,2,False,tuning
S1-879036575,US,3,False,tuning
S1-879045889,India,2,False,tuning
S1-8790889,India,0,True,evaluation
S1-879105433,India,6,False,evaluation
S1-879200073,India,4,False,tuning
S1-879203325,India,6,False,evaluation
S1-879244315,US,6,False,evaluation
S1-879372595,India,8,False,tuning
S1-879382614,US,4,False,evaluation
S1-879417539,US,2,False,evaluation
S1-879419565,US,4,False,evaluation
S1-879446265,India,4,False,tuning
S1-879483383,India,3,False,tuning
S1-879496526,India,4,False,evaluation
S1-879552213,US,5,False,evaluation
S1-879599507,US,4,False,evaluation
S1-879612442,India,5,False,evaluation
S1-879617492,US,3,False,tuning
S1-879653418,US,2,False,tuning
S1-879654155,US,1,False,evaluation
S1-879659490,US,3,False,evaluation
S1-87968561,India,4,False,evaluation
S1-879716463,US,5,False,evaluation
S1-87972725,US,4,False,evaluation
S1-87976248,India,4,False,evaluation
S1-879766906,US,3,False,tuning
S1-879773001,US,3,False,evaluation
S1-879828483,India,3,False,evaluation
S1-879961378,India,3,False,evaluation
S1-879982761,India,5,False,tuning
S1-8800349,US,3,False,tuning
S1-880067256,US,5,False,evaluation
S1-880114030,India,3,False,evaluation
S1-880156989,India,4,False,tuning
S1-880157898,US,2,False,evaluation
S1-880169843,US,0,True,tuning
S1-880204011,US,0,True,evaluation
S1-880243280,US,4,False,evaluation
S1-880290970,US,3,False,evaluation
S1-880304716,India,4,False,evaluation
S1-880312665,US,0,True,evaluation
S1-880315898,India,5,False,evaluation
S1-880369556,US,3,False,tuning
S1-88039392,US,5,False,evaluation
S1-880448766,India,5,False,evaluation
S1-880620778,US,3,False,evaluation
S1-880641107,India,3,False,evaluation
S1-880657752,US,0,True,tuning
S1-880658251,India,3,False,tuning
S1-880668397,US,9,False,evaluation
S1-880704828,US,6,False,tuning
S1-88073393,US,3,False,evaluation
S1-880734329,US,3,False,evaluation
S1-880742464,India,0,True,tuning
S1-880890795,US,0,True,tuning
S1-880945567,India,2,False,evaluation
S1-880969442,India,5,False,tuning
S1-88102432,US,2,False,tuning
S1-881080402,India,1,False,evaluation
S1-881123226,US,4,False,tuning
S1-881293091,US,5,False,evaluation
S1-881352648,US,6,False,evaluation
S1-881400809,US,6,False,evaluation
S1-881464105,India,5,False,tuning
S1-881494797,US,2,False,evaluation
S1-881499925,US,3,False,evaluation
S1-88151913,India,1,False,tuning
S1-881575935,US,0,True,evaluation
S1-881627092,US,3,False,evaluation
S1-881672645,US,3,False,evaluation
S1-881674553,US,4,False,tuning
S1-881694521,India,4,False,evaluation
S1-881793564,India,1,False,evaluation
S1-881804550,India,3,False,tuning
S1-88184671,India,1,False,tuning
S1-881853033,US,2,False,evaluation
S1-881868061,India,4,False,tuning
S1-881987491,India,6,False,evaluation
S1-882050796,US,7,False,evaluation
S1-882104139,India,3,False,tuning
S1-882114456,US,2,False,tuning
S1-882120972,US,3,False,evaluation
S1-882144267,US,5,False,tuning
S1-882146468,US,5,False,evaluation
S1-882234748,India,7,False,evaluation
S1-882271938,India,2,False,evaluation
S1-882277028,India,2,False,evaluation
S1-882369006,US,1,False,evaluation
S1-882385237,India,2,False,evaluation
S1-882416929,US,5,False,evaluation
S1-882485590,US,2,False,evaluation
S1-88249277,India,3,False,tuning
S1-882513582,India,4,False,tuning
S1-882564370,India,4,False,tuning
S1-882628943,US,7,False,evaluation
S1-882692660,India,2,False,evaluation
S1-882699618,US,3,False,tuning
S1-882888816,US,0,True,tuning
S1-882911298,US,1,False,evaluation
S1-882980519,US,1,False,tuning
S1-882984136,US,2,False,evaluation
S1-883047158,India,5,False,tuning
S1-88308789,US,0,True,evaluation
S1-883107938,US,3,False,evaluation
S1-883117743,US,2,False,evaluation
S1-883155975,India,7,False,tuning
S1-883174098,US,2,False,evaluation
S1-883260132,India,3,False,evaluation
S1-88326298,US,2,False,evaluation
S1-883273081,US,6,False,evaluation
S1-883334863,US,4,False,evaluation
S1-88334146,India,3,False,evaluation
S1-883692822,US,4,False,evaluation
S1-883732044,US,2,False,evaluation
S1-883743983,India,5,False,evaluation
S1-883749996,US,4,False,tuning
S1-883827610,India,2,False,tuning
S1-883831914,India,2,False,evaluation
S1-883851468,US,3,False,evaluation
S1-883919806,US,3,False,evaluation
S1-883982056,India,6,False,tuning
S1-88400393,US,6,False,evaluation
S1-884037380,US,6,False,evaluation
S1-884040503,India,4,False,tuning
S1-884040657,India,5,False,tuning
S1-884098515,India,2,False,evaluation
S1-884100679,US,5,False,tuning
S1-884114642,US,4,False,evaluation
S1-884136197,India,4,False,evaluation
S1-884243459,US,4,False,tuning
S1-884275457,US,7,False,evaluation
S1-884311763,India,2,False,evaluation
S1-884353442,US,4,False,tuning
S1-884553005,US,3,False,tuning
S1-884563710,US,7,False,tuning
S1-884565305,US,3,False,tuning
S1-884572501,US,4,False,evaluation
S1-884666079,India,2,False,evaluation
S1-884774575,India,3,False,tuning
S1-884818320,India,3,False,evaluation
S1-884837686,US,2,False,evaluation
S1-884876681,India,6,False,tuning
S1-885027358,India,1,False,evaluation
S1-885031323,US,2,False,evaluation
S1-885067039,US,4,False,evaluation
S1-885107845,US,2,False,evaluation
S1-885118394,India,5,False,evaluation
S1-885165989,US,2,False,evaluation
S1-88523405,India,4,False,evaluation
S1-88525862,US,3,False,tuning
S1-88527505,US,1,False,evaluation
S1-885285029,US,5,False,tuning
S1-885295232,US,5,False,evaluation
S1-885416844,US,4,False,evaluation
S1-885434746,US,0,True,tuning
S1-885463221,India,2,False,tuning
S1-885488516,US,4,False,evaluation
S1-885523730,US,4,False,evaluation
S1-885610055,US,3,False,evaluation
S1-885613962,US,4,False,tuning
S1-88570803,India,2,False,tuning
S1-885714189,US,3,False,evaluation
S1-885717964,US,3,False,evaluation
S1-885718050,US,3,False,evaluation
S1-885793495,US,6,False,tuning
S1-885832130,US,4,False,tuning
S1-885832808,US,4,False,evaluation
S1-885866571,US,3,False,tuning
S1-885929651,US,5,False,evaluation
S1-885931279,India,3,False,tuning
S1-88594742,US,4,False,evaluation
S1-885988565,India,3,False,evaluation
S1-886066098,US,0,True,evaluation
S1-886255203,US,3,False,evaluation
S1-886331943,US,2,False,tuning
S1-88638480,India,3,False,evaluation
S1-886389374,India,3,False,evaluation
S1-886391251,US,4,False,evaluation
S1-886453018,US,2,False,tuning
S1-886474755,India,2,False,evaluation
S1-88648736,US,2,False,evaluation
S1-886595462,US,4,False,tuning
S1-886757456,US,3,False,evaluation
S1-886802246,US,2,False,tuning
S1-88682233,US,3,False,evaluation
S1-886830433,US,4,False,evaluation
S1-886833014,US,2,False,tuning
S1-886925596,US,5,False,evaluation
S1-886947732,US,5,False,evaluation
S1-886989382,India,4,False,evaluation
S1-887062237,US,4,False,evaluation
S1-887090797,India,2,False,evaluation
S1-887136021,US,1,False,evaluation
S1-887148168,US,6,False,tuning
S1-887159316,US,7,False,tuning
S1-887169774,US,4,False,tuning
S1-887195965,US,3,False,tuning
S1-887277717,India,3,False,evaluation
S1-887296040,India,4,False,tuning
S1-887299291,US,2,False,evaluation
S1-887329303,US,4,False,tuning
S1-887333,India,2,False,tuning
S1-887339443,India,5,False,evaluation
S1-887346401,US,3,False,evaluation
S1-887410599,US,3,False,tuning
S1-8874363,US,4,False,tuning
S1-887443169,US,6,False,evaluation
S1-887484577,US,5,False,evaluation
S1-887556883,US,3,False,evaluation
S1-887717968,India,2,False,evaluation
S1-887719275,US,4,False,evaluation
S1-88776438,India,2,False,evaluation
S1-887785084,US,2,False,tuning
S1-887814940,India,4,False,evaluation
S1-88784505,India,2,False,tuning
S1-88792638,US,1,False,tuning
S1-887979248,US,2,False,evaluation
S1-888041957,US,7,False,evaluation
S1-888165207,US,4,False,tuning
S1-888167238,US,5,False,tuning
S1-888259031,US,5,False,tuning
S1-888276226,US,8,False,tuning
S1-888337549,US,2,False,tuning
S1-888616650,India,4,False,evaluation
S1-888658882,India,5,False,evaluation
S1-888659833,US,5,False,evaluation
S1-888676249,India,6,False,tuning
S1-888738873,US,5,False,evaluation
S1-888739142,US,4,False,tuning
S1-888815946,US,3,False,tuning
S1-888846985,US,4,False,evaluation
S1-888904526,India,4,False,evaluation
S1-888905797,US,7,False,evaluation
S1-888973328,US,6,False,tuning
S1-889046764,India,7,False,tuning
S1-889092437,US,0,True,evaluation
S1-889102314,US,6,False,tuning
S1-889106273,US,6,False,tuning
S1-889156650,US,6,False,tuning
S1-889180303,US,5,False,tuning
S1-889189981,US,4,False,tuning
S1-889236141,US,3,False,tuning
S1-889242103,India,3,False,tuning
S1-889257410,US,4,False,evaluation
S1-889266650,US,2,False,tuning
S1-889279573,US,0,True,tuning
S1-889321066,India,5,False,evaluation
S1-88932811,US,4,False,tuning
S1-889330952,US,4,False,evaluation
S1-889338854,US,5,False,tuning
S1-889357795,US,4,False,tuning
S1-889405947,US,7,False,tuning
S1-889417042,US,6,False,evaluation
S1-889464976,US,4,False,tuning
S1-889530437,US,7,False,tuning
S1-889541306,US,5,False,evaluation
S1-889629806,US,1,False,tuning
S1-889634391,US,5,False,evaluation
S1-889638232,India,2,False,evaluation
S1-889657417,US,0,True,evaluation
S1-8896737,US,1,False,tuning
S1-889678117,India,3,False,evaluation
S1-889777467,US,2,False,evaluation
S1-889781671,US,2,False,evaluation
S1-889796182,US,5,False,evaluation
S1-889838234,US,3,False,evaluation
S1-889851347,India,5,False,tuning
S1-889911806,India,5,False,tuning
S1-88991414,India,4,False,evaluation
S1-890059672,India,3,False,evaluation
S1-89006220,India,7,False,evaluation
S1-890101049,India,3,False,evaluation
S1-890113975,India,4,False,tuning
S1-890123709,US,3,False,evaluation
S1-89017253,India,3,False,evaluation
S1-890195500,India,6,False,tuning
S1-890239713,US,4,False,evaluation
S1-890241465,US,6,False,tuning
S1-890273906,US,5,False,evaluation
S1-890383405,US,3,False,tuning
S1-890486681,US,3,False,evaluation
S1-890511916,US,4,False,tuning
S1-890514147,US,2,False,evaluation
S1-890564554,India,2,False,tuning
S1-890583942,US,6,False,evaluation
S1-890611495,India,2,False,tuning
S1-890615704,US,1,False,tuning
S1-89076896,India,4,False,tuning
S1-89080279,India,5,False,tuning
S1-890860120,US,3,False,tuning
S1-890878658,India,4,False,evaluation
S1-89114740,India,5,False,tuning
S1-891167472,India,5,False,evaluation
S1-891172116,India,5,False,evaluation
S1-891275711,India,3,False,evaluation
S1-891315956,US,3,False,evaluation
S1-891352249,India,5,False,evaluation
S1-891354792,US,4,False,evaluation
S1-891381797,US,5,False,evaluation
S1-891399130,India,4,False,tuning
S1-89140690,US,5,False,tuning
S1-8914240,US,6,False,evaluation
S1-891426901,India,2,False,tuning
S1-891438030,US,2,False,tuning
S1-891461657,US,2,False,evaluation
S1-891490624,US,4,False,tuning
S1-891525739,India,5,False,evaluation
S1-891535340,India,4,False,evaluation
S1-891620736,India,7,False,tuning
S1-891700731,India,2,False,evaluation
S1-891701888,US,3,False,evaluation
S1-891719530,US,4,False,tuning
S1-891728715,US,4,False,evaluation
S1-891813614,US,6,False,evaluation
S1-891836041,US,4,False,evaluation
S1-891846594,US,2,False,tuning
S1-891867066,India,2,False,evaluation
S1-891901818,US,5,False,evaluation
S1-891920343,US,3,False,tuning
S1-891941979,US,4,False,evaluation
S1-892053155,US,5,False,tuning
S1-892109087,US,2,False,evaluation
S1-892159210,India,5,False,tuning
S1-892198975,India,2,False,evaluation
S1-892248078,US,4,False,evaluation
S1-8922716,US,4,False,evaluation
S1-892355422,India,6,False,evaluation
S1-892403395,US,3,False,evaluation
S1-892408166,India,1,False,evaluation
S1-892427636,US,4,False,evaluation
S1-892534693,US,1,False,tuning
S1-892568548,US,4,False,evaluation
S1-892622924,US,5,False,evaluation
S1-892636773,India,4,False,evaluation
S1-892743669,US,7,False,evaluation
S1-892773069,US,4,False,evaluation
S1-89277904,US,4,False,tuning
S1-892779379,India,5,False,tuning
S1-892789750,US,2,False,tuning
S1-892898373,US,4,False,evaluation
S1-892951823,US,4,False,evaluation
S1-892959628,US,5,False,evaluation
S1-893041171,India,3,False,evaluation
S1-893057554,US,3,False,evaluation
S1-893087596,US,6,False,evaluation
S1-893133883,US,2,False,tuning
S1-89316872,US,3,False,evaluation
S1-893224237,US,3,False,tuning
S1-893267836,US,4,False,evaluation
S1-893334827,US,4,False,evaluation
S1-893430357,US,6,False,tuning
S1-893461456,US,2,False,tuning
S1-893485322,India,5,False,tuning
S1-893540718,India,5,False,tuning
S1-893658711,US,3,False,evaluation
S1-89367638,India,2,False,evaluation
S1-893724580,India,5,False,tuning
S1-893775312,US,3,False,tuning
S1-893795104,US,3,False,evaluation
S1-893797026,US,6,False,tuning
S1-893814136,India,8,False,evaluation
S1-893836878,US,2,False,evaluation
S1-893918520,US,3,False,tuning
S1-893929793,India,1,False,evaluation
S1-893953464,US,1,False,tuning
S1-894092914,US,4,False,tuning
S1-894129991,India,6,False,tuning
S1-894181762,US,3,False,evaluation
S1-894193914,US,5,False,evaluation
S1-894207309,US,3,False,evaluation
S1-894290846,US,4,False,evaluation
S1-89434257,US,3,False,evaluation
S1-894391312,India,3,False,evaluation
S1-894395258,US,8,False,tuning
S1-894465063,US,5,False,tuning
S1-89446620,US,3,False,evaluation
S1-894466638,US,3,False,evaluation
S1-894522476,US,3,False,tuning
S1-894541352,India,2,False,evaluation
S1-894682795,US,6,False,evaluation
S1-894919505,US,4,False,tuning
S1-894981152,US,1,False,tuning
S1-894990660,India,6,False,evaluation
S1-894991394,India,3,False,tuning
S1-894993439,India,4,False,evaluation
S1-895089776,India,3,False,tuning
S1-895127905,US,2,False,evaluation
S1-895149907,India,4,False,tuning
S1-895235856,US,2,False,evaluation
S1-89525072,US,1,False,evaluation
S1-895272382,India,7,False,evaluation
S1-8953262,US,2,False,evaluation
S1-895374177,US,7,False,evaluation
S1-895525831,US,2,False,evaluation
S1-895550813,US,1,False,evaluation
S1-895565470,US,4,False,evaluation
S1-895693970,India,4,False,tuning
S1-895712006,India,2,False,evaluation
S1-895841811,US,2,False,evaluation
S1-895895589,US,6,False,evaluation
S1-895918168,India,3,False,evaluation
S1-895983384,US,6,False,tuning
S1-895998046,India,3,False,evaluation
S1-896016591,India,4,False,evaluation
S1-896037077,US,6,False,tuning
S1-896058178,India,3,False,evaluation
S1-896102804,India,4,False,evaluation
S1-896210428,India,5,False,evaluation
S1-896355287,US,3,False,evaluation
S1-896379960,US,1,False,tuning
S1-896456699,US,4,False,tuning
S1-896518188,India,1,False,tuning
S1-896521494,India,3,False,tuning
S1-896680797,US,4,False,tuning
S1-896701610,US,5,False,tuning
S1-896704378,US,2,False,evaluation
S1-896732019,India,0,True,evaluation
S1-896822174,US,3,False,evaluation
S1-89683685,India,3,False,evaluation
S1-896848685,US,0,True,evaluation
S1-896926334,US,2,False,evaluation
S1-897120812,India,5,False,evaluation
S1-897182432,India,3,False,tuning
S1-897203375,US,3,False,tuning
S1-897285538,India,5,False,evaluation
S1-897294419,US,4,False,evaluation
S1-897312000,US,3,False,evaluation
S1-89734446,US,4,False,evaluation
S1-897364778,US,3,False,tuning
S1-89736601,India,5,False,tuning
S1-897377963,India,3,False,tuning
S1-897460018,India,0,True,evaluation
S1-897563871,US,6,False,evaluation
S1-897579402,US,6,False,tuning
S1-89763790,India,0,True,tuning
S1-897658632,India,2,False,tuning
S1-897663997,US,5,False,evaluation
S1-897726786,US,4,False,evaluation
S1-897772114,US,1,False,evaluation
S1-897779097,India,5,False,tuning
S1-897790282,US,2,False,tuning
S1-897805387,US,5,False,evaluation
S1-89787291,US,3,False,evaluation
S1-897884138,US,5,False,evaluation
S1-897944906,US,4,False,tuning
S1-897946144,US,1,False,tuning
S1-897993613,India,4,False,evaluation
S1-898208793,US,4,False,tuning
S1-898430159,US,3,False,evaluation
S1-898470298,India,2,False,evaluation
S1-89847644,US,3,False,tuning
S1-898487778,US,0,True,evaluation
S1-898546075,US,5,False,evaluation
S1-898597594,India,3,False,evaluation
S1-898599980,US,4,False,tuning
S1-898622400,US,2,False,evaluation
S1-898705122,India,4,False,tuning
S1-898757250,US,3,False,evaluation
S1-898797492,US,3,False,tuning
S1-898809004,US,6,False,evaluation
S1-898812477,US,2,False,tuning
S1-898844593,US,5,False,tuning
S1-899010422,US,4,False,tuning
S1-899025911,India,4,False,evaluation
S1-899029409,US,5,False,evaluation
S1-899054680,US,2,False,evaluation
S1-89907077,US,6,False,evaluation
S1-899077105,US,4,False,evaluation
S1-89918079,US,5,False,evaluation
S1-899190536,India,4,False,tuning
S1-899191463,India,4,False,evaluation
S1-899223899,India,3,False,evaluation
S1-899246020,India,5,False,evaluation
S1-899390994,India,2,False,tuning
S1-899464661,India,2,False,evaluation
S1-899480568,India,2,False,tuning
S1-899484043,India,0,True,evaluation
S1-89952381,US,9,False,tuning
S1-899539022,US,3,False,evaluation
S1-89956458,US,2,False,evaluation
S1-899565136,India,4,False,evaluation
S1-899578008,India,2,False,evaluation
S1-899578460,US,5,False,tuning
S1-899602982,US,2,False,tuning
S1-899662007,India,7,False,tuning
S1-899710660,India,2,False,evaluation
S1-899729103,US,5,False,evaluation
S1-899768413,India,3,False,evaluation
S1-899783474,US,5,False,tuning
S1-899834943,India,3,False,tuning
S1-899846066,India,2,False,evaluation
S1-899907533,US,6,False,tuning
S1-900079685,India,1,False,evaluation
S1-900123926,India,3,False,tuning
S1-900214238,US,4,False,evaluation
S1-900266205,US,6,False,evaluation
S1-900399028,US,3,False,tuning
S1-900412444,US,5,False,tuning
S1-900416551,US,6,False,evaluation
S1-900425634,US,4,False,evaluation
S1-900454964,US,4,False,tuning
S1-900469387,US,4,False,tuning
S1-900503043,US,3,False,tuning
S1-900544442,US,6,False,evaluation
S1-900566219,India,2,False,tuning
S1-900690131,India,5,False,tuning
S1-900705427,India,3,False,tuning
S1-900731772,India,2,False,evaluation
S1-900790629,US,4,False,evaluation
S1-900791064,India,2,False,tuning
S1-900795319,US,2,False,tuning
S1-900808891,India,3,False,tuning
S1-900855466,India,0,True,tuning
S1-900856144,India,1,False,evaluation
S1-900865618,US,0,True,evaluation
S1-900926226,US,2,False,tuning
S1-900931944,US,5,False,evaluation
S1-901005109,US,3,False,evaluation
S1-90102943,India,2,False,tuning
S1-901108390,India,4,False,evaluation
S1-901223067,US,2,False,evaluation
S1-901240533,India,4,False,evaluation
S1-90130464,US,5,False,evaluation
S1-901439468,US,3,False,evaluation
S1-901444621,US,4,False,tuning
S1-901460969,US,4,False,evaluation
S1-901491156,India,0,True,tuning
S1-901531745,US,5,False,evaluation
S1-901533271,India,4,False,tuning
S1-901572777,India,3,False,tuning
S1-901645406,India,2,False,tuning
S1-901704078,India,0,True,evaluation
S1-90171996,US,4,False,tuning
S1-901805726,US,3,False,evaluation
S1-901811881,US,0,True,tuning
S1-901821463,US,2,False,evaluation
S1-901892444,US,4,False,evaluation
S1-901993448,US,4,False,evaluation
S1-902015789,India,0,True,tuning
S1-902090325,US,5,False,tuning
S1-9021851,US,7,False,evaluation
S1-902225401,US,4,False,tuning
S1-902261741,US,0,True,evaluation
S1-902307397,India,4,False,evaluation
S1-902386281,US,2,False,evaluation
S1-902434468,US,2,False,tuning
S1-902449508,US,4,False,evaluation
S1-902492081,India,1,False,evaluation
S1-902508731,US,5,False,evaluation
S1-902528053,US,1,False,evaluation
S1-90253325,India,5,False,evaluation
S1-902703024,US,4,False,evaluation
S1-902709511,US,5,False,evaluation
S1-90272046,India,3,False,evaluation
S1-902722712,US,3,False,evaluation
S1-902753858,US,2,False,evaluation
S1-902796959,India,1,False,evaluation
S1-902843516,US,3,False,evaluation
S1-902895792,US,5,False,evaluation
S1-902926579,US,2,False,tuning
S1-903056811,US,1,False,tuning
S1-903065947,US,4,False,tuning
S1-903114459,US,2,False,evaluation
S1-903132770,US,4,False,evaluation
S1-903174569,India,3,False,tuning
S1-903193019,US,5,False,evaluation
S1-903193983,India,6,False,tuning
S1-903195584,India,3,False,evaluation
S1-903203459,India,3,False,evaluation
S1-90332801,US,0,True,tuning
S1-903362477,US,4,False,evaluation
S1-90344634,India,7,False,tuning
S1-903485056,US,1,False,evaluation
S1-903534338,US,4,False,evaluation
S1-903554835,India,4,False,evaluation
S1-903565578,India,3,False,evaluation
S1-903572365,US,4,False,tuning
S1-903600512,India,0,True,tuning
S1-903736511,US,6,False,tuning
S1-903770698,US,2,False,evaluation
S1-903808319,India,4,False,evaluation
S1-9038151,US,2,False,evaluation
S1-903838035,India,4,False,evaluation
S1-903891978,US,4,False,tuning
S1-903894459,US,6,False,tuning
S1-903911482,US,2,False,evaluation
S1-903992832,India,3,False,evaluation
S1-904091247,US,1,False,evaluation
S1-904108259,India,5,False,evaluation
S1-904112530,India,2,False,evaluation
S1-904272245,US,2,False,tuning
S1-90436610,US,6,False,evaluation
S1-904386702,US,2,False,evaluation
S1-904524657,US,3,False,tuning
S1-904534530,India,4,False,tuning
S1-904619542,India,3,False,evaluation
S1-904649394,India,4,False,tuning
S1-904660796,India,0,True,evaluation
S1-9046972,US,7,False,tuning
S1-904704507,US,4,False,tuning
S1-904714907,US,6,False,evaluation
S1-904733445,India,1,False,evaluation
S1-904831456,India,2,False,evaluation
S1-904852952,India,5,False,evaluation
S1-90493718,India,4,False,tuning
S1-904955253,India,5,False,evaluation
S1-905025328,India,4,False,evaluation
S1-905029799,US,2,False,evaluation
S1-905060393,India,4,False,evaluation
S1-905081163,India,4,False,evaluation
S1-905117369,India,2,False,tuning
S1-905135331,India,2,False,tuning
S1-905173219,India,6,False,evaluation
S1-905202583,US,3,False,evaluation
S1-905261956,India,5,False,evaluation
S1-905384664,US,6,False,tuning
S1-905385535,US,2,False,evaluation
S1-905600559,US,2,False,evaluation
S1-905610595,US,5,False,evaluation
S1-905612227,US,5,False,evaluation
S1-905626547,US,3,False,evaluation
S1-905660693,India,2,False,evaluation
S1-905670488,India,3,False,tuning
S1-90575140,US,1,False,tuning
S1-905756657,India,2,False,evaluation
S1-905791445,US,8,False,tuning
S1-905799699,India,4,False,evaluation
S1-90609536,India,3,False,evaluation
S1-906201490,US,3,False,evaluation
S1-906214530,India,3,False,tuning
S1-906238165,US,8,False,tuning
S1-906345159,US,4,False,evaluation
S1-906351233,US,4,False,evaluation
S1-906354975,US,4,False,evaluation
S1-906401299,US,3,False,evaluation
S1-906420661,US,5,False,evaluation
S1-906439274,US,3,False,evaluation
S1-906511276,India,0,True,evaluation
S1-906611257,India,2,False,tuning
S1-90661847,US,5,False,evaluation
S1-906636159,US,2,False,evaluation
S1-906719222,India,2,False,evaluation
S1-906720087,India,3,False,tuning
S1-906724356,India,5,False,evaluation
S1-906743815,US,2,False,evaluation
S1-90676032,India,5,False,evaluation
S1-906773741,US,3,False,evaluation
S1-906789520,India,3,False,tuning
S1-906822993,US,4,False,tuning
S1-906851529,India,4,False,evaluation
S1-906854450,India,1,False,evaluation
S1-906970541,US,4,False,tuning
S1-907008505,US,7,False,evaluation
S1-907091559,India,6,False,tuning
S1-907111251,India,4,False,tuning
S1-90719103,India,6,False,evaluation
S1-907191930,India,4,False,evaluation
S1-907315270,India,1,False,evaluation
S1-907408158,India,6,False,evaluation
S1-907423667,India,3,False,tuning
S1-907447296,US,2,False,evaluation
S1-907646247,US,4,False,evaluation
S1-907656846,US,3,False,evaluation
S1-907674055,US,5,False,evaluation
S1-90779243,India,1,False,tuning
S1-907830522,US,3,False,tuning
S1-907876645,India,2,False,evaluation
S1-907898346,US,4,False,evaluation
S1-907973764,US,6,False,evaluation
S1-908059344,US,4,False,evaluation
S1-9080880,India,3,False,tuning
S1-908107075,US,2,False,evaluation
S1-908164403,US,4,False,evaluation
S1-908232831,India,3,False,tuning
S1-908234147,India,2,False,evaluation
S1-90829346,India,3,False,evaluation
S1-908308545,India,3,False,tuning
S1-90831716,US,4,False,evaluation
S1-908445093,India,3,False,tuning
S1-908464095,US,8,False,evaluation
S1-90850018,India,4,False,evaluation
S1-908526927,India,3,False,evaluation
S1-908615359,US,2,False,evaluation
S1-908684998,US,2,False,evaluation
S1-908688991,US,3,False,evaluation
S1-908712333,US,0,True,evaluation
S1-908741897,US,2,False,tuning
S1-908744252,India,6,False,evaluation
S1-908747670,US,3,False,tuning
S1-908794951,US,4,False,tuning
S1-908883828,US,3,False,evaluation
S1-908974082,US,3,False,evaluation
S1-908996262,US,3,False,evaluation
S1-909089692,US,3,False,evaluation
S1-90918863,US,6,False,evaluation
S1-909338849,India,3,False,tuning
S1-909373666,US,3,False,evaluation
S1-909373815,US,2,False,evaluation
S1-90938619,India,6,False,evaluation
S1-909399022,India,3,False,evaluation
S1-909511226,US,4,False,evaluation
S1-909522603,US,4,False,evaluation
S1-909535135,US,4,False,evaluation
S1-909538339,India,5,False,tuning
S1-90954326,US,7,False,evaluation
S1-909580465,US,6,False,evaluation
S1-909717390,India,8,False,tuning
S1-909764447,US,2,False,tuning
S1-909832583,India,4,False,tuning
S1-909838920,US,6,False,evaluation
S1-909866332,India,4,False,evaluation
S1-909900076,India,5,False,evaluation
S1-909912516,India,6,False,evaluation
S1-909919632,India,2,False,evaluation
S1-909920993,US,4,False,tuning
S1-909928409,US,4,False,evaluation
S1-909946826,India,2,False,evaluation
S1-910010120,India,4,False,tuning
S1-910074245,US,2,False,evaluation
S1-910094548,India,4,False,evaluation
S1-910112102,India,6,False,evaluation
S1-91011546,US,6,False,tuning
S1-910199226,US,3,False,evaluation
S1-910199369,India,3,False,evaluation
S1-910210459,India,3,False,tuning
S1-910214209,US,5,False,evaluation
S1-910233284,US,3,False,evaluation
S1-91023645,US,6,False,tuning
S1-910369830,US,1,False,evaluation
S1-910505986,US,7,False,evaluation
S1-910508207,India,0,True,evaluation
S1-910511213,India,4,False,evaluation
S1-910549892,India,4,False,tuning
S1-910581682,US,0,True,evaluation
S1-910676921,India,2,False,evaluation
S1-910734285,India,5,False,evaluation
S1-910792360,India,0,True,evaluation
S1-910889654,India,5,False,evaluation
S1-910924618,US,2,False,evaluation
S1-910933723,India,6,False,evaluation
S1-910964691,India,6,False,tuning
S1-910993346,India,7,False,tuning
S1-9110208,US,4,False,evaluation
S1-911024148,US,3,False,evaluation
S1-911036016,India,2,False,evaluation
S1-911041267,India,2,False,tuning
S1-911079437,India,3,False,evaluation
S1-911090068,India,5,False,evaluation
S1-911128602,India,3,False,evaluation
S1-911203970,India,6,False,evaluation
S1-911240051,US,2,False,tuning
S1-91126667,India,3,False,tuning
S1-911298396,US,5,False,evaluation
S1-911303679,US,2,False,tuning
S1-911432755,US,1,False,evaluation
S1-911451889,US,6,False,evaluation
S1-911532835,India,3,False,evaluation
S1-911549623,India,3,False,tuning
S1-911572609,US,3,False,evaluation
S1-911652830,US,4,False,tuning
S1-911689807,India,4,False,evaluation
S1-911701489,US,1,False,evaluation
S1-911814363,US,8,False,tuning
S1-911821888,US,3,False,tuning
S1-911843689,US,2,False,evaluation
S1-912040792,India,3,False,tuning
S1-91204274,India,3,False,tuning
S1-912100941,US,2,False,evaluation
S1-912112234,India,3,False,evaluation
S1-912118172,US,4,False,tuning
S1-912148121,India,4,False,evaluation
S1-912197827,US,4,False,evaluation
S1-912222648,India,4,False,tuning
S1-912281879,US,3,False,evaluation
S1-912351447,US,6,False,evaluation
S1-912426678,US,5,False,evaluation
S1-912460966,India,2,False,tuning
S1-912471544,US,7,False,evaluation
S1-912571514,US,5,False,evaluation
S1-912663822,India,7,False,tuning
S1-912671127,US,3,False,evaluation
S1-912766377,US,6,False,evaluation
S1-91279606,US,5,False,evaluation
S1-912800864,US,3,False,tuning
S1-912801446,US,0,True,evaluation
S1-912818025,India,3,False,tuning
S1-912913568,US,3,False,tuning
S1-912938028,India,4,False,evaluation
S1-913115324,India,5,False,evaluation
S1-913134848,US,4,False,evaluation
S1-913253137,India,3,False,tuning
S1-913429350,India,5,False,tuning
S1-91357342,India,5,False,evaluation
S1-913574046,India,3,False,evaluation
S1-91357678,US,3,False,evaluation
S1-913661152,India,2,False,evaluation
S1-913698457,US,4,False,evaluation
S1-913757113,US,5,False,tuning
S1-913866473,US,0,True,tuning
S1-913970027,India,3,False,tuning
S1-913987319,US,4,False,evaluation
S1-913998252,India,3,False,evaluation
S1-914006468,US,1,False,tuning
S1-914062862,India,2,False,tuning
S1-914241025,India,4,False,evaluation
S1-914242029,India,3,False,evaluation
S1-914247995,US,3,False,tuning
S1-914263441,US,5,False,tuning
S1-914298264,India,2,False,evaluation
S1-91434148,US,4,False,evaluation
S1-914475504,India,4,False,evaluation
S1-914487421,India,0,True,tuning
S1-914553858,US,4,False,tuning
S1-914565198,India,2,False,tuning
S1-91456925,US,7,False,tuning
S1-914641764,US,3,False,evaluation
S1-914732699,US,1,False,tuning
S1-914827640,US,4,False,evaluation
S1-914857310,US,5,False,evaluation
S1-914875306,US,4,False,tuning
S1-914888279,US,4,False,tuning
S1-914898773,US,3,False,evaluation
S1-914954279,India,3,False,evaluation
S1-915007905,US,2,False,evaluation
S1-915031440,US,4,False,tuning
S1-9150582,US,4,False,tuning
S1-915061103,India,4,False,evaluation
S1-915077990,India,2,False,tuning
S1-91513787,US,3,False,evaluation
S1-915173141,US,3,False,evaluation
S1-915271485,US,3,False,tuning
S1-915305140,US,7,False,evaluation
S1-915473931,India,3,False,tuning
S1-915496260,US,5,False,tuning
S1-915513878,US,5,False,tuning
S1-9155986,US,4,False,tuning
S1-915620114,US,7,False,evaluation
S1-91568944,US,2,False,tuning
S1-915709258,US,6,False,evaluation
S1-915783135,US,5,False,evaluation
S1-915817127,US,6,False,tuning
S1-91585203,US,3,False,tuning
S1-915875971,US,2,False,evaluation
S1-91593582,India,3,False,tuning
S1-915963606,India,3,False,tuning
S1-916026518,US,3,False,tuning
S1-91606722,US,3,False,evaluation
S1-916092345,US,3,False,evaluation
S1-916245970,US,3,False,evaluation
S1-916258518,India,1,False,tuning
S1-916330988,US,3,False,evaluation
S1-916337693,India,3,False,evaluation
S1-916377262,US,4,False,tuning
S1-916449501,US,5,False,tuning
S1-916483822,India,4,False,evaluation
S1-916499498,US,5,False,evaluation
S1-91661842,US,6,False,tuning
S1-916654013,India,4,False,tuning
S1-916676350,US,3,False,evaluation
S1-916743270,US,4,False,tuning
S1-916786687,US,1,False,tuning
S1-916810402,US,5,False,evaluation
S1-916851978,India,6,False,evaluation
S1-916877660,US,2,False,evaluation
S1-916894264,US,4,False,tuning
S1-916912505,US,1,False,tuning
S1-91693658,US,6,False,evaluation
S1-916944268,US,4,False,evaluation
S1-916968549,US,4,False,evaluation
S1-917030616,US,0,True,tuning
S1-917056635,US,2,False,evaluation
S1-917087241,US,5,False,tuning
S1-917102003,US,2,False,tuning
S1-917104520,US,4,False,tuning
S1-917115425,US,4,False,evaluation
S1-917200464,India,3,False,evaluation
S1-917212284,US,4,False,evaluation
S1-917247215,US,5,False,evaluation
S1-917258321,India,4,False,tuning
S1-917277965,US,5,False,tuning
S1-917285409,US,2,False,tuning
S1-917396757,US,2,False,tuning
S1-917443473,India,8,False,tuning
S1-917461990,US,4,False,tuning
S1-917487735,India,2,False,evaluation
S1-917533950,India,2,False,tuning
S1-917564278,India,5,False,tuning
S1-917597193,US,7,False,evaluation
S1-917656210,US,3,False,evaluation
S1-917666037,US,4,False,tuning
S1-917690228,India,2,False,evaluation
S1-917721246,US,3,False,evaluation
S1-917791903,India,5,False,evaluation
S1-917862330,US,0,True,evaluation
S1-917881795,US,5,False,evaluation
S1-917937917,India,5,False,tuning
S1-917944050,India,0,True,tuning
S1-91798227,US,4,False,evaluation
S1-918024156,US,5,False,evaluation
S1-918025223,India,0,True,evaluation
S1-918062090,India,3,False,tuning
S1-91814687,India,4,False,evaluation
S1-918155840,US,3,False,evaluation
S1-918263736,US,7,False,tuning
S1-918291535,US,7,False,evaluation
S1-918352501,India,8,False,evaluation
S1-918432700,US,2,False,tuning
S1-918463608,US,3,False,evaluation
S1-918499016,India,2,False,evaluation
S1-91857208,India,4,False,evaluation
S1-918647743,India,4,False,evaluation
S1-918711428,US,4,False,tuning
S1-918728752,US,2,False,tuning
S1-918775260,US,5,False,evaluation
S1-918843531,India,1,False,tuning
S1-91886626,US,2,False,tuning
S1-918884601,US,2,False,tuning
S1-918896233,India,4,False,tuning
S1-918921824,US,3,False,evaluation
S1-918971721,India,3,False,evaluation
S1-918996859,India,5,False,tuning
S1-919070101,US,3,False,evaluation
S1-919101832,India,2,False,tuning
S1-919198185,US,5,False,tuning
S1-919258722,India,3,False,evaluation
S1-919284772,US,3,False,evaluation
S1-919309123,India,2,False,evaluation
S1-919447882,US,2,False,evaluation
S1-919527049,India,3,False,tuning
S1-919551787,US,3,False,evaluation
S1-919562277,US,3,False,evaluation
S1-919634375,India,3,False,evaluation
S1-919645760,US,5,False,evaluation
S1-919660109,India,3,False,evaluation
S1-919676864,US,6,False,evaluation
S1-919740289,US,1,False,evaluation
S1-919778016,India,0,True,tuning
S1-919793126,US,2,False,evaluation
S1-919889040,India,2,False,evaluation
S1-919917722,US,2,False,tuning
S1-919941467,US,3,False,evaluation
S1-919972585,India,7,False,evaluation
S1-92009013,US,2,False,evaluation
S1-920132048,India,5,False,tuning
S1-920135148,US,0,True,tuning
S1-920193850,India,2,False,evaluation
S1-920237984,India,4,False,tuning
S1-920278106,US,3,False,evaluation
S1-920283173,India,4,False,evaluation
S1-920294451,US,3,False,evaluation
S1-920312712,US,5,False,evaluation
S1-920341118,US,4,False,evaluation
S1-920377606,US,6,False,tuning
S1-920406397,India,1,False,tuning
S1-920509896,US,3,False,evaluation
S1-92052314,US,5,False,tuning
S1-920549074,India,2,False,evaluation
S1-920553405,India,2,False,evaluation
S1-920623,US,4,False,tuning
S1-920642573,US,3,False,evaluation
S1-920709142,US,3,False,tuning
S1-920764320,India,4,False,evaluation
S1-920800256,India,3,False,evaluation
S1-920810057,India,0,True,tuning
S1-920872433,India,3,False,evaluation
S1-920979905,US,3,False,tuning
S1-921017054,India,5,False,tuning
S1-921027487,US,3,False,tuning
S1-921034869,US,3,False,tuning
S1-921043288,US,4,False,evaluation
S1-921064496,US,3,False,evaluation
S1-921101440,India,4,False,evaluation
S1-921137096,US,5,False,evaluation
S1-92152041,US,3,False,evaluation
S1-921580297,India,5,False,tuning
S1-921599914,US,2,False,evaluation
S1-921618091,India,3,False,evaluation
S1-921620160,US,5,False,evaluation
S1-921626890,India,2,False,evaluation
S1-921635340,US,6,False,evaluation
S1-921666748,India,2,False,evaluation
S1-921698341,US,4,False,tuning
S1-921700587,US,2,False,evaluation
S1-921707332,India,0,True,tuning
S1-921726114,India,4,False,evaluation
S1-921800895,US,4,False,evaluation
S1-921811598,US,0,True,evaluation
S1-921811972,US,2,False,tuning
S1-921937838,US,6,False,evaluation
S1-921978830,US,4,False,tuning
S1-921987273,India,5,False,evaluation
S1-92199730,US,4,False,evaluation
S1-922046198,US,9,False,tuning
S1-922054203,India,3,False,evaluation
S1-922153039,US,4,False,evaluation
S1-92216268,India,3,False,evaluation
S1-922219913,US,4,False,tuning
S1-922276977,US,4,False,evaluation
S1-922309947,US,4,False,tuning
S1-922333642,India,5,False,tuning
S1-922440232,US,4,False,tuning
S1-922443896,India,4,False,tuning
S1-92246343,India,5,False,evaluation
S1-922515815,India,4,False,evaluation
S1-922522658,India,4,False,evaluation
S1-92261027,US,6,False,tuning
S1-922617417,US,3,False,tuning
S1-922629530,US,5,False,tuning
S1-92272051,India,4,False,evaluation
S1-922733679,India,4,False,tuning
S1-922790325,India,6,False,tuning
S1-922810674,India,2,False,tuning
S1-922976164,India,2,False,evaluation
S1-9229924,US,2,False,tuning
S1-923012853,India,0,True,tuning
S1-923025447,US,6,False,evaluation
S1-923054412,US,4,False,evaluation
S1-923103524,US,4,False,tuning
S1-923134488,US,1,False,tuning
S1-923141586,US,8,False,tuning
S1-923157383,US,2,False,evaluation
S1-923172370,US,0,True,evaluation
S1-923196044,US,6,False,evaluation
S1-923239427,India,3,False,evaluation
S1-923252498,US,3,False,evaluation
S1-923283134,India,6,False,tuning
S1-923292062,US,6,False,evaluation
S1-923310884,US,3,False,evaluation
S1-923323847,India,6,False,tuning
S1-923381912,US,3,False,tuning
S1-923393576,US,6,False,evaluation
S1-923427954,US,4,False,evaluation
S1-923428624,India,3,False,tuning
S1-923479933,India,2,False,tuning
S1-923547769,India,4,False,evaluation
S1-923559028,US,4,False,evaluation
S1-923658930,India,7,False,evaluation
S1-923677557,US,4,False,tuning
S1-923691882,US,7,False,tuning
S1-923711581,US,4,False,evaluation
S1-923720466,India,2,False,evaluation
S1-923766668,India,0,True,tuning
S1-923886414,US,2,False,evaluation
S1-923899041,US,4,False,evaluation
S1-923913766,US,3,False,tuning
S1-923931345,US,3,False,evaluation
S1-923992747,India,7,False,evaluation
S1-924033976,US,6,False,tuning
S1-924136444,India,5,False,tuning
S1-924141270,India,3,False,evaluation
S1-92415081,India,0,True,tuning
S1-924191078,India,6,False,evaluation
S1-924261647,US,4,False,evaluation
S1-924281080,India,4,False,evaluation
S1-924374526,US,4,False,evaluation
S1-924404794,US,3,False,evaluation
S1-924414771,US,0,True,tuning
S1-924431369,India,2,False,evaluation
S1-924515037,US,5,False,tuning
S1-924529839,US,0,True,tuning
S1-92454817,US,2,False,evaluation
S1-92462553,US,4,False,tuning
S1-924678356,US,0,True,evaluation
S1-92482405,India,4,False,evaluation
S1-924860009,India,2,False,tuning
S1-9248747,US,4,False,tuning
S1-92498538,US,4,False,tuning
S1-925130459,India,3,False,evaluation
S1-92517646,India,3,False,tuning
S1-925215321,US,4,False,evaluation
S1-925339764,US,2,False,evaluation
S1-925373810,US,3,False,tuning
S1-925377202,India,1,False,tuning
S1-925429445,India,4,False,evaluation
S1-925451131,US,2,False,evaluation
S1-925514316,India,2,False,evaluation
S1-925577931,US,3,False,evaluation
S1-925604960,US,6,False,tuning
S1-92563460,India,1,False,tuning
S1-925850132,India,3,False,evaluation
S1-925883794,India,3,False,tuning
S1-925940502,US,2,False,evaluation
S1-925992488,India,1,False,evaluation
S1-926035156,India,2,False,evaluation
S1-926042360,India,3,False,tuning
S1-926060399,India,3,False,tuning
S1-926091305,US,5,False,evaluation
S1-926120928,US,4,False,evaluation
S1-926179858,India,2,False,evaluation
S1-926248978,US,3,False,evaluation
S1-926298939,US,5,False,evaluation
S1-926319610,India,4,False,tuning
S1-926367882,India,3,False,evaluation
S1-926556189,US,2,False,tuning
S1-926598353,India,2,False,evaluation
S1-926622721,US,4,False,evaluation
S1-92663124,US,0,True,evaluation
S1-926653095,India,4,False,evaluation
S1-92665343,US,3,False,tuning
S1-926670677,US,3,False,evaluation
S1-926749327,India,3,False,evaluation
S1-926776449,India,3,False,evaluation
S1-926795548,US,2,False,tuning
S1-926799813,India,1,False,evaluation
S1-926824737,India,4,False,tuning
S1-926853735,India,1,False,evaluation
S1-926867517,US,3,False,tuning
S1-926878069,India,3,False,tuning
S1-926890117,India,0,True,tuning
S1-926891567,India,3,False,tuning
S1-926966798,US,6,False,evaluation
S1-926967353,US,1,False,tuning
S1-927037518,US,4,False,tuning
S1-927051252,US,3,False,evaluation
S1-927062478,US,2,False,evaluation
S1-927192267,US,3,False,evaluation
S1-927196959,US,3,False,evaluation
S1-927279393,US,3,False,tuning
S1-92730224,India,1,False,evaluation
S1-927465777,US,4,False,tuning
S1-92749827,India,1,False,evaluation
S1-927504155,India,3,False,tuning
S1-927510671,India,3,False,tuning
S1-927521646,US,4,False,evaluation
S1-927541968,India,5,False,evaluation
S1-927567481,India,6,False,evaluation
S1-927646690,US,1,False,evaluation
S1-927700821,US,3,False,evaluation
S1-927704418,US,2,False,evaluation
S1-927734019,US,4,False,evaluation
S1-92792355,US,3,False,evaluation
S1-92802571,US,3,False,evaluation
S1-928063137,US,2,False,evaluation
S1-928102126,US,2,False,evaluation
S1-928108235,US,3,False,tuning
S1-92817007,India,3,False,evaluation
S1-928283909,India,2,False,tuning
S1-928290664,US,2,False,evaluation
S1-928317053,US,4,False,evaluation
S1-928323342,India,3,False,tuning
S1-928380794,India,4,False,tuning
S1-928415236,US,5,False,tuning
S1-928431262,India,7,False,evaluation
S1-928460776,US,6,False,evaluation
S1-928470162,India,3,False,tuning
S1-92848544,India,5,False,tuning
S1-928499983,US,2,False,tuning
S1-928576296,US,5,False,tuning
S1-928616575,India,4,False,evaluation
S1-928618470,US,6,False,evaluation
S1-928666645,US,4,False,tuning
S1-928671848,US,0,True,evaluation
S1-928674769,US,2,False,tuning
S1-928714732,US,4,False,tuning
S1-928737074,India,1,False,evaluation
S1-928875276,US,4,False,evaluation
S1-928898899,US,5,False,evaluation
S1-928904138,US,4,False,tuning
S1-9289159,India,5,False,evaluation
S1-928924951,US,4,False,tuning
S1-928950940,US,5,False,tuning
S1-929003892,US,5,False,tuning
S1-929024318,India,4,False,evaluation
S1-929091019,US,7,False,evaluation
S1-929138920,US,5,False,evaluation
S1-929320184,US,3,False,tuning
S1-92936801,US,2,False,tuning
S1-929416782,US,3,False,evaluation
S1-929424187,India,3,False,evaluation
S1-929457192,India,3,False,evaluation
S1-929559772,India,2,False,tuning
S1-929610099,US,3,False,evaluation
S1-929614830,India,4,False,tuning
S1-929657576,US,2,False,evaluation
S1-929709760,India,2,False,evaluation
S1-929842045,US,2,False,evaluation
S1-929844899,US,2,False,evaluation
S1-929935859,US,0,True,tuning
S1-930000938,US,4,False,tuning
S1-930003445,US,6,False,evaluation
S1-930123670,India,4,False,tuning
S1-93013636,US,3,False,evaluation
S1-93031791,India,4,False,tuning
S1-930327331,India,5,False,evaluation
S1-930341251,India,4,False,tuning
S1-930424692,India,5,False,tuning
S1-930463230,India,5,False,evaluation
S1-93053761,US,4,False,evaluation
S1-930557374,India,3,False,evaluation
S1-930560948,India,5,False,evaluation
S1-930631183,US,4,False,evaluation
S1-930639238,India,4,False,evaluation
S1-930654796,India,5,False,evaluation
S1-930671647,US,6,False,evaluation
S1-930692398,US,6,False,evaluation
S1-930722424,India,3,False,tuning
S1-930744842,India,5,False,tuning
S1-930752207,US,4,False,tuning
S1-930765961,US,4,False,evaluation
S1-930836636,US,2,False,tuning
S1-930841837,India,0,True,evaluation
S1-930899027,US,5,False,evaluation
S1-930967781,India,4,False,evaluation
S1-930972321,US,5,False,evaluation
S1-93097547,India,3,False,tuning
S1-93100181,US,3,False,tuning
S1-931070007,US,3,False,evaluation
S1-931077478,US,2,False,evaluation
S1-931185267,India,4,False,evaluation
S1-931206625,US,4,False,evaluation
S1-931232739,India,2,False,evaluation
S1-931281500,US,4,False,tuning
S1-931302921,India,2,False,evaluation
S1-931303094,US,3,False,evaluation
S1-931320329,US,3,False,evaluation
S1-931359811,US,5,False,evaluation
S1-931416576,US,3,False,evaluation
S1-931437609,US,3,False,evaluation
S1-931561459,US,6,False,evaluation
S1-931588933,US,3,False,tuning
S1-931693933,India,5,False,evaluation
S1-931751024,US,4,False,evaluation
S1-931772239,US,6,False,tuning
S1-931812906,US,4,False,evaluation
S1-931875151,US,3,False,evaluation
S1-931884077,India,2,False,tuning
S1-931905057,US,2,False,tuning
S1-931917101,India,5,False,tuning
S1-931924422,India,2,False,evaluation
S1-931969941,US,1,False,evaluation
S1-932012334,US,4,False,tuning
S1-932016663,India,4,False,tuning
S1-932081654,India,4,False,tuning
S1-932126610,US,2,False,evaluation
S1-932228124,US,0,True,tuning
S1-932242455,US,5,False,evaluation
S1-932371648,US,7,False,evaluation
S1-932401411,US,3,False,evaluation
S1-932431670,India,4,False,evaluation
S1-932557208,India,4,False,evaluation
S1-932575153,US,1,False,evaluation
S1-932637009,US,7,False,evaluation
S1-932664813,US,5,False,evaluation
S1-932698229,India,2,False,evaluation
S1-932721916,India,6,False,tuning
S1-932736191,India,2,False,evaluation
S1-932760828,US,3,False,tuning
S1-932763767,India,2,False,evaluation
S1-932863304,India,4,False,evaluation
S1-932916926,India,5,False,evaluation
S1-932931146,India,3,False,tuning
S1-932931326,US,2,False,evaluation
S1-932986052,US,5,False,tuning
S1-933004961,US,3,False,tuning
S1-933095985,India,3,False,evaluation
S1-933170735,India,3,False,tuning
S1-933274432,US,0,True,tuning
S1-933418918,India,0,True,evaluation
S1-933444059,India,3,False,tuning
S1-933554078,US,4,False,evaluation
S1-9336562,US,5,False,tuning
S1-933704699,US,2,False,evaluation
S1-933725467,US,0,True,evaluation
S1-933773180,US,4,False,evaluation
S1-933788393,India,6,False,tuning
S1-933801442,India,5,False,evaluation
S1-933833113,India,2,False,tuning
S1-933834446,India,4,False,tuning
S1-933859690,US,3,False,evaluation
S1-933907524,US,3,False,evaluation
S1-934220498,US,8,False,tuning
S1-934262536,US,0,True,tuning
S1-934394685,US,3,False,tuning
S1-934406323,US,4,False,evaluation
S1-934546679,US,2,False,tuning
S1-934629406,India,6,False,evaluation
S1-934774323,US,3,False,evaluation
S1-934781843,US,6,False,evaluation
S1-934834273,US,5,False,evaluation
S1-934962659,US,2,False,tuning
S1-934966835,US,0,True,evaluation
S1-934968490,India,3,False,evaluation
S1-93504942,US,2,False,evaluation
S1-935087496,US,4,False,evaluation
S1-935113935,US,4,False,evaluation
S1-935139094,US,7,False,evaluation
S1-93520550,US,3,False,tuning
S1-935216124,India,6,False,evaluation
S1-935232640,India,3,False,tuning
S1-93524714,US,3,False,evaluation
S1-935290279,India,2,False,tuning
S1-935300060,US,3,False,evaluation
S1-935318743,US,2,False,tuning
S1-935363185,US,1,False,evaluation
S1-93538690,US,2,False,evaluation
S1-935528502,US,4,False,evaluation
S1-935580151,India,4,False,evaluation
S1-935620636,India,4,False,evaluation
S1-935643536,US,2,False,evaluation
S1-935680107,India,0,True,tuning
S1-935791766,US,2,False,evaluation
S1-935891417,US,6,False,tuning
S1-935922788,India,3,False,evaluation
S1-935983557,US,3,False,evaluation
S1-935986262,US,2,False,evaluation
S1-93598988,US,6,False,tuning
S1-936007192,US,5,False,evaluation
S1-936079592,US,3,False,tuning
S1-936084788,US,2,False,tuning
S1-936118088,US,2,False,evaluation
S1-936158945,US,4,False,evaluation
S1-936445428,US,5,False,evaluation
S1-936457331,India,0,True,evaluation
S1-936476958,US,3,False,evaluation
S1-936492132,India,2,False,evaluation
S1-936553310,US,3,False,evaluation
S1-936628655,US,4,False,evaluation
S1-93663794,US,3,False,evaluation
S1-936696750,US,1,False,tuning
S1-936720056,US,1,False,tuning
S1-936772353,US,0,True,tuning
S1-936819509,India,2,False,tuning
S1-936889736,India,4,False,evaluation
S1-936908230,India,3,False,tuning
S1-936980950,US,5,False,tuning
S1-936995563,US,0,True,evaluation
S1-936995619,India,4,False,evaluation
S1-937018924,US,3,False,tuning
S1-937095312,US,4,False,tuning
S1-937147271,US,2,False,evaluation
S1-937158945,US,5,False,tuning
S1-937252144,US,5,False,evaluation
S1-937283756,US,2,False,evaluation
S1-937284507,US,3,False,evaluation
S1-937352286,India,3,False,tuning
S1-937355747,India,1,False,tuning
S1-937389410,US,4,False,evaluation
S1-937416502,India,4,False,evaluation
S1-937431887,US,5,False,evaluation
S1-937471695,US,4,False,evaluation
S1-937472824,US,7,False,tuning
S1-937530630,India,2,False,tuning
S1-937664558,US,5,False,tuning
S1-937700967,India,3,False,tuning
S1-937752080,US,2,False,evaluation
S1-937854810,US,3,False,evaluation
S1-937890624,US,4,False,evaluation
S1-938021549,India,3,False,evaluation
S1-938025526,US,0,True,evaluation
S1-938157230,US,4,False,evaluation
S1-938184436,US,4,False,evaluation
S1-938211304,US,5,False,evaluation
S1-938376626,India,3,False,tuning
S1-938383289,India,2,False,evaluation
S1-938486546,US,4,False,evaluation
S1-938556513,India,3,False,tuning
S1-938561899,India,0,True,evaluation
S1-938588705,US,3,False,evaluation
S1-93859588,US,4,False,evaluation
S1-938627249,US,6,False,evaluation
S1-938648408,India,4,False,evaluation
S1-938721852,India,1,False,evaluation
S1-938783965,India,3,False,tuning
S1-938862074,India,2,False,evaluation
S1-938925959,US,3,False,tuning
S1-938949199,US,6,False,evaluation
S1-938990936,US,4,False,tuning
S1-939012423,US,3,False,evaluation
S1-93902101,US,5,False,evaluation
S1-939078389,US,5,False,evaluation
S1-939096265,India,0,True,evaluation
S1-939107867,India,4,False,tuning
S1-939186499,US,3,False,evaluation
S1-939189056,US,4,False,tuning
S1-939262248,India,4,False,evaluation
S1-939345318,US,1,False,evaluation
S1-939432771,US,4,False,evaluation
S1-939445729,US,3,False,tuning
S1-939458829,India,3,False,evaluation
S1-939488684,US,2,False,tuning
S1-939503057,India,3,False,evaluation
S1-939897623,US,4,False,evaluation
S1-93991067,India,5,False,tuning
S1-939973513,India,4,False,evaluation
S1-939978958,US,5,False,tuning
S1-940056420,India,4,False,evaluation
S1-940083610,US,3,False,evaluation
S1-940091440,US,5,False,tuning
S1-940126338,US,2,False,tuning
S1-940126671,India,3,False,tuning
S1-940225769,US,6,False,evaluation
S1-940227250,India,7,False,tuning
S1-94023809,India,2,False,evaluation
S1-94024185,India,5,False,tuning
S1-940444786,India,4,False,evaluation
S1-940452059,India,6,False,evaluation
S1-940498880,US,8,False,evaluation
S1-940513827,US,0,True,evaluation
S1-94053825,India,3,False,evaluation
S1-94056942,US,2,False,evaluation
S1-940675638,US,4,False,tuning
S1-940676499,India,4,False,evaluation
S1-940763946,India,5,False,tuning
S1-940816771,US,4,False,evaluation
S1-940841842,US,2,False,evaluation
S1-940849924,US,3,False,evaluation
S1-940908016,US,2,False,evaluation
S1-940913811,US,2,False,tuning
S1-940968821,US,7,False,evaluation
S1-941012573,US,4,False,evaluation
S1-941055102,India,8,False,tuning
S1-941061065,India,2,False,evaluation
S1-941090827,India,3,False,evaluation
S1-941090925,India,1,False,evaluation
S1-941101797,US,0,True,evaluation
S1-941122212,India,4,False,evaluation
S1-941151849,India,0,True,tuning
S1-941190349,India,3,False,evaluation
S1-941221445,US,5,False,evaluation
S1-941228533,US,4,False,evaluation
S1-941234837,India,1,False,tuning
S1-941259582,US,4,False,evaluation
S1-941295334,US,2,False,tuning
S1-941310749,US,7,False,evaluation
S1-941336565,US,5,False,evaluation
S1-941364899,US,4,False,evaluation
S1-94142593,US,1,False,evaluation
S1-941442245,India,3,False,tuning
S1-941442313,India,5,False,evaluation
S1-941467091,India,3,False,tuning
S1-94149133,US,4,False,evaluation
S1-941653601,US,4,False,evaluation
S1-941725717,India,3,False,tuning
S1-941790367,US,3,False,evaluation
S1-941822742,India,6,False,evaluation
S1-941909126,India,2,False,tuning
S1-941921544,US,3,False,evaluation
S1-941943483,US,6,False,tuning
S1-942017785,India,5,False,tuning
S1-942097972,India,4,False,tuning
S1-942099694,US,3,False,evaluation
S1-942152780,US,4,False,evaluation
S1-942167114,India,4,False,evaluation
S1-942168808,US,3,False,evaluation
S1-942202151,India,3,False,tuning
S1-942238844,US,2,False,evaluation
S1-942376087,India,7,False,evaluation
S1-942426515,US,3,False,evaluation
S1-942427749,US,3,False,evaluation
S1-942498137,India,1,False,evaluation
S1-942570116,US,8,False,evaluation
S1-942591727,US,5,False,tuning
S1-942612437,India,0,True,tuning
S1-94265346,US,2,False,evaluation
S1-942754076,India,2,False,evaluation
S1-942758589,US,5,False,evaluation
S1-942779474,India,4,False,evaluation
S1-942782929,India,2,False,evaluation
S1-942787068,US,3,False,tuning
S1-942803850,India,2,False,evaluation
S1-942809671,India,5,False,tuning
S1-942811873,India,4,False,tuning
S1-942825028,US,2,False,evaluation
S1-942833316,US,3,False,tuning
S1-942981025,US,3,False,tuning
S1-943036342,US,2,False,tuning
S1-943107495,US,5,False,tuning
S1-943187307,US,4,False,tuning
S1-943225100,US,1,False,tuning
S1-943264897,US,3,False,evaluation
S1-943268201,US,4,False,evaluation
S1-943388552,India,3,False,tuning
S1-943432389,India,3,False,evaluation
S1-943522849,India,3,False,evaluation
S1-9435377,US,4,False,evaluation
S1-943569809,India,3,False,evaluation
S1-943670262,US,1,False,evaluation
S1-943733576,India,5,False,evaluation
S1-943789777,India,3,False,evaluation
S1-943860305,US,2,False,tuning
S1-943862704,US,2,False,evaluation
S1-94387318,India,4,False,evaluation
S1-943931433,US,3,False,tuning
S1-943952612,India,4,False,tuning
S1-943955484,US,3,False,evaluation
S1-944048359,India,6,False,evaluation
S1-944052080,India,0,True,evaluation
S1-944130304,India,2,False,tuning
S1-944201642,India,2,False,tuning
S1-944227965,India,2,False,tuning
S1-944237612,India,2,False,evaluation
S1-944241603,India,2,False,tuning
S1-944262355,US,4,False,tuning
S1-94442407,US,4,False,evaluation
S1-944435407,US,6,False,evaluation
S1-944458772,India,5,False,evaluation
S1-944519860,US,7,False,evaluation
S1-944544746,US,1,False,tuning
S1-944561367,India,3,False,evaluation
S1-944601392,US,4,False,evaluation
S1-944606175,US,3,False,tuning
S1-944608247,US,4,False,tuning
S1-94462428,US,3,False,evaluation
S1-944744784,India,3,False,evaluation
S1-944760835,India,4,False,evaluation
S1-944794007,India,2,False,evaluation
S1-944862429,India,3,False,tuning
S1-944896329,India,6,False,tuning
S1-94491228,India,3,False,tuning
S1-944929828,India,3,False,evaluation
S1-944935841,India,2,False,evaluation
S1-945037017,US,2,False,evaluation
S1-945037231,US,5,False,evaluation
S1-945063371,India,1,False,evaluation
S1-945121269,US,5,False,tuning
S1-945183028,India,1,False,evaluation
S1-945229606,US,3,False,tuning
S1-945235959,India,3,False,tuning
S1-945267654,US,2,False,tuning
S1-945285379,US,2,False,tuning
S1-945341626,US,3,False,evaluation
S1-945383844,US,3,False,evaluation
S1-945498259,India,2,False,evaluation
S1-94557136,US,2,False,evaluation
S1-945605177,US,3,False,tuning
S1-945643570,US,3,False,evaluation
S1-945685542,US,3,False,evaluation
S1-94571156,India,2,False,evaluation
S1-945761456,US,2,False,evaluation
S1-945763323,US,2,False,evaluation
S1-94599318,US,4,False,evaluation
S1-946024496,US,3,False,tuning
S1-946056216,India,2,False,evaluation
S1-946302151,US,4,False,evaluation
S1-946403593,US,4,False,evaluation
S1-946448693,US,3,False,evaluation
S1-946451341,US,4,False,evaluation
S1-946500231,US,3,False,tuning
S1-946544539,US,3,False,tuning
S1-946550190,India,2,False,tuning
S1-946586045,US,4,False,tuning
S1-946641787,India,2,False,evaluation
S1-946705359,US,2,False,tuning
S1-946706052,India,5,False,evaluation
S1-946813934,India,5,False,tuning
S1-946827045,India,6,False,tuning
S1-94684272,US,4,False,tuning
S1-946973626,India,2,False,tuning
S1-947004008,US,3,False,evaluation
S1-947030774,US,2,False,evaluation
S1-947065927,India,5,False,tuning
S1-947176609,India,0,True,evaluation
S1-947201957,US,2,False,tuning
S1-947230469,India,2,False,evaluation
S1-947231908,US,3,False,tuning
S1-947237122,India,2,False,evaluation
S1-947299806,US,4,False,tuning
S1-947308075,US,2,False,evaluation
S1-94732573,US,3,False,evaluation
S1-947355466,US,2,False,tuning
S1-947380248,US,1,False,evaluation
S1-947386748,US,3,False,tuning
S1-947498189,US,3,False,tuning
S1-947547908,India,4,False,evaluation
S1-94759683,US,6,False,evaluation
S1-947614633,US,0,True,tuning
S1-947814102,US,3,False,tuning
S1-947934450,US,8,False,evaluation
S1-947958829,India,3,False,evaluation
S1-948028094,India,3,False,evaluation
S1-94812783,US,5,False,evaluation
S1-948190963,US,5,False,tuning
S1-948232888,US,7,False,evaluation
S1-948249761,India,3,False,tuning
S1-948259039,US,5,False,tuning
S1-948263892,India,6,False,evaluation
S1-948361992,India,7,False,evaluation
S1-948393687,US,6,False,evaluation
S1-948466665,India,7,False,evaluation
S1-948469442,US,3,False,tuning
S1-948471137,US,3,False,evaluation
S1-948476368,India,5,False,tuning
S1-948494177,US,3,False,tuning
S1-948535952,India,7,False,tuning
S1-948543119,US,2,False,evaluation
S1-948556352,US,0,True,evaluation
S1-948583825,US,3,False,tuning
S1-948611853,US,0,True,evaluation
S1-948651130,US,5,False,evaluation
S1-948655210,US,3,False,evaluation
S1-948662133,India,5,False,tuning
S1-948679064,India,4,False,evaluation
S1-948776402,US,3,False,tuning
S1-948776688,India,3,False,evaluation
S1-948795570,US,4,False,evaluation
S1-948829251,US,4,False,tuning
S1-948927066,India,3,False,tuning
S1-948932140,US,6,False,evaluation
S1-948946256,India,5,False,evaluation
S1-948969572,India,2,False,tuning
S1-948985297,US,4,False,tuning
S1-948990300,India,4,False,evaluation
S1-949007210,US,1,False,tuning
S1-949008163,India,3,False,tuning
S1-949019065,US,3,False,evaluation
S1-949049374,US,0,True,tuning
S1-949056471,US,4,False,tuning
S1-949123696,US,3,False,evaluation
S1-949148568,India,4,False,evaluation
S1-949164337,India,2,False,tuning
S1-949247824,India,4,False,tuning
S1-949281154,US,5,False,tuning
S1-949302834,India,4,False,tuning
S1-949314020,US,4,False,tuning
S1-949318895,US,5,False,evaluation
S1-949411098,US,4,False,evaluation
S1-949428795,India,4,False,evaluation
S1-94944755,US,3,False,tuning
S1-949463378,US,4,False,evaluation
S1-949493743,US,5,False,evaluation
S1-949505141,US,2,False,tuning
S1-949508600,US,4,False,evaluation
S1-949555568,US,2,False,evaluation
S1-949648343,India,5,False,evaluation
S1-949663673,US,8,False,evaluation
S1-949723166,India,3,False,tuning
S1-949743443,US,5,False,evaluation
S1-949763104,US,5,False,evaluation
S1-949790630,US,0,True,evaluation
S1-949811835,India,1,False,evaluation
S1-949847996,US,2,False,evaluation
S1-949888143,India,0,True,tuning
S1-949897171,US,0,True,tuning
S1-949934233,India,4,False,tuning
S1-949944693,US,4,False,evaluation
S1-949951847,India,4,False,tuning
S1-950004574,India,4,False,evaluation
S1-950047153,US,2,False,tuning
S1-950115619,US,4,False,evaluation
S1-950340793,US,6,False,tuning
S1-950582039,India,2,False,evaluation
S1-950583917,India,2,False,tuning
S1-950705130,US,4,False,evaluation
S1-950725016,India,0,True,evaluation
S1-950726521,India,4,False,tuning
S1-950735434,India,1,False,evaluation
S1-950739691,India,5,False,evaluation
S1-950766040,India,4,False,evaluation
S1-95085078,India,4,False,tuning
S1-9508928,India,3,False,tuning
S1-950927573,India,3,False,tuning
S1-950931315,US,4,False,evaluation
S1-951104254,US,4,False,evaluation
S1-951126772,India,6,False,tuning
S1-95115645,India,2,False,tuning
S1-951160014,US,3,False,evaluation
S1-951164697,US,2,False,evaluation
S1-951235295,India,3,False,evaluation
S1-951235723,India,6,False,tuning
S1-951243747,US,4,False,evaluation
S1-951265036,US,3,False,evaluation
S1-951300213,US,6,False,evaluation
S1-951362735,US,2,False,evaluation
S1-951408178,US,2,False,evaluation
S1-951410198,India,6,False,evaluation
S1-951411842,US,5,False,tuning
S1-951432131,US,2,False,evaluation
S1-951502694,India,4,False,evaluation
S1-951614923,US,0,True,evaluation
S1-951713597,India,1,False,tuning
S1-951756841,India,6,False,evaluation
S1-951800809,US,5,False,evaluation
S1-951801638,India,0,True,tuning
S1-951864974,US,4,False,evaluation
S1-951887369,India,1,False,tuning
S1-95193796,India,2,False,evaluation
S1-951938698,India,3,False,evaluation
S1-952017496,US,4,False,evaluation
S1-952022588,India,1,False,evaluation
S1-95203142,US,3,False,evaluation
S1-952074155,India,5,False,tuning
S1-952093945,India,3,False,evaluation
S1-95210188,US,3,False,tuning
S1-952116779,India,4,False,evaluation
S1-952134132,India,7,False,evaluation
S1-952184456,US,3,False,evaluation
S1-952286888,US,4,False,tuning
S1-952384507,India,4,False,evaluation
S1-952404887,US,3,False,evaluation
S1-952510998,US,3,False,evaluation
S1-952552126,India,5,False,evaluation
S1-952608660,US,4,False,evaluation
S1-952630011,India,5,False,tuning
S1-952653978,US,3,False,evaluation
S1-952734489,US,4,False,evaluation
S1-952813484,India,3,False,evaluation
S1-952888052,US,0,True,evaluation
S1-952917712,India,7,False,tuning
S1-953111403,US,5,False,evaluation
S1-953119901,India,2,False,evaluation
S1-953126238,India,4,False,tuning
S1-95314416,US,2,False,tuning
S1-953166911,US,3,False,evaluation
S1-953183135,India,5,False,tuning
S1-953199547,US,2,False,tuning
S1-95323736,India,3,False,tuning
S1-953287717,India,5,False,tuning
S1-953328543,India,0,True,evaluation
S1-953364967,US,3,False,evaluation
S1-953426305,India,4,False,evaluation
S1-953472178,India,6,False,tuning
S1-953498852,US,5,False,evaluation
S1-953529266,US,1,False,evaluation
S1-953535957,US,4,False,tuning
S1-953549737,US,2,False,tuning
S1-953577185,India,3,False,evaluation
S1-953596346,US,3,False,evaluation
S1-953719667,US,2,False,evaluation
S1-953724225,India,4,False,tuning
S1-953761748,US,1,False,evaluation
S1-953813356,India,0,True,tuning
S1-953862836,India,3,False,tuning
S1-953869820,US,3,False,evaluation
S1-953953776,India,6,False,evaluation
S1-953962451,India,0,True,evaluation
S1-953974385,US,0,True,tuning
S1-953987457,US,4,False,tuning
S1-954012992,US,3,False,evaluation
S1-954025678,US,3,False,tuning
S1-954044314,US,0,True,tuning
S1-954049233,US,5,False,evaluation
S1-954207056,India,0,True,tuning
S1-95420710,US,6,False,evaluation
S1-954264598,US,5,False,evaluation
S1-954281324,US,5,False,tuning
S1-954303196,US,4,False,tuning
S1-954327106,India,4,False,tuning
S1-954389039,India,2,False,tuning
S1-954460335,US,4,False,evaluation
S1-9544753,US,0,True,evaluation
S1-954487315,India,0,True,tuning
S1-954562808,US,3,False,evaluation
S1-954563992,US,1,False,tuning
S1-95468388,US,5,False,tuning
S1-95468790,US,3,False,evaluation
S1-95470136,US,3,False,tuning
S1-954754958,India,0,True,evaluation
S1-954815782,India,0,True,evaluation
S1-954817439,US,4,False,tuning
S1-954835784,US,2,False,evaluation
S1-955013282,India,7,False,tuning
S1-955045014,India,4,False,evaluation
S1-955132840,US,6,False,evaluation
S1-955175653,India,0,True,evaluation
S1-955186399,US,3,False,evaluation
S1-955187581,US,3,False,tuning
S1-955251860,India,6,False,evaluation
S1-955257500,India,5,False,tuning
S1-955269225,US,3,False,tuning
S1-95527228,US,3,False,tuning
S1-955287623,US,0,True,evaluation
S1-955300618,US,6,False,evaluation
S1-955344279,US,3,False,evaluation
S1-955347857,India,3,False,evaluation
S1-955373810,US,5,False,tuning
S1-955435461,US,3,False,evaluation
S1-955452571,US,2,False,tuning
S1-955583673,India,3,False,evaluation
S1-955591989,US,5,False,evaluation
S1-955592092,India,4,False,tuning
S1-955592880,US,5,False,tuning
S1-955654676,US,4,False,tuning
S1-955657826,US,5,False,evaluation
S1-955733618,India,3,False,evaluation
S1-955760511,US,5,False,evaluation
S1-955866846,India,4,False,evaluation
S1-956175033,US,4,False,evaluation
S1-956232894,US,5,False,evaluation
S1-956282931,US,2,False,evaluation
S1-956298524,US,0,True,tuning
S1-956317675,India,3,False,tuning
S1-956335789,US,4,False,evaluation
S1-956442779,US,5,False,tuning
S1-956496241,US,5,False,evaluation
S1-956547937,US,2,False,evaluation
S1-956641196,US,3,False,tuning
S1-956668952,US,6,False,evaluation
S1-956697886,India,2,False,tuning
S1-956775890,India,3,False,evaluation
S1-95682137,India,4,False,tuning
S1-956862105,US,8,False,evaluation
S1-956878061,India,4,False,evaluation
S1-956892919,US,6,False,evaluation
S1-956945180,India,3,False,evaluation
S1-95708605,US,2,False,evaluation
S1-957101176,US,6,False,tuning
S1-957128444,India,6,False,evaluation
S1-957165287,US,0,True,tuning
S1-957204225,US,0,True,tuning
S1-957280358,US,4,False,evaluation
S1-957327724,US,5,False,tuning
S1-957553431,US,3,False,evaluation
S1-957619346,India,2,False,evaluation
S1-957696703,India,2,False,evaluation
S1-957845654,India,3,False,tuning
S1-957880163,US,5,False,evaluation
S1-957936605,US,5,False,tuning
S1-957992919,US,2,False,evaluation
S1-957999061,India,5,False,evaluation
S1-958024665,US,0,True,evaluation
S1-958041611,US,3,False,evaluation
S1-958058296,US,5,False,tuning
S1-958069373,India,1,False,evaluation
S1-958070087,US,6,False,evaluation
S1-95812919,US,3,False,tuning
S1-958156131,US,3,False,evaluation
S1-958203471,India,3,False,tuning
S1-958232787,India,3,False,evaluation
S1-95832223,India,2,False,evaluation
S1-958334484,India,3,False,evaluation
S1-958371904,India,3,False,evaluation
S1-958400378,US,1,False,evaluation
S1-958422956,India,2,False,evaluation
S1-958572192,US,4,False,evaluation
S1-958586448,US,5,False,evaluation
S1-958587735,US,4,False,tuning
S1-958680245,US,4,False,evaluation
S1-958682608,India,3,False,tuning
S1-958745231,India,3,False,evaluation
S1-95879638,India,2,False,evaluation
S1-958902642,India,2,False,evaluation
S1-958907886,US,3,False,evaluation
S1-959017183,US,2,False,evaluation
S1-959103419,US,2,False,tuning
S1-959107621,India,4,False,tuning
S1-959133863,US,4,False,evaluation
S1-959142386,US,5,False,tuning
S1-959201692,US,4,False,evaluation
S1-959204160,US,6,False,tuning
S1-959286256,US,2,False,tuning
S1-959349287,US,0,True,evaluation
S1-959392052,US,3,False,tuning
S1-959419323,US,4,False,tuning
S1-959428440,India,3,False,evaluation
S1-959452725,India,2,False,evaluation
S1-95948968,US,2,False,evaluation
S1-959554256,US,5,False,evaluation
S1-959561505,US,1,False,tuning
S1-959595429,India,5,False,tuning
S1-959633408,India,1,False,evaluation
S1-959677424,US,4,False,evaluation
S1-959682191,US,6,False,evaluation
S1-959711921,US,3,False,tuning
S1-959716555,India,3,False,evaluation
S1-959842770,US,5,False,evaluation
S1-959890049,India,4,False,evaluation
S1-959914723,US,3,False,evaluation
S1-960085878,US,4,False,evaluation
S1-960099957,US,5,False,tuning
S1-960111816,India,6,False,evaluation
S1-960125858,US,5,False,evaluation
S1-960162263,India,5,False,evaluation
S1-960162844,US,3,False,evaluation
S1-960178812,India,2,False,evaluation
S1-960202495,US,4,False,evaluation
S1-960214685,US,3,False,evaluation
S1-960284396,US,0,True,tuning
S1-9602848,US,4,False,evaluation
S1-960354469,US,4,False,evaluation
S1-960364220,US,2,False,tuning
S1-960368491,India,0,True,evaluation
S1-960371126,India,0,True,evaluation
S1-960376994,US,6,False,evaluation
S1-960466253,India,2,False,evaluation
S1-960571607,US,4,False,tuning
S1-960616886,US,4,False,evaluation
S1-960619753,India,2,False,evaluation
S1-960626797,US,5,False,evaluation
S1-960627753,US,4,False,tuning
S1-960638580,India,4,False,evaluation
S1-960726701,US,0,True,tuning
S1-960850982,US,3,False,tuning
S1-960943312,India,6,False,evaluation
S1-961039932,India,3,False,tuning
S1-961181662,India,2,False,tuning
S1-961200002,India,7,False,tuning
S1-961355166,US,4,False,evaluation
S1-961361110,India,6,False,tuning
S1-961391692,US,1,False,evaluation
S1-961401324,India,4,False,tuning
S1-961494949,US,3,False,tuning
S1-961495282,US,6,False,evaluation
S1-961521410,India,0,True,evaluation
S1-961521662,US,2,False,evaluation
S1-961548696,India,5,False,tuning
S1-961608864,US,6,False,tuning
S1-961712227,US,6,False,evaluation
S1-961832806,India,1,False,evaluation
S1-961941697,India,4,False,evaluation
S1-962023807,US,4,False,evaluation
S1-962052946,US,6,False,evaluation
S1-962196105,India,4,False,tuning
S1-962250536,US,2,False,evaluation
S1-962261258,US,2,False,evaluation
S1-962262186,US,7,False,tuning
S1-962276733,US,0,True,tuning
S1-962299283,India,5,False,tuning
S1-962305760,US,3,False,evaluation
S1-962408455,India,6,False,evaluation
S1-962425472,India,1,False,evaluation
S1-962463455,US,1,False,evaluation
S1-962463839,US,4,False,evaluation
S1-962484476,US,4,False,evaluation
S1-962534413,US,1,False,evaluation
S1-962615792,US,4,False,evaluation
S1-962766160,India,3,False,evaluation
S1-962838393,US,0,True,evaluation
S1-962874503,US,5,False,evaluation
S1-962944471,India,2,False,evaluation
S1-962967298,India,2,False,tuning
S1-963023461,US,3,False,evaluation
S1-963043518,US,0,True,tuning
S1-963106152,India,5,False,tuning
S1-963128153,India,3,False,evaluation
S1-963129207,India,1,False,tuning
S1-963140301,US,3,False,evaluation
S1-963204896,US,4,False,evaluation
S1-963251691,India,6,False,tuning
S1-963251861,US,7,False,tuning
S1-963266794,US,6,False,tuning
S1-963285718,US,6,False,tuning
S1-963301222,US,5,False,evaluation
S1-963389526,India,2,False,tuning
S1-963412350,India,2,False,tuning
S1-963414800,US,4,False,tuning
S1-963420076,India,4,False,evaluation
S1-963420262,India,4,False,evaluation
S1-96343862,US,4,False,tuning
S1-963448204,US,2,False,evaluation
S1-963458532,US,3,False,evaluation
S1-963483355,India,3,False,tuning
S1-963532369,US,3,False,tuning
S1-963571683,India,3,False,evaluation
S1-963573260,US,3,False,evaluation
S1-963649575,US,6,False,tuning
S1-96369622,US,4,False,evaluation
S1-963698862,US,3,False,evaluation
S1-96388816,US,4,False,evaluation
S1-963928087,US,3,False,tuning
S1-963997707,India,5,False,tuning
S1-964036218,US,3,False,tuning
S1-964118952,US,3,False,evaluation
S1-964163708,India,3,False,evaluation
S1-964166126,US,4,False,evaluation
S1-964263409,US,0,True,evaluation
S1-964304259,India,1,False,evaluation
S1-964338822,India,2,False,tuning
S1-964345537,India,2,False,tuning
S1-964484021,India,2,False,tuning
S1-964493457,US,2,False,tuning
S1-964542689,India,3,False,tuning
S1-964557822,India,3,False,evaluation
S1-964583098,India,1,False,tuning
S1-964600591,US,3,False,evaluation
S1-964678298,US,2,False,evaluation
S1-964772978,India,3,False,evaluation
S1-964813458,India,2,False,tuning
S1-964847696,US,4,False,evaluation
S1-964892896,India,2,False,evaluation
S1-96492749,US,2,False,tuning
S1-964982397,India,3,False,evaluation
S1-96502613,US,5,False,evaluation
S1-96504376,India,4,False,evaluation
S1-965121503,US,0,True,evaluation
S1-965147243,India,1,False,tuning
S1-965197659,US,2,False,tuning
S1-965231282,US,4,False,evaluation
S1-965376841,India,2,False,evaluation
S1-96547475,US,7,False,evaluation
S1-965516984,India,2,False,evaluation
S1-965597094,US,3,False,tuning
S1-965633729,India,2,False,evaluation
S1-965639699,US,2,False,evaluation
S1-96577758,US,4,False,evaluation
S1-96580034,India,3,False,evaluation
S1-965815896,US,4,False,evaluation
S1-965835887,India,3,False,evaluation
S1-965847829,US,6,False,evaluation
S1-965930206,India,5,False,evaluation
S1-965980953,US,6,False,evaluation
S1-96600532,India,3,False,evaluation
S1-966010762,US,0,True,evaluation
S1-966043351,US,4,False,evaluation
S1-966138509,India,1,False,tuning
S1-966203838,US,5,False,tuning
S1-966212906,India,3,False,evaluation
S1-966246029,US,7,False,evaluation
S1-966449576,US,5,False,tuning
S1-966470517,India,3,False,tuning
S1-966509976,US,4,False,evaluation
S1-966551142,India,4,False,evaluation
S1-966574866,US,3,False,tuning
S1-966596030,India,4,False,evaluation
S1-966602532,India,3,False,tuning
S1-966666391,India,3,False,tuning
S1-966728358,US,4,False,evaluation
S1-966729988,US,2,False,tuning
S1-966742860,US,5,False,tuning
S1-966769496,India,5,False,evaluation
S1-966791453,India,2,False,evaluation
S1-966802577,US,4,False,evaluation
S1-966807441,US,6,False,tuning
S1-966825315,US,2,False,evaluation
S1-966831231,US,3,False,tuning
S1-966899178,India,2,False,evaluation
S1-96692956,US,2,False,evaluation
S1-966940882,India,5,False,tuning
S1-966942641,US,4,False,evaluation
S1-966952357,US,4,False,evaluation
S1-967031589,India,4,False,tuning
S1-967035749,India,6,False,evaluation
S1-967062075,US,4,False,evaluation
S1-967082808,US,4,False,evaluation
S1-967083716,US,3,False,evaluation
S1-967115736,US,4,False,evaluation
S1-96713593,US,3,False,tuning
S1-96715212,US,5,False,evaluation
S1-967154708,US,3,False,tuning
S1-967178181,US,2,False,tuning
S1-967190018,US,3,False,evaluation
S1-967192934,US,5,False,tuning
S1-967208447,India,5,False,evaluation
S1-967264305,US,2,False,evaluation
S1-96735704,India,0,True,tuning
S1-967399237,US,6,False,tuning
S1-967434424,India,3,False,tuning
S1-967525668,India,3,False,tuning
S1-967561118,US,6,False,tuning
S1-967574851,US,3,False,tuning
S1-967576249,India,2,False,evaluation
S1-967594427,India,2,False,evaluation
S1-96768200,India,0,True,tuning
S1-967688473,US,1,False,evaluation
S1-967708797,US,3,False,tuning
S1-967717483,India,2,False,tuning
S1-96774869,US,3,False,evaluation
S1-967798105,India,4,False,evaluation
S1-967808436,US,4,False,tuning
S1-967810792,US,4,False,evaluation
S1-967811540,US,4,False,tuning
S1-967851017,US,4,False,evaluation
S1-967878618,India,3,False,tuning
S1-967888483,US,3,False,tuning
S1-967891063,India,5,False,tuning
S1-967920587,US,4,False,evaluation
S1-967963921,US,2,False,evaluation
S1-968010066,US,1,False,evaluation
S1-968038709,US,4,False,evaluation
S1-96806889,US,4,False,tuning
S1-968110377,India,4,False,tuning
S1-968305966,India,3,False,tuning
S1-968410997,India,6,False,evaluation
S1-968501172,US,6,False,tuning
S1-968595647,US,4,False,tuning
S1-968621910,India,5,False,evaluation
S1-968651267,US,6,False,tuning
S1-968681605,US,5,False,tuning
S1-968772685,US,2,False,evaluation
S1-968778352,US,5,False,evaluation
S1-96886326,India,4,False,tuning
S1-968887184,US,3,False,tuning
S1-968894979,US,2,False,evaluation
S1-968989625,India,6,False,evaluation
S1-969126167,India,6,False,evaluation
S1-969130292,US,3,False,tuning
S1-96916466,US,2,False,evaluation
S1-969181893,US,6,False,evaluation
S1-969302243,India,4,False,evaluation
S1-969344324,US,4,False,evaluation
S1-969407028,US,4,False,tuning
S1-969414558,US,2,False,evaluation
S1-969427771,US,5,False,evaluation
S1-969444998,US,6,False,evaluation
S1-969599444,US,4,False,tuning
S1-969609098,India,2,False,tuning
S1-969609535,India,6,False,evaluation
S1-969767976,US,2,False,tuning
S1-969837586,India,3,False,evaluation
S1-969883800,India,5,False,tuning
S1-969904061,India,3,False,tuning
S1-969983510,US,4,False,tuning
S1-969983779,India,4,False,evaluation
S1-970002879,US,6,False,evaluation
S1-97000932,US,4,False,tuning
S1-97002327,US,0,True,tuning
S1-970099189,US,5,False,tuning
S1-970146850,US,3,False,tuning
S1-970169358,US,6,False,evaluation
S1-970170914,India,3,False,evaluation
S1-970172383,US,6,False,evaluation
S1-970172470,India,4,False,evaluation
S1-970174868,US,5,False,evaluation
S1-970182718,US,5,False,tuning
S1-970213886,US,3,False,tuning
S1-970227736,US,6,False,tuning
S1-970342465,US,7,False,evaluation
S1-970442057,US,4,False,evaluation
S1-970543893,US,0,True,evaluation
S1-970546190,India,3,False,evaluation
S1-970581623,US,3,False,tuning
S1-970629008,US,6,False,evaluation
S1-970640966,India,3,False,evaluation
S1-970647322,US,1,False,tuning
S1-970656698,US,2,False,evaluation
S1-970672409,US,4,False,tuning
S1-970770413,US,2,False,tuning
S1-970822024,US,2,False,evaluation
S1-970828806,India,3,False,evaluation
S1-970869679,US,0,True,tuning
S1-970951699,US,0,True,tuning
S1-971055303,India,4,False,tuning
S1-971064460,India,5,False,tuning
S1-971205757,US,8,False,evaluation
S1-971246302,India,0,True,evaluation
S1-971269719,India,5,False,evaluation
S1-971357558,US,5,False,evaluation
S1-971442897,India,1,False,evaluation
S1-971470379,India,3,False,evaluation
S1-971734133,US,4,False,tuning
S1-971746416,US,4,False,evaluation
S1-971815845,US,1,False,tuning
S1-971837639,India,2,False,tuning
S1-971846598,India,4,False,evaluation
S1-971877009,US,2,False,evaluation
S1-971903293,India,6,False,evaluation
S1-972147999,US,3,False,tuning
S1-972306279,US,2,False,evaluation
S1-972373009,India,2,False,evaluation
S1-972474185,India,3,False,tuning
S1-972480625,US,6,False,tuning
S1-972594723,India,6,False,tuning
S1-972616718,India,2,False,evaluation
S1-972623738,India,5,False,evaluation
S1-972635953,US,2,False,evaluation
S1-972640971,India,4,False,evaluation
S1-972697182,US,2,False,evaluation
S1-972725796,India,3,False,evaluation
S1-972777978,US,6,False,evaluation
S1-973009664,India,1,False,tuning
S1-973040516,India,7,False,tuning
S1-973146494,India,3,False,evaluation
S1-973192951,India,6,False,tuning
S1-973199833,US,4,False,evaluation
S1-973362772,India,2,False,tuning
S1-973378057,India,4,False,evaluation
S1-973487914,US,2,False,tuning
S1-973497934,US,0,True,evaluation
S1-97350045,India,5,False,tuning
S1-973522263,US,3,False,tuning
S1-973539116,India,4,False,tuning
S1-973543819,US,4,False,tuning
S1-973633745,India,5,False,evaluation
S1-97366407,India,2,False,tuning
S1-973710751,India,4,False,evaluation
S1-97376474,US,5,False,evaluation
S1-973789322,US,0,True,evaluation
S1-973814193,US,5,False,evaluation
S1-973816642,US,2,False,tuning
S1-973851802,India,1,False,evaluation
S1-97389815,India,3,False,evaluation
S1-97396547,US,2,False,evaluation
S1-974001710,India,1,False,tuning
S1-974026821,India,4,False,tuning
S1-974099535,US,5,False,evaluation
S1-974166857,US,0,True,evaluation
S1-974203163,US,7,False,tuning
S1-974221288,US,1,False,evaluation
S1-974287151,US,2,False,tuning
S1-974346657,US,5,False,tuning
S1-974354487,US,5,False,evaluation
S1-974373484,US,1,False,evaluation
S1-974558168,US,3,False,tuning
S1-974717978,US,6,False,evaluation
S1-974759638,India,3,False,evaluation
S1-974810743,India,3,False,tuning
S1-974832610,US,7,False,tuning
S1-974847646,US,3,False,tuning
S1-974903133,US,5,False,evaluation
S1-974907063,India,5,False,evaluation
S1-974932721,India,6,False,evaluation
S1-974975136,US,2,False,tuning
S1-974985166,US,5,False,tuning
S1-97503799,India,2,False,evaluation
S1-975040330,US,2,False,evaluation
S1-975197162,India,3,False,tuning
S1-975201005,US,3,False,evaluation
S1-975270987,India,1,False,evaluation
S1-975302036,India,2,False,evaluation
S1-97530575,US,6,False,evaluation
S1-97536552,India,2,False,evaluation
S1-975383995,India,4,False,evaluation
S1-975416487,US,4,False,evaluation
S1-97554004,US,3,False,evaluation
S1-975553212,US,2,False,evaluation
S1-975561976,US,2,False,tuning
S1-975600193,US,3,False,tuning
S1-975626741,India,1,False,evaluation
S1-975658296,US,2,False,evaluation
S1-975669288,US,3,False,evaluation
S1-975702981,US,2,False,evaluation
S1-975734338,US,5,False,tuning
S1-97576031,US,5,False,evaluation
S1-975764386,US,4,False,evaluation
S1-975790172,India,2,False,evaluation
S1-975855450,US,2,False,evaluation
S1-97590717,India,3,False,evaluation
S1-975909944,India,0,True,evaluation
S1-975988623,US,4,False,tuning
S1-975995033,India,5,False,evaluation
S1-976175159,India,3,False,tuning
S1-976175846,India,4,False,evaluation
S1-976187690,US,4,False,evaluation
S1-976215751,US,0,True,evaluation
S1-9762169,US,4,False,evaluation
S1-976230299,US,6,False,tuning
S1-976279109,India,5,False,evaluation
S1-976431968,US,4,False,tuning
S1-97643258,US,4,False,evaluation
S1-976535368,US,4,False,evaluation
S1-976649321,India,2,False,tuning
S1-976700597,US,7,False,tuning
S1-976724775,US,6,False,tuning
S1-976892723,India,3,False,evaluation
S1-97701701,US,3,False,evaluation
S1-977037792,India,2,False,evaluation
S1-977072585,US,5,False,tuning
S1-97711924,India,5,False,tuning
S1-977127650,US,1,False,evaluation
S1-977142943,India,5,False,evaluation
S1-977198010,US,4,False,tuning
S1-977216743,US,5,False,evaluation
S1-977234020,India,3,False,evaluation
S1-977234537,US,2,False,tuning
S1-977255297,India,0,True,tuning
S1-977335915,India,5,False,evaluation
S1-977388696,US,1,False,evaluation
S1-977392331,US,3,False,evaluation
S1-977451124,India,1,False,evaluation
S1-977475025,India,3,False,evaluation
S1-977491561,US,5,False,evaluation
S1-977603434,India,7,False,evaluation
S1-977759365,US,3,False,evaluation
S1-977789917,India,4,False,tuning
S1-977938386,India,7,False,tuning
S1-977943032,India,3,False,tuning
S1-977947227,US,4,False,tuning
S1-977955893,US,0,True,evaluation
S1-978046452,US,4,False,evaluation
S1-978152303,US,3,False,evaluation
S1-97817068,US,2,False,evaluation
S1-978209996,US,2,False,tuning
S1-97821048,US,2,False,evaluation
S1-978231997,US,6,False,evaluation
S1-978247355,India,5,False,evaluation
S1-978265804,India,4,False,tuning
S1-978271336,US,4,False,evaluation
S1-97828965,India,4,False,evaluation
S1-978360821,US,2,False,tuning
S1-978366660,India,6,False,evaluation
S1-978454986,India,5,False,evaluation
S1-978456309,India,2,False,tuning
S1-978589350,India,2,False,tuning
S1-978623704,US,2,False,evaluation
S1-978687084,US,5,False,evaluation
S1-978692914,India,6,False,evaluation
S1-978693328,India,4,False,evaluation
S1-97879046,US,4,False,tuning
S1-97880784,India,5,False,evaluation
S1-978914768,India,6,False,tuning
S1-978944884,US,0,True,evaluation
S1-978954531,India,3,False,evaluation
S1-979022888,US,3,False,evaluation
S1-979144035,India,5,False,tuning
S1-979234942,US,6,False,evaluation
S1-979282754,US,0,True,evaluation
S1-979317035,India,0,True,tuning
S1-979317353,US,4,False,evaluation
S1-979337174,India,1,False,tuning
S1-979343261,US,4,False,tuning
S1-979428097,India,4,False,evaluation
S1-979475990,US,1,False,evaluation
S1-979503387,US,1,False,evaluation
S1-979544519,India,9,False,tuning
S1-979596329,India,2,False,evaluation
S1-979640757,US,4,False,tuning
S1-97968897,US,6,False,tuning
S1-979728880,US,5,False,evaluation
S1-979734470,US,3,False,evaluation
S1-97978399,India,3,False,tuning
S1-979864294,US,5,False,tuning
S1-979944877,US,5,False,evaluation
S1-979992763,US,4,False,tuning
S1-980098063,US,3,False,tuning
S1-98035632,US,3,False,tuning
S1-980480006,India,4,False,evaluation
S1-980549957,India,7,False,tuning
S1-980582259,India,4,False,evaluation
S1-980682081,US,3,False,evaluation
S1-980689226,US,2,False,evaluation
S1-980734030,US,4,False,evaluation
S1-980754478,US,5,False,tuning
S1-980762721,India,0,True,tuning
S1-980871893,US,5,False,tuning
S1-980872247,India,3,False,evaluation
S1-980966202,India,2,False,evaluation
S1-98097245,US,2,False,evaluation
S1-981003954,India,2,False,evaluation
S1-981051125,US,4,False,evaluation
S1-981061820,India,4,False,tuning
S1-981114011,India,5,False,evaluation
S1-981181400,US,4,False,evaluation
S1-981189760,US,0,True,tuning
S1-981211972,India,4,False,evaluation
S1-981270369,US,4,False,tuning
S1-981325088,India,3,False,evaluation
S1-981359303,US,2,False,evaluation
S1-981440127,India,2,False,evaluation
S1-981471444,US,5,False,evaluation
S1-981479177,US,6,False,tuning
S1-981512791,India,0,True,evaluation
S1-981555350,US,6,False,evaluation
S1-981593689,India,2,False,tuning
S1-981594986,India,6,False,evaluation
S1-981621451,US,3,False,evaluation
S1-981630072,US,5,False,evaluation
S1-981641392,India,4,False,tuning
S1-981748757,US,6,False,evaluation
S1-981832892,US,7,False,evaluation
S1-981857423,US,3,False,evaluation
S1-981982208,US,1,False,evaluation
S1-98206713,US,4,False,evaluation
S1-982163117,India,3,False,evaluation
S1-982216619,US,3,False,evaluation
S1-982222327,US,3,False,evaluation
S1-982297846,US,0,True,evaluation
S1-982332149,US,5,False,tuning
S1-982413291,US,2,False,evaluation
S1-982435395,US,3,False,tuning
S1-982456469,India,6,False,evaluation
S1-98250056,US,5,False,evaluation
S1-982554289,India,4,False,evaluation
S1-982623519,US,2,False,evaluation
S1-98272470,US,3,False,tuning
S1-982741224,US,6,False,tuning
S1-982772534,US,6,False,tuning
S1-982799527,US,7,False,evaluation
S1-982813883,India,3,False,tuning
S1-982830818,India,3,False,evaluation
S1-982853287,India,3,False,tuning
S1-982916786,US,5,False,evaluation
S1-982937579,US,3,False,evaluation
S1-982982183,India,2,False,evaluation
S1-983006663,US,7,False,tuning
S1-983016002,US,4,False,tuning
S1-983150939,US,3,False,evaluation
S1-983179403,India,4,False,evaluation
S1-983260741,India,5,False,evaluation
S1-983311373,US,4,False,evaluation
S1-983381691,India,4,False,tuning
S1-983424055,US,5,False,evaluation
S1-983453000,US,1,False,evaluation
S1-983461628,US,4,False,tuning
S1-983489569,US,3,False,evaluation
S1-983499205,India,5,False,tuning
S1-983535765,US,2,False,tuning
S1-983546581,India,5,False,evaluation
S1-983547259,US,4,False,evaluation
S1-983678307,India,3,False,evaluation
S1-983695072,US,4,False,evaluation
S1-983699877,India,4,False,evaluation
S1-983724164,US,3,False,evaluation
S1-983753520,US,2,False,evaluation
S1-98378431,India,7,False,tuning
S1-983852004,India,4,False,evaluation
S1-983879180,US,2,False,tuning
S1-983894249,US,3,False,evaluation
S1-983936255,US,2,False,tuning
S1-98394924,India,3,False,evaluation
S1-984015201,India,2,False,evaluation
S1-98401695,US,2,False,tuning
S1-984039553,US,2,False,evaluation
S1-984079639,US,5,False,tuning
S1-984140606,India,3,False,evaluation
S1-98423884,India,5,False,tuning
S1-984344649,US,3,False,evaluation
S1-984395119,India,3,False,tuning
S1-984418556,US,4,False,evaluation
S1-984429646,India,5,False,evaluation
S1-984500964,US,3,False,evaluation
S1-984517642,India,3,False,tuning
S1-984548282,US,5,False,tuning
S1-984558689,India,0,True,tuning
S1-984569687,US,5,False,evaluation
S1-984658767,US,3,False,tuning
S1-984697893,India,2,False,evaluation
S1-984712672,US,3,False,evaluation
S1-984740858,US,0,True,evaluation
S1-984741481,India,4,False,evaluation
S1-984751128,US,7,False,evaluation
S1-984755332,India,1,False,evaluation
S1-98475651,India,5,False,tuning
S1-984829955,India,2,False,evaluation
S1-984853751,US,5,False,evaluation
S1-984940809,US,3,False,tuning
S1-984951781,India,5,False,tuning
S1-984971915,India,3,False,evaluation
S1-985023975,US,5,False,tuning
S1-985026,India,3,False,evaluation
S1-985045425,US,4,False,tuning
S1-985053990,India,6,False,tuning
S1-985067237,India,1,False,evaluation
S1-985119661,India,5,False,tuning
S1-985140178,India,2,False,evaluation
S1-985142168,US,4,False,tuning
S1-985167150,US,5,False,evaluation
S1-985168643,India,1,False,tuning
S1-985177390,US,2,False,evaluation
S1-985221488,India,2,False,tuning
S1-985232770,US,2,False,evaluation
S1-985266965,India,2,False,tuning
S1-985312174,US,3,False,tuning
S1-985480578,India,6,False,evaluation
S1-985562979,India,0,True,evaluation
S1-985600145,India,6,False,evaluation
S1-985644023,US,6,False,tuning
S1-985835800,US,2,False,evaluation
S1-985847326,US,0,True,tuning
S1-985857092,US,7,False,tuning
S1-985880297,US,1,False,evaluation
S1-985890495,US,7,False,evaluation
S1-985894504,US,8,False,evaluation
S1-985943592,US,5,False,evaluation
S1-985953128,India,2,False,tuning
S1-986062228,India,0,True,evaluation
S1-986148839,US,2,False,evaluation
S1-98615930,India,3,False,tuning
S1-98617354,India,2,False,evaluation
S1-986257672,US,4,False,tuning
S1-986264902,US,4,False,evaluation
S1-986296984,India,0,True,evaluation
S1-98631705,India,4,False,tuning
S1-986352368,India,4,False,evaluation
S1-986368942,US,4,False,evaluation
S1-986371088,US,2,False,tuning
S1-986381563,India,0,True,tuning
S1-986405239,US,3,False,evaluation
S1-986431711,India,0,True,tuning
S1-986479301,US,5,False,tuning
S1-986536899,India,4,False,evaluation
S1-986578996,US,1,False,evaluation
S1-986646557,US,3,False,evaluation
S1-98667822,India,4,False,evaluation
S1-986778020,India,2,False,tuning
S1-986833020,India,5,False,tuning
S1-986877469,US,0,True,tuning
S1-986882611,India,4,False,tuning
S1-98700544,US,9,False,evaluation
S1-987112624,India,0,True,evaluation
S1-987261549,US,0,True,tuning
S1-987266452,India,6,False,tuning
S1-987349228,India,2,False,evaluation
S1-987490286,India,2,False,tuning
S1-98755757,US,3,False,tuning
S1-98759500,US,4,False,evaluation
S1-987706022,India,4,False,evaluation
S1-987725777,India,3,False,evaluation
S1-987785345,US,2,False,evaluation
S1-987792028,India,3,False,evaluation
S1-987811289,India,8,False,evaluation
S1-987812816,US,4,False,evaluation
S1-98786152,India,2,False,evaluation
S1-987868555,India,4,False,evaluation
S1-98789383,India,2,False,tuning
S1-987914076,India,4,False,evaluation
S1-987925569,US,3,False,evaluation
S1-987933227,US,7,False,evaluation
S1-987953725,India,3,False,evaluation
S1-988051713,US,1,False,tuning
S1-988071055,US,0,True,tuning
S1-98807423,US,4,False,tuning
S1-988143812,US,3,False,evaluation
S1-988169736,US,3,False,evaluation
S1-988288575,US,3,False,tuning
S1-98829757,US,2,False,tuning
S1-988319676,India,2,False,tuning
S1-988401653,US,3,False,tuning
S1-988474364,India,5,False,evaluation
S1-988489755,US,4,False,tuning
S1-98849154,US,6,False,tuning
S1-988495671,India,6,False,evaluation
S1-988552957,India,2,False,evaluation
S1-988651118,US,4,False,evaluation
S1-988696629,US,3,False,tuning
S1-988718076,US,5,False,tuning
S1-988755101,US,3,False,evaluation
S1-988756579,US,3,False,tuning
S1-988793246,India,2,False,evaluation
S1-988807674,US,5,False,tuning
S1-988816278,India,1,False,tuning
S1-988832754,India,4,False,tuning
S1-988844457,US,5,False,evaluation
S1-988886394,India,5,False,evaluation
S1-988889164,India,5,False,tuning
S1-988952152,India,1,False,evaluation
S1-989019065,US,4,False,evaluation
S1-989101915,India,4,False,tuning
S1-989109669,US,2,False,evaluation
S1-989273847,India,4,False,evaluation
S1-989290545,India,3,False,evaluation
S1-989362982,US,6,False,evaluation
S1-989415384,US,4,False,evaluation
S1-989468209,India,4,False,tuning
S1-989524817,India,2,False,evaluation
S1-98952823,India,3,False,evaluation
S1-989606363,India,3,False,tuning
S1-9896602,US,6,False,evaluation
S1-989684526,India,5,False,tuning
S1-989705262,India,6,False,evaluation
S1-989742986,India,2,False,evaluation
S1-989768634,India,7,False,tuning
S1-989866363,US,0,True,tuning
S1-989866735,US,2,False,evaluation
S1-989911937,US,3,False,evaluation
S1-989956918,US,4,False,evaluation
S1-989986472,India,3,False,tuning
S1-98999035,US,3,False,evaluation
S1-990065119,US,2,False,evaluation
S1-990069496,US,2,False,evaluation
S1-990070196,US,3,False,evaluation
S1-990082677,India,5,False,evaluation
S1-99010499,India,5,False,tuning
S1-990113497,India,2,False,tuning
S1-990124505,India,1,False,evaluation
S1-990132772,India,2,False,tuning
S1-990214791,India,5,False,evaluation
S1-990218012,US,4,False,tuning
S1-990243431,US,7,False,tuning
S1-990276047,India,2,False,evaluation
S1-990370094,US,2,False,evaluation
S1-990423009,India,4,False,evaluation
S1-990461902,US,4,False,evaluation
S1-990463635,US,5,False,evaluation
S1-990479824,US,2,False,tuning
S1-990510772,US,5,False,tuning
S1-990527084,US,2,False,evaluation
S1-990580502,US,1,False,tuning
S1-990600455,India,5,False,evaluation
S1-990626261,US,0,True,evaluation
S1-990662463,India,5,False,evaluation
S1-990664445,US,3,False,evaluation
S1-990685449,India,6,False,evaluation
S1-99074089,India,3,False,evaluation
S1-990751379,US,3,False,tuning
S1-990792929,US,1,False,tuning
S1-990865698,India,2,False,evaluation
S1-991019504,US,3,False,evaluation
S1-991022282,US,3,False,tuning
S1-991052687,US,7,False,evaluation
S1-991091149,India,5,False,evaluation
S1-991093293,US,4,False,evaluation
S1-991094160,US,4,False,tuning
S1-991198654,India,2,False,evaluation
S1-991297566,US,1,False,evaluation
S1-991335721,US,3,False,tuning
S1-991366287,US,4,False,tuning
S1-991506997,India,3,False,evaluation
S1-991681292,US,4,False,evaluation
S1-991681495,India,4,False,evaluation
S1-991758781,India,4,False,tuning
S1-991781796,US,3,False,tuning
S1-991832335,US,2,False,tuning
S1-991843051,India,3,False,evaluation
S1-991879123,India,3,False,evaluation
S1-991901718,US,3,False,evaluation
S1-991990945,US,4,False,evaluation
S1-99203001,India,3,False,evaluation
S1-992059085,India,2,False,tuning
S1-992097877,US,3,False,evaluation
S1-992102142,US,5,False,tuning
S1-992227312,India,7,False,tuning
S1-992258219,US,2,False,evaluation
S1-992266693,US,5,False,evaluation
S1-992306600,India,3,False,evaluation
S1-992387205,India,4,False,tuning
S1-99242422,US,2,False,evaluation
S1-992489972,US,4,False,tuning
S1-992541637,US,2,False,evaluation
S1-992576592,US,4,False,tuning
S1-992615312,India,2,False,tuning
S1-992638064,India,5,False,tuning
S1-992670444,India,4,False,tuning
S1-992702374,US,5,False,tuning
S1-992737655,US,3,False,tuning
S1-992738647,US,5,False,tuning
S1-992773188,US,5,False,evaluation
S1-992862098,US,4,False,evaluation
S1-992900332,India,3,False,evaluation
S1-992919843,US,4,False,evaluation
S1-992935020,India,5,False,tuning
S1-992985119,India,2,False,tuning
S1-993012931,US,4,False,tuning
S1-99310300,US,4,False,evaluation
S1-993112902,India,7,False,evaluation
S1-993165598,US,1,False,tuning
S1-993239786,US,3,False,evaluation
S1-993276054,US,0,True,tuning
S1-993321108,India,1,False,evaluation
S1-993357110,US,2,False,evaluation
S1-993375659,India,0,True,tuning
S1-993424769,India,0,True,tuning
S1-99356121,India,3,False,evaluation
S1-993618951,India,4,False,evaluation
S1-993645262,US,4,False,tuning
S1-993645722,India,6,False,evaluation
S1-993672512,India,3,False,tuning
S1-993695688,US,6,False,evaluation
S1-993730499,India,3,False,evaluation
S1-993779134,India,2,False,evaluation
S1-993810996,US,5,False,evaluation
S1-993814614,India,4,False,evaluation
S1-994001568,US,3,False,tuning
S1-994084944,US,1,False,evaluation
S1-994089629,US,3,False,tuning
S1-994114489,India,4,False,tuning
S1-994185858,US,1,False,evaluation
S1-994198545,US,2,False,evaluation
S1-994230237,US,2,False,tuning
S1-994360372,US,3,False,evaluation
S1-994433014,India,3,False,evaluation
S1-994550887,India,4,False,tuning
S1-994611606,US,2,False,tuning
S1-994634424,US,3,False,evaluation
S1-994650935,US,2,False,tuning
S1-994685032,India,4,False,tuning
S1-994730064,US,3,False,tuning
S1-994783903,India,3,False,evaluation
S1-994852513,US,4,False,tuning
S1-994876058,India,2,False,evaluation
S1-994924844,US,5,False,evaluation
S1-995051169,India,4,False,tuning
S1-995089937,US,1,False,tuning
S1-99519158,India,4,False,evaluation
S1-995205952,India,1,False,tuning
S1-995209035,US,7,False,tuning
S1-995268575,US,6,False,tuning
S1-99530487,US,1,False,tuning
S1-995316119,US,1,False,tuning
S1-995356121,US,2,False,evaluation
S1-995380935,India,2,False,tuning
S1-995508551,US,4,False,tuning
S1-99554347,India,4,False,tuning
S1-995557048,US,3,False,evaluation
S1-995562350,US,4,False,tuning
S1-995603728,US,4,False,tuning
S1-995658378,US,4,False,tuning
S1-995692739,US,4,False,tuning
S1-995705565,India,4,False,tuning
S1-995730676,US,3,False,evaluation
S1-995780561,US,3,False,evaluation
S1-995968565,India,3,False,evaluation
S1-996014237,US,0,True,tuning
S1-996021159,India,3,False,evaluation
S1-996088765,US,6,False,evaluation
S1-996148803,US,4,False,tuning
S1-996157419,US,3,False,evaluation
S1-996174699,India,3,False,evaluation
S1-996186056,India,5,False,evaluation
S1-996208021,India,7,False,evaluation
S1-996215644,US,0,True,evaluation
S1-99621575,US,2,False,evaluation
S1-996232928,US,4,False,evaluation
S1-996256901,US,2,False,tuning
S1-996291067,India,3,False,tuning
S1-996325333,India,6,False,evaluation
S1-996331863,US,3,False,evaluation
S1-996368938,US,5,False,evaluation
S1-996490764,India,5,False,evaluation
S1-996502126,US,5,False,tuning
S1-996509326,US,2,False,tuning
S1-996564786,US,3,False,evaluation
S1-996630830,India,0,True,tuning
S1-996740484,India,3,False,tuning
S1-996920858,US,4,False,tuning
S1-997039788,US,4,False,tuning
S1-99705749,US,5,False,evaluation
S1-997125438,US,3,False,evaluation
S1-997294810,India,3,False,tuning
S1-997391273,US,2,False,evaluation
S1-997414477,US,4,False,evaluation
S1-997499468,US,6,False,tuning
S1-997512180,US,2,False,tuning
S1-997522945,US,3,False,evaluation
S1-997554993,India,3,False,tuning
S1-997576806,India,5,False,evaluation
S1-997634654,US,3,False,evaluation
S1-997654566,India,2,False,evaluation
S1-997680323,US,6,False,evaluation
S1-997689927,India,5,False,tuning
S1-99769315,US,6,False,evaluation
S1-997702327,India,4,False,evaluation
S1-997829461,US,3,False,evaluation
S1-997888460,US,2,False,evaluation
S1-997895027,US,2,False,evaluation
S1-997955265,India,6,False,evaluation
S1-997956617,US,1,False,evaluation
S1-997990826,US,3,False,tuning
S1-997992677,India,4,False,evaluation
S1-998147399,India,8,False,tuning
S1-998153932,US,4,False,tuning
S1-998209878,India,4,False,evaluation
S1-998302851,India,3,False,evaluation
S1-998375197,India,2,False,tuning
S1-998411885,US,2,False,tuning
S1-99842290,US,2,False,evaluation
S1-998449069,India,3,False,evaluation
S1-998562334,US,1,False,tuning
S1-998758043,India,1,False,evaluation
S1-998812422,India,2,False,tuning
S1-998919449,US,4,False,tuning
S1-99902344,India,0,True,tuning
S1-999054123,US,2,False,tuning
S1-999102816,US,3,False,tuning
S1-999129425,India,3,False,evaluation
S1-999232237,India,3,False,evaluation
S1-999330975,US,3,False,tuning
S1-999332057,US,4,False,evaluation
S1-999334840,US,2,False,evaluation
S1-999336577,US,6,False,evaluation
S1-999379558,India,3,False,evaluation
S1-999483054,US,1,False,tuning
S1-999486252,US,3,False,tuning
S1-999513455,US,3,False,tuning
S1-999523269,US,3,False,tuning
S1-999534466,US,6,False,tuning
S1-999542312,US,4,False,tuning
S1-999629951,India,7,False,evaluation
S1-999664937,India,6,False,tuning
S1-999700352,India,4,False,tuning
S1-999801549,US,2,False,tuning
S1-999875493,US,4,False,tuning
S1-999947635,US,5,False,evaluation
