sample,source1_entity_id,source,country,intersection_scheduler,exact_overflow_passes,intersection_planned_pairs,intersection_pairs_skipped_candidate_budget,intersection_candidate_budget_reached,intersection_empty_probes,intersection_pairs_skipped_term_quota,intersection_pairs_skipped_selectivity,intersection_queries,intersection_overflows,intersection_nonempty_successes,intersection_sql_seconds,intersection_pairs_considered,intersection_pairs_skipped_anchor,intersection_pairs_skipped_rules,postings_looked_up,posting_ids_returned,intersection_unique_candidate_ids,intersection_total_seconds,exact_candidates,token_candidates,token_only_candidates,candidates_before_cap,eligible_before_final_cap,cap_hit,cap_truncated,selected_candidates,true_links_before_cap,selected_exact_candidates,query_seconds
s1_1000,S1-197826453,S2,US,selective_v2_compact,0,14,0,0,4,0,0,14,1,9,0.014674284999728116,28,0,0,28,64,50,0.015322062999985064,43,52,50,93,90,1,1,60,3,40,0.020369067000046925
s1_1000,S1-197826453,S3,US,selective_v2_compact,0,14,5,1,0,0,4,9,1,8,0.011425591000033819,28,0,4,18,252,240,0.012052677000042422,56,241,240,296,88,1,1,60,1,41,0.025733214000069893
s1_1000,S1-681233599,S2,India,selective_v2_compact,0,14,0,0,0,0,33,14,4,10,0.02520758300011039,91,21,54,28,296,135,0.026073322999991433,0,135,135,135,77,1,1,60,1,0,0.03513804400006393
s1_1000,S1-681233599,S3,India,selective_v2_compact,0,14,7,1,0,0,30,7,0,7,0.014744502000098691,91,21,51,15,423,301,0.01568323899994084,0,339,339,339,86,1,1,60,1,0,0.04835427199998321
s1_1000,S1-910993346,S2,India,selective_v2_compact,0,14,7,1,0,0,13,7,0,7,0.008590661000312139,55,3,16,14,331,301,0.009462619000032646,1,302,301,302,89,1,1,60,3,1,0.03784392900001876
s1_1000,S1-910993346,S3,India,selective_v2_compact,0,14,7,1,0,0,12,7,0,7,0.03017045500007498,55,1,13,14,217,202,0.031042447999993783,2,203,202,204,80,1,1,60,3,2,0.04291467600000942
s1_1000,S1-757945054,S2,India,selective_v2_compact,0,14,0,0,0,0,19,14,0,14,0.011420050999845444,120,10,29,32,253,164,0.013177186000007168,14,217,203,217,78,1,1,60,2,14,0.026157041000033132
s1_1000,S1-757945054,S3,India,selective_v2_compact,0,14,0,0,0,0,20,14,0,14,0.014444925000020703,120,6,26,32,282,198,0.016318614000056186,14,245,231,245,79,1,1,60,2,14,0.029437345999895115
s1_1000,S1-290854814,S2,India,selective_v2_compact,0,14,3,1,0,0,12,11,0,11,0.013041625000255408,66,6,18,24,266,214,0.01400634699996317,4,222,218,222,112,1,1,60,3,4,0.02850201000001107
s1_1000,S1-290854814,S3,India,selective_v2_compact,0,14,5,1,2,0,13,9,0,7,0.01591905699990548,66,3,16,20,269,248,0.016948078000041278,6,256,250,256,117,1,1,60,2,6,0.041314688000056776
s1_1000,S1-532135828,S2,US,selective_v2_compact,0,14,11,1,1,0,7,3,0,2,0.016906625999922653,36,0,7,8,247,209,0.01752190000001974,1,227,226,227,77,1,1,60,2,1,0.02684754000006251
s1_1000,S1-532135828,S3,US,selective_v2_compact,0,14,6,1,0,0,10,8,1,7,0.04707873899997139,36,0,10,18,363,320,0.04771919400002389,0,335,335,335,78,1,1,60,2,0,0.07909211500009405
s1_1000,S1-489863972,S2,US,selective_v2_compact,0,14,7,1,1,0,12,7,0,6,0.01564830199993139,55,3,15,14,266,255,0.016498133000027337,2,257,255,257,71,1,1,60,3,2,0.026667911000004096
s1_1000,S1-489863972,S3,US,selective_v2_compact,0,14,3,1,0,0,14,11,0,11,0.014085806000025514,55,6,20,22,277,263,0.014906885999948827,0,263,263,263,85,1,1,60,1,0,0.040534527999966485
s1_1000,S1-127529460,S2,US,selective_v2_compact,0,14,0,0,0,0,3,14,2,12,0.01192057399987334,28,0,3,29,229,156,0.012477409999974043,1,187,186,187,77,1,1,60,3,1,0.024935422999988077
s1_1000,S1-127529460,S3,US,selective_v2_compact,0,14,0,0,0,0,3,14,2,12,0.01226606400007313,28,0,3,29,206,135,0.012799861999951645,0,163,163,163,77,1,1,60,2,0,0.023216264999973646
s1_1000,S1-148743364,S2,India,selective_v2_compact,0,14,0,0,0,0,27,14,2,12,0.02659796700015704,105,15,42,30,233,161,0.02782414199998584,0,203,203,203,107,1,1,60,1,0,0.04392187100006595
s1_1000,S1-148743364,S3,India,selective_v2_compact,0,14,1,1,0,0,29,13,2,11,0.029807120000214127,105,10,39,28,314,240,0.031135402000018075,0,282,282,282,103,1,1,60,1,0,0.04764123400002518
s1_1000,S1-348320286,S2,India,selective_v2_compact,0,14,0,0,2,0,15,14,1,11,0.022486921999984588,36,3,18,29,155,110,0.022929931000021497,10,131,121,131,103,1,1,60,2,10,0.032615512000006674
s1_1000,S1-348320286,S3,India,selective_v2_compact,0,14,3,1,0,0,13,11,2,9,0.024663540000005924,36,1,14,23,281,240,0.025186189000010017,5,261,256,261,105,1,1,60,1,5,0.049132389999954285
s1_1000,S1-188014924,S2,India,selective_v2_compact,0,14,3,1,0,0,41,11,2,9,0.04143320700006825,120,10,51,22,215,200,0.04277700700004061,3,203,200,203,101,1,1,60,1,3,0.05608775700000024
s1_1000,S1-188014924,S3,India,selective_v2_compact,0,14,7,1,0,0,35,7,0,7,0.01873237500024061,120,6,41,14,262,256,0.020310335000090163,7,257,256,263,103,1,1,60,2,7,0.03326495999999679
s1_1000,S1-787210237,S2,US,selective_v2_compact,0,14,0,0,0,0,0,14,0,14,0.002320040000199697,15,0,0,30,222,8,0.0026246850000006816,2,146,144,146,78,1,1,60,2,2,0.009480743000040093
s1_1000,S1-787210237,S3,US,selective_v2_compact,0,14,0,0,0,0,0,14,0,14,0.0026216689999500886,15,0,0,29,237,60,0.0029435750000175176,0,185,185,185,89,1,1,60,1,0,0.010394299999916257
s1_1000,S1-477547538,S2,US,selective_v2_compact,0,14,5,1,0,0,5,9,1,8,0.012475791000156278,28,1,6,19,267,258,0.013010418000021673,0,261,261,261,114,1,1,60,1,0,0.0231676130000551
s1_1000,S1-477547538,S3,US,selective_v2_compact,0,14,5,1,0,0,5,9,1,8,0.013227117000042199,28,1,6,19,293,273,0.013756754000041838,0,276,276,276,110,1,1,60,2,0,0.034553228000049785
s1_1000,S1-822441485,S2,India,selective_v2_compact,0,14,0,1,1,0,19,14,1,12,0.008485966000193912,78,21,40,29,280,210,0.009348554000098375,0,224,224,224,104,1,1,60,2,0,0.023338912999975037
s1_1000,S1-822441485,S3,India,selective_v2_compact,0,14,0,0,1,0,29,14,1,12,0.00628138999991279,78,10,39,29,131,112,0.007120708000002196,1,118,117,118,64,1,1,60,1,1,0.014642105000007177
s1_1000,S1-676890599,S2,US,selective_v2_compact,0,10,0,0,4,0,4,10,0,6,0.0062805149999576315,15,1,5,21,221,124,0.006551066999918476,15,209,209,224,116,1,1,60,0,15,0.015235765000056745
s1_1000,S1-676890599,S3,US,selective_v2_compact,0,10,0,0,0,0,4,10,0,10,0.00689167599978191,15,1,5,21,283,142,0.007163931000036428,20,247,245,265,120,1,1,60,2,20,0.017771534000075917
s1_1000,S1-569158628,S2,US,selective_v2_compact,0,12,0,0,1,0,3,12,0,11,0.014841939999882925,15,0,3,25,174,137,0.015131075999988752,0,168,168,168,83,1,1,60,1,0,0.021650684000064757
s1_1000,S1-569158628,S3,US,selective_v2_compact,0,12,0,0,0,0,3,12,0,12,0.015438881000477522,15,0,3,25,190,129,0.015728527999954167,1,166,165,166,80,1,1,60,2,1,0.024022650999995676
s1_1000,S1-863311543,S2,US,selective_v2_compact,0,14,0,1,0,0,2,14,1,13,0.009299435000116318,28,3,5,29,378,240,0.009873175999928208,1,329,328,329,106,1,1,60,2,1,0.0356654150000395
s1_1000,S1-863311543,S3,US,selective_v2_compact,0,14,1,1,0,0,3,13,1,12,0.007951909000212254,28,3,6,27,350,209,0.008478812999896945,0,294,294,294,104,1,1,60,1,0,0.02172014699999636
s1_1000,S1-581141524,S2,India,selective_v2_compact,0,14,6,1,0,0,20,8,1,7,0.009720555000171771,66,10,30,16,215,203,0.01048085800005083,11,214,203,214,92,1,1,60,2,11,0.023426577000009274
s1_1000,S1-581141524,S3,India,selective_v2_compact,0,14,6,1,0,0,23,8,0,8,0.013119001000177377,66,6,29,16,279,261,0.013921388000085244,13,274,261,274,91,1,1,60,2,13,0.035575512000036724
s1_1000,S1-776008409,S2,US,selective_v2_compact,0,13,5,1,0,0,1,8,0,8,0.0047511960000292675,15,1,2,17,282,255,0.005146992000049977,0,261,261,261,97,1,1,60,2,0,0.02527342400003363
s1_1000,S1-776008409,S3,US,selective_v2_compact,0,13,5,1,0,0,1,8,0,8,0.005034834999833038,15,1,2,17,289,248,0.00539913299996897,1,255,254,255,88,1,1,60,4,1,0.02674278500001037
s1_1000,S1-125953774,S2,India,selective_v2_compact,0,14,10,1,0,0,15,4,0,4,0.006273775000067872,66,6,21,8,237,229,0.007172233999995115,0,229,229,229,40,0,0,40,1,0,0.018163274000016827
s1_1000,S1-125953774,S3,India,selective_v2_compact,0,14,2,1,2,0,16,12,1,9,0.015511352000089573,66,3,19,24,236,216,0.016472883999995247,0,216,216,216,110,1,1,60,1,0,0.03166865000002872
s1_1000,S1-711797056,S2,India,selective_v2_compact,0,14,7,1,0,0,12,7,1,6,0.012115233999907105,36,3,15,15,269,228,0.012651293000089936,0,260,260,260,103,1,1,60,1,0,0.024766354000007595
s1_1000,S1-711797056,S3,India,selective_v2_compact,0,14,3,1,0,0,12,11,2,9,0.019741229000032945,36,3,15,23,363,208,0.020294418999924346,2,246,244,246,83,1,1,60,3,2,0.03268218799996703
s1_1000,S1-1713613,S2,India,selective_v2_compact,0,14,4,1,1,0,16,10,1,8,0.07398541299983208,78,6,22,21,295,273,0.07514088999994328,1,287,287,288,58,0,0,58,1,1,0.09979257700001654
s1_1000,S1-1713613,S3,India,selective_v2_compact,0,14,4,1,0,0,20,10,1,9,0.014332307999893601,78,3,23,21,253,236,0.015431205000027148,2,246,246,248,54,0,0,54,1,2,0.02822423300005994
s1_1000,S1-874244889,S2,US,selective_v2_compact,0,14,0,0,3,0,14,14,4,7,0.02683107399968776,78,1,15,29,174,164,0.028046011000014914,0,170,170,170,77,1,1,60,1,0,0.048065595000025496
s1_1000,S1-874244889,S3,US,selective_v2_compact,0,14,9,1,0,0,16,5,0,5,0.012706044999958976,78,1,17,10,213,202,0.013824210000052517,1,203,202,203,44,0,0,44,2,1,0.022835672000041995
s1_1000,S1-112485790,S2,US,selective_v2_compact,0,14,3,1,3,0,12,11,0,8,0.020029902000032962,45,1,13,23,291,231,0.020795227999997223,4,272,268,272,94,1,1,60,1,4,0.03904915000009623
s1_1000,S1-112485790,S3,US,selective_v2_compact,0,14,7,1,0,0,18,7,0,7,0.021187894999911805,45,3,21,15,282,220,0.021741860000020097,3,272,269,272,101,1,1,60,1,3,0.03725124000004598
s1_1000,S1-335303231,S2,US,selective_v2_compact,0,14,0,0,2,0,4,14,0,12,0.017403763999936928,28,0,4,30,217,117,0.017915686000037567,1,201,200,201,114,1,1,60,1,1,0.03361135399995874
s1_1000,S1-335303231,S3,US,selective_v2_compact,0,14,0,0,3,0,4,14,0,11,0.020178163000196037,28,0,4,29,182,121,0.02068429499990998,0,164,164,164,102,1,1,60,1,0,0.03681201200004125
s1_1000,S1-764425963,S2,India,selective_v2_compact,0,14,5,1,0,0,22,9,0,9,0.010169427000050746,120,21,43,18,255,215,0.011726343999953315,2,217,215,217,90,1,1,60,2,2,0.026936305000049288
s1_1000,S1-764425963,S3,India,selective_v2_compact,0,14,6,1,0,0,24,8,0,8,0.012112548000004608,120,10,34,16,229,222,0.013765009999929134,0,222,222,222,79,1,1,60,1,0,0.02474505500003943
s1_1000,S1-211293205,S2,US,selective_v2_compact,0,14,0,0,8,0,3,14,0,6,0.004803600999935043,45,0,3,30,96,7,0.005567498999994314,0,85,85,85,71,1,1,60,1,0,0.009154028000011749
s1_1000,S1-211293205,S3,US,selective_v2_compact,0,14,0,0,1,0,8,14,1,12,0.013614389999929699,45,1,9,28,150,120,0.014377928000044449,1,121,120,121,60,1,0,60,2,1,0.025054088999922897
s1_1000,S1-138688101,S2,India,selective_v2_compact,0,14,8,1,0,3,42,6,1,5,0.020812994000038998,91,28,70,12,274,267,0.02131958899997244,0,267,267,267,95,1,1,60,2,0,0.04423261099998399
s1_1000,S1-138688101,S3,India,selective_v2_compact,0,14,9,1,0,0,48,5,0,5,0.025338218999991113,91,28,76,10,285,283,0.025734210999985407,0,283,283,283,80,1,1,60,0,0,0.05217738300007113
s1_1000,S1-538960854,S2,US,selective_v2_compact,0,11,0,0,0,0,4,11,1,10,0.017419039999936103,15,0,4,22,158,144,0.01769223200005854,0,144,144,144,86,1,1,60,1,0,0.02354634599998917
s1_1000,S1-538960854,S3,US,selective_v2_compact,0,11,0,0,2,0,4,11,1,8,0.018223730999920917,15,0,4,22,185,172,0.018505209999943872,1,173,172,173,86,1,1,60,1,1,0.026690724999980375
s1_1000,S1-281912479,S2,US,selective_v2_compact,0,14,6,1,4,0,0,8,0,4,0.020474904000025163,28,0,0,16,247,232,0.021075140999982978,0,232,232,232,77,1,1,60,1,0,0.036834382999927584
s1_1000,S1-281912479,S3,US,selective_v2_compact,0,14,5,1,1,0,3,9,1,7,0.022491287000207194,28,0,3,18,231,213,0.023064294000050722,1,214,213,214,84,1,1,60,3,1,0.031973526000001584
s1_1000,S1-30134334,S2,India,selective_v2_compact,0,14,0,0,5,0,22,14,2,7,0.006352608000156579,91,10,32,31,237,151,0.007592978999923616,0,201,201,201,80,1,1,60,0,0,0.019318090999945525
s1_1000,S1-30134334,S3,India,selective_v2_compact,0,14,3,1,0,0,18,11,2,9,0.00772452700005033,91,10,28,25,333,211,0.0089972730000909,2,272,270,272,77,1,1,60,3,2,0.02971619599998121
s1_1000,S1-773391278,S2,India,selective_v2_compact,0,14,4,1,2,0,30,10,1,7,0.036722018000205026,105,10,40,21,262,202,0.038028265999969335,5,235,235,240,85,1,1,60,1,5,0.05129906500008019
s1_1000,S1-773391278,S3,India,selective_v2_compact,0,14,6,1,0,0,29,8,0,8,0.016099602000053892,105,6,35,17,256,218,0.017423329000052945,11,243,243,254,105,1,1,60,1,11,0.03284094499997536
s1_1000,S1-967399237,S2,US,selective_v2_compact,0,10,6,1,1,0,4,4,0,3,0.010434174000124585,15,1,5,8,286,218,0.010743863000016063,67,285,218,285,107,1,1,60,1,49,0.021545264999986102
s1_1000,S1-967399237,S3,US,selective_v2_compact,0,9,1,1,0,0,3,8,1,7,0.00867706500002896,15,3,6,16,234,205,0.008976716999995915,77,212,205,282,145,1,1,60,4,45,0.023727893000000222
s1_1000,S1-100309770,S2,US,selective_v2_compact,0,14,6,1,0,0,4,8,0,8,0.0035060350001003826,36,1,5,16,242,227,0.004171175999999832,0,227,227,227,79,1,1,60,3,0,0.013007332999904975
s1_1000,S1-100309770,S3,US,selective_v2_compact,0,14,6,1,1,0,4,8,0,7,0.003361858000062057,36,1,5,16,218,218,0.004040978000034556,0,218,218,218,82,1,1,60,0,0,0.01265592499999002
s1_1000,S1-727603875,S2,India,selective_v2_compact,0,14,6,1,0,0,28,8,0,8,0.0727701230001685,91,3,31,16,266,261,0.07398054600002979,0,261,261,261,94,1,1,60,1,0,0.09744951499999388
s1_1000,S1-727603875,S3,India,selective_v2_compact,0,14,6,1,0,0,25,8,1,7,0.014145879000011519,91,3,28,16,232,218,0.015384682999979304,1,219,218,219,79,1,1,60,3,1,0.025806399999964924
s1_1000,S1-415493702,S2,India,selective_v2_compact,0,14,8,1,0,0,36,6,0,6,0.02099044299995967,91,10,46,13,290,286,0.02202689000000646,8,287,286,294,83,1,1,60,1,8,0.05038888699994004
s1_1000,S1-415493702,S3,India,selective_v2_compact,0,14,6,1,0,0,39,8,1,7,0.022904447000087202,91,6,45,17,299,266,0.023877221999896392,10,272,272,282,86,1,1,60,5,10,0.046865725999964525
s1_1000,S1-456974070,S2,US,selective_v2_compact,0,14,4,1,1,0,6,10,1,8,0.00967704399977265,36,1,7,21,231,204,0.010283151999942675,1,217,216,217,87,1,1,60,2,1,0.024073885000007067
s1_1000,S1-456974070,S3,US,selective_v2_compact,0,14,4,1,1,0,6,10,1,8,0.009785420999946837,36,1,7,21,229,202,0.010396741000022303,0,218,218,218,96,1,1,60,1,0,0.019173250999983793
s1_1000,S1-461883442,S2,US,selective_v2_compact,0,14,9,1,0,0,7,5,0,5,0.011960196999893924,28,1,8,10,230,220,0.012410798000018985,2,222,220,222,77,1,1,60,4,2,0.021116846000040823
s1_1000,S1-461883442,S3,US,selective_v2_compact,0,14,2,1,0,0,7,12,2,10,0.023689478000051167,28,1,8,24,322,229,0.024201825999966786,3,231,229,232,106,1,1,60,3,3,0.040188349000004564
s1_1000,S1-141200697,S2,US,selective_v2_compact,0,14,5,1,4,0,5,9,0,5,0.009337415999993937,45,3,8,20,241,206,0.010100114000010763,0,237,237,237,88,1,1,60,1,0,0.021795758999928694
s1_1000,S1-141200697,S3,US,selective_v2_compact,0,14,8,1,0,0,12,6,1,5,0.011030602999994699,45,6,18,13,265,249,0.011665676999996322,1,257,256,257,97,1,1,60,2,1,0.022478038999906857
s1_1000,S1-531476391,S2,US,selective_v2_compact,0,14,7,1,0,0,6,7,0,7,0.011603504999811776,28,3,9,14,267,249,0.012077804999989894,1,250,249,250,77,1,1,60,2,1,0.022079767999912292
s1_1000,S1-531476391,S3,US,selective_v2_compact,0,14,6,1,0,0,7,8,0,8,0.013810548999913408,28,3,10,16,227,200,0.014301088999900458,1,201,200,201,83,1,1,60,3,1,0.024367434000055255
s1_1000,S1-841216992,S2,India,selective_v2_compact,0,14,0,0,11,0,1,14,1,2,0.28750826099985716,55,3,4,30,193,179,0.28853673000003255,0,191,191,191,75,1,1,60,0,0,0.3128134549999686
s1_1000,S1-841216992,S3,India,selective_v2_compact,0,14,0,0,1,0,3,14,1,12,0.006400010999868755,55,1,4,30,110,76,0.007367429000055381,0,84,84,84,51,0,0,51,1,0,0.018683733999978358
s1_1000,S1-195655668,S2,US,selective_v2_compact,0,14,0,0,3,0,7,14,0,11,0.004271954999580885,36,3,10,30,159,130,0.004855517000009968,0,140,140,140,93,1,1,60,1,0,0.014422474999946644
s1_1000,S1-195655668,S3,US,selective_v2_compact,0,14,0,0,5,0,7,14,1,8,0.0039710439997406866,36,3,10,30,60,45,0.004447963999950844,0,51,51,51,51,0,0,51,0,0,0.008415538000008382
s1_1000,S1-915817127,S2,US,selective_v2_compact,0,14,0,0,6,0,2,14,0,8,0.0020123280002053434,28,0,2,30,291,27,0.0025033340000391036,2,264,262,264,91,1,1,60,4,2,0.012840634999975009
s1_1000,S1-915817127,S3,US,selective_v2_compact,0,14,0,0,0,0,3,14,0,14,0.0036872020001510464,28,3,6,30,343,59,0.004177892000029715,3,283,280,283,109,1,1,60,2,3,0.019333426000002873
s1_1000,S1-221516828,S2,India,selective_v2_compact,0,14,7,1,0,0,10,7,0,7,0.01636762300006467,66,15,25,16,273,242,0.01723471699995116,0,250,250,250,78,1,1,60,3,0,0.03513193500009493
s1_1000,S1-221516828,S3,India,selective_v2_compact,0,14,7,1,1,0,12,7,0,6,0.005329295999899841,66,10,22,16,242,227,0.006237250000026506,1,229,228,229,79,1,1,60,1,1,0.025368127999968237
s1_1000,S1-858438273,S2,India,selective_v2_compact,0,14,5,1,4,0,14,9,0,5,0.006601122000006399,78,28,42,19,236,209,0.007412016999978732,2,220,218,220,80,1,1,60,0,2,0.021930559999987054
s1_1000,S1-858438273,S3,India,selective_v2_compact,0,14,9,1,0,0,22,5,0,5,0.005089660000066942,78,21,43,11,240,211,0.0057904210000288,8,226,218,226,77,1,1,60,2,8,0.016541245999974308
s1_1000,S1-879419565,S2,US,selective_v2_compact,0,14,0,0,0,0,7,14,1,13,0.018168168999977752,28,1,8,30,195,153,0.018623877999971228,1,163,162,163,78,1,1,60,1,1,0.02815906199998608
s1_1000,S1-879419565,S3,US,selective_v2_compact,0,14,0,0,0,0,7,14,1,13,0.019268398000008347,28,1,8,30,267,185,0.019743448999975044,1,214,213,214,78,1,1,60,3,1,0.029942334999986997
s1_1000,S1-783804493,S2,India,selective_v2_compact,0,14,3,1,0,0,16,11,1,10,0.020480694000070798,55,6,22,23,347,305,0.021265612999968653,2,316,314,316,81,1,1,60,4,2,0.04882733500005543
s1_1000,S1-783804493,S3,India,selective_v2_compact,0,14,0,1,0,0,16,14,2,12,0.03572559599979286,55,3,19,29,331,246,0.0365414679999958,1,255,254,255,100,1,1,60,3,1,0.060086618000013914
s1_1000,S1-468160746,S2,US,selective_v2_compact,0,13,0,0,5,0,2,13,1,7,0.009734218999938093,15,0,2,27,249,126,0.010067215999924883,48,236,188,236,117,1,1,60,0,43,0.020690803000093183
s1_1000,S1-468160746,S3,US,selective_v2_compact,0,13,0,0,0,0,2,13,2,11,0.01034977200015419,15,0,2,27,131,53,0.010634253000034732,59,110,109,168,133,1,1,60,1,41,0.020296497999993335
s1_1000,S1-431232660,S2,India,selective_v2_compact,0,14,7,1,0,0,28,7,0,7,0.025929227999881732,66,10,38,15,307,293,0.02656948900005318,1,296,295,296,112,1,1,60,1,1,0.05050260400003026
s1_1000,S1-431232660,S3,India,selective_v2_compact,0,14,10,1,0,0,32,4,0,4,0.020989866999798323,55,6,38,8,298,276,0.021418933999939327,1,277,276,277,97,1,1,60,0,1,0.04477297999994789
s1_1000,S1-158405639,S2,US,selective_v2_compact,0,14,0,0,1,0,3,14,1,12,0.007834993000187751,28,0,3,28,112,96,0.008341567000002215,0,96,96,96,67,1,1,60,1,0,0.013996691999977884
s1_1000,S1-158405639,S3,US,selective_v2_compact,0,14,0,0,5,0,3,14,1,8,0.0079761200000803,28,0,3,28,126,120,0.008477928000047541,0,120,120,120,89,1,1,60,0,0,0.013482471999964218
s1_1000,S1-899768413,S2,India,selective_v2_compact,0,14,6,1,0,0,25,8,1,7,0.013173855999980333,66,10,35,16,242,232,0.013846637999904488,1,233,232,233,104,1,1,60,2,1,0.02486602099997981
s1_1000,S1-899768413,S3,India,selective_v2_compact,0,14,7,1,1,0,20,7,0,6,0.012780069000086769,66,10,30,14,306,304,0.013576704999991307,0,304,304,304,84,1,1,60,1,0,0.039584463999972286
s1_1000,S1-421253980,S2,India,selective_v2_compact,0,14,0,0,2,0,12,14,1,11,0.02818850900007419,55,3,15,30,222,129,0.029010117999973772,0,198,198,198,86,1,1,60,1,0,0.042459662999931425
s1_1000,S1-421253980,S3,India,selective_v2_compact,0,14,0,0,0,0,11,14,2,12,0.015037501000051634,55,3,14,30,158,61,0.015915170999960537,1,109,108,109,85,1,1,60,2,1,0.023756890000072417
s1_1000,S1-700204880,S2,US,selective_v2_compact,0,14,6,1,0,0,6,8,1,7,0.029479480000077274,36,0,6,17,515,276,0.030163985000058346,0,493,493,493,106,1,1,60,2,0,0.06276402800006053
s1_1000,S1-700204880,S3,US,selective_v2_compact,0,14,8,1,0,0,6,6,1,5,0.013413415999934841,36,0,6,13,462,203,0.014055296000037742,0,441,441,441,103,1,1,60,2,0,0.0316958999999315
s1_1000,S1-273482307,S2,US,selective_v2_compact,0,14,0,0,2,0,11,14,1,11,0.011861496000165062,45,0,11,31,373,169,0.012614970999948127,1,350,349,350,114,1,1,60,1,1,0.035890041000016026
s1_1000,S1-273482307,S3,US,selective_v2_compact,0,14,0,0,4,0,11,14,1,9,0.012402824000105284,45,0,11,31,381,158,0.01313658900005521,0,354,354,354,119,1,1,60,1,0,0.03495836000001873
s1_1000,S1-614569190,S2,US,selective_v2_compact,0,14,5,1,0,0,20,9,2,7,0.017197296999825085,55,6,26,18,223,211,0.017885191000004852,28,213,211,239,122,1,1,60,1,28,0.028489368999998987
s1_1000,S1-614569190,S3,US,selective_v2_compact,0,14,5,1,0,0,20,9,2,7,0.018790260999935526,55,6,26,18,226,207,0.01943425899992235,40,208,207,247,127,1,1,60,2,40,0.03458090600008745
s1_1000,S1-177222339,S2,India,selective_v2_compact,0,14,2,1,0,0,22,12,3,9,0.020720537000329387,66,3,25,25,294,243,0.021636803000092186,1,265,264,265,112,1,1,60,1,1,0.03796136700009356
s1_1000,S1-177222339,S3,India,selective_v2_compact,0,14,6,1,0,0,18,8,2,6,0.017179913000063607,66,3,21,17,288,248,0.01810875799992573,2,274,272,274,100,1,1,60,3,2,0.03935163200003444
s1_1000,S1-762724009,S2,India,selective_v2_compact,0,14,5,1,0,0,25,9,1,8,0.018525539000165736,91,15,40,18,233,220,0.01955149100001563,6,226,220,226,79,1,1,60,1,6,0.05047534000004816
s1_1000,S1-762724009,S3,India,selective_v2_compact,0,14,5,1,1,0,29,9,1,7,0.01917713799991816,91,6,35,18,306,293,0.02036375600005158,12,305,293,305,80,1,1,60,0,12,0.04606242900001689
s1_1000,S1-167019398,S2,US,selective_v2_compact,0,14,0,0,3,0,0,14,0,11,0.006443698000225595,21,1,1,31,313,170,0.006929555999931836,0,277,277,277,111,1,1,60,3,0,0.017951314000015373
s1_1000,S1-167019398,S3,US,selective_v2_compact,0,14,0,0,3,0,0,14,0,11,0.006609114999832855,21,1,1,31,332,187,0.007094670000014958,0,294,294,294,117,1,1,60,0,0,0.018950776999986374
s1_1000,S1-321797136,S2,India,selective_v2_compact,0,14,1,1,1,0,27,13,3,9,0.026822395000181132,91,21,48,26,262,247,0.027745155999923554,4,251,247,251,80,1,1,60,1,4,0.058355367999979535
s1_1000,S1-321797136,S3,India,selective_v2_compact,0,14,8,1,0,0,32,6,0,6,0.02171556199994029,91,15,47,12,229,226,0.022610318000033658,0,226,226,226,79,1,1,60,1,0,0.03750699300007909
s1_1000,S1-514299264,S2,US,selective_v2_compact,0,14,0,0,3,0,0,14,1,10,0.00441381400003138,21,0,0,30,103,16,0.004815198000073906,0,75,75,75,61,1,1,60,2,0,0.009216957000035109
s1_1000,S1-514299264,S3,US,selective_v2_compact,0,14,0,0,0,0,0,14,1,13,0.0046996209998724225,21,0,0,30,88,12,0.005102606000036758,0,70,70,70,58,0,0,58,1,0,0.008229153999991468
s1_1000,S1-387363895,S2,US,selective_v2_compact,0,14,2,1,0,0,6,12,0,12,0.014715898000076777,28,1,7,26,370,223,0.01528177600005165,2,316,314,316,105,1,1,60,2,2,0.03771219399993697
s1_1000,S1-387363895,S3,US,selective_v2_compact,0,14,0,0,1,0,6,14,1,12,0.015775987999859353,28,1,7,30,237,80,0.01623300299991115,2,181,179,181,96,1,1,60,2,2,0.02463848499996857
s1_1000,S1-48122097,S2,US,selective_v2_compact,0,14,0,0,3,0,0,14,0,11,0.008649003000300581,15,0,0,28,76,67,0.00895969900000182,1,68,67,68,68,1,1,60,1,1,0.013009204000013597
s1_1000,S1-48122097,S3,US,selective_v2_compact,0,14,0,0,0,0,0,14,0,14,0.009483756000236099,15,0,0,28,81,65,0.009793293000029735,1,66,65,66,66,1,1,60,1,1,0.012628903999939212
s1_1000,S1-403142081,S2,US,selective_v2_compact,0,10,0,0,2,0,4,10,0,8,0.00772386699998151,15,1,5,21,338,101,0.008036516000061056,94,270,268,362,136,1,1,60,1,44,0.02185662199997296
s1_1000,S1-403142081,S3,US,selective_v2_compact,0,10,0,0,1,0,4,10,0,9,0.009604293000052166,15,1,5,21,364,120,0.009919406999983948,95,302,302,397,138,1,1,60,0,44,0.025365932999989127
s1_1000,S1-756082596,S2,India,selective_v2_compact,0,14,0,0,0,0,5,14,1,13,0.010118874000113465,36,3,8,30,141,113,0.010703423999984807,1,116,115,116,81,1,1,60,2,1,0.030655151000019032
s1_1000,S1-756082596,S3,India,selective_v2_compact,0,14,0,0,2,0,5,14,2,10,0.007152296000072056,36,0,5,30,34,21,0.007714780000014798,1,23,22,23,23,0,0,23,2,1,0.010808321000013166
s1_1000,S1-455236690,S2,India,selective_v2_compact,0,12,0,0,2,3,10,12,3,7,0.012179054000398537,28,3,13,25,205,167,0.01254866099998253,0,192,192,192,86,1,1,60,0,0,0.022433563000049617
s1_1000,S1-455236690,S3,India,selective_v2_compact,0,11,0,0,0,3,11,11,3,8,0.011822387000052004,28,3,14,23,168,109,0.01216826300003504,0,146,146,146,93,1,1,60,2,0,0.019110681000029217
s1_1000,S1-323308288,S2,India,selective_v2_compact,0,14,10,1,0,0,42,4,0,4,0.019762031000141178,91,10,52,8,252,249,0.020566229999985808,12,249,249,261,93,1,1,60,1,12,0.033167562000016915
s1_1000,S1-323308288,S3,India,selective_v2_compact,0,14,10,1,0,0,38,4,0,4,0.01833625800009031,91,10,48,8,208,208,0.019222854999952688,9,208,208,217,87,1,1,60,2,9,0.03000112999995963
s1_1000,S1-318532201,S2,US,selective_v2_compact,0,14,0,0,5,0,1,14,1,8,0.006461564999995062,36,0,1,28,69,44,0.007106571999997868,1,45,44,45,40,0,0,40,2,1,0.00918387999990955
s1_1000,S1-318532201,S3,US,selective_v2_compact,0,14,4,1,2,0,2,10,0,8,0.007137689999694885,36,1,3,20,274,254,0.007855913999947006,1,255,254,255,109,1,1,60,1,1,0.017885137999996914
s1_1000,S1-149793766,S2,India,selective_v2_compact,0,14,0,0,2,0,9,14,4,8,0.014443281999774626,120,0,9,31,128,104,0.016466896999986602,1,113,113,114,41,0,0,41,1,1,0.028300039000100696
s1_1000,S1-149793766,S3,India,selective_v2_compact,0,14,0,1,0,0,5,14,1,13,0.016554587999735304,120,0,5,31,418,266,0.01875487699999212,8,270,269,277,66,1,1,60,1,8,0.04494142399994416
s1_1000,S1-654838535,S2,US,selective_v2_compact,0,14,0,0,0,0,5,14,0,14,0.005121620999602783,28,1,6,29,176,132,0.005603090000022348,0,160,160,160,80,1,1,60,2,0,0.024238350000018727
s1_1000,S1-654838535,S3,US,selective_v2_compact,0,14,0,0,0,0,5,14,0,14,0.005266554000058932,28,1,6,29,199,139,0.005747413999984019,1,173,172,173,80,1,1,60,1,1,0.02434454799993091
s1_1000,S1-867508332,S2,US,selective_v2_compact,0,14,0,0,3,0,3,14,0,11,0.010561019999954624,21,0,3,30,323,38,0.010932309000054374,1,278,277,278,101,1,1,60,3,1,0.021701780000057624
s1_1000,S1-867508332,S3,US,selective_v2_compact,0,14,0,0,1,0,3,14,0,13,0.011006218000034096,21,0,3,30,324,55,0.011412580999945021,2,283,281,283,103,1,1,60,1,2,0.02252857899998162
s1_1000,S1-181933717,S2,US,selective_v2_compact,0,14,5,1,0,0,7,9,2,7,0.01801534300000185,28,1,8,18,321,304,0.01855235100003938,4,308,304,308,79,1,1,60,3,4,0.04073409199997968
s1_1000,S1-181933717,S3,US,selective_v2_compact,0,14,5,1,0,0,6,9,2,7,0.02442247099997985,28,1,7,18,264,248,0.024932897999974557,1,249,248,249,94,1,1,60,2,1,0.034998255000004974
s1_1000,S1-492734844,S2,US,selective_v2_compact,0,14,9,1,0,0,4,5,0,5,0.013491966999936267,28,0,4,10,233,216,0.014001297000049817,1,217,216,217,42,0,0,42,4,1,0.022621461999960957
s1_1000,S1-492734844,S3,US,selective_v2_compact,0,14,3,1,0,0,5,11,1,10,0.01542137700027979,28,0,5,23,297,227,0.01595333499994922,1,282,281,282,82,1,1,60,3,1,0.031099702999995316
s1_1000,S1-412918045,S2,US,selective_v2_compact,0,14,4,1,2,0,5,10,0,8,0.007236389000240706,36,1,6,20,204,200,0.007902059000002737,171,200,200,371,138,1,1,60,1,42,0.023972952000008263
s1_1000,S1-412918045,S3,US,selective_v2_compact,0,14,1,1,0,0,7,13,3,10,0.02198479399999087,36,3,10,26,240,217,0.022682291000023724,165,218,217,382,136,1,1,60,3,43,0.042702576000010595
s1_1000,S1-130795020,S2,US,selective_v2_compact,0,14,6,1,4,0,3,8,0,4,0.006946059999904719,28,1,4,16,270,270,0.007506156000090414,0,270,270,270,83,1,1,60,0,0,0.028340405999983886
s1_1000,S1-130795020,S3,US,selective_v2_compact,0,14,5,1,0,0,3,9,1,8,0.008621477999781746,28,1,4,18,281,262,0.009183494000012615,0,262,262,262,76,1,1,60,4,0,0.02993227999991177
s1_1000,S1-818732511,S2,India,selective_v2_compact,0,14,8,1,0,0,46,6,0,6,0.01915190999989136,120,15,61,12,298,293,0.020375292000039735,0,293,293,293,88,1,1,60,1,0,0.045980128999985936
s1_1000,S1-818732511,S3,India,selective_v2_compact,0,14,9,1,0,0,44,5,0,5,0.016685010999935912,120,10,54,10,254,252,0.01800307000007706,0,252,252,252,95,1,1,60,1,0,0.03582539500007442
s1_1000,S1-966769496,S2,India,selective_v2_compact,0,14,7,1,0,0,14,7,2,5,0.005800661999955992,78,3,17,15,219,211,0.006991889000005358,0,214,214,214,77,1,1,60,3,0,0.017415232999951513
s1_1000,S1-966769496,S3,India,selective_v2_compact,0,14,0,0,3,0,8,14,2,9,0.08404460599990671,78,0,8,29,106,82,0.08538192499997876,1,85,85,86,70,1,1,60,2,1,0.09655832799990094
s1_1000,S1-604234644,S2,India,selective_v2_compact,0,14,0,0,0,0,8,14,3,11,0.020526492000158214,45,0,8,29,239,182,0.021325499999989006,1,214,213,214,114,1,1,60,1,1,0.039110671000003094
s1_1000,S1-604234644,S3,India,selective_v2_compact,0,14,0,1,0,0,2,14,2,12,0.07675151799969626,45,0,2,30,372,251,0.07773382699997455,0,324,324,324,90,1,1,60,3,0,0.09750428200004535
s1_1000,S1-970543893,S2,US,selective_v2_compact,0,14,3,1,7,0,1,11,0,4,0.005498561999843332,21,0,1,23,238,235,0.00596720099997583,0,236,236,236,80,1,1,60,0,0,0.028411893999987115
s1_1000,S1-970543893,S3,US,selective_v2_compact,0,14,0,0,4,0,1,14,1,9,0.00540103199978148,21,0,1,30,165,102,0.00582405000000108,0,157,157,157,79,1,1,60,0,0,0.014796315000012328
s1_1000,S1-753418700,S2,India,selective_v2_compact,0,14,0,0,0,0,26,14,1,13,0.03249645399989731,120,3,29,31,302,195,0.03425196099999539,2,244,242,244,65,1,1,60,3,2,0.061622689000046194
s1_1000,S1-753418700,S3,India,selective_v2_compact,0,14,0,0,0,0,24,14,2,12,0.03665205300023899,120,1,25,31,233,131,0.03846106299999974,0,190,190,190,66,1,1,60,2,0,0.05503837399999156
s1_1000,S1-143815498,S2,US,selective_v2_compact,0,14,5,1,0,0,3,9,1,8,0.017316528000151266,28,0,3,20,399,201,0.017882955000004586,0,370,370,370,114,1,1,60,2,0,0.03242779000004248
s1_1000,S1-143815498,S3,US,selective_v2_compact,0,14,5,1,0,0,3,9,1,8,0.01829247300008774,28,0,3,20,464,228,0.018900562999988324,0,435,435,435,112,1,1,60,3,0,0.036305014000049596
s1_1000,S1-405331834,S2,US,selective_v2_compact,0,14,2,1,0,0,7,12,1,11,0.019577215999902364,28,1,8,26,556,212,0.020112110000013672,1,471,470,471,105,1,1,60,0,1,0.05186705100004474
s1_1000,S1-405331834,S3,US,selective_v2_compact,0,14,2,1,0,0,7,12,1,11,0.021157168999820897,28,1,8,24,330,297,0.0217095650000374,0,297,297,297,101,1,1,60,2,0,0.04809033800006546
s1_1000,S1-479745393,S2,US,selective_v2_compact,0,14,6,1,0,1,4,8,0,8,0.006520034999880409,21,1,5,17,282,209,0.006908680000037748,1,252,251,252,103,1,1,60,4,1,0.016574655999988863
s1_1000,S1-479745393,S3,US,selective_v2_compact,0,14,6,1,0,1,4,8,0,8,0.006761374000006981,21,1,5,17,301,219,0.007156174999977338,1,262,261,262,108,1,1,60,2,1,0.01720425600001363
s1_1000,S1-427745320,S2,US,selective_v2_compact,0,14,2,1,1,0,5,12,0,11,0.02601560799996605,28,0,5,25,415,237,0.026620806999972046,0,364,364,364,105,1,1,60,1,0,0.05729130500003521
s1_1000,S1-427745320,S3,US,selective_v2_compact,0,14,2,1,0,0,5,12,0,12,0.027869068000313746,28,0,5,25,431,275,0.028453890000037063,1,389,388,389,103,1,1,60,2,1,0.056201583000074606
s1_1000,S1-878238472,S2,US,selective_v2_compact,0,14,4,1,0,2,6,10,2,8,0.0198365860001104,28,3,9,20,221,209,0.020292685999947935,2,211,209,211,98,1,1,60,1,2,0.02870320299996365
s1_1000,S1-878238472,S3,US,selective_v2_compact,0,12,3,1,0,3,10,9,1,8,0.03630533599982755,28,3,13,18,229,218,0.03669489700007489,1,219,218,219,99,1,1,60,1,1,0.05275273000006564
s1_1000,S1-177242080,S2,India,selective_v2_compact,0,14,5,1,0,0,28,9,0,9,0.0142475350002087,78,21,49,20,281,246,0.014909379000073386,1,260,259,260,98,1,1,60,1,1,0.02715900700002294
s1_1000,S1-177242080,S3,India,selective_v2_compact,0,14,4,1,0,0,36,10,1,9,0.018125833000112834,78,10,46,22,302,272,0.018832818999953815,0,280,280,280,102,1,1,60,3,0,0.044375597999987804
s1_1000,S1-514524433,S2,US,selective_v2_compact,0,14,0,0,0,0,1,14,0,14,0.006352134000167098,21,0,1,30,276,190,0.006815038000013374,1,222,221,222,89,1,1,60,1,1,0.02004959000009876
s1_1000,S1-514524433,S3,US,selective_v2_compact,0,14,0,0,0,0,1,14,1,13,0.00665951500002393,21,0,1,29,124,64,0.0070581420000053186,1,108,107,108,104,1,1,60,1,1,0.01385928500008049
s1_1000,S1-368975208,S2,US,selective_v2_compact,0,14,2,1,0,0,9,12,0,12,0.019550704999801383,36,1,10,25,268,201,0.02021024500004387,4,224,220,224,79,1,1,60,1,4,0.039096208999922055
s1_1000,S1-368975208,S3,US,selective_v2_compact,0,14,2,1,0,0,9,12,0,12,0.02088612000034118,36,1,10,25,310,214,0.021492392000027394,6,242,236,242,77,1,1,60,3,6,0.04177691999996114
s1_1000,S1-416368005,S2,India,selective_v2_compact,0,14,6,1,0,0,29,8,0,8,0.011282284999992953,91,6,35,18,291,216,0.012391047000051003,0,246,246,246,88,1,1,60,1,0,0.026913151000030666
s1_1000,S1-416368005,S3,India,selective_v2_compact,0,14,7,1,0,0,27,7,0,7,0.009182240999962232,91,3,30,16,271,230,0.010393286000066837,0,256,256,256,93,1,1,60,2,0,0.022494853000011972
s1_1000,S1-774688070,S2,US,selective_v2_compact,0,14,0,0,4,0,9,14,3,7,0.027892569000186995,55,1,10,29,179,112,0.028790845000003173,1,165,164,165,110,1,1,60,2,1,0.03698294299999816
s1_1000,S1-774688070,S3,US,selective_v2_compact,0,14,3,1,0,0,14,11,3,8,0.01369669000007434,55,3,17,22,211,204,0.014506155000049148,1,205,204,205,105,1,1,60,2,1,0.02517415699992398
s1_1000,S1-154389957,S2,US,selective_v2_compact,0,14,0,0,0,0,0,14,0,14,0.0062343480002482465,15,0,0,28,134,108,0.0065848509999568705,1,109,108,109,59,0,0,59,1,1,0.011818484999935208
s1_1000,S1-154389957,S3,US,selective_v2_compact,0,14,0,0,0,0,0,14,0,14,0.006479383999931088,15,0,0,28,150,116,0.006844732999979897,1,117,116,117,56,0,0,56,3,1,0.011479952000058802
s1_1000,S1-619997739,S2,US,selective_v2_compact,0,14,8,1,0,0,8,6,0,6,0.027583315000015318,28,1,9,12,237,224,0.028054847000021255,2,226,224,226,112,1,1,60,2,2,0.04266896900003303
s1_1000,S1-619997739,S3,US,selective_v2_compact,0,14,10,1,0,0,8,4,0,4,0.02130978800005323,28,1,9,8,204,200,0.021760664999987966,2,202,200,202,113,1,1,60,3,2,0.030049330999986523
s1_1000,S1-337076534,S2,India,selective_v2_compact,0,14,5,1,0,0,6,9,0,9,0.018560141000079966,55,15,21,18,242,216,0.019334619999995084,2,218,216,218,108,1,1,60,2,2,0.032874569999989944
s1_1000,S1-337076534,S3,India,selective_v2_compact,0,14,5,1,0,0,12,9,0,9,0.011806976999878316,55,10,22,19,301,200,0.012534292000054847,1,254,253,254,110,1,1,60,5,1,0.024583254999924975
s1_1000,S1-107342523,S2,US,selective_v2_compact,0,14,0,0,2,1,3,14,2,10,0.013910764999877756,21,1,4,28,221,182,0.014350005999972382,46,193,182,228,115,1,1,60,0,45,0.026552179999953296
s1_1000,S1-107342523,S3,US,selective_v2_compact,0,14,0,1,0,1,3,14,2,12,0.014988592999998218,21,1,4,28,280,223,0.015476583999998184,40,233,223,263,105,1,1,60,3,40,0.030565876999958164
s1_1000,S1-996331863,S2,US,selective_v2_compact,0,14,0,0,3,0,1,14,0,11,0.004219882000256803,15,0,1,29,222,108,0.0045471919999044985,1,207,206,207,111,1,1,60,1,1,0.013455189000069367
s1_1000,S1-996331863,S3,US,selective_v2_compact,0,14,0,0,4,0,1,14,0,10,0.004571726000108356,15,0,1,29,253,134,0.004928709999944658,2,234,232,234,109,1,1,60,2,2,0.01520506999997906
s1_1000,S1-218396099,S2,India,selective_v2_compact,0,14,3,1,0,0,41,11,1,10,0.016561719999799607,120,28,69,22,239,219,0.017673040000090623,0,219,219,219,108,1,1,60,2,0,0.035566233000054126
s1_1000,S1-218396099,S3,India,selective_v2_compact,0,14,0,1,0,0,45,14,3,11,0.030289167999853817,120,21,66,28,241,233,0.03147884600002726,2,235,233,235,98,1,1,60,2,2,0.058582451000006586
s1_1000,S1-278891792,S2,India,selective_v2_compact,0,14,8,1,0,0,29,6,0,6,0.03396287900000061,120,6,35,12,329,305,0.03567846900000404,3,308,305,308,98,1,1,60,5,3,0.06932482600007006
s1_1000,S1-278891792,S3,India,selective_v2_compact,0,14,6,1,0,0,21,8,0,8,0.015364329000135513,120,3,24,16,248,238,0.017220542000018213,0,238,238,238,78,1,1,60,1,0,0.028730418000009195
s1_1000,S1-167735850,S2,India,selective_v2_compact,0,14,4,1,0,0,36,10,1,9,0.01457106999998814,120,10,46,22,293,219,0.016008048000003328,0,262,262,262,103,1,1,60,1,0,0.03222693300006085
s1_1000,S1-167735850,S3,India,selective_v2_compact,0,14,1,1,0,0,32,13,2,11,0.11714303600001585,120,6,38,28,311,240,0.11876595499995801,0,278,278,278,96,1,1,60,2,0,0.14623324899991985
s1_1000,S1-10023404,S2,US,selective_v2_compact,0,14,0,0,6,0,2,14,2,6,0.009174008999934813,21,0,2,28,94,94,0.009573707999948056,1,94,94,95,50,0,0,50,1,1,0.013631272999987232
s1_1000,S1-10023404,S3,US,selective_v2_compact,0,14,2,1,0,1,4,12,3,9,0.013086557999827164,21,1,5,24,267,247,0.013517584999931387,0,247,247,247,71,1,1,60,1,0,0.03267079800002648
s1_1000,S1-105174860,S2,US,selective_v2_compact,0,14,6,1,0,0,5,8,1,7,0.015493829999968511,28,0,5,17,280,224,0.016011172999924383,1,264,263,264,97,1,1,60,1,1,0.033956528999965485
s1_1000,S1-105174860,S3,US,selective_v2_compact,0,14,2,1,0,0,6,12,2,10,0.020269466000058856,28,0,6,25,303,247,0.02080812799999876,1,289,288,289,98,1,1,60,1,1,0.04674679100003232
s1_1000,S1-74282883,S2,US,selective_v2_compact,0,11,6,1,0,0,3,5,0,5,0.010029386999917733,15,1,4,10,274,274,0.010376037000014549,0,274,274,274,104,1,1,60,1,0,0.03287378000004537
s1_1000,S1-74282883,S3,US,selective_v2_compact,0,10,2,1,0,0,4,8,1,7,0.014344929000003503,15,1,5,16,253,239,0.014654939999900307,3,241,239,242,78,1,1,60,3,3,0.03295195500004411
s1_1000,S1-449905273,S2,India,selective_v2_compact,0,14,0,0,4,0,11,14,2,8,0.007043075999831672,36,1,12,30,108,45,0.007537669999919672,4,84,84,88,77,1,1,60,1,4,0.013500138000040351
s1_1000,S1-449905273,S3,India,selective_v2_compact,0,14,0,0,2,0,10,14,3,9,0.014966825999636058,28,1,11,29,177,65,0.015340791999960857,10,94,94,104,86,1,1,60,1,10,0.021344332999888138
s1_1000,S1-583248454,S2,US,selective_v2_compact,0,14,0,0,6,0,4,14,0,8,0.026679840000042532,28,0,4,29,400,131,0.027237208000087776,1,362,361,362,81,1,1,60,1,1,0.04444244800004071
s1_1000,S1-583248454,S3,US,selective_v2_compact,0,14,6,1,1,0,5,8,0,7,0.020625186000188478,28,0,5,16,235,217,0.021170726999912404,1,218,217,218,101,1,1,60,1,1,0.030038390999948206
s1_1000,S1-380737728,S2,India,selective_v2_compact,0,14,0,0,0,0,6,14,1,13,0.007471555999586599,28,1,7,29,252,146,0.008004265999943527,1,192,191,192,91,1,1,60,1,1,0.01933178800004498
s1_1000,S1-380737728,S3,India,selective_v2_compact,0,14,0,0,0,0,6,14,0,14,0.012421027000300455,28,0,6,30,301,103,0.012988282000037543,1,195,194,195,98,1,1,60,1,1,0.022646645999998327
s1_1000,S1-579315496,S2,India,selective_v2_compact,0,14,2,1,0,0,27,12,1,11,0.010629344999983914,105,28,55,25,274,222,0.011672740999983944,0,231,231,231,111,1,1,60,1,0,0.029430186000013236
s1_1000,S1-579315496,S3,India,selective_v2_compact,0,14,1,1,0,0,31,13,2,11,0.02733223500024451,105,21,52,27,255,216,0.02841865899995355,2,227,225,227,103,1,1,60,3,2,0.04635113800009094
s1_1000,S1-144692554,S2,US,selective_v2_compact,0,14,5,1,1,0,5,9,1,7,0.015118238000241035,28,0,5,18,298,281,0.015682167000022673,0,281,281,281,80,1,1,60,0,0,0.03597373500008416
s1_1000,S1-144692554,S3,US,selective_v2_compact,0,14,7,1,0,0,6,7,0,7,0.0143604319998758,28,1,7,14,204,200,0.014868854999917858,0,200,200,200,78,1,1,60,2,0,0.02300863000004938
s1_1000,S1-750911675,S2,US,selective_v2_compact,0,14,1,1,0,0,3,13,0,13,0.02835447400002522,21,0,3,28,309,267,0.028819179999914013,1,278,277,278,88,1,1,60,1,1,0.053956058000039775
s1_1000,S1-750911675,S3,US,selective_v2_compact,0,14,2,1,4,0,3,12,0,8,0.023272672000075545,21,0,3,26,244,202,0.023731007999913345,3,220,217,220,82,1,1,60,1,3,0.037347823999994034
s1_1000,S1-163567129,S2,US,selective_v2_compact,0,14,1,1,1,0,8,13,1,11,0.010469523999972807,45,1,9,27,290,201,0.011257894000095803,0,267,267,267,114,1,1,60,1,0,0.024074289000054705
s1_1000,S1-163567129,S3,US,selective_v2_compact,0,14,4,1,3,0,9,10,0,7,0.01020317899985912,45,3,12,21,328,235,0.01093476800008375,0,297,297,297,117,1,1,60,3,0,0.022725075999915134
s1_1000,S1-357016874,S2,India,selective_v2_compact,0,14,5,1,0,0,11,9,0,9,0.0070722379996368545,55,3,14,19,295,233,0.007969638000076884,1,256,255,256,78,1,1,60,2,1,0.026496503000089433
s1_1000,S1-357016874,S3,India,selective_v2_compact,0,14,0,1,0,0,11,14,1,13,0.05088520299955235,55,3,14,29,271,221,0.051766185000019505,1,239,238,239,77,1,1,60,1,1,0.07700844900000448
s1_1000,S1-409176003,S2,US,selective_v2_compact,0,14,7,1,0,0,13,7,0,7,0.019678122999948755,36,1,14,14,235,222,0.020181234000006043,64,224,222,286,131,1,1,60,2,53,0.031620336999935716
s1_1000,S1-409176003,S3,US,selective_v2_compact,0,14,7,1,0,0,11,7,0,7,0.021133926000061365,36,3,14,14,273,267,0.021678404999988743,49,268,267,316,137,1,1,60,1,47,0.047004574999959914
s1_1000,S1-121010724,S2,US,selective_v2_compact,0,14,3,1,0,0,6,11,3,8,0.022608130000094206,28,0,6,22,228,211,0.02311039599999276,30,212,211,241,135,1,1,60,1,30,0.04377740499990068
s1_1000,S1-121010724,S3,US,selective_v2_compact,0,14,3,1,1,0,5,11,3,7,0.02524387599999045,28,1,6,22,279,246,0.025806378000083896,40,247,246,286,150,1,1,60,2,40,0.04501358100003472
s1_1000,S1-24665483,S2,India,selective_v2_compact,0,14,2,1,0,0,6,12,1,11,0.008541248000142332,120,1,7,24,246,227,0.01082954499997868,0,227,227,227,58,0,0,58,1,0,0.02536305099999936
s1_1000,S1-24665483,S3,India,selective_v2_compact,0,14,0,0,5,0,6,14,1,8,0.012922121999849878,120,0,6,29,251,190,0.01511414699996294,0,248,248,248,93,1,1,60,0,0,0.030073404999939157
s1_1000,S1-909373815,S2,US,selective_v2_compact,0,14,0,0,0,0,6,14,0,14,0.01627295600007983,28,1,7,29,326,83,0.01672892400006276,0,278,278,278,102,1,1,60,1,0,0.03000318400006563
s1_1000,S1-909373815,S3,US,selective_v2_compact,0,14,0,0,0,0,6,14,0,14,0.01786628400009249,28,1,7,29,357,106,0.018351694999978463,0,323,323,323,104,1,1,60,1,0,0.03599238999993304
s1_1000,S1-309786236,S2,US,selective_v2_compact,0,14,5,1,2,0,7,9,0,7,0.011403438000002097,55,1,8,18,217,201,0.01240015600001243,2,203,201,203,87,1,1,60,2,2,0.02051260199993976
s1_1000,S1-309786236,S3,US,selective_v2_compact,0,14,7,1,0,0,11,7,0,7,0.01630127400017045,55,3,14,14,228,214,0.0171340130000317,2,216,214,216,78,1,1,60,2,2,0.030329166999990775
s1_1000,S1-687394374,S2,US,selective_v2_compact,0,14,0,0,0,0,4,14,0,14,0.01365418299974408,36,1,5,31,412,145,0.01433280600008402,1,339,338,339,109,1,1,60,2,1,0.04450964800003021
s1_1000,S1-687394374,S3,US,selective_v2_compact,0,14,0,0,0,0,4,14,0,14,0.013728574000083427,36,1,5,31,405,132,0.014446583999983886,2,336,334,336,109,1,1,60,2,2,0.04215479200001937
s1_1000,S1-680746477,S2,India,selective_v2_compact,0,14,0,0,1,0,38,14,4,9,0.04512826299992412,91,21,59,29,377,197,0.0458874639999749,0,253,253,253,113,1,1,60,0,0,0.05929226599994308
s1_1000,S1-680746477,S3,India,selective_v2_compact,0,14,0,0,0,8,50,14,4,10,0.031650585999841496,91,10,60,28,240,190,0.03238532299997132,1,191,190,191,100,1,1,60,4,1,0.0494461030000366
s1_1000,S1-585283089,S2,US,selective_v2_compact,0,14,0,0,0,0,0,14,0,14,0.006984366999972735,15,0,0,28,27,2,0.00725104499997542,2,4,2,4,4,0,0,4,3,2,0.007744353999896703
s1_1000,S1-585283089,S3,US,selective_v2_compact,0,14,0,0,1,0,0,14,0,13,0.0074006680000593406,15,0,0,28,24,8,0.007685746999982257,0,8,8,8,8,0,0,8,1,0,0.008309585000006336
s1_1000,S1-879203325,S2,India,selective_v2_compact,0,13,2,1,0,6,7,11,2,9,0.006207526000139296,36,10,17,23,257,240,0.006672365999975227,4,243,242,246,86,1,1,60,2,4,0.02416911899990737
s1_1000,S1-879203325,S3,India,selective_v2_compact,0,14,6,1,0,3,10,8,1,7,0.008616165000034925,36,6,16,17,231,213,0.009086362999937592,8,217,217,225,77,1,1,60,4,8,0.020025824999947872
s1_1000,S1-844761107,S2,US,selective_v2_compact,0,14,6,1,0,0,8,8,0,8,0.014482867000083388,28,1,9,16,242,238,0.014953227999967567,0,238,238,238,99,1,1,60,1,0,0.024363740000012513
s1_1000,S1-844761107,S3,US,selective_v2_compact,0,14,0,0,0,0,9,14,0,14,0.01901754000004985,28,1,10,28,156,129,0.019435535999946296,0,129,129,129,86,1,1,60,1,0,0.024637747999918247
s1_1000,S1-304946100,S2,US,selective_v2_compact,0,14,3,1,0,0,16,11,3,8,0.025329895000027136,55,1,17,22,317,305,0.02622584099992764,49,306,305,354,133,1,1,60,1,46,0.05135349700003644
s1_1000,S1-304946100,S3,US,selective_v2_compact,0,14,8,1,0,0,18,6,1,5,0.01633645400011119,55,1,19,12,222,219,0.017087429000071097,60,219,219,279,128,1,1,60,2,47,0.032425866000039605
s1_1000,S1-515747615,S2,US,selective_v2_compact,0,13,7,1,0,2,10,6,1,5,0.011617236999882152,28,3,13,13,254,217,0.011994471999969392,47,244,243,290,111,1,1,60,2,44,0.023312079999982416
s1_1000,S1-515747615,S3,US,selective_v2_compact,0,13,7,1,0,2,10,6,1,5,0.013271445999976095,28,3,13,13,271,240,0.013660785999945801,63,267,266,329,114,1,1,60,1,46,0.02668069200001355
s1_1000,S1-384966707,S2,US,selective_v2_compact,0,14,0,0,2,0,5,14,1,11,0.0046258259999376605,36,1,6,30,223,24,0.005209003000004486,1,177,176,177,86,1,1,60,3,1,0.01256163900006868
s1_1000,S1-384966707,S3,US,selective_v2_compact,0,14,0,0,5,0,5,14,1,8,0.11730482299992673,36,3,8,30,266,26,0.1178718480000498,0,224,224,224,91,1,1,60,0,0,0.1270677169999317
s1_1000,S1-744779380,S2,US,selective_v2_compact,0,14,2,1,4,0,3,12,0,8,0.015915225000071587,28,0,3,25,301,237,0.016481169000030604,1,295,294,295,119,1,1,60,1,1,0.03024949200005267
s1_1000,S1-744779380,S3,US,selective_v2_compact,0,14,2,1,3,0,3,12,0,9,0.01713004899988846,28,0,3,24,263,251,0.017714092999995046,0,251,251,251,84,1,1,60,1,0,0.03491639399999258
s1_1000,S1-894981152,S2,US,selective_v2_compact,0,14,9,1,1,2,9,5,0,4,0.015677852999942843,28,1,10,11,408,313,0.016150174000017614,1,397,396,397,120,1,1,60,0,1,0.04577719799999613
s1_1000,S1-894981152,S3,US,selective_v2_compact,0,14,8,1,1,0,10,6,0,5,0.018845656000053168,28,1,11,13,306,212,0.019292283000027055,1,287,286,287,119,1,1,60,1,1,0.03400988300006702
s1_1000,S1-599108848,S2,US,selective_v2_compact,0,11,0,0,0,0,4,11,1,10,0.017702333999977782,15,0,4,22,197,150,0.01800598199997694,24,174,150,174,87,1,1,60,2,24,0.025797409000006155
s1_1000,S1-599108848,S3,US,selective_v2_compact,0,11,0,0,0,0,4,11,1,10,0.018443819999788502,15,0,4,22,182,154,0.018748614000060115,21,175,154,175,86,1,1,60,2,21,0.026604672999951617
s1_1000,S1-265935406,S2,US,selective_v2_compact,0,14,7,1,0,0,12,7,0,7,0.03144897599997876,36,1,13,14,233,228,0.03199086300003273,1,229,228,229,99,1,1,60,1,1,0.05076963099998011
s1_1000,S1-265935406,S3,US,selective_v2_compact,0,14,7,1,0,0,12,7,0,7,0.03425397700004851,36,1,13,14,256,245,0.034774026999912167,1,246,245,246,101,1,1,60,2,1,0.05117634399994131
s1_1000,S1-384623955,S2,India,selective_v2_compact,0,14,4,1,0,0,24,10,1,9,0.020760840000093594,105,10,34,22,310,229,0.022185638999985713,0,246,246,246,91,1,1,60,3,0,0.036475697000014407
s1_1000,S1-384623955,S3,India,selective_v2_compact,0,14,3,1,0,0,22,11,1,10,0.02976175899982536,105,10,32,24,290,200,0.031178577999980917,1,232,232,233,103,1,1,60,1,1,0.04230068599997594
s1_1000,S1-642055972,S2,India,selective_v2_compact,0,14,0,0,0,0,18,14,5,9,0.01955776900001638,55,10,28,29,180,133,0.020169447000057517,0,135,135,135,89,1,1,60,2,0,0.03060665499992865
s1_1000,S1-642055972,S3,India,selective_v2_compact,0,14,4,1,1,0,16,10,2,7,0.014515472999960366,55,10,26,21,281,272,0.015175131999967562,0,274,274,274,117,1,1,60,1,0,0.02851725499999702
s1_1000,S1-841451402,S2,India,selective_v2_compact,0,14,7,1,1,0,33,7,1,5,0.07708985700003268,91,21,54,15,324,257,0.07795478100001674,0,317,317,317,86,1,1,60,1,0,0.10017342200001167
s1_1000,S1-841451402,S3,India,selective_v2_compact,0,14,8,1,0,0,32,6,0,6,0.008671309999954246,91,21,53,13,281,210,0.009496389999981147,1,266,265,266,89,1,1,60,5,1,0.02232636700000512
s1_1000,S1-909919632,S2,India,selective_v2_compact,0,14,6,1,0,0,17,8,0,8,0.01143380899998192,55,10,27,17,304,219,0.012073876000044947,1,249,248,249,115,1,1,60,1,1,0.024020578999966347
s1_1000,S1-909919632,S3,India,selective_v2_compact,0,14,4,1,0,0,18,10,0,10,0.014918953999881523,55,10,28,21,342,233,0.015610380999987683,0,263,263,263,105,1,1,60,1,0,0.03353675400001066
s1_1000,S1-364947441,S2,US,selective_v2_compact,0,12,0,0,0,0,3,12,0,12,0.01471852699989995,15,0,3,25,160,115,0.015001617999928385,0,127,127,127,81,1,1,60,3,0,0.02019696100001056
s1_1000,S1-364947441,S3,US,selective_v2_compact,0,12,0,0,0,0,3,12,0,12,0.01868999300018004,15,0,3,25,228,186,0.01901781900005517,1,201,200,201,82,1,1,60,3,1,0.03082916000005298
s1_1000,S1-431196769,S2,India,selective_v2_compact,0,14,5,1,0,0,21,9,0,9,0.010359078000078625,105,21,42,20,324,245,0.011588425000013558,1,294,293,294,78,1,1,60,3,1,0.0343526159999783
s1_1000,S1-431196769,S3,India,selective_v2_compact,0,14,3,1,0,0,24,11,0,11,0.020996897999793873,105,15,39,24,363,281,0.022317873000019972,0,333,333,333,113,1,1,60,3,0,0.045211254000037115
s1_1000,S1-939078389,S2,US,selective_v2_compact,0,14,4,1,0,0,6,10,0,10,0.015400502000034066,28,1,7,21,376,296,0.01594783199993799,4,341,337,341,112,1,1,60,2,4,0.042465503000016724
s1_1000,S1-939078389,S3,US,selective_v2_compact,0,14,5,1,1,0,6,9,0,8,0.014195692999919629,28,1,7,19,286,212,0.01475510000000213,6,260,254,260,113,1,1,60,2,6,0.029241908000017247
s1_1000,S1-804230106,S2,US,selective_v2_compact,0,14,8,1,0,0,7,6,1,5,0.017396374999975706,55,0,7,13,257,250,0.01835181699993882,1,253,252,253,80,1,1,60,1,1,0.028661250000027394
s1_1000,S1-804230106,S3,US,selective_v2_compact,0,14,0,0,0,0,8,14,2,12,0.03327266099984172,55,0,8,29,220,166,0.03422996699998748,1,173,172,173,74,1,1,60,3,1,0.04335695999998279
s1_1000,S1-81605219,S2,US,selective_v2_compact,0,14,3,1,2,0,4,11,0,9,0.01208252599997195,45,0,4,23,299,241,0.01294580399996903,0,286,286,286,86,1,1,60,1,0,0.03525078799998482
s1_1000,S1-81605219,S3,US,selective_v2_compact,0,14,3,1,0,0,8,11,1,10,0.020248442999900362,45,1,9,23,302,232,0.02102151299993693,1,283,282,283,89,1,1,60,2,1,0.035785504999921613
s1_1000,S1-669371909,S2,US,selective_v2_compact,0,14,0,0,1,0,12,14,0,13,0.030657072000281005,45,1,13,30,391,188,0.031361396999955105,0,333,333,333,115,1,1,60,2,0,0.04513007100001687
s1_1000,S1-669371909,S3,US,selective_v2_compact,0,14,6,1,0,0,12,8,0,8,0.025685107999834145,45,1,13,18,402,204,0.02636092299997017,0,372,372,372,118,1,1,60,1,0,0.06084845600003064
s1_1000,S1-722211742,S2,US,selective_v2_compact,0,14,6,1,0,1,4,8,0,8,0.016739269999902717,21,1,5,17,251,200,0.01714280900000631,0,235,235,235,106,1,1,60,1,0,0.02818755600003442
s1_1000,S1-722211742,S3,US,selective_v2_compact,0,14,8,1,0,1,4,6,0,6,0.015792800999975043,21,1,5,13,235,210,0.016181875000029322,1,230,229,230,113,1,1,60,1,1,0.02566220100004557
s1_1000,S1-344389867,S2,India,selective_v2_compact,0,14,0,0,2,0,6,14,0,12,0.007662602000095831,36,1,7,31,204,131,0.008259144000021479,3,159,156,159,80,1,1,60,1,3,0.015644666000071084
s1_1000,S1-344389867,S3,India,selective_v2_compact,0,14,6,1,0,0,6,8,0,8,0.011069828999893616,36,1,7,19,294,232,0.011720792000005531,15,264,249,264,80,1,1,60,2,15,0.029748102999974435
s1_1000,S1-245158009,S2,India,selective_v2_compact,0,14,9,1,1,8,34,5,0,4,0.008331537000003664,91,28,62,10,235,234,0.008944252999981472,0,234,234,234,118,1,1,60,1,0,0.026268836999975065
s1_1000,S1-245158009,S3,India,selective_v2_compact,0,14,9,1,1,0,45,5,0,4,0.015140445000042746,91,15,60,10,326,326,0.01590315799990094,0,326,326,326,114,1,1,60,1,0,0.05595045099994422
s1_1000,S1-20197629,S2,US,selective_v2_compact,0,11,6,1,0,0,4,5,0,5,0.01041796200013323,15,0,4,10,259,215,0.010721481000018684,42,257,215,257,95,1,1,60,1,41,0.020680855999898995
s1_1000,S1-20197629,S3,US,selective_v2_compact,0,11,1,1,0,0,4,10,1,9,0.02063610699997298,15,0,4,20,285,234,0.02099057800000992,47,235,234,281,130,1,1,60,4,41,0.03584221999994952
s1_1000,S1-207590961,S2,India,selective_v2_compact,0,14,5,1,0,0,11,9,0,9,0.009735690999832514,66,10,21,21,278,210,0.010698101999992105,1,240,239,240,86,1,1,60,3,1,0.022342493000110153
s1_1000,S1-207590961,S3,India,selective_v2_compact,0,14,2,1,0,0,13,12,1,11,0.019518848999837246,66,6,19,27,264,235,0.020488365000005615,1,243,242,243,96,1,1,60,3,1,0.0435137519999671
s1_1000,S1-526366343,S2,India,selective_v2_compact,0,14,0,1,0,0,11,14,3,11,0.03537856000002648,66,0,11,30,438,329,0.036552839000023596,1,407,406,407,90,1,1,60,2,1,0.07777254799998445
s1_1000,S1-526366343,S3,India,selective_v2_compact,0,14,4,1,0,0,8,10,1,9,0.016923134999956346,66,0,8,21,281,233,0.018161899000006088,0,270,270,270,91,1,1,60,1,0,0.030984026000055565
s1_1000,S1-949007210,S2,US,selective_v2_compact,0,14,0,0,4,0,2,14,0,10,0.019839383999851634,21,0,2,29,213,193,0.02029341899992687,0,202,202,202,88,1,1,60,0,0,0.031933261000062885
s1_1000,S1-949007210,S3,US,selective_v2_compact,0,14,0,0,0,0,3,14,1,13,0.021086289999971086,21,0,3,29,140,100,0.02147738499991192,0,112,112,112,81,1,1,60,1,0,0.03307061900000008
s1_1000,S1-536563041,S2,US,selective_v2_compact,0,14,3,1,0,0,7,11,0,11,0.026449155000022984,28,1,8,25,366,237,0.02698994699994728,2,288,286,288,77,1,1,60,3,2,0.0461176249999653
s1_1000,S1-536563041,S3,US,selective_v2_compact,0,14,4,1,2,0,8,10,0,8,0.02349093400005131,28,1,9,23,294,230,0.023977727999977105,0,268,268,268,80,1,1,60,0,0,0.03510050299996692
s1_1000,S1-527878296,S2,India,selective_v2_compact,0,11,7,1,0,2,17,4,0,4,0.010631887999920764,36,6,23,8,226,226,0.01096346699989681,0,226,226,226,85,1,1,60,1,0,0.021521430999996483
s1_1000,S1-527878296,S3,India,selective_v2_compact,0,10,5,1,0,2,18,5,1,4,0.015205037000100674,36,6,24,10,334,326,0.015569163999998636,4,330,326,330,106,1,1,60,1,4,0.0438366110000743
s1_1000,S1-197999830,S2,US,selective_v2_compact,0,14,5,1,0,0,14,9,1,8,0.029208380000000034,36,1,15,18,262,249,0.029740651999986767,1,250,249,250,100,1,1,60,1,1,0.039566186000001835
s1_1000,S1-197999830,S3,US,selective_v2_compact,0,14,5,1,0,0,14,9,1,8,0.031065090000197415,36,1,15,18,331,310,0.03160556499994982,2,312,310,312,100,1,1,60,2,2,0.05887417300004927
s1_1000,S1-329046602,S2,US,selective_v2_compact,0,10,0,0,0,0,4,10,0,10,0.007438178000029438,15,1,5,21,140,121,0.0077151809999804755,138,128,128,266,152,1,1,60,1,44,0.018139326999971672
s1_1000,S1-329046602,S3,US,selective_v2_compact,0,10,0,0,0,0,4,10,0,10,0.007772574999876269,15,1,5,21,164,122,0.008040350999976908,135,131,131,266,141,1,1,60,3,43,0.018551511000055143
s1_1000,S1-842422827,S2,India,selective_v2_compact,0,14,0,1,0,0,11,14,1,13,0.05097676799994133,78,28,39,30,320,220,0.051838972000041394,0,226,226,226,60,1,0,60,1,0,0.06605035799998404
s1_1000,S1-842422827,S3,India,selective_v2_compact,0,14,0,0,1,0,22,14,0,13,0.013653853999812782,78,15,37,30,248,178,0.01460543299992878,1,186,185,186,75,1,1,60,1,1,0.024188213999991603
s1_1000,S1-97576031,S2,US,selective_v2_compact,0,14,0,0,0,0,2,14,0,14,0.004768826999907105,28,0,2,28,214,126,0.005355382999937319,7,133,126,133,91,1,1,60,3,7,0.012639444999990701
s1_1000,S1-97576031,S3,US,selective_v2_compact,0,14,0,0,2,0,2,14,0,12,0.006115679999993517,28,0,2,29,265,124,0.0067094610000140165,4,179,175,179,86,1,1,60,2,4,0.0175781550000238
s1_1000,S1-244663723,S2,US,selective_v2_compact,0,14,5,1,0,0,3,9,0,9,0.022855145999983506,28,0,3,18,302,282,0.0234557759999916,2,284,282,284,96,1,1,60,3,2,0.046147292999989986
s1_1000,S1-244663723,S3,US,selective_v2_compact,0,14,7,1,0,0,3,7,0,7,0.02073615400001927,28,0,3,14,223,216,0.021292319000053794,1,217,216,217,88,1,1,60,1,1,0.030005179999989195
s1_1000,S1-827192339,S2,US,selective_v2_compact,0,14,0,0,1,0,1,14,0,13,0.0043536740000718055,21,0,1,31,166,77,0.004757896000000983,1,134,133,134,79,1,1,60,2,1,0.01043645100003232
s1_1000,S1-827192339,S3,US,selective_v2_compact,0,14,0,0,5,0,1,14,0,9,0.004771673000050214,21,0,1,31,172,76,0.0051848440000412666,0,142,142,142,80,1,1,60,0,0,0.012035367999942537
s1_1000,S1-282340006,S2,US,selective_v2_compact,0,14,6,1,0,0,12,8,0,8,0.018707770999753848,45,1,13,17,408,318,0.019487533999949846,1,359,358,359,81,1,1,60,1,1,0.04392924600006154
s1_1000,S1-282340006,S3,US,selective_v2_compact,0,14,1,1,1,0,13,13,3,9,0.03587318199981837,45,1,14,27,272,207,0.03655981099996097,4,235,231,235,81,1,1,60,1,4,0.048747303999903124
s1_1000,S1-735626336,S2,US,selective_v2_compact,0,14,0,1,4,0,17,14,3,7,0.024956766000173047,78,3,20,31,350,233,0.026095416999964982,46,301,301,347,147,1,1,60,1,43,0.05445069699999294
s1_1000,S1-735626336,S3,US,selective_v2_compact,0,14,1,1,2,0,27,13,3,8,0.02684707800005981,78,6,33,28,367,261,0.02783974399994804,49,285,285,334,147,1,1,60,0,47,0.05022095200001786
s1_1000,S1-861072437,S2,US,selective_v2_compact,0,14,6,1,0,0,1,8,1,7,0.0064569989998517485,21,1,2,17,325,216,0.006912654999950973,1,302,301,302,78,1,1,60,2,1,0.01862378600003467
s1_1000,S1-861072437,S3,US,selective_v2_compact,0,14,6,1,0,0,1,8,1,7,0.006263019000016357,21,1,2,17,351,231,0.006717406999996456,0,328,328,328,81,1,1,60,1,0,0.019966352999972514
s1_1000,S1-150446399,S2,US,selective_v2_compact,0,14,0,0,3,0,5,14,1,10,0.008748192999860294,55,0,5,30,185,118,0.009693684000012581,2,162,160,162,97,1,1,60,3,2,0.016397231000041756
s1_1000,S1-150446399,S3,US,selective_v2_compact,0,14,0,0,1,0,10,14,2,11,0.013053989000013644,55,1,11,30,115,32,0.013866873999972995,1,87,86,87,66,1,1,60,1,1,0.018911011000000144
s1_1000,S1-446119207,S2,India,selective_v2_compact,0,14,7,1,1,0,17,7,1,5,0.009932106999826829,55,3,20,15,240,223,0.010691316000020379,0,225,225,225,65,1,1,60,1,0,0.02105349299995396
s1_1000,S1-446119207,S3,India,selective_v2_compact,0,14,0,0,0,0,15,14,3,11,0.01656372299976283,55,3,18,29,228,194,0.017367866999961734,2,198,196,198,74,1,1,60,3,2,0.02791787499995735
s1_1000,S1-63291897,S2,US,selective_v2_compact,0,14,8,1,0,0,0,6,0,6,0.020607039999845256,15,0,0,12,237,203,0.020981015000074876,31,234,203,234,90,1,1,60,1,31,0.030057589000080043
s1_1000,S1-63291897,S3,US,selective_v2_compact,0,14,9,1,0,0,0,5,0,5,0.020775221000235433,15,0,0,10,252,211,0.021164132999956564,32,243,211,243,90,1,1,60,3,32,0.033956484999976055
s1_1000,S1-312045154,S2,India,selective_v2_compact,0,14,3,1,0,0,26,11,2,9,0.02738601099963489,78,15,41,23,298,250,0.02822117799996704,2,255,253,255,85,1,1,60,3,2,0.054223390000061045
s1_1000,S1-312045154,S3,India,selective_v2_compact,0,14,0,0,0,0,27,14,4,10,0.03257627100026639,78,10,37,29,171,146,0.03344036500004677,1,147,146,147,81,1,1,60,2,1,0.051209233999998105
s1_1000,S1-737773396,S2,US,selective_v2_compact,0,8,0,0,0,0,2,8,0,8,0.0073719380000056844,10,0,2,16,76,48,0.0075571330000911985,4,52,48,52,51,0,0,51,4,4,0.00985978400001386
s1_1000,S1-737773396,S3,US,selective_v2_compact,0,8,0,0,0,0,2,8,0,8,0.007748118999984399,10,0,2,16,83,72,0.007937726000022849,0,72,72,72,63,1,1,60,2,0,0.011080466999942473
s1_1000,S1-948556352,S2,US,selective_v2_compact,0,14,0,0,7,0,1,14,0,7,0.006073466000202643,15,0,1,29,277,144,0.006428114999948775,0,253,253,253,113,1,1,60,0,0,0.015933936999999787
s1_1000,S1-948556352,S3,US,selective_v2_compact,0,14,0,0,3,0,1,14,0,11,0.006697023000015179,15,0,1,29,374,193,0.0070861340000192286,0,339,339,339,103,1,1,60,0,0,0.020419976999960454
s1_1000,S1-973146494,S2,India,selective_v2_compact,0,14,3,1,0,0,39,11,1,10,0.02331510100009382,105,28,67,23,254,235,0.024171661999957905,0,247,247,247,93,1,1,60,0,0,0.043580844999951296
s1_1000,S1-973146494,S3,India,selective_v2_compact,0,14,0,0,0,0,35,14,3,11,0.0611324669998794,105,28,63,29,185,146,0.0620493470000838,2,160,158,160,96,1,1,60,3,2,0.0707780540000158
s1_1000,S1-126889069,S2,US,selective_v2_compact,0,14,0,1,0,0,9,14,2,12,0.02556348600023739,36,3,12,29,256,202,0.02611576200001764,3,218,215,218,111,1,1,60,1,3,0.044791408000037336
s1_1000,S1-126889069,S3,US,selective_v2_compact,0,14,2,1,0,0,9,12,2,10,0.024917341999980636,36,3,12,25,316,225,0.025514650999980404,3,251,248,251,99,1,1,60,3,3,0.04599585899995873
s1_1000,S1-742486561,S2,US,selective_v2_compact,0,14,7,1,0,0,7,7,0,7,0.017995562000010068,28,1,8,14,237,224,0.018475179999995817,3,227,224,227,83,1,1,60,1,3,0.02719091500000559
s1_1000,S1-742486561,S3,US,selective_v2_compact,0,14,7,1,1,0,8,7,0,6,0.01955316600003698,28,1,9,14,268,262,0.02005717800000184,0,262,262,262,103,1,1,60,1,0,0.03707325400000627
s1_1000,S1-523035722,S2,US,selective_v2_compact,0,14,9,1,0,0,8,5,0,5,0.011450474999833204,36,3,11,11,349,307,0.01205431400001089,2,342,340,342,97,1,1,60,1,2,0.03980398299995613
s1_1000,S1-523035722,S3,US,selective_v2_compact,0,14,10,1,0,0,5,4,0,4,0.009681796000108989,36,6,11,9,253,203,0.010228406999999606,1,240,239,240,77,1,1,60,3,1,0.02000500099995861
s1_1000,S1-901533271,S2,India,selective_v2_compact,0,14,10,1,0,0,9,4,0,4,0.0035806000000775384,36,3,12,9,225,201,0.004095376999998734,0,217,217,217,77,1,1,60,2,0,0.014103851999948347
s1_1000,S1-901533271,S3,India,selective_v2_compact,0,14,5,1,0,0,9,9,1,8,0.03266326599975855,36,3,12,19,291,236,0.03325027500000033,0,248,248,248,108,1,1,60,2,0,0.05008160299996689
s1_1000,S1-442961487,S2,US,selective_v2_compact,0,12,0,0,5,0,3,12,0,7,0.006872442000144474,15,0,3,25,166,58,0.0071288919999688005,0,154,154,154,98,1,1,60,0,0,0.013321328000074573
s1_1000,S1-442961487,S3,US,selective_v2_compact,0,12,0,0,0,0,3,12,0,12,0.007424039999932575,15,0,3,25,197,77,0.00770756800000072,1,178,177,178,106,1,1,60,1,1,0.014876302999937252
s1_1000,S1-213948267,S2,US,selective_v2_compact,0,14,5,1,4,1,5,9,1,4,0.035875839000027554,21,0,5,19,323,256,0.036293280999984745,11,322,311,322,120,1,1,60,0,11,0.058770759000026374
s1_1000,S1-213948267,S3,US,selective_v2_compact,0,14,5,1,3,1,5,9,1,5,0.0362980649997553,21,0,5,19,339,270,0.03672455799994623,11,331,320,331,119,1,1,60,0,11,0.06125357799999165
s1_1000,S1-814233542,S2,US,selective_v2_compact,0,14,5,1,2,0,3,9,0,7,0.026375266000059128,36,0,3,19,413,209,0.027143302000013136,25,405,380,405,110,1,1,60,1,25,0.04326182800002698
s1_1000,S1-814233542,S3,US,selective_v2_compact,0,14,8,1,0,0,11,6,0,6,0.02261382999995476,36,0,11,13,440,215,0.023219933000063975,23,425,402,425,119,1,1,60,1,23,0.04622516999995696
s1_1000,S1-235133990,S2,US,selective_v2_compact,0,13,2,1,3,0,2,11,0,8,0.010126775999992788,15,0,2,22,215,205,0.010486513000046216,1,206,205,206,89,1,1,60,3,1,0.019524093000086395
s1_1000,S1-235133990,S3,US,selective_v2_compact,0,13,0,0,3,0,2,13,0,10,0.011703816000135703,15,0,2,26,190,178,0.01204789600001277,1,179,178,179,81,1,1,60,1,1,0.019241577999991932
s1_1000,S1-312881517,S2,India,selective_v2_compact,0,14,7,1,0,0,9,7,0,7,0.010263487999964127,36,3,12,15,244,200,0.010843330000056994,6,213,207,213,88,1,1,60,4,6,0.021862285999986852
s1_1000,S1-312881517,S3,India,selective_v2_compact,0,14,2,1,1,0,9,12,0,11,0.01870719399994414,36,1,10,25,268,235,0.01935732200001894,5,244,239,244,83,1,1,60,2,5,0.043149230000040006
s1_1000,S1-783743077,S2,US,selective_v2_compact,0,14,0,0,0,0,3,14,2,12,0.010199766999903659,28,0,3,29,77,59,0.010695506999923055,0,66,66,66,61,1,1,60,1,0,0.015834768999980042
s1_1000,S1-783743077,S3,US,selective_v2_compact,0,14,0,0,0,0,3,14,2,12,0.01115616599997793,28,0,3,29,95,68,0.011642100000017308,0,76,76,76,66,1,1,60,2,0,0.019505549999962568
s1_1000,S1-830888917,S2,US,selective_v2_compact,0,14,3,1,0,0,9,11,1,10,0.032608013999947616,36,0,9,22,223,215,0.03320367699996041,1,216,215,216,99,1,1,60,2,1,0.04540132700003596
s1_1000,S1-830888917,S3,US,selective_v2_compact,0,14,5,1,0,0,10,9,1,8,0.02918343500004994,36,0,10,18,221,213,0.029777788000046712,0,213,213,213,99,1,1,60,2,0,0.04601866999996673
s1_1000,S1-844492132,S2,India,selective_v2_compact,0,14,1,1,0,0,30,13,2,11,0.014993367000101898,105,3,33,26,232,205,0.016421611999930974,4,206,205,209,81,1,1,60,3,4,0.029465999999956694
s1_1000,S1-844492132,S3,India,selective_v2_compact,0,14,3,1,0,0,28,11,0,11,0.01393399300013698,105,3,31,23,270,205,0.015416878999985784,7,240,240,247,84,1,1,60,3,7,0.030101518000037686
s1_1000,S1-597189874,S2,US,selective_v2_compact,0,14,0,0,0,0,5,14,0,14,0.011185736000015822,28,0,5,30,90,41,0.01161914900001193,1,64,63,64,64,1,1,60,1,1,0.015289574000007633
s1_1000,S1-597189874,S3,US,selective_v2_compact,0,14,0,0,0,0,5,14,0,14,0.012189347999878919,28,0,5,30,132,60,0.012686070999961885,2,77,75,77,72,1,1,60,4,2,0.019439648000002308
s1_1000,S1-776450551,S2,US,selective_v2_compact,0,14,0,0,0,0,2,14,1,13,0.00788611600034983,28,3,5,30,337,186,0.008470455000065158,0,264,264,264,77,1,1,60,5,0,0.02155744199990295
s1_1000,S1-776450551,S3,US,selective_v2_compact,0,14,4,1,2,0,3,10,0,8,0.00640724300023976,28,3,6,22,314,224,0.006920670999988943,0,292,292,292,117,1,1,60,2,0,0.02215888000000632
s1_1000,S1-77076355,S2,India,selective_v2_compact,0,14,8,1,0,0,18,6,1,5,0.0157312119999915,45,6,24,12,231,223,0.016225751999968452,0,223,223,223,84,1,1,60,4,0,0.03268250300004638
s1_1000,S1-77076355,S3,India,selective_v2_compact,0,14,5,1,0,0,18,9,1,8,0.02096710399996482,45,3,21,18,256,246,0.021576608999907876,0,246,246,246,88,1,1,60,3,0,0.04355019700005869
s1_1000,S1-304871029,S2,India,selective_v2_compact,0,7,3,1,0,0,20,4,0,4,0.009881961999894884,55,28,48,8,229,218,0.010135915999967438,4,222,218,222,92,1,1,60,3,4,0.025692243999969833
s1_1000,S1-304871029,S3,India,selective_v2_compact,0,6,2,1,0,0,28,4,0,4,0.012799852000057399,55,21,49,8,342,301,0.013106913000001441,21,322,301,322,99,1,1,60,1,21,0.04212640499997633
s1_1000,S1-365107228,S2,India,selective_v2_compact,0,14,5,1,0,0,27,9,0,9,0.003099866000070506,105,10,37,18,235,210,0.004450721000011981,4,211,210,214,77,1,1,60,3,4,0.015069535000066026
s1_1000,S1-365107228,S3,India,selective_v2_compact,0,14,4,1,2,0,29,10,1,7,0.011868668000147409,105,3,32,20,248,232,0.01334624400010398,7,232,232,239,83,1,1,60,0,7,0.025127620000034767
s1_1000,S1-645079990,S2,India,selective_v2_compact,0,14,7,1,0,0,43,7,1,6,0.018089987000053043,91,10,53,14,210,209,0.018952495999997154,0,209,209,209,88,1,1,60,1,0,0.035973998000031315
s1_1000,S1-645079990,S3,India,selective_v2_compact,0,14,8,1,0,0,39,6,1,5,0.013312233000078777,91,10,49,12,238,223,0.014291359000026205,0,223,223,223,108,1,1,60,1,0,0.030106707000072674
s1_1000,S1-766635811,S2,US,selective_v2_compact,0,14,0,1,0,0,9,14,1,13,0.024981885999864062,28,0,9,28,304,246,0.025491168000030484,67,247,246,313,140,1,1,60,2,48,0.046336159000020416
s1_1000,S1-766635811,S3,US,selective_v2_compact,0,14,0,1,0,0,8,14,1,13,0.026932469000030324,28,1,9,28,278,227,0.027459260999989965,76,228,227,303,141,1,1,60,2,46,0.043667070999958923
s1_1000,S1-944262355,S2,US,selective_v2_compact,0,14,0,0,1,1,3,14,1,12,0.008452752000039254,21,0,3,30,120,36,0.008836666999968656,1,96,95,96,76,1,1,60,1,1,0.012836038000045846
s1_1000,S1-944262355,S3,US,selective_v2_compact,0,14,0,0,0,1,3,14,1,13,0.008998436000069887,21,0,3,30,128,30,0.00936985700002424,2,87,85,87,77,1,1,60,3,2,0.013150276000033045
s1_1000,S1-999486252,S2,US,selective_v2_compact,0,14,0,0,3,0,0,14,1,10,0.01374595900017539,28,0,0,30,388,132,0.01434879099997488,1,366,365,366,115,1,1,60,2,1,0.028825188000041635
s1_1000,S1-999486252,S3,US,selective_v2_compact,0,14,0,0,1,0,0,14,1,12,0.015004666999857363,28,0,0,30,382,130,0.015611259000024802,1,357,356,357,112,1,1,60,1,1,0.03151302599997052
s1_1000,S1-311454962,S2,India,selective_v2_compact,0,14,7,1,0,0,35,7,0,7,0.012021484999991117,105,28,63,15,303,279,0.012920552000082353,10,283,281,291,91,1,1,60,3,10,0.039013981999914904
s1_1000,S1-311454962,S3,India,selective_v2_compact,0,14,7,1,2,0,39,7,0,5,0.011909915000387628,105,21,60,15,246,244,0.012833864000072026,12,246,246,258,92,1,1,60,1,12,0.025819909999995616
s1_1000,S1-219437331,S2,US,selective_v2_compact,0,14,5,1,2,0,10,9,0,7,0.023543865000192454,36,1,11,20,243,223,0.024095606000059888,1,229,228,229,79,1,1,60,1,1,0.03992134800000713
s1_1000,S1-219437331,S3,US,selective_v2_compact,0,14,5,1,0,0,10,9,0,9,0.024256385999933627,36,1,11,20,298,266,0.024880599000084658,1,273,272,273,77,1,1,60,2,1,0.04464933199994903
s1_1000,S1-381399100,S2,US,selective_v2_compact,0,14,8,1,0,0,6,6,0,6,0.00871238100012306,28,1,7,12,219,201,0.009215944999937165,3,204,201,204,113,1,1,60,3,3,0.022890816999961316
s1_1000,S1-381399100,S3,US,selective_v2_compact,0,14,9,1,1,0,6,5,0,4,0.008683512999937193,28,1,7,10,207,206,0.009140696000031312,0,206,206,206,118,1,1,60,1,0,0.017598647999989225
s1_1000,S1-265117089,S2,US,selective_v2_compact,0,14,0,0,0,0,12,14,0,14,0.01819961300009254,45,3,15,29,179,122,0.018827569999984917,0,154,154,154,86,1,1,60,1,0,0.027412674999936826
s1_1000,S1-265117089,S3,US,selective_v2_compact,0,14,0,0,0,0,12,14,0,14,0.019936086000029718,45,3,15,29,209,141,0.020619138000029125,1,171,170,171,84,1,1,60,1,1,0.029267846000038844
s1_1000,S1-992935020,S2,India,selective_v2_compact,0,11,3,1,1,2,12,8,0,7,0.019246201000100882,28,3,15,16,228,222,0.019595170000002327,2,224,222,224,101,1,1,60,1,2,0.029729261000056795
s1_1000,S1-992935020,S3,India,selective_v2_compact,0,14,7,1,1,0,9,7,1,5,0.026596219999987625,28,0,9,14,253,245,0.02706470700002228,1,245,245,246,75,1,1,60,4,1,0.04500327899995682
s1_1000,S1-506161326,S2,US,selective_v2_compact,0,13,0,0,0,2,5,13,1,12,0.012087655999948765,21,1,6,28,353,36,0.012485378000064884,2,260,258,260,94,1,1,60,3,2,0.022737527000003865
s1_1000,S1-506161326,S3,US,selective_v2_compact,0,13,0,0,2,2,5,13,1,10,0.013358312000150363,21,1,6,28,404,58,0.013731032999999115,1,311,310,311,109,1,1,60,1,1,0.026130381000029956
s1_1000,S1-312504034,S2,India,selective_v2_compact,0,14,8,1,1,0,20,6,0,5,0.013040404999856037,78,6,26,13,329,315,0.014119201000085013,0,323,323,323,119,1,1,60,2,0,0.04223508599989145
s1_1000,S1-312504034,S3,India,selective_v2_compact,0,14,6,1,0,0,20,8,0,8,0.02182915299999877,78,3,23,17,318,292,0.022935666000080346,1,304,303,304,83,1,1,60,2,1,0.04696900200008258
s1_1000,S1-796436300,S2,US,selective_v2_compact,0,14,4,1,1,0,9,10,1,8,0.013394109000046228,36,3,12,20,222,212,0.01397431600003074,175,213,212,387,154,1,1,60,2,43,0.032361002000016015
s1_1000,S1-796436300,S3,US,selective_v2_compact,0,11,4,1,0,6,13,7,1,6,0.014691059000256246,36,6,19,14,310,300,0.01516291000007186,206,301,300,506,158,1,1,60,2,43,0.05148876700002347
s1_1000,S1-311421838,S2,US,selective_v2_compact,0,14,0,0,5,0,3,14,2,7,0.018808842999987974,21,0,3,30,232,170,0.01926129799994669,56,185,184,240,127,1,1,60,1,50,0.03251889199998459
s1_1000,S1-311421838,S3,US,selective_v2_compact,0,14,3,1,0,0,3,11,1,10,0.0181686600002422,21,0,3,24,291,224,0.01862122099998942,63,241,240,303,128,1,1,60,3,52,0.034687019999978475
s1_1000,S1-89277904,S2,US,selective_v2_compact,0,12,0,0,0,0,2,12,1,11,0.0047070819998680236,15,1,3,26,117,35,0.004987612000036279,96,58,56,152,97,1,1,60,3,41,0.011037441999974362
s1_1000,S1-89277904,S3,US,selective_v2_compact,0,12,0,0,0,0,2,12,1,11,0.004981175999887455,15,1,3,26,94,37,0.0052498769999829165,103,58,57,160,106,1,1,60,1,49,0.011574730999996063
s1_1000,S1-277847890,S2,US,selective_v2_compact,0,14,0,0,8,0,4,14,0,6,0.011343484000008175,28,0,4,28,62,62,0.011800885999946331,0,62,62,62,59,0,0,59,0,0,0.015426015000002735
s1_1000,S1-277847890,S3,US,selective_v2_compact,0,14,0,0,0,0,8,14,0,14,0.018439094000086698,28,1,9,28,158,125,0.018892057000016393,1,126,125,126,73,1,1,60,2,1,0.025037337000071602
s1_1000,S1-239536988,S2,US,selective_v2_compact,0,14,0,0,4,0,1,14,0,10,0.003190273000086563,15,0,1,30,269,114,0.003557484999987537,0,227,227,227,117,1,1,60,3,0,0.012209799999936877
s1_1000,S1-239536988,S3,US,selective_v2_compact,0,14,0,0,0,0,1,14,0,14,0.003189473000020371,15,0,1,30,280,106,0.0035621929999933855,0,234,234,234,115,1,1,60,1,0,0.013112226000089322
s1_1000,S1-543828787,S2,US,selective_v2_compact,0,14,6,1,1,0,6,8,0,7,0.01750176699988515,21,0,6,16,249,240,0.017890911999984382,2,242,240,242,87,1,1,60,2,2,0.035902458999999
s1_1000,S1-543828787,S3,US,selective_v2_compact,0,14,6,1,0,0,6,8,0,8,0.018957942999918487,21,0,6,16,232,217,0.0193569179999713,2,219,217,219,79,1,1,60,1,2,0.02824277499996697
s1_1000,S1-699857230,S2,India,selective_v2_compact,0,8,0,0,0,0,6,8,3,5,0.018318347999752405,15,1,7,16,122,109,0.018525603999933082,3,111,109,112,76,1,1,60,2,3,0.024026150999929996
s1_1000,S1-699857230,S3,India,selective_v2_compact,0,12,2,1,0,0,3,10,3,7,0.029131599999914215,15,0,3,20,272,216,0.029468074999954297,1,217,216,217,98,1,1,60,2,1,0.046344066000074235
s1_1000,S1-969181893,S2,US,selective_v2_compact,0,14,0,0,2,0,3,14,1,11,0.009210317999986728,21,0,3,29,285,135,0.009681150999995225,1,252,251,252,107,1,1,60,3,1,0.020306825000034223
s1_1000,S1-969181893,S3,US,selective_v2_compact,0,14,0,0,0,0,3,14,1,13,0.009782017000134147,21,0,3,29,307,155,0.010267392000059772,0,269,269,269,101,1,1,60,3,0,0.021043856999995114
s1_1000,S1-927504155,S2,India,selective_v2_compact,0,14,0,1,0,0,27,14,2,12,0.019251686999837148,120,10,37,28,228,205,0.02089990799993302,0,205,205,205,85,1,1,60,1,0,0.038937798000006296
s1_1000,S1-927504155,S3,India,selective_v2_compact,0,14,0,1,0,0,26,14,2,12,0.019584399000109443,120,6,32,28,305,277,0.021345706000033715,1,278,277,278,96,1,1,60,2,1,0.053056947000072796
s1_1000,S1-110222779,S2,US,selective_v2_compact,0,14,6,1,1,3,12,8,0,7,0.01466545000005226,36,3,15,16,223,211,0.015161918999979207,1,212,211,212,87,1,1,60,1,1,0.02375190999998722
s1_1000,S1-110222779,S3,US,selective_v2_compact,0,14,2,1,0,3,12,12,2,10,0.01976635299990903,36,3,15,24,258,240,0.020305047000078957,1,241,240,241,113,1,1,60,2,1,0.03709256499996627
s1_1000,S1-118782634,S2,India,selective_v2_compact,0,14,0,0,0,0,5,14,1,13,0.02849345600009201,36,3,8,31,148,60,0.029057115999989946,1,104,103,104,78,1,1,60,2,1,0.03553673700002946
s1_1000,S1-118782634,S3,India,selective_v2_compact,0,14,0,0,3,0,7,14,0,11,0.011328820000017004,36,1,8,31,256,139,0.011985944000002746,0,192,192,192,79,1,1,60,1,0,0.023146094000026096
s1_1000,S1-790467803,S2,US,selective_v2_compact,0,14,2,1,0,0,14,12,3,9,0.02964272399992751,45,3,17,24,306,273,0.03032668499997726,2,274,273,275,87,1,1,60,4,2,0.053037046999975246
s1_1000,S1-790467803,S3,US,selective_v2_compact,0,14,9,1,0,0,18,5,0,5,0.015447906000076728,45,3,21,10,216,211,0.01598511600002439,1,212,211,212,92,1,1,60,2,1,0.028355639999972482
s1_1000,S1-629371829,S2,India,selective_v2_compact,0,14,8,1,0,0,22,6,0,6,0.010066728999845509,66,10,32,12,299,253,0.010831001000042306,8,261,253,261,96,1,1,60,1,8,0.029243774999940797
s1_1000,S1-629371829,S3,India,selective_v2_compact,0,14,6,1,0,0,24,8,1,7,0.02184689799980788,66,6,30,17,347,264,0.022661793999986912,19,299,299,318,126,1,1,60,0,19,0.03765173700003288
s1_1000,S1-217661413,S2,US,selective_v2_compact,0,14,0,0,2,0,2,14,0,12,0.01059720500018102,36,0,2,31,349,131,0.011292628000092009,1,319,318,319,115,1,1,60,2,1,0.026082039000016266
s1_1000,S1-217661413,S3,US,selective_v2_compact,0,14,0,0,3,0,4,14,0,11,0.010178779999819199,36,1,5,31,276,32,0.01076614199996584,0,233,233,233,103,1,1,60,2,0,0.020225793000008707
s1_1000,S1-402565372,S2,US,selective_v2_compact,0,14,8,1,1,0,13,6,0,5,0.009115802999986045,45,3,16,12,272,269,0.009745178000002852,0,269,269,269,87,1,1,60,1,0,0.020294328999966638
s1_1000,S1-402565372,S3,US,selective_v2_compact,0,14,8,1,0,0,13,6,0,6,0.009866514000123061,45,3,16,12,294,282,0.010537361000046985,3,285,282,285,96,1,1,60,2,3,0.029692199999999502
s1_1000,S1-855364465,S2,US,selective_v2_compact,0,14,0,0,0,0,5,14,0,14,0.021022471000037513,21,0,5,30,244,155,0.021408133000022644,2,170,168,170,78,1,1,60,3,2,0.03622496000002684
s1_1000,S1-855364465,S3,US,selective_v2_compact,0,14,1,1,0,0,5,13,0,13,0.02246296900023026,21,0,5,28,265,200,0.02285307699992245,1,221,220,221,78,1,1,60,1,1,0.0398086019999937
s1_1000,S1-360190920,S2,US,selective_v2_compact,0,14,1,1,2,0,4,13,0,11,0.011852363999878435,36,1,5,28,292,209,0.01254681900002197,0,272,272,272,80,1,1,60,0,0,0.0245607319999408
s1_1000,S1-360190920,S3,US,selective_v2_compact,0,14,4,1,2,0,4,10,0,8,0.005998584999815648,36,1,5,21,211,201,0.006674511999904098,1,206,205,206,81,1,1,60,0,1,0.014871395999989545
s1_1000,S1-802949812,S2,US,selective_v2_compact,0,14,6,1,0,3,15,8,0,8,0.020154718999947363,36,1,16,16,213,203,0.020626799000069695,2,205,203,205,99,1,1,60,1,2,0.033056815999998435
s1_1000,S1-802949812,S3,US,selective_v2_compact,0,14,7,1,1,3,15,7,0,6,0.02105897399985679,36,1,16,14,212,207,0.021521763999999166,1,208,207,208,103,1,1,60,1,1,0.03156158800004505
s1_1000,S1-153755890,S2,US,selective_v2_compact,0,14,0,0,3,0,11,14,2,9,0.018058210000049257,36,3,14,29,245,170,0.018558880999989924,3,218,218,221,114,1,1,60,1,3,0.02752967499998249
s1_1000,S1-153755890,S3,US,selective_v2_compact,0,14,0,0,0,0,11,14,2,12,0.019678637000083654,36,3,14,29,283,177,0.02020195000000058,2,236,235,237,108,1,1,60,3,2,0.030793145999950866
s1_1000,S1-265118127,S2,US,selective_v2_compact,0,14,5,1,2,0,4,9,0,7,0.008426876999919841,28,0,4,18,226,223,0.009000926999988224,0,223,223,223,53,0,0,53,1,0,0.021499889000097028
s1_1000,S1-265118127,S3,US,selective_v2_compact,0,14,5,1,2,0,4,9,0,7,0.008939777000136928,28,0,4,18,244,241,0.00947187099995972,0,241,241,241,58,0,0,58,0,0,0.04097690200001125
s1_1000,S1-42128902,S2,India,selective_v2_compact,0,14,6,1,0,0,17,8,0,8,0.015378838000060568,45,6,23,17,215,208,0.01586419600005229,2,211,209,211,83,1,1,60,1,2,0.0258422789999031
s1_1000,S1-42128902,S3,India,selective_v2_compact,0,14,5,1,0,0,18,9,1,8,0.01689354100028595,45,3,21,19,215,204,0.01740895199998249,2,207,205,207,90,1,1,60,1,2,0.02690169799996056
s1_1000,S1-655665109,S2,US,selective_v2_compact,0,14,6,1,1,0,4,8,1,6,0.015499779999913699,28,0,4,18,295,241,0.016030746000069485,0,266,266,266,114,1,1,60,1,0,0.026598475000014332
s1_1000,S1-655665109,S3,US,selective_v2_compact,0,14,4,1,0,0,5,10,1,9,0.018012741000347887,28,0,5,22,315,221,0.018562201000008827,1,249,248,249,78,1,1,60,4,1,0.02887628499991024
s1_1000,S1-157773599,S2,US,selective_v2_compact,0,14,7,1,2,0,5,7,0,5,0.0035852059999115227,36,1,6,16,306,231,0.004230142999972486,0,261,261,261,80,1,1,60,1,0,0.014398912000046948
s1_1000,S1-157773599,S3,US,selective_v2_compact,0,14,7,1,2,0,6,7,0,5,0.003939992000027814,36,1,7,16,288,235,0.004568836999965242,0,256,256,256,78,1,1,60,0,0,0.014779051000004984
s1_1000,S1-760840682,S2,US,selective_v2_compact,0,14,4,1,0,0,9,10,1,9,0.014422484000306213,36,1,10,21,466,204,0.015069763000042258,2,395,393,395,108,1,1,60,2,2,0.03371525600005043
s1_1000,S1-760840682,S3,US,selective_v2_compact,0,14,0,0,0,0,9,14,2,12,0.020805004000180816,36,1,10,29,456,106,0.021439041999997244,1,342,341,342,104,1,1,60,4,1,0.04001252700004443
s1_1000,S1-162034320,S2,India,selective_v2_compact,0,14,7,1,0,0,26,7,1,6,0.0192118479999408,55,6,32,14,262,252,0.01975691600000573,1,253,252,253,114,1,1,60,2,1,0.03171982999992906
s1_1000,S1-162034320,S3,India,selective_v2_compact,0,14,3,1,0,0,25,11,3,8,0.02974561299981815,55,6,31,22,360,325,0.030372123000006468,2,327,325,327,99,1,1,60,2,2,0.06437465800001974
s1_1000,S1-96692956,S2,US,selective_v2_compact,0,14,4,1,0,0,10,10,0,10,0.03303499600008308,28,1,11,20,274,266,0.033477176000019426,0,266,266,266,96,1,1,60,1,0,0.04784240200001477
s1_1000,S1-96692956,S3,US,selective_v2_compact,0,14,4,1,1,0,10,10,0,9,0.03597156699970583,28,1,11,20,244,242,0.036414908999972795,0,242,242,242,102,1,1,60,1,0,0.05221978700001273
s1_1000,S1-434796515,S2,US,selective_v2_compact,0,14,6,1,4,0,4,8,0,4,0.005768597999917802,36,1,5,19,434,276,0.006486268999992717,2,411,409,411,96,1,1,60,2,2,0.02214825800001563
s1_1000,S1-434796515,S3,US,selective_v2_compact,0,14,8,1,1,0,10,6,0,5,0.005736580999837315,36,3,13,14,381,200,0.006320826000091984,1,334,333,334,105,1,1,60,1,1,0.022884458000021368
s1_1000,S1-610736130,S2,India,selective_v2_compact,0,14,0,0,1,0,6,14,1,12,0.10168322000026819,66,3,9,33,168,123,0.10295246600003338,0,136,136,136,71,1,1,60,0,0,0.11165153599995392
s1_1000,S1-610736130,S3,India,selective_v2_compact,0,14,5,1,2,0,7,9,0,7,0.00924617699990904,28,1,8,19,243,219,0.009766919000071539,0,236,236,236,86,1,1,60,0,0,0.021661375000007865
s1_1000,S1-996502126,S2,US,selective_v2_compact,0,14,4,1,0,0,9,10,0,10,0.011491100000171173,36,1,10,20,315,271,0.012129381000022477,6,277,271,277,107,1,1,60,2,6,0.03447884399997747
s1_1000,S1-996502126,S3,US,selective_v2_compact,0,14,2,1,0,0,10,12,1,11,0.022571115999994618,36,1,11,24,292,242,0.023172906000013427,6,248,242,248,98,1,1,60,3,6,0.040675046999922415
s1_1000,S1-796454810,S2,India,selective_v2_compact,0,14,3,1,1,0,29,11,0,10,0.021261400999947,105,6,35,24,325,211,0.02267746300003637,12,268,256,268,80,1,1,60,0,12,0.04075309900008506
s1_1000,S1-796454810,S3,India,selective_v2_compact,0,14,2,1,1,0,27,12,1,10,0.02774829800000589,105,3,30,26,319,229,0.02930244300000595,13,280,267,280,80,1,1,60,2,13,0.04797138399999312
s1_1000,S1-969427771,S2,US,selective_v2_compact,0,14,0,0,4,0,4,14,1,9,0.007533680999813441,28,1,5,29,207,104,0.008050221999951646,2,177,175,177,100,1,1,60,3,2,0.0191091530000449
s1_1000,S1-969427771,S3,US,selective_v2_compact,0,14,2,1,0,2,6,12,1,11,0.011292468999840821,28,3,9,25,352,234,0.011779516999922635,0,302,302,302,108,1,1,60,1,0,0.03442173200005527
s1_1000,S1-189522612,S2,US,selective_v2_compact,0,14,0,0,2,0,6,14,1,11,0.02065538099998321,28,1,7,30,246,146,0.021126962999915122,1,221,220,221,117,1,1,60,1,1,0.029843748999951458
s1_1000,S1-189522612,S3,US,selective_v2_compact,0,14,0,0,0,0,6,14,1,13,0.021563298999922154,28,1,7,30,316,146,0.022046133000003465,0,253,253,253,112,1,1,60,4,0,0.03241846000003079
s1_1000,S1-825077757,S2,US,selective_v2_compact,0,14,0,1,2,0,4,14,0,12,0.016140294000138056,28,0,4,29,415,202,0.01678648200004318,1,367,366,367,105,1,1,60,1,1,0.03374543600000379
s1_1000,S1-825077757,S3,US,selective_v2_compact,0,14,0,1,0,0,4,14,0,14,0.01695176100020035,28,0,4,29,488,200,0.017563907999942785,1,423,422,423,93,1,1,60,1,1,0.038994150999997146
s1_1000,S1-498058980,S2,India,selective_v2_compact,0,14,0,0,0,0,16,14,2,12,0.02639312600001631,78,1,17,32,185,78,0.02758147099996222,0,132,132,132,64,1,1,60,3,0,0.039497478000043884
s1_1000,S1-498058980,S3,India,selective_v2_compact,0,14,0,0,0,0,14,14,2,12,0.00765679799985719,78,1,15,32,123,44,0.00888515400004053,0,100,100,100,57,0,0,57,2,0,0.014070327000013094
s1_1000,S1-460505313,S2,US,selective_v2_compact,0,14,0,1,0,0,2,14,0,14,0.007458549999910247,28,0,2,30,470,225,0.008082110999907854,1,436,435,436,101,1,1,60,1,1,0.0437548649999826
s1_1000,S1-460505313,S3,US,selective_v2_compact,0,14,0,0,5,0,2,14,1,8,0.008117229999925257,28,0,2,30,323,105,0.008661971000037738,1,303,302,303,98,1,1,60,1,1,0.027784701999962635
s1_1000,S1-623356040,S2,US,selective_v2_compact,0,14,0,0,5,0,2,14,0,9,0.009990652999590566,45,1,3,29,314,85,0.010870192999959727,3,282,279,282,104,1,1,60,4,3,0.026334494000025188
s1_1000,S1-623356040,S3,US,selective_v2_compact,0,14,7,1,0,0,8,7,0,7,0.010291684000094392,45,3,11,15,542,295,0.01108028499993452,0,511,511,511,104,1,1,60,2,0,0.042693657000086205
s1_1000,S1-252619131,S2,US,selective_v2_compact,0,14,10,1,1,0,10,4,1,2,0.011236129000053552,28,1,11,8,264,262,0.011653703999968457,7,264,262,269,111,1,1,60,4,7,0.02221919099997649
s1_1000,S1-252619131,S3,US,selective_v2_compact,0,12,6,1,1,2,11,6,1,4,0.010978095999917059,28,3,14,12,223,219,0.011335669999994025,4,223,219,223,93,1,1,60,0,4,0.020172110999965298
s1_1000,S1-655931201,S2,India,selective_v2_compact,0,14,0,0,1,3,8,14,0,13,0.01053763099957905,36,6,14,28,255,170,0.011098085999947216,1,171,170,171,80,1,1,60,1,1,0.023272304999977678
s1_1000,S1-655931201,S3,India,selective_v2_compact,0,14,0,0,3,0,9,14,1,10,0.016759314000182712,36,3,12,28,262,178,0.0173377910000454,0,178,178,178,90,1,1,60,0,0,0.03130997499999921
s1_1000,S1-780423580,S2,US,selective_v2_compact,0,14,0,0,4,0,2,14,1,9,0.006951386000537241,21,0,2,31,418,138,0.007443422000051214,40,369,329,369,99,1,1,60,1,40,0.021673690000056922
s1_1000,S1-780423580,S3,US,selective_v2_compact,0,14,0,0,0,0,2,14,1,13,0.0075496960000691615,21,0,2,31,493,126,0.00801386500006629,32,413,381,413,96,1,1,60,2,32,0.02418496600000708
s1_1000,S1-377560297,S2,US,selective_v2_compact,0,14,0,0,1,0,1,14,0,13,0.005441968000127417,21,1,2,29,351,199,0.005899445999943964,0,325,325,325,115,1,1,60,2,0,0.018563019999987773
s1_1000,S1-377560297,S3,US,selective_v2_compact,0,14,2,1,0,0,1,12,0,12,0.005477943000187224,21,1,2,25,371,213,0.005963602000065293,2,340,338,340,113,1,1,60,4,2,0.021031390999951327
s1_1000,S1-382849428,S2,US,selective_v2_compact,0,7,0,0,0,0,3,7,0,7,0.006279605000031552,10,0,3,14,34,28,0.006425046999993356,0,28,28,28,28,0,0,28,2,0,0.007908264999969106
s1_1000,S1-382849428,S3,US,selective_v2_compact,0,7,0,0,0,0,3,7,0,7,0.007307305000040287,10,0,3,14,33,20,0.0074455740000303194,2,22,20,22,22,0,0,22,2,2,0.008596474999990278
s1_1000,S1-707985814,S2,India,selective_v2_compact,0,14,5,1,0,0,25,9,3,6,0.025483931000053417,55,6,31,18,286,278,0.026061677000029704,0,278,278,278,79,1,1,60,2,0,0.05198657899995851
s1_1000,S1-707985814,S3,India,selective_v2_compact,0,14,8,1,0,0,25,6,1,5,0.019485205000137285,55,6,31,12,274,253,0.02005141699999058,3,256,253,256,77,1,1,60,3,3,0.03178471500007163
s1_1000,S1-34034222,S2,India,selective_v2_compact,0,14,6,1,2,0,16,8,0,6,0.008181250000006912,105,21,37,19,225,211,0.009498842999960289,0,218,218,218,82,1,1,60,1,0,0.02032560099996772
s1_1000,S1-34034222,S3,India,selective_v2_compact,0,14,0,0,1,0,22,14,1,12,0.01821686799996769,105,15,37,31,200,171,0.019575110000005225,3,180,177,180,92,1,1,60,4,3,0.041372936000016125
s1_1000,S1-513269657,S2,India,selective_v2_compact,0,14,3,1,1,0,7,11,1,9,0.014206908999994994,28,1,8,24,218,207,0.014658931999974811,0,209,209,209,80,1,1,60,2,0,0.03077021000001423
s1_1000,S1-513269657,S3,India,selective_v2_compact,0,14,7,1,0,0,7,7,0,7,0.012264876999893204,28,1,8,16,267,255,0.012728468999966935,2,259,257,259,80,1,1,60,1,2,0.02444582900000114
s1_1000,S1-177954343,S2,US,selective_v2_compact,0,14,4,1,0,1,5,10,1,9,0.02068802499979938,21,0,5,20,255,243,0.02109388200005924,0,243,243,243,93,1,1,60,1,0,0.03758577600001445
s1_1000,S1-177954343,S3,US,selective_v2_compact,0,14,4,1,1,1,5,10,1,8,0.02135112600001321,21,0,5,20,281,273,0.02179647599996315,0,273,273,273,93,1,1,60,2,0,0.038944263999951545
s1_1000,S1-178459407,S2,US,selective_v2_compact,0,14,5,1,0,0,6,9,1,8,0.019419823999896835,21,0,6,18,213,205,0.019814750000023196,63,206,205,268,132,1,1,60,3,51,0.030191656000056355
s1_1000,S1-178459407,S3,US,selective_v2_compact,0,14,5,1,0,0,6,9,1,8,0.02151586399986627,21,0,6,18,253,249,0.021905048999997234,55,251,249,304,140,1,1,60,0,48,0.03385685000000649
s1_1000,S1-606275527,S2,India,selective_v2_compact,0,14,5,1,2,0,28,9,0,7,0.01613266299989391,120,15,43,18,216,216,0.017655111000067336,0,216,216,216,94,1,1,60,0,0,0.03335686900004475
s1_1000,S1-606275527,S3,India,selective_v2_compact,0,14,3,1,0,0,31,11,1,10,0.010947252999926604,120,10,41,22,251,226,0.012488361000009718,0,226,226,226,111,1,1,60,3,0,0.0286575840000296
s1_1000,S1-887719275,S2,US,selective_v2_compact,0,14,7,1,0,0,5,7,0,7,0.018014637000192124,21,0,5,14,255,246,0.018414149000022917,1,247,246,247,82,1,1,60,1,1,0.032857751000051394
s1_1000,S1-887719275,S3,US,selective_v2_compact,0,14,9,1,1,0,4,5,0,4,0.013106840999853375,21,1,5,10,204,200,0.013487482999948952,2,202,200,202,86,1,1,60,2,2,0.022990037999989
s1_1000,S1-192732186,S2,US,selective_v2_compact,0,12,6,1,0,0,8,6,0,6,0.01605509499972868,21,1,9,12,216,205,0.01638352399993437,5,210,205,210,86,1,1,60,1,5,0.026470255000049292
s1_1000,S1-192732186,S3,US,selective_v2_compact,0,11,3,1,0,0,9,8,1,7,0.02346703199998501,21,1,10,16,242,224,0.023775194999984706,5,229,224,229,107,1,1,60,2,5,0.03284257100006016
s1_1000,S1-608967414,S2,US,selective_v2_compact,0,14,0,0,4,0,3,14,1,9,0.013924478000149065,28,0,3,29,441,140,0.014528156999972452,45,417,372,417,109,1,1,60,0,40,0.03481776199998876
s1_1000,S1-608967414,S3,US,selective_v2_compact,0,14,5,1,2,0,7,9,0,7,0.015106317999880048,28,1,8,18,253,211,0.015590207000059308,41,252,211,252,102,1,1,60,0,41,0.030730055000049106
s1_1000,S1-788669533,S2,US,selective_v2_compact,0,13,3,1,0,0,2,10,0,10,0.010151385999961349,15,0,2,20,225,219,0.010496848999991926,1,220,219,220,112,1,1,60,1,1,0.02153050300000814
s1_1000,S1-788669533,S3,US,selective_v2_compact,0,13,3,1,0,0,2,10,0,10,0.012090133000128844,15,0,2,20,290,283,0.01247800000010102,0,283,283,283,114,1,1,60,1,0,0.03476397999997971
s1_1000,S1-828214924,S2,US,selective_v2_compact,0,14,4,1,0,0,9,10,0,10,0.01106565300017337,45,3,12,20,260,249,0.01179449900007512,1,250,249,250,112,1,1,60,1,1,0.034603066000045146
s1_1000,S1-828214924,S3,US,selective_v2_compact,0,14,4,1,0,0,9,10,0,10,0.01143198099998699,45,3,12,20,298,272,0.012187613000037345,1,273,272,273,112,1,1,60,3,1,0.02725352599998132
s1_1000,S1-497411990,S2,US,selective_v2_compact,0,14,6,1,0,0,4,8,0,8,0.01801559000011821,21,0,4,16,246,235,0.018483689000049708,0,235,235,235,99,1,1,60,1,0,0.027450971000007485
s1_1000,S1-497411990,S3,US,selective_v2_compact,0,14,6,1,0,0,4,8,0,8,0.0197142580000218,21,0,4,16,282,279,0.02014518400005727,0,279,279,279,112,1,1,60,1,0,0.030896270999960507
s1_1000,S1-526632358,S2,India,selective_v2_compact,0,14,0,1,2,0,30,14,2,10,0.09223139399989577,120,21,51,28,295,272,0.09367424300000948,0,272,272,272,104,1,1,60,3,0,0.12716684400004397
s1_1000,S1-526632358,S3,India,selective_v2_compact,0,14,0,1,0,0,35,14,3,11,0.03209959399987383,120,6,41,29,335,232,0.033681749999914246,1,289,288,289,104,1,1,60,2,1,0.07042133000004469
s1_1000,S1-349678557,S2,India,selective_v2_compact,0,14,0,0,2,0,14,14,0,12,0.012020237999763594,55,3,17,30,247,182,0.012856417999955738,6,189,189,195,81,1,1,60,2,6,0.02475003699998979
s1_1000,S1-349678557,S3,India,selective_v2_compact,0,14,2,1,2,0,14,12,1,9,0.016877657999771145,45,1,15,25,263,217,0.01752794599997287,12,220,220,232,81,1,1,60,0,12,0.03125374999990527
s1_1000,S1-515678303,S2,US,selective_v2_compact,0,14,8,1,0,0,5,6,0,6,0.010601491000102214,28,3,8,12,265,261,0.01114020900001833,0,261,261,261,103,1,1,60,1,0,0.030578141999967556
s1_1000,S1-515678303,S3,US,selective_v2_compact,0,14,8,1,0,0,5,6,0,6,0.011728138000080435,28,3,8,12,310,302,0.012232950999987224,0,302,302,302,86,1,1,60,1,0,0.0355301160000181
s1_1000,S1-745006607,S2,US,selective_v2_compact,0,14,2,1,0,0,9,12,1,11,0.04034820300000774,36,1,10,25,506,313,0.041047858999945674,1,460,459,460,115,1,1,60,1,1,0.07974872400006916
s1_1000,S1-745006607,S3,US,selective_v2_compact,0,14,3,1,0,0,9,11,1,10,0.032470018999902095,36,1,10,23,366,209,0.03310538699997778,2,327,325,327,115,1,1,60,2,2,0.05295078300002842
s1_1000,S1-371904317,S2,India,selective_v2_compact,0,14,6,1,0,5,16,8,0,8,0.08703197300008014,55,15,31,16,252,213,0.08761438499993801,1,214,213,214,79,1,1,60,1,1,0.10403452200000629
s1_1000,S1-371904317,S3,India,selective_v2_compact,0,14,6,1,1,0,15,8,0,7,0.027698537999981454,55,15,30,16,254,235,0.028334718000110115,1,236,235,236,79,1,1,60,1,1,0.04385000599995692
s1_1000,S1-622658111,S2,US,selective_v2_compact,0,12,4,1,0,0,3,8,0,8,0.028810433999751695,15,0,3,17,396,301,0.029237202999979672,151,389,387,538,155,1,1,60,1,41,0.06476465299999745
s1_1000,S1-622658111,S3,US,selective_v2_compact,0,12,5,1,1,0,3,7,0,6,0.01998904100003074,15,0,3,15,292,209,0.020360078000067006,169,286,284,453,156,1,1,60,1,37,0.043024162999927285
s1_1000,S1-337946117,S2,India,selective_v2_compact,0,14,4,1,0,0,42,10,3,7,0.18413943400003063,120,21,63,21,301,210,0.18531285300002764,0,268,268,268,105,1,1,60,4,0,0.20229804099994908
s1_1000,S1-337946117,S3,India,selective_v2_compact,0,14,6,1,0,0,50,8,1,7,0.01506309300009434,120,10,60,16,241,236,0.016250497999976687,0,236,236,236,111,1,1,60,2,0,0.03133266200006801
s1_1000,S1-625817119,S2,US,selective_v2_compact,0,14,3,1,0,0,1,11,0,11,0.0065096569998104314,28,1,2,24,344,250,0.007148930999960612,1,326,325,326,118,1,1,60,1,1,0.02882805699994151
s1_1000,S1-625817119,S3,US,selective_v2_compact,0,14,3,1,0,0,1,11,0,11,0.006091289999972105,28,1,2,24,373,245,0.006701549000013074,1,345,344,345,110,1,1,60,2,1,0.02767113499999141
s1_1000,S1-295078193,S2,US,selective_v2_compact,0,14,1,1,1,0,6,13,1,11,0.022725739000065914,28,0,6,27,304,214,0.023260330999960388,0,291,291,291,114,1,1,60,1,0,0.04045172300004651
s1_1000,S1-295078193,S3,US,selective_v2_compact,0,14,1,1,2,0,6,13,1,10,0.02376158199990641,28,0,6,27,300,218,0.024287080000021888,0,287,287,287,114,1,1,60,0,0,0.04296752599998399
s1_1000,S1-444041166,S2,US,selective_v2_compact,0,14,0,0,5,0,8,14,1,8,0.013989933000061683,45,1,9,28,164,160,0.014738410000063595,1,161,160,161,88,1,1,60,1,1,0.022920881000004556
s1_1000,S1-444041166,S3,US,selective_v2_compact,0,14,9,1,0,0,16,5,0,5,0.014508783999986008,45,3,19,10,263,255,0.015091446000042197,1,256,255,256,79,1,1,60,2,1,0.02585489700004473
s1_1000,S1-644909060,S2,India,selective_v2_compact,0,14,6,1,0,0,50,8,2,6,0.018942655999921953,120,10,60,17,244,224,0.020138141999950676,0,233,233,233,82,1,1,60,1,0,0.03232209800000874
s1_1000,S1-644909060,S3,India,selective_v2_compact,0,14,6,1,0,0,42,8,2,6,0.023014083999782997,120,6,48,17,290,215,0.024409958999967785,2,222,220,222,68,1,1,60,4,2,0.03657137800007604
s1_1000,S1-361137897,S2,India,selective_v2_compact,0,14,6,1,0,0,31,8,0,8,0.007302753000203666,120,15,46,17,244,210,0.008751942999992934,1,227,226,227,57,0,0,57,2,1,0.021801599000013994
s1_1000,S1-361137897,S3,India,selective_v2_compact,0,14,5,1,4,0,36,9,0,5,0.008632616000227245,120,6,42,19,272,249,0.010261246000027313,1,263,262,263,62,1,1,60,0,1,0.02979585099990345
s1_1000,S1-41317566,S2,India,selective_v2_compact,0,14,6,1,0,0,22,8,0,8,0.020091675000003306,55,3,25,16,267,200,0.020754134000071645,3,203,200,203,105,1,1,60,4,3,0.03046322400007284
s1_1000,S1-41317566,S3,India,selective_v2_compact,0,14,9,1,1,0,19,5,0,4,0.021087926999825868,55,3,22,10,281,276,0.021878108000009888,1,277,276,277,111,1,1,60,2,1,0.03458685800001149
s1_1000,S1-708966187,S2,India,selective_v2_compact,0,14,5,1,0,0,30,9,1,8,0.04353719400000955,66,15,45,18,259,216,0.04405812199991033,6,222,216,222,97,1,1,60,2,6,0.06050428000003194
s1_1000,S1-708966187,S3,India,selective_v2_compact,0,14,9,1,1,0,33,5,0,4,0.016101020999940374,66,6,39,10,259,259,0.016713985000023968,13,259,259,272,124,1,1,60,0,13,0.029371397999966575
s1_1000,S1-800315369,S2,US,selective_v2_compact,0,14,6,1,0,0,7,8,0,8,0.017201061000037043,28,1,8,17,253,205,0.017696893000106684,0,232,232,232,93,1,1,60,1,0,0.02697385099997973
s1_1000,S1-800315369,S3,US,selective_v2_compact,0,14,6,1,0,0,7,8,0,8,0.018606799999929535,28,1,8,17,304,246,0.019107308000002377,1,277,276,277,113,1,1,60,1,1,0.030107014999998682
s1_1000,S1-743238002,S2,US,selective_v2_compact,0,14,2,1,0,0,0,12,1,11,0.010109733999911441,21,0,0,25,334,204,0.010621979999996256,1,317,316,317,103,1,1,60,1,1,0.029471792999970603
s1_1000,S1-743238002,S3,US,selective_v2_compact,0,14,2,1,0,0,0,12,1,11,0.01082896500008701,21,0,0,25,349,228,0.011355815000001712,1,324,323,324,110,1,1,60,2,1,0.028461468000045897
s1_1000,S1-75477466,S2,US,selective_v2_compact,0,14,0,0,2,0,6,14,0,12,0.011868770999967637,28,1,7,29,203,127,0.012323111000000608,6,182,176,182,81,1,1,60,1,6,0.023408515000028274
s1_1000,S1-75477466,S3,US,selective_v2_compact,0,12,0,0,0,4,9,12,0,12,0.013014085000236264,28,3,12,24,166,145,0.013385949000053188,5,150,145,150,81,1,1,60,2,5,0.02159352800003944
s1_1000,S1-327462179,S2,US,selective_v2_compact,0,14,0,1,2,0,5,14,2,10,0.014685408000104871,28,1,6,29,269,252,0.015222388999973191,0,255,255,255,114,1,1,60,1,0,0.03507879299991146
s1_1000,S1-327462179,S3,US,selective_v2_compact,0,14,0,0,2,0,5,14,3,9,0.01469371299992872,28,1,6,29,127,117,0.015158432000021094,1,119,118,119,91,1,1,60,1,1,0.020188435000022764
s1_1000,S1-374066313,S2,US,selective_v2_compact,0,14,5,1,0,2,11,9,0,9,0.019273738999913803,28,1,12,20,345,246,0.019689807000077053,5,281,276,281,79,1,1,60,3,5,0.03731927600006202
s1_1000,S1-374066313,S3,US,selective_v2_compact,0,14,5,1,1,2,9,9,0,8,0.02009771699988505,28,3,12,20,354,264,0.020520263999969757,1,300,299,300,77,1,1,60,2,1,0.04294205700000475
s1_1000,S1-406521568,S2,India,selective_v2_compact,0,13,8,1,1,8,14,5,0,4,0.006866842000022189,45,10,24,10,284,277,0.007393128999979126,3,280,277,280,119,1,1,60,2,3,0.020572455999968042
s1_1000,S1-406521568,S3,India,selective_v2_compact,0,14,5,1,0,4,17,9,1,8,0.01683913899989875,45,6,23,18,273,249,0.017377381999949648,14,263,249,263,81,1,1,60,2,14,0.036733022000021265
s1_1000,S1-111906316,S2,US,selective_v2_compact,0,13,4,1,0,4,8,9,0,9,0.006391230999838626,28,3,11,19,250,205,0.006813569999962965,48,223,221,269,124,1,1,60,3,47,0.017269795000061094
s1_1000,S1-111906316,S3,US,selective_v2_compact,0,13,1,1,1,4,5,12,1,10,0.008803148000083638,28,6,11,25,361,310,0.009288913999967008,63,328,328,391,151,1,1,60,1,51,0.03444552100006604
s1_1000,S1-529891305,S2,US,selective_v2_compact,0,14,0,0,1,1,4,14,0,13,0.004782740000109698,21,1,5,29,135,109,0.005159369000011793,1,112,111,112,71,1,1,60,3,1,0.009736499000041476
s1_1000,S1-529891305,S3,US,selective_v2_compact,0,14,0,0,5,1,4,14,0,9,0.005223605999844949,21,1,5,29,157,146,0.00559134599996014,0,147,147,147,76,1,1,60,0,0,0.012244038000062574
s1_1000,S1-231036087,S2,India,selective_v2_compact,0,14,10,1,0,0,40,4,0,4,0.010424667999927806,91,21,61,8,237,230,0.01107896200005598,1,231,230,231,96,1,1,60,2,1,0.024983824999935678
s1_1000,S1-231036087,S3,India,selective_v2_compact,0,14,2,1,0,0,40,12,5,7,0.02532532599991555,91,15,55,24,245,230,0.026191478999976425,2,232,230,232,108,1,1,60,2,2,0.04219835399999283
s1_1000,S1-800917539,S2,India,selective_v2_compact,0,14,0,0,0,0,13,14,1,13,0.013009960000204046,120,3,16,30,237,129,0.014985881000029622,0,165,165,165,81,1,1,60,1,0,0.027365269000029002
s1_1000,S1-800917539,S3,India,selective_v2_compact,0,14,5,1,3,0,9,9,1,5,0.007560994999948889,120,0,9,20,230,201,0.009620083000072555,0,228,228,228,80,1,1,60,0,0,0.025735688000054324
s1_1000,S1-462223675,S2,US,selective_v2_compact,0,14,0,0,3,0,6,14,0,11,0.012306945000545966,55,0,6,29,377,119,0.013330536000012216,1,331,330,331,111,1,1,60,2,1,0.031794472000001406
s1_1000,S1-462223675,S3,US,selective_v2_compact,0,14,0,0,0,0,10,14,1,13,0.018887814000436265,55,1,11,29,371,90,0.019764441999996052,1,315,314,315,115,1,1,60,2,1,0.03318780000006427
s1_1000,S1-703195062,S2,India,selective_v2_compact,0,14,1,1,0,0,35,13,3,10,0.017982775000064066,120,36,71,27,297,248,0.019068699999934324,1,263,262,263,105,1,1,60,2,1,0.04397977200005698
s1_1000,S1-703195062,S3,India,selective_v2_compact,0,14,0,1,0,0,52,14,4,10,0.024916614999710873,120,15,67,29,248,204,0.026099145999978646,2,218,216,218,114,1,1,60,3,2,0.040195242999971015
s1_1000,S1-910549892,S2,India,selective_v2_compact,0,14,0,0,2,0,5,14,1,11,0.016620116000012786,55,0,5,30,223,119,0.01760483500004284,1,180,179,180,80,1,1,60,1,1,0.0280248980000124
s1_1000,S1-910549892,S3,India,selective_v2_compact,0,14,2,1,0,0,1,12,2,10,0.020144890000096893,55,0,1,26,301,218,0.021227369000030194,1,270,269,270,76,1,1,60,2,1,0.039231975999996394
s1_1000,S1-277955334,S2,US,selective_v2_compact,0,14,0,0,6,0,3,14,0,8,0.01225470999997924,36,0,3,29,218,132,0.012970434000067144,0,213,213,213,103,1,1,60,0,0,0.023279115000036654
s1_1000,S1-277955334,S3,US,selective_v2_compact,0,14,1,1,0,0,8,13,0,13,0.02260368599991125,36,1,9,27,394,266,0.02328062599997338,0,354,354,354,110,1,1,60,3,0,0.04880751500002134
s1_1000,S1-510267170,S2,India,selective_v2_compact,0,14,0,1,2,0,9,14,3,9,0.02293540099992697,66,0,9,31,283,234,0.024158044000046175,5,268,263,268,78,1,1,60,1,5,0.04206820100000641
s1_1000,S1-510267170,S3,India,selective_v2_compact,0,14,9,1,1,0,7,5,0,4,0.010009075000084522,66,0,7,13,273,223,0.011133743000073082,3,265,265,268,82,1,1,60,1,3,0.03960466500006987
s1_1000,S1-958682608,S2,India,selective_v2_compact,0,14,4,1,0,0,22,10,0,10,0.0068312300001025505,105,10,32,23,269,203,0.008227721000025667,1,243,242,243,78,1,1,60,2,1,0.02554005199999665
s1_1000,S1-958682608,S3,India,selective_v2_compact,0,14,0,0,5,0,24,14,2,7,0.010979327000086414,105,3,27,31,186,135,0.01251407699999163,2,169,167,169,80,1,1,60,1,2,0.030263952000041172
s1_1000,S1-485348225,S2,US,selective_v2_compact,0,14,0,0,3,0,6,14,3,8,0.01032958400003281,66,6,12,30,225,190,0.011389039000050616,0,200,200,200,112,1,1,60,3,0,0.024697428999957083
s1_1000,S1-485348225,S3,US,selective_v2_compact,0,14,2,1,2,0,8,12,3,7,0.00944155999980012,66,10,18,26,297,273,0.010444867000046543,1,277,276,277,116,1,1,60,4,1,0.041619832000037604
s1_1000,S1-860341006,S2,India,selective_v2_compact,0,14,2,1,0,0,24,12,1,11,0.018654179000009208,105,28,52,25,320,253,0.019839178999973228,0,269,269,269,98,1,1,60,2,0,0.04085372300005474
s1_1000,S1-860341006,S3,India,selective_v2_compact,0,14,2,1,0,0,27,12,1,11,0.018471403000035025,105,21,48,25,288,228,0.019654759000104605,2,245,243,245,100,1,1,60,3,2,0.03617064200000186
s1_1000,S1-44958416,S2,US,selective_v2_compact,0,14,0,1,0,0,4,14,1,13,0.016070169000045098,45,1,5,29,467,221,0.01696621199994297,1,404,403,404,101,1,1,60,2,1,0.050425041999915265
s1_1000,S1-44958416,S3,US,selective_v2_compact,0,14,0,1,0,0,4,14,1,13,0.01707393100025456,45,1,5,29,485,209,0.0179498259999491,2,420,418,420,106,1,1,60,3,2,0.04501425900002687
s1_1000,S1-197625875,S2,US,selective_v2_compact,0,14,0,0,1,0,8,14,0,13,0.019848756000101275,28,1,9,30,192,144,0.020277520999911758,0,159,159,159,80,1,1,60,1,0,0.027393925999945168
s1_1000,S1-197625875,S3,US,selective_v2_compact,0,14,0,0,2,0,8,14,0,12,0.02098944600015784,28,1,9,30,201,149,0.021427772000038203,0,162,162,162,78,1,1,60,1,0,0.029575296999951206
s1_1000,S1-933004961,S2,US,selective_v2_compact,0,14,5,1,0,0,5,9,1,8,0.021002812000006088,28,0,5,18,234,227,0.021520845999930316,2,229,227,229,97,1,1,60,2,2,0.03398058300001594
s1_1000,S1-933004961,S3,US,selective_v2_compact,0,14,5,1,0,0,5,9,1,8,0.022421123000185617,28,0,5,18,245,239,0.02295322199995553,0,239,239,239,90,1,1,60,1,0,0.04084715400006189
s1_1000,S1-609612010,S2,US,selective_v2_compact,0,14,0,0,0,0,5,14,0,14,0.004929272000140372,45,1,6,31,214,87,0.00569872700009455,1,133,132,133,75,1,1,60,5,1,0.016074881000008645
s1_1000,S1-609612010,S3,US,selective_v2_compact,0,14,0,0,0,0,5,14,0,14,0.005022981000479376,45,1,6,32,194,84,0.00583919700000024,1,165,164,165,80,1,1,60,1,1,0.014880688999937774
s1_1000,S1-24789070,S2,US,selective_v2_compact,0,14,7,1,0,0,8,7,0,7,0.015541896000058841,28,1,9,14,258,240,0.015992232000030526,3,243,240,243,87,1,1,60,3,3,0.025537992999943526
s1_1000,S1-24789070,S3,US,selective_v2_compact,0,14,7,1,0,0,8,7,0,7,0.016584963999889624,28,1,9,14,272,260,0.017090876999986904,0,260,260,260,80,1,1,60,3,0,0.027315874999999323
s1_1000,S1-694967517,S2,India,selective_v2_compact,0,14,6,1,0,0,50,8,1,7,0.016635469999982888,120,10,60,16,296,283,0.01790331999995942,0,283,283,283,91,1,1,60,2,0,0.04385894000006374
s1_1000,S1-694967517,S3,India,selective_v2_compact,0,14,5,1,0,0,49,9,2,7,0.022041971999897214,120,10,59,18,264,254,0.023325797999973474,1,255,254,255,89,1,1,60,4,1,0.04129141199996411
s1_1000,S1-919660109,S2,India,selective_v2_compact,0,14,0,1,1,8,11,14,0,13,0.011872904999904677,45,10,21,28,316,213,0.012479619000032471,0,213,213,213,96,1,1,60,1,0,0.027399070999990727
s1_1000,S1-919660109,S3,India,selective_v2_compact,0,14,0,1,2,8,11,14,0,12,0.026495438000210925,45,10,21,28,335,214,0.027116789000046992,1,215,214,215,104,1,1,60,2,1,0.04110148700010541
s1_1000,S1-954562808,S2,US,selective_v2_compact,0,14,5,1,0,0,9,9,0,9,0.024414445999923373,36,1,10,18,302,289,0.025059382999984336,0,289,289,289,114,1,1,60,3,0,0.047884634999945774
s1_1000,S1-954562808,S3,US,selective_v2_compact,0,14,3,1,1,0,9,11,1,9,0.03229734600006395,36,1,10,22,223,217,0.03288480699995944,0,217,217,217,118,1,1,60,0,0,0.04516742800001339
s1_1000,S1-28896124,S2,US,selective_v2_compact,0,14,0,0,0,0,1,14,0,14,0.0049460220000128174,28,0,1,30,212,83,0.005491141000106836,1,194,193,194,97,1,1,60,1,1,0.013208501000008255
s1_1000,S1-28896124,S3,US,selective_v2_compact,0,14,0,0,0,0,1,14,0,14,0.00586553499999809,28,0,1,30,249,77,0.006477739000047222,1,198,197,198,92,1,1,60,3,1,0.014433231999987584
s1_1000,S1-557319843,S2,India,selective_v2_compact,0,14,0,0,0,0,12,14,1,13,0.006621075000225574,66,15,27,31,135,87,0.007380074000025161,1,100,99,100,67,1,1,60,2,1,0.017151710999996794
s1_1000,S1-557319843,S3,India,selective_v2_compact,0,14,6,1,0,0,18,8,0,8,0.016480566000041108,66,6,24,19,265,231,0.017398264999997082,0,243,243,243,57,0,0,57,1,0,0.03720399999997426
s1_1000,S1-516290105,S2,US,selective_v2_compact,0,14,0,0,6,0,6,14,0,8,0.0060040760002948446,36,1,7,30,105,90,0.006576183999982277,0,99,99,99,50,0,0,50,1,0,0.017532946999949672
s1_1000,S1-516290105,S3,US,selective_v2_compact,0,14,0,0,2,0,8,14,1,11,0.01078276900000219,36,1,9,29,215,171,0.011388173999989704,3,178,175,178,97,1,1,60,5,3,0.023448852999990777
s1_1000,S1-101840713,S2,US,selective_v2_compact,0,14,0,0,2,0,4,14,0,12,0.01000772199995481,36,1,5,31,191,93,0.010635827999976755,0,131,131,131,94,1,1,60,0,0,0.016291158000058203
s1_1000,S1-101840713,S3,US,selective_v2_compact,0,14,0,0,0,0,4,14,0,14,0.010667964999584001,36,1,5,31,175,93,0.011301057999958175,2,121,119,121,86,1,1,60,1,2,0.017344376000096418
s1_1000,S1-807273946,S2,US,selective_v2_compact,0,14,6,1,1,0,13,8,1,6,0.01668072300003587,36,3,16,16,212,205,0.017140103999963685,1,206,205,206,81,1,1,60,2,1,0.02941215500004546
s1_1000,S1-807273946,S3,US,selective_v2_compact,0,14,7,1,1,0,13,7,1,5,0.01565383800004838,36,3,16,14,227,225,0.016135460999976203,1,226,225,226,86,1,1,60,0,1,0.03311709399997653
s1_1000,S1-362815713,S2,US,selective_v2_compact,0,13,2,1,0,0,2,11,0,11,0.010108738000099038,15,0,2,24,303,209,0.01045471500003714,1,244,243,244,78,1,1,60,3,1,0.022575679999931708
s1_1000,S1-362815713,S3,US,selective_v2_compact,0,13,6,1,0,0,2,7,0,7,0.005151630000000296,15,0,2,15,266,215,0.005504822000034437,1,257,256,257,117,1,1,60,2,1,0.015771260000065013
s1_1000,S1-118188739,S2,US,selective_v2_compact,0,14,0,0,2,0,7,14,0,12,0.011176463000083459,36,3,10,30,465,131,0.011783940000100301,0,398,398,398,115,1,1,60,0,0,0.037174433000018325
s1_1000,S1-118188739,S3,US,selective_v2_compact,0,14,0,0,0,0,7,14,0,14,0.012328597000305308,36,3,10,30,513,163,0.012951023000027817,0,426,426,426,115,1,1,60,1,0,0.04442882099999679
s1_1000,S1-503223139,S2,India,selective_v2_compact,0,14,6,1,0,10,41,8,1,7,0.015603545999965718,120,45,86,16,233,224,0.016396667999970305,1,225,224,225,87,1,1,60,1,1,0.02982242700011284
s1_1000,S1-503223139,S3,India,selective_v2_compact,0,14,6,1,0,10,39,8,1,7,0.012792709999871477,120,45,84,16,249,225,0.013613157000008869,2,227,225,227,97,1,1,60,4,2,0.02864893799994661
s1_1000,S1-64197487,S2,US,selective_v2_compact,0,14,6,1,2,0,4,8,0,6,0.008451190000187125,28,1,5,16,212,208,0.008970378000071833,0,208,208,208,80,1,1,60,1,0,0.017282423999972707
s1_1000,S1-64197487,S3,US,selective_v2_compact,0,14,6,1,0,0,4,8,0,8,0.008984961999999541,28,1,5,16,269,250,0.009523081000111233,0,250,250,250,79,1,1,60,3,0,0.01946609099991292
s1_1000,S1-88249277,S2,India,selective_v2_compact,0,14,9,1,0,0,14,5,0,5,0.02539022299993121,78,3,17,14,241,200,0.026563055999986318,0,222,222,222,77,1,1,60,2,0,0.0403965350000135
s1_1000,S1-88249277,S3,India,selective_v2_compact,0,14,0,0,1,0,14,14,1,12,0.012971968999750061,78,0,14,32,114,78,0.014144910000027267,0,95,95,95,67,1,1,60,1,0,0.018755597999984275
s1_1000,S1-225047892,S2,US,selective_v2_compact,0,11,6,1,0,0,3,5,0,5,0.004084393000198361,15,1,4,10,207,203,0.00436847299999954,6,204,203,209,97,1,1,60,2,6,0.012352147000001423
s1_1000,S1-225047892,S3,US,selective_v2_compact,0,11,0,0,0,0,3,11,0,11,0.0055032090002669065,15,1,4,23,276,192,0.005814570999973512,1,252,251,252,113,1,1,60,1,1,0.01742310199995245
s1_1000,S1-208289868,S2,India,selective_v2_compact,0,14,2,1,0,0,35,12,3,9,0.04347662499992566,91,10,45,25,265,242,0.04441960399992695,2,246,244,246,108,1,1,60,2,2,0.06500102500001503
s1_1000,S1-208289868,S3,India,selective_v2_compact,0,14,6,1,1,0,34,8,1,6,0.018538753999905566,91,6,40,17,248,226,0.019538160000024618,3,232,229,232,89,1,1,60,3,3,0.03086940399998639
s1_1000,S1-378019168,S2,India,selective_v2_compact,0,14,4,1,1,0,18,10,0,9,0.010670924000237392,78,10,28,21,316,251,0.011729755000033038,0,266,266,266,105,1,1,60,0,0,0.024609889999965162
s1_1000,S1-378019168,S3,India,selective_v2_compact,0,14,4,1,3,0,18,10,1,6,0.010315348999711205,78,3,21,21,297,269,0.011432573999968554,0,289,289,289,84,1,1,60,0,0,0.024396783000042888
s1_1000,S1-117416889,S2,US,selective_v2_compact,0,14,3,1,2,0,7,11,1,8,0.007834658000092531,66,1,8,22,219,202,0.008966390999944451,1,203,202,203,100,1,1,60,2,1,0.017762782999966475
s1_1000,S1-117416889,S3,US,selective_v2_compact,0,14,3,1,0,0,10,11,1,10,0.010310998000022664,66,3,13,22,278,254,0.011419163999903503,1,255,254,255,87,1,1,60,2,1,0.030338632000052712
s1_1000,S1-1039410,S2,India,selective_v2_compact,0,14,8,1,0,0,32,6,0,6,0.007595497000011164,91,6,38,13,321,230,0.008671429000060016,3,266,263,266,90,1,1,60,5,3,0.02510428799996589
s1_1000,S1-1039410,S3,India,selective_v2_compact,0,14,4,1,0,0,29,10,0,10,0.014891605000002528,91,6,35,21,304,223,0.016112239999984013,2,256,254,256,88,1,1,60,3,2,0.028545741000016278
s1_1000,S1-787831972,S2,India,selective_v2_compact,0,14,7,1,0,0,34,7,0,7,0.018287720000103036,91,10,44,15,243,205,0.019269398999995246,1,218,217,218,65,1,1,60,4,1,0.03532633999998325
s1_1000,S1-787831972,S3,India,selective_v2_compact,0,14,7,1,0,0,37,7,0,7,0.007273222000094393,91,3,40,15,245,226,0.008385126000007403,0,232,232,232,75,1,1,60,1,0,0.019996356999968157
s1_1000,S1-574008304,S2,US,selective_v2_compact,0,12,0,0,6,0,3,12,0,6,0.00876314699996783,15,0,3,24,90,64,0.009069279000073038,26,90,64,90,77,1,1,60,0,26,0.012802193000084117
s1_1000,S1-574008304,S3,US,selective_v2_compact,0,12,0,0,0,0,3,12,0,12,0.00889643200014234,15,0,3,24,115,69,0.009164564999991853,23,92,69,92,74,1,1,60,3,23,0.01299395299997741
s1_1000,S1-970581623,S2,US,selective_v2_compact,0,14,10,1,0,0,2,4,0,4,0.009393084000066665,21,0,2,10,226,200,0.00982038899996951,2,211,210,212,78,1,1,60,2,2,0.018128110999896307
s1_1000,S1-970581623,S3,US,selective_v2_compact,0,14,0,0,4,0,3,14,1,9,0.007533863000162455,21,0,3,30,181,153,0.008008870000026036,0,163,163,163,79,1,1,60,0,0,0.02642676899995422
s1_1000,S1-951410198,S2,India,selective_v2_compact,0,14,9,1,1,0,25,5,0,4,0.012724052000180563,55,6,31,10,221,212,0.01324106300000949,9,221,212,221,116,1,1,60,0,9,0.02345463500000733
s1_1000,S1-951410198,S3,India,selective_v2_compact,0,14,8,1,0,0,23,6,0,6,0.03376319400001648,55,3,26,12,259,246,0.034439059999954225,5,251,246,251,91,1,1,60,4,5,0.048166435999974055
s1_1000,S1-56436840,S2,India,selective_v2_compact,0,14,8,1,0,7,37,6,0,6,0.014999604999843541,78,15,52,12,206,201,0.015594727999996394,2,203,201,203,87,1,1,60,0,2,0.0276734020000049
s1_1000,S1-56436840,S3,India,selective_v2_compact,0,14,9,1,0,0,39,5,0,5,0.016380009000044993,78,10,49,10,232,230,0.017026207999947474,11,230,230,241,92,1,1,60,1,11,0.035112899000068865
s1_1000,S1-919740289,S2,US,selective_v2_compact,0,14,9,1,0,0,7,5,0,5,0.014549117999990813,28,0,7,10,233,217,0.015036682000072688,16,233,217,233,92,1,1,60,0,16,0.024100307000026078
s1_1000,S1-919740289,S3,US,selective_v2_compact,0,14,9,1,0,0,8,5,0,5,0.013567686000101276,28,0,8,10,240,226,0.014040810999972564,8,234,226,234,90,1,1,60,1,8,0.023463376999984575
s1_1000,S1-72039349,S2,India,selective_v2_compact,0,14,6,1,0,0,54,8,2,6,0.01706383599992023,105,10,64,16,206,201,0.01791916400009086,0,201,201,201,94,1,1,60,0,0,0.02979723800001466
s1_1000,S1-72039349,S3,India,selective_v2_compact,0,14,9,1,0,0,49,5,0,5,0.012750724999818885,105,6,55,10,266,257,0.013771686000040972,1,258,257,258,93,1,1,60,3,1,0.03683970199995201
s1_1000,S1-131745165,S2,US,selective_v2_compact,0,14,10,1,0,0,3,4,0,4,0.010446883999748025,28,1,4,9,275,224,0.011000780000017585,29,260,231,260,77,1,1,60,1,29,0.021204158999921674
s1_1000,S1-131745165,S3,US,selective_v2_compact,0,14,7,1,0,0,3,7,1,6,0.011638023000045905,28,1,4,15,280,229,0.012170862999937526,21,262,241,262,84,1,1,60,2,21,0.02253457000006165
s1_1000,S1-527220147,S2,US,selective_v2_compact,0,14,0,0,0,0,2,14,0,14,0.0047943160002432705,36,1,3,30,305,75,0.005451005999930203,1,252,251,252,92,1,1,60,3,1,0.01516866100007519
s1_1000,S1-527220147,S3,US,selective_v2_compact,0,14,0,0,0,0,2,14,0,14,0.004959797999958937,36,1,3,30,318,85,0.005622287000051074,1,278,277,278,98,1,1,60,2,1,0.016663564000054976
s1_1000,S1-810076304,S2,US,selective_v2_compact,0,14,7,1,0,0,7,7,2,5,0.011048454000047059,36,1,8,16,397,223,0.011689273999991201,0,250,250,250,101,1,1,60,3,0,0.021563481000043794
s1_1000,S1-810076304,S3,US,selective_v2_compact,0,14,2,1,0,0,7,12,4,8,0.028074074999722143,36,1,8,26,337,233,0.028737453999951867,0,253,253,253,72,1,1,60,2,0,0.054537777000064125
s1_1000,S1-355916990,S2,India,selective_v2_compact,0,14,0,0,0,0,27,14,0,14,0.012351598000236663,91,15,42,31,218,158,0.013374827999996342,1,186,185,186,78,1,1,60,1,1,0.02544825099994341
s1_1000,S1-355916990,S3,India,selective_v2_compact,0,14,0,0,5,0,31,14,0,9,0.011398049000149513,78,10,41,30,208,176,0.012210230999926353,0,196,196,196,79,1,1,60,1,0,0.02597897499992996
s1_1000,S1-603830615,S2,India,selective_v2_compact,0,14,0,0,0,0,11,14,1,13,0.012732082999832528,66,6,17,30,275,183,0.013727446999951098,2,243,241,243,99,1,1,60,2,2,0.024968770999976186
s1_1000,S1-603830615,S3,India,selective_v2_compact,0,14,0,0,5,0,11,14,1,8,0.02127012100004322,66,1,12,30,217,140,0.022355345000050875,0,190,190,190,86,1,1,60,0,0,0.03227499700005865
s1_1000,S1-203874762,S2,India,selective_v2_compact,0,14,4,1,1,0,8,10,0,9,0.009273293999740417,78,10,18,21,337,286,0.010593001999950502,0,323,323,323,110,1,1,60,2,0,0.0351414859999295
s1_1000,S1-203874762,S3,India,selective_v2_compact,0,14,4,1,1,0,11,10,0,9,0.011851867000132188,78,6,17,21,290,250,0.013077930000008564,0,278,278,278,96,1,1,60,1,0,0.031624568999973235
s1_1000,S1-834983529,S2,US,selective_v2_compact,0,14,0,0,4,0,2,14,0,10,0.010389139000039904,28,1,3,28,226,190,0.01098878900006639,12,192,190,202,92,1,1,60,2,12,0.021444608000024346
s1_1000,S1-834983529,S3,US,selective_v2_compact,0,14,6,1,0,0,4,8,0,8,0.010231241000155933,28,3,7,16,228,208,0.010723644999984572,11,209,208,219,105,1,1,60,3,11,0.022702586000036717
s1_1000,S1-225919167,S2,US,selective_v2_compact,0,14,1,1,3,0,6,13,0,10,0.01342684500014002,28,1,7,28,493,246,0.013968722000072376,0,437,437,437,111,1,1,60,0,0,0.04486859100006768
s1_1000,S1-225919167,S3,US,selective_v2_compact,0,14,1,1,1,0,6,13,0,12,0.014551262999930259,28,1,7,28,546,262,0.015126452000004065,0,486,486,486,110,1,1,60,0,0,0.04627998499995556
s1_1000,S1-272522928,S2,US,selective_v2_compact,0,14,9,1,1,0,3,5,0,4,0.010532423000086055,36,0,3,10,253,250,0.011237978000053772,0,250,250,250,82,1,1,60,2,0,0.020943519999946147
s1_1000,S1-272522928,S3,US,selective_v2_compact,0,14,9,1,0,0,3,5,0,5,0.01116185899991251,36,0,3,10,272,260,0.011838708000027509,2,262,260,262,80,1,1,60,3,2,0.022376201000042784
s1_1000,S1-124849120,S2,India,selective_v2_compact,0,14,0,0,0,0,15,14,1,13,0.0054741309999144505,78,21,36,29,169,113,0.006315499999914209,0,130,130,130,78,1,1,60,1,0,0.013487165000015011
s1_1000,S1-124849120,S3,India,selective_v2_compact,0,14,7,1,1,0,14,7,0,6,0.0075169829999595095,78,21,35,15,239,209,0.008369335999987015,0,227,227,227,78,1,1,60,2,0,0.018524929000022894
s1_1000,S1-230964033,S2,India,selective_v2_compact,0,14,7,1,0,0,49,7,0,7,0.019856858000025568,120,21,70,14,266,231,0.02086145300006592,0,231,231,231,79,1,1,60,1,0,0.032258370000022296
s1_1000,S1-230964033,S3,India,selective_v2_compact,0,14,6,1,0,0,47,8,0,8,0.025401964000138832,120,15,62,16,364,334,0.026587636000044768,0,334,334,334,77,1,1,60,2,0,0.05408090799994625
s1_1000,S1-613113880,S2,India,selective_v2_compact,0,14,6,1,0,0,30,8,1,7,0.013437036000027547,91,10,40,18,332,241,0.014541351000048053,8,300,299,307,59,0,0,59,2,8,0.03892278700004681
s1_1000,S1-613113880,S3,India,selective_v2_compact,0,14,6,1,0,0,34,8,1,7,0.016571331000022838,91,3,37,18,265,215,0.017637158999946223,7,255,255,262,84,1,1,60,1,7,0.031849850000071456
s1_1000,S1-396803331,S2,India,selective_v2_compact,0,14,0,0,1,0,14,14,2,11,0.01025369499984663,78,10,24,30,188,122,0.011312379999935729,1,124,123,124,95,1,1,60,1,1,0.018246728999997686
s1_1000,S1-396803331,S3,India,selective_v2_compact,0,14,1,1,1,0,18,13,2,10,0.00951461699992251,66,3,21,27,252,217,0.01043277099995521,1,218,217,218,89,1,1,60,1,1,0.03197989099999177
s1_1000,S1-357644530,S2,India,selective_v2_compact,0,14,9,1,0,0,43,5,1,4,0.020775086000071497,78,6,49,11,264,227,0.021406229000035637,0,261,261,261,98,1,1,60,1,0,0.03423148100000617
s1_1000,S1-357644530,S3,India,selective_v2_compact,0,14,7,1,0,0,38,7,2,5,0.021534779000148774,78,3,41,15,291,239,0.02232019100006255,1,279,278,279,101,1,1,60,2,1,0.03579656900001282
s1_1000,S1-212885975,S2,US,selective_v2_compact,0,14,5,1,2,2,8,9,2,5,0.016474297999934606,28,3,11,18,285,274,0.016931985000042005,7,275,274,281,125,1,1,60,0,7,0.03768366600002082
s1_1000,S1-212885975,S3,US,selective_v2_compact,0,13,5,1,0,3,9,8,2,6,0.01397262500040597,28,3,12,16,217,204,0.014407930000061242,10,204,204,214,118,1,1,60,1,10,0.02306420500008244
s1_1000,S1-146611329,S2,US,selective_v2_compact,0,14,0,0,1,0,0,14,0,13,0.0035148960001833984,15,0,0,31,166,41,0.0038171139999576553,2,122,120,122,82,1,1,60,3,2,0.011240696000072603
s1_1000,S1-146611329,S3,US,selective_v2_compact,0,14,0,0,5,0,0,14,0,9,0.003743683000152487,15,0,0,30,101,59,0.004035836000070958,1,76,75,76,53,0,0,53,2,1,0.007971272000077079
s1_1000,S1-362088672,S2,India,selective_v2_compact,0,14,0,1,0,0,8,14,1,13,0.014151184999832367,55,6,14,31,287,232,0.015012439999964045,1,250,249,250,77,1,1,60,2,1,0.03163619800000106
s1_1000,S1-362088672,S3,India,selective_v2_compact,0,14,5,1,1,0,11,9,0,8,0.021684624999920743,55,1,12,22,355,283,0.02260847700006252,1,333,332,333,78,1,1,60,2,1,0.04850283700000091
s1_1000,S1-831406252,S2,India,selective_v2_compact,0,14,6,1,1,5,15,8,0,7,0.011910427999964668,55,15,30,17,280,244,0.012488032999954157,1,256,255,256,92,1,1,60,1,1,0.03538123199996335
s1_1000,S1-831406252,S3,India,selective_v2_compact,0,14,1,1,0,5,14,13,0,13,0.014771912999890446,55,15,29,27,360,223,0.01541830700000446,1,238,237,238,90,1,1,60,1,1,0.03073263200008114
s1_1000,S1-603113105,S2,India,selective_v2_compact,0,14,6,1,1,0,17,8,0,7,0.01122318300031111,120,1,18,17,274,240,0.013117804999978944,1,260,259,260,90,1,1,60,4,1,0.03377255299994886
s1_1000,S1-603113105,S3,India,selective_v2_compact,0,14,0,1,1,0,12,14,1,12,0.015464434999785226,120,0,12,29,291,230,0.017536391999897205,0,244,244,244,102,1,1,60,1,0,0.037077567999972416
s1_1000,S1-449694081,S2,US,selective_v2_compact,0,14,0,0,3,0,3,14,0,11,0.00970615899996119,28,0,3,29,424,161,0.010277480000013384,2,393,391,393,90,1,1,60,4,2,0.029968687000064165
s1_1000,S1-449694081,S3,US,selective_v2_compact,0,14,1,1,1,0,4,13,0,12,0.016520707999688966,28,0,4,26,234,202,0.017066316000068582,0,202,202,202,91,1,1,60,2,0,0.029455318000032094
s1_1000,S1-134935361,S2,US,selective_v2_compact,0,13,0,0,0,0,2,13,1,12,0.008229498000105195,15,0,2,27,159,34,0.008518785000092066,7,87,80,87,72,1,1,60,4,7,0.014569311999935053
s1_1000,S1-134935361,S3,US,selective_v2_compact,0,13,0,0,0,0,2,13,1,12,0.008473867999896356,15,0,2,27,134,37,0.008745133999923382,3,93,90,93,76,1,1,60,1,3,0.012772383999958947
s1_1000,S1-270589272,S2,US,selective_v2_compact,0,14,4,1,1,0,6,10,0,9,0.008624126000427168,36,3,9,21,331,257,0.009236536999992495,0,290,290,290,113,1,1,60,3,0,0.02053524899997683
s1_1000,S1-270589272,S3,US,selective_v2_compact,0,14,4,1,0,0,6,10,0,10,0.009287860999847908,36,3,9,21,342,272,0.00993065900001966,1,305,304,305,106,1,1,60,2,1,0.02235629400001926
s1_1000,S1-896456699,S2,US,selective_v2_compact,0,13,0,0,0,0,2,13,0,13,0.010640347999924415,15,0,2,27,219,159,0.010979569000028278,2,189,187,189,99,1,1,60,2,2,0.01863097699992977
s1_1000,S1-896456699,S3,US,selective_v2_compact,0,13,0,0,3,0,2,13,0,10,0.012439127000106964,15,0,2,27,198,167,0.012780044999999518,1,189,188,189,113,1,1,60,2,1,0.02045966100001806
s1_1000,S1-302337739,S2,US,selective_v2_compact,0,12,2,1,0,3,10,10,0,10,0.015342430000032437,28,3,13,20,243,214,0.015731451999954515,4,218,214,218,104,1,1,60,2,4,0.03060619800010045
s1_1000,S1-302337739,S3,US,selective_v2_compact,0,11,4,1,0,3,11,7,0,7,0.0090356979999342,28,3,14,14,244,201,0.009397172000035425,5,206,201,206,94,1,1,60,2,5,0.01937587899999471
s1_1000,S1-391402138,S2,US,selective_v2_compact,0,14,3,1,0,0,10,11,0,11,0.025505905000159146,28,1,11,23,275,201,0.02592704300002424,1,253,252,253,93,1,1,60,1,1,0.036563135999927
s1_1000,S1-391402138,S3,US,selective_v2_compact,0,14,5,1,0,0,10,9,0,9,0.025425392999977703,28,1,11,19,344,237,0.02588249200005066,1,307,306,307,113,1,1,60,3,1,0.0480657450000308
s1_1000,S1-281598141,S2,US,selective_v2_compact,0,14,0,0,1,0,6,14,1,12,0.014277721000325982,28,1,7,29,242,198,0.014773730000001706,1,225,224,225,79,1,1,60,1,1,0.027922922000016115
s1_1000,S1-281598141,S3,US,selective_v2_compact,0,14,1,1,0,0,6,13,1,12,0.012882070000046042,28,1,7,27,277,208,0.013406229999986863,1,236,235,236,76,1,1,60,3,1,0.02834735500005081
s1_1000,S1-132547250,S2,US,selective_v2_compact,0,14,2,1,4,0,0,12,0,8,0.005331328000124813,15,1,1,26,399,242,0.005748003999997309,1,358,357,358,114,1,1,60,1,1,0.026535846000001584
s1_1000,S1-132547250,S3,US,selective_v2_compact,0,14,3,1,0,0,0,11,0,11,0.003645268000013857,15,1,1,24,360,207,0.004031218999898556,1,315,314,315,114,1,1,60,2,1,0.017305013999930452
s1_1000,S1-619795965,S2,US,selective_v2_compact,0,14,0,1,1,0,6,14,2,11,0.025862156000016512,36,1,7,29,359,234,0.02653471000007812,0,335,335,335,105,1,1,60,2,0,0.04931529399993906
s1_1000,S1-619795965,S3,US,selective_v2_compact,0,14,0,1,2,0,6,14,2,10,0.026746131999857425,36,1,7,29,452,300,0.027469286000041393,4,406,402,406,99,1,1,60,5,4,0.05813575900003798
s1_1000,S1-649285755,S2,US,selective_v2_compact,0,14,2,1,3,0,4,12,0,9,0.020855733999837867,28,0,4,24,299,271,0.021452703000022666,21,292,271,292,96,1,1,60,0,21,0.04526713400002791
s1_1000,S1-649285755,S3,US,selective_v2_compact,0,12,7,1,0,2,11,5,0,5,0.014101408999977139,28,3,14,10,243,209,0.014447710000013103,30,239,209,239,96,1,1,60,1,30,0.03275984399999743
s1_1000,S1-430030189,S2,India,selective_v2_compact,0,14,5,1,1,0,29,9,2,6,0.024583641000049283,120,10,39,19,365,317,0.026208986000028744,0,352,352,352,114,1,1,60,2,0,0.0658261720000155
s1_1000,S1-430030189,S3,India,selective_v2_compact,0,14,5,1,0,0,26,9,2,7,0.009394733000021915,120,10,36,19,274,226,0.010974260000011782,0,268,268,268,116,1,1,60,2,0,0.024498987000015404
s1_1000,S1-908464095,S2,US,selective_v2_compact,0,14,4,1,0,0,3,10,1,9,0.02884614499998861,45,0,3,21,300,238,0.029749012999900515,2,266,264,266,90,1,1,60,3,2,0.04437862999998288
s1_1000,S1-908464095,S3,US,selective_v2_compact,0,14,0,0,0,0,4,14,2,12,0.021495853000033094,45,0,4,29,225,112,0.022284765999984302,2,150,148,150,88,1,1,60,5,2,0.029473258000052738
s1_1000,S1-439426602,S2,US,selective_v2_compact,0,14,2,1,0,0,7,12,0,12,0.014786724000032336,28,1,8,24,366,314,0.01536781200002224,5,319,314,319,99,1,1,60,2,5,0.04284208299998227
s1_1000,S1-439426602,S3,US,selective_v2_compact,0,14,4,1,0,0,7,10,0,10,0.014800659999878008,28,1,8,20,266,244,0.015321862000064357,3,247,244,247,110,1,1,60,1,3,0.029713048000076014
s1_1000,S1-632127045,S2,US,selective_v2_compact,0,14,0,0,2,0,2,14,0,12,0.0062765750000153275,21,0,2,30,166,131,0.006692950000001474,1,137,136,137,77,1,1,60,2,1,0.012293572999965363
s1_1000,S1-632127045,S3,US,selective_v2_compact,0,14,0,0,0,0,2,14,0,14,0.007390360999920631,21,0,2,30,207,145,0.00782900600006542,3,154,151,154,78,1,1,60,3,3,0.014058564000038132
s1_1000,S1-698552884,S2,US,selective_v2_compact,0,14,1,1,1,0,4,13,0,12,0.011117008000155693,28,1,5,27,394,311,0.011722265000003063,0,366,366,366,109,1,1,60,3,0,0.04588492800007771
s1_1000,S1-698552884,S3,US,selective_v2_compact,0,14,3,1,0,0,6,11,0,11,0.007148983000092812,28,1,7,22,262,249,0.007661482999992586,0,249,249,249,81,1,1,60,2,0,0.022579065999934755
s1_1000,S1-774996232,S2,India,selective_v2_compact,0,14,9,1,0,8,23,5,0,5,0.006821384000204489,66,21,44,11,298,215,0.007381431999988308,4,270,266,270,98,1,1,60,2,4,0.02002955299997211
s1_1000,S1-774996232,S3,India,selective_v2_compact,0,14,6,1,0,0,26,8,1,7,0.012743866999926468,66,15,41,17,374,274,0.013426180999999815,2,333,331,333,103,1,1,60,2,2,0.04216806300007647
s1_1000,S1-452456543,S2,US,selective_v2_compact,0,14,6,1,1,0,7,8,1,6,0.024322998999991796,28,1,8,16,233,222,0.024798354999916228,0,222,222,222,78,1,1,60,1,0,0.03711748900002476
s1_1000,S1-452456543,S3,US,selective_v2_compact,0,14,5,1,1,0,8,9,0,8,0.018049569999789128,28,1,9,18,253,244,0.018506478999938736,0,244,244,244,117,1,1,60,0,0,0.03541258000007019
s1_1000,S1-585894096,S2,India,selective_v2_compact,0,14,0,0,0,0,20,14,1,13,0.023197572999833938,66,10,30,31,236,194,0.02399696200006929,5,206,201,206,79,1,1,60,3,5,0.03498367299994243
s1_1000,S1-585894096,S3,India,selective_v2_compact,0,14,2,1,0,0,22,12,3,9,0.03108895000002576,55,3,25,26,335,311,0.03179839200004153,5,321,316,321,80,1,1,60,2,5,0.04623543700006394
s1_1000,S1-454927333,S2,India,selective_v2_compact,0,14,6,1,0,0,54,8,3,5,0.016783956999915972,120,10,64,16,228,227,0.017870801999947616,5,227,227,232,105,1,1,60,0,5,0.029430653999952483
s1_1000,S1-454927333,S3,India,selective_v2_compact,0,14,8,1,0,0,55,6,1,5,0.01390042700018057,120,10,65,12,243,238,0.014968946999943,8,239,238,246,112,1,1,60,0,8,0.02704669100000956
s1_1000,S1-724124543,S2,US,selective_v2_compact,0,14,4,1,1,2,7,10,1,8,0.01224650500023472,28,3,10,20,261,255,0.012704987999995865,1,256,255,256,80,1,1,60,1,1,0.029171952000069723
s1_1000,S1-724124543,S3,US,selective_v2_compact,0,14,5,1,0,2,7,9,1,8,0.010240857000098913,28,3,10,18,213,205,0.010691484999938439,1,206,205,206,81,1,1,60,1,1,0.020482456000081584
s1_1000,S1-373841520,S2,US,selective_v2_compact,0,14,0,0,3,1,4,14,0,11,0.008202892999747746,21,1,5,30,277,110,0.008565346999944268,0,231,231,231,91,1,1,60,0,0,0.017661986000007346
s1_1000,S1-373841520,S3,US,selective_v2_compact,0,14,0,0,4,1,4,14,0,10,0.008577866000223366,21,1,5,30,323,122,0.009039232999953128,0,273,273,273,107,1,1,60,0,0,0.019837466000012682
s1_1000,S1-478665448,S2,India,selective_v2_compact,0,14,5,1,1,0,29,9,0,8,0.01763195699982134,66,15,44,19,281,248,0.01820390000000316,2,271,269,271,99,1,1,60,2,2,0.03077815400001782
s1_1000,S1-478665448,S3,India,selective_v2_compact,0,14,4,1,0,0,31,10,0,10,0.022990598999967915,66,6,37,21,358,294,0.023697867000009865,4,325,321,325,90,1,1,60,4,4,0.051044182000055116
s1_1000,S1-31916694,S2,US,selective_v2_compact,0,14,2,1,3,1,2,12,0,9,0.00794426699997075,21,1,3,24,334,319,0.00845325300008426,1,320,319,320,79,1,1,60,2,1,0.02312236300008408
s1_1000,S1-31916694,S3,US,selective_v2_compact,0,14,9,1,0,1,3,5,0,5,0.0053552139999055726,21,3,6,10,222,210,0.005729038000026776,6,214,210,216,82,1,1,60,5,6,0.014627246000031846
s1_1000,S1-178240398,S2,India,selective_v2_compact,0,14,9,1,0,0,29,5,0,5,0.013943776000132857,120,10,39,11,291,246,0.015527281000004223,2,273,271,273,98,1,1,60,3,2,0.04914847100008046
s1_1000,S1-178240398,S3,India,selective_v2_compact,0,14,5,1,1,0,29,9,1,7,0.009503658000198811,120,6,35,19,231,202,0.01114958799996657,1,225,224,225,98,1,1,60,3,1,0.024429361999978028
s1_1000,S1-805720916,S2,India,selective_v2_compact,0,14,0,0,0,3,10,14,2,12,0.01187394300006872,36,6,16,29,79,52,0.012290309999912097,1,56,55,56,56,0,0,56,2,1,0.015258798999980172
s1_1000,S1-805720916,S3,India,selective_v2_compact,0,14,0,0,0,0,10,14,2,12,0.018369282000094245,36,3,13,29,112,91,0.018879788000049302,0,94,94,94,77,1,1,60,3,0,0.027511356999980308
s1_1000,S1-785012599,S2,US,selective_v2_compact,0,14,0,0,5,0,3,14,0,9,0.010174267999786935,66,3,6,30,293,134,0.011357578999991347,0,259,259,259,106,1,1,60,2,0,0.021846858999992946
s1_1000,S1-785012599,S3,US,selective_v2_compact,0,14,0,0,1,0,5,14,0,13,0.011780840000028547,66,6,11,31,320,130,0.01284502800001519,0,292,292,292,112,1,1,60,1,0,0.03352964999999131
s1_1000,S1-570330505,S2,US,selective_v2_compact,0,13,8,1,0,0,1,5,0,5,0.0032623429998466236,15,1,2,11,301,204,0.0035898050000469084,1,284,283,284,115,1,1,60,2,1,0.014551034999954027
s1_1000,S1-570330505,S3,US,selective_v2_compact,0,13,7,1,0,0,1,6,1,5,0.005234798999936174,15,1,2,13,289,203,0.0055644809999648714,1,272,271,272,79,1,1,60,2,1,0.016358324000066204
s1_1000,S1-580407687,S2,US,selective_v2_compact,0,14,8,1,0,0,10,6,0,6,0.023923682999907214,28,1,11,12,259,231,0.024333608999995704,17,248,231,248,102,1,1,60,2,17,0.0379010639999251
s1_1000,S1-580407687,S3,US,selective_v2_compact,0,14,8,1,1,0,10,6,0,5,0.025288565000209928,28,1,11,12,220,205,0.025736401000017395,15,220,205,220,106,1,1,60,0,15,0.03707808199999363
s1_1000,S1-195964451,S2,US,selective_v2_compact,0,14,5,1,0,0,2,9,0,9,0.00493584900004862,28,1,3,19,280,220,0.005499026000052254,1,242,241,242,110,1,1,60,2,1,0.022018395999907625
s1_1000,S1-195964451,S3,US,selective_v2_compact,0,14,5,1,0,0,2,9,0,9,0.005125974000179667,28,1,3,19,295,233,0.005697840000038923,2,259,257,259,108,1,1,60,1,2,0.018475320999982614
s1_1000,S1-863383578,S2,India,selective_v2_compact,0,14,5,1,0,0,38,9,1,8,0.023571476999904917,105,15,53,20,218,208,0.024601176999908603,0,210,210,210,79,1,1,60,1,0,0.03641190399991956
s1_1000,S1-863383578,S3,India,selective_v2_compact,0,14,7,1,0,0,38,7,1,6,0.013563257999749112,105,15,53,16,223,211,0.014601858999981232,0,213,213,213,79,1,1,60,2,0,0.02482190399996398
s1_1000,S1-398966822,S2,India,selective_v2_compact,0,14,1,1,0,0,14,13,1,12,0.01846364700020331,55,6,20,26,362,272,0.019283416999996916,7,275,272,279,106,1,1,60,1,7,0.04788684300001478
s1_1000,S1-398966822,S3,India,selective_v2_compact,0,14,7,1,1,0,14,7,0,6,0.032597932999919976,55,3,17,15,352,257,0.0334941329999765,8,295,295,303,83,1,1,60,1,8,0.05826459899992642
s1_1000,S1-47693061,S2,US,selective_v2_compact,0,13,0,0,6,0,2,13,0,7,0.004350132999775269,15,0,2,28,146,33,0.004603910000014366,1,130,129,130,89,1,1,60,2,1,0.009900882000010824
s1_1000,S1-47693061,S3,US,selective_v2_compact,0,13,0,0,0,0,2,13,0,13,0.004578056999889668,15,0,2,28,193,54,0.004862832999947386,0,154,154,154,101,1,1,60,2,0,0.013340004999918165
s1_1000,S1-901993448,S2,US,selective_v2_compact,0,14,0,0,5,0,3,14,3,6,0.008305470999744102,36,1,4,30,128,91,0.008924537999973836,0,121,121,121,74,1,1,60,1,0,0.013939643999947293
s1_1000,S1-901993448,S3,US,selective_v2_compact,0,14,0,0,0,0,6,14,3,11,0.011821945000178857,36,3,9,29,242,194,0.012428352999904746,3,207,204,207,88,1,1,60,3,3,0.03081595699995887
s1_1000,S1-360702411,S2,US,selective_v2_compact,0,14,0,0,4,0,2,14,1,9,0.00949208299982729,28,0,2,29,400,141,0.01006385899995621,2,383,381,383,101,1,1,60,3,2,0.024933687000043392
s1_1000,S1-360702411,S3,US,selective_v2_compact,0,14,5,1,1,0,4,9,0,8,0.009899016000076699,28,1,5,19,491,220,0.010463432000051398,4,460,456,460,110,1,1,60,5,4,0.028902582999990045
s1_1000,S1-773565090,S2,India,selective_v2_compact,0,14,10,1,0,0,8,4,0,4,0.005828400000041256,45,6,14,8,212,208,0.006477628999959961,3,211,208,211,80,1,1,60,1,3,0.016517493000037575
s1_1000,S1-773565090,S3,India,selective_v2_compact,0,14,4,1,0,0,9,10,1,9,0.019061173999944003,45,1,10,20,252,205,0.019807450000030258,5,205,205,210,109,1,1,60,2,5,0.032863317000078496
s1_1000,S1-585207831,S2,India,selective_v2_compact,0,14,0,0,0,0,25,14,3,11,0.01683582400016803,66,10,35,30,250,174,0.017535601000076895,4,209,205,209,80,1,1,60,1,4,0.03258207700002913
s1_1000,S1-585207831,S3,India,selective_v2_compact,0,14,2,1,0,0,23,12,2,10,0.05303344899982676,66,3,26,26,290,240,0.05391324300001088,4,263,259,263,80,1,1,60,2,4,0.06922773999997389
s1_1000,S1-531136752,S2,India,selective_v2_compact,0,14,5,1,0,0,22,9,1,8,0.010741295999764588,91,15,37,19,322,288,0.011852836000002753,1,301,300,301,91,1,1,60,1,1,0.03716325199991388
s1_1000,S1-531136752,S3,India,selective_v2_compact,0,14,5,1,2,0,21,9,0,7,0.038504039000144985,91,10,31,19,317,294,0.03981652400000257,1,305,304,305,90,1,1,60,3,1,0.065948083999956
s1_1000,S1-442467030,S2,India,selective_v2_compact,0,14,3,1,0,0,11,11,1,10,0.011514431000250624,55,10,21,23,375,225,0.012280428999929427,0,231,231,231,109,1,1,60,2,0,0.028979956999933165
s1_1000,S1-442467030,S3,India,selective_v2_compact,0,14,3,1,1,0,9,11,1,9,0.014653404000114278,55,10,19,23,420,288,0.01546971199991276,1,290,289,290,79,1,1,60,1,1,0.034539796999979444
s1_1000,S1-92482405,S2,India,selective_v2_compact,0,14,7,1,1,0,11,7,0,6,0.006516357999998945,45,3,14,15,284,263,0.007225180999967051,5,273,268,273,118,1,1,60,2,5,0.019911218999936864
s1_1000,S1-92482405,S3,India,selective_v2_compact,0,14,4,1,1,0,11,10,0,9,0.01638567499992405,55,3,14,22,311,273,0.017271843000003173,14,292,278,292,119,1,1,60,1,14,0.039909459000000425
s1_1000,S1-199571794,S2,India,selective_v2_compact,0,14,0,1,0,0,20,14,3,11,0.017305337000152576,66,3,23,28,336,293,0.018242526999983966,2,295,293,295,77,1,1,60,2,2,0.058820305999915945
s1_1000,S1-199571794,S3,India,selective_v2_compact,0,14,10,1,0,0,14,4,0,4,0.010613346999775786,66,3,17,8,226,221,0.011626986999999644,1,222,221,222,78,1,1,60,2,1,0.02241035899999133
s1_1000,S1-595727822,S2,US,selective_v2_compact,0,14,9,1,0,0,5,5,1,4,0.012493167999991783,28,1,6,10,218,216,0.01298921000000064,0,216,216,216,95,1,1,60,1,0,0.021442161999971177
s1_1000,S1-595727822,S3,US,selective_v2_compact,0,14,9,1,0,0,6,5,1,4,0.013765630000193596,28,1,7,10,259,255,0.014259667000033005,0,255,255,255,97,1,1,60,2,0,0.02441255700000511
s1_1000,S1-364678319,S2,US,selective_v2_compact,0,14,0,0,2,0,0,14,0,12,0.0029002200002423706,21,0,0,33,215,104,0.0033794870000747324,1,186,185,186,79,1,1,60,2,1,0.01085268500003167
s1_1000,S1-364678319,S3,US,selective_v2_compact,0,14,0,0,4,0,0,14,0,10,0.0031655689998615344,21,0,0,33,219,114,0.003607700999964436,0,195,195,195,79,1,1,60,0,0,0.011796190000040951
s1_1000,S1-872214081,S2,India,selective_v2_compact,0,14,9,1,0,5,25,5,0,5,0.013054777000093054,55,10,35,10,287,280,0.013558308000028774,6,286,280,286,117,1,1,60,0,6,0.035010617000011734
s1_1000,S1-872214081,S3,India,selective_v2_compact,0,14,10,1,0,0,28,4,0,4,0.009451242000068305,55,3,31,8,238,221,0.009988344000021243,10,231,221,231,83,1,1,60,2,10,0.020443485999976474
s1_1000,S1-377086058,S2,US,selective_v2_compact,0,14,1,1,3,0,4,13,0,10,0.009072942999978295,28,1,5,28,314,237,0.009621944000059557,0,291,291,291,90,1,1,60,2,0,0.029388708000055885
s1_1000,S1-377086058,S3,US,selective_v2_compact,0,14,0,0,0,0,4,14,1,13,0.009648473000197555,28,1,5,29,174,130,0.010150696999971842,2,142,140,142,80,1,1,60,3,2,0.015947060000030433
s1_1000,S1-990461902,S2,US,selective_v2_compact,0,14,0,0,1,3,8,14,1,12,0.0034047829999508394,36,6,14,30,89,42,0.003836135000028662,2,48,46,48,48,0,0,48,4,2,0.007750700999963556
s1_1000,S1-990461902,S3,US,selective_v2_compact,0,14,0,0,6,3,8,14,1,7,0.0036235979999901247,36,6,14,30,84,65,0.004070567999974628,0,68,68,68,68,1,1,60,0,0,0.009076242999981332
s1_1000,S1-967594427,S2,India,selective_v2_compact,0,12,2,1,0,12,32,10,2,8,0.013822640999705982,66,10,42,21,239,201,0.014393503999940549,1,213,212,213,90,1,1,60,2,1,0.024313371000062034
s1_1000,S1-967594427,S3,India,selective_v2_compact,0,14,4,1,3,0,30,10,3,4,0.01732409499959431,66,6,36,21,250,237,0.017987248000054024,0,245,245,245,93,1,1,60,0,0,0.03278999600001953
s1_1000,S1-824991198,S2,US,selective_v2_compact,0,11,0,0,2,0,4,11,0,9,0.011055061999741156,15,0,4,23,415,150,0.011370545999966453,4,368,364,368,117,1,1,60,3,4,0.025387015999967844
s1_1000,S1-824991198,S3,US,selective_v2_compact,0,11,0,0,2,0,3,11,0,9,0.011978803000033622,15,1,4,23,448,176,0.012316173000044728,8,407,399,407,117,1,1,60,3,8,0.028113124000014977
s1_1000,S1-623746049,S2,US,selective_v2_compact,0,12,7,1,0,2,4,5,0,5,0.008779621000030602,21,3,7,11,390,200,0.009147026000050573,90,379,379,469,165,1,1,60,1,51,0.027337131000081172
s1_1000,S1-623746049,S3,US,selective_v2_compact,0,12,7,1,1,2,4,5,0,4,0.00921195999990232,21,3,7,11,379,206,0.00957375799998772,85,378,378,463,163,1,1,60,1,46,0.0279925300000059
s1_1000,S1-635266124,S2,India,selective_v2_compact,0,14,6,1,0,0,38,8,1,7,0.01611958900002719,91,10,48,16,335,322,0.01707992199999353,0,322,322,322,117,1,1,60,2,0,0.044785028999967835
s1_1000,S1-635266124,S3,India,selective_v2_compact,0,14,9,1,0,0,40,5,1,4,0.016966750999813485,91,6,46,10,248,246,0.017863976000057846,1,246,246,247,109,1,1,60,2,1,0.029449985000042034
s1_1000,S1-12615942,S2,US,selective_v2_compact,0,14,7,1,1,1,3,7,0,6,0.006246732000363409,21,1,4,14,263,241,0.006702148000044872,1,242,241,242,78,1,1,60,1,1,0.01581272299995362
s1_1000,S1-12615942,S3,US,selective_v2_compact,0,14,5,1,0,1,4,9,1,8,0.009112432999813791,21,1,5,18,346,337,0.009615120000034949,0,337,337,337,109,1,1,60,2,0,0.03807130900008815
s1_1000,S1-468418914,S2,US,selective_v2_compact,0,14,7,1,0,0,8,7,0,7,0.023294163000059598,28,1,9,14,213,200,0.023719105999930434,0,200,200,200,114,1,1,60,4,0,0.034816662000025644
s1_1000,S1-468418914,S3,US,selective_v2_compact,0,14,6,1,1,0,8,8,0,7,0.026436405999788803,28,1,9,16,207,202,0.02689167300002282,0,202,202,202,120,1,1,60,0,0,0.03876360100002785
s1_1000,S1-717312031,S2,India,selective_v2_compact,0,11,0,0,0,6,13,11,1,10,0.023652169000115464,36,6,19,23,248,135,0.02405562200010536,1,153,152,153,97,1,1,60,1,1,0.03182355300009476
s1_1000,S1-717312031,S3,India,selective_v2_compact,0,11,0,0,1,6,16,11,1,9,0.019176711000227442,36,3,19,23,237,144,0.019560230000024603,3,173,170,173,104,1,1,60,2,3,0.02806836900003873
s1_1000,S1-292535402,S2,India,selective_v2_compact,0,9,0,0,0,4,17,9,3,6,0.008560672000157865,45,15,32,19,149,92,0.008825929000067845,0,125,125,125,62,1,1,60,2,0,0.014673052000034659
s1_1000,S1-292535402,S3,India,selective_v2_compact,0,8,0,0,3,4,23,8,2,3,0.008389981000050284,45,10,33,17,104,73,0.008621047999895382,0,99,99,99,63,1,1,60,0,0,0.013423657999965144
s1_1000,S1-959890049,S2,India,selective_v2_compact,0,14,10,1,0,0,28,4,0,4,0.015465778000020691,66,15,43,8,234,223,0.01600472899997385,1,224,223,224,71,1,1,60,3,1,0.026775526999927024
s1_1000,S1-959890049,S3,India,selective_v2_compact,0,14,6,1,1,0,29,8,2,5,0.029526096000040525,66,15,44,16,227,218,0.03008804399996734,1,218,218,219,89,1,1,60,1,1,0.04510556100001395
s1_1000,S1-256737973,S2,US,selective_v2_compact,0,14,0,0,6,0,6,14,0,8,0.009995248999871365,55,1,7,29,56,48,0.0109004810000215,0,49,49,49,49,0,0,49,1,0,0.015324317000022347
s1_1000,S1-256737973,S3,US,selective_v2_compact,0,14,0,0,2,0,14,14,1,11,0.024572426999952768,55,3,17,29,198,172,0.02538872499997069,0,184,184,184,76,1,1,60,1,0,0.03770866699994713
s1_1000,S1-159212707,S2,India,selective_v2_compact,0,14,6,1,0,0,51,8,2,6,0.017041923999840947,120,21,72,16,294,259,0.01807300400002987,12,259,259,271,109,1,1,60,0,12,0.04309318000002804
s1_1000,S1-159212707,S3,India,selective_v2_compact,0,14,6,1,0,0,51,8,2,6,0.017949697999938508,120,15,66,16,254,227,0.019222979999995005,18,227,227,245,115,1,1,60,1,18,0.03132554399996934
s1_1000,S1-580580616,S2,India,selective_v2_compact,0,14,0,1,1,0,31,14,2,11,0.026965578000044843,120,6,37,29,256,236,0.028636708000021827,7,240,240,247,94,1,1,60,0,7,0.04978401300002133
s1_1000,S1-580580616,S3,India,selective_v2_compact,0,14,1,1,1,0,27,13,1,11,0.019571923999819774,120,3,30,27,219,208,0.02123337900002298,9,211,211,220,105,1,1,60,0,9,0.042083711000032054
s1_1000,S1-386088143,S2,India,selective_v2_compact,0,14,7,1,0,0,53,7,0,7,0.018972974000007525,120,21,74,14,301,225,0.01994619100003092,8,230,225,233,89,1,1,60,0,8,0.03477649499996005
s1_1000,S1-386088143,S3,India,selective_v2_compact,0,14,10,1,0,0,51,4,0,4,0.01609353000003466,120,15,66,8,230,217,0.01715241200008677,7,217,217,224,90,1,1,60,0,7,0.02822920099993098
s1_1000,S1-994360372,S2,US,selective_v2_compact,0,14,0,1,3,0,7,14,1,10,0.021569022000107907,45,0,7,28,246,240,0.022377971000082653,0,240,240,240,110,1,1,60,1,0,0.035377307999965524
s1_1000,S1-994360372,S3,US,selective_v2_compact,0,14,5,1,0,0,13,9,2,7,0.029984800000079304,45,1,14,18,284,282,0.030686956999943504,0,282,282,282,98,1,1,60,2,0,0.04889528199998949
s1_1000,S1-417824853,S2,US,selective_v2_compact,0,14,5,1,4,0,3,9,0,5,0.004990346999989015,45,1,4,20,287,250,0.005833611999946697,0,282,282,282,101,1,1,60,1,0,0.016843392000055246
s1_1000,S1-417824853,S3,US,selective_v2_compact,0,14,7,1,1,0,8,7,0,6,0.005854075000115699,45,3,11,15,230,207,0.006569523000052868,1,222,221,222,77,1,1,60,3,1,0.015652102999979434
s1_1000,S1-57586886,S2,US,selective_v2_compact,0,14,3,1,2,0,9,11,1,8,0.013501808000228266,45,1,10,22,208,200,0.01422934700008227,16,201,200,216,96,1,1,60,2,16,0.022824975000048653
s1_1000,S1-57586886,S3,US,selective_v2_compact,0,14,3,1,1,0,12,11,2,8,0.014386733000037566,45,3,15,22,271,268,0.01508837799997309,10,268,268,278,113,1,1,60,0,10,0.03653862399994523
s1_1000,S1-417823242,S2,US,selective_v2_compact,0,14,1,1,0,0,6,13,1,12,0.023265757999865855,66,0,6,28,442,256,0.0244908030000488,0,399,399,399,113,1,1,60,2,0,0.05357309600003646
s1_1000,S1-417823242,S3,US,selective_v2_compact,0,14,0,0,0,0,7,14,1,13,0.022244548000003306,66,0,7,30,426,184,0.023432335000052262,0,362,362,362,96,1,1,60,3,0,0.03984044499998163
s1_1000,S1-651379105,S2,US,selective_v2_compact,0,14,8,1,0,0,11,6,0,6,0.01731935500004056,36,1,12,12,213,204,0.017846402000031958,1,205,204,205,102,1,1,60,2,1,0.02991110099992511
s1_1000,S1-651379105,S3,US,selective_v2_compact,0,14,4,1,1,0,15,10,0,9,0.028985500999965552,36,3,18,20,228,226,0.029437646000019413,0,226,226,226,110,1,1,60,0,0,0.0478051840000262
s1_1000,S1-575249679,S2,US,selective_v2_compact,0,14,6,1,0,0,12,8,1,7,0.019054754999956458,45,1,13,17,473,227,0.019751122000002397,1,448,447,448,101,1,1,60,1,1,0.03719623299991781
s1_1000,S1-575249679,S3,US,selective_v2_compact,0,14,6,1,1,0,13,8,0,7,0.017863261999877977,45,1,14,17,439,225,0.018571755999914785,0,435,435,435,118,1,1,60,1,0,0.03873924900005932
s1_1000,S1-393317943,S2,US,selective_v2_compact,0,14,0,0,4,0,6,14,0,10,0.016537755999934234,45,0,6,30,213,123,0.017310003000034158,1,175,174,175,82,1,1,60,2,1,0.024624794000033035
s1_1000,S1-393317943,S3,US,selective_v2_compact,0,14,4,1,1,0,9,10,1,8,0.016670528999839007,45,1,10,21,292,253,0.017432855000038217,0,283,283,283,91,1,1,60,2,0,0.034378116999960184
s1_1000,S1-584163881,S2,India,selective_v2_compact,0,14,7,1,0,16,60,7,0,7,0.010802017000287378,120,28,88,14,239,220,0.01152198700003737,0,220,220,220,96,1,1,60,2,0,0.029329702000040925
s1_1000,S1-584163881,S3,India,selective_v2_compact,0,14,6,1,0,10,61,8,1,7,0.01652451199981897,120,28,89,16,252,205,0.017249033999974017,1,206,205,206,109,1,1,60,3,1,0.030299908999950276
s1_1000,S1-982163117,S2,India,selective_v2_compact,0,14,0,0,1,0,16,14,2,11,0.013494198999865148,66,3,19,31,228,136,0.014472133000026588,1,157,156,157,90,1,1,60,1,1,0.02272821600001862
s1_1000,S1-982163117,S3,India,selective_v2_compact,0,14,8,1,0,0,15,6,0,6,0.01370550199999343,66,1,16,16,318,222,0.014698709000072085,0,279,279,279,95,1,1,60,2,0,0.03279405400007818
s1_1000,S1-839782760,S2,US,selective_v2_compact,0,14,0,0,8,0,1,14,1,5,0.004220576000079745,21,0,1,29,120,55,0.004608260000054543,0,115,115,115,83,1,1,60,0,0,0.009361906999970415
s1_1000,S1-839782760,S3,US,selective_v2_compact,0,14,0,0,0,0,1,14,1,13,0.004512012999839499,21,0,1,28,93,63,0.004920332999972743,2,65,63,65,46,0,0,46,4,2,0.007762587000001986
s1_1000,S1-900544442,S2,US,selective_v2_compact,0,14,6,1,0,0,13,8,0,8,0.01944055800015576,55,1,14,16,230,209,0.020278223999980582,3,212,209,212,78,1,1,60,2,3,0.034668178000060834
s1_1000,S1-900544442,S3,US,selective_v2_compact,0,14,6,1,0,0,13,8,0,8,0.020862803999875723,55,1,14,16,233,207,0.021680048000007446,1,208,207,208,79,1,1,60,4,1,0.031931287999896085
s1_1000,S1-877625799,S2,US,selective_v2_compact,0,14,0,0,5,0,5,14,0,9,0.007095494000168401,45,1,6,29,290,101,0.00789319200009686,0,246,246,246,98,1,1,60,2,0,0.021469217000003482
s1_1000,S1-877625799,S3,US,selective_v2_compact,0,14,0,0,2,0,7,14,1,11,0.01019733400005407,45,3,10,29,356,159,0.010976879000054396,0,302,302,302,108,1,1,60,0,0,0.024541620000036346
s1_1000,S1-479499953,S2,US,selective_v2_compact,0,14,0,0,2,0,7,14,2,10,0.01701571199987484,55,1,8,29,185,110,0.01790083500009132,0,177,177,177,113,1,1,60,0,0,0.030545556999982182
s1_1000,S1-479499953,S3,US,selective_v2_compact,0,14,0,0,2,0,8,14,2,10,0.014271358999849326,55,1,9,29,235,138,0.01522357400006058,0,202,202,202,117,1,1,60,3,0,0.02910238100002971
s1_1000,S1-240192562,S2,India,selective_v2_compact,0,14,5,1,1,0,21,9,0,8,0.00511911399996734,120,28,49,21,314,202,0.006531364000011308,4,287,287,291,89,1,1,60,1,4,0.020775789000026634
s1_1000,S1-240192562,S3,India,selective_v2_compact,0,14,0,0,5,0,31,14,2,7,0.02419813799986059,120,15,46,31,314,183,0.025690439999948467,5,268,268,273,117,1,1,60,0,5,0.045117620000041825
s1_1000,S1-67984413,S2,US,selective_v2_compact,0,14,4,1,2,1,4,10,0,8,0.007029267000007167,21,1,5,22,411,274,0.007495820000031017,0,375,375,375,109,1,1,60,2,0,0.027421861999982866
s1_1000,S1-67984413,S3,US,selective_v2_compact,0,14,4,1,1,1,4,10,0,9,0.0070716950001497025,21,1,5,22,438,301,0.007537769000009575,0,399,399,399,115,1,1,60,1,0,0.031982154999923296
s1_1000,S1-929709760,S2,India,selective_v2_compact,0,14,8,1,1,0,29,6,0,5,0.00762034400020184,105,3,32,12,280,268,0.009057948999952714,1,269,268,269,76,1,1,60,1,1,0.022194526000021142
s1_1000,S1-929709760,S3,India,selective_v2_compact,0,14,8,1,0,0,24,6,0,6,0.012542178000103377,105,3,27,12,262,252,0.014001625999981115,0,252,252,252,102,1,1,60,1,0,0.03234736499996416
s1_1000,S1-645580244,S2,US,selective_v2_compact,0,14,0,0,5,0,0,14,1,8,0.013514312000324935,21,0,0,29,274,110,0.013984058999994886,3,250,247,250,117,1,1,60,2,3,0.028901432999987264
s1_1000,S1-645580244,S3,US,selective_v2_compact,0,14,0,0,4,0,0,14,1,9,0.014433264999865969,21,0,0,29,310,144,0.01490656900000431,2,278,276,278,116,1,1,60,3,2,0.035989821999919513
s1_1000,S1-379116236,S2,US,selective_v2_compact,0,13,0,0,3,2,5,13,0,10,0.015319094999995286,21,1,6,28,343,188,0.01571287800004484,4,307,303,307,109,1,1,60,3,4,0.02756570000008196
s1_1000,S1-379116236,S3,US,selective_v2_compact,0,13,4,1,0,2,5,9,0,9,0.015580435000060788,21,1,6,20,340,203,0.015971078000006855,3,311,308,311,117,1,1,60,1,3,0.029956330999993952
s1_1000,S1-859902423,S2,India,selective_v2_compact,0,14,4,1,0,0,27,10,1,9,0.013370133000080386,91,6,33,22,228,205,0.014537419000021146,4,217,216,220,85,1,1,60,2,4,0.026488688000085858
s1_1000,S1-859902423,S3,India,selective_v2_compact,0,14,9,1,0,0,24,5,0,5,0.010614262000103736,91,3,27,12,225,206,0.011802258999978221,10,216,216,226,86,1,1,60,1,10,0.023103535000018383
s1_1000,S1-625988141,S2,India,selective_v2_compact,0,14,0,0,2,0,13,14,2,10,0.007950989000278241,55,3,16,30,165,83,0.008696210000039173,0,107,107,107,68,1,1,60,1,0,0.017063622000023315
s1_1000,S1-625988141,S3,India,selective_v2_compact,0,14,0,0,2,0,10,14,3,9,0.014208991999794307,55,1,11,30,145,94,0.015059605000033116,0,116,116,116,76,1,1,60,2,0,0.027564198000050055
s1_1000,S1-419938998,S2,US,selective_v2_compact,0,14,8,1,2,0,0,6,0,4,0.0061509780000506,15,0,0,12,272,271,0.006533067999953346,0,271,271,271,42,0,0,42,0,0,0.016732109000031414
s1_1000,S1-419938998,S3,US,selective_v2_compact,0,14,8,1,4,0,1,6,0,2,0.005287974999987455,15,0,1,12,201,201,0.005624134999948183,0,201,201,201,80,1,1,60,0,0,0.013572508000038397
s1_1000,S1-772622400,S2,US,selective_v2_compact,0,14,3,1,0,0,7,11,1,10,0.0220196699999633,28,1,8,22,237,212,0.022504434999973455,1,213,212,213,79,1,1,60,2,1,0.03390497799989589
s1_1000,S1-772622400,S3,US,selective_v2_compact,0,14,3,1,0,0,7,11,1,10,0.02442832100018677,28,1,8,22,224,213,0.02490982899996652,0,213,213,213,81,1,1,60,1,0,0.038112169999976686
s1_1000,S1-830083936,S2,India,selective_v2_compact,0,14,6,1,1,0,16,8,0,7,0.013887093000107598,66,3,19,18,239,228,0.014955297000028622,0,232,232,232,80,1,1,60,1,0,0.03289828200001921
s1_1000,S1-830083936,S3,India,selective_v2_compact,0,14,5,1,0,0,16,9,0,9,0.008682805000034932,66,3,19,20,250,216,0.009623715999964588,7,227,220,227,78,1,1,60,1,7,0.021978582000087954
s1_1000,S1-439222980,S2,US,selective_v2_compact,0,14,6,1,1,0,4,8,0,7,0.01693924800019886,21,0,4,16,279,275,0.017414056000006894,1,276,275,276,83,1,1,60,1,1,0.03916495800001485
s1_1000,S1-439222980,S3,US,selective_v2_compact,0,14,9,1,1,0,4,5,0,4,0.013331334999975297,21,0,4,10,206,202,0.013724471000045924,3,205,202,205,79,1,1,60,1,3,0.02281621700001324
s1_1000,S1-402531107,S2,US,selective_v2_compact,0,14,3,1,1,0,3,11,1,9,0.01721854400000211,21,0,3,22,292,268,0.0176913699999659,2,270,268,270,88,1,1,60,1,2,0.0356361949999382
s1_1000,S1-402531107,S3,US,selective_v2_compact,0,14,6,1,1,0,4,8,0,7,0.014788100999908238,21,0,4,16,243,228,0.015215570999998818,0,228,228,228,79,1,1,60,2,0,0.02432328400004735
s1_1000,S1-100625394,S2,US,selective_v2_compact,0,14,1,1,0,1,4,13,0,13,0.014291323999941596,21,0,4,26,231,202,0.014712271999997029,0,202,202,202,111,1,1,60,1,0,0.02568022999992081
s1_1000,S1-100625394,S3,US,selective_v2_compact,0,14,6,1,0,1,4,8,0,8,0.011610329000063757,21,0,4,16,238,215,0.012027278000005026,2,217,215,217,106,1,1,60,2,2,0.020545147999996516
s1_1000,S1-877581624,S2,India,selective_v2_compact,0,14,1,1,0,0,43,13,2,11,0.023934828999813362,105,10,53,27,261,216,0.025007515000083913,1,233,232,233,103,1,1,60,2,1,0.03931696499989812
s1_1000,S1-877581624,S3,India,selective_v2_compact,0,14,5,1,0,0,41,9,1,8,0.014758666000147969,105,6,47,19,308,258,0.01592652099998304,0,281,281,281,98,1,1,60,2,0,0.0418022320000091
s1_1000,S1-403408940,S2,US,selective_v2_compact,0,14,0,0,2,0,3,14,1,11,0.006955344999823865,21,1,4,29,212,81,0.007380011999998715,1,183,182,183,105,1,1,60,1,1,0.014616873000022679
s1_1000,S1-403408940,S3,US,selective_v2_compact,0,14,0,0,0,0,3,14,1,13,0.007285398000135501,21,1,4,29,258,93,0.007674331000089296,4,208,204,208,102,1,1,60,1,4,0.016897281000069597
s1_1000,S1-817995330,S2,US,selective_v2_compact,0,14,0,0,1,0,2,14,2,11,0.019680163999737488,21,0,2,29,235,190,0.020123683000065284,0,224,224,224,84,1,1,60,1,0,0.033314540999981546
s1_1000,S1-817995330,S3,US,selective_v2_compact,0,14,6,1,1,0,3,8,1,6,0.036844407000103274,21,1,4,17,276,235,0.037302738999983376,0,268,268,268,85,1,1,60,0,0,0.055585842999903434
s1_1000,S1-76269912,S2,US,selective_v2_compact,0,14,0,0,4,0,2,14,1,9,0.010542249999843989,28,0,2,28,157,148,0.011110019000057036,1,149,148,149,99,1,1,60,3,1,0.019260619999954542
s1_1000,S1-76269912,S3,US,selective_v2_compact,0,14,6,1,0,0,6,8,0,8,0.013065395000126045,28,1,7,16,336,311,0.013637862999985373,1,312,311,312,110,1,1,60,1,1,0.034150699999941025
s1_1000,S1-849465705,S2,India,selective_v2_compact,0,14,0,0,3,0,19,14,8,3,0.028343530999904942,78,1,20,29,62,57,0.029391981999992822,0,61,61,61,58,0,0,58,0,0,0.03279043800000636
s1_1000,S1-849465705,S3,India,selective_v2_compact,0,14,4,1,0,0,15,10,2,8,0.03331589900005838,78,1,16,21,386,220,0.034637086999964595,2,233,231,233,97,1,1,60,3,2,0.05202481399999215
s1_1000,S1-995508551,S2,US,selective_v2_compact,0,14,0,0,0,0,0,14,0,14,0.004543843000419656,28,0,0,32,330,190,0.0051605129999643395,1,270,269,270,79,1,1,60,3,1,0.025474909999957163
s1_1000,S1-995508551,S3,US,selective_v2_compact,0,14,0,0,3,0,1,14,0,11,0.001993703999801255,28,0,1,32,213,90,0.0025541779999684877,1,172,171,172,76,1,1,60,1,1,0.009633105000034448
s1_1000,S1-690122386,S2,India,selective_v2_compact,0,14,0,1,0,0,14,14,4,10,0.019111159999852134,66,10,24,28,284,246,0.02001873100005014,0,246,246,246,90,1,1,60,1,0,0.045294046999970305
s1_1000,S1-690122386,S3,India,selective_v2_compact,0,14,0,0,3,0,18,14,2,9,0.024033624000367126,66,6,24,28,229,198,0.024912522000022363,0,198,198,198,95,1,1,60,1,0,0.035783999999921434
s1_1000,S1-143958303,S2,India,selective_v2_compact,0,14,5,1,0,8,22,9,2,7,0.010883487999990393,91,36,58,18,270,248,0.011593268000069656,0,248,248,248,85,1,1,60,0,0,0.02349004799998511
s1_1000,S1-143958303,S3,India,selective_v2_compact,0,14,5,1,1,0,32,9,2,6,0.013284298999906241,91,21,53,18,205,200,0.01409663399999772,0,200,200,200,90,1,1,60,0,0,0.023581104000072628
s1_1000,S1-738848231,S2,India,selective_v2_compact,0,14,5,1,0,0,17,9,0,9,0.056608851999840226,78,6,23,19,268,247,0.05769696599998042,1,250,249,250,68,1,1,60,3,1,0.08013335099997221
s1_1000,S1-738848231,S3,India,selective_v2_compact,0,14,0,0,0,0,17,14,2,12,0.027040753000051154,78,3,20,29,211,197,0.02824403300007816,0,200,200,200,86,1,1,60,2,0,0.057044286999939686
s1_1000,S1-157899985,S2,US,selective_v2_compact,0,14,0,0,0,1,4,14,0,14,0.011355373000014879,21,1,5,30,335,96,0.011739550000015697,2,252,250,252,92,1,1,60,3,2,0.021930143999952634
s1_1000,S1-157899985,S3,US,selective_v2_compact,0,10,0,0,4,0,4,10,0,6,0.012465656999893326,15,1,5,21,315,127,0.01273787299999185,0,275,275,275,106,1,1,60,0,0,0.024073284999985844
s1_1000,S1-107809366,S2,US,selective_v2_compact,0,14,0,0,3,0,2,14,0,11,0.004798540000251705,28,0,2,31,567,70,0.005369069999915155,1,506,505,506,76,1,1,60,2,1,0.025098587000002226
s1_1000,S1-107809366,S3,US,selective_v2_compact,0,14,3,1,1,0,3,11,0,10,0.021666569999865715,28,0,3,24,469,219,0.022281355000018266,0,440,440,440,111,1,1,60,1,0,0.04318589499996506
s1_1000,S1-256569351,S2,US,selective_v2_compact,0,13,2,1,1,0,2,11,1,9,0.01768691900019803,15,0,2,22,257,250,0.01805656999999883,0,250,250,250,82,1,1,60,0,0,0.031661091999922064
s1_1000,S1-256569351,S3,US,selective_v2_compact,0,14,4,1,2,0,2,10,0,8,0.01689355599978626,21,0,2,21,261,234,0.017354461999957493,1,236,235,236,78,1,1,60,1,1,0.027071988999978203
s1_1000,S1-878489591,S2,US,selective_v2_compact,0,14,7,1,0,0,15,7,0,7,0.018213150999940808,36,3,18,14,210,200,0.018643698000005315,0,200,200,200,113,1,1,60,2,0,0.031006705999971018
s1_1000,S1-878489591,S3,US,selective_v2_compact,0,14,7,1,0,0,15,7,0,7,0.01997445900008188,36,3,18,14,216,207,0.020400830999960817,0,207,207,207,111,1,1,60,1,0,0.03118103400004202
s1_1000,S1-369930027,S2,US,selective_v2_compact,0,14,0,0,0,0,1,14,0,14,0.003953777999981867,15,0,1,28,122,103,0.004259918999991896,1,104,103,104,73,1,1,60,1,1,0.008764484000039374
s1_1000,S1-369930027,S3,US,selective_v2_compact,0,14,0,0,0,0,1,14,0,14,0.004139836999684121,15,0,1,28,156,142,0.004453143999967324,1,143,142,143,79,1,1,60,1,1,0.01038580500005537
s1_1000,S1-588917480,S2,US,selective_v2_compact,0,14,0,0,0,0,4,14,1,13,0.013350349000234019,28,0,4,28,142,91,0.01385211399997388,5,96,91,96,89,1,1,60,4,5,0.017981355000074473
s1_1000,S1-588917480,S3,US,selective_v2_compact,0,14,0,0,4,0,4,14,1,9,0.013704992999919341,28,0,4,28,100,87,0.014194763999967108,0,87,87,87,81,1,1,60,1,0,0.01793271300005017
s1_1000,S1-915271485,S2,US,selective_v2_compact,0,14,0,0,1,0,5,14,0,13,0.01259283699982916,36,0,5,30,188,134,0.013209064999955444,1,146,145,146,77,1,1,60,2,1,0.019365805999996155
s1_1000,S1-915271485,S3,US,selective_v2_compact,0,14,0,0,3,0,5,14,0,11,0.013342993999913233,36,0,5,30,171,132,0.013967117999982293,0,143,143,143,79,1,1,60,1,0,0.020532896000077017
s1_1000,S1-491663549,S2,India,selective_v2_compact,0,14,4,1,0,0,48,10,4,6,0.022558701999969344,120,6,54,20,279,276,0.023867989999985184,0,276,276,276,94,1,1,60,1,0,0.045436419999987265
s1_1000,S1-491663549,S3,India,selective_v2_compact,0,14,11,1,0,0,45,3,0,3,0.005250634999924841,120,3,48,6,231,226,0.0066881049999665265,0,226,226,226,107,1,1,60,1,0,0.022689322000019274
s1_1000,S1-837791612,S2,US,selective_v2_compact,0,14,0,0,6,0,1,14,0,8,0.008249290999970071,21,0,1,30,316,119,0.00870102900000802,0,304,304,304,114,1,1,60,1,0,0.022916957999996157
s1_1000,S1-837791612,S3,US,selective_v2_compact,0,14,0,0,2,0,1,14,0,12,0.008784326000181863,21,0,1,30,417,145,0.009268599000051836,2,374,372,374,108,1,1,60,4,2,0.030358920000026046
s1_1000,S1-708875578,S2,US,selective_v2_compact,0,14,8,1,0,2,9,6,1,5,0.01713022500007355,28,1,10,12,206,206,0.01756953300002806,0,206,206,206,79,1,1,60,0,0,0.02732966899998246
s1_1000,S1-708875578,S3,US,selective_v2_compact,0,14,4,1,2,0,10,10,1,7,0.023978604999911113,28,1,11,20,263,263,0.024408474999972896,0,263,263,263,80,1,1,60,0,0,0.04520130100002007
s1_1000,S1-932863304,S2,India,selective_v2_compact,0,14,8,1,0,0,35,6,1,5,0.014175325999985944,78,6,41,12,258,250,0.014961395000000266,0,250,250,250,77,1,1,60,1,0,0.026897902999962753
s1_1000,S1-932863304,S3,India,selective_v2_compact,0,14,8,1,1,0,36,6,0,5,0.00865286400005516,78,6,42,12,224,211,0.009396025999990343,1,212,211,212,86,1,1,60,1,1,0.022505932999933975
s1_1000,S1-22592434,S2,India,selective_v2_compact,0,14,9,1,0,0,36,5,0,5,0.01821188400003848,78,15,51,10,264,245,0.01883269699999346,10,255,245,255,83,1,1,60,2,10,0.030910242999993898
s1_1000,S1-22592434,S3,India,selective_v2_compact,0,14,9,1,0,0,38,5,0,5,0.014850379999984398,78,6,44,10,263,244,0.015614282999990792,15,259,244,259,83,1,1,60,2,15,0.03349321500002134
s1_1000,S1-753567061,S2,US,selective_v2_compact,0,14,7,1,3,0,1,7,1,3,0.008957825999914348,28,3,4,15,207,205,0.009458086999984516,0,207,207,207,116,1,1,60,0,0,0.017695209999942563
s1_1000,S1-753567061,S3,US,selective_v2_compact,0,14,7,1,0,0,1,7,1,6,0.009694642999875214,28,3,4,15,240,221,0.010238021999953162,2,226,224,226,108,1,1,60,3,2,0.019298758999980237
s1_1000,S1-920312712,S2,US,selective_v2_compact,0,14,0,0,0,1,4,14,1,13,0.008152216999860684,21,1,5,28,192,175,0.008543381999970734,1,176,175,176,80,1,1,60,1,1,0.0227248779999627
s1_1000,S1-920312712,S3,US,selective_v2_compact,0,14,0,0,0,1,4,14,1,13,0.008600866999813661,21,1,5,28,235,191,0.00902000799999314,3,194,191,194,77,1,1,60,4,3,0.024390799000002517
s1_1000,S1-588083504,S2,US,selective_v2_compact,0,14,5,1,0,2,7,9,1,8,0.014684213000123236,28,3,10,20,249,207,0.015106050999975196,0,224,224,224,79,1,1,60,1,0,0.028330432999950972
s1_1000,S1-588083504,S3,US,selective_v2_compact,0,14,0,0,0,2,7,14,1,13,0.018500056999641856,28,3,10,30,247,187,0.018950321999909647,1,208,207,208,79,1,1,60,1,1,0.03249634999997397
s1_1000,S1-564696590,S2,India,selective_v2_compact,0,14,6,1,0,0,36,8,0,8,0.03896079500009364,105,6,42,17,234,210,0.04016588700005741,1,223,223,224,89,1,1,60,1,1,0.05403051099995082
s1_1000,S1-564696590,S3,India,selective_v2_compact,0,14,7,1,0,0,35,7,0,7,0.013943666000159283,105,1,36,15,223,205,0.01532967900004678,0,217,217,217,89,1,1,60,2,0,0.025732638000022234
s1_1000,S1-526955963,S2,US,selective_v2_compact,0,14,0,0,0,0,2,14,0,14,0.00656098799981919,21,0,2,28,87,63,0.006967266999936328,1,64,63,64,64,1,1,60,1,1,0.00984108299996933
s1_1000,S1-526955963,S3,US,selective_v2_compact,0,14,0,0,4,0,2,14,0,10,0.007295646999978089,21,0,2,28,127,112,0.007728603000032308,2,114,112,114,80,1,1,60,3,2,0.0126218450000124
s1_1000,S1-607228456,S2,US,selective_v2_compact,0,14,3,1,1,0,12,11,0,10,0.022579267999958574,45,3,15,23,296,277,0.023269987999924524,0,278,278,278,91,1,1,60,0,0,0.044221375000006446
s1_1000,S1-607228456,S3,US,selective_v2_compact,0,14,2,1,0,0,12,12,1,11,0.026911295999752838,45,3,15,25,212,203,0.027592044000016358,0,204,204,204,88,1,1,60,1,0,0.041747253000039564
s1_1000,S1-294128890,S2,US,selective_v2_compact,0,14,4,1,2,0,11,10,0,8,0.024580034999871714,36,1,12,20,269,260,0.025151232999974127,0,260,260,260,92,1,1,60,3,0,0.04283092000002853
s1_1000,S1-294128890,S3,US,selective_v2_compact,0,14,9,1,0,1,17,5,0,5,0.015216401999964546,36,3,20,10,225,218,0.015602283000021089,0,218,218,218,81,1,1,60,1,0,0.024585547999890878
s1_1000,S1-324330374,S2,India,selective_v2_compact,0,14,5,1,0,0,12,9,1,8,0.021365292999917074,55,6,18,20,357,279,0.02219345200001044,1,334,333,334,90,1,1,60,2,1,0.045845717999895896
s1_1000,S1-324330374,S3,India,selective_v2_compact,0,14,7,1,0,0,15,7,0,7,0.023882698000079472,55,1,16,16,299,210,0.02474429799997324,0,273,273,273,78,1,1,60,1,0,0.04032104700002037
s1_1000,S1-876046208,S2,US,selective_v2_compact,0,14,4,1,0,0,5,10,0,10,0.028903223999918737,28,0,5,22,436,275,0.029479573000003256,1,386,385,386,116,1,1,60,2,1,0.05502714299996114
s1_1000,S1-876046208,S3,US,selective_v2_compact,0,14,4,1,0,0,5,10,0,10,0.031242786999996497,28,0,5,22,484,290,0.031847910000010415,3,423,420,423,113,1,1,60,3,3,0.04853056300009939
s1_1000,S1-2775762,S2,India,selective_v2_compact,0,14,0,0,0,0,24,14,3,11,0.02623592799977814,120,6,30,28,211,193,0.028034770999965986,3,193,193,196,83,1,1,60,1,3,0.041136100000016995
s1_1000,S1-2775762,S3,India,selective_v2_compact,0,14,7,1,0,0,20,7,1,6,0.010499121999941963,120,3,23,14,230,213,0.01227125800005524,8,214,213,221,83,1,1,60,3,8,0.02285203500002808
s1_1000,S1-912112234,S2,India,selective_v2_compact,0,14,2,1,0,0,43,12,3,9,0.01882257500005835,120,21,64,25,295,217,0.02003630499996234,1,262,261,262,101,1,1,60,1,1,0.040944111999920096
s1_1000,S1-912112234,S3,India,selective_v2_compact,0,14,2,1,0,0,41,12,4,8,0.02182311500018841,120,10,51,25,293,223,0.023170810000010533,0,272,272,272,90,1,1,60,2,0,0.036104485000009845
s1_1000,S1-874610060,S2,US,selective_v2_compact,0,14,7,1,0,0,8,7,0,7,0.008804202000192163,36,1,9,15,507,273,0.009431232999986605,1,483,482,483,108,1,1,60,4,1,0.03866855600006147
s1_1000,S1-874610060,S3,US,selective_v2_compact,0,14,6,1,0,0,8,8,1,7,0.015184404000024188,36,1,9,17,461,219,0.015805861999979243,2,442,440,442,113,1,1,60,3,2,0.038707478999981504
s1_1000,S1-525927764,S2,India,selective_v2_compact,0,14,0,0,0,0,34,14,1,13,0.026951943000199208,120,28,62,28,235,194,0.028179756999975325,0,194,194,194,77,1,1,60,2,0,0.042644082000038
s1_1000,S1-525927764,S3,India,selective_v2_compact,0,14,2,1,0,0,35,12,2,10,0.016621389999841085,120,21,56,24,276,253,0.0179674480000358,0,253,253,253,78,1,1,60,2,0,0.038085839000018495
s1_1000,S1-856303483,S2,India,selective_v2_compact,0,12,5,1,0,8,20,7,1,6,0.17198492800002896,55,15,35,15,377,332,0.17257365699992988,0,360,360,360,92,1,1,60,2,0,0.20472193500006597
s1_1000,S1-856303483,S3,India,selective_v2_compact,0,12,5,1,0,8,20,7,0,7,0.008664814999974624,55,15,35,15,312,277,0.009171739999942474,0,298,298,298,79,1,1,60,1,0,0.023556087999963893
s1_1000,S1-325932018,S2,US,selective_v2_compact,0,14,0,0,0,0,0,14,0,14,0.01159690000019964,15,0,0,29,164,102,0.011931568000022708,2,118,116,118,82,1,1,60,1,2,0.016889749000029042
s1_1000,S1-325932018,S3,US,selective_v2_compact,0,14,0,0,0,0,0,14,0,14,0.008577352000088467,21,0,0,32,198,61,0.009063480999998319,2,130,128,130,83,1,1,60,2,2,0.014660733000027903
s1_1000,S1-822391359,S2,US,selective_v2_compact,0,14,0,0,4,0,6,14,1,9,0.010938480000277195,36,1,7,29,117,95,0.011537129999965146,1,104,103,104,95,1,1,60,3,1,0.01925761400002557
s1_1000,S1-822391359,S3,US,selective_v2_compact,0,14,0,1,1,0,10,14,1,12,0.017079685999988214,36,3,13,29,264,220,0.017641645000026074,0,233,233,233,113,1,1,60,3,0,0.03939299300009225
s1_1000,S1-774181170,S2,India,selective_v2_compact,0,14,8,1,2,3,15,6,1,3,0.015506614000059926,36,3,18,13,280,277,0.01596963200006485,0,278,278,278,80,1,1,60,1,0,0.033479274999990594
s1_1000,S1-774181170,S3,India,selective_v2_compact,0,14,9,1,0,3,15,5,0,5,0.011347153999963666,36,3,18,11,208,201,0.01176689900000838,2,205,203,205,80,1,1,60,1,2,0.02116589100000965
s1_1000,S1-22215156,S2,US,selective_v2_compact,0,14,4,1,2,0,4,10,1,7,0.007279190000190283,36,0,4,21,327,232,0.008059484000000339,1,308,307,308,115,1,1,60,1,1,0.026961919999962447
s1_1000,S1-22215156,S3,US,selective_v2_compact,0,14,4,1,0,0,8,10,2,8,0.011134593000065252,36,1,9,21,314,212,0.011740753000026416,0,289,289,289,116,1,1,60,2,0,0.023419196999952874
s1_1000,S1-615231492,S2,US,selective_v2_compact,0,14,0,0,0,0,5,14,0,14,0.00903095699993628,36,3,8,29,238,137,0.009628397000028599,1,212,211,212,104,1,1,60,1,1,0.019591117000004488
s1_1000,S1-615231492,S3,US,selective_v2_compact,0,14,0,0,3,0,6,14,0,11,0.00845364300039364,36,3,9,29,203,116,0.009022848999961752,0,189,189,189,99,1,1,60,2,0,0.017728964000070846
s1_1000,S1-294036444,S2,US,selective_v2_compact,0,14,0,1,3,0,12,14,0,11,0.02554385300004469,55,1,13,28,205,203,0.02646216900006948,1,204,203,204,84,1,1,60,1,1,0.03604300899996815
s1_1000,S1-294036444,S3,US,selective_v2_compact,0,14,7,1,0,0,19,7,0,7,0.01565412400009336,55,3,22,14,267,257,0.01641234099997746,0,257,257,257,91,1,1,60,1,0,0.03500237200000811
s1_1000,S1-850721810,S2,India,selective_v2_compact,0,14,3,1,0,0,20,11,1,10,0.028210616999899685,78,3,23,24,308,230,0.029344431000026816,0,296,296,296,113,1,1,60,0,0,0.053729517999954624
s1_1000,S1-850721810,S3,India,selective_v2_compact,0,14,1,1,2,0,18,13,1,10,0.030494104000126754,78,0,18,28,341,280,0.03171277900003133,0,329,329,329,106,1,1,60,3,0,0.06290937999995094
s1_1000,S1-113429852,S2,US,selective_v2_compact,0,14,3,1,1,0,8,11,0,10,0.018440873999907126,28,1,9,23,308,210,0.018927825999980996,118,279,272,390,151,1,1,60,1,45,0.03612324499999886
s1_1000,S1-113429852,S3,US,selective_v2_compact,0,13,2,1,1,4,5,11,0,10,0.06349086099976375,28,6,11,23,325,215,0.06396844599998985,112,294,272,384,130,1,1,60,2,41,0.08322822900004212
s1_1000,S1-804056563,S2,India,selective_v2_compact,0,14,5,1,0,0,32,9,0,9,0.016821862000028887,105,15,47,19,311,243,0.018010874999959015,5,277,272,277,117,1,1,60,2,5,0.03730613500010804
s1_1000,S1-804056563,S3,India,selective_v2_compact,0,14,4,1,0,0,28,10,1,9,0.012809483999831173,105,15,43,21,283,217,0.014062220000027992,13,259,246,259,95,1,1,60,1,13,0.02639976199998273
s1_1000,S1-337477995,S2,India,selective_v2_compact,0,14,3,1,2,0,29,11,2,7,0.017134444000134863,78,15,44,22,247,233,0.017881940000052055,0,233,233,233,105,1,1,60,1,0,0.0411625599999752
s1_1000,S1-337477995,S3,India,selective_v2_compact,0,14,7,1,1,0,31,7,1,5,0.010222828999872036,78,6,37,14,216,203,0.01111965899997358,1,204,203,204,76,1,1,60,4,1,0.022317735999990873
s1_1000,S1-923720466,S2,India,selective_v2_compact,0,14,8,1,1,0,28,6,0,5,0.014590054999985114,55,3,31,12,280,276,0.01517254899999898,0,276,276,276,89,1,1,60,0,0,0.029393242999958602
s1_1000,S1-923720466,S3,India,selective_v2_compact,0,14,8,1,0,0,23,6,0,6,0.014628722999987076,55,1,24,12,226,210,0.015289882999923066,2,212,210,212,71,1,1,60,2,2,0.025269504999982928
s1_1000,S1-109291552,S2,US,selective_v2_compact,0,14,9,1,0,0,8,5,0,5,0.014022713000144904,28,1,9,10,222,216,0.014448201999925914,1,217,216,217,64,1,1,60,2,1,0.023022172999958457
s1_1000,S1-109291552,S3,US,selective_v2_compact,0,14,9,1,0,0,8,5,0,5,0.014664361000086501,28,1,9,10,218,213,0.01512296900000365,0,213,213,213,60,1,0,60,1,0,0.023476412000036362
s1_1000,S1-832856617,S2,US,selective_v2_compact,0,12,0,0,3,2,6,12,0,9,0.01128512499963108,21,1,7,25,496,196,0.011704172000008839,7,441,434,441,111,1,1,60,0,7,0.033530171999927916
s1_1000,S1-832856617,S3,US,selective_v2_compact,0,12,6,1,0,2,6,6,0,6,0.007542538999928183,21,1,7,12,236,220,0.007894921000001887,9,229,220,229,113,1,1,60,3,9,0.020694636000030187
s1_1000,S1-854476336,S2,US,selective_v2_compact,0,14,5,1,1,0,11,9,1,7,0.010824269000295317,36,1,12,19,440,206,0.011411325000040051,35,406,405,440,151,1,1,60,2,35,0.03594782499999383
s1_1000,S1-854476336,S3,US,selective_v2_compact,0,14,5,1,0,0,9,9,1,8,0.011248631999933423,36,3,12,19,440,216,0.011822950999999193,38,401,396,434,147,1,1,60,2,38,0.03461184899992986
s1_1000,S1-934968490,S2,India,selective_v2_compact,0,14,0,0,2,0,8,14,2,10,0.02524405199994817,120,0,8,30,249,177,0.027363680000007662,0,230,230,230,89,1,1,60,3,0,0.040122399000097175
s1_1000,S1-934968490,S3,India,selective_v2_compact,0,14,5,1,2,0,1,9,1,6,0.024030355000036252,120,0,1,21,296,223,0.026302830000076938,0,290,290,290,80,1,1,60,0,0,0.04471860799992555
s1_1000,S1-121693037,S2,India,selective_v2_compact,0,14,6,1,0,0,38,8,0,8,0.019442152000010537,105,15,53,17,277,262,0.02050507399997059,0,269,269,269,62,1,1,60,0,0,0.042763159000060114
s1_1000,S1-121693037,S3,India,selective_v2_compact,0,14,4,1,1,0,41,10,1,8,0.02698730899999191,105,10,51,21,212,204,0.02814791699995567,0,207,207,207,77,1,1,60,0,0,0.04042187200002445
s1_1000,S1-542540887,S2,US,selective_v2_compact,0,14,0,0,0,0,5,14,2,12,0.014579622000155723,45,1,6,29,139,95,0.015345534000061889,1,100,99,100,72,1,1,60,4,1,0.022517680999953882
s1_1000,S1-542540887,S3,US,selective_v2_compact,0,14,0,1,1,0,6,14,1,12,0.012973531000056937,45,1,7,30,285,225,0.01376718299991353,1,265,264,265,79,1,1,60,1,1,0.03745368900001722
s1_1000,S1-706889130,S2,US,selective_v2_compact,0,14,7,1,1,0,10,7,2,4,0.013358198999981141,28,1,11,14,275,251,0.013819945000022926,17,251,251,268,110,1,1,60,2,17,0.03293672500001321
s1_1000,S1-706889130,S3,US,selective_v2_compact,0,14,2,1,0,1,11,12,3,9,0.02537332700001116,28,1,12,24,239,226,0.02578363400004946,16,226,226,242,114,1,1,60,1,16,0.04166791900001954
s1_1000,S1-587051623,S2,US,selective_v2_compact,0,12,0,0,0,3,10,12,0,12,0.01150005300007706,28,3,13,25,186,146,0.011849022999967929,0,156,156,156,82,1,1,60,1,0,0.026223815999969702
s1_1000,S1-587051623,S3,US,selective_v2_compact,0,12,1,1,2,3,10,11,0,9,0.013271859000155928,28,3,13,23,232,214,0.013651715000037257,0,219,219,219,88,1,1,60,1,0,0.03605915899993306
s1_1000,S1-648916840,S2,US,selective_v2_compact,0,14,1,1,0,0,5,13,1,12,0.010256542999968588,28,3,8,26,255,233,0.010756207999975231,1,234,233,234,112,1,1,60,2,1,0.02539470400006394
s1_1000,S1-648916840,S3,US,selective_v2_compact,0,14,2,1,1,0,5,12,1,10,0.00954853500036279,28,3,8,24,234,216,0.010025179000081152,0,216,216,216,111,1,1,60,1,0,0.025866663000101653
s1_1000,S1-216234074,S2,India,selective_v2_compact,0,14,0,0,1,0,3,14,0,13,0.007356583000046157,66,10,13,31,236,182,0.008446111000012024,2,199,197,199,108,1,1,60,2,2,0.0220739380000623
s1_1000,S1-216234074,S3,India,selective_v2_compact,0,14,0,1,5,0,7,14,1,8,0.009471314999927927,66,3,10,31,319,275,0.010650344000055156,0,294,294,294,102,1,1,60,1,0,0.03678135500001645
s1_1000,S1-4179197,S2,India,selective_v2_compact,0,14,0,0,0,0,15,14,0,14,0.01199123599997165,55,3,18,30,206,145,0.012759344999949462,1,155,154,155,76,1,1,60,2,1,0.02613303900000119
s1_1000,S1-4179197,S3,India,selective_v2_compact,0,14,0,0,6,0,10,14,1,7,0.017475577000027442,45,1,11,29,196,191,0.018204735000040273,0,196,196,196,87,1,1,60,0,0,0.030288338999980624
s1_1000,S1-874853634,S2,India,selective_v2_compact,0,14,0,1,0,0,32,14,3,11,0.018419728999788276,120,36,68,30,299,204,0.01953862699997444,2,261,259,261,75,1,1,60,1,2,0.0389275950000183
s1_1000,S1-874853634,S3,India,selective_v2_compact,0,14,0,0,1,0,32,14,3,10,0.01624932599997919,120,36,68,30,230,101,0.017330424000078892,1,151,150,151,77,1,1,60,2,1,0.027732999000022573
s1_1000,S1-830938274,S2,India,selective_v2_compact,0,14,7,1,0,0,13,7,1,6,0.008206674000120984,55,6,19,15,328,295,0.008971852999934526,1,313,312,313,79,1,1,60,2,1,0.03346542999997837
s1_1000,S1-830938274,S3,India,selective_v2_compact,0,14,6,1,0,0,15,8,1,7,0.015801079000084428,55,3,18,17,314,283,0.016613596999945912,3,306,303,306,79,1,1,60,1,3,0.03902718599999844
s1_1000,S1-669173899,S2,India,selective_v2_compact,0,14,10,1,0,0,50,4,0,4,0.01260294700000486,91,21,71,8,207,202,0.013067287000012584,6,202,202,208,91,1,1,60,2,6,0.027082093999979406
s1_1000,S1-669173899,S3,India,selective_v2_compact,0,14,9,1,0,0,52,5,0,5,0.014422637000052418,91,10,62,10,258,252,0.01504980999993677,8,252,252,260,100,1,1,60,0,8,0.03556138299995837
s1_1000,S1-890514147,S2,US,selective_v2_compact,0,14,6,1,3,0,2,8,0,5,0.006565100999864626,21,1,3,17,260,253,0.007013639999968291,0,257,257,257,86,1,1,60,0,0,0.017064806000007593
s1_1000,S1-890514147,S3,US,selective_v2_compact,0,14,6,1,1,0,3,8,0,7,0.006240619999971386,21,1,4,17,223,212,0.0066564640000024156,1,216,215,216,78,1,1,60,2,1,0.018362838000030024
s1_1000,S1-977938386,S2,India,selective_v2_compact,0,14,5,1,0,0,32,9,2,7,0.014465646999724413,120,6,38,19,351,265,0.01608340899997529,1,296,295,296,80,1,1,60,4,1,0.030598592000046665
s1_1000,S1-977938386,S3,India,selective_v2_compact,0,14,8,1,0,0,27,6,0,6,0.012926804000017,120,3,30,13,330,279,0.014723921000040718,0,321,321,321,116,1,1,60,3,0,0.031025127000020802
s1_1000,S1-360570474,S2,India,selective_v2_compact,0,14,3,1,0,0,16,11,0,11,0.04836143300008189,78,1,17,24,349,249,0.049608540999997786,2,281,279,281,75,1,1,60,2,2,0.06847030000005816
s1_1000,S1-360570474,S3,India,selective_v2_compact,0,14,0,0,0,0,11,14,1,13,0.06908669999995709,78,1,12,30,237,127,0.0703727570000865,1,161,160,161,76,1,1,60,2,1,0.08106205499996122
s1_1000,S1-979234942,S2,US,selective_v2_compact,0,14,2,1,0,1,4,12,0,12,0.008315824000192151,21,1,5,25,397,201,0.008790837999981704,1,359,358,359,113,1,1,60,2,1,0.030756386000007296
s1_1000,S1-979234942,S3,US,selective_v2_compact,0,14,2,1,0,1,4,12,0,12,0.008951538000019355,21,1,5,25,464,238,0.009426529000052142,2,394,392,394,105,1,1,60,4,2,0.0352139309999302
s1_1000,S1-961832806,S2,India,selective_v2_compact,0,14,0,0,3,4,5,14,0,11,0.006453598000121019,45,15,20,30,219,109,0.006983481999895957,1,159,158,159,79,1,1,60,1,1,0.01603855200005455
s1_1000,S1-961832806,S3,India,selective_v2_compact,0,14,0,0,4,0,11,14,1,9,0.014787171999955717,45,6,17,30,217,116,0.01537580000001526,0,174,174,174,73,1,1,60,0,0,0.023305224999944585
s1_1000,S1-74403263,S2,India,selective_v2_compact,0,14,0,0,1,0,3,14,1,12,0.009393193999926552,66,3,6,30,165,109,0.010534969999980603,1,145,144,145,65,1,1,60,1,1,0.025543405000007624
s1_1000,S1-74403263,S3,India,selective_v2_compact,0,14,0,0,1,0,4,14,1,12,0.0072416949999478675,66,0,4,30,211,150,0.008419184999979734,0,186,186,186,68,1,1,60,1,0,0.01854383299996698
s1_1000,S1-411939618,S2,India,selective_v2_compact,0,14,10,1,0,12,17,4,0,4,0.002186859999937951,66,21,38,9,291,234,0.0027853229998981988,0,279,279,279,97,1,1,60,1,0,0.016065658999991683
s1_1000,S1-411939618,S3,India,selective_v2_compact,0,14,9,1,1,0,20,5,0,4,0.0027257079999571943,66,15,35,11,287,250,0.0033851130000357443,0,279,279,279,88,1,1,60,1,0,0.02029342200000883
s1_1000,S1-452329998,S2,India,selective_v2_compact,0,14,6,1,0,0,35,8,1,7,0.020010621999858813,120,6,41,16,207,200,0.02148665799995797,1,200,200,201,86,1,1,60,2,1,0.03188774000000194
s1_1000,S1-452329998,S3,India,selective_v2_compact,0,14,7,1,0,0,28,7,1,6,0.023631123000086518,120,3,31,14,322,314,0.025385049000078652,5,315,314,319,88,1,1,60,1,5,0.049821451999946476
s1_1000,S1-159760349,S2,US,selective_v2_compact,0,14,0,0,0,0,1,14,1,13,0.00746630900027867,21,0,1,29,196,119,0.007939394999993965,1,174,173,174,77,1,1,60,2,1,0.018695475000072292
s1_1000,S1-159760349,S3,US,selective_v2_compact,0,14,0,0,0,0,1,14,1,13,0.007618396000111716,21,0,1,28,170,157,0.008061490999921261,0,157,157,157,74,1,1,60,2,0,0.020077800999956708
s1_1000,S1-378702310,S2,India,selective_v2_compact,0,14,6,1,2,0,31,8,0,6,0.008660511000016413,105,6,37,18,243,217,0.009924625000053311,4,229,229,233,81,1,1,60,2,4,0.02111326299996108
s1_1000,S1-378702310,S3,India,selective_v2_compact,0,14,5,1,4,0,27,9,0,5,0.011385099000108312,105,3,30,20,250,235,0.01283599199996388,8,249,249,257,88,1,1,60,3,8,0.028930127999956312
s1_1000,S1-14088765,S2,India,selective_v2_compact,0,14,3,1,0,0,30,11,2,9,0.013685536000139109,120,10,40,24,321,274,0.01528655999993589,0,304,304,304,101,1,1,60,2,0,0.03967382999996971
s1_1000,S1-14088765,S3,India,selective_v2_compact,0,14,9,1,0,0,29,5,0,5,0.0076529090001713485,120,3,32,13,339,261,0.009311106000041036,0,326,326,326,101,1,1,60,1,0,0.025991785000087475
s1_1000,S1-245808112,S2,US,selective_v2_compact,0,10,0,0,0,0,0,10,0,10,0.007277848000171616,10,0,0,20,168,131,0.0075344979999272255,6,134,131,137,64,1,1,60,3,6,0.01292510799999036
s1_1000,S1-245808112,S3,US,selective_v2_compact,0,10,0,0,0,0,0,10,0,10,0.008120943999870178,10,0,0,20,167,148,0.00841933300000619,4,149,148,152,53,0,0,53,2,4,0.014485870000044088
s1_1000,S1-522925958,S2,US,selective_v2_compact,0,14,0,0,0,0,4,14,0,14,0.00537611800018567,28,1,5,30,260,172,0.005896729999903982,1,224,223,224,77,1,1,60,3,1,0.016176670000049853
s1_1000,S1-522925958,S3,US,selective_v2_compact,0,14,0,0,0,0,4,14,0,14,0.005632325999954446,28,1,5,30,250,182,0.0061585649999642555,0,227,227,227,78,1,1,60,2,0,0.0223564279999664
s1_1000,S1-409923771,S2,US,selective_v2_compact,0,13,0,0,0,2,5,13,0,13,0.010131050000040887,21,1,6,28,432,124,0.01053272299998298,2,388,386,388,99,1,1,60,2,2,0.026414682999984507
s1_1000,S1-409923771,S3,US,selective_v2_compact,0,13,0,0,1,2,5,13,0,12,0.010710901000265949,21,1,6,27,384,161,0.011105125000085536,2,346,344,346,98,1,1,60,2,2,0.02564034400006676
s1_1000,S1-819898078,S2,US,selective_v2_compact,0,11,4,1,1,4,12,7,0,6,0.02166332499996315,28,1,13,15,367,332,0.022145488000091973,0,359,359,359,118,1,1,60,1,0,0.04259915699992689
s1_1000,S1-819898078,S3,US,selective_v2_compact,0,10,2,1,3,4,13,8,0,5,0.015417406000324263,28,1,14,17,285,241,0.015789030000064486,0,267,267,267,103,1,1,60,0,0,0.031233095999937177
s1_1000,S1-725933863,S2,India,selective_v2_compact,0,14,6,1,0,0,28,8,0,8,0.016369613999813737,120,15,43,17,304,272,0.017865444999983993,1,285,284,285,78,1,1,60,1,1,0.037217187999999624
s1_1000,S1-725933863,S3,India,selective_v2_compact,0,14,2,1,1,0,36,12,2,9,0.03113022299999102,120,6,42,25,272,234,0.03270260400006464,0,253,253,253,81,1,1,60,1,0,0.06546989999992547
s1_1000,S1-115173411,S2,India,selective_v2_compact,0,14,8,1,1,0,14,6,0,5,0.013293940000266957,45,3,17,12,245,243,0.01390091600001142,0,243,243,243,87,1,1,60,2,0,0.02551904100005231
s1_1000,S1-115173411,S3,India,selective_v2_compact,0,14,6,1,0,0,13,8,1,7,0.02388749400006418,45,0,13,16,292,283,0.02459677600006671,0,283,283,283,80,1,1,60,4,0,0.04985642399992685
s1_1000,S1-324695988,S2,US,selective_v2_compact,0,12,4,1,0,0,3,8,0,8,0.013347029000101429,15,0,3,16,220,209,0.013719854999976633,2,210,209,211,86,1,1,60,2,2,0.024608202000081292
s1_1000,S1-324695988,S3,US,selective_v2_compact,0,12,6,1,1,0,3,6,0,5,0.009535081000080936,15,0,3,12,242,240,0.009871166000039011,1,240,240,241,85,1,1,60,1,1,0.022090933999947993
s1_1000,S1-10393601,S2,US,selective_v2_compact,0,14,2,1,0,0,3,12,3,9,0.040147703000002366,28,0,3,24,289,207,0.04075633300010395,50,257,207,257,97,1,1,60,4,42,0.05709082800001397
s1_1000,S1-10393601,S3,US,selective_v2_compact,0,14,5,1,0,0,5,9,2,7,0.03538721799998257,28,0,5,18,264,219,0.03597942700002932,35,254,219,254,112,1,1,60,4,35,0.046904725999979746
s1_1000,S1-296672331,S2,India,selective_v2_compact,0,14,1,1,0,0,43,13,1,12,0.023435287999745924,120,15,58,27,268,219,0.02467930900002102,6,234,234,240,76,1,1,60,1,6,0.04129532299998573
s1_1000,S1-296672331,S3,India,selective_v2_compact,0,14,0,0,0,0,38,14,5,9,0.02181161699979839,120,15,53,29,238,196,0.02320662700003595,4,213,209,213,77,1,1,60,2,4,0.035487284999931035
s1_1000,S1-897779097,S2,India,selective_v2_compact,0,14,5,1,0,0,30,9,1,8,0.01752032300009887,105,10,40,19,338,300,0.018930754999928467,1,305,304,305,73,1,1,60,4,1,0.04426658900001712
s1_1000,S1-897779097,S3,India,selective_v2_compact,0,14,9,1,0,0,28,5,0,5,0.01084514899991973,105,6,34,11,207,201,0.012296423999941908,0,202,202,202,79,1,1,60,1,0,0.02258757999993577
s1_1000,S1-277198482,S2,India,selective_v2_compact,0,14,7,1,0,0,29,7,0,7,0.024576434999971752,66,6,35,14,234,218,0.02523595699994985,3,221,218,221,93,1,1,60,3,3,0.0390136869999651
s1_1000,S1-277198482,S3,India,selective_v2_compact,0,14,8,1,0,0,25,6,0,6,0.0237294789999396,66,1,26,12,221,216,0.024590588000023672,1,216,216,217,85,1,1,60,1,1,0.035217455999941194
s1_1000,S1-996291067,S2,India,selective_v2_compact,0,8,0,0,1,7,18,8,2,5,0.008354175999897961,78,45,63,17,45,29,0.008605736999925284,1,32,32,33,33,0,0,33,3,1,0.010578877000057219
s1_1000,S1-996291067,S3,India,selective_v2_compact,0,3,0,0,0,0,18,3,2,1,0.009947108000119442,66,45,63,6,38,38,0.010051297000018167,0,38,38,38,38,0,0,38,0,0,0.012229875999992146
s1_1000,S1-108923390,S2,US,selective_v2_compact,0,8,0,0,0,0,2,8,0,8,0.010198835999858602,10,0,2,16,209,192,0.010454019000007975,1,193,192,193,86,1,1,60,3,1,0.01895311800001309
s1_1000,S1-108923390,S3,US,selective_v2_compact,0,8,2,1,1,0,2,6,0,5,0.0097249280000824,10,0,2,12,235,230,0.009993065000003298,1,231,230,231,91,1,1,60,3,1,0.01918103599996357
s1_1000,S1-264329856,S2,India,selective_v2_compact,0,14,3,1,0,0,38,11,1,10,0.016772990000049504,105,10,48,22,257,240,0.01793738799995026,1,240,240,241,98,1,1,60,2,1,0.03603508900005181
s1_1000,S1-264329856,S3,India,selective_v2_compact,0,14,4,1,0,0,38,10,1,9,0.014339200000108576,105,10,48,20,232,218,0.01546212900007049,1,218,218,219,74,1,1,60,1,1,0.026512670000101934
s1_1000,S1-387200680,S2,India,selective_v2_compact,0,14,7,1,1,0,29,7,0,6,0.010725890000117033,105,15,44,14,240,235,0.011942646999955286,5,235,235,240,85,1,1,60,1,5,0.028892304999999396
s1_1000,S1-387200680,S3,India,selective_v2_compact,0,14,6,1,0,0,32,8,0,8,0.02825198499999715,105,10,42,16,227,218,0.029503888000022016,11,218,218,229,88,1,1,60,2,11,0.04673022199995103
s1_1000,S1-549608257,S2,US,selective_v2_compact,0,14,0,0,0,0,0,14,1,13,0.01218508199963253,15,0,0,28,193,167,0.012571340000022246,40,169,167,207,112,1,1,60,3,40,0.02069840500007558
s1_1000,S1-549608257,S3,US,selective_v2_compact,0,14,0,0,0,0,1,14,1,13,0.010327443999813113,15,0,1,28,128,95,0.010669731999996657,44,95,95,139,114,1,1,60,3,41,0.02112656299993887
s1_1000,S1-761867539,S2,US,selective_v2_compact,0,14,0,0,3,0,0,14,2,9,0.016373081000097045,36,0,0,30,246,123,0.017114497999955347,1,140,140,141,71,1,1,60,2,1,0.023838569999952597
s1_1000,S1-761867539,S3,US,selective_v2_compact,0,14,6,1,1,0,4,8,2,5,0.012340748000042367,36,1,5,18,312,251,0.013017890000014631,0,277,277,277,78,1,1,60,2,0,0.02431646100001217
s1_1000,S1-908747670,S2,US,selective_v2_compact,0,14,7,1,2,0,3,7,0,5,0.008349425000119481,28,0,3,14,242,200,0.008902418000047874,36,236,200,236,89,1,1,60,2,36,0.018070266999984597
s1_1000,S1-908747670,S3,US,selective_v2_compact,0,14,8,1,0,0,6,6,0,6,0.010268749000033495,28,1,7,12,280,229,0.010814875999926699,45,274,229,274,96,1,1,60,1,42,0.025396422999961032
s1_1000,S1-770172704,S2,US,selective_v2_compact,0,14,1,1,1,0,4,13,0,12,0.02049186499971256,21,0,4,27,363,210,0.02097214000002623,2,343,341,343,116,1,1,60,2,2,0.04197220399998969
s1_1000,S1-770172704,S3,US,selective_v2_compact,0,14,1,1,0,0,4,13,0,13,0.021557243000074777,21,0,4,27,386,214,0.022009319000062533,1,361,360,361,115,1,1,60,2,1,0.0479675930000667
s1_1000,S1-335715642,S2,India,selective_v2_compact,0,14,0,0,4,0,22,14,3,7,0.05354793999981666,78,21,43,29,198,174,0.05433840400007739,0,185,185,185,94,1,1,60,1,0,0.07547564799995143
s1_1000,S1-335715642,S3,India,selective_v2_compact,0,14,1,1,0,0,31,13,2,11,0.03687403700007508,78,10,41,27,323,259,0.037731008000037036,0,274,274,274,106,1,1,60,3,0,0.060990766000031726
s1_1000,S1-369919932,S2,India,selective_v2_compact,0,14,4,1,0,0,21,10,2,8,0.006895762999874933,78,3,24,20,244,238,0.008057089000089945,0,238,238,238,102,1,1,60,1,0,0.021375780000084887
s1_1000,S1-369919932,S3,India,selective_v2_compact,0,14,6,1,0,0,19,8,1,7,0.03199689000007311,78,3,22,16,248,227,0.03310236000004352,2,229,227,229,81,1,1,60,4,2,0.049535018000028685
s1_1000,S1-97828965,S2,India,selective_v2_compact,0,14,6,1,0,0,46,8,1,7,0.02635920000011538,105,21,67,16,273,270,0.027200861999972403,1,271,270,271,81,1,1,60,1,1,0.044945472999984304
s1_1000,S1-97828965,S3,India,selective_v2_compact,0,14,9,1,0,0,43,5,0,5,0.010216981999860764,105,15,58,10,226,220,0.01123457000005601,4,220,220,224,95,1,1,60,3,4,0.0297363879999466
s1_1000,S1-967811540,S2,US,selective_v2_compact,0,14,0,0,5,0,1,14,1,8,0.005518227999914416,45,1,2,29,90,71,0.006334153000011611,0,74,74,74,73,1,1,60,2,0,0.009670846999938476
s1_1000,S1-967811540,S3,US,selective_v2_compact,0,14,0,0,2,0,2,14,2,10,0.010292430999925273,45,3,5,29,198,170,0.011112964000062675,1,174,173,174,89,1,1,60,2,1,0.021855715000015152
s1_1000,S1-160353666,S2,India,selective_v2_compact,0,14,0,0,0,0,11,14,0,14,0.009320864999835976,78,3,14,29,219,144,0.010589093000021421,5,159,154,159,74,1,1,60,3,5,0.018691157000034764
s1_1000,S1-160353666,S3,India,selective_v2_compact,0,14,0,0,1,0,8,14,0,13,0.010533447000057095,78,1,9,30,273,183,0.01197904599996491,0,227,227,227,63,1,1,60,0,0,0.032085458999972616
s1_1000,S1-32625238,S2,US,selective_v2_compact,0,14,6,1,0,0,11,8,0,8,0.015016787999911685,36,1,12,16,257,240,0.015592408999964391,1,241,240,241,107,1,1,60,1,1,0.02740662600001542
s1_1000,S1-32625238,S3,US,selective_v2_compact,0,14,6,1,0,0,11,8,0,8,0.01566363100005219,36,1,12,16,248,233,0.01619829700007358,2,235,233,235,111,1,1,60,2,2,0.032898928999998134
s1_1000,S1-529683926,S2,India,selective_v2_compact,0,14,0,0,2,0,17,14,1,11,0.007670466000035958,66,1,18,30,156,126,0.008657031999973697,8,136,128,136,84,1,1,60,2,8,0.015168298999924446
s1_1000,S1-529683926,S3,India,selective_v2_compact,0,14,0,0,2,0,15,14,3,9,0.011477078999746482,66,1,16,31,119,48,0.012425015999951938,9,86,86,95,55,0,0,55,2,9,0.017227140000045438
s1_1000,S1-783001297,S2,US,selective_v2_compact,0,14,3,1,0,0,12,11,1,10,0.03276814400010153,36,3,15,22,279,211,0.03328556300004948,1,212,211,212,103,1,1,60,5,1,0.04654890299991621
s1_1000,S1-783001297,S3,US,selective_v2_compact,0,14,3,1,0,0,12,11,1,10,0.03536706400007006,36,3,15,22,297,231,0.03591456799995285,2,233,231,233,100,1,1,60,1,2,0.05271330000005037
s1_1000,S1-2577240,S2,India,selective_v2_compact,0,14,8,1,0,0,52,6,1,5,0.021854481999980635,91,10,62,12,232,232,0.022522546000004695,3,232,232,235,83,1,1,60,0,3,0.03903661700007888
s1_1000,S1-2577240,S3,India,selective_v2_compact,0,14,7,1,0,0,52,7,2,5,0.029415023999831647,91,10,62,14,253,231,0.030058642000085456,14,245,231,245,111,1,1,60,2,14,0.048173421000001326
s1_1000,S1-309250937,S2,US,selective_v2_compact,0,14,5,1,1,0,2,9,0,8,0.005259747000081916,28,0,2,19,433,279,0.005901424999933624,1,420,419,420,85,1,1,60,2,1,0.02234187599992765
s1_1000,S1-309250937,S3,US,selective_v2_compact,0,14,9,1,0,0,4,5,0,5,0.01214367999989463,28,1,5,11,442,277,0.012711902999967606,4,423,419,423,110,1,1,60,4,4,0.029492478000065603
s1_1000,S1-933907524,S2,US,selective_v2_compact,0,14,3,1,0,0,6,11,1,10,0.014654194000058851,28,3,9,23,466,203,0.015168458000061946,1,423,422,423,116,1,1,60,2,1,0.03559627599997839
s1_1000,S1-933907524,S3,US,selective_v2_compact,0,14,7,1,0,2,7,7,0,7,0.009883365999939997,28,3,10,14,218,210,0.010314288000017768,0,210,210,210,105,1,1,60,1,0,0.02227617900007317
s1_1000,S1-874706415,S2,India,selective_v2_compact,0,14,8,1,0,0,35,6,0,6,0.012335261999737668,91,21,56,13,257,228,0.013071974000013142,8,245,237,245,84,1,1,60,1,8,0.02453521899997213
s1_1000,S1-874706415,S3,India,selective_v2_compact,0,14,8,1,0,0,38,6,0,6,0.02122964700004104,91,15,53,13,289,264,0.022064653000029466,7,275,274,281,97,1,1,60,2,7,0.04187262499999633
s1_1000,S1-394191447,S2,India,selective_v2_compact,0,14,3,1,0,0,13,11,3,8,0.025181894000070315,66,10,23,23,572,200,0.026182572999914555,1,229,228,229,67,1,1,60,2,1,0.04344741400007024
s1_1000,S1-394191447,S3,India,selective_v2_compact,0,14,2,1,0,0,16,12,1,11,0.02668371599997954,66,6,22,25,575,214,0.027702021999971294,0,242,242,242,66,1,1,60,4,0,0.04299185900003977
s1_1000,S1-983260741,S2,India,selective_v2_compact,0,14,0,0,1,0,42,14,4,9,0.03543322099994839,120,10,52,29,217,158,0.0367684159999726,0,195,195,195,79,1,1,60,1,0,0.04926375200000166
s1_1000,S1-983260741,S3,India,selective_v2_compact,0,14,5,1,0,0,51,9,0,9,0.06386675999999625,120,3,54,18,271,245,0.06518364099997598,0,245,245,245,77,1,1,60,4,0,0.08475920599994424
s1_1000,S1-593018241,S2,US,selective_v2_compact,0,14,4,1,0,0,5,10,1,9,0.00896609599999465,28,1,6,21,516,255,0.009535305999975208,4,440,436,440,107,1,1,60,4,4,0.02633798800002296
s1_1000,S1-593018241,S3,US,selective_v2_compact,0,14,4,1,0,0,5,10,1,9,0.00954386200010049,28,1,6,21,565,250,0.010167479000074309,2,485,483,485,109,1,1,60,4,2,0.02916201400000773
s1_1000,S1-783328051,S2,US,selective_v2_compact,0,13,0,0,2,0,2,13,0,11,0.007717719000083889,15,0,2,26,172,129,0.008036192999952618,34,163,129,163,83,1,1,60,2,34,0.014497656999992614
s1_1000,S1-783328051,S3,US,selective_v2_compact,0,13,0,0,0,0,2,13,0,13,0.007931744999723378,15,0,2,26,180,128,0.008246254000027875,32,160,128,160,86,1,1,60,2,32,0.014679750999903263
s1_1000,S1-177322486,S2,India,selective_v2_compact,0,14,0,0,1,0,27,14,3,10,0.017215158000226438,105,15,42,29,124,83,0.018406099999992875,2,98,96,98,78,1,1,60,1,2,0.0234057570000914
s1_1000,S1-177322486,S3,India,selective_v2_compact,0,14,0,0,0,0,29,14,2,12,0.008405617000107668,105,10,39,30,210,161,0.009763476999978593,0,193,193,193,77,1,1,60,1,0,0.021268337999913456
s1_1000,S1-327512522,S2,US,selective_v2_compact,0,14,0,0,0,0,3,14,1,13,0.018599292000089918,21,0,3,28,203,177,0.01904660499997135,0,177,177,177,91,1,1,60,2,0,0.028040246000045954
s1_1000,S1-327512522,S3,US,selective_v2_compact,0,14,1,1,2,0,3,13,1,10,0.019002719999662077,21,0,3,26,221,201,0.019462351000015587,2,203,201,203,79,1,1,60,1,2,0.029633706999902643
s1_1000,S1-17973952,S2,US,selective_v2_compact,0,14,6,1,0,0,18,8,0,8,0.02129794900008619,55,3,21,18,302,250,0.02203460200007612,2,266,264,266,116,1,1,60,4,2,0.04102923899995403
s1_1000,S1-17973952,S3,US,selective_v2_compact,0,14,1,1,0,0,15,13,2,11,0.030972264000070027,55,6,21,28,239,203,0.0317370809999602,1,214,213,214,109,1,1,60,1,1,0.049100522000003366
s1_1000,S1-176434763,S2,US,selective_v2_compact,0,14,8,1,0,1,5,6,0,6,0.012099059999968631,21,0,5,12,299,272,0.012512908999951833,1,273,272,273,78,1,1,60,2,1,0.03176077900002383
s1_1000,S1-176434763,S3,US,selective_v2_compact,0,14,8,1,2,1,5,6,0,4,0.012722313999915968,21,0,5,12,335,328,0.013168304000032549,1,329,328,329,80,1,1,60,0,1,0.03765141499991387
s1_1000,S1-679399812,S2,US,selective_v2_compact,0,4,0,0,0,0,2,4,0,4,0.004275981999967371,6,0,2,8,96,93,0.004415735999941717,0,93,93,93,56,0,0,56,0,0,0.008312027999977545
s1_1000,S1-679399812,S3,US,selective_v2_compact,0,8,0,0,1,0,2,8,0,7,0.004534820000117179,10,0,2,18,110,102,0.004740089000051739,2,103,102,104,52,0,0,52,2,2,0.008963969999967958
s1_1000,S1-300656903,S2,India,selective_v2_compact,0,14,6,1,0,0,40,8,0,8,0.013840372000231582,120,28,68,17,235,207,0.014940349999960745,0,219,219,219,91,1,1,60,1,0,0.030592514999966625
s1_1000,S1-300656903,S3,India,selective_v2_compact,0,14,1,1,0,0,47,13,1,12,0.04238253999983499,120,15,62,27,310,257,0.04361106499993639,2,276,275,277,83,1,1,60,2,2,0.069914668000024
s1_1000,S1-360481865,S2,India,selective_v2_compact,0,14,3,1,0,0,16,11,0,11,0.037644441999987066,55,6,22,23,322,221,0.03850378999993609,2,235,233,235,77,1,1,60,2,2,0.05389662100003534
s1_1000,S1-360481865,S3,India,selective_v2_compact,0,14,3,1,1,0,15,11,1,9,0.05915659900006176,55,3,18,23,300,216,0.05996429200001785,1,227,226,227,73,1,1,60,5,1,0.07281237500001225
s1_1000,S1-866296885,S2,India,selective_v2_compact,0,10,4,1,0,3,17,6,2,4,0.05281815699993331,45,15,32,12,304,275,0.053211787999998705,1,276,275,276,109,1,1,60,2,1,0.07825433300001805
s1_1000,S1-866296885,S3,India,selective_v2_compact,0,12,5,1,0,4,23,7,2,5,0.19017818599991188,45,6,29,14,302,280,0.19062374100008128,0,280,280,280,115,1,1,60,2,0,0.21495822899998984
s1_1000,S1-492142313,S2,India,selective_v2_compact,0,14,8,1,0,0,22,6,0,6,0.011129634000099031,55,1,23,12,218,211,0.011884140000006482,12,213,211,223,119,1,1,60,2,12,0.022795931000018754
s1_1000,S1-492142313,S3,India,selective_v2_compact,0,14,6,1,0,0,19,8,0,8,0.01630477000026076,55,1,20,16,310,303,0.017086439999957292,14,303,303,317,122,1,1,60,2,14,0.047303879999958554
s1_1000,S1-32315181,S2,US,selective_v2_compact,0,14,5,1,1,0,16,9,2,6,0.0311950010000146,45,6,22,18,248,221,0.031745850999982395,1,222,221,222,103,1,1,60,0,1,0.044371653999974114
s1_1000,S1-32315181,S3,US,selective_v2_compact,0,14,5,1,0,0,16,9,2,7,0.03362585500008208,45,6,22,18,272,245,0.034171299000036015,1,246,245,246,101,1,1,60,2,1,0.04572849299995596
s1_1000,S1-719837826,S2,US,selective_v2_compact,0,14,3,1,1,4,4,11,0,10,0.007037941000021419,28,6,10,24,327,242,0.007565867999915099,46,251,250,296,116,1,1,60,2,44,0.028871639999920262
s1_1000,S1-719837826,S3,US,selective_v2_compact,0,14,3,1,1,4,4,11,0,10,0.007251689999975497,28,6,10,24,329,235,0.007723751999947126,41,244,243,284,113,1,1,60,0,41,0.02283575599994947
s1_1000,S1-674250113,S2,US,selective_v2_compact,0,14,0,0,2,0,4,14,1,11,0.00976412700003948,28,0,4,29,348,168,0.010352534000048763,3,298,295,298,111,1,1,60,1,3,0.02282972700004393
s1_1000,S1-674250113,S3,US,selective_v2_compact,0,14,0,0,0,0,5,14,0,14,0.010019519000138644,28,0,5,29,411,197,0.010574242999950911,2,347,345,347,116,1,1,60,2,2,0.026863641999966603
s1_1000,S1-848273416,S2,US,selective_v2_compact,0,14,3,1,2,0,2,11,1,8,0.012004703999991762,28,1,3,22,280,266,0.01257142899999053,3,269,266,269,110,1,1,60,3,3,0.036664521000034256
s1_1000,S1-848273416,S3,US,selective_v2_compact,0,14,5,1,1,2,6,9,0,8,0.011947654999971746,28,3,9,18,246,233,0.012406126999962908,4,237,233,237,73,1,1,60,1,4,0.029402279999999337
s1_1000,S1-190595971,S2,US,selective_v2_compact,0,14,4,1,3,0,7,10,0,7,0.016642504999936136,55,1,8,23,323,224,0.017635247999919557,1,309,308,309,113,1,1,60,2,1,0.030027289000031487
s1_1000,S1-190595971,S3,US,selective_v2_compact,0,14,5,1,1,0,13,9,1,7,0.016378638000219325,55,3,16,21,350,252,0.01721639800007324,0,299,299,299,92,1,1,60,1,0,0.037325961999954416
s1_1000,S1-712360582,S2,US,selective_v2_compact,0,14,0,0,0,1,5,14,1,13,0.010736336000263691,21,0,5,28,209,179,0.011143319000098018,1,180,179,180,94,1,1,60,2,1,0.022759610000093744
s1_1000,S1-712360582,S3,US,selective_v2_compact,0,14,4,1,0,1,5,10,0,10,0.010627681000187295,21,0,5,20,217,208,0.011032046999957856,0,208,208,208,111,1,1,60,2,0,0.021438389999957508
s1_1000,S1-866005166,S2,India,selective_v2_compact,0,14,7,1,0,0,28,7,1,6,0.012914421000232323,120,45,73,15,247,222,0.013897220999979254,0,235,235,235,73,1,1,60,2,0,0.025447219000056975
s1_1000,S1-866005166,S3,India,selective_v2_compact,0,14,8,1,0,0,40,6,0,6,0.008582058999991204,120,28,68,13,281,257,0.009645148000004156,0,276,276,276,82,1,1,60,0,0,0.03349731199989492
s1_1000,S1-210882477,S2,India,selective_v2_compact,0,14,9,1,0,0,29,5,1,4,0.011310944999877393,78,10,39,10,254,213,0.01209569700006341,4,213,213,217,83,1,1,60,2,4,0.026685577999955967
s1_1000,S1-210882477,S3,India,selective_v2_compact,0,14,11,1,0,0,28,3,0,3,0.005426038999985394,78,6,34,6,210,204,0.00627555799997026,11,206,204,215,89,1,1,60,2,11,0.01674476899995625
s1_1000,S1-372012424,S2,US,selective_v2_compact,0,14,2,1,1,0,3,12,0,11,0.009570016999987274,28,1,4,26,312,252,0.010141893999957574,0,272,272,272,79,1,1,60,1,0,0.028643519999945966
s1_1000,S1-372012424,S3,US,selective_v2_compact,0,14,2,1,3,0,3,12,0,9,0.010413561999939702,28,1,4,26,333,280,0.011017096999921705,0,301,301,301,79,1,1,60,1,0,0.03101139599993985
s1_1000,S1-577087021,S2,India,selective_v2_compact,0,14,0,0,4,0,11,14,1,9,0.005834288000187371,45,1,12,30,208,170,0.006501780999997209,3,179,176,179,80,1,1,60,2,3,0.01856322599996929
s1_1000,S1-577087021,S3,India,selective_v2_compact,0,14,5,1,0,0,10,9,0,9,0.009558942999888131,45,1,11,20,275,233,0.01029743399999461,13,252,239,252,79,1,1,60,3,13,0.021500822000007247
s1_1000,S1-852610124,S2,US,selective_v2_compact,0,14,7,1,0,0,10,7,0,7,0.017494623000175125,36,3,13,14,220,205,0.018016224999996666,6,211,205,211,82,1,1,60,3,6,0.03021348200002194
s1_1000,S1-852610124,S3,US,selective_v2_compact,0,14,9,1,0,0,12,5,0,5,0.010941230000184987,36,3,15,10,240,230,0.011438472000008915,3,233,230,233,81,1,1,60,1,3,0.026688258000035603
s1_1000,S1-109175675,S2,US,selective_v2_compact,0,14,0,0,0,1,3,14,0,14,0.0061706469998625835,21,0,3,30,252,100,0.006571919999942111,2,194,192,194,112,1,1,60,3,2,0.014164562000019032
s1_1000,S1-109175675,S3,US,selective_v2_compact,0,14,0,0,0,1,3,14,0,14,0.006421715999863409,21,0,3,30,306,119,0.006827998000062507,2,222,220,222,110,1,1,60,5,2,0.01718451199997162
s1_1000,S1-867725816,S2,India,selective_v2_compact,0,12,0,0,0,12,32,12,0,12,0.026967017000060878,66,10,42,25,273,185,0.027524650999907863,3,205,202,205,110,1,1,60,2,3,0.038140091999935066
s1_1000,S1-867725816,S3,India,selective_v2_compact,0,14,8,1,0,6,34,6,0,6,0.018606422999937422,66,6,40,13,243,215,0.01923506399998587,3,234,231,234,99,1,1,60,1,3,0.0302558329999556
s1_1000,S1-454337849,S2,US,selective_v2_compact,0,14,0,0,0,0,6,14,1,13,0.009098483000229862,36,3,9,30,472,176,0.009729828999979873,1,390,389,390,108,1,1,60,2,1,0.025647479999975076
s1_1000,S1-454337849,S3,US,selective_v2_compact,0,14,4,1,0,0,7,10,1,9,0.0070640800001910975,36,3,10,22,442,201,0.0077199790000577195,1,416,415,416,111,1,1,60,2,1,0.024034516000028816
s1_1000,S1-211263556,S2,US,selective_v2_compact,0,14,5,1,1,0,17,9,1,7,0.022405411000022468,66,3,20,19,249,222,0.023377176000053623,0,241,241,241,99,1,1,60,2,0,0.03716948600003889
s1_1000,S1-211263556,S3,US,selective_v2_compact,0,14,8,1,0,0,18,6,0,6,0.029576972000086243,66,6,24,13,256,231,0.030427719000044817,0,245,245,245,77,1,1,60,2,0,0.04446362299995599
s1_1000,S1-997499468,S2,US,selective_v2_compact,0,14,0,0,1,0,2,14,2,11,0.020751418999680027,21,0,2,28,209,193,0.021219208999923467,1,194,193,194,88,1,1,60,3,1,0.033440896000001885
s1_1000,S1-997499468,S3,US,selective_v2_compact,0,14,1,1,0,0,3,13,2,11,0.0223243589998674,21,0,3,26,231,214,0.02278724300003887,1,215,214,215,90,1,1,60,3,1,0.0393969859999288
s1_1000,S1-429307554,S2,US,selective_v2_compact,0,11,0,0,0,0,3,11,0,11,0.011221260999832339,15,1,4,23,254,190,0.011521916000106103,2,238,236,238,89,1,1,60,1,2,0.02062833699994826
s1_1000,S1-429307554,S3,US,selective_v2_compact,0,11,2,1,0,0,3,9,0,9,0.011478095000029498,15,1,4,19,289,208,0.011812698999960958,3,268,265,268,97,1,1,60,2,3,0.022177116000079877
s1_1000,S1-815423969,S2,India,selective_v2_compact,0,14,7,1,0,0,23,7,1,6,0.021485336000068855,66,6,29,14,207,203,0.022238814999923306,2,203,203,205,60,1,0,60,0,2,0.03154381700005615
s1_1000,S1-815423969,S3,India,selective_v2_compact,0,14,7,1,0,0,21,7,0,7,0.022270771999956196,66,3,24,14,275,274,0.02314815300007922,0,274,274,274,80,1,1,60,1,0,0.04319958299993232
s1_1000,S1-762754948,S2,US,selective_v2_compact,0,11,0,0,4,0,3,11,0,7,0.004684174999965762,15,1,4,23,154,144,0.0049591089999694304,5,150,145,150,55,0,0,55,0,5,0.010837643999934699
s1_1000,S1-762754948,S3,US,selective_v2_compact,0,11,0,0,3,0,3,11,0,8,0.004533490000198981,15,1,4,23,166,156,0.004802957000038077,2,159,157,159,58,0,0,58,0,2,0.011208776999978909
s1_1000,S1-379677192,S2,US,selective_v2_compact,0,14,2,1,0,0,8,12,2,10,0.027620386999728908,36,0,8,24,236,201,0.028238560999966467,24,225,201,225,92,1,1,60,1,24,0.038612940000007256
s1_1000,S1-379677192,S3,US,selective_v2_compact,0,14,3,1,1,0,8,11,2,8,0.02575356000033935,36,0,8,22,241,204,0.026351915000077497,28,232,204,232,90,1,1,60,1,28,0.03705566300004648
s1_1000,S1-948932140,S2,US,selective_v2_compact,0,14,0,0,4,0,4,14,0,10,0.006794309000042631,36,0,4,30,213,26,0.007405076999930316,3,183,180,183,84,1,1,60,5,3,0.014594142999953874
s1_1000,S1-948932140,S3,US,selective_v2_compact,0,14,0,0,2,0,7,14,0,12,0.013607207999825732,36,1,8,30,382,186,0.0142637089999198,1,333,332,333,117,1,1,60,1,1,0.028014215999974112
s1_1000,S1-988952152,S2,India,selective_v2_compact,0,10,0,1,4,2,6,10,2,4,0.008293752999861681,21,3,9,21,302,238,0.008627436000097077,0,291,291,291,92,1,1,60,0,0,0.0256890430000567
s1_1000,S1-988952152,S3,India,selective_v2_compact,0,12,4,1,0,2,6,8,2,6,0.012549392999972042,21,1,7,17,269,213,0.01292029499995806,1,254,253,254,84,1,1,60,1,1,0.026752351000027375
s1_1000,S1-470150331,S2,India,selective_v2_compact,0,14,5,1,0,0,14,9,0,9,0.010928654999929677,78,10,24,18,255,205,0.011996240000030411,0,205,205,205,78,1,1,60,2,0,0.022661604000063562
s1_1000,S1-470150331,S3,India,selective_v2_compact,0,14,7,1,3,0,15,7,0,4,0.04917115300020214,78,6,21,14,284,240,0.05034178999994765,0,240,240,240,80,1,1,60,1,0,0.0644162219999771
s1_1000,S1-845086185,S2,US,selective_v2_compact,0,14,8,1,1,0,17,6,0,5,0.013729723000096783,45,3,20,14,435,219,0.014376514999980827,0,411,411,411,118,1,1,60,1,0,0.03060744699996576
s1_1000,S1-845086185,S3,US,selective_v2_compact,0,14,8,1,0,0,15,6,0,6,0.01457321599991701,45,6,21,14,488,219,0.015153746999999385,1,450,449,450,110,1,1,60,3,1,0.033207752999942386
s1_1000,S1-946706052,S2,India,selective_v2_compact,0,14,0,0,0,0,34,14,2,12,0.01726117299983798,105,21,55,29,166,106,0.018375439000010374,1,133,132,133,103,1,1,60,3,1,0.028042136999943068
s1_1000,S1-946706052,S3,India,selective_v2_compact,0,14,0,0,2,0,41,14,5,7,0.018598305999944387,105,10,51,29,118,77,0.019764739999914127,0,105,105,105,92,1,1,60,2,0,0.028347867999968912
s1_1000,S1-602193603,S2,India,selective_v2_compact,0,14,0,0,1,8,20,14,0,13,0.003656673000250521,45,1,21,29,245,112,0.004251707999969767,2,133,131,133,82,1,1,60,4,2,0.011287063000054331
s1_1000,S1-602193603,S3,India,selective_v2_compact,0,14,1,1,1,0,16,13,1,11,0.008770381999852361,45,1,17,27,253,202,0.009389698999939355,1,217,216,217,69,1,1,60,1,1,0.020557884000027116
s1_1000,S1-393117390,S2,US,selective_v2_compact,0,14,0,0,4,0,4,14,1,9,0.01744417799977782,36,0,4,29,240,140,0.018182972999966296,1,232,231,232,93,1,1,60,0,1,0.027976165000040965
s1_1000,S1-393117390,S3,US,selective_v2_compact,0,14,8,1,1,0,9,6,0,5,0.19239250500015714,36,3,12,13,319,222,0.19304182799999126,5,310,305,310,97,1,1,60,1,5,0.2098922740000262
s1_1000,S1-974810743,S2,India,selective_v2_compact,0,14,8,1,0,0,25,6,1,5,0.013623558000062985,55,10,35,12,208,202,0.014106008999988262,3,205,202,205,113,1,1,60,1,3,0.027126846999976806
s1_1000,S1-974810743,S3,India,selective_v2_compact,0,14,8,1,0,0,25,6,1,5,0.01894624700003078,55,10,35,12,267,259,0.01945007999995596,4,263,259,263,118,1,1,60,1,4,0.03780986100002792
s1_1000,S1-485260947,S2,US,selective_v2_compact,0,14,0,0,0,0,0,14,0,14,0.010554788000149529,15,0,0,28,210,188,0.010939348999954746,1,189,188,189,95,1,1,60,1,1,0.020442813999920872
s1_1000,S1-485260947,S3,US,selective_v2_compact,0,14,2,1,0,0,0,12,0,12,0.01085150199992313,15,0,0,24,237,229,0.011240561000022353,1,230,229,230,82,1,1,60,1,1,0.027049927999996726
s1_1000,S1-209242212,S2,US,selective_v2_compact,0,11,3,1,3,0,9,8,1,4,0.020135462000098414,21,1,10,16,237,224,0.02043179700001474,11,235,224,235,91,1,1,60,1,11,0.033874101000037626
s1_1000,S1-209242212,S3,US,selective_v2_compact,0,10,0,0,0,0,10,10,1,9,0.02256779499998629,21,1,11,20,141,131,0.0228474540000434,10,131,131,141,89,1,1,60,1,10,0.0286154059999717
s1_1000,S1-444309469,S2,US,selective_v2_compact,0,14,3,1,0,0,2,11,0,11,0.0062571769999522076,21,1,3,23,237,213,0.006689340999969318,1,221,220,221,113,1,1,60,1,1,0.018734151999979076
s1_1000,S1-444309469,S3,US,selective_v2_compact,0,14,3,1,0,0,2,11,0,11,0.006718300999978055,21,1,3,23,256,216,0.007164931000033903,2,231,229,231,111,1,1,60,2,2,0.017772655000044324
s1_1000,S1-701717394,S2,India,selective_v2_compact,0,14,8,1,0,0,25,6,0,6,0.01097435700000915,55,6,31,13,272,245,0.01152640500004054,0,261,261,261,104,1,1,60,2,0,0.04171302600002491
s1_1000,S1-701717394,S3,India,selective_v2_compact,0,14,5,1,1,0,22,9,1,7,0.013805012000034367,55,6,28,19,322,291,0.014467499000033968,0,307,307,307,110,1,1,60,2,0,0.038812762000020484
s1_1000,S1-432251644,S2,India,selective_v2_compact,0,14,4,1,0,0,10,10,1,9,0.021198167000079593,45,6,16,21,384,325,0.02192728199997873,1,361,360,361,113,1,1,60,2,1,0.04996835699989788
s1_1000,S1-432251644,S3,India,selective_v2_compact,0,14,7,1,0,0,12,7,1,6,0.01502559099969858,45,3,15,15,264,225,0.015715095000018664,6,259,253,259,117,1,1,60,0,6,0.027770159000056083
s1_1000,S1-239207420,S2,US,selective_v2_compact,0,14,5,1,0,2,8,9,2,7,0.021867265000196312,28,1,9,18,333,307,0.02237896200006162,73,309,307,380,143,1,1,60,2,46,0.04528308499993727
s1_1000,S1-239207420,S3,US,selective_v2_compact,0,14,9,1,0,4,9,5,1,4,0.008130340999855434,28,1,10,10,210,210,0.008546351000063623,83,210,210,293,128,1,1,60,0,48,0.020576438000034614
s1_1000,S1-707620084,S2,India,selective_v2_compact,0,14,4,1,0,0,39,10,3,7,0.038282253000261335,78,15,54,20,243,239,0.038840467999989414,0,239,239,239,111,1,1,60,1,0,0.055093951999992896
s1_1000,S1-707620084,S3,India,selective_v2_compact,0,14,4,1,2,7,47,10,4,4,0.03283595300001707,78,6,53,20,205,203,0.033410791000051177,0,203,203,203,94,1,1,60,0,0,0.045191122000005635
s1_1000,S1-603393113,S2,India,selective_v2_compact,0,13,0,0,0,6,11,13,5,8,0.016138619999992443,45,15,26,27,290,174,0.0166137040000649,7,226,225,232,110,1,1,60,2,7,0.03813304900006642
s1_1000,S1-603393113,S3,India,selective_v2_compact,0,12,2,1,3,6,17,10,2,5,0.014139321000016025,45,10,27,21,309,239,0.014629522999939581,13,287,287,300,112,1,1,60,1,13,0.03170241499992699
s1_1000,S1-360368359,S2,US,selective_v2_compact,0,14,3,1,0,0,5,11,0,11,0.018893854999987525,28,0,5,23,361,245,0.01947120099998756,0,307,307,307,111,1,1,60,3,0,0.039609328999972604
s1_1000,S1-360368359,S3,US,selective_v2_compact,0,14,1,1,2,0,5,13,0,11,0.023147453999968093,28,1,6,27,349,211,0.02370187300005,0,288,288,288,110,1,1,60,1,0,0.040033612000001995
s1_1000,S1-144309050,S2,India,selective_v2_compact,0,11,1,1,0,4,20,10,2,8,0.034591364999869256,45,10,30,20,292,247,0.034998579999978574,2,248,247,249,90,1,1,60,1,2,0.051796308999996654
s1_1000,S1-144309050,S3,India,selective_v2_compact,0,13,6,1,0,4,22,7,1,6,0.024996290999865778,45,6,28,14,289,286,0.02544321300001684,8,286,286,294,97,1,1,60,1,8,0.050063608000073145
s1_1000,S1-71636676,S2,US,selective_v2_compact,0,14,0,0,0,0,2,14,2,12,0.0703710970000202,21,0,2,28,241,193,0.0708604840000362,16,209,193,209,91,1,1,60,3,16,0.08095339199996943
s1_1000,S1-71636676,S3,US,selective_v2_compact,0,14,0,0,0,0,2,14,2,12,0.06214218400032223,21,0,2,28,210,181,0.0626269650000495,11,192,181,192,82,1,1,60,1,11,0.07137084600003618
s1_1000,S1-435158775,S2,India,selective_v2_compact,0,14,8,1,1,0,27,6,0,5,0.012189041000056022,78,15,42,13,234,202,0.01293895000003431,8,229,229,237,102,1,1,60,0,8,0.024953272000061588
s1_1000,S1-435158775,S3,India,selective_v2_compact,0,14,9,1,0,0,28,5,0,5,0.025498584000160918,78,10,38,11,357,316,0.02639298199994755,17,346,329,346,105,1,1,60,3,17,0.0534087589999217
s1_1000,S1-636748811,S2,US,selective_v2_compact,0,12,0,0,1,2,6,12,0,11,0.008440790000122433,21,1,7,25,86,55,0.008725492999928974,2,62,60,62,62,1,1,60,2,2,0.011556096999925103
s1_1000,S1-636748811,S3,US,selective_v2_compact,0,12,0,0,2,2,6,12,0,10,0.009447877999946286,21,1,7,25,83,68,0.00973442999998042,0,73,73,73,73,1,1,60,1,0,0.012898866000000453
s1_1000,S1-65309853,S2,India,selective_v2_compact,0,14,4,1,1,0,11,10,3,6,0.017257787000062308,45,6,17,20,218,217,0.01786034799999925,1,218,217,218,80,1,1,60,0,1,0.03362215499998911
s1_1000,S1-65309853,S3,India,selective_v2_compact,0,14,6,1,0,0,13,8,1,7,0.02133347699987098,45,3,16,16,246,244,0.022002464000024702,0,244,244,244,118,1,1,60,1,0,0.036461993999978404
s1_1000,S1-426307047,S2,India,selective_v2_compact,0,14,11,1,0,0,42,3,0,3,0.01843729799998073,78,15,57,6,230,230,0.01891670800000611,0,230,230,230,97,1,1,60,2,0,0.030437082000048576
s1_1000,S1-426307047,S3,India,selective_v2_compact,0,14,9,1,0,0,37,5,1,4,0.021821336999778396,78,6,43,10,268,260,0.02258166900003289,4,264,260,264,110,1,1,60,1,4,0.03919091000000208
s1_1000,S1-152709472,S2,US,selective_v2_compact,0,14,6,1,0,0,5,8,1,7,0.03138800099964101,36,0,5,17,373,223,0.032118481999987125,0,361,361,361,114,1,1,60,2,0,0.0506179990001101
s1_1000,S1-152709472,S3,US,selective_v2_compact,0,14,6,1,0,0,5,8,1,7,0.042906643999913285,36,0,5,17,430,272,0.04364429600002495,0,410,410,410,112,1,1,60,2,0,0.06876469200005886
s1_1000,S1-114424830,S2,India,selective_v2_compact,0,14,5,1,0,0,16,9,0,9,0.022132400000145935,45,6,22,19,235,203,0.022699600000009923,6,208,207,213,98,1,1,60,1,6,0.033580700000015895
s1_1000,S1-114424830,S3,India,selective_v2_compact,0,14,7,1,1,0,15,7,0,6,0.020919557999945937,45,1,16,15,223,215,0.02153950799993254,13,217,216,229,110,1,1,60,2,13,0.03722686100002193
s1_1000,S1-128260204,S2,India,selective_v2_compact,0,14,3,1,0,0,22,11,3,8,0.01828675299987026,66,1,23,22,287,219,0.019192889000009927,1,219,219,220,86,1,1,60,0,1,0.0329285829999435
s1_1000,S1-128260204,S3,India,selective_v2_compact,0,14,6,1,0,0,19,8,2,6,0.015075779000085276,66,1,20,16,299,223,0.016006519000029584,2,223,223,225,84,1,1,60,0,2,0.029445350999935727
s1_1000,S1-756453021,S2,US,selective_v2_compact,0,14,0,0,2,0,5,14,2,10,0.007692248000239488,28,1,6,29,247,71,0.008194985000045563,3,229,226,229,100,1,1,60,1,3,0.017153345999986414
s1_1000,S1-756453021,S3,US,selective_v2_compact,0,14,0,0,2,0,5,14,2,10,0.008318790999965131,28,1,6,30,377,73,0.008817797000006067,1,334,333,334,98,1,1,60,2,1,0.022574028000008184
s1_1000,S1-997414477,S2,US,selective_v2_compact,0,14,0,0,1,0,3,14,0,13,0.027301686000100744,28,0,3,29,179,173,0.02791521099993588,0,174,174,174,110,1,1,60,1,0,0.04361799499997687
s1_1000,S1-997414477,S3,US,selective_v2_compact,0,14,1,1,0,0,3,13,0,13,0.03086416799988001,28,0,3,27,248,214,0.031505863000006684,0,217,217,217,106,1,1,60,3,0,0.046342161000097803
s1_1000,S1-587564473,S2,India,selective_v2_compact,0,14,10,1,0,0,54,4,0,4,0.0200422330000265,120,21,75,8,264,254,0.020947223000007398,0,254,254,254,101,1,1,60,0,0,0.033447161999902164
s1_1000,S1-587564473,S3,India,selective_v2_compact,0,14,9,1,0,0,53,5,0,5,0.022217132000264428,120,21,74,10,209,202,0.023216875999992226,1,203,202,203,109,1,1,60,1,1,0.03488427600007071
s1_1000,S1-949663673,S2,US,selective_v2_compact,0,14,0,1,3,0,7,14,1,10,0.015693846999852212,45,0,7,29,357,283,0.016539916999931847,24,330,306,330,92,1,1,60,4,24,0.03915113100003964
s1_1000,S1-949663673,S3,US,selective_v2_compact,0,14,9,1,0,0,15,5,1,4,0.015166498999860778,45,1,16,10,211,208,0.015773802000012438,26,209,208,234,128,1,1,60,3,26,0.025684089000037602
s1_1000,S1-886830433,S2,US,selective_v2_compact,0,14,1,1,0,0,3,13,0,13,0.008273529000121016,21,1,4,27,447,339,0.008807751999938773,1,398,397,398,101,1,1,60,2,1,0.04119687699994756
s1_1000,S1-886830433,S3,US,selective_v2_compact,0,14,2,1,0,0,3,12,0,12,0.005947346000198195,21,1,4,25,338,224,0.006414114999984122,1,279,278,279,107,1,1,60,2,1,0.020788902000049347
s1_1000,S1-620072179,S2,India,selective_v2_compact,0,14,6,1,1,0,29,8,0,7,0.0064909799998531525,120,6,35,16,235,233,0.008111695000025065,0,233,233,233,96,1,1,60,0,0,0.025516558000049372
s1_1000,S1-620072179,S3,India,selective_v2_compact,0,14,5,1,1,0,26,9,0,8,0.008269307999853481,120,3,29,18,216,209,0.010028669999996964,1,210,209,210,109,1,1,60,1,1,0.020351840999978776
s1_1000,S1-937355747,S2,India,selective_v2_compact,0,14,8,1,2,0,11,6,1,3,0.005445092000172735,45,6,17,13,208,203,0.00603115199999138,0,208,208,208,80,1,1,60,0,0,0.015498261000061575
s1_1000,S1-937355747,S3,India,selective_v2_compact,0,14,0,0,4,0,12,14,5,5,0.023203904999945735,45,3,15,29,152,148,0.023840545999973983,0,152,152,152,66,1,1,60,1,0,0.03565702499997769
s1_1000,S1-130224322,S2,India,selective_v2_compact,0,14,0,0,0,0,30,14,4,10,0.02084189799984415,120,15,45,29,176,138,0.02231909700003598,1,156,155,156,95,1,1,60,2,1,0.033929432000036286
s1_1000,S1-130224322,S3,India,selective_v2_compact,0,14,0,0,1,0,39,14,4,9,0.025597937000270576,120,6,45,29,153,131,0.027019225000003644,0,148,148,148,95,1,1,60,1,0,0.03963709300001028
s1_1000,S1-417827381,S2,US,selective_v2_compact,0,14,7,1,0,0,5,7,0,7,0.01265425799977038,36,0,5,15,322,262,0.013342568999973992,1,304,303,304,116,1,1,60,2,1,0.03191187799995987
s1_1000,S1-417827381,S3,US,selective_v2_compact,0,14,7,1,0,0,5,7,0,7,0.01339060200007225,36,0,5,16,379,290,0.014100347999942642,0,324,324,324,78,1,1,60,1,0,0.03386663399999179
s1_1000,S1-343417294,S2,India,selective_v2_compact,0,14,0,0,0,0,20,14,0,14,0.014049566000039704,78,10,30,29,265,167,0.015016193000064959,5,184,179,184,89,1,1,60,2,5,0.02741988900004344
s1_1000,S1-343417294,S3,India,selective_v2_compact,0,14,0,0,0,0,20,14,2,12,0.017564098000207196,78,3,23,30,268,186,0.018685999000013,16,237,221,237,107,1,1,60,1,16,0.03117267700008597
s1_1000,S1-394632774,S2,India,selective_v2_compact,0,14,1,1,0,0,13,13,0,13,0.011105936000035399,91,28,41,29,355,232,0.012185445999989497,2,295,293,295,94,1,1,60,3,2,0.03247675900001923
s1_1000,S1-394632774,S3,India,selective_v2_compact,0,14,1,1,0,0,20,13,2,11,0.018319958000120096,91,15,35,29,303,202,0.019480496000028324,0,260,260,260,96,1,1,60,2,0,0.03725466400010191
s1_1000,S1-732592724,S2,US,selective_v2_compact,0,14,5,1,5,0,2,9,0,4,0.008394836000093164,36,1,3,18,339,320,0.00919256999998197,0,320,320,320,84,1,1,60,0,0,0.022464882999997826
s1_1000,S1-732592724,S3,US,selective_v2_compact,0,14,0,1,0,0,2,14,3,11,0.011780673000089337,36,1,3,28,224,205,0.012481455000056485,0,205,205,205,92,1,1,60,1,0,0.02092843899993113
s1_1000,S1-580748190,S2,US,selective_v2_compact,0,14,0,1,0,0,1,14,0,14,0.0068128979999073636,21,0,1,28,339,292,0.0073419830000602815,3,295,292,295,104,1,1,60,3,3,0.02544444900001963
s1_1000,S1-580748190,S3,US,selective_v2_compact,0,14,0,1,0,0,1,14,0,14,0.007525543000269863,21,0,1,28,338,306,0.008072835000007217,2,308,306,308,94,1,1,60,2,2,0.03340380000008736
s1_1000,S1-796458434,S2,India,selective_v2_compact,0,14,7,1,0,0,47,7,1,6,0.019735040999989906,120,15,62,14,279,243,0.020916472999942926,1,244,243,244,89,1,1,60,1,1,0.03316044999996848
s1_1000,S1-796458434,S3,India,selective_v2_compact,0,14,8,1,0,0,53,6,0,6,0.019401781000055962,120,6,59,12,320,251,0.02062296199994762,3,254,251,254,85,1,1,60,3,3,0.04079602999991039
s1_1000,S1-765932516,S2,India,selective_v2_compact,0,13,2,1,1,5,3,11,3,7,0.01095730999963962,36,15,18,23,330,296,0.011441072999900825,2,298,296,298,78,1,1,60,2,2,0.03508813899998131
s1_1000,S1-765932516,S3,India,selective_v2_compact,0,13,0,0,1,5,12,13,4,8,0.009830422000050021,36,6,18,27,192,156,0.010239129000069624,0,157,157,157,76,1,1,60,2,0,0.018159784999966178
s1_1000,S1-384400545,S2,India,selective_v2_compact,0,14,8,1,0,0,52,6,0,6,0.006514129999914076,120,21,73,13,367,218,0.007594679000021642,9,297,296,305,101,1,1,60,1,9,0.022671918000014557
s1_1000,S1-384400545,S3,India,selective_v2_compact,0,14,6,1,0,0,47,8,1,7,0.016900610999982746,120,21,68,17,427,298,0.018029563000027338,15,366,366,381,106,1,1,60,0,15,0.041229476000012255
s1_1000,S1-444946012,S2,US,selective_v2_compact,0,14,0,0,0,0,8,14,0,14,0.03449916100021255,28,1,9,29,439,166,0.035042494999970586,4,326,322,326,95,1,1,60,5,4,0.04778690699993149
s1_1000,S1-444946012,S3,US,selective_v2_compact,0,14,0,0,0,0,8,14,0,14,0.03592015799972614,28,1,9,29,435,169,0.036427442999979576,2,346,344,346,103,1,1,60,2,2,0.05182327299996814
s1_1000,S1-835384598,S2,India,selective_v2_compact,0,14,4,1,0,0,37,10,0,10,0.02010361899988311,120,6,43,22,243,208,0.02158255500000905,7,221,214,221,82,1,1,60,2,7,0.03243827100004637
s1_1000,S1-835384598,S3,India,selective_v2_compact,0,14,0,0,1,0,28,14,2,11,0.021392434000176763,120,6,34,31,224,172,0.023093966000033106,6,212,212,218,85,1,1,60,2,6,0.04251241999998001
s1_1000,S1-172646617,S2,India,selective_v2_compact,0,10,5,1,0,7,25,5,0,5,0.011285712000130843,78,36,61,10,230,229,0.011683767000022272,6,229,229,235,117,1,1,60,0,6,0.02568452699995305
s1_1000,S1-172646617,S3,India,selective_v2_compact,0,9,2,1,0,7,26,7,0,7,0.01727079799979947,78,36,62,14,297,283,0.017718705999982376,6,289,283,289,91,1,1,60,1,6,0.045134171999961836
s1_1000,S1-163359447,S2,India,selective_v2_compact,0,14,0,0,0,0,14,14,2,12,0.01457311599995137,45,6,20,30,231,135,0.015119042000037552,7,184,177,184,92,1,1,60,1,7,0.024743062999959875
s1_1000,S1-163359447,S3,India,selective_v2_compact,0,14,6,1,0,0,15,8,1,7,0.017705000000091786,45,3,18,18,352,280,0.018357171999923594,12,324,312,324,89,1,1,60,2,12,0.040126713999939057
s1_1000,S1-707155052,S2,India,selective_v2_compact,0,14,8,1,0,0,22,6,0,6,0.004875662000017655,91,21,43,12,214,207,0.005838928000002852,11,207,207,218,88,1,1,60,2,11,0.016432397000016863
s1_1000,S1-707155052,S3,India,selective_v2_compact,0,14,5,1,0,0,27,9,2,7,0.014104204000091158,91,10,37,18,233,207,0.015157885999997234,13,220,207,220,91,1,1,60,2,13,0.025111088000016935
s1_1000,S1-967576249,S2,India,selective_v2_compact,0,14,0,0,3,0,18,14,1,10,0.022985892000178865,91,15,33,30,211,189,0.024186965000012606,4,194,190,194,90,1,1,60,1,4,0.037720588000070165
s1_1000,S1-967576249,S3,India,selective_v2_compact,0,14,6,1,0,0,20,8,0,8,0.010569210999960887,91,10,30,18,221,204,0.011754544000041278,6,208,207,213,82,1,1,60,1,6,0.024085617000082493
s1_1000,S1-383924373,S2,US,selective_v2_compact,0,10,0,0,2,0,5,10,0,8,0.014063676000091618,15,0,5,20,202,191,0.01434592500004328,0,191,191,191,82,1,1,60,2,0,0.024083173000008173
s1_1000,S1-383924373,S3,US,selective_v2_compact,0,10,1,1,1,0,5,9,0,8,0.014774686000123438,15,0,5,18,233,219,0.01507859000003009,0,219,219,219,85,1,1,60,2,0,0.024800073999927008
s1_1000,S1-145192696,S2,US,selective_v2_compact,0,14,0,0,3,0,2,14,0,11,0.016513400000121692,21,0,2,28,185,180,0.01694545999998809,0,180,180,180,94,1,1,60,0,0,0.027825435999943693
s1_1000,S1-145192696,S3,US,selective_v2_compact,0,14,0,0,0,0,2,14,0,14,0.018007875999842327,21,0,2,28,224,196,0.01846018800006277,0,196,196,196,100,1,1,60,5,0,0.027899504999936653
s1_1000,S1-120113863,S2,US,selective_v2_compact,0,13,6,1,0,3,9,7,1,6,0.022169339000015498,28,3,12,14,234,231,0.022579665999955978,0,231,231,231,119,1,1,60,1,0,0.03172404299994014
s1_1000,S1-120113863,S3,US,selective_v2_compact,0,13,8,1,1,3,9,5,0,4,0.013133541999877707,28,3,12,10,223,201,0.01351718700004767,2,202,201,203,77,1,1,60,1,2,0.021810742999946342
s1_1000,S1-579296771,S2,India,selective_v2_compact,0,14,8,1,0,0,27,6,0,6,0.01912801900004979,66,10,37,12,290,282,0.019784416999982568,2,284,282,284,96,1,1,60,1,2,0.04833216400004403
s1_1000,S1-579296771,S3,India,selective_v2_compact,0,14,10,1,1,0,28,4,0,3,0.012045876999877692,66,6,34,8,246,246,0.01278201499997067,3,246,246,249,97,1,1,60,0,3,0.024351756999976715
s1_1000,S1-76600144,S2,US,selective_v2_compact,0,14,6,1,0,0,13,8,1,7,0.007133998000199426,45,6,19,17,289,213,0.007808130000057645,1,269,268,269,116,1,1,60,2,1,0.01832979499999965
s1_1000,S1-76600144,S3,US,selective_v2_compact,0,14,5,1,0,0,11,9,1,8,0.01736992200005716,45,10,21,19,274,201,0.017910509999978785,1,252,251,252,118,1,1,60,1,1,0.03199424300009923
s1_1000,S1-262956530,S2,US,selective_v2_compact,0,14,0,0,1,0,2,14,0,13,0.01595936100011386,21,0,2,28,177,164,0.016392335999967145,1,165,164,165,92,1,1,60,1,1,0.029884154000001217
s1_1000,S1-262956530,S3,US,selective_v2_compact,0,14,0,0,0,0,2,14,0,14,0.017333605999965584,21,0,2,28,197,181,0.017785321000019394,0,181,181,181,90,1,1,60,2,0,0.03258092399994439
s1_1000,S1-289224987,S2,India,selective_v2_compact,0,14,0,0,0,0,21,14,2,12,0.021135232000233373,78,6,27,30,296,151,0.022188454999991336,2,209,207,209,92,1,1,60,3,2,0.03575855600001887
s1_1000,S1-289224987,S3,India,selective_v2_compact,0,14,2,1,0,0,22,12,0,12,0.022377211999810243,78,3,25,26,385,292,0.023520755000049576,0,339,339,339,110,1,1,60,1,0,0.049694060999968315
s1_1000,S1-434671027,S2,India,selective_v2_compact,0,14,8,1,1,0,36,6,0,5,0.013148858000022301,120,3,39,12,201,201,0.014672137999923507,0,201,201,201,89,1,1,60,1,0,0.02654481600006875
s1_1000,S1-434671027,S3,India,selective_v2_compact,0,14,9,1,0,0,34,5,0,5,0.0104752180000105,120,1,35,10,221,220,0.012074456000050304,0,220,220,220,79,1,1,60,1,0,0.022430824000025495
s1_1000,S1-874587325,S2,US,selective_v2_compact,0,14,7,1,1,0,15,7,1,5,0.01960846999986643,45,1,16,14,263,258,0.02024435500004529,0,258,258,258,116,1,1,60,1,0,0.03898375300002499
s1_1000,S1-874587325,S3,US,selective_v2_compact,0,14,5,1,0,0,15,9,1,8,0.025164310000036494,45,1,16,18,371,295,0.025845632000027763,2,297,295,297,110,1,1,60,4,2,0.04554354399999738
s1_1000,S1-386790184,S2,US,selective_v2_compact,0,14,0,0,0,0,0,14,0,14,0.012335954000150195,15,0,0,28,112,68,0.01270708000004106,4,72,68,72,62,1,1,60,3,4,0.01679941300005794
s1_1000,S1-386790184,S3,US,selective_v2_compact,0,14,0,0,0,0,0,14,0,14,0.013703064999845083,15,0,0,28,88,60,0.014012799999932213,0,60,60,60,60,1,0,60,1,0,0.016768901999967056
s1_1000,S1-309029909,S2,India,selective_v2_compact,0,14,5,1,0,7,35,9,0,9,0.01639110200005689,78,15,50,19,259,222,0.017041713000025993,2,243,241,243,82,1,1,60,3,2,0.030776601000070514
s1_1000,S1-309029909,S3,India,selective_v2_compact,0,14,8,1,1,0,38,6,0,5,0.01800470500006668,78,6,44,13,253,229,0.018752575999997134,4,248,248,252,75,1,1,60,1,4,0.030749589000038213
s1_1000,S1-402701678,S2,US,selective_v2_compact,0,14,1,1,0,0,4,13,1,12,0.037672195999903124,21,0,4,26,265,237,0.03811979300007806,0,237,237,237,81,1,1,60,0,0,0.05258328399997936
s1_1000,S1-402701678,S3,US,selective_v2_compact,0,14,2,1,1,0,4,12,1,10,0.030184434000034344,21,0,4,24,211,200,0.03060120800000732,2,202,200,202,86,1,1,60,0,2,0.04134488699992289
s1_1000,S1-820304545,S2,India,selective_v2_compact,0,14,6,1,0,0,45,8,2,6,0.02215962700017826,78,15,60,16,324,299,0.02264180800000304,4,303,299,303,103,1,1,60,1,4,0.04583562000004804
s1_1000,S1-820304545,S3,India,selective_v2_compact,0,14,10,1,0,0,47,4,0,4,0.01769366900020941,78,6,53,8,207,207,0.018234903000006852,11,207,207,218,111,1,1,60,3,11,0.02848019399993973
s1_1000,S1-319446504,S2,US,selective_v2_compact,0,9,0,0,1,0,1,9,0,8,0.005669909999937772,10,0,1,18,200,195,0.005928606999987096,1,196,195,196,78,1,1,60,1,1,0.013606596000045101
s1_1000,S1-319446504,S3,US,selective_v2_compact,0,9,4,1,0,0,1,5,0,5,0.0044433580000031725,10,0,1,10,221,212,0.00471380599992699,1,213,212,213,77,1,1,60,4,1,0.013302098000053775
s1_1000,S1-602660812,S2,India,selective_v2_compact,0,14,3,1,5,0,6,11,1,5,0.008537686999716243,55,1,7,24,313,221,0.009526929000003292,0,248,248,248,79,1,1,60,1,0,0.027830852999954914
s1_1000,S1-602660812,S3,India,selective_v2_compact,0,14,4,1,1,0,6,10,0,9,0.006560778999869399,66,1,7,23,328,225,0.0077201789999890025,2,250,248,250,79,1,1,60,0,2,0.01933085299992854
s1_1000,S1-838816755,S2,US,selective_v2_compact,0,14,0,1,1,0,12,14,3,10,0.022552733000111402,45,6,18,28,257,226,0.023183315999972365,20,226,226,246,108,1,1,60,0,20,0.03649420099998224
s1_1000,S1-838816755,S3,US,selective_v2_compact,0,14,4,1,1,0,13,10,1,8,0.014322530999834271,45,6,19,20,282,271,0.014928512000096816,18,271,271,289,105,1,1,60,0,18,0.026664266000011594
s1_1000,S1-635610218,S2,US,selective_v2_compact,0,14,1,1,0,0,9,13,2,11,0.03576289299974178,28,0,9,26,240,207,0.03625055899999552,5,212,207,212,111,1,1,60,3,5,0.047122242999989794
s1_1000,S1-635610218,S3,US,selective_v2_compact,0,14,5,1,0,0,8,9,1,8,0.030591039999990244,28,1,9,18,239,207,0.031070171000010305,5,212,207,212,113,1,1,60,1,5,0.03972348700006023
s1_1000,S1-318608060,S2,India,selective_v2_compact,0,14,8,1,0,0,11,6,0,6,0.005992061000142712,45,3,14,12,339,327,0.00671471099997234,2,329,327,329,115,1,1,60,3,2,0.02925595599992903
s1_1000,S1-318608060,S3,India,selective_v2_compact,0,14,4,1,3,0,12,10,1,6,0.013181267999925694,45,1,13,21,268,210,0.013853526999923815,1,249,248,249,119,1,1,60,0,1,0.025289346000022306
s1_1000,S1-68824362,S2,India,selective_v2_compact,0,14,0,1,0,0,23,14,0,14,0.011549454999794762,91,15,38,30,282,214,0.012625372000002244,1,237,236,237,97,1,1,60,2,1,0.02832548300000326
s1_1000,S1-68824362,S3,India,selective_v2_compact,0,14,0,0,0,0,28,14,2,12,0.011710217999734596,91,6,34,30,128,86,0.012828373000047577,0,101,101,101,87,1,1,60,2,0,0.020048573000053693
s1_1000,S1-627898987,S2,India,selective_v2_compact,0,14,6,1,0,0,13,8,0,8,0.006976626999971813,55,3,16,16,271,225,0.007830248000004758,0,225,225,225,94,1,1,60,0,0,0.022631758999978047
s1_1000,S1-627898987,S3,India,selective_v2_compact,0,14,7,1,0,0,12,7,0,7,0.009994030000029852,55,1,13,14,309,263,0.0108629789999668,2,265,263,265,96,1,1,60,4,2,0.022935385999971913
s1_1000,S1-873224394,S2,US,selective_v2_compact,0,14,0,0,9,0,0,14,0,5,0.010857745000066643,28,0,0,29,184,70,0.011468597999964913,0,156,156,156,82,1,1,60,1,0,0.022049112999980025
s1_1000,S1-873224394,S3,US,selective_v2_compact,0,14,2,1,0,0,2,12,1,11,0.01669489100015653,28,0,2,25,413,223,0.017328190999933213,1,350,349,350,115,1,1,60,2,1,0.03316826900004344
s1_1000,S1-528038666,S2,US,selective_v2_compact,0,14,8,1,4,0,3,6,0,2,0.011882629000069755,55,0,3,16,507,256,0.01299969800004419,1,483,482,483,102,1,1,60,0,1,0.0316623690000597
s1_1000,S1-528038666,S3,US,selective_v2_compact,0,14,8,1,1,0,8,6,0,5,0.012638692999985324,55,1,9,16,604,257,0.013641910000046664,1,485,484,485,98,1,1,60,1,1,0.033034955999937665
s1_1000,S1-993276054,S2,US,selective_v2_compact,0,14,0,0,3,0,2,14,1,10,0.0062161809996723605,21,1,3,30,274,149,0.006700236000028781,0,239,239,239,111,1,1,60,0,0,0.021652493999908984
s1_1000,S1-993276054,S3,US,selective_v2_compact,0,14,1,1,6,0,3,13,0,7,0.0054224619998421986,21,1,4,28,348,201,0.005864104000011139,0,321,321,321,104,1,1,60,0,0,0.02181694199998674
s1_1000,S1-625355978,S2,India,selective_v2_compact,0,14,2,1,0,0,36,12,2,10,0.023028838000072938,120,15,51,24,229,206,0.024447732999988148,1,207,206,207,75,1,1,60,2,1,0.0354773760000171
s1_1000,S1-625355978,S3,India,selective_v2_compact,0,14,4,1,0,0,42,10,0,10,0.012650947000111046,120,6,48,20,218,204,0.014078240999992886,0,204,204,204,77,1,1,60,1,0,0.024298960000010084
s1_1000,S1-411428383,S2,India,selective_v2_compact,0,14,6,1,0,0,45,8,0,8,0.020409259999951246,120,15,60,17,306,290,0.021668487000056302,0,295,295,295,111,1,1,60,1,0,0.04160251200005405
s1_1000,S1-411428383,S3,India,selective_v2_compact,0,14,8,1,0,0,52,6,0,6,0.01914534300010473,120,10,62,13,237,225,0.020278077999932975,1,233,232,233,110,1,1,60,1,1,0.03123053300009815
s1_1000,S1-877756741,S2,US,selective_v2_compact,0,14,9,1,2,0,3,5,0,3,0.005100137999988874,28,1,4,10,206,203,0.005641681999918546,1,204,203,204,80,1,1,60,2,1,0.01374769100004869
s1_1000,S1-877756741,S3,US,selective_v2_compact,0,14,6,1,0,0,4,8,0,8,0.007530746999918847,28,3,7,16,243,216,0.008033562999912647,1,217,216,217,83,1,1,60,3,1,0.019965718999969795
s1_1000,S1-264105075,S2,India,selective_v2_compact,0,14,3,1,0,0,36,11,0,11,0.020612098999890804,78,6,42,23,303,248,0.021405958999935137,2,278,276,278,109,1,1,60,1,2,0.04095068300000548
s1_1000,S1-264105075,S3,India,selective_v2_compact,0,14,7,1,0,0,30,7,0,7,0.018552436000163652,78,1,31,15,327,267,0.019525872999906824,1,305,304,305,88,1,1,60,3,1,0.037215524999965055
s1_1000,S1-364343116,S2,US,selective_v2_compact,0,14,8,1,1,0,1,6,0,5,0.009038174000124855,28,1,2,13,478,239,0.009660417999953097,1,471,470,471,105,1,1,60,2,1,0.028504517999976997
s1_1000,S1-364343116,S3,US,selective_v2_compact,0,14,4,1,1,0,3,10,0,9,0.00818459200002053,28,3,6,21,534,262,0.008788506000087182,0,511,511,511,116,1,1,60,1,0,0.03366604300003928
s1_1000,S1-708919835,S2,US,selective_v2_compact,0,14,0,0,3,0,11,14,2,9,0.014211933999945359,45,1,12,28,160,148,0.01489884299996902,3,148,148,151,98,1,1,60,3,3,0.02546171599999525
s1_1000,S1-708919835,S3,US,selective_v2_compact,0,14,4,1,0,0,15,10,2,8,0.017122578999988036,45,3,18,20,235,202,0.01774530499994853,3,205,202,205,89,1,1,60,5,3,0.028137866999941252
s1_1000,S1-424278368,S2,India,selective_v2_compact,0,14,0,0,0,0,16,14,1,13,0.012018345000228692,120,6,22,31,316,160,0.013930344000073092,1,225,224,225,104,1,1,60,1,1,0.028180989000020418
s1_1000,S1-424278368,S3,India,selective_v2_compact,0,14,0,0,0,0,15,14,1,13,0.013489505000052304,120,3,18,31,297,182,0.015458606000038344,2,238,236,238,92,1,1,60,2,2,0.02917982500002836
s1_1000,S1-350140550,S2,India,selective_v2_compact,0,14,0,0,4,0,15,14,1,9,0.00803504799989696,55,6,21,31,199,152,0.008712301000059597,8,182,174,182,104,1,1,60,1,8,0.01751153999998678
s1_1000,S1-350140550,S3,India,selective_v2_compact,0,14,7,1,1,0,13,7,1,5,0.01410783799985893,45,1,14,16,242,212,0.01477768899997045,15,231,231,246,97,1,1,60,1,15,0.025987339000039356
s1_1000,S1-224156764,S2,US,selective_v2_compact,0,14,2,1,0,1,5,12,1,11,0.03275813899995228,21,0,5,24,238,212,0.03316983100000925,1,213,212,213,85,1,1,60,2,1,0.044251534000068204
s1_1000,S1-224156764,S3,US,selective_v2_compact,0,14,0,1,0,1,5,14,1,13,0.0368886730000213,21,0,5,28,224,206,0.03731318299992381,0,206,206,206,86,1,1,60,1,0,0.05206949999990229
s1_1000,S1-991758781,S2,India,selective_v2_compact,0,14,0,1,0,0,8,14,2,12,0.016754058999936206,45,10,18,31,352,264,0.01741251500004637,12,299,287,299,103,1,1,60,2,12,0.03737285299996529
s1_1000,S1-991758781,S3,India,selective_v2_compact,0,14,0,0,0,4,10,14,1,13,0.01608420200011551,45,10,20,31,262,182,0.016673145000027034,35,199,197,232,111,1,1,60,2,35,0.027600032999998803
s1_1000,S1-253152547,S2,US,selective_v2_compact,0,14,4,1,3,0,8,10,0,7,0.01478493000013259,36,1,9,22,244,213,0.015387868999937382,0,220,220,220,80,1,1,60,0,0,0.02413444100000106
s1_1000,S1-253152547,S3,US,selective_v2_compact,0,14,4,1,3,0,8,10,0,7,0.015437193999900956,36,1,9,22,244,202,0.01603312800000367,1,208,207,208,77,1,1,60,2,1,0.024417482999979256
s1_1000,S1-349078782,S2,US,selective_v2_compact,0,14,1,1,4,0,2,13,0,9,0.025427764000141906,28,0,2,26,222,219,0.025999028999990514,0,219,219,219,86,1,1,60,0,0,0.05843458900005771
s1_1000,S1-349078782,S3,US,selective_v2_compact,0,14,1,1,1,0,2,13,0,12,0.027664289999847824,28,0,2,26,217,209,0.02823068999998668,0,209,209,209,87,1,1,60,0,0,0.0420326449999493
s1_1000,S1-755451588,S2,US,selective_v2_compact,0,14,0,0,3,0,5,14,0,11,0.025103407999495175,45,0,5,29,132,99,0.025882200000069133,1,114,113,114,68,1,1,60,5,1,0.03385827500005689
s1_1000,S1-755451588,S3,US,selective_v2_compact,0,14,5,1,0,0,10,9,1,8,0.02457223699991573,45,1,11,19,245,210,0.025292022000030556,1,224,223,224,77,1,1,60,5,1,0.03689326999995046
s1_1000,S1-253496965,S2,India,selective_v2_compact,0,14,3,1,0,0,11,11,2,9,0.009315587999935815,55,6,17,24,322,247,0.010179597999922407,1,281,280,281,103,1,1,60,1,1,0.03434167099999286
s1_1000,S1-253496965,S3,India,selective_v2_compact,0,14,5,1,0,0,13,9,2,7,0.006311514000117313,55,1,14,20,299,263,0.007168932000013228,1,289,288,289,118,1,1,60,1,1,0.027505456999961098
s1_1000,S1-586543605,S2,India,selective_v2_compact,0,13,7,1,0,2,25,6,0,6,0.012342537000108678,55,15,40,12,267,249,0.01274875699994027,8,257,249,257,100,1,1,60,2,8,0.02438322299997253
s1_1000,S1-586543605,S3,India,selective_v2_compact,0,14,9,1,0,0,28,5,1,4,0.01285750600004576,55,6,34,10,254,242,0.013354586999980711,11,253,242,253,117,1,1,60,1,11,0.025038440000002993
s1_1000,S1-309328944,S2,US,selective_v2_compact,0,14,9,1,0,0,1,5,0,5,0.003990840000028584,21,1,2,11,325,256,0.0044504910000569,7,303,296,303,117,1,1,60,1,7,0.016449590999968677
s1_1000,S1-309328944,S3,US,selective_v2_compact,0,14,6,1,0,0,1,8,1,7,0.005812614000092253,21,1,2,16,271,233,0.006270481000001382,9,242,233,242,97,1,1,60,3,9,0.020094816999971954
s1_1000,S1-877771962,S2,US,selective_v2_compact,0,14,9,1,1,0,6,5,0,4,0.013507844999935514,28,1,7,10,257,257,0.01399256799993509,0,257,257,257,80,1,1,60,0,0,0.024243525000088084
s1_1000,S1-877771962,S3,US,selective_v2_compact,0,14,5,1,1,0,6,9,1,7,0.017110101999946892,28,1,7,18,211,207,0.017612224000004062,0,207,207,207,85,1,1,60,2,0,0.025950547999968876
s1_1000,S1-881400809,S2,US,selective_v2_compact,0,12,0,0,0,0,2,12,0,12,0.00145783699963431,15,1,3,27,128,78,0.001744432999998935,3,88,85,88,65,1,1,60,3,3,0.005466613999942638
s1_1000,S1-881400809,S3,US,selective_v2_compact,0,12,0,0,0,0,2,12,0,12,0.0016113749999249194,15,1,3,27,139,74,0.0018746530000726125,1,86,85,86,73,1,1,60,3,1,0.005610856999965108
s1_1000,S1-252959475,S2,India,selective_v2_compact,0,14,0,0,4,0,4,14,3,7,0.011300241000412825,36,1,5,29,276,193,0.011981100999946648,0,229,229,229,99,1,1,60,0,0,0.027364808000015728
s1_1000,S1-252959475,S3,India,selective_v2_compact,0,14,0,0,2,0,4,14,2,10,0.011857336000048235,36,0,4,29,211,168,0.01254273999995803,0,194,194,194,91,1,1,60,0,0,0.02238249899994571
s1_1000,S1-106566816,S2,US,selective_v2_compact,0,14,4,1,0,2,10,10,2,8,0.024358005999829402,28,0,10,21,430,251,0.024857475999965573,7,384,377,384,110,1,1,60,2,7,0.048834545999966394
s1_1000,S1-106566816,S3,US,selective_v2_compact,0,14,4,1,2,2,10,10,2,6,0.025638635999939652,28,0,10,21,454,264,0.026134852999916802,7,404,397,404,102,1,1,60,2,7,0.053906826000002184
s1_1000,S1-657748914,S2,India,selective_v2_compact,0,14,0,0,0,0,20,14,0,14,0.020299911999927645,120,1,21,32,230,116,0.022192496999991818,3,168,165,168,74,1,1,60,3,3,0.03547118500000579
s1_1000,S1-657748914,S3,India,selective_v2_compact,0,14,0,0,0,0,15,14,0,14,0.010407886000052713,120,1,16,32,297,193,0.012492439000084232,1,261,260,261,77,1,1,60,3,1,0.032672388000037245
s1_1000,S1-452747502,S2,US,selective_v2_compact,0,14,1,1,0,0,1,13,1,12,0.013168859999950655,15,0,1,27,328,242,0.013576597999986006,49,296,247,296,88,1,1,60,2,44,0.027574849999950857
s1_1000,S1-452747502,S3,US,selective_v2_compact,0,12,0,0,0,0,3,12,0,12,0.009581757999740148,15,0,3,25,242,156,0.009899905999986913,49,211,162,211,80,1,1,60,2,41,0.018328246999999465
s1_1000,S1-339021665,S2,India,selective_v2_compact,0,11,6,1,1,14,43,5,0,4,0.018108569999981228,78,10,53,11,273,265,0.01861654100002852,0,269,269,269,119,1,1,60,0,0,0.035675627999921744
s1_1000,S1-339021665,S3,India,selective_v2_compact,0,14,8,1,2,7,47,6,0,4,0.025034274999939043,78,3,50,13,247,244,0.02564644300002783,0,247,247,247,102,1,1,60,0,0,0.037529736000010416
s1_1000,S1-927465777,S2,US,selective_v2_compact,0,14,2,1,2,0,7,12,0,10,0.011601790000099754,36,3,10,25,253,235,0.012228714999992008,2,238,236,238,75,1,1,60,2,2,0.03339654499995959
s1_1000,S1-927465777,S3,US,selective_v2_compact,0,14,2,1,2,0,9,12,2,8,0.014683621999893148,36,6,15,25,289,278,0.01527881399999842,0,279,279,279,78,1,1,60,2,0,0.0330420210000284
s1_1000,S1-275292755,S2,India,selective_v2_compact,0,14,6,1,0,0,16,8,0,8,0.01254794299995865,78,10,26,18,327,222,0.01361023800006933,0,289,289,289,118,1,1,60,1,0,0.027851479999981166
s1_1000,S1-275292755,S3,India,selective_v2_compact,0,14,4,1,0,0,16,10,1,9,0.019346402000110174,78,6,22,21,321,276,0.02046797399998468,1,305,304,305,116,1,1,60,1,1,0.041089471999953275
s1_1000,S1-870147511,S2,India,selective_v2_compact,0,14,3,1,0,0,26,11,0,11,0.014288641000007374,120,3,29,22,269,236,0.016044546999978593,0,236,236,236,76,1,1,60,3,0,0.03446377700004177
s1_1000,S1-870147511,S3,India,selective_v2_compact,0,14,5,1,0,0,22,9,0,9,0.01784531800001332,120,0,22,19,341,295,0.019756191999931616,0,327,327,327,79,1,1,60,0,0,0.04622449199996481
s1_1000,S1-666016256,S2,US,selective_v2_compact,0,14,0,0,2,0,6,14,1,11,0.012626646999819968,28,0,6,29,168,58,0.013104355999985273,2,136,134,136,100,1,1,60,1,2,0.019525761000068087
s1_1000,S1-666016256,S3,US,selective_v2_compact,0,14,0,0,0,0,6,14,1,13,0.014192229000059342,28,0,6,29,181,63,0.014652006000005713,5,131,126,131,106,1,1,60,4,5,0.02275375500005339
s1_1000,S1-310651038,S2,US,selective_v2_compact,0,14,0,1,0,0,5,14,2,12,0.021967836000271745,45,1,6,29,280,223,0.022797927000056006,1,266,265,266,118,1,1,60,1,1,0.03637959200000296
s1_1000,S1-310651038,S3,US,selective_v2_compact,0,14,3,1,2,0,6,11,0,9,0.020722017999901254,45,1,7,23,394,321,0.021568775000105234,1,378,377,378,116,1,1,60,2,1,0.05033488499998384
s1_1000,S1-133609565,S2,India,selective_v2_compact,0,14,3,1,0,0,20,11,0,11,0.01505603800001154,66,6,26,23,266,204,0.0159951830000864,8,241,233,241,79,1,1,60,3,8,0.030050601999960236
s1_1000,S1-133609565,S3,India,selective_v2_compact,0,14,2,1,0,0,19,12,0,12,0.026639808000027188,66,3,22,25,349,254,0.027611644999979035,11,284,283,294,103,1,1,60,2,11,0.04989434200001597
s1_1000,S1-538988615,S2,US,selective_v2_compact,0,14,3,1,3,1,5,11,1,7,0.020831033999911597,21,0,5,23,284,235,0.02129480999997213,0,279,279,279,90,1,1,60,0,0,0.0384795900000654
s1_1000,S1-538988615,S3,US,selective_v2_compact,0,11,0,0,0,2,7,11,1,10,0.010041319999913867,21,1,8,23,155,84,0.010345146000076966,0,130,130,130,79,1,1,60,1,0,0.01608245399995667
s1_1000,S1-521533478,S2,US,selective_v2_compact,0,13,0,0,0,2,5,13,2,11,0.008749385999749393,21,1,6,27,119,92,0.00907675099995231,0,103,103,103,73,1,1,60,1,0,0.014105102000030456
s1_1000,S1-521533478,S3,US,selective_v2_compact,0,13,0,0,2,1,6,13,1,10,0.008083453999915946,21,1,7,27,148,109,0.008402116000070237,1,128,127,128,73,1,1,60,3,1,0.013788091999913377
s1_1000,S1-979640757,S2,US,selective_v2_compact,0,14,0,0,4,0,2,14,0,10,0.019221672000185208,21,0,2,29,255,185,0.01967146199990566,0,243,243,243,114,1,1,60,1,0,0.02908065400004034
s1_1000,S1-979640757,S3,US,selective_v2_compact,0,13,0,0,3,2,6,13,1,9,0.19820962700021028,21,0,6,27,185,92,0.19861824999998134,0,173,173,173,107,1,1,60,2,0,0.20996971099998518
s1_1000,S1-237040891,S2,India,selective_v2_compact,0,14,0,0,0,0,33,14,1,13,0.019047989000000598,105,21,54,29,144,110,0.020098752000080822,1,119,118,119,89,1,1,60,1,1,0.027913311000020258
s1_1000,S1-237040891,S3,India,selective_v2_compact,0,14,0,0,0,0,34,14,0,14,0.05368968100015081,105,21,55,29,142,94,0.05470344100001512,1,104,103,104,65,1,1,60,3,1,0.0625526889999719
s1_1000,S1-285122739,S2,US,selective_v2_compact,0,14,3,1,0,0,7,11,1,10,0.008107599000140908,36,1,8,22,307,299,0.00883474300007947,1,300,299,300,95,1,1,60,1,1,0.02826495800002249
s1_1000,S1-285122739,S3,US,selective_v2_compact,0,14,0,0,1,0,7,14,2,11,0.027479645999960667,36,1,8,28,217,197,0.02812704300004043,1,198,197,198,87,1,1,60,2,1,0.04167155599998296
s1_1000,S1-608905216,S2,US,selective_v2_compact,0,14,10,1,0,1,11,4,0,4,0.011893681999936234,28,1,12,8,273,268,0.012302354999974341,0,268,268,268,78,1,1,60,2,0,0.022630933999948866
s1_1000,S1-608905216,S3,US,selective_v2_compact,0,14,5,1,0,0,11,9,1,8,0.030074021000018547,28,1,12,18,265,263,0.0305183149999948,0,263,263,263,95,1,1,60,2,0,0.04103297399990424
s1_1000,S1-251563500,S2,India,selective_v2_compact,0,14,3,1,3,0,7,11,1,7,0.008930879000104142,55,0,7,24,237,219,0.009886296000104267,0,228,228,228,117,1,1,60,0,0,0.02602265799998804
s1_1000,S1-251563500,S3,India,selective_v2_compact,0,14,0,0,3,0,7,14,1,10,0.014797805999819502,55,0,7,30,155,131,0.01573633299994981,0,144,144,144,78,1,1,60,1,0,0.02237048099993899
s1_1000,S1-708368208,S2,US,selective_v2_compact,0,14,6,1,0,0,3,8,1,7,0.016408612000077483,21,0,3,17,240,201,0.016844405000028928,2,218,216,218,109,1,1,60,4,2,0.025435066000000006
s1_1000,S1-708368208,S3,US,selective_v2_compact,0,14,6,1,0,0,3,8,1,7,0.017265517000055297,21,0,3,17,245,218,0.017709608000018306,3,227,224,227,112,1,1,60,3,3,0.02675186900000881
s1_1000,S1-728715860,S2,US,selective_v2_compact,0,14,4,1,3,0,4,10,0,7,0.009153304000051321,36,1,5,20,234,229,0.009841614000038135,1,230,229,230,87,1,1,60,1,1,0.02532556299991029
s1_1000,S1-728715860,S3,US,selective_v2_compact,0,14,8,1,0,0,5,6,0,6,0.007507779999855302,36,3,8,12,273,258,0.008127499000011085,2,260,258,260,90,1,1,60,2,2,0.025234664999970846
s1_1000,S1-728437419,S2,India,selective_v2_compact,0,14,0,0,3,1,23,14,1,10,0.018407661000082953,45,6,29,28,127,124,0.018798222999976133,0,124,124,124,68,1,1,60,0,0,0.02554894900004001
s1_1000,S1-728437419,S3,India,selective_v2_compact,0,14,9,1,1,0,19,5,0,4,0.010808324999857177,45,3,22,10,228,227,0.011313329000017802,0,227,227,227,104,1,1,60,1,0,0.02183073499998045
s1_1000,S1-94056942,S2,US,selective_v2_compact,0,14,0,1,0,0,11,14,2,12,0.01943238699959693,45,3,14,29,416,204,0.020144684999991114,1,365,364,365,106,1,1,60,1,1,0.03838978699991458
s1_1000,S1-94056942,S3,US,selective_v2_compact,0,14,0,1,0,0,11,14,2,12,0.02069499999981872,45,3,14,29,446,223,0.02143193799997789,1,385,384,385,100,1,1,60,1,1,0.041949391000002834
s1_1000,S1-626087188,S2,US,selective_v2_compact,0,14,8,1,0,0,7,6,0,6,0.013767301000029875,28,1,8,12,272,265,0.01430887599997277,64,267,265,329,157,1,1,60,1,44,0.03492279900001449
s1_1000,S1-626087188,S3,US,selective_v2_compact,0,13,3,1,0,4,8,10,1,9,0.014124422000008963,28,3,11,20,247,211,0.014565027999992708,56,216,211,267,131,1,1,60,3,46,0.0290363139999954
s1_1000,S1-982554289,S2,India,selective_v2_compact,0,14,6,1,0,0,27,8,3,5,0.030971620999821425,66,6,33,16,222,215,0.031678942999974424,2,217,215,217,117,1,1,60,3,2,0.04417697299993506
s1_1000,S1-982554289,S3,India,selective_v2_compact,0,14,7,1,1,0,27,7,1,5,0.01741742600006546,66,3,30,14,219,213,0.018166124000003947,3,216,213,216,107,1,1,60,1,3,0.029190352999989955
s1_1000,S1-650945498,S2,US,selective_v2_compact,0,14,2,1,1,0,6,12,0,11,0.011530064000112361,28,1,7,24,229,207,0.012026310999999623,2,209,207,209,79,1,1,60,2,2,0.022901701000023422
s1_1000,S1-650945498,S3,US,selective_v2_compact,0,14,5,1,2,0,6,9,0,7,0.009985600999925737,28,1,7,18,222,222,0.010443993999956547,0,222,222,222,83,1,1,60,0,0,0.019140059000051224
s1_1000,S1-223141947,S2,US,selective_v2_compact,0,14,6,1,2,0,3,8,0,6,0.009129102000088096,21,0,3,16,235,231,0.009577966000051674,0,231,231,231,78,1,1,60,1,0,0.01834227799997734
s1_1000,S1-223141947,S3,US,selective_v2_compact,0,14,6,1,2,0,4,8,0,6,0.00869648299999426,21,0,4,16,275,273,0.009133003999977518,0,273,273,273,87,1,1,60,1,0,0.0292076130000396
s1_1000,S1-939186499,S2,US,selective_v2_compact,0,13,0,0,0,0,2,13,1,12,0.011604282000121202,15,0,2,26,137,125,0.011912797999912073,1,126,125,126,78,1,1,60,1,1,0.01922223600001871
s1_1000,S1-939186499,S3,US,selective_v2_compact,0,13,0,0,0,0,2,13,1,12,0.013978710999936084,15,0,2,26,188,167,0.01431246499998906,1,168,167,168,79,1,1,60,2,1,0.026847083000006933
s1_1000,S1-717657945,S2,US,selective_v2_compact,0,14,6,1,1,1,3,8,0,7,0.020760545999792157,21,0,3,17,340,241,0.02121306500009723,0,310,310,310,102,1,1,60,1,0,0.033143529999961174
s1_1000,S1-717657945,S3,US,selective_v2_compact,0,14,6,1,0,1,3,8,0,8,0.022350232000349024,21,0,3,17,333,227,0.022797153000055914,0,299,299,299,98,1,1,60,2,0,0.03444660800005295
s1_1000,S1-229514919,S2,US,selective_v2_compact,0,14,7,1,0,0,6,7,1,6,0.019174195000118743,28,0,6,14,257,250,0.019669165999971483,0,250,250,250,86,1,1,60,1,0,0.029503745999932107
s1_1000,S1-229514919,S3,US,selective_v2_compact,0,14,2,1,0,0,11,12,1,11,0.03207715799987909,28,1,12,24,336,323,0.03253070200003094,0,323,323,323,107,1,1,60,1,0,0.052536238000016056
s1_1000,S1-175958937,S2,India,selective_v2_compact,0,14,6,1,1,0,22,8,0,7,0.015305745999967257,55,6,28,16,239,224,0.015908526999965034,3,227,224,227,102,1,1,60,0,3,0.02941203399996084
s1_1000,S1-175958937,S3,India,selective_v2_compact,0,14,5,1,0,0,19,9,2,7,0.014555497999936051,55,3,22,18,226,212,0.015248902000053022,7,219,212,219,109,1,1,60,0,7,0.02524807800000417
s1_1000,S1-408524377,S2,India,selective_v2_compact,0,14,4,1,0,0,19,10,0,10,0.00763495800003966,78,10,29,21,312,215,0.008655330999999933,5,233,228,233,95,1,1,60,1,5,0.023609426999996685
s1_1000,S1-408524377,S3,India,selective_v2_compact,0,14,2,1,1,0,21,12,0,11,0.014122111000006043,78,6,27,25,334,251,0.015236830999924678,13,277,264,277,87,1,1,60,2,13,0.03344622600002367
s1_1000,S1-556310487,S2,US,selective_v2_compact,0,14,0,0,2,0,0,14,2,10,0.012503448000188655,15,0,0,28,84,79,0.012838693000048806,0,79,79,79,71,1,1,60,1,0,0.017231385000059163
s1_1000,S1-556310487,S3,US,selective_v2_compact,0,14,0,0,3,0,1,14,1,10,0.010968907000005856,15,0,1,28,134,124,0.011336044000017864,1,125,124,125,79,1,1,60,1,1,0.018062700000086807
s1_1000,S1-447515688,S2,India,selective_v2_compact,0,14,6,1,0,0,26,8,0,8,0.011043945999972493,78,21,47,16,282,230,0.011741011999902184,7,237,230,237,87,1,1,60,2,7,0.02863182000010056
s1_1000,S1-447515688,S3,India,selective_v2_compact,0,14,6,1,0,0,30,8,1,7,0.01788484799988055,78,10,40,16,243,231,0.018717833999971845,2,233,231,233,96,1,1,60,3,2,0.03280555899993942
s1_1000,S1-469262072,S2,US,selective_v2_compact,0,14,1,1,7,0,3,13,1,5,0.004634433999854082,36,1,4,28,225,201,0.00532685300004232,0,216,216,216,79,1,1,60,0,0,0.017454958000030274
s1_1000,S1-469262072,S3,US,selective_v2_compact,0,14,0,0,1,0,4,14,1,12,0.007360184000162917,36,3,7,30,242,156,0.007982065000078364,0,196,196,196,83,1,1,60,1,0,0.015896455999950376
s1_1000,S1-910511213,S2,India,selective_v2_compact,0,14,7,1,0,0,31,7,1,6,0.01575929299974632,66,10,41,14,210,207,0.016333594999991874,2,207,207,209,93,1,1,60,1,2,0.029560817000060524
s1_1000,S1-910511213,S3,India,selective_v2_compact,0,14,10,1,0,0,31,4,0,4,0.014502803000027598,66,6,37,8,204,201,0.015103399999929934,4,201,201,205,94,1,1,60,1,4,0.02478933899999447
s1_1000,S1-568262604,S2,India,selective_v2_compact,0,14,0,0,1,0,14,14,1,12,0.010895254000161003,120,21,35,34,298,109,0.012607035999963045,1,208,207,208,80,1,1,60,2,1,0.022433037000041622
s1_1000,S1-568262604,S3,India,selective_v2_compact,0,14,0,0,0,0,16,14,0,14,0.0103489929999796,120,21,37,34,349,156,0.012005619999968076,0,256,256,256,100,1,1,60,1,0,0.035512105000066185
s1_1000,S1-3965597,S2,India,selective_v2_compact,0,14,0,0,1,0,37,14,0,13,0.008662052999625303,120,28,65,31,220,146,0.00976708099994994,0,187,187,187,77,1,1,60,2,0,0.025106588999960877
s1_1000,S1-3965597,S3,India,selective_v2_compact,0,14,10,1,0,0,39,4,0,4,0.01118751000001339,120,21,60,11,249,221,0.01233474399998613,0,245,245,245,84,1,1,60,1,0,0.02419109799996022
s1_1000,S1-712267907,S2,US,selective_v2_compact,0,14,0,0,0,0,12,14,1,13,0.016639755000028345,36,3,15,28,181,131,0.01710620200003632,0,131,131,131,72,1,1,60,2,0,0.025340001000017764
s1_1000,S1-712267907,S3,US,selective_v2_compact,0,14,0,0,0,0,12,14,1,13,0.017772965000062868,36,3,15,28,196,152,0.018288637999944513,1,153,152,153,76,1,1,60,1,1,0.025343969000005018
s1_1000,S1-571269849,S2,US,selective_v2_compact,0,14,4,1,0,0,14,10,1,9,0.020622075000119366,45,6,20,21,316,211,0.02121086199997535,1,290,289,290,99,1,1,60,2,1,0.03608706600005007
s1_1000,S1-571269849,S3,US,selective_v2_compact,0,14,6,1,0,0,14,8,1,7,0.01858752600014668,45,6,20,17,307,201,0.019153711000058138,1,285,284,285,90,1,1,60,2,1,0.036084366999943995
s1_1000,S1-53898759,S2,US,selective_v2_compact,0,8,0,0,1,0,6,8,0,7,0.018653964000009182,15,1,7,16,119,114,0.018878002000064953,33,115,114,147,114,1,1,60,2,33,0.02464196500000071
s1_1000,S1-53898759,S3,US,selective_v2_compact,0,8,0,0,0,0,6,8,0,8,0.022161337000056847,15,1,7,16,156,139,0.022392331999981252,26,140,139,165,110,1,1,60,3,26,0.029095303999952193
s1_1000,S1-925577931,S2,US,selective_v2_compact,0,14,0,0,0,0,9,14,1,13,0.014653302000169788,36,1,10,30,485,192,0.01528297000004386,0,430,430,430,117,1,1,60,1,0,0.03971335400001408
s1_1000,S1-925577931,S3,US,selective_v2_compact,0,14,2,1,0,0,9,12,1,11,0.015226682000047731,36,1,10,26,492,209,0.015884366000022965,1,426,425,426,117,1,1,60,2,1,0.038127132999989044
s1_1000,S1-607322610,S2,India,selective_v2_compact,0,14,0,0,6,0,15,14,0,8,0.009151075000090714,45,3,18,32,234,188,0.00976366199995482,2,208,206,208,80,1,1,60,0,2,0.028648277000002054
s1_1000,S1-607322610,S3,India,selective_v2_compact,0,14,0,0,0,0,12,14,1,13,0.018295255999987603,45,3,15,32,308,189,0.01898916499999359,14,235,221,235,78,1,1,60,3,14,0.03205163100005848
s1_1000,S1-617480537,S2,US,selective_v2_compact,0,14,0,0,4,0,2,14,0,10,0.0131300679998958,36,0,2,28,169,141,0.013829299000008177,3,144,141,144,81,1,1,60,3,3,0.023397811999984697
s1_1000,S1-617480537,S3,US,selective_v2_compact,0,14,0,0,0,0,5,14,0,14,0.01803374399992208,36,1,6,29,264,184,0.018699615999935304,5,227,222,227,105,1,1,60,3,5,0.027835632000005717
s1_1000,S1-617714375,S2,US,selective_v2_compact,0,14,0,0,2,0,3,14,0,12,0.006353976000013972,21,1,4,30,225,199,0.0067670130000578865,0,212,212,212,93,1,1,60,1,0,0.015184256999987156
s1_1000,S1-617714375,S3,US,selective_v2_compact,0,14,0,0,4,1,4,14,0,10,0.0038470400004371186,21,1,5,30,130,102,0.004192958999965413,0,117,117,117,79,1,1,60,0,0,0.010150826000085544
s1_1000,S1-548687090,S2,India,selective_v2_compact,0,14,0,0,3,0,14,14,0,11,0.009529461999477462,66,6,20,32,256,117,0.010473451000052592,1,179,178,179,104,1,1,60,1,1,0.020059119000052306
s1_1000,S1-548687090,S3,India,selective_v2_compact,0,14,0,0,3,0,12,14,1,10,0.037533432999907745,66,6,18,32,271,139,0.038514703999908306,1,205,204,205,115,1,1,60,1,1,0.05043818499996178
s1_1000,S1-703174498,S2,India,selective_v2_compact,0,14,1,1,1,0,21,13,2,10,0.023977761999958602,66,6,27,27,298,213,0.024842109000019263,10,262,252,262,111,1,1,60,0,10,0.05117612399999416
s1_1000,S1-703174498,S3,India,selective_v2_compact,0,14,1,1,0,0,22,13,2,11,0.036305204999848684,66,3,25,28,385,228,0.03731232899997394,9,291,282,291,90,1,1,60,4,9,0.058998883000072055
s1_1000,S1-785764526,S2,India,selective_v2_compact,0,14,0,0,2,0,10,14,0,12,0.010822031999850878,55,1,11,31,186,151,0.011702253000066776,1,153,152,153,56,0,0,56,1,1,0.019407310000019606
s1_1000,S1-785764526,S3,India,selective_v2_compact,0,14,4,1,0,0,6,10,0,10,0.012075437999897076,55,1,7,23,297,273,0.013024473999962538,2,275,273,275,40,0,0,40,2,2,0.03213087100004941
s1_1000,S1-376767576,S2,US,selective_v2_compact,0,14,0,0,2,0,6,14,0,12,0.00964607700018405,28,1,7,29,180,149,0.010099052999976266,0,164,164,164,54,0,0,54,2,0,0.024890568999921925
s1_1000,S1-376767576,S3,US,selective_v2_compact,0,14,0,0,0,0,6,14,0,14,0.012178082999980688,28,1,7,29,186,148,0.012659041000006255,0,164,164,164,60,1,0,60,2,0,0.02980746100001852
s1_1000,S1-879036575,S2,US,selective_v2_compact,0,13,6,1,1,0,2,7,0,6,0.007937073000107375,15,0,2,14,226,207,0.008285722999971767,91,223,207,298,128,1,1,60,1,35,0.019355087999997522
s1_1000,S1-879036575,S3,US,selective_v2_compact,0,13,6,1,0,0,2,7,0,7,0.008823100000086015,15,0,2,14,231,213,0.009221744999990733,119,223,213,332,118,1,1,60,2,28,0.022212420999949245
s1_1000,S1-137109332,S2,India,selective_v2_compact,0,14,0,1,0,0,0,14,0,14,0.005539446000057069,55,21,21,30,345,218,0.006318147999991197,1,236,235,236,86,1,1,60,2,1,0.024735351000003902
s1_1000,S1-137109332,S3,India,selective_v2_compact,0,14,0,0,2,0,6,14,0,12,0.006319637000046896,55,15,21,30,227,152,0.007078288000002431,0,173,173,173,79,1,1,60,2,0,0.02359075800006849
s1_1000,S1-74161638,S2,US,selective_v2_compact,0,14,0,0,4,0,7,14,0,10,0.022882797000193023,55,1,8,28,206,185,0.02385584800003926,0,185,185,185,89,1,1,60,1,0,0.03212976700001491
s1_1000,S1-74161638,S3,US,selective_v2_compact,0,14,5,1,0,0,11,9,0,9,0.02456094200010739,55,3,14,18,283,266,0.025463439999953152,1,267,266,267,90,1,1,60,1,1,0.04280415699997775
s1_1000,S1-812960792,S2,India,selective_v2_compact,0,14,7,1,0,0,36,7,0,7,0.013648052999883475,105,21,57,15,236,200,0.014635409999982585,2,209,207,209,101,1,1,60,3,2,0.02532322699994438
s1_1000,S1-812960792,S3,India,selective_v2_compact,0,14,7,1,0,0,40,7,0,7,0.016743902000030175,105,15,55,15,257,240,0.01778460500008805,1,246,245,246,109,1,1,60,3,1,0.03673199599995769
s1_1000,S1-371328674,S2,India,selective_v2_compact,0,14,0,1,5,0,17,14,1,8,0.022039266000206226,55,6,23,30,318,300,0.02286526499995034,0,309,309,309,54,0,0,54,0,0,0.04932366500008811
s1_1000,S1-371328674,S3,India,selective_v2_compact,0,14,1,1,1,0,14,13,3,9,0.040484576000267225,55,1,15,28,244,220,0.04135091900002408,0,233,233,233,88,1,1,60,1,0,0.05629422600009093
s1_1000,S1-30617375,S2,India,selective_v2_compact,0,14,6,1,0,0,41,8,0,8,0.012596656000027906,105,15,56,16,309,289,0.0136309079999819,2,291,289,291,101,1,1,60,2,2,0.03987631699999383
s1_1000,S1-30617375,S3,India,selective_v2_compact,0,14,5,1,1,0,40,9,1,7,0.015407675000233212,105,6,46,19,346,272,0.016608980999990308,2,328,326,328,98,1,1,60,3,2,0.03875673799996093
s1_1000,S1-573726315,S2,US,selective_v2_compact,0,8,0,0,0,0,2,8,0,8,0.008262970999794561,10,0,2,16,117,99,0.008480565000013485,84,110,99,183,97,1,1,60,1,20,0.015266719000010198
s1_1000,S1-573726315,S3,US,selective_v2_compact,0,8,0,0,2,0,2,8,0,6,0.009547559999873556,10,0,2,16,123,107,0.009791455000026872,93,120,107,200,101,1,1,60,1,27,0.01769805100002486
s1_1000,S1-354085195,S2,India,selective_v2_compact,0,14,9,1,0,0,24,5,0,5,0.007488953999995829,105,21,45,12,264,235,0.008650271000078646,1,246,245,246,91,1,1,60,1,1,0.020503911999981028
s1_1000,S1-354085195,S3,India,selective_v2_compact,0,14,8,1,0,0,30,6,1,5,0.010900758000047972,105,6,36,14,249,205,0.012228773999936493,2,216,214,216,85,1,1,60,4,2,0.022304317000021
s1_1000,S1-770102800,S2,US,selective_v2_compact,0,11,0,0,0,0,4,11,1,10,0.03140193000012914,15,0,4,23,343,184,0.03174752899997202,0,314,314,314,113,1,1,60,2,0,0.044220075999987785
s1_1000,S1-770102800,S3,US,selective_v2_compact,0,11,0,0,0,0,4,11,1,10,0.03244038900027135,15,0,4,23,380,186,0.03277408999997533,3,330,327,330,97,1,1,60,4,3,0.04616281700009495
s1_1000,S1-459488906,S2,US,selective_v2_compact,0,11,0,0,2,0,9,11,1,8,0.023041236999915782,21,1,10,22,185,173,0.02332875799993417,12,185,173,185,93,1,1,60,0,12,0.030662870000014664
s1_1000,S1-459488906,S3,US,selective_v2_compact,0,11,1,1,0,0,9,10,1,9,0.023766396000041823,21,1,10,20,236,212,0.02407606899998882,16,228,212,228,103,1,1,60,0,16,0.03940891199999896
s1_1000,S1-791044420,S2,US,selective_v2_compact,0,14,0,0,4,1,5,14,1,9,0.02263635500014516,21,0,5,29,269,166,0.02304114200001095,33,250,217,250,119,1,1,60,1,33,0.033565897000016776
s1_1000,S1-791044420,S3,US,selective_v2_compact,0,14,0,0,4,1,5,14,1,9,0.024304196999878513,21,0,5,30,319,191,0.024705424999979186,34,262,228,262,79,1,1,60,1,34,0.03522854900006678
s1_1000,S1-557931744,S2,US,selective_v2_compact,0,14,0,0,4,0,3,14,0,10,0.006234617000245635,45,1,4,32,406,123,0.0071118309999747,1,343,342,343,95,1,1,60,3,1,0.03128548500001216
s1_1000,S1-557931744,S3,US,selective_v2_compact,0,14,1,1,2,0,8,13,0,11,0.00980529799994656,45,3,11,29,488,202,0.010579565999933038,0,427,427,427,92,1,1,60,1,0,0.03361139900005128
s1_1000,S1-322467193,S2,US,selective_v2_compact,0,14,6,1,2,1,4,8,0,6,0.019451410000101532,21,0,4,16,212,212,0.019852347999972153,0,212,212,212,80,1,1,60,0,0,0.028172476999998253
s1_1000,S1-322467193,S3,US,selective_v2_compact,0,14,0,0,1,1,5,14,0,13,0.028051428999788186,21,0,5,28,193,185,0.028442655000048944,0,185,185,185,96,1,1,60,0,0,0.03727590000005421
s1_1000,S1-866419638,S2,India,selective_v2_compact,0,14,0,0,1,0,8,14,0,13,0.006536464000078013,55,6,14,31,242,189,0.007413549000034436,1,208,207,208,116,1,1,60,0,1,0.0180921109999872
s1_1000,S1-866419638,S3,India,selective_v2_compact,0,14,4,1,1,0,8,10,0,9,0.020144333999951414,45,1,9,22,255,219,0.020912086999942403,2,239,237,239,98,1,1,60,1,2,0.03607775299997229
s1_1000,S1-813797494,S2,India,selective_v2_compact,0,14,6,1,0,0,30,8,0,8,0.01710337199983769,105,10,40,17,334,228,0.018378938999944694,6,254,254,260,107,1,1,60,3,6,0.03309813900000336
s1_1000,S1-813797494,S3,India,selective_v2_compact,0,14,5,1,1,0,31,9,1,7,0.012838624000096388,105,3,34,19,256,218,0.01426852500003406,10,232,232,242,90,1,1,60,1,10,0.02601839999999811
s1_1000,S1-955186399,S2,US,selective_v2_compact,0,14,1,1,0,0,3,13,0,13,0.014090633000250818,36,1,4,27,288,236,0.014789350000000923,0,251,251,251,98,1,1,60,2,0,0.034192650000022695
s1_1000,S1-955186399,S3,US,selective_v2_compact,0,14,1,1,0,0,3,13,0,13,0.01467076700009784,36,1,4,27,297,240,0.015421117999949274,1,255,254,255,105,1,1,60,1,1,0.032401538999920376
s1_1000,S1-520103019,S2,US,selective_v2_compact,0,14,0,1,3,0,1,14,1,10,0.011867732000041542,21,0,1,28,453,298,0.01248961099997814,32,330,298,330,80,1,1,60,0,32,0.03364888099997643
s1_1000,S1-520103019,S3,US,selective_v2_compact,0,14,0,1,2,0,1,14,1,11,0.012408855999865409,21,0,1,28,434,287,0.012976030000004357,29,316,287,316,82,1,1,60,0,29,0.03599343600001248
s1_1000,S1-258185803,S2,India,selective_v2_compact,0,14,2,1,0,0,30,12,0,12,0.01271285599989369,120,6,36,26,372,240,0.014456687999995665,8,297,297,305,116,1,1,60,2,8,0.04067341099994337
s1_1000,S1-258185803,S3,India,selective_v2_compact,0,14,0,1,2,0,31,14,0,12,0.014970005999998648,120,3,34,30,309,214,0.01667951100000664,12,263,263,275,120,1,1,60,0,12,0.034459141000070304
s1_1000,S1-773472108,S2,US,selective_v2_compact,0,14,0,0,2,0,2,14,1,11,0.008246312000096623,21,1,3,29,281,102,0.008680292999997619,0,260,260,260,112,1,1,60,0,0,0.021698833000073137
s1_1000,S1-773472108,S3,US,selective_v2_compact,0,14,0,0,5,0,2,14,1,8,0.008620724000252267,21,1,3,29,299,114,0.009036518000016258,0,281,281,281,113,1,1,60,0,0,0.022721113999978115
s1_1000,S1-790850301,S2,US,selective_v2_compact,0,14,0,0,0,0,6,14,3,11,0.011138912999854256,36,1,7,30,158,89,0.011694121000004998,0,116,116,116,72,1,1,60,2,0,0.018429761999982475
s1_1000,S1-790850301,S3,US,selective_v2_compact,0,14,3,1,0,0,7,11,1,10,0.008776531999956205,36,1,8,24,295,205,0.009421411999937845,0,234,234,234,50,0,0,50,2,0,0.02014470699998583
s1_1000,S1-588443658,S2,US,selective_v2_compact,0,12,0,0,0,0,3,12,0,12,0.016627722000293943,15,0,3,24,203,172,0.016952790000004825,2,174,172,174,85,1,1,60,3,2,0.024387273000002097
s1_1000,S1-588443658,S3,US,selective_v2_compact,0,12,3,1,2,0,3,9,0,7,0.013705862000165325,15,0,3,18,204,200,0.014033943999947951,2,202,200,202,87,1,1,60,4,2,0.021894681999924615
s1_1000,S1-480966375,S2,US,selective_v2_compact,0,14,0,0,0,0,7,14,1,13,0.013631582999892089,45,1,8,30,406,60,0.014374243000020215,0,333,333,333,108,1,1,60,1,0,0.027385255000012876
s1_1000,S1-480966375,S3,US,selective_v2_compact,0,14,0,0,1,0,8,14,1,12,0.013890697999499935,45,1,9,29,168,115,0.014617792000080954,0,142,142,142,104,1,1,60,1,0,0.022776432000000568
s1_1000,S1-843890090,S2,India,selective_v2_compact,0,14,0,0,0,0,10,14,1,13,0.018391162000057193,78,15,25,31,214,123,0.019469383000000562,1,165,164,165,99,1,1,60,2,1,0.028379218999930345
s1_1000,S1-843890090,S3,India,selective_v2_compact,0,14,0,0,1,0,13,14,4,9,0.010913335000168445,66,10,23,30,201,96,0.011810943999989831,2,135,133,135,102,1,1,60,3,2,0.024081615000000056
s1_1000,S1-61871677,S2,US,selective_v2_compact,0,14,8,1,0,4,17,6,0,6,0.021109978999788837,45,6,23,14,424,230,0.021654729000033512,59,394,389,448,162,1,1,60,4,53,0.03952826699992329
s1_1000,S1-61871677,S3,US,selective_v2_compact,0,10,6,1,0,3,17,4,0,4,0.016298055999982353,36,6,23,9,388,215,0.016652976000045783,53,380,380,433,169,1,1,60,1,51,0.03412747599998056
s1_1000,S1-260598709,S2,US,selective_v2_compact,0,14,7,1,0,0,7,7,0,7,0.01380447899975934,28,1,8,14,301,277,0.014329419999967286,2,279,277,279,77,1,1,60,2,2,0.031267216999935954
s1_1000,S1-260598709,S3,US,selective_v2_compact,0,14,7,1,0,0,7,7,0,7,0.009606275999999525,28,3,10,14,249,242,0.010054007000007914,1,243,242,243,78,1,1,60,2,1,0.02558240499990916
s1_1000,S1-845153701,S2,US,selective_v2_compact,0,14,2,1,0,0,12,12,3,9,0.017853187000127946,45,1,13,24,323,312,0.018576035000023694,1,312,312,313,108,1,1,60,1,1,0.03954222100003335
s1_1000,S1-845153701,S3,US,selective_v2_compact,0,14,0,1,0,0,13,14,3,11,0.018909663000158616,45,1,14,28,227,201,0.01958747300000141,2,202,201,203,93,1,1,60,1,2,0.03743506399996477
s1_1000,S1-849079218,S2,US,selective_v2_compact,0,14,0,0,2,0,0,14,0,12,0.004368251000187229,15,0,0,28,100,83,0.004711095000061505,1,84,83,84,50,0,0,50,2,1,0.009189407999997456
s1_1000,S1-849079218,S3,US,selective_v2_compact,0,14,0,0,1,0,0,14,0,13,0.005229511000379716,15,0,0,28,133,116,0.005566007000084028,0,116,116,116,52,0,0,52,1,0,0.012747543999921618
s1_1000,S1-182087716,S2,US,selective_v2_compact,0,14,2,1,3,0,6,12,0,9,0.019909359000052973,28,1,7,24,227,220,0.0204003039999634,0,220,220,220,87,1,1,60,0,0,0.02954685600002449
s1_1000,S1-182087716,S3,US,selective_v2_compact,0,14,4,1,0,0,6,10,0,10,0.017433177000043543,28,1,7,20,238,227,0.017955450000044948,1,228,227,228,80,1,1,60,1,1,0.04536571999994976
s1_1000,S1-143018597,S2,US,selective_v2_compact,0,14,5,1,0,0,1,9,0,9,0.02806489300019166,21,0,1,18,248,225,0.028540086000020892,3,228,225,228,78,1,1,60,3,3,0.03769369600001937
s1_1000,S1-143018597,S3,US,selective_v2_compact,0,14,0,1,0,0,2,14,0,14,0.027717056000028606,21,0,2,28,268,233,0.02819856200005688,1,234,233,234,85,1,1,60,2,1,0.041212306000034005
s1_1000,S1-497491595,S2,US,selective_v2_compact,0,14,0,0,6,0,2,14,0,8,0.008572092000008524,28,0,2,31,286,143,0.00914848799993706,0,224,224,224,106,1,1,60,1,0,0.023431168999991314
s1_1000,S1-497491595,S3,US,selective_v2_compact,0,14,0,0,4,0,2,14,0,10,0.009120089999896663,28,0,2,30,272,161,0.009675462000018342,1,189,188,189,72,1,1,60,3,1,0.021970019999912438
s1_1000,S1-840845463,S2,US,selective_v2_compact,0,12,3,1,0,0,3,9,1,8,0.012602893000007498,15,0,3,18,217,202,0.012938679999933811,0,202,202,202,87,1,1,60,2,0,0.02179887099998723
s1_1000,S1-840845463,S3,US,selective_v2_compact,0,12,7,1,1,0,3,5,0,4,0.011327032000167492,15,0,3,10,232,221,0.011643293000020094,1,222,221,222,87,1,1,60,1,1,0.020727301000079024
s1_1000,S1-514427791,S2,US,selective_v2_compact,0,13,0,0,0,0,1,13,0,13,0.0030847259998836307,15,1,2,29,434,70,0.0034167899999602014,5,321,316,321,76,1,1,60,3,5,0.015851033999979336
s1_1000,S1-514427791,S3,US,selective_v2_compact,0,13,0,0,0,0,1,13,0,13,0.003222719999939727,15,1,2,28,231,120,0.003582646000040768,2,148,146,148,76,1,1,60,1,2,0.009656194000058349
s1_1000,S1-707712795,S2,India,selective_v2_compact,0,14,6,1,0,0,10,8,0,8,0.013169521999998324,55,3,13,19,261,243,0.014045748999933494,3,245,244,247,115,1,1,60,1,3,0.02594945999999254
s1_1000,S1-707712795,S3,India,selective_v2_compact,0,14,0,0,3,0,11,14,1,10,0.016900082999995902,55,1,12,31,192,158,0.017817756999988887,4,162,160,164,115,1,1,60,3,4,0.0273561570000993
s1_1000,S1-566917738,S2,India,selective_v2_compact,0,14,0,0,0,0,10,14,1,13,0.010566132000349171,36,1,11,29,200,151,0.011117979999994532,2,166,164,166,76,1,1,60,1,2,0.02577381100002185
s1_1000,S1-566917738,S3,India,selective_v2_compact,0,14,2,1,0,0,8,12,1,11,0.01789745399992171,36,0,8,25,258,219,0.01852287599990632,3,237,234,237,102,1,1,60,1,3,0.032138723000002756
s1_1000,S1-959142386,S2,US,selective_v2_compact,0,14,0,0,4,0,4,14,1,9,0.009661760000199138,36,0,4,29,124,111,0.010307692999958817,1,118,117,118,71,1,1,60,3,1,0.0173722419999649
s1_1000,S1-959142386,S3,US,selective_v2_compact,0,14,0,0,3,0,5,14,1,10,0.01183752399970217,45,0,5,28,184,173,0.012608795999994982,1,174,173,174,73,1,1,60,2,1,0.029593578000003617
s1_1000,S1-635056779,S2,US,selective_v2_compact,0,12,4,1,0,0,3,8,0,8,0.020254080000086105,15,0,3,17,401,282,0.02063594200001262,1,383,382,383,112,1,1,60,2,1,0.04523085300002094
s1_1000,S1-635056779,S3,US,selective_v2_compact,0,12,7,1,1,0,3,5,0,4,0.012199936000001799,15,0,3,11,330,217,0.012516048000065894,0,320,320,320,113,1,1,60,2,0,0.0254827750000004
s1_1000,S1-918291535,S2,US,selective_v2_compact,0,14,2,1,0,0,4,12,1,11,0.008951622999802566,36,1,5,27,284,205,0.00963974799992684,2,220,218,220,74,1,1,60,5,2,0.021111103000066578
s1_1000,S1-918291535,S3,US,selective_v2_compact,0,14,6,1,0,0,3,8,1,7,0.008360900999946352,36,3,6,19,248,224,0.00901456299993697,1,229,228,229,78,1,1,60,2,1,0.018382801000029758
s1_1000,S1-232298053,S2,US,selective_v2_compact,0,14,0,0,0,0,1,14,1,13,0.004440138999939336,21,0,1,31,309,101,0.004874460999985786,3,244,241,244,76,1,1,60,4,3,0.018504957999994076
s1_1000,S1-232298053,S3,US,selective_v2_compact,0,14,0,0,4,0,1,14,1,9,0.004469119999839677,21,0,1,31,241,103,0.0048950020000120276,1,227,226,227,88,1,1,60,2,1,0.020453296999903614
s1_1000,S1-972777978,S2,US,selective_v2_compact,0,14,3,1,0,0,5,11,0,11,0.012021592000110104,28,1,6,23,313,289,0.012568694000037794,1,292,291,292,77,1,1,60,3,1,0.029029684999954952
s1_1000,S1-972777978,S3,US,selective_v2_compact,0,14,3,1,0,0,6,11,0,11,0.011553062999837493,28,1,7,23,272,243,0.012078444999929161,1,246,245,246,87,1,1,60,2,1,0.02849073300001237
s1_1000,S1-939107867,S2,India,selective_v2_compact,0,14,6,1,0,0,32,8,0,8,0.016552818000036496,91,10,42,18,428,341,0.01765720900004908,5,347,342,347,79,1,1,60,3,5,0.04552508099993702
s1_1000,S1-939107867,S3,India,selective_v2_compact,0,14,7,1,0,0,34,7,1,6,0.011212847000138026,91,3,37,16,233,202,0.012333638999962204,11,214,203,214,80,1,1,60,1,11,0.022479828999962592
s1_1000,S1-410986076,S2,US,selective_v2_compact,0,14,11,1,1,0,13,3,0,2,0.02007279600002221,36,1,14,7,260,200,0.020542425000030562,44,260,260,304,156,1,1,60,0,44,0.03243156700000327
s1_1000,S1-410986076,S3,US,selective_v2_compact,0,14,5,1,1,0,13,9,2,6,0.030247050000070885,36,1,14,19,309,233,0.030782995999970808,35,301,301,336,154,1,1,60,0,35,0.049211417999913465
s1_1000,S1-586341558,S2,India,selective_v2_compact,0,14,0,1,0,0,35,14,3,11,0.01283138300027531,91,15,50,28,314,252,0.013753214000075786,36,254,252,288,135,1,1,60,4,36,0.03233913899998697
s1_1000,S1-586341558,S3,India,selective_v2_compact,0,14,3,1,0,0,34,11,3,8,0.01726493500007109,91,10,44,22,222,210,0.018272061000061512,49,213,210,259,128,1,1,60,3,42,0.03362769099999241
s1_1000,S1-326725359,S2,US,selective_v2_compact,0,14,3,1,0,0,12,11,1,10,0.03501452300008623,36,1,13,23,543,221,0.03560703499999818,13,476,463,476,108,1,1,60,1,13,0.05791698799998812
s1_1000,S1-326725359,S3,US,selective_v2_compact,0,14,3,1,0,0,12,11,1,10,0.03655439399994975,36,1,13,23,590,261,0.037185711999995874,17,491,474,491,99,1,1,60,4,17,0.06044831700000941
s1_1000,S1-353308813,S2,US,selective_v2_compact,0,11,0,0,0,0,4,11,0,11,0.012439872999721047,15,0,4,22,74,67,0.012674466000021312,0,67,67,67,66,1,1,60,2,0,0.01554352299990569
s1_1000,S1-353308813,S3,US,selective_v2_compact,0,11,0,0,0,0,4,11,0,11,0.014099952999913512,15,0,4,22,109,91,0.014374248000081025,1,92,91,92,78,1,1,60,3,1,0.018233843999951205
s1_1000,S1-132364004,S2,India,selective_v2_compact,0,14,3,1,2,0,17,11,0,9,0.007647119000125713,105,15,32,26,357,203,0.009100907000060943,0,235,235,235,93,1,1,60,0,0,0.021919829000012214
s1_1000,S1-132364004,S3,India,selective_v2_compact,0,14,0,0,4,0,21,14,1,9,0.008110759000146572,105,10,31,32,229,147,0.009541871999999785,1,176,175,176,81,1,1,60,1,1,0.019593340000028547
s1_1000,S1-198077365,S2,US,selective_v2_compact,0,14,0,0,4,0,8,14,2,8,0.01568132699992475,36,1,9,29,341,195,0.016369105999956446,0,260,260,260,113,1,1,60,0,0,0.02647501600006308
s1_1000,S1-198077365,S3,US,selective_v2_compact,0,14,6,1,1,0,9,8,0,7,0.014275568999778443,36,1,10,17,378,209,0.014880025000024943,1,294,293,294,112,1,1,60,1,1,0.026579445000038504
s1_1000,S1-272648186,S2,US,selective_v2_compact,0,12,0,0,0,0,2,12,0,12,0.0035832830002391347,15,1,3,27,151,69,0.0038597149999759495,119,116,109,228,115,1,1,60,1,46,0.012439610000001267
s1_1000,S1-272648186,S3,US,selective_v2_compact,0,7,0,0,0,0,2,7,0,7,0.003764144000115266,10,1,3,14,109,90,0.003955845000064073,112,98,90,202,116,1,1,60,2,47,0.011481229000082749
s1_1000,S1-20672382,S2,US,selective_v2_compact,0,14,9,1,1,0,17,5,0,4,0.012347007999892412,78,1,18,10,294,278,0.013515077999954883,12,290,278,290,83,1,1,60,2,12,0.024886429000048338
s1_1000,S1-20672382,S3,US,selective_v2_compact,0,14,4,1,2,0,25,10,2,6,0.0202441160000717,78,3,28,21,513,274,0.021298628999943503,6,506,506,512,114,1,1,60,0,6,0.0418467709999959
s1_1000,S1-835228831,S2,US,selective_v2_compact,0,14,0,0,0,0,4,14,0,14,0.00434388200005742,28,1,5,30,306,63,0.00484799599996677,1,227,226,227,87,1,1,60,3,1,0.01523497900006987
s1_1000,S1-835228831,S3,US,selective_v2_compact,0,14,0,0,2,0,4,14,0,12,0.0046085580001999915,28,1,5,30,297,74,0.005108595000024252,0,229,229,229,82,1,1,60,2,0,0.0199524569999312
s1_1000,S1-851151897,S2,India,selective_v2_compact,0,14,0,0,0,0,23,14,0,14,0.010331228999802988,105,15,38,33,297,109,0.011715093000020715,1,220,219,220,102,1,1,60,1,1,0.029613106999931915
s1_1000,S1-851151897,S3,India,selective_v2_compact,0,14,0,0,1,0,25,14,1,12,0.0069263189999446695,105,10,35,32,173,40,0.008274170999925445,1,104,103,104,80,1,1,60,3,1,0.01635605800004214
s1_1000,S1-423722776,S2,US,selective_v2_compact,0,14,8,1,1,0,6,6,0,5,0.011884494000014456,28,1,7,12,245,244,0.012364886000000297,0,244,244,244,95,1,1,60,0,0,0.023469496999950934
s1_1000,S1-423722776,S3,US,selective_v2_compact,0,14,8,1,1,0,7,6,0,5,0.012535992999914924,28,1,8,12,258,256,0.012999389000015071,0,256,256,256,98,1,1,60,2,0,0.02634377599997606
s1_1000,S1-542941807,S2,India,selective_v2_compact,0,10,0,0,0,20,62,10,1,9,0.009374523000246882,120,28,90,21,67,21,0.009854094000047553,0,35,35,35,35,0,0,35,1,0,0.01213770700007899
s1_1000,S1-542941807,S3,India,selective_v2_compact,0,14,5,1,3,0,70,9,1,5,0.02438348000021051,120,15,85,20,361,287,0.025221308999903158,0,348,348,348,102,1,1,60,0,0,0.046843352999985655
s1_1000,S1-77568999,S2,India,selective_v2_compact,0,14,10,1,0,0,19,4,0,4,0.008415931999820714,66,10,29,8,211,207,0.009152094000000943,0,207,207,207,85,1,1,60,1,0,0.018962976000011622
s1_1000,S1-77568999,S3,India,selective_v2_compact,0,14,7,1,0,0,25,7,1,6,0.012278811999863137,66,6,31,14,219,217,0.013016911000022446,4,217,217,221,85,1,1,60,1,4,0.02328697400002966
s1_1000,S1-281915633,S2,US,selective_v2_compact,0,14,0,1,0,0,2,14,0,14,0.011045012999716164,28,0,2,29,477,323,0.011765600999979142,3,409,406,409,102,1,1,60,3,3,0.0479280289999906
s1_1000,S1-281915633,S3,US,selective_v2_compact,0,14,0,1,2,0,2,14,1,11,0.01150236499984203,28,0,2,29,372,213,0.012139412999999877,2,306,304,306,86,1,1,60,2,2,0.03214774399998532
s1_1000,S1-431297138,S2,India,selective_v2_compact,0,14,1,1,0,0,15,13,0,13,0.01467547099980493,78,21,36,27,298,207,0.01569190999998682,1,227,226,227,93,1,1,60,2,1,0.029279751999979453
s1_1000,S1-431297138,S3,India,selective_v2_compact,0,14,5,1,0,0,21,9,0,9,0.004574430999923607,78,15,36,19,262,218,0.005430425999975341,0,233,233,233,100,1,1,60,1,0,0.018315570999902775
s1_1000,S1-612842808,S2,US,selective_v2_compact,0,14,9,1,0,0,8,5,0,5,0.009092770000165729,28,1,9,10,238,235,0.009534148999932768,0,235,235,235,85,1,1,60,1,0,0.018546087000004263
s1_1000,S1-612842808,S3,US,selective_v2_compact,0,14,9,1,0,0,8,5,0,5,0.009856706999926246,28,1,9,10,257,248,0.010309936999988167,1,249,248,249,87,1,1,60,3,1,0.02016659499997786
s1_1000,S1-520412269,S2,India,selective_v2_compact,0,14,7,1,0,0,17,7,0,7,0.016162742000005892,66,1,18,15,287,248,0.01717103800001496,7,254,252,259,110,1,1,60,5,7,0.0297851970000238
s1_1000,S1-520412269,S3,India,selective_v2_compact,0,14,2,1,0,0,12,12,1,11,0.028087444000107098,66,0,12,25,272,238,0.029247576000102526,8,247,239,247,103,1,1,60,3,8,0.046121244999994815
s1_1000,S1-787210794,S2,US,selective_v2_compact,0,14,1,1,0,1,4,13,1,12,0.013824661000057858,21,1,5,27,289,212,0.014280340000027536,2,237,235,237,97,1,1,60,3,2,0.024517222999975274
s1_1000,S1-787210794,S3,US,selective_v2_compact,0,14,1,1,1,1,4,13,1,11,0.014383366999936698,21,1,5,27,253,209,0.014809775000003356,3,233,230,233,103,1,1,60,2,3,0.027768938000008347
s1_1000,S1-124462211,S2,US,selective_v2_compact,0,14,0,0,2,0,7,14,1,11,0.007307324000066728,45,1,8,30,127,72,0.008011688999999933,0,115,115,115,90,1,1,60,1,0,0.016062299000054736
s1_1000,S1-124462211,S3,US,selective_v2_compact,0,14,0,0,0,0,7,14,1,13,0.008252572000060354,45,1,8,30,182,98,0.008987207000018316,1,145,144,145,103,1,1,60,2,1,0.01749671900006433
s1_1000,S1-51865922,S2,US,selective_v2_compact,0,14,0,0,0,0,1,14,0,14,0.0034227649997546905,21,0,1,30,234,122,0.003870495999990453,0,193,193,193,111,1,1,60,3,0,0.013653360999910547
s1_1000,S1-51865922,S3,US,selective_v2_compact,0,14,0,0,0,0,1,14,0,14,0.0036418270000240227,21,0,1,30,231,144,0.004101214999991498,1,205,204,205,112,1,1,60,2,1,0.014711578000060399
s1_1000,S1-350834708,S2,India,selective_v2_compact,0,14,6,1,1,0,25,8,0,7,0.048608094999963214,91,21,46,16,296,290,0.049587021000093046,3,293,290,293,112,1,1,60,0,3,0.07121321600004649
s1_1000,S1-350834708,S3,India,selective_v2_compact,0,14,6,1,1,0,28,8,2,5,0.01027983600022253,91,15,43,16,210,206,0.011299947999987126,2,206,206,208,86,1,1,60,2,2,0.021562335999988136
s1_1000,S1-923292062,S2,US,selective_v2_compact,0,14,9,1,2,0,15,5,0,3,0.02464154399990548,78,1,16,10,217,209,0.025836217999994915,7,209,209,216,83,1,1,60,4,7,0.03454458200008048
s1_1000,S1-923292062,S3,US,selective_v2_compact,0,14,7,1,0,0,20,7,1,6,0.01870361899989348,78,10,30,14,263,207,0.019728601999986495,8,207,207,215,104,1,1,60,2,8,0.033880866999993486
s1_1000,S1-990218012,S2,US,selective_v2_compact,0,14,5,1,0,0,1,9,0,9,0.006376782999836905,15,0,1,19,353,288,0.006800208000072416,1,342,341,342,82,1,1,60,1,1,0.03019482499996684
s1_1000,S1-990218012,S3,US,selective_v2_compact,0,14,5,1,1,0,1,9,0,8,0.0066765980001264325,15,0,1,19,373,307,0.007142139000052339,2,353,351,353,83,1,1,60,3,2,0.03242571800001315
s1_1000,S1-423224877,S2,US,selective_v2_compact,0,14,0,1,4,0,2,14,1,9,0.02781626000023607,21,0,2,29,222,214,0.028288550999945983,0,215,215,215,96,1,1,60,1,0,0.04051066900001388
s1_1000,S1-423224877,S3,US,selective_v2_compact,0,14,0,0,0,0,3,14,1,13,0.028058918999704474,21,0,3,29,171,138,0.028521190999981627,1,141,140,141,96,1,1,60,2,1,0.038501003000078526
s1_1000,S1-878547730,S2,India,selective_v2_compact,0,14,0,0,1,0,22,14,1,12,0.017102248000128384,91,10,32,30,235,192,0.018315028000074562,1,197,196,197,90,1,1,60,0,1,0.03445009100005336
s1_1000,S1-878547730,S3,India,selective_v2_compact,0,14,4,1,0,0,21,10,0,10,0.017933342999981505,78,6,27,21,298,260,0.018987299999935203,0,269,269,269,76,1,1,60,1,0,0.03883975299993381
s1_1000,S1-807591789,S2,US,selective_v2_compact,0,14,0,0,5,0,3,14,0,9,0.005184491999898455,28,1,4,29,193,130,0.0057230109999864,94,155,153,247,127,1,1,60,4,44,0.017660636000073282
s1_1000,S1-807591789,S3,US,selective_v2_compact,0,14,8,1,1,2,7,6,0,5,0.012425047000078848,28,3,10,12,263,255,0.01288553500000944,95,256,255,350,157,1,1,60,0,35,0.02693291200000658
s1_1000,S1-944458772,S2,India,selective_v2_compact,0,14,4,1,0,0,33,10,0,10,0.014478995999979816,120,15,48,20,250,219,0.01590571799999907,1,220,219,220,94,1,1,60,4,1,0.026682143000016367
s1_1000,S1-944458772,S3,India,selective_v2_compact,0,14,4,1,0,0,34,10,0,10,0.016609048999839615,120,10,44,20,244,236,0.018150103000039053,0,236,236,236,89,1,1,60,1,0,0.032030274000021564
s1_1000,S1-163959939,S2,India,selective_v2_compact,0,14,5,1,0,0,31,9,0,9,0.01951067499999226,120,10,41,19,294,264,0.02110229699997035,0,271,271,271,110,1,1,60,3,0,0.03460164499995244
s1_1000,S1-163959939,S3,India,selective_v2_compact,0,14,3,1,1,0,24,11,1,9,0.0275141879998273,120,1,25,23,285,264,0.029421961999901214,0,268,268,268,109,1,1,60,1,0,0.04670470700000351
s1_1000,S1-853088463,S2,India,selective_v2_compact,0,14,3,1,2,0,8,11,1,8,0.008979975000215745,45,6,14,23,229,206,0.00963211400005548,0,213,213,213,79,1,1,60,0,0,0.02253210600008515
s1_1000,S1-853088463,S3,India,selective_v2_compact,0,14,2,1,0,0,8,12,1,11,0.009485812999969312,45,6,14,25,248,200,0.010239050999985011,1,211,210,211,75,1,1,60,1,1,0.021107111999981498
s1_1000,S1-419879346,S2,India,selective_v2_compact,0,14,7,1,0,0,32,7,1,6,0.020622554000169657,78,15,47,14,222,216,0.02130876699993678,0,216,216,216,92,1,1,60,1,0,0.034384647000024415
s1_1000,S1-419879346,S3,India,selective_v2_compact,0,14,8,1,0,0,30,6,0,6,0.014078274999860696,78,15,45,12,293,284,0.014795782999954099,1,284,284,285,103,1,1,60,2,1,0.02915646700000707
s1_1000,S1-614934580,S2,US,selective_v2_compact,0,14,0,0,5,0,6,14,1,8,0.007249164999734603,45,0,6,30,141,90,0.008009610999920369,0,107,107,107,63,1,1,60,1,0,0.012581864000026144
s1_1000,S1-614934580,S3,US,selective_v2_compact,0,14,0,0,0,0,10,14,3,11,0.013785437000365164,45,1,11,30,124,58,0.014437021000048844,0,79,79,79,67,1,1,60,1,0,0.01967227099999036
s1_1000,S1-151748140,S2,India,selective_v2_compact,0,14,6,1,0,0,39,8,1,7,0.01911713399999826,120,10,49,16,229,221,0.02048038699990684,5,221,221,226,84,1,1,60,2,5,0.03468647099998634
s1_1000,S1-151748140,S3,India,selective_v2_compact,0,14,7,1,1,0,36,7,1,5,0.02252215900000465,120,6,42,14,203,201,0.02405399499991745,11,202,201,212,85,1,1,60,1,11,0.0363595210000085
s1_1000,S1-150168984,S2,India,selective_v2_compact,0,14,8,1,0,0,22,6,0,6,0.011107183999911285,55,10,32,12,215,202,0.011657443999979478,5,207,202,207,78,1,1,60,1,5,0.021213456000054975
s1_1000,S1-150168984,S3,India,selective_v2_compact,0,14,8,1,0,0,21,6,1,5,0.012432611000122051,55,10,31,13,290,245,0.012992848999942908,7,286,279,286,79,1,1,60,1,7,0.026022450000027675
s1_1000,S1-905791445,S2,US,selective_v2_compact,0,14,5,1,0,0,3,9,0,9,0.013943241999982092,21,0,3,19,283,203,0.01439149699990594,5,236,231,236,88,1,1,60,5,5,0.026577119999956267
s1_1000,S1-905791445,S3,US,selective_v2_compact,0,14,5,1,0,0,3,9,0,9,0.013716524999722424,21,0,3,19,283,225,0.014152492999983224,4,256,252,256,92,1,1,60,3,4,0.03203695399997741
s1_1000,S1-945761456,S2,US,selective_v2_compact,0,14,0,0,4,0,0,14,2,8,0.008679487000222252,36,1,1,28,68,59,0.009343748000105734,0,59,59,59,59,0,0,59,1,0,0.015021244999957162
s1_1000,S1-945761456,S3,US,selective_v2_compact,0,14,2,1,0,0,2,12,0,12,0.009239537000098608,36,3,5,24,221,202,0.009927586999992855,1,203,202,203,116,1,1,60,1,1,0.024113667999927202
s1_1000,S1-321236077,S2,India,selective_v2_compact,0,14,6,1,0,0,15,8,0,8,0.007401098000173079,91,3,18,18,232,201,0.008783773999994082,1,217,216,217,78,1,1,60,2,1,0.024953181999990193
s1_1000,S1-321236077,S3,India,selective_v2_compact,0,14,1,1,0,0,14,13,1,12,0.016726328000117974,91,0,14,28,352,315,0.0183042909999358,1,331,330,331,77,1,1,60,2,1,0.05773335000003499
s1_1000,S1-174693204,S2,US,selective_v2_compact,0,14,0,0,0,1,4,14,0,14,0.006561199000088891,21,1,5,30,239,159,0.0069581520000383534,1,185,184,185,78,1,1,60,1,1,0.014392903000043589
s1_1000,S1-174693204,S3,US,selective_v2_compact,0,14,0,0,0,1,4,14,0,14,0.00688801700005115,21,1,5,30,310,184,0.007329511999955685,3,214,211,214,75,1,1,60,5,3,0.016414615999906346
s1_1000,S1-320198412,S2,India,selective_v2_compact,0,14,5,1,0,0,16,9,0,9,0.007369509000227481,55,10,26,19,264,219,0.008043172000043342,5,229,224,229,102,1,1,60,3,5,0.019140258999982507
s1_1000,S1-320198412,S3,India,selective_v2_compact,0,14,5,1,0,0,21,9,0,9,0.012644344999898749,55,6,27,19,283,224,0.013310203000060028,8,239,231,239,110,1,1,60,4,8,0.029462859999966895
s1_1000,S1-936476958,S2,US,selective_v2_compact,0,13,2,1,3,0,2,11,0,8,0.00921852899989517,15,0,2,23,226,201,0.009568191999960618,1,216,215,216,81,1,1,60,2,1,0.018102714999940872
s1_1000,S1-936476958,S3,US,selective_v2_compact,0,13,4,1,2,0,2,9,0,7,0.008905666000032397,15,0,2,19,245,230,0.009247108000067783,0,238,238,238,81,1,1,60,1,0,0.018874826999990546
s1_1000,S1-238039681,S2,US,selective_v2_compact,0,8,3,1,0,0,4,5,0,5,0.006278821000023527,15,3,7,10,207,202,0.006561102999967261,53,202,202,255,143,1,1,60,1,48,0.017616068999927847
s1_1000,S1-238039681,S3,US,selective_v2_compact,0,6,1,1,0,0,6,5,0,5,0.0071226310000156445,15,3,9,10,217,208,0.0073659030000499115,82,208,208,290,148,1,1,60,4,53,0.022687314999984665
s1_1000,S1-977335915,S2,India,selective_v2_compact,0,12,0,0,0,4,9,12,2,10,0.024074388999792973,28,3,12,24,143,125,0.02444703500009382,0,125,125,125,79,1,1,60,2,0,0.03052295800000593
s1_1000,S1-977335915,S3,India,selective_v2_compact,0,13,5,1,0,4,8,8,1,7,0.008571031000201401,28,3,11,16,244,207,0.008980683999993744,0,207,207,207,76,1,1,60,3,0,0.018038155999988703
s1_1000,S1-619845474,S2,India,selective_v2_compact,0,14,7,1,0,0,22,7,0,7,0.012483393999673353,78,15,37,15,243,211,0.013333131000081266,0,215,215,215,93,1,1,60,3,0,0.026943062999976064
s1_1000,S1-619845474,S3,India,selective_v2_compact,0,14,6,1,0,0,22,8,0,8,0.013065547999985938,78,15,37,17,253,208,0.013941303000024163,2,213,211,213,76,1,1,60,4,2,0.025251725999964947
s1_1000,S1-261965094,S2,US,selective_v2_compact,0,14,0,0,9,0,0,14,1,4,0.004086218999873381,21,0,0,29,12,4,0.004450229999974908,4,6,6,10,10,0,0,10,1,4,0.005247209999993174
s1_1000,S1-261965094,S3,US,selective_v2_compact,0,14,0,0,4,1,4,14,2,8,0.008684227999879113,21,0,4,29,123,105,0.009050826000020606,5,107,106,111,84,1,1,60,2,5,0.013693493000005219
s1_1000,S1-693690841,S2,US,selective_v2_compact,0,13,0,0,2,1,6,13,0,11,0.01146017800010668,21,1,7,26,206,199,0.011881227999992916,0,199,199,199,101,1,1,60,3,0,0.01968869100005577
s1_1000,S1-693690841,S3,US,selective_v2_compact,0,13,0,0,0,1,6,13,0,13,0.0125369409997802,21,1,7,27,262,195,0.012903757999993104,1,233,232,233,103,1,1,60,3,1,0.022069912999995722
s1_1000,S1-717391267,S2,US,selective_v2_compact,0,14,6,1,0,0,6,8,1,7,0.011716446999912478,28,1,7,16,213,210,0.01220980999994481,11,210,210,221,107,1,1,60,1,11,0.02094496999995954
s1_1000,S1-717391267,S3,US,selective_v2_compact,0,14,6,1,0,0,6,8,1,7,0.012526299999763069,28,1,7,16,250,250,0.013030553000021428,5,250,250,255,101,1,1,60,0,5,0.02299670000002152
s1_1000,S1-783653290,S2,India,selective_v2_compact,0,14,0,0,1,0,15,14,0,13,0.013275380999971276,120,10,25,30,216,186,0.015086682999935874,1,193,192,193,94,1,1,60,1,1,0.030652120000013383
s1_1000,S1-783653290,S3,India,selective_v2_compact,0,14,1,1,4,0,20,13,0,9,0.014547558000117533,120,10,30,27,251,245,0.0162885440000764,2,251,249,251,96,1,1,60,2,2,0.03512944099998094
s1_1000,S1-953535957,S2,US,selective_v2_compact,0,14,9,1,0,0,9,5,1,4,0.024753361000080076,28,0,9,10,277,254,0.02520796999999675,18,272,254,272,79,1,1,60,3,18,0.04220851800005221
s1_1000,S1-953535957,S3,US,selective_v2_compact,0,14,8,1,0,0,11,6,0,6,0.0261086770002521,28,0,11,12,313,278,0.026554912999927183,26,304,278,304,87,1,1,60,1,26,0.04866599500007851
s1_1000,S1-959204160,S2,US,selective_v2_compact,0,14,3,1,0,0,11,11,0,11,0.023937578999948528,28,1,12,22,252,220,0.024343770999962544,2,222,220,222,94,1,1,60,3,2,0.03979958499996883
s1_1000,S1-959204160,S3,US,selective_v2_compact,0,14,3,1,0,0,11,11,0,11,0.02627190700002302,28,1,12,22,252,226,0.026688401999990674,1,227,226,227,105,1,1,60,3,1,0.0386847240000634
s1_1000,S1-511725706,S2,US,selective_v2_compact,0,12,7,1,0,0,3,5,0,5,0.005463710000071842,15,0,3,11,284,200,0.005786781999972845,29,263,234,263,80,1,1,60,4,29,0.015872041000079662
s1_1000,S1-511725706,S3,US,selective_v2_compact,0,12,0,0,0,0,3,12,1,11,0.010170819999871128,15,0,3,24,155,107,0.010452461999989282,27,134,107,134,74,1,1,60,2,27,0.01579696899989358
s1_1000,S1-104251787,S2,US,selective_v2_compact,0,14,0,0,4,0,4,14,1,9,0.006180673999779174,36,1,5,29,190,156,0.006869501999972272,0,175,175,175,80,1,1,60,2,0,0.015239618000009614
s1_1000,S1-104251787,S3,US,selective_v2_compact,0,14,2,1,0,0,7,12,0,12,0.009464092999905915,36,3,10,25,339,254,0.010121174999994764,4,281,277,281,106,1,1,60,3,4,0.027293466000060107
s1_1000,S1-961200002,S2,India,selective_v2_compact,0,9,1,1,0,3,14,8,0,8,0.019606501000225762,36,10,24,16,280,228,0.01996129799999835,2,230,228,230,79,1,1,60,4,2,0.03452924900000198
s1_1000,S1-961200002,S3,India,selective_v2_compact,0,12,0,1,0,8,15,12,0,12,0.01879098500000964,45,10,25,25,277,204,0.019259531999978208,6,211,205,211,78,1,1,60,2,6,0.03238702700002705
s1_1000,S1-18267845,S2,India,selective_v2_compact,0,14,0,0,1,0,20,14,4,9,0.017642738000176905,55,10,30,30,192,151,0.018193951999933233,0,162,162,162,59,0,0,59,1,0,0.030302273999950557
s1_1000,S1-18267845,S3,India,selective_v2_compact,0,14,3,1,0,0,20,11,3,8,0.015601080999772421,55,10,30,24,299,241,0.016200442000013027,0,256,256,256,61,1,1,60,2,0,0.0402534669999568
s1_1000,S1-104565081,S2,US,selective_v2_compact,0,12,4,1,0,0,2,8,0,8,0.00372370799982491,15,1,3,16,274,234,0.0040621559999181045,5,239,234,239,101,1,1,60,2,5,0.016231340000103955
s1_1000,S1-104565081,S3,US,selective_v2_compact,0,12,4,1,0,0,2,8,0,8,0.0038926130000618286,15,1,3,16,282,240,0.004247968000072433,6,246,240,246,106,1,1,60,3,6,0.021403727000006256
s1_1000,S1-820439105,S2,US,selective_v2_compact,0,14,0,0,4,1,3,14,1,9,0.011544951999894693,21,1,4,29,147,92,0.011913975000084065,0,110,110,110,73,1,1,60,0,0,0.016477906999966763
s1_1000,S1-820439105,S3,US,selective_v2_compact,0,14,0,0,0,1,4,14,0,14,0.009340145000010125,21,1,5,29,210,121,0.009714451000036206,3,138,135,138,80,1,1,60,2,3,0.01534582399995088
s1_1000,S1-957128444,S2,India,selective_v2_compact,0,14,8,1,0,0,27,6,0,6,0.011404101000152878,78,6,33,13,261,252,0.012291408999999476,5,254,253,258,86,1,1,60,0,5,0.024793478999981744
s1_1000,S1-957128444,S3,India,selective_v2_compact,0,14,7,1,0,0,24,7,0,7,0.017679667999800586,78,3,27,15,267,238,0.018689283999947293,2,243,243,245,115,1,1,60,3,2,0.034165529000006245
s1_1000,S1-556228489,S2,US,selective_v2_compact,0,14,6,1,0,0,6,8,0,8,0.007998212000188687,36,0,6,16,219,201,0.008607632999996895,1,202,201,202,69,1,1,60,2,1,0.016562351999937164
s1_1000,S1-556228489,S3,US,selective_v2_compact,0,14,6,1,0,0,7,8,0,8,0.008838943000114341,36,0,7,16,256,233,0.009485081999969225,1,234,233,234,79,1,1,60,1,1,0.018851852000011604
s1_1000,S1-459637274,S2,US,selective_v2_compact,0,14,4,1,1,0,6,10,0,9,0.012012992000222766,28,1,7,21,254,219,0.012524506000090696,0,241,241,241,106,1,1,60,1,0,0.02909367800009477
s1_1000,S1-459637274,S3,US,selective_v2_compact,0,14,4,1,0,0,6,10,0,10,0.013207838000198535,28,1,7,21,265,213,0.01369664300000295,1,237,236,237,110,1,1,60,3,1,0.02516030200001751
s1_1000,S1-359255885,S2,US,selective_v2_compact,0,14,4,1,0,0,4,10,0,10,0.0056505080001443275,36,1,5,20,261,236,0.006350197999950069,0,236,236,236,81,1,1,60,1,0,0.019084277000047223
s1_1000,S1-359255885,S3,US,selective_v2_compact,0,14,4,1,0,0,4,10,0,10,0.006013982999888867,36,1,5,20,261,231,0.006713737000040965,0,231,231,231,89,1,1,60,2,0,0.020692392000000837
s1_1000,S1-154667224,S2,US,selective_v2_compact,0,14,7,1,1,0,6,7,0,6,0.018593138999904113,28,1,7,14,244,241,0.019076434999988123,0,241,241,241,119,1,1,60,1,0,0.0334679079999205
s1_1000,S1-154667224,S3,US,selective_v2_compact,0,14,9,1,0,0,6,5,0,5,0.011916498000005049,28,1,7,10,219,212,0.012410328999976628,3,215,212,215,118,1,1,60,1,3,0.020894301999987874
s1_1000,S1-261527017,S2,India,selective_v2_compact,0,14,6,1,0,0,20,8,0,8,0.007361442000160423,105,28,48,18,299,236,0.00850252800000817,0,266,266,266,101,1,1,60,2,0,0.02752704099998482
s1_1000,S1-261527017,S3,India,selective_v2_compact,0,14,4,1,0,0,22,10,0,10,0.04487308600016604,105,21,43,22,301,251,0.04613577500003885,1,271,270,271,92,1,1,60,1,1,0.06277026200007185
s1_1000,S1-96504376,S2,India,selective_v2_compact,0,14,9,1,0,0,23,5,0,5,0.00963862700007212,78,21,44,10,202,200,0.010349141999995481,1,200,200,201,103,1,1,60,1,1,0.02038259599999037
s1_1000,S1-96504376,S3,India,selective_v2_compact,0,14,7,1,0,0,29,7,1,6,0.010366556999997556,78,15,44,14,233,215,0.011115797000002203,11,226,215,226,93,1,1,60,3,11,0.021742263999954048
s1_1000,S1-876664844,S2,India,selective_v2_compact,0,14,0,1,0,0,21,14,3,11,0.014491284999849086,78,10,31,30,398,282,0.015531956000017999,8,341,333,341,102,1,1,60,2,8,0.04383681500007697
s1_1000,S1-876664844,S3,India,selective_v2_compact,0,14,5,1,1,0,23,9,1,7,0.009543268000129501,78,6,29,20,296,229,0.010521165999989535,13,276,263,276,97,1,1,60,2,13,0.02378164900005686
s1_1000,S1-563178896,S2,US,selective_v2_compact,0,14,2,1,2,0,3,12,2,8,0.007345093000139968,28,1,4,25,241,211,0.007892997999988438,0,233,233,233,99,1,1,60,1,0,0.02489229000002524
s1_1000,S1-563178896,S3,US,selective_v2_compact,0,14,0,0,3,0,4,14,1,10,0.006049063000205024,28,1,5,29,141,107,0.006556270000032782,2,119,117,119,83,1,1,60,2,2,0.012953302000028089
s1_1000,S1-797058141,S2,India,selective_v2_compact,0,14,3,1,0,0,19,11,1,10,0.013368179999929453,78,6,25,25,379,223,0.014501547999998365,2,323,321,323,100,1,1,60,3,2,0.03226034300007541
s1_1000,S1-797058141,S3,India,selective_v2_compact,0,14,4,1,0,0,20,10,0,10,0.016854856999998447,78,3,23,22,305,249,0.017982329999995272,1,278,277,278,94,1,1,60,2,1,0.03144919299995763
s1_1000,S1-339006820,S2,US,selective_v2_compact,0,14,9,1,0,0,7,5,0,5,0.013527962000125626,28,1,8,10,221,218,0.013992281000014373,0,218,218,218,67,1,1,60,1,0,0.02259499699994194
s1_1000,S1-339006820,S3,US,selective_v2_compact,0,14,9,1,0,0,7,5,0,5,0.014815756999837504,28,1,8,10,232,224,0.015292900999952508,0,224,224,224,72,1,1,60,4,0,0.024095749000025535
s1_1000,S1-869737087,S2,US,selective_v2_compact,0,14,0,0,1,0,2,14,0,13,0.002401656999836632,28,1,3,32,427,12,0.0029321529999606355,1,342,341,342,104,1,1,60,3,1,0.015879353000059382
s1_1000,S1-869737087,S3,US,selective_v2_compact,0,14,0,0,0,0,2,14,0,14,0.0027610150001464717,28,1,3,31,450,30,0.0032913960000087172,1,332,331,332,110,1,1,60,4,1,0.01811789700002464
s1_1000,S1-435186502,S2,India,selective_v2_compact,0,14,7,1,0,0,33,7,0,7,0.01329741700010345,78,6,39,15,221,204,0.014110402999904181,7,208,206,213,106,1,1,60,1,7,0.047072153999920374
s1_1000,S1-435186502,S3,India,selective_v2_compact,0,14,6,1,0,0,29,8,1,7,0.03010902099993018,78,6,35,17,315,284,0.031055476999995335,13,302,289,302,116,1,1,60,1,13,0.05361098699995637
s1_1000,S1-441272693,S2,India,selective_v2_compact,0,14,0,0,0,0,3,14,0,14,0.002617345000203386,28,3,6,31,140,48,0.0031201530000544153,1,69,68,69,58,0,0,58,3,1,0.006864948000043114
s1_1000,S1-441272693,S3,India,selective_v2_compact,0,14,0,0,1,0,4,14,0,13,0.017202864999831036,28,1,5,31,128,81,0.017706020999980865,0,98,98,98,77,1,1,60,3,0,0.0270464150000862
s1_1000,S1-30764726,S2,India,selective_v2_compact,0,14,5,1,2,0,31,9,0,7,0.017396602999951938,91,6,37,21,303,233,0.018466815000010683,2,267,265,267,102,1,1,60,4,2,0.036014004999969984
s1_1000,S1-30764726,S3,India,selective_v2_compact,0,14,9,1,0,0,25,5,0,5,0.020473774999800298,91,6,31,13,358,291,0.021662731999981588,1,331,330,331,85,1,1,60,1,1,0.03803479500004414
s1_1000,S1-790599481,S2,US,selective_v2_compact,0,14,0,0,4,0,4,14,1,9,0.010970414999860623,28,0,4,30,215,133,0.011539774000084435,0,180,180,180,96,1,1,60,3,0,0.020646816000066792
s1_1000,S1-790599481,S3,US,selective_v2_compact,0,14,0,0,2,2,6,14,0,12,0.007070919999932812,28,3,9,29,166,140,0.007499829000039426,0,144,144,144,74,1,1,60,2,0,0.014266775999999481
s1_1000,S1-487168388,S2,US,selective_v2_compact,0,14,8,1,0,0,18,6,1,5,0.02407704500001273,45,3,21,12,230,225,0.02461975500000335,0,225,225,225,92,1,1,60,1,0,0.037129754000034154
s1_1000,S1-487168388,S3,US,selective_v2_compact,0,14,8,1,0,0,18,6,1,5,0.025832087000253523,45,3,21,12,221,220,0.0263840050000681,0,220,220,220,96,1,1,60,0,0,0.04339377600001626
s1_1000,S1-975764386,S2,US,selective_v2_compact,0,14,6,1,0,0,4,8,1,7,0.01320325800008959,36,0,4,17,287,250,0.013875043999973968,0,275,275,275,82,1,1,60,3,0,0.03167847099996379
s1_1000,S1-975764386,S3,US,selective_v2_compact,0,14,6,1,0,0,4,8,1,7,0.017178495000052862,36,0,4,17,244,215,0.017842418999975962,0,240,240,240,79,1,1,60,1,0,0.029305802999942898
s1_1000,S1-264595908,S2,US,selective_v2_compact,0,11,0,0,1,1,8,11,0,10,0.018867036999722586,21,1,9,23,140,76,0.01914964900004179,0,124,124,124,90,1,1,60,1,0,0.024241520000032324
s1_1000,S1-264595908,S3,US,selective_v2_compact,0,11,0,0,4,1,8,11,0,7,0.024635114000034264,21,1,9,23,159,109,0.02491953799994917,0,152,152,152,99,1,1,60,0,0,0.03106958399996529
s1_1000,S1-297094958,S2,US,selective_v2_compact,0,14,3,1,0,0,4,11,0,11,0.02264628000000357,28,0,4,24,463,216,0.023266780999961156,1,420,419,420,99,1,1,60,1,1,0.04339963699999316
s1_1000,S1-297094958,S3,US,selective_v2_compact,0,14,7,1,0,0,5,7,0,7,0.019689630000016223,28,0,5,16,487,222,0.020240167999986625,0,472,472,472,116,1,1,60,2,0,0.03943120099995667
s1_1000,S1-100276475,S2,US,selective_v2_compact,0,14,0,0,0,0,3,14,0,14,0.003223410000032345,21,0,3,29,285,107,0.0036447909999424155,2,203,201,203,94,1,1,60,2,2,0.011697017999949821
s1_1000,S1-100276475,S3,US,selective_v2_compact,0,14,0,0,0,0,3,14,0,14,0.00401469499979612,21,0,3,29,330,166,0.004456871999991563,2,264,262,264,111,1,1,60,2,2,0.018501958999991075
s1_1000,S1-439825849,S2,US,selective_v2_compact,0,14,0,0,1,0,0,14,0,13,0.007280353999931322,21,0,0,29,213,138,0.007751349999921331,1,182,181,182,77,1,1,60,4,1,0.018761322000045766
s1_1000,S1-439825849,S3,US,selective_v2_compact,0,14,0,0,0,0,0,14,0,14,0.008122558999843932,21,0,0,29,205,143,0.008598626999969383,0,186,186,186,79,1,1,60,3,0,0.02038232400002471
s1_1000,S1-8781400,S2,US,selective_v2_compact,0,14,7,1,1,0,6,7,0,6,0.015656236999916473,28,1,7,14,261,258,0.01620253999999477,0,258,258,258,87,1,1,60,2,0,0.026058392999971147
s1_1000,S1-8781400,S3,US,selective_v2_compact,0,14,8,1,1,0,10,6,0,5,0.015191762999961611,36,3,13,14,257,245,0.015710211999930834,1,247,246,247,78,1,1,60,2,1,0.025308735000066918
s1_1000,S1-796931678,S2,US,selective_v2_compact,0,14,7,1,2,0,3,7,0,5,0.006319779999898856,28,3,6,15,357,264,0.006843839999987722,0,355,355,355,119,1,1,60,0,0,0.02099621999991541
s1_1000,S1-796931678,S3,US,selective_v2_compact,0,14,7,1,1,0,3,7,0,6,0.006362112999909186,28,3,6,15,349,259,0.006906527999944956,1,343,342,343,118,1,1,60,0,1,0.020790178999959608
s1_1000,S1-13128280,S2,India,selective_v2_compact,0,14,7,1,3,0,29,7,0,4,0.008700890000113759,120,36,65,14,291,286,0.009874641999999767,3,289,286,289,113,1,1,60,0,3,0.029462633999969512
s1_1000,S1-13128280,S3,India,selective_v2_compact,0,14,7,1,1,0,38,7,1,5,0.007676972999888676,120,21,59,14,247,238,0.00886139799990815,7,245,238,245,87,1,1,60,1,7,0.024142685000015263
s1_1000,S1-1186347,S2,India,selective_v2_compact,0,11,7,1,0,11,41,4,0,4,0.014841242999978022,78,15,56,8,215,206,0.015295328000092923,7,208,206,213,89,1,1,60,1,7,0.025228587000015068
s1_1000,S1-1186347,S3,India,selective_v2_compact,0,14,9,1,1,7,46,5,0,4,0.01575989999992089,78,6,52,10,224,213,0.016396241000052214,5,213,213,218,70,1,1,60,1,5,0.02601645599997937
s1_1000,S1-108034941,S2,US,selective_v2_compact,0,10,4,1,1,5,20,6,0,5,0.014799976000176684,45,10,30,12,299,291,0.015201321000063217,67,294,291,358,159,1,1,60,3,52,0.03479186899994602
s1_1000,S1-108034941,S3,US,selective_v2_compact,0,10,6,1,1,5,15,4,0,3,0.01273439000021881,45,15,30,8,250,246,0.013104710999982672,47,249,246,293,156,1,1,60,2,46,0.031225748999986536
s1_1000,S1-116182582,S2,India,selective_v2_compact,0,14,5,1,0,0,42,9,1,8,0.017677617000117607,91,15,57,19,275,211,0.01843423899993013,1,253,252,253,95,1,1,60,2,1,0.03372613600004115
s1_1000,S1-116182582,S3,India,selective_v2_compact,0,14,6,1,0,0,40,8,1,7,0.021081754000078945,91,10,50,17,269,204,0.021948014000031435,1,252,251,252,84,1,1,60,3,1,0.03659507700001541
s1_1000,S1-442885636,S2,India,selective_v2_compact,0,13,2,1,0,12,20,11,3,8,0.009002749000160293,66,21,41,22,327,247,0.009633688999997503,0,247,247,247,100,1,1,60,0,0,0.02467341600004147
s1_1000,S1-442885636,S3,India,selective_v2_compact,0,14,8,1,0,8,24,6,0,6,0.005806142000324144,66,15,39,12,261,218,0.006402546000003895,0,218,218,218,82,1,1,60,1,0,0.019924215999935768
s1_1000,S1-102330347,S2,US,selective_v2_compact,0,11,0,0,2,0,3,11,0,9,0.005079726999838385,15,1,4,23,196,125,0.005363381000051959,11,171,160,171,87,1,1,60,2,11,0.012134736000007251
s1_1000,S1-102330347,S3,US,selective_v2_compact,0,11,0,0,4,0,3,11,0,7,0.005720022999980756,15,1,4,23,244,163,0.006031335999978182,21,221,200,221,99,1,1,60,1,21,0.014727804000017386
s1_1000,S1-311565031,S2,India,selective_v2_compact,0,14,9,1,0,0,7,5,0,5,0.01118465299998661,66,0,7,11,307,287,0.012336656999991646,0,293,293,293,102,1,1,60,3,0,0.025888180999913857
s1_1000,S1-311565031,S3,India,selective_v2_compact,0,14,9,1,3,0,3,5,0,2,0.010647387000176423,66,0,3,12,300,261,0.011970434999966528,0,296,296,296,101,1,1,60,1,0,0.025668525999890335
s1_1000,S1-789958686,S2,US,selective_v2_compact,0,14,2,1,2,2,8,12,0,10,0.01740783799982637,28,1,9,25,479,218,0.01791685199998483,2,455,455,457,112,1,1,60,0,2,0.03945279599997775
s1_1000,S1-789958686,S3,US,selective_v2_compact,0,14,5,1,2,2,6,9,0,7,0.015946808999842688,28,3,9,19,502,226,0.016445061000013084,2,476,476,478,120,1,1,60,0,2,0.03544547599994985
s1_1000,S1-699248674,S2,US,selective_v2_compact,0,14,0,0,3,1,4,14,1,10,0.008098155000084262,21,1,5,30,272,158,0.008537033000038718,0,233,233,233,116,1,1,60,0,0,0.017908347000002323
s1_1000,S1-699248674,S3,US,selective_v2_compact,0,14,4,1,0,1,4,10,1,9,0.00817472100015948,21,1,5,22,320,203,0.008579393999980311,1,279,278,279,113,1,1,60,2,1,0.01975063700001556
s1_1000,S1-144816753,S2,India,selective_v2_compact,0,14,9,1,0,0,38,5,0,5,0.017798083000002407,120,6,44,10,237,207,0.01921630799995455,6,207,207,213,106,1,1,60,1,6,0.02967856199995822
s1_1000,S1-144816753,S3,India,selective_v2_compact,0,14,7,1,0,0,39,7,0,7,0.019383277999963866,120,6,45,14,263,201,0.02098563499998818,15,202,201,216,113,1,1,60,3,15,0.03168485999992754
s1_1000,S1-272137225,S2,US,selective_v2_compact,0,14,0,0,0,0,1,14,0,14,0.005281092000132048,36,0,1,29,133,32,0.005964271000038934,1,70,69,70,70,1,1,60,3,1,0.010743554999976368
s1_1000,S1-272137225,S3,US,selective_v2_compact,0,14,0,0,3,0,1,14,0,11,0.005605277000199749,36,0,1,29,124,47,0.0062529410000706775,1,103,102,103,87,1,1,60,1,1,0.015721069000051102
s1_1000,S1-522017122,S2,US,selective_v2_compact,0,13,7,1,0,4,8,6,0,6,0.017179237000163994,28,3,11,13,387,211,0.01761988599992037,5,366,361,366,114,1,1,60,2,5,0.03429861899996922
s1_1000,S1-522017122,S3,US,selective_v2_compact,0,12,0,0,0,4,9,12,0,12,0.019735072000230502,28,3,12,25,371,182,0.020190992000038932,0,315,315,315,106,1,1,60,1,0,0.03450626599999396
s1_1000,S1-100167734,S2,US,selective_v2_compact,0,14,3,1,5,0,3,11,0,6,0.02290919900008248,28,0,3,24,528,299,0.02364782200004356,0,519,519,519,120,1,1,60,0,0,0.05400749900002211
s1_1000,S1-100167734,S3,US,selective_v2_compact,0,14,0,0,0,0,3,14,2,12,0.025837064000029386,28,0,3,30,424,125,0.026421765000009145,2,391,389,391,113,1,1,60,2,2,0.052438293000022895
s1_1000,S1-479725005,S2,US,selective_v2_compact,0,14,0,0,1,0,0,14,2,11,0.006056875000126638,21,0,0,30,176,80,0.006515867000075559,0,116,116,116,76,1,1,60,3,0,0.011339452000015626
s1_1000,S1-479725005,S3,US,selective_v2_compact,0,14,0,0,4,0,0,14,2,8,0.005895260999977836,21,0,0,30,167,76,0.006337676000043757,2,113,111,113,78,1,1,60,3,2,0.011258293999958369
s1_1000,S1-743531791,S2,US,selective_v2_compact,0,14,4,1,1,0,16,10,3,6,0.018884804999970584,45,3,19,20,208,204,0.019488518999992266,1,205,204,205,118,1,1,60,2,1,0.032097274999955516
s1_1000,S1-743531791,S3,US,selective_v2_compact,0,14,3,1,0,0,16,11,3,8,0.02884930000004715,45,3,19,22,303,204,0.02948275799997191,2,206,204,206,113,1,1,60,2,2,0.04096383399996739
s1_1000,S1-652207412,S2,US,selective_v2_compact,0,13,0,0,2,0,2,13,1,10,0.011755342999890672,15,0,2,26,184,165,0.012108130000001438,13,178,165,178,79,1,1,60,1,13,0.018999968999992234
s1_1000,S1-652207412,S3,US,selective_v2_compact,0,13,3,1,1,0,2,10,1,8,0.010546427999884145,15,0,2,20,231,212,0.010891268000023047,12,224,212,224,81,1,1,60,2,12,0.02256287299996984
s1_1000,S1-185985394,S2,US,selective_v2_compact,0,14,0,0,6,0,2,14,1,7,0.01676111300002958,36,0,2,29,236,113,0.017452112000000852,0,221,221,221,85,1,1,60,0,0,0.02995469300003606
s1_1000,S1-185985394,S3,US,selective_v2_compact,0,14,0,1,1,0,6,14,1,12,0.02563410900006602,36,1,7,29,459,311,0.026392352999891955,0,419,419,419,93,1,1,60,0,0,0.05634479100001499
s1_1000,S1-937018924,S2,US,selective_v2_compact,0,14,0,0,0,0,3,14,0,14,0.022089927000138232,28,0,3,29,288,125,0.022660879999989447,2,243,241,243,105,1,1,60,2,2,0.03921703100002105
s1_1000,S1-937018924,S3,US,selective_v2_compact,0,14,0,0,2,0,4,14,0,12,0.023154383999667516,28,0,4,29,316,145,0.02373686800001451,0,283,283,283,110,1,1,60,1,0,0.04362636600001224
s1_1000,S1-945498259,S2,India,selective_v2_compact,0,14,3,1,1,0,19,11,0,10,0.011559308000073543,120,3,22,22,245,241,0.013482960000033017,0,241,241,241,98,1,1,60,0,0,0.029343057999994926
s1_1000,S1-945498259,S3,India,selective_v2_compact,0,14,5,1,0,0,18,9,0,9,0.011395883999739453,120,1,19,18,246,235,0.013325932000043395,4,235,235,239,98,1,1,60,1,4,0.031976517999964926
s1_1000,S1-631614917,S2,India,selective_v2_compact,0,14,6,1,2,0,40,8,2,4,0.010406571000203257,105,10,50,16,214,214,0.011540018000005148,7,214,214,221,87,1,1,60,0,7,0.0223092109999925
s1_1000,S1-631614917,S3,India,selective_v2_compact,0,14,6,1,0,0,36,8,1,7,0.11405982199994469,105,6,42,16,256,243,0.11537841200004095,10,243,243,253,88,1,1,60,2,10,0.13225894100003188
s1_1000,S1-961548696,S2,India,selective_v2_compact,0,14,8,1,0,0,38,6,0,6,0.009336358000155087,105,10,48,12,232,218,0.010533193000014762,1,219,218,219,80,1,1,60,2,1,0.022837897000044904
s1_1000,S1-961548696,S3,India,selective_v2_compact,0,14,5,1,0,0,38,9,1,8,0.012254973000040081,105,6,44,18,262,213,0.013470477999931063,0,213,213,213,102,1,1,60,3,0,0.024020575999998073
s1_1000,S1-341514955,S2,US,selective_v2_compact,0,14,4,1,0,1,4,10,2,8,0.016142637000029936,21,1,5,20,211,204,0.01653477100001055,0,204,204,204,95,1,1,60,2,0,0.026418338999974367
s1_1000,S1-341514955,S3,US,selective_v2_compact,0,14,0,0,0,1,5,14,2,12,0.017560645000116892,21,1,6,28,140,110,0.01791284499995527,1,111,110,111,85,1,1,60,2,1,0.025345738000055462
s1_1000,S1-383744417,S2,US,selective_v2_compact,0,14,4,1,1,0,18,10,0,9,0.02009391100011726,45,3,21,20,308,286,0.020735748999982206,53,288,286,339,143,1,1,60,2,49,0.04331435300002795
s1_1000,S1-383744417,S3,US,selective_v2_compact,0,13,8,1,0,3,23,5,0,5,0.015647326000021167,45,6,29,10,285,264,0.016072438000037437,52,268,264,316,141,1,1,60,1,48,0.02887021599997297
s1_1000,S1-499340462,S2,India,selective_v2_compact,0,14,6,1,0,0,24,8,1,7,0.014686285000038879,66,10,34,16,343,307,0.015409525999984908,6,313,307,313,116,1,1,60,2,6,0.03560072900006617
s1_1000,S1-499340462,S3,India,selective_v2_compact,0,14,6,1,0,0,26,8,0,8,0.013286304000189375,66,6,32,16,358,310,0.014104329000019789,9,319,310,319,95,1,1,60,0,9,0.02858247000006031
s1_1000,S1-846958059,S2,US,selective_v2_compact,0,14,3,1,1,0,8,11,1,9,0.011528325000085715,55,3,11,23,297,245,0.01244544499991207,1,276,275,276,99,1,1,60,2,1,0.028174290000038127
s1_1000,S1-846958059,S3,US,selective_v2_compact,0,14,6,1,0,0,11,8,0,8,0.008669858000075692,66,6,17,18,293,230,0.009671007000065401,1,263,262,263,108,1,1,60,3,1,0.020530192000023817
s1_1000,S1-351883628,S2,India,selective_v2_compact,0,14,0,0,0,0,3,14,2,12,0.00567137999996703,36,1,4,29,113,69,0.006303634999994756,1,79,78,79,77,1,1,60,2,1,0.011117220999949495
s1_1000,S1-351883628,S3,India,selective_v2_compact,0,14,0,0,0,0,2,14,0,14,0.006319387000189636,36,0,2,29,164,107,0.006996623000077307,0,116,116,116,78,1,1,60,1,0,0.013167917000032503
s1_1000,S1-518262604,S2,India,selective_v2_compact,0,14,5,1,1,0,11,9,0,8,0.00792002700006833,55,3,14,20,319,206,0.008820476999972016,0,238,238,238,79,1,1,60,1,0,0.023353290999921228
s1_1000,S1-518262604,S3,India,selective_v2_compact,0,14,0,0,1,0,11,14,0,13,0.01455689399995208,55,1,12,30,275,172,0.01544316499996512,0,202,202,202,78,1,1,60,2,0,0.031158439000023463
s1_1000,S1-356624931,S2,US,selective_v2_compact,0,14,0,0,3,0,5,14,3,8,0.006941236999637113,36,3,8,31,116,29,0.007474073000025783,2,69,67,69,68,1,1,60,1,2,0.010603994000007333
s1_1000,S1-356624931,S3,US,selective_v2_compact,0,14,0,0,0,0,5,14,3,11,0.007453343000179302,36,3,8,31,115,25,0.00798486700000467,1,60,59,60,60,1,0,60,3,1,0.010776450000093973
s1_1000,S1-480729531,S2,US,selective_v2_compact,0,14,0,0,0,0,4,14,1,13,0.007033867999666654,28,1,5,30,157,80,0.007498899999973219,1,113,112,113,82,1,1,60,2,1,0.01212801099995886
s1_1000,S1-480729531,S3,US,selective_v2_compact,0,14,1,1,0,0,5,13,0,13,0.00692824600014319,28,1,6,28,346,265,0.007491793999975016,2,293,291,293,77,1,1,60,3,2,0.03148491800004649
s1_1000,S1-26256799,S2,US,selective_v2_compact,0,14,0,0,4,0,5,14,0,10,0.010114753999914683,36,1,6,29,353,165,0.01078313799996522,0,339,339,339,116,1,1,60,0,0,0.027366373000063504
s1_1000,S1-26256799,S3,US,selective_v2_compact,0,14,0,0,0,0,6,14,0,14,0.011161572999753844,36,1,7,29,407,196,0.01185721999991074,1,379,378,379,112,1,1,60,2,1,0.02940947900003721
s1_1000,S1-614260199,S2,US,selective_v2_compact,0,14,9,1,0,0,7,5,0,5,0.01665898700002799,28,1,8,10,232,213,0.01715998400004537,7,220,213,220,93,1,1,60,3,7,0.026662093999902936
s1_1000,S1-614260199,S3,US,selective_v2_compact,0,14,9,1,0,0,7,5,0,5,0.01778349200003504,28,1,8,10,225,209,0.018234240999959184,10,219,209,219,109,1,1,60,2,10,0.027033285000015894
s1_1000,S1-942376087,S2,India,selective_v2_compact,0,14,5,1,0,0,15,9,1,8,0.010013340000000426,105,3,18,21,325,294,0.011700957000016388,2,298,296,298,77,1,1,60,3,2,0.02521810899997945
s1_1000,S1-942376087,S3,India,selective_v2_compact,0,14,4,1,0,0,15,10,1,9,0.0067608190000783,105,3,18,23,280,249,0.008451606999983596,2,253,251,253,77,1,1,60,4,2,0.020219380999947134
s1_1000,S1-369680649,S2,India,selective_v2_compact,0,14,4,1,0,0,28,10,1,9,0.014026669999907426,105,21,49,21,265,241,0.01517714800002068,0,257,257,257,89,1,1,60,0,0,0.0367470130000811
s1_1000,S1-369680649,S3,India,selective_v2_compact,0,14,3,1,0,0,27,11,2,9,0.038398523999831013,105,21,48,23,308,269,0.03962586099999044,0,287,287,287,102,1,1,60,0,0,0.06217930899993007
s1_1000,S1-214898305,S2,US,selective_v2_compact,0,14,1,1,0,0,0,13,0,13,0.004966439000099854,21,1,1,27,236,205,0.005459628999915367,1,208,207,208,77,1,1,60,2,1,0.017160984000042845
s1_1000,S1-214898305,S3,US,selective_v2_compact,0,14,0,1,4,0,0,14,0,10,0.005338417999951162,21,1,1,29,211,201,0.005817612999976518,0,202,202,202,68,1,1,60,1,0,0.019109531000026436
s1_1000,S1-991843051,S2,India,selective_v2_compact,0,14,4,1,0,0,22,10,0,10,0.013963375000002998,120,6,28,22,331,267,0.015750229999980547,1,311,310,311,94,1,1,60,1,1,0.03042016099993816
s1_1000,S1-991843051,S3,India,selective_v2_compact,0,14,0,1,0,0,21,14,0,14,0.02521374099978857,120,0,21,30,297,227,0.02710132800007159,1,285,284,285,87,1,1,60,2,1,0.04459772900008829
s1_1000,S1-494187676,S2,US,selective_v2_compact,0,14,0,1,4,0,6,14,0,10,0.013665384999512753,45,1,7,30,582,330,0.014594688999977734,0,565,565,565,114,1,1,60,2,0,0.060927066000090235
s1_1000,S1-494187676,S3,US,selective_v2_compact,0,14,6,1,1,0,9,8,0,7,0.012895892000187814,45,1,10,16,221,205,0.013620925999930478,4,209,205,209,78,1,1,60,3,4,0.023169712000026266
s1_1000,S1-380932102,S2,US,selective_v2_compact,0,14,10,1,0,0,3,4,0,4,0.010092909999798394,36,3,6,10,266,255,0.010741762000066046,4,258,255,259,75,1,1,60,2,4,0.020863083999984156
s1_1000,S1-380932102,S3,US,selective_v2_compact,0,14,11,1,0,0,3,3,0,3,0.009573014000011426,28,3,6,6,279,272,0.010063704999993206,7,279,272,279,80,1,1,60,1,7,0.02077617999998438
s1_1000,S1-37805904,S2,US,selective_v2_compact,0,14,0,0,0,0,1,14,1,13,0.008064773999876707,15,0,1,29,144,90,0.008389179000005242,1,109,109,110,65,1,1,60,3,1,0.014546871999982613
s1_1000,S1-37805904,S3,US,selective_v2_compact,0,14,0,0,0,0,1,14,1,13,0.009382555000115644,15,0,1,29,179,149,0.009734331999993628,0,162,162,162,89,1,1,60,1,0,0.019112140000061117
s1_1000,S1-482910661,S2,US,selective_v2_compact,0,14,0,0,3,0,1,14,1,10,0.006341343999793025,15,0,1,29,169,78,0.0066546890000154235,1,140,139,140,105,1,1,60,3,1,0.012364173999912964
s1_1000,S1-482910661,S3,US,selective_v2_compact,0,14,0,0,0,0,1,14,1,13,0.006544561000168869,15,0,1,29,179,84,0.006861985000000459,2,151,149,151,105,1,1,60,4,2,0.013883910000004107
s1_1000,S1-761935587,S2,US,selective_v2_compact,0,14,0,0,1,0,4,14,1,12,0.00477578600009565,28,1,5,30,321,182,0.005301548000034018,1,275,274,275,106,1,1,60,2,1,0.022302258999957303
s1_1000,S1-761935587,S3,US,selective_v2_compact,0,14,0,0,0,0,4,14,1,13,0.005010144999914701,28,1,5,30,319,183,0.005532546000040384,0,266,266,266,106,1,1,60,2,0,0.021898587000009684
s1_1000,S1-862207745,S2,India,selective_v2_compact,0,14,6,1,0,0,4,8,0,8,0.005976464000013948,36,1,5,19,344,275,0.006641638000019157,0,317,317,317,81,1,1,60,2,0,0.02464594900004613
s1_1000,S1-862207745,S3,India,selective_v2_compact,0,14,0,0,1,0,3,14,1,12,0.006937766999953965,36,0,3,31,144,62,0.007600508000109585,0,108,108,108,70,1,1,60,2,0,0.013135924000039267
s1_1000,S1-41147272,S2,India,selective_v2_compact,0,14,6,1,0,0,19,8,0,8,0.011714007999898968,120,6,25,18,270,241,0.013513524000018151,2,250,250,252,97,1,1,60,2,2,0.026286208999977134
s1_1000,S1-41147272,S3,India,selective_v2_compact,0,14,4,1,1,0,17,10,0,9,0.010817988999860972,120,6,23,22,314,290,0.012749856000027648,3,298,298,301,69,1,1,60,1,3,0.03365423100001408
s1_1000,S1-291933980,S2,US,selective_v2_compact,0,14,0,0,0,0,4,14,1,13,0.01216378599986001,28,1,5,28,157,137,0.012678367999910733,1,138,137,138,96,1,1,60,1,1,0.02517544900001667
s1_1000,S1-291933980,S3,US,selective_v2_compact,0,14,0,0,0,0,5,14,0,14,0.009232299000018429,28,1,6,28,188,150,0.0097224419999975,1,151,150,151,92,1,1,60,4,1,0.023525047000021004
s1_1000,S1-465564443,S2,US,selective_v2_compact,0,14,0,1,4,0,1,14,0,10,0.007658882999976413,21,0,1,29,239,207,0.008136542999977792,0,227,227,227,80,1,1,60,1,0,0.022804452000059428
s1_1000,S1-465564443,S3,US,selective_v2_compact,0,14,0,1,0,0,1,14,0,14,0.008176860000162378,21,0,1,29,283,212,0.008680295000090155,1,233,232,233,78,1,1,60,4,1,0.023294942000006813
s1_1000,S1-716529185,S2,US,selective_v2_compact,0,14,0,0,6,0,1,14,0,8,0.0062446310000723315,21,0,1,28,147,141,0.0067203759999756585,0,141,141,141,48,0,0,48,1,0,0.012522267999997894
s1_1000,S1-716529185,S3,US,selective_v2_compact,0,14,0,0,0,0,1,14,0,14,0.006697736000432997,21,0,1,28,211,167,0.007164845000033893,2,169,167,169,53,0,0,53,3,2,0.014185255000029429
s1_1000,S1-252815076,S2,US,selective_v2_compact,0,14,6,1,0,0,6,8,0,8,0.01680020499998136,36,1,7,17,241,203,0.01743152899996403,0,220,220,220,115,1,1,60,1,0,0.030429979000018648
s1_1000,S1-252815076,S3,US,selective_v2_compact,0,14,7,1,0,0,6,7,0,7,0.017112571000097887,36,1,7,15,258,214,0.01776692400005686,1,230,229,230,114,1,1,60,3,1,0.031301170000006096
s1_1000,S1-741530614,S2,US,selective_v2_compact,0,10,0,0,0,0,0,10,0,10,0.0009093320001056782,10,0,0,22,267,0,0.0011003259999142756,2,238,236,238,64,1,1,60,3,2,0.010440225000024839
s1_1000,S1-741530614,S3,US,selective_v2_compact,0,10,0,0,0,0,0,10,0,10,0.0008464359997333304,10,0,0,23,322,0,0.0010344209999857412,2,306,304,306,79,1,1,60,1,2,0.01298203899989403
s1_1000,S1-264006576,S2,India,selective_v2_compact,0,14,0,0,0,0,29,14,1,13,0.015768314999945687,120,15,44,31,306,118,0.017302354999969793,0,256,256,256,107,1,1,60,1,0,0.037084342999946784
s1_1000,S1-264006576,S3,India,selective_v2_compact,0,14,0,0,1,0,28,14,2,11,0.01560437999989972,120,15,43,32,434,162,0.017174315000033857,1,359,358,359,113,1,1,60,3,1,0.03864408899994487
s1_1000,S1-703314149,S2,India,selective_v2_compact,0,14,1,1,2,0,22,13,2,9,0.0230626630000188,105,15,37,27,258,241,0.024456566000026214,0,250,250,250,98,1,1,60,1,0,0.04305356199995458
s1_1000,S1-703314149,S3,India,selective_v2_compact,0,14,5,1,0,0,27,9,0,9,0.019865059999915502,105,6,33,19,303,270,0.021273319999977502,2,289,287,289,79,1,1,60,2,2,0.04525038000008408
s1_1000,S1-889530437,S2,US,selective_v2_compact,0,14,7,1,0,0,8,7,1,6,0.015472490000206562,28,1,9,15,259,236,0.01596156199991583,6,247,246,252,45,0,0,45,4,6,0.030016256999942925
s1_1000,S1-889530437,S3,US,selective_v2_compact,0,14,7,1,0,0,8,7,1,6,0.016191484999694694,28,1,9,15,247,219,0.016648948000010932,3,232,231,234,42,0,0,42,3,3,0.02611980999995467
s1_1000,S1-950047153,S2,US,selective_v2_compact,0,14,7,1,0,1,5,7,1,6,0.02104411299990261,21,0,5,14,239,214,0.021477423999954226,1,215,214,215,75,1,1,60,1,1,0.033153756999922734
s1_1000,S1-950047153,S3,US,selective_v2_compact,0,14,7,1,0,1,5,7,1,6,0.02210672299986527,21,0,5,14,259,240,0.02250690300002134,0,240,240,240,79,1,1,60,1,0,0.037452950999977475
s1_1000,S1-718541486,S2,US,selective_v2_compact,0,14,4,1,2,0,9,10,0,8,0.01396203199988122,55,3,12,21,259,249,0.014867379999941477,0,251,251,251,99,1,1,60,1,0,0.024745226999925762
s1_1000,S1-718541486,S3,US,selective_v2_compact,0,14,4,1,0,0,9,10,0,10,0.014943873000106578,55,3,12,21,235,216,0.01581064200001947,0,219,219,219,98,1,1,60,3,0,0.024686599000006026
s1_1000,S1-19172434,S2,US,selective_v2_compact,0,14,5,1,0,0,10,9,0,9,0.011958657999912248,36,1,11,20,307,209,0.012566166999931738,2,245,243,245,77,1,1,60,2,2,0.022154751000016404
s1_1000,S1-19172434,S3,US,selective_v2_compact,0,14,8,1,0,0,10,6,0,6,0.008112467000046308,36,1,11,14,267,206,0.008651559999975689,1,232,231,232,79,1,1,60,1,1,0.017988016999993306
s1_1000,S1-531268470,S2,US,selective_v2_compact,0,12,0,0,3,0,3,12,0,9,0.00800034200005939,15,0,3,25,249,144,0.008342759000015576,0,232,232,232,91,1,1,60,1,0,0.017436516999964624
s1_1000,S1-531268470,S3,US,selective_v2_compact,0,12,0,0,0,0,3,12,0,12,0.008862346000000798,15,0,3,25,290,152,0.009190658999955303,2,243,241,243,92,1,1,60,2,2,0.018796374999965337
s1_1000,S1-56369002,S2,India,selective_v2_compact,0,14,7,1,0,0,24,7,0,7,0.005307462000132546,78,3,27,16,297,223,0.00632973699998729,0,273,273,273,114,1,1,60,1,0,0.024002046999953563
s1_1000,S1-56369002,S3,India,selective_v2_compact,0,14,6,1,0,0,21,8,0,8,0.008055524000155856,78,3,24,18,321,253,0.00914812600001369,0,300,300,300,97,1,1,60,3,0,0.027448484000046847
s1_1000,S1-851172257,S2,India,selective_v2_compact,0,14,4,1,0,0,32,10,0,10,0.01563738999971065,120,10,42,21,389,290,0.01724464399990211,1,348,347,348,80,1,1,60,2,1,0.04104845799997747
s1_1000,S1-851172257,S3,India,selective_v2_compact,0,14,3,1,1,0,31,11,0,10,0.1127120260001675,120,6,37,22,305,297,0.11436253199997282,0,297,297,297,76,1,1,60,1,0,0.135058789000027
s1_1000,S1-839695817,S2,India,selective_v2_compact,0,14,7,1,0,0,45,7,0,7,0.01581296000006205,120,15,60,15,343,269,0.017067606000068736,1,327,326,327,117,1,1,60,3,1,0.039102159999970354
s1_1000,S1-839695817,S3,India,selective_v2_compact,0,14,7,1,1,0,54,7,0,6,0.016446560000190402,120,6,60,15,334,269,0.017713006000008136,0,328,328,328,118,1,1,60,0,0,0.03763216200002262
s1_1000,S1-117184918,S2,US,selective_v2_compact,0,14,8,1,0,0,12,6,1,5,0.02025553599992236,36,3,15,12,216,210,0.020742648000009467,2,212,210,212,102,1,1,60,1,2,0.03154175599991049
s1_1000,S1-117184918,S3,US,selective_v2_compact,0,14,4,1,0,0,12,10,3,7,0.03203978499993809,36,3,15,20,258,244,0.03254347199992935,0,244,244,244,116,1,1,60,2,0,0.044904574000042885
s1_1000,S1-103120265,S2,India,selective_v2_compact,0,14,0,0,0,0,16,14,0,14,0.015142570999728378,55,6,22,30,336,195,0.015852315999950406,0,256,256,256,79,1,1,60,0,0,0.031772123999985524
s1_1000,S1-103120265,S3,India,selective_v2_compact,0,14,3,1,0,0,16,11,1,10,0.0157929750000676,55,6,22,24,379,233,0.016560829000013655,0,292,292,292,79,1,1,60,0,0,0.03645063299995854
s1_1000,S1-869535932,S2,US,selective_v2_compact,0,14,4,1,0,0,1,10,0,10,0.00529694199997266,21,0,1,20,231,206,0.005763385999898674,0,206,206,206,104,1,1,60,2,0,0.01534870199998295
s1_1000,S1-869535932,S3,US,selective_v2_compact,0,14,1,1,0,0,1,13,0,13,0.0077569019999828015,21,0,1,26,270,242,0.008262346000037724,0,242,242,242,95,1,1,60,2,0,0.02230908600006387
s1_1000,S1-887169774,S2,US,selective_v2_compact,0,14,0,0,0,0,3,14,2,12,0.012167948999717737,21,1,4,30,364,88,0.012581913999952121,1,329,328,329,101,1,1,60,2,1,0.02623322099998404
s1_1000,S1-887169774,S3,US,selective_v2_compact,0,14,0,0,1,0,3,14,2,11,0.012713933999748406,21,1,4,29,147,117,0.013104706000035549,1,136,135,136,84,1,1,60,1,1,0.019750061999957325
s1_1000,S1-492543909,S2,India,selective_v2_compact,0,14,0,1,0,0,6,14,2,12,0.010150123000130407,36,1,7,28,301,214,0.010807404999923165,2,214,214,216,80,1,1,60,2,2,0.02687780600001588
s1_1000,S1-492543909,S3,India,selective_v2_compact,0,14,3,1,0,0,2,11,1,10,0.014774908999925174,36,0,2,22,215,202,0.015518285999974069,2,203,202,204,76,1,1,60,1,2,0.025104089000024032
s1_1000,S1-94599318,S2,US,selective_v2_compact,0,14,0,0,0,1,4,14,1,13,0.029429863000018486,21,0,4,29,309,173,0.029908266000006734,92,203,203,295,148,1,1,60,1,48,0.04203847600001609
s1_1000,S1-94599318,S3,US,selective_v2_compact,0,14,2,1,0,1,4,12,1,11,0.03150103199982368,21,0,4,25,364,201,0.03197626799999398,88,235,235,323,160,1,1,60,3,45,0.045837243000050876
s1_1000,S1-677598357,S2,US,selective_v2_compact,0,14,0,0,5,0,2,14,0,9,0.01405264199991052,21,0,2,31,201,172,0.014503709999985404,0,193,193,193,79,1,1,60,1,0,0.02225493099990672
s1_1000,S1-677598357,S3,US,selective_v2_compact,0,14,0,0,2,0,2,14,0,12,0.014871760000119139,21,0,2,31,218,189,0.015321003000053679,0,202,202,202,79,1,1,60,1,0,0.026650707999920087
s1_1000,S1-730719207,S2,US,selective_v2_compact,0,14,7,1,0,0,14,7,0,7,0.03442637200009813,36,1,15,14,239,228,0.03491042500002095,1,229,228,229,82,1,1,60,1,1,0.06338539900002615
s1_1000,S1-730719207,S3,US,selective_v2_compact,0,14,7,1,0,0,14,7,0,7,0.036563334999982544,36,1,15,14,253,242,0.03705740800000967,2,244,242,244,84,1,1,60,2,2,0.04723365100005594
s1_1000,S1-369861184,S2,US,selective_v2_compact,0,14,7,1,0,0,9,7,0,7,0.01875486500000534,36,3,12,15,248,206,0.01931478699998479,0,224,224,224,118,1,1,60,0,0,0.029237564000027305
s1_1000,S1-369861184,S3,US,selective_v2_compact,0,14,7,1,0,0,9,7,0,7,0.02028219299995726,36,3,12,15,288,225,0.020836008999935984,3,247,244,247,114,1,1,60,4,3,0.03559736600004726
s1_1000,S1-295668361,S2,US,selective_v2_compact,0,13,0,0,2,2,5,13,0,11,0.005404179000038312,21,1,6,29,118,91,0.0057312850000244,2,98,96,98,61,1,1,60,2,2,0.00991557500003637
s1_1000,S1-295668361,S3,US,selective_v2_compact,0,13,0,0,1,2,5,13,0,12,0.006009984999991502,21,1,6,29,139,90,0.006327116999955251,1,107,106,107,71,1,1,60,1,1,0.010945605999950203
s1_1000,S1-858735224,S2,US,selective_v2_compact,0,13,7,1,1,0,2,6,0,5,0.008903060000079677,15,0,2,14,318,208,0.00924471899998025,26,272,246,272,90,1,1,60,2,26,0.019709715999965738
s1_1000,S1-858735224,S3,US,selective_v2_compact,0,13,7,1,0,0,2,6,0,6,0.009462019000011423,15,0,2,13,275,204,0.009808754999994562,19,267,248,267,117,1,1,60,2,19,0.020636051999986194
s1_1000,S1-563073325,S2,US,selective_v2_compact,0,14,5,1,0,0,11,9,0,9,0.014317323000000215,55,6,17,19,334,213,0.01513607500010039,1,326,325,326,117,1,1,60,1,1,0.027994242999966445
s1_1000,S1-563073325,S3,US,selective_v2_compact,0,14,2,1,0,0,11,12,1,11,0.017052296999850114,55,6,17,25,401,245,0.017922315999953753,0,353,353,353,109,1,1,60,3,0,0.03504008000004433
s1_1000,S1-816383534,S2,US,selective_v2_compact,0,11,0,0,4,0,4,11,0,7,0.02580360899992229,15,0,4,23,422,149,0.026135607000014716,34,388,354,388,96,1,1,60,1,34,0.04124359100001129
s1_1000,S1-816383534,S3,US,selective_v2_compact,0,11,0,0,0,0,4,11,0,11,0.030270968000081666,15,0,4,23,466,166,0.030631640000024163,24,404,380,404,96,1,1,60,3,24,0.04657365499997468
s1_1000,S1-79146097,S2,India,selective_v2_compact,0,14,6,1,0,0,7,8,0,8,0.016148496000141677,36,1,8,17,325,313,0.016784438999934537,2,319,317,319,119,1,1,60,1,2,0.04101752499991562
s1_1000,S1-79146097,S3,India,selective_v2_compact,0,14,6,1,0,0,8,8,1,7,0.014145730999985062,36,0,8,17,233,220,0.014745974999982536,5,226,226,231,91,1,1,60,2,5,0.027898028999970848
s1_1000,S1-241799543,S2,US,selective_v2_compact,0,14,0,0,8,0,5,14,0,6,0.004100666000226738,45,1,6,31,328,75,0.004877610999983517,0,275,275,275,108,1,1,60,2,0,0.018972970000049827
s1_1000,S1-241799543,S3,US,selective_v2_compact,0,14,6,1,1,0,11,8,0,7,0.00817665400018086,45,3,14,18,435,207,0.008865205999995851,0,413,413,413,103,1,1,60,1,0,0.02614749400004257
s1_1000,S1-814666931,S2,India,selective_v2_compact,0,14,9,1,0,0,19,5,1,4,0.011280854000006002,78,3,22,11,297,233,0.012421692999964762,1,271,270,271,75,1,1,60,2,1,0.02556845699996302
s1_1000,S1-814666931,S3,India,selective_v2_compact,0,14,7,1,2,0,19,7,1,4,0.02686522499993771,78,1,20,15,383,338,0.028099306999934015,0,377,377,377,101,1,1,60,2,0,0.055812793999962196
s1_1000,S1-434049818,S2,US,selective_v2_compact,0,13,3,1,0,2,5,10,0,10,0.019652338000014424,21,1,6,20,267,245,0.02008407799996803,1,246,245,246,87,1,1,60,3,1,0.0334049010000399
s1_1000,S1-434049818,S3,US,selective_v2_compact,0,13,3,1,0,2,5,10,0,10,0.02128418199981752,21,1,6,20,266,249,0.02171420100000887,0,249,249,249,86,1,1,60,2,0,0.03177273099993272
s1_1000,S1-879372595,S2,India,selective_v2_compact,0,14,5,1,0,0,33,9,0,9,0.010191007999992507,120,15,48,19,347,291,0.011654820999979165,2,297,295,297,99,1,1,60,5,2,0.0359306599999627
s1_1000,S1-879372595,S3,India,selective_v2_compact,0,14,4,1,0,0,30,10,2,8,0.011183230000256117,120,6,36,21,248,219,0.012768601999937346,1,222,221,222,101,1,1,60,3,1,0.023533438999947975
s1_1000,S1-248163870,S2,India,selective_v2_compact,0,14,2,1,0,0,36,12,0,12,0.019211277999943377,120,36,72,25,280,234,0.020213025999964884,1,254,253,254,81,1,1,60,2,1,0.03935222799998428
s1_1000,S1-248163870,S3,India,selective_v2_compact,0,14,1,1,0,0,37,13,2,11,0.019240179000121316,120,28,65,27,313,253,0.020400427000026866,2,267,265,267,93,1,1,60,4,2,0.046549863999985064
s1_1000,S1-974558168,S2,US,selective_v2_compact,0,14,0,1,0,0,2,14,0,14,0.008053448999817192,36,1,3,29,272,207,0.008809094999946865,1,251,250,251,118,1,1,60,2,1,0.02909758399994189
s1_1000,S1-974558168,S3,US,selective_v2_compact,0,14,0,0,0,0,3,14,0,14,0.004718758999615602,36,1,4,29,176,105,0.005369881000092391,0,150,150,150,113,1,1,60,1,0,0.01409811799999261
s1_1000,S1-152580274,S2,India,selective_v2_compact,0,14,10,1,1,5,21,4,0,3,0.0076612990000057835,55,10,31,8,250,247,0.00818996500004232,2,249,247,249,80,1,1,60,0,2,0.020241570999928626
s1_1000,S1-152580274,S3,India,selective_v2_compact,0,14,8,1,1,0,26,6,0,5,0.020102818000054867,55,3,29,12,304,295,0.020723191999991286,7,302,295,302,80,1,1,60,3,7,0.04276705600000241
s1_1000,S1-182285498,S2,US,selective_v2_compact,0,14,5,1,0,0,7,9,0,9,0.018143690999750106,28,1,8,18,291,274,0.018650696999998218,2,276,274,276,107,1,1,60,1,2,0.03450909900004717
s1_1000,S1-182285498,S3,US,selective_v2_compact,0,14,6,1,0,0,7,8,0,8,0.019767305999948803,28,1,8,16,242,221,0.02023053200002778,2,223,221,223,112,1,1,60,3,2,0.033004029000039736
s1_1000,S1-636219545,S2,US,selective_v2_compact,0,14,2,1,1,0,2,12,1,10,0.016403996999997617,36,0,2,25,238,205,0.017101496999998744,1,223,222,223,84,1,1,60,1,1,0.029608831000018654
s1_1000,S1-636219545,S3,US,selective_v2_compact,0,14,0,0,1,0,2,14,1,12,0.018751480000105403,36,0,2,29,216,196,0.01946240500001295,0,206,206,206,94,1,1,60,1,0,0.030584711000074094
s1_1000,S1-879828483,S2,India,selective_v2_compact,0,14,4,1,1,0,17,10,1,8,0.005857515999764473,105,15,32,23,343,229,0.0072587959999736995,0,306,306,306,79,1,1,60,2,0,0.022043976999952974
s1_1000,S1-879828483,S3,India,selective_v2_compact,0,14,9,1,0,0,24,5,0,5,0.006000131000178044,105,6,30,13,301,208,0.0074971660000073825,3,291,288,291,78,1,1,60,1,3,0.02138120600000093
s1_1000,S1-595976104,S2,US,selective_v2_compact,0,13,0,0,1,2,5,13,2,10,0.018323350999708055,21,1,6,28,240,163,0.018705596000017977,1,196,195,196,79,1,1,60,1,1,0.027119242000026134
s1_1000,S1-595976104,S3,US,selective_v2_compact,0,9,0,0,0,1,8,9,1,8,0.013887950000253113,21,3,11,20,259,148,0.014171667999903548,2,185,183,185,77,1,1,60,4,2,0.021790935000012723
s1_1000,S1-480646551,S2,India,selective_v2_compact,0,11,6,1,0,7,45,5,1,4,0.017276151999908507,91,28,73,10,269,260,0.017712437000000136,21,261,260,281,68,1,1,60,2,21,0.040469709000035436
s1_1000,S1-480646551,S3,India,selective_v2_compact,0,14,9,1,0,0,46,5,0,5,0.01678661400001147,91,15,61,10,266,252,0.017450635000045622,36,252,252,288,117,1,1,60,4,36,0.03700155299998187
s1_1000,S1-688071877,S2,US,selective_v2_compact,0,6,0,0,3,0,0,6,0,3,0.0017306710000184466,6,0,0,13,16,14,0.0018404940000209535,0,15,15,15,15,0,0,15,0,0,0.0027906970000231013
s1_1000,S1-688071877,S3,US,selective_v2_compact,0,6,0,0,1,0,0,6,0,5,0.0016920100000561433,6,0,0,13,18,14,0.001797528000111015,0,15,15,15,15,0,0,15,0,0,0.0027488629999652403
s1_1000,S1-970146850,S2,US,selective_v2_compact,0,14,0,0,0,0,3,14,0,14,0.011381279999909566,21,0,3,31,246,159,0.011794211000051291,2,188,186,188,80,1,1,60,2,2,0.021489010000095732
s1_1000,S1-970146850,S3,US,selective_v2_compact,0,14,0,0,4,0,3,14,0,10,0.01222305599981155,21,0,3,32,279,163,0.012633932999960962,0,227,227,227,80,1,1,60,1,0,0.02289293599994835
s1_1000,S1-610757866,S2,US,selective_v2_compact,0,14,5,1,2,0,5,9,0,7,0.010212111999862827,36,1,6,19,269,209,0.01085919100000865,1,246,245,246,102,1,1,60,2,1,0.02252374099998633
s1_1000,S1-610757866,S3,US,selective_v2_compact,0,14,9,1,0,0,8,5,0,5,0.016038584999932937,36,3,11,11,316,280,0.016659149999895817,0,305,305,305,83,1,1,60,3,0,0.02889265399994656
s1_1000,S1-998147399,S2,India,selective_v2_compact,0,14,7,1,0,0,28,7,0,7,0.00899051999999756,91,15,43,15,268,211,0.00998513600006845,1,251,250,251,99,1,1,60,3,1,0.025983913999994
s1_1000,S1-998147399,S3,India,selective_v2_compact,0,14,6,1,0,0,28,8,1,7,0.010534762999895975,91,15,43,17,275,211,0.011545461000082469,1,257,256,257,87,1,1,60,5,1,0.024333928999908494
s1_1000,S1-672064749,S2,US,selective_v2_compact,0,14,0,0,0,0,4,14,1,13,0.006414644000187764,28,1,5,28,146,110,0.0069118899999693895,4,114,110,114,76,1,1,60,2,4,0.01584299200010264
s1_1000,S1-672064749,S3,US,selective_v2_compact,0,14,0,0,0,0,5,14,0,14,0.006966453999893929,28,1,6,28,173,136,0.007458495000037146,4,140,136,140,78,1,1,60,2,4,0.019203553000011198
s1_1000,S1-300594042,S2,US,selective_v2_compact,0,14,0,0,5,0,4,14,0,9,0.008036069000354473,28,1,5,31,144,87,0.008490190999964398,1,113,112,113,79,1,1,60,1,1,0.015415305000033186
s1_1000,S1-300594042,S3,US,selective_v2_compact,0,14,0,0,0,0,4,14,0,14,0.008864051000159634,28,1,5,31,210,87,0.009346592999918357,1,126,125,126,76,1,1,60,4,1,0.019652467999890177
s1_1000,S1-966899178,S2,India,selective_v2_compact,0,14,3,1,0,0,40,11,3,8,0.045131759000014426,105,28,68,22,263,249,0.04596504599999207,1,250,249,250,98,1,1,60,2,1,0.06491929399999208
s1_1000,S1-966899178,S3,India,selective_v2_compact,0,14,3,1,1,0,45,11,3,7,0.02521037899998646,105,21,66,22,272,254,0.026065412000093602,0,254,254,254,106,1,1,60,0,0,0.04411721700000726
s1_1000,S1-859410589,S2,India,selective_v2_compact,0,14,6,1,0,0,19,8,1,7,0.01608630000021094,45,3,22,16,283,204,0.01663673400003063,8,212,204,212,78,1,1,60,4,8,0.02794193499994435
s1_1000,S1-859410589,S3,India,selective_v2_compact,0,14,4,1,0,0,19,10,1,9,0.012751577999893016,45,3,22,20,255,215,0.01328244400008316,9,217,215,224,83,1,1,60,3,9,0.025619359000074837
s1_1000,S1-221830085,S2,US,selective_v2_compact,0,14,0,0,1,0,6,14,2,11,0.01464769999984128,36,1,7,30,217,122,0.0152964860000111,1,178,177,178,98,1,1,60,4,1,0.022671368999908736
s1_1000,S1-221830085,S3,US,selective_v2_compact,0,14,0,0,0,0,6,14,1,13,0.008780592999869441,36,1,7,30,223,95,0.00937005000002955,1,171,170,171,92,1,1,60,3,1,0.01648218499997256
s1_1000,S1-759154765,S2,US,selective_v2_compact,0,14,4,1,2,1,4,10,0,8,0.018323683999938112,21,0,4,20,302,299,0.018781347999947684,0,299,299,299,90,1,1,60,0,0,0.03721760700000232
s1_1000,S1-759154765,S3,US,selective_v2_compact,0,14,4,1,2,1,4,10,0,8,0.020638736000023528,21,0,4,20,329,323,0.02115803800006688,0,323,323,323,85,1,1,60,0,0,0.04475483399994573
s1_1000,S1-279768516,S2,India,selective_v2_compact,0,14,0,0,2,0,12,14,1,11,0.01895202400010021,45,1,13,30,279,187,0.019653242000003956,2,210,208,210,94,1,1,60,1,2,0.03492717200003881
s1_1000,S1-279768516,S3,India,selective_v2_compact,0,14,0,0,1,0,10,14,2,11,0.060319913999933306,45,1,11,30,176,127,0.06108191099997384,2,149,147,149,76,1,1,60,3,2,0.06831571800000802
s1_1000,S1-277795564,S2,India,selective_v2_compact,0,14,1,1,0,0,24,13,4,9,0.031922192000251925,91,15,39,27,274,246,0.033149041999990914,1,255,254,255,89,1,1,60,2,1,0.054080901000020276
s1_1000,S1-277795564,S3,India,selective_v2_compact,0,14,1,1,1,0,28,13,4,8,0.044174404999921535,91,10,38,27,264,229,0.04525868400003219,0,239,239,239,80,1,1,60,2,0,0.06301662500004568
s1_1000,S1-435179175,S2,India,selective_v2_compact,0,14,0,0,0,0,20,14,2,12,0.019045779000293805,66,6,26,29,265,179,0.01987010300001657,1,211,210,211,85,1,1,60,3,1,0.03406844500000261
s1_1000,S1-435179175,S3,India,selective_v2_compact,0,14,5,1,0,0,17,9,1,8,0.01504813799999738,66,6,23,20,309,217,0.01595238699997026,1,284,283,284,89,1,1,60,2,1,0.031867417000057685
s1_1000,S1-359821177,S2,US,selective_v2_compact,0,14,0,0,0,1,4,14,1,13,0.0064953090000017255,21,1,5,29,199,149,0.006876560000023346,2,162,160,162,77,1,1,60,2,2,0.01321617899998273
s1_1000,S1-359821177,S3,US,selective_v2_compact,0,14,0,0,0,1,4,14,1,13,0.006619016999707128,21,1,5,29,202,161,0.007028359000059936,0,170,170,170,78,1,1,60,2,0,0.01408345200002259
s1_1000,S1-155407235,S2,US,selective_v2_compact,0,8,3,1,1,0,6,5,0,4,0.011617546000024959,15,1,7,10,239,232,0.011868178999975498,0,232,232,232,79,1,1,60,0,0,0.025163376000023163
s1_1000,S1-155407235,S3,US,selective_v2_compact,0,8,0,0,1,0,6,8,1,6,0.015870569999833606,15,1,7,16,138,133,0.01609495600007449,1,134,133,134,84,1,1,60,2,1,0.021632070000009662
s1_1000,S1-363640638,S2,US,selective_v2_compact,0,14,0,0,0,0,2,14,1,13,0.006199252999863347,36,1,3,29,276,125,0.0069027530000767,1,220,219,220,107,1,1,60,4,1,0.0200547759999381
s1_1000,S1-363640638,S3,US,selective_v2_compact,0,14,0,0,0,0,2,14,1,13,0.006529245999900013,36,1,3,29,275,139,0.007253411999954551,1,244,243,244,114,1,1,60,1,1,0.019343595000009373
s1_1000,S1-630988943,S2,US,selective_v2_compact,0,14,0,0,3,0,3,14,1,10,0.009449240999856556,28,0,3,29,341,170,0.010042234000025019,38,314,276,314,112,1,1,60,0,38,0.02686659200003305
s1_1000,S1-630988943,S3,US,selective_v2_compact,0,14,0,0,0,0,6,14,3,11,0.01316521500007184,28,1,7,29,440,169,0.013749390000043604,42,301,301,343,116,1,1,60,1,41,0.03362027399998624
s1_1000,S1-492798500,S2,India,selective_v2_compact,0,14,4,1,2,0,22,10,2,6,0.024431940999875223,91,15,37,22,335,274,0.025539926999954332,0,305,305,305,81,1,1,60,0,0,0.04699509099998522
s1_1000,S1-492798500,S3,India,selective_v2_compact,0,14,5,1,2,0,27,9,1,6,0.011008591000177148,91,3,30,20,354,300,0.01233098600005178,0,337,337,337,103,1,1,60,0,0,0.04036578600005214
s1_1000,S1-750902604,S2,US,selective_v2_compact,0,14,0,0,0,1,4,14,0,14,0.005604444000141484,21,1,5,29,291,104,0.005989698999997017,2,225,223,225,104,1,1,60,3,2,0.014907314999959453
s1_1000,S1-750902604,S3,US,selective_v2_compact,0,14,0,0,0,1,4,14,0,14,0.0059362129994724455,21,1,5,29,296,112,0.006319990000065445,0,232,232,232,99,1,1,60,4,0,0.015594256000099449
s1_1000,S1-832262633,S2,India,selective_v2_compact,0,14,7,1,1,0,11,7,1,5,0.012385929999936707,45,1,12,15,265,236,0.01310785400005443,1,250,249,250,81,1,1,60,1,1,0.024393083000063598
s1_1000,S1-832262633,S3,India,selective_v2_compact,0,14,5,1,0,0,9,9,1,8,0.014119789000119454,45,0,9,19,257,210,0.014900748000059139,11,226,226,237,66,1,1,60,5,11,0.02563118399996256
s1_1000,S1-494365737,S2,India,selective_v2_compact,0,14,0,0,0,0,5,14,0,14,0.021470382999837057,55,0,5,29,249,167,0.022479092000025958,12,207,195,207,84,1,1,60,3,12,0.042637192000029245
s1_1000,S1-494365737,S3,India,selective_v2_compact,0,14,0,0,1,0,0,14,1,12,0.019517944000085663,55,0,0,29,232,183,0.020608283000001393,3,215,212,215,86,1,1,60,3,3,0.03141756900004111
s1_1000,S1-317536058,S2,India,selective_v2_compact,0,14,4,1,0,0,28,10,0,10,0.010027338999975655,105,10,38,22,288,217,0.011436868000032518,1,273,273,274,73,1,1,60,2,1,0.02790787999992972
s1_1000,S1-317536058,S3,India,selective_v2_compact,0,14,0,0,0,0,27,14,3,11,0.030778135000105067,105,6,33,30,252,175,0.03224017599995932,0,221,221,221,79,1,1,60,1,0,0.05249801000002208
s1_1000,S1-862899562,S2,India,selective_v2_compact,0,14,8,1,0,0,19,6,2,4,0.01677376099985395,45,3,22,12,227,225,0.01731621300007191,1,226,225,226,90,1,1,60,1,1,0.03194978400006221
s1_1000,S1-862899562,S3,India,selective_v2_compact,0,14,10,1,0,0,16,4,0,4,0.008967071999904874,45,1,17,8,274,242,0.009603630000015073,3,243,242,245,88,1,1,60,2,3,0.026671780000015133
s1_1000,S1-813952512,S2,US,selective_v2_compact,0,14,0,1,4,0,0,14,2,8,0.08743843700005982,21,0,0,29,230,214,0.08794803299997511,0,227,227,227,96,1,1,60,1,0,0.10262683799999195
s1_1000,S1-813952512,S3,US,selective_v2_compact,0,14,3,1,0,0,0,11,1,10,0.0551206520000278,21,0,0,23,238,202,0.055632505999938076,0,215,215,215,98,1,1,60,2,0,0.06681957000000693
s1_1000,S1-263815160,S2,India,selective_v2_compact,0,14,7,1,0,9,47,7,0,7,0.008498149000047306,78,6,53,14,249,232,0.009096444999954656,4,236,232,236,79,1,1,60,2,4,0.021016573999986576
s1_1000,S1-263815160,S3,India,selective_v2_compact,0,14,6,1,1,12,45,8,0,7,0.01539568400016833,78,6,51,16,328,311,0.016061583000009705,9,320,311,320,78,1,1,60,2,9,0.04230155200002628
s1_1000,S1-505316099,S2,US,selective_v2_compact,0,14,0,0,0,1,5,14,0,14,0.028056467999931556,21,0,5,28,234,192,0.02846717099998841,2,194,192,194,87,1,1,60,2,2,0.03645702100004655
s1_1000,S1-505316099,S3,US,selective_v2_compact,0,14,0,0,1,1,5,14,0,13,0.030357701999832898,21,0,5,28,191,171,0.030745309000053567,1,172,171,172,89,1,1,60,0,1,0.03956741399997554
s1_1000,S1-442590532,S2,US,selective_v2_compact,0,14,0,0,0,0,8,14,1,13,0.024103317999788487,28,1,9,28,193,179,0.02456880700003694,0,179,179,179,81,1,1,60,2,0,0.03485349999994014
s1_1000,S1-442590532,S3,US,selective_v2_compact,0,14,0,0,0,0,8,14,1,13,0.02624453599980825,28,1,9,28,214,188,0.026727520999997978,2,190,188,190,89,1,1,60,2,2,0.036392887000033625
s1_1000,S1-520578486,S2,US,selective_v2_compact,0,14,0,1,2,0,2,14,1,11,0.0095035760001565,36,0,2,29,277,209,0.010229612999978599,0,256,256,256,117,1,1,60,1,0,0.02966331100003572
s1_1000,S1-520578486,S3,US,selective_v2_compact,0,14,0,1,0,0,2,14,1,13,0.010253348000105689,36,0,2,28,270,242,0.011041656000088551,0,242,242,242,90,1,1,60,2,0,0.02822890400000233
s1_1000,S1-373716962,S2,India,selective_v2_compact,0,14,8,1,0,0,35,6,0,6,0.00943407100010063,91,15,50,12,242,229,0.010306045999982416,0,229,229,229,62,1,1,60,3,0,0.021850395999990724
s1_1000,S1-373716962,S3,India,selective_v2_compact,0,14,8,1,2,0,35,6,0,4,0.007876280000004954,91,10,45,12,209,207,0.008784608000041771,2,209,207,209,66,1,1,60,0,2,0.01939949399991292
s1_1000,S1-221049359,S2,India,selective_v2_compact,0,14,3,1,0,0,11,11,2,9,0.02204737800013845,66,0,11,23,240,211,0.02312245999996776,1,215,214,215,101,1,1,60,3,1,0.038315048999947976
s1_1000,S1-221049359,S3,India,selective_v2_compact,0,14,4,1,1,0,4,10,1,8,0.019809083000154715,66,0,4,21,231,218,0.02103557299994918,0,223,223,223,99,1,1,60,1,0,0.03330342499998551
s1_1000,S1-595529200,S2,US,selective_v2_compact,0,13,0,0,4,0,2,13,0,9,0.006179554000027565,15,0,2,27,315,75,0.0064858060000005935,1,260,259,260,66,1,1,60,2,1,0.017427052000016374
s1_1000,S1-595529200,S3,US,selective_v2_compact,0,13,0,0,0,0,2,13,0,13,0.006990596999798981,15,0,2,27,393,69,0.007306035999931737,1,302,301,302,53,0,0,53,2,1,0.019023530000026767
s1_1000,S1-448814176,S2,India,selective_v2_compact,0,14,2,1,1,0,17,12,0,11,0.008900369999992108,91,10,27,27,265,219,0.010173833000067134,1,242,241,242,88,1,1,60,1,1,0.0290849560000197
s1_1000,S1-448814176,S3,India,selective_v2_compact,0,14,4,1,0,0,17,10,0,10,0.011544267999738622,91,6,23,23,357,284,0.012899559999937082,1,308,307,308,107,1,1,60,4,1,0.034917350000000624
s1_1000,S1-382839290,S2,India,selective_v2_compact,0,14,0,0,0,0,11,14,2,12,0.0070757240000602906,55,3,14,30,264,154,0.00793780699996205,2,216,214,216,103,1,1,60,3,2,0.02053747000002204
s1_1000,S1-382839290,S3,India,selective_v2_compact,0,14,0,0,1,0,11,14,2,11,0.0744506549997368,55,3,14,30,254,167,0.0753350780000801,0,227,227,227,101,1,1,60,2,0,0.08940246100007698
s1_1000,S1-437861953,S2,US,selective_v2_compact,0,14,8,1,0,1,5,6,0,6,0.015147968999826844,21,0,5,12,222,219,0.015518300999929124,0,219,219,219,84,1,1,60,0,0,0.02790408499993191
s1_1000,S1-437861953,S3,US,selective_v2_compact,0,14,8,1,0,1,5,6,0,6,0.016527932000030887,21,0,5,12,264,259,0.016932741999994505,0,259,259,259,83,1,1,60,1,0,0.040214973000047394
s1_1000,S1-801385283,S2,US,selective_v2_compact,0,14,0,0,3,0,5,14,0,11,0.00547813999992286,36,1,6,29,311,104,0.006173555999907876,0,241,241,241,90,1,1,60,1,0,0.0165575370000397
s1_1000,S1-801385283,S3,US,selective_v2_compact,0,14,4,1,0,0,6,10,1,9,0.008056138999791074,36,3,9,21,389,228,0.008685933999913686,1,355,354,355,117,1,1,60,1,1,0.02476166799999646
s1_1000,S1-62792559,S2,India,selective_v2_compact,0,14,3,1,0,0,15,11,2,9,0.018310294000002614,55,6,21,24,376,200,0.019095167000045876,3,324,321,324,104,1,1,60,4,3,0.036474092000048586
s1_1000,S1-62792559,S3,India,selective_v2_compact,0,14,0,0,0,0,15,14,3,11,0.02411941400021078,55,6,21,30,368,191,0.02490685800000847,0,329,329,329,106,1,1,60,2,0,0.041807033000054616
s1_1000,S1-429973350,S2,US,selective_v2_compact,0,14,5,1,1,0,11,9,0,8,0.011010211999860076,36,3,14,19,209,200,0.01150890700000673,0,201,201,201,88,1,1,60,1,0,0.019616756999994323
s1_1000,S1-429973350,S3,US,selective_v2_compact,0,14,5,1,0,0,11,9,0,9,0.014924126000096294,36,3,14,19,306,285,0.01547376299993175,0,288,288,288,93,1,1,60,2,0,0.03461293899999873
s1_1000,S1-959711921,S2,US,selective_v2_compact,0,14,0,0,2,0,5,14,1,11,0.00643089300012889,28,1,6,29,299,161,0.006925731000023916,4,267,263,267,118,1,1,60,1,4,0.017917374999910862
s1_1000,S1-959711921,S3,US,selective_v2_compact,0,14,0,0,1,0,5,14,1,12,0.005870258000072681,28,1,6,29,283,113,0.00636041000007026,2,232,230,232,104,1,1,60,2,2,0.01803333099996962
s1_1000,S1-645636967,S2,India,selective_v2_compact,0,11,2,1,0,8,16,9,1,8,0.02526471900011984,45,10,26,18,267,237,0.0257186000000047,1,238,237,238,106,1,1,60,2,1,0.04001011200000448
s1_1000,S1-645636967,S3,India,selective_v2_compact,0,12,2,1,1,8,15,10,1,8,0.025540852999711205,45,10,25,20,241,235,0.02602486199998566,1,236,235,236,102,1,1,60,2,1,0.03881917399996837
s1_1000,S1-772318966,S2,US,selective_v2_compact,0,14,6,1,2,0,4,8,0,6,0.004783881999856021,36,1,5,18,290,210,0.0054626049999342285,3,243,240,243,78,1,1,60,1,3,0.014934343000049921
s1_1000,S1-772318966,S3,US,selective_v2_compact,0,14,6,1,0,0,4,8,0,8,0.0051319340000191005,36,1,5,18,331,225,0.0057914810000738726,7,266,259,266,79,1,1,60,1,7,0.01639760299997306
s1_1000,S1-805666871,S2,India,selective_v2_compact,0,14,8,1,0,0,26,6,1,5,0.018238673000041672,91,28,54,12,241,227,0.019068371000003026,7,234,227,234,98,1,1,60,1,7,0.032119782999984636
s1_1000,S1-805666871,S3,India,selective_v2_compact,0,14,4,1,0,0,31,10,2,8,0.014380357999925764,91,15,46,20,222,200,0.015399085000012747,5,200,200,205,102,1,1,60,1,5,0.025434861999997338
s1_1000,S1-89525072,S2,US,selective_v2_compact,0,14,0,1,3,0,2,14,1,10,0.01239376400008041,36,0,2,30,264,231,0.013104203000011694,0,235,235,235,105,1,1,60,1,0,0.028943399000013414
s1_1000,S1-89525072,S3,US,selective_v2_compact,0,14,0,1,1,0,2,14,1,12,0.015740267000069252,36,0,2,30,286,246,0.016477994999945622,0,251,251,251,99,1,1,60,0,0,0.03541284200002792
s1_1000,S1-334690933,S2,India,selective_v2_compact,0,14,5,1,0,0,28,9,3,6,0.010282124000013937,66,10,38,18,264,253,0.010922514000071715,2,255,253,255,92,1,1,60,2,2,0.023013646000094923
s1_1000,S1-334690933,S3,India,selective_v2_compact,0,14,8,1,0,0,28,6,1,5,0.010959426000113126,66,10,38,12,251,241,0.01158758899998702,3,244,241,244,89,1,1,60,1,3,0.022917782000035913
s1_1000,S1-306911649,S2,India,selective_v2_compact,0,14,5,1,0,0,15,9,2,7,0.017573264000020572,55,1,16,19,317,297,0.018458271999975295,0,309,309,309,99,1,1,60,2,0,0.038978127999939716
s1_1000,S1-306911649,S3,India,selective_v2_compact,0,14,9,1,1,0,12,5,0,4,0.012070476999952007,55,1,13,11,232,217,0.012891877000015484,0,230,230,230,80,1,1,60,1,0,0.02377973500006192
s1_1000,S1-189778694,S2,US,selective_v2_compact,0,12,4,1,0,2,6,8,0,8,0.019833848999951442,21,1,7,18,353,217,0.02020531999994546,2,307,305,307,114,1,1,60,1,2,0.03241949100004149
s1_1000,S1-189778694,S3,US,selective_v2_compact,0,12,4,1,0,2,6,8,0,8,0.021358181000323384,21,1,7,18,387,236,0.02177112499998657,8,314,306,314,101,1,1,60,4,8,0.0412027700000408
s1_1000,S1-264521464,S2,India,selective_v2_compact,0,14,0,0,1,0,7,14,1,12,0.01691932200003521,45,1,8,30,336,169,0.017753720999962752,8,204,196,204,98,1,1,60,1,8,0.031986663999987286
s1_1000,S1-264521464,S3,India,selective_v2_compact,0,14,2,1,1,0,6,12,0,11,0.025292261000004146,45,0,6,26,359,266,0.026182361999985915,0,289,289,289,87,1,1,60,0,0,0.043245381000019734
s1_1000,S1-109274691,S2,US,selective_v2_compact,0,14,0,0,3,0,5,14,1,10,0.010079656999891995,21,0,5,28,85,73,0.010408793999999943,1,74,73,74,74,1,1,60,2,1,0.013663698999948792
s1_1000,S1-109274691,S3,US,selective_v2_compact,0,14,0,0,0,0,5,14,1,13,0.010366591000206427,21,0,5,28,111,84,0.01073220900002525,1,85,84,85,73,1,1,60,3,1,0.015978813000060654
s1_1000,S1-241052906,S2,India,selective_v2_compact,0,13,8,1,1,13,50,5,0,4,0.01748623899982249,91,15,65,10,264,256,0.018065131000071233,4,260,256,260,111,1,1,60,1,4,0.030562416999941888
s1_1000,S1-241052906,S3,India,selective_v2_compact,0,14,7,1,0,0,49,7,2,5,0.027263876000120035,91,10,59,14,232,224,0.027993249000019205,6,230,224,230,112,1,1,60,1,6,0.04351857199992537
s1_1000,S1-20912265,S2,India,selective_v2_compact,0,14,2,1,0,0,44,12,4,8,0.0370659299998124,105,28,72,25,366,295,0.03784543999995549,1,320,319,320,103,1,1,60,2,1,0.05932163600004969
s1_1000,S1-20912265,S3,India,selective_v2_compact,0,14,5,1,0,0,51,9,1,8,0.028121413000008033,105,21,72,19,327,242,0.028875176000042302,3,279,276,279,103,1,1,60,3,3,0.04417918499996176
s1_1000,S1-457236191,S2,India,selective_v2_compact,0,14,4,1,0,0,14,10,1,9,0.015912412000147924,45,6,20,21,293,208,0.01651873200000864,4,239,235,239,99,1,1,60,1,4,0.029104353999969135
s1_1000,S1-457236191,S3,India,selective_v2_compact,0,14,8,1,1,0,16,6,0,5,0.011125517000095897,45,1,17,13,302,259,0.011795965000032993,10,288,288,298,86,1,1,60,1,10,0.025467099000024973
s1_1000,S1-601233921,S2,US,selective_v2_compact,0,12,0,0,0,0,2,12,1,11,0.0049841350000860984,15,1,3,26,157,47,0.005250464000027932,82,123,116,198,127,1,1,60,1,45,0.013049347999981364
s1_1000,S1-601233921,S3,US,selective_v2_compact,0,12,0,0,0,0,2,12,1,11,0.005279889000007643,15,1,3,26,206,60,0.005563988999938374,71,159,152,223,131,1,1,60,3,45,0.014360646000000088
s1_1000,S1-652724045,S2,US,selective_v2_compact,0,14,0,0,0,0,9,14,0,14,0.012373436999723708,36,3,12,30,203,107,0.012862248000033105,1,139,138,139,76,1,1,60,4,1,0.02013342999998713
s1_1000,S1-652724045,S3,US,selective_v2_compact,0,14,0,0,0,0,9,14,0,14,0.018295394999881864,36,3,12,31,321,178,0.018851484999913737,1,249,248,249,78,1,1,60,1,1,0.030463677000057032
s1_1000,S1-752926413,S2,US,selective_v2_compact,0,14,5,1,0,2,10,9,3,6,0.01228158599985818,28,1,11,18,347,300,0.012762414999997418,52,303,300,352,131,1,1,60,4,46,0.0309589659999574
s1_1000,S1-752926413,S3,US,selective_v2_compact,0,14,7,1,0,2,10,7,2,5,0.009109290999845143,28,1,11,14,218,210,0.009513879999985875,50,210,210,260,149,1,1,60,3,47,0.019949741000004906
s1_1000,S1-632381890,S2,India,selective_v2_compact,0,14,0,0,0,0,8,14,2,12,0.009242179999773725,91,10,18,29,195,165,0.010668443999975352,0,167,167,167,82,1,1,60,1,0,0.02197026100009225
s1_1000,S1-632381890,S3,India,selective_v2_compact,0,14,2,1,0,0,16,12,1,11,0.0073303270000906195,91,3,19,25,250,228,0.008788298000013128,1,230,229,230,109,1,1,60,2,1,0.025376342999948065
s1_1000,S1-568024600,S2,US,selective_v2_compact,0,14,0,0,0,0,6,14,0,14,0.010855029999788712,36,1,7,30,224,127,0.011458492000087972,1,182,181,182,116,1,1,60,2,1,0.019490111999971305
s1_1000,S1-568024600,S3,US,selective_v2_compact,0,14,0,0,1,0,6,14,0,13,0.011420059999977639,36,1,7,30,225,128,0.01204292499994608,0,178,178,178,112,1,1,60,1,0,0.019377081000016005
s1_1000,S1-101003484,S2,India,selective_v2_compact,0,14,6,1,0,0,38,8,1,7,0.02265214100009416,105,10,48,16,246,220,0.023775342000021737,4,224,220,224,99,1,1,60,3,4,0.036206175000074836
s1_1000,S1-101003484,S3,India,selective_v2_compact,0,14,7,1,0,0,37,7,1,6,0.017172445000028347,105,6,43,14,251,246,0.01836544100001447,1,246,246,247,107,1,1,60,1,1,0.030030945000021347
s1_1000,S1-43499921,S2,India,selective_v2_compact,0,14,4,1,0,0,46,10,2,8,0.022231878000070537,120,15,61,21,265,251,0.02344480899989776,7,261,254,261,93,1,1,60,1,7,0.04234315600001537
s1_1000,S1-43499921,S3,India,selective_v2_compact,0,14,5,1,1,0,53,9,1,7,0.01628887700019277,120,6,59,19,275,260,0.017536211999981788,16,266,265,281,102,1,1,60,3,16,0.031173206999937975
s1_1000,S1-110256609,S2,US,selective_v2_compact,0,14,6,1,1,0,2,8,0,7,0.005357490000051257,21,0,2,17,247,206,0.005802023999990524,1,220,219,220,104,1,1,60,2,1,0.014641539999956876
s1_1000,S1-110256609,S3,US,selective_v2_compact,0,14,6,1,2,0,2,8,0,6,0.005751896999981909,21,0,2,17,250,229,0.006203487999982826,1,235,234,235,90,1,1,60,0,1,0.03557767800009515
s1_1000,S1-487458224,S2,India,selective_v2_compact,0,14,4,1,0,0,35,10,0,10,0.013634640000077525,120,6,41,22,323,255,0.015153989000054935,2,292,290,292,87,1,1,60,1,2,0.030708641000046555
s1_1000,S1-487458224,S3,India,selective_v2_compact,0,14,2,1,0,0,34,12,0,12,0.016359414000135075,120,3,37,27,304,204,0.01799509099998886,1,278,277,278,94,1,1,60,3,1,0.035730217999912384
s1_1000,S1-929842045,S2,US,selective_v2_compact,0,14,0,0,5,0,1,14,1,8,0.005919051000091713,28,0,1,28,153,148,0.006508443000029729,1,149,148,149,75,1,1,60,1,1,0.013474421000069015
s1_1000,S1-929842045,S3,US,selective_v2_compact,0,14,1,1,1,0,3,13,0,12,0.008954986999924586,28,3,6,26,213,201,0.00949676699997326,0,201,201,201,100,1,1,60,1,0,0.020590416000004552
s1_1000,S1-281720430,S2,India,selective_v2_compact,0,14,0,0,2,0,7,14,1,11,0.004551960000071631,78,15,22,32,173,70,0.005608918999996604,1,115,114,115,79,1,1,60,2,1,0.01142173499999899
s1_1000,S1-281720430,S3,India,selective_v2_compact,0,14,0,0,2,0,13,14,2,10,0.020152052999947045,78,10,23,32,127,62,0.021206727999924624,0,94,94,94,78,1,1,60,0,0,0.02761992000000646
s1_1000,S1-721565573,S2,India,selective_v2_compact,0,14,4,1,0,0,43,10,2,8,0.019150902999740538,120,36,79,21,332,288,0.020105534999970587,0,308,308,308,91,1,1,60,3,0,0.03963500100007877
s1_1000,S1-721565573,S3,India,selective_v2_compact,0,14,3,1,0,0,44,11,4,7,0.02323690200000783,120,28,72,23,273,219,0.024261685000055877,1,243,242,243,74,1,1,60,4,1,0.04488297100010641
s1_1000,S1-388793139,S2,US,selective_v2_compact,0,14,6,1,0,1,4,8,0,8,0.006751952000172423,21,1,5,17,279,212,0.0071545990000458914,2,251,249,251,77,1,1,60,3,2,0.016942145000029996
s1_1000,S1-388793139,S3,US,selective_v2_compact,0,14,3,1,4,1,4,11,1,6,0.008719987999938894,21,1,5,23,259,201,0.009125670999992508,1,239,238,239,80,1,1,60,1,1,0.023213734999899316
s1_1000,S1-332323893,S2,US,selective_v2_compact,0,14,0,0,9,0,0,14,0,5,0.0038962249997211984,15,0,0,31,70,62,0.004203401999916423,0,65,65,65,65,1,1,60,0,0,0.007213338999918051
s1_1000,S1-332323893,S3,US,selective_v2_compact,0,10,0,0,4,0,0,10,0,6,0.004823357999839573,10,0,0,21,99,95,0.00505117699992752,0,96,96,96,74,1,1,60,0,0,0.009155019000104403
s1_1000,S1-841238498,S2,India,selective_v2_compact,0,14,7,1,0,0,55,7,0,7,0.010388062999936665,120,10,65,15,296,240,0.011515910999946755,9,284,275,284,90,1,1,60,2,9,0.025698296999962622
s1_1000,S1-841238498,S3,India,selective_v2_compact,0,14,5,1,0,0,52,9,0,9,0.013194053000233907,120,6,58,18,244,211,0.014446270999997068,8,219,211,219,98,1,1,60,3,8,0.027364815000055387
s1_1000,S1-604791387,S2,US,selective_v2_compact,0,14,6,1,1,0,0,8,0,7,0.026196432000006098,28,0,0,16,253,210,0.026816937999910806,23,233,210,233,84,1,1,60,4,23,0.03807015500001398
s1_1000,S1-604791387,S3,US,selective_v2_compact,0,14,0,0,1,0,0,14,1,12,0.03857644199990773,28,0,0,28,232,182,0.03921473299999434,27,209,182,209,89,1,1,60,0,27,0.05071851400009564
s1_1000,S1-276163334,S2,India,selective_v2_compact,0,14,6,1,1,0,38,8,1,6,0.023725415000058092,120,6,44,16,238,238,0.02522061999991365,0,238,238,238,80,1,1,60,0,0,0.037485070999991876
s1_1000,S1-276163334,S3,India,selective_v2_compact,0,14,7,1,2,0,30,7,1,4,0.020282132000147612,120,3,33,14,211,211,0.021951323999928718,3,211,211,214,83,1,1,60,0,3,0.03472500800000944
s1_1000,S1-619648344,S2,India,selective_v2_compact,0,14,5,1,0,0,21,9,1,8,0.007559449000041241,91,21,42,19,244,205,0.008542261999991752,0,217,217,217,81,1,1,60,4,0,0.02004469500002415
s1_1000,S1-619648344,S3,India,selective_v2_compact,0,14,0,0,0,0,25,14,2,12,0.018109380000055353,91,10,35,30,278,182,0.019241989999954967,0,228,228,228,97,1,1,60,1,0,0.03254480999999032
s1_1000,S1-267645994,S2,US,selective_v2_compact,0,14,4,1,2,0,17,10,0,8,0.03696886900002028,45,6,23,21,476,234,0.03755398900000273,67,465,464,531,136,1,1,60,0,50,0.06399184999997942
s1_1000,S1-267645994,S3,US,selective_v2_compact,0,14,6,1,0,0,21,8,1,7,0.03557117400009702,45,6,27,16,225,212,0.03603525300002275,53,213,212,265,144,1,1,60,0,48,0.04955409299998337
s1_1000,S1-280004217,S2,US,selective_v2_compact,0,14,6,1,2,0,2,8,0,6,0.007470751999903769,21,1,3,16,302,300,0.007953762000056486,0,300,300,300,119,1,1,60,0,0,0.029896089999965625
s1_1000,S1-280004217,S3,US,selective_v2_compact,0,14,4,1,0,0,3,10,0,10,0.008718799000007493,21,1,4,20,290,270,0.009175040000059198,0,270,270,270,79,1,1,60,1,0,0.02518455899996752
s1_1000,S1-183479376,S2,India,selective_v2_compact,0,8,2,1,0,4,33,6,1,5,0.010206283000115945,66,21,54,12,319,292,0.010560724000015398,2,294,292,294,77,1,1,60,2,2,0.03454914400003872
s1_1000,S1-183479376,S3,India,selective_v2_compact,0,11,6,1,1,6,39,5,0,4,0.022631025000009686,66,10,49,10,316,313,0.0231057129999499,0,313,313,313,89,1,1,60,0,0,0.042238089000079526
s1_1000,S1-651332839,S2,India,selective_v2_compact,0,14,5,1,0,0,18,9,1,8,0.005671431999985543,78,21,39,19,333,206,0.006504333999941991,0,254,254,254,95,1,1,60,2,0,0.018367226000009396
s1_1000,S1-651332839,S3,India,selective_v2_compact,0,14,2,1,0,0,23,12,2,10,0.013459155000077772,78,15,38,25,326,208,0.014356126000052427,0,253,253,253,98,1,1,60,2,0,0.027717875000007552
s1_1000,S1-325262585,S2,US,selective_v2_compact,0,14,7,1,0,0,9,7,0,7,0.015684404999888102,28,1,10,14,236,213,0.016125012000088645,2,215,213,215,78,1,1,60,3,2,0.03006213599996954
s1_1000,S1-325262585,S3,US,selective_v2_compact,0,14,7,1,0,0,9,7,0,7,0.016899299999977302,28,1,10,14,240,214,0.017345653000006678,1,215,214,215,80,1,1,60,2,1,0.028967752999960794
s1_1000,S1-248093324,S2,India,selective_v2_compact,0,14,10,1,0,0,27,4,0,4,0.013370644000019638,78,15,42,9,243,235,0.014127221999956419,0,238,238,238,90,1,1,60,1,0,0.025816921000000548
s1_1000,S1-248093324,S3,India,selective_v2_compact,0,14,7,1,0,0,31,7,0,7,0.020019285999865133,78,6,37,15,318,309,0.02092701699996269,1,312,311,312,93,1,1,60,1,1,0.04477482099991903
s1_1000,S1-714434823,S2,US,selective_v2_compact,0,14,0,0,2,0,4,14,1,11,0.009489782999821728,28,0,4,29,155,79,0.009989317999952618,0,127,127,127,75,1,1,60,3,0,0.01672861199995168
s1_1000,S1-714434823,S3,US,selective_v2_compact,0,14,0,0,0,0,4,14,1,13,0.00986138299981576,28,0,4,29,178,84,0.010383766000018113,1,135,134,135,77,1,1,60,2,1,0.016089174000057938
s1_1000,S1-319895908,S2,India,selective_v2_compact,0,14,3,1,0,0,35,11,1,10,0.013311389000023155,91,15,50,23,317,212,0.014268524999920373,1,247,246,247,78,1,1,60,3,1,0.028756680000014967
s1_1000,S1-319895908,S3,India,selective_v2_compact,0,14,2,1,3,0,37,12,2,7,0.017019212000036532,91,10,47,25,245,207,0.017954265999946983,0,229,229,229,89,1,1,60,0,0,0.03238046900003155
s1_1000,S1-130312518,S2,India,selective_v2_compact,0,9,0,0,0,8,17,9,0,9,0.05665767100026642,55,21,38,19,248,148,0.05706042200006323,1,166,165,166,70,1,1,60,1,1,0.06512762800002747
s1_1000,S1-130312518,S3,India,selective_v2_compact,0,9,0,0,1,8,17,9,0,8,0.04081082400011837,55,21,38,19,238,116,0.041198441000005914,1,127,126,127,69,1,1,60,2,1,0.04888983500006816
s1_1000,S1-337403716,S2,India,selective_v2_compact,0,14,5,1,0,0,23,9,0,9,0.010518995000211362,55,6,29,20,247,213,0.011113345000012487,0,229,229,229,118,1,1,60,1,0,0.021865653999952883
s1_1000,S1-337403716,S3,India,selective_v2_compact,0,14,8,1,0,0,23,6,0,6,0.012357174999920062,55,6,29,14,256,233,0.01293330999999398,1,242,241,242,103,1,1,60,2,1,0.02434606999997868
s1_1000,S1-927196959,S2,US,selective_v2_compact,0,14,5,1,0,1,4,9,0,9,0.022391881000089597,21,0,4,19,216,201,0.022794173999955092,0,211,211,211,79,1,1,60,1,0,0.03379976500002613
s1_1000,S1-927196959,S3,US,selective_v2_compact,0,14,5,1,0,1,4,9,0,9,0.024318026999935682,21,0,4,19,255,224,0.02474526799994692,2,242,240,242,78,1,1,60,2,2,0.03514872799996738
s1_1000,S1-634802275,S2,India,selective_v2_compact,0,14,3,1,0,10,16,11,2,9,0.009322695000037129,55,15,31,23,288,220,0.009922046000042428,1,234,233,234,90,1,1,60,4,1,0.022856627999999546
s1_1000,S1-634802275,S3,India,selective_v2_compact,0,14,6,1,0,0,17,8,1,7,0.014107340000123259,55,10,27,17,293,272,0.014772213000014744,0,278,278,278,90,1,1,60,1,0,0.032652466000058666
s1_1000,S1-610551902,S2,India,selective_v2_compact,0,14,5,1,0,0,43,9,2,7,0.03078435800000534,91,6,49,18,290,275,0.03170069600002989,3,278,275,278,111,1,1,60,1,3,0.05086179399995672
s1_1000,S1-610551902,S3,India,selective_v2_compact,0,14,5,1,0,0,35,9,2,7,0.05141647499999635,91,6,41,18,285,278,0.05247440200002984,1,279,278,279,118,1,1,60,1,1,0.07298237900010918
s1_1000,S1-763925165,S2,US,selective_v2_compact,0,14,4,1,1,0,1,10,1,8,0.0067604130000518126,21,0,1,20,283,259,0.007265899000003628,0,259,259,259,112,1,1,60,3,0,0.017184993999990184
s1_1000,S1-763925165,S3,US,selective_v2_compact,0,14,4,1,1,0,1,10,1,8,0.007443618000024799,21,0,1,20,297,267,0.007947124999986954,0,267,267,267,92,1,1,60,1,0,0.018500136000056955
s1_1000,S1-809191477,S2,US,selective_v2_compact,0,14,0,0,6,0,3,14,0,8,0.012746272000072167,28,0,3,28,187,175,0.013279111999963789,1,176,175,176,61,1,1,60,1,1,0.025806420999970214
s1_1000,S1-809191477,S3,US,selective_v2_compact,0,14,1,1,0,0,6,13,0,13,0.012735197000097287,28,1,7,27,514,204,0.013265086000046722,3,454,451,454,81,1,1,60,3,3,0.031034620000014
s1_1000,S1-589408855,S2,India,selective_v2_compact,0,14,7,1,0,0,20,7,0,7,0.01387885000008282,66,15,35,16,251,216,0.014544423000074858,4,226,222,226,92,1,1,60,3,4,0.026393853999934436
s1_1000,S1-589408855,S3,India,selective_v2_compact,0,14,8,1,0,0,21,6,0,6,0.013185855999836349,66,15,36,14,292,254,0.013860585999964314,10,265,264,274,103,1,1,60,3,10,0.03596907300004659
s1_1000,S1-206753882,S2,US,selective_v2_compact,0,14,0,0,4,0,9,14,0,10,0.01794294999979229,45,1,10,29,214,152,0.01865045400006693,0,182,182,182,93,1,1,60,1,0,0.026775219000001016
s1_1000,S1-206753882,S3,US,selective_v2_compact,0,14,0,0,1,0,12,14,1,12,0.015023478000330215,45,3,15,29,252,175,0.01566560000003392,0,211,211,211,87,1,1,60,0,0,0.026197684000067056
s1_1000,S1-878306771,S2,US,selective_v2_compact,0,10,0,0,4,0,0,10,0,6,0.004076452000163044,10,0,0,20,30,27,0.004258190999962608,1,28,27,28,28,0,0,28,0,1,0.005664403999958267
s1_1000,S1-878306771,S3,US,selective_v2_compact,0,10,0,0,0,0,0,10,0,10,0.004538331000048856,10,0,0,20,79,33,0.004758233000075052,4,37,33,37,37,0,0,37,2,4,0.0064641950000350334
s1_1000,S1-328097241,S2,US,selective_v2_compact,0,14,6,1,0,0,3,8,0,8,0.016380361999836168,21,0,3,16,264,261,0.016817127999956938,0,261,261,261,85,1,1,60,0,0,0.033130472000038935
s1_1000,S1-328097241,S3,US,selective_v2_compact,0,14,6,1,0,0,4,8,0,8,0.017600632000039695,21,0,4,16,315,304,0.018050105999918742,1,305,304,305,82,1,1,60,2,1,0.040606615999990936
s1_1000,S1-829671154,S2,India,selective_v2_compact,0,12,8,1,0,5,23,4,0,4,0.010043005999932575,55,15,38,8,223,219,0.010440599000048678,2,220,219,221,113,1,1,60,4,2,0.021251508999966973
s1_1000,S1-829671154,S3,India,selective_v2_compact,0,12,7,1,0,5,28,5,0,5,0.017023193999762043,55,10,38,10,268,256,0.01743795000004411,4,260,256,260,119,1,1,60,0,4,0.029247437000094578
s1_1000,S1-631246874,S2,India,selective_v2_compact,0,14,8,1,0,0,34,6,0,6,0.017163995000146315,120,6,40,14,287,244,0.018735205000098176,0,276,276,276,110,1,1,60,2,0,0.03237083999999868
s1_1000,S1-631246874,S3,India,selective_v2_compact,0,14,5,1,0,0,26,9,0,9,0.02730596800006424,120,1,27,21,386,302,0.02914342899998701,2,355,353,355,86,1,1,60,3,2,0.05260421299999507
s1_1000,S1-544759562,S2,US,selective_v2_compact,0,14,4,1,4,0,1,10,0,6,0.008661684000344394,15,0,1,21,431,255,0.009096188000057737,32,422,390,422,119,1,1,60,0,32,0.03094147999991037
s1_1000,S1-544759562,S3,US,selective_v2_compact,0,14,8,1,0,0,1,6,0,6,0.00699604600015391,15,0,1,13,407,214,0.007387063999999555,34,402,368,402,118,1,1,60,1,34,0.023378675000003568
s1_1000,S1-930744842,S2,India,selective_v2_compact,0,14,7,1,0,0,34,7,0,7,0.02025455199964199,91,10,44,15,322,305,0.021259214999986398,5,308,307,312,94,1,1,60,3,5,0.04729076299997814
s1_1000,S1-930744842,S3,India,selective_v2_compact,0,14,6,1,0,0,31,8,1,7,0.01515873300002113,91,6,37,17,244,230,0.01622479000002386,10,233,233,243,100,1,1,60,2,10,0.02809870700002648
s1_1000,S1-108161581,S2,US,selective_v2_compact,0,11,1,1,0,1,8,10,0,10,0.017686895000224467,21,1,9,20,245,201,0.018057641000041258,28,229,201,229,83,1,1,60,1,28,0.027726830000005975
s1_1000,S1-108161581,S3,US,selective_v2_compact,0,11,2,1,1,1,8,9,0,8,0.017933679999941887,21,1,9,18,250,218,0.018293810000045596,25,243,218,243,89,1,1,60,1,25,0.030319372000008116
s1_1000,S1-130260765,S2,India,selective_v2_compact,0,14,4,1,0,0,12,10,1,9,0.015639695000004394,36,3,15,20,314,285,0.01617833000000246,1,286,285,286,108,1,1,60,2,1,0.03875825199997962
s1_1000,S1-130260765,S3,India,selective_v2_compact,0,14,4,1,0,0,11,10,2,8,0.016020521000086774,36,1,12,20,238,220,0.01657209999996212,3,223,220,223,111,1,1,60,2,3,0.029606462000060674
s1_1000,S1-322705792,S2,US,selective_v2_compact,0,14,0,0,6,0,5,14,2,6,0.011661815000138631,36,0,5,29,88,17,0.012232600000061211,0,70,70,70,59,0,0,59,2,0,0.015290057000015622
s1_1000,S1-322705792,S3,US,selective_v2_compact,0,14,0,0,0,0,8,14,3,11,0.02006691799977034,36,1,9,29,246,156,0.02065242700007275,1,204,203,204,98,1,1,60,1,1,0.028854557000045133
s1_1000,S1-300047799,S2,US,selective_v2_compact,0,11,0,0,0,0,3,11,1,10,0.008068394999895645,15,1,4,23,216,172,0.008357407999938005,3,192,189,192,83,1,1,60,2,3,0.017215491999991173
s1_1000,S1-300047799,S3,US,selective_v2_compact,0,11,0,0,0,0,3,11,1,10,0.009118026999772155,15,1,4,23,224,170,0.009445605999985673,5,191,186,191,87,1,1,60,4,5,0.018217978999928164
s1_1000,S1-237606626,S2,US,selective_v2_compact,0,12,0,0,8,0,3,12,0,4,0.017777044000126807,15,0,3,25,291,138,0.0180865370000447,33,283,250,283,112,1,1,60,0,33,0.02903058799995506
s1_1000,S1-237606626,S3,US,selective_v2_compact,0,12,0,0,0,0,3,12,0,12,0.01862256100025661,15,0,3,25,331,156,0.01897806900001342,28,308,280,308,108,1,1,60,1,28,0.031263384999988375
s1_1000,S1-431860747,S2,India,selective_v2_compact,0,14,0,0,6,0,1,14,2,6,0.00582721200009928,28,3,4,31,266,159,0.006358706000014536,0,204,204,204,77,1,1,60,0,0,0.01805234100004327
s1_1000,S1-431860747,S3,India,selective_v2_compact,0,14,5,1,0,0,3,9,0,9,0.011890768999819556,28,1,4,21,371,258,0.012474084000018593,1,312,311,312,79,1,1,60,5,1,0.03037243899996156
s1_1000,S1-552437382,S2,US,selective_v2_compact,0,14,8,1,0,0,7,6,0,6,0.012166110999828561,36,3,10,12,255,251,0.012761420000060752,0,251,251,251,118,1,1,60,0,0,0.02624500900003568
s1_1000,S1-552437382,S3,US,selective_v2_compact,0,14,7,1,0,0,7,7,0,7,0.004207751999956599,45,3,10,15,207,200,0.004953654000019014,1,202,201,202,79,1,1,60,3,1,0.013194012000099065
s1_1000,S1-603435619,S2,India,selective_v2_compact,0,14,5,1,0,0,20,9,2,7,0.011934209999935774,66,10,30,18,258,234,0.012703019000014137,4,238,234,238,116,1,1,60,2,4,0.02694906399995034
s1_1000,S1-603435619,S3,India,selective_v2_compact,0,14,8,1,1,0,22,6,0,5,0.014048665999894183,66,6,28,12,242,208,0.014899777999971775,7,208,208,215,109,1,1,60,1,7,0.027423817999988387
s1_1000,S1-685335289,S2,US,selective_v2_compact,0,14,0,0,4,0,2,14,0,10,0.005622549000008803,21,1,3,28,74,73,0.005997225999976763,0,73,73,73,73,1,1,60,0,0,0.00974958599999809
s1_1000,S1-685335289,S3,US,selective_v2_compact,0,14,0,0,4,0,2,14,0,10,0.005834637000134535,21,1,3,28,88,85,0.006228041000099438,1,86,85,86,86,1,1,60,1,1,0.013794845000006717
s1_1000,S1-155779800,S2,US,selective_v2_compact,0,14,9,1,1,0,10,5,0,4,0.01707806999991135,45,1,11,10,273,267,0.017806489000008696,1,268,267,268,112,1,1,60,2,1,0.03276528200001394
s1_1000,S1-155779800,S3,US,selective_v2_compact,0,14,9,1,0,0,17,5,0,5,0.012674238999920817,45,3,20,10,209,205,0.013200796999967679,1,206,205,206,97,1,1,60,1,1,0.021615986000028897
s1_1000,S1-501849627,S2,India,selective_v2_compact,0,14,0,0,1,0,5,14,1,12,0.023744672000020728,120,0,5,28,179,133,0.025886292999985017,2,134,133,135,97,1,1,60,1,2,0.03301139500001682
s1_1000,S1-501849627,S3,India,selective_v2_compact,0,14,0,0,1,0,1,14,0,13,0.022411955000166017,120,0,1,28,190,155,0.02461379900000793,4,155,155,159,95,1,1,60,1,4,0.03318250400002398
s1_1000,S1-262004414,S2,US,selective_v2_compact,0,14,0,0,4,0,0,14,0,10,0.004897010000263435,21,0,0,29,305,60,0.00531975199999124,0,290,290,290,78,1,1,60,2,0,0.01632586599998831
s1_1000,S1-262004414,S3,US,selective_v2_compact,0,14,0,0,0,0,0,14,0,14,0.008795434999910867,21,0,0,28,176,95,0.009240859999977147,0,95,95,95,48,0,0,48,3,0,0.014129993999972612
s1_1000,S1-745903635,S2,US,selective_v2_compact,0,14,7,1,0,0,8,7,0,7,0.014331284000149935,28,1,9,14,307,285,0.014810888000056366,3,288,285,288,110,1,1,60,1,3,0.030386503000045195
s1_1000,S1-745903635,S3,US,selective_v2_compact,0,14,5,1,0,0,8,9,1,8,0.018497283999863612,28,1,9,18,314,295,0.01898336700003256,3,298,295,298,91,1,1,60,1,3,0.03398345700009031
s1_1000,S1-656765074,S2,India,selective_v2_compact,0,14,9,1,0,0,25,5,0,5,0.008770608000077118,78,21,46,10,250,249,0.009532356000022446,1,249,249,250,85,1,1,60,1,1,0.021336241999961203
s1_1000,S1-656765074,S3,India,selective_v2_compact,0,14,8,1,0,0,34,6,1,5,0.011471636999999646,78,15,49,12,220,213,0.012090914000054909,3,216,213,216,86,1,1,60,1,3,0.021818575999986933
s1_1000,S1-904386702,S2,US,selective_v2_compact,0,14,4,1,0,0,8,10,1,9,0.007231062999949245,36,1,9,21,327,230,0.007837332000008246,3,301,298,301,116,1,1,60,1,3,0.019492697000032422
s1_1000,S1-904386702,S3,US,selective_v2_compact,0,14,0,0,0,0,10,14,1,13,0.01173527999981161,36,1,11,29,269,163,0.012314366000055088,1,230,229,230,111,1,1,60,1,1,0.02424625300000116
s1_1000,S1-337125619,S2,US,selective_v2_compact,0,14,9,1,0,0,3,5,0,5,0.004957560999855559,21,1,4,11,269,256,0.005370781000010538,5,263,258,263,91,1,1,60,2,5,0.015507894000052147
s1_1000,S1-337125619,S3,US,selective_v2_compact,0,14,6,1,0,1,4,8,1,7,0.007960546000049362,21,1,5,17,276,259,0.008378318000040963,2,264,262,264,83,1,1,60,2,2,0.018876444999932573
s1_1000,S1-514177496,S2,India,selective_v2_compact,0,14,7,1,0,0,20,7,0,7,0.015136922000124287,55,6,26,14,244,228,0.015761116000021502,1,229,228,229,103,1,1,60,3,1,0.02653407299999344
s1_1000,S1-514177496,S3,India,selective_v2_compact,0,14,7,1,1,0,20,7,0,6,0.015199267999946642,55,3,23,14,237,234,0.01590217299997221,0,234,234,234,93,1,1,60,1,0,0.026973939000072278
s1_1000,S1-395601309,S2,India,selective_v2_compact,0,14,6,1,0,0,19,8,0,8,0.009379061999879923,66,3,22,16,245,203,0.010290357000030781,5,208,203,208,79,1,1,60,2,5,0.020644120000042676
s1_1000,S1-395601309,S3,India,selective_v2_compact,0,14,6,1,0,0,19,8,0,8,0.018323121000094034,66,3,22,16,314,286,0.01929855800005953,8,294,286,294,110,1,1,60,4,8,0.04657666700006757
s1_1000,S1-577698852,S2,India,selective_v2_compact,0,14,4,1,0,0,10,10,0,10,0.009684346999847548,36,3,13,23,255,205,0.010184988999981215,3,230,227,230,78,1,1,60,2,3,0.02065295900001729
s1_1000,S1-577698852,S3,India,selective_v2_compact,0,14,0,0,2,0,9,14,2,10,0.021431943999914438,36,0,9,31,224,151,0.02200456499997472,1,178,177,178,76,1,1,60,3,1,0.03639636699995208
s1_1000,S1-874201682,S2,India,selective_v2_compact,0,14,0,0,1,0,12,14,2,11,0.01217431900010979,78,3,15,31,136,77,0.013386872000069161,0,114,114,114,78,1,1,60,2,0,0.022179302999916217
s1_1000,S1-874201682,S3,India,selective_v2_compact,0,14,0,0,7,0,12,14,3,4,0.014208475000032195,78,0,12,31,103,64,0.015400106000015512,0,101,101,101,80,1,1,60,0,0,0.021211714000060056
s1_1000,S1-126570986,S2,US,selective_v2_compact,0,14,0,0,1,0,0,14,0,13,0.010295089999885931,15,0,0,29,178,106,0.010634638999931667,0,159,159,159,98,1,1,60,1,0,0.017794062000007216
s1_1000,S1-126570986,S3,US,selective_v2_compact,0,14,0,0,3,0,0,14,0,11,0.010881938000125047,15,0,0,28,103,94,0.011253133999957754,1,95,94,95,92,1,1,60,1,1,0.016746226999998726
s1_1000,S1-671207789,S2,US,selective_v2_compact,0,14,1,1,1,0,6,13,0,12,0.01380968999990273,28,1,7,28,533,311,0.014477768000006108,1,503,502,503,118,1,1,60,2,1,0.04215378900005362
s1_1000,S1-671207789,S3,US,selective_v2_compact,0,14,7,1,0,0,6,7,0,7,0.013055452999765293,28,1,7,16,485,255,0.01357921900000747,1,460,459,460,117,1,1,60,2,1,0.03938978700000462
s1_1000,S1-708363043,S2,US,selective_v2_compact,0,14,0,0,0,0,4,14,0,14,0.019651627000030203,36,1,5,28,243,197,0.020351214000015716,1,198,197,198,94,1,1,60,3,1,0.03122128999996221
s1_1000,S1-708363043,S3,US,selective_v2_compact,0,14,1,1,1,0,4,13,0,12,0.020766241000160335,36,1,5,26,228,209,0.021470046999979786,0,209,209,209,91,1,1,60,2,0,0.03139227199994821
s1_1000,S1-614088401,S2,US,selective_v2_compact,0,14,0,0,1,0,4,14,3,10,0.012980740999864793,28,0,4,29,263,103,0.013475178000021515,0,254,254,254,113,1,1,60,1,0,0.023606657999948766
s1_1000,S1-614088401,S3,US,selective_v2_compact,0,14,0,0,4,0,6,14,1,9,0.020825491000209695,28,1,7,29,328,152,0.021319887999993625,0,291,291,291,106,1,1,60,0,0,0.03552223099995899
s1_1000,S1-569680730,S2,US,selective_v2_compact,0,14,0,0,0,0,6,14,1,13,0.01689322200013521,45,1,7,29,256,143,0.0177143820000083,1,224,223,224,116,1,1,60,1,1,0.0315690510000195
s1_1000,S1-569680730,S3,US,selective_v2_compact,0,14,0,0,2,0,6,14,1,11,0.021234820000017862,45,1,7,29,224,116,0.021993839999936426,1,196,195,196,101,1,1,60,2,1,0.0334112240000195
s1_1000,S1-767358074,S2,US,selective_v2_compact,0,14,0,0,4,0,0,14,1,9,0.00681208899993635,15,0,0,30,251,16,0.007112864999953672,1,240,239,240,85,1,1,60,1,1,0.018230850999998438
s1_1000,S1-767358074,S3,US,selective_v2_compact,0,14,0,0,0,0,1,14,0,14,0.002425800999844796,15,0,1,29,243,23,0.002741197999966971,1,212,211,212,63,1,1,60,2,1,0.01134439800000564
s1_1000,S1-322487719,S2,India,selective_v2_compact,0,14,10,1,0,0,19,4,1,3,0.009581240000102298,45,1,20,8,212,212,0.01012168100010058,2,212,212,214,82,1,1,60,1,2,0.020247416000074736
s1_1000,S1-322487719,S3,India,selective_v2_compact,0,14,8,1,0,0,21,6,1,5,0.008925095999984478,55,1,22,13,217,203,0.009581862999993973,4,209,205,209,78,1,1,60,3,4,0.01897259899999426
s1_1000,S1-984079639,S2,US,selective_v2_compact,0,12,0,0,0,0,3,12,0,12,0.015380240999888883,15,0,3,25,281,193,0.01572619399996711,2,241,239,241,114,1,1,60,2,2,0.024922779999997147
s1_1000,S1-984079639,S3,US,selective_v2_compact,0,12,2,1,0,0,3,10,0,10,0.015144092000014098,15,0,3,21,325,203,0.015490257000010388,3,269,266,269,112,1,1,60,3,3,0.028712331000065205
s1_1000,S1-594866255,S2,US,selective_v2_compact,0,14,0,0,0,0,2,14,1,13,0.003815948000124081,21,0,2,30,185,117,0.004229843000075562,1,163,162,163,89,1,1,60,1,1,0.010797400999990714
s1_1000,S1-594866255,S3,US,selective_v2_compact,0,14,0,0,1,0,2,14,1,12,0.004386543999885362,21,0,2,30,180,106,0.0048017010000194205,0,160,160,160,85,1,1,60,1,0,0.011470037000094635
s1_1000,S1-30108386,S2,US,selective_v2_compact,0,11,0,0,1,0,4,11,0,10,0.011891129999980876,15,0,4,22,129,117,0.012154355999996369,4,121,117,121,75,1,1,60,2,4,0.016997328999991623
s1_1000,S1-30108386,S3,US,selective_v2_compact,0,11,0,0,2,0,4,11,0,9,0.01233574900027179,15,0,4,22,134,125,0.012596680999990895,0,125,125,125,84,1,1,60,1,0,0.01775316099997326
