sample,source1_entity_id
s1_5000,S1-197826453
s1_5000,S1-681233599
s1_5000,S1-910993346
s1_5000,S1-757945054
s1_5000,S1-290854814
s1_5000,S1-532135828
s1_5000,S1-489863972
s1_5000,S1-127529460
s1_5000,S1-148743364
s1_5000,S1-348320286
s1_5000,S1-188014924
s1_5000,S1-787210237
s1_5000,S1-477547538
s1_5000,S1-822441485
s1_5000,S1-676890599
s1_5000,S1-569158628
s1_5000,S1-863311543
s1_5000,S1-581141524
s1_5000,S1-776008409
s1_5000,S1-125953774
s1_5000,S1-711797056
s1_5000,S1-1713613
s1_5000,S1-874244889
s1_5000,S1-112485790
s1_5000,S1-335303231
s1_5000,S1-764425963
s1_5000,S1-211293205
s1_5000,S1-138688101
s1_5000,S1-538960854
s1_5000,S1-281912479
s1_5000,S1-30134334
s1_5000,S1-773391278
s1_5000,S1-967399237
s1_5000,S1-100309770
s1_5000,S1-727603875
s1_5000,S1-415493702
s1_5000,S1-456974070
s1_5000,S1-461883442
s1_5000,S1-141200697
s1_5000,S1-531476391
s1_5000,S1-841216992
s1_5000,S1-195655668
s1_5000,S1-915817127
s1_5000,S1-221516828
s1_5000,S1-858438273
s1_5000,S1-879419565
s1_5000,S1-783804493
s1_5000,S1-468160746
s1_5000,S1-431232660
s1_5000,S1-158405639
s1_5000,S1-899768413
s1_5000,S1-421253980
s1_5000,S1-700204880
s1_5000,S1-273482307
s1_5000,S1-614569190
s1_5000,S1-177222339
s1_5000,S1-762724009
s1_5000,S1-167019398
s1_5000,S1-321797136
s1_5000,S1-514299264
s1_5000,S1-387363895
s1_5000,S1-48122097
s1_5000,S1-403142081
s1_5000,S1-756082596
s1_5000,S1-455236690
s1_5000,S1-323308288
s1_5000,S1-318532201
s1_5000,S1-149793766
s1_5000,S1-654838535
s1_5000,S1-867508332
s1_5000,S1-181933717
s1_5000,S1-492734844
s1_5000,S1-412918045
s1_5000,S1-130795020
s1_5000,S1-818732511
s1_5000,S1-966769496
s1_5000,S1-604234644
s1_5000,S1-970543893
s1_5000,S1-753418700
s1_5000,S1-143815498
s1_5000,S1-405331834
s1_5000,S1-479745393
s1_5000,S1-427745320
s1_5000,S1-878238472
s1_5000,S1-177242080
s1_5000,S1-514524433
s1_5000,S1-368975208
s1_5000,S1-416368005
s1_5000,S1-774688070
s1_5000,S1-154389957
s1_5000,S1-619997739
s1_5000,S1-337076534
s1_5000,S1-107342523
s1_5000,S1-996331863
s1_5000,S1-218396099
s1_5000,S1-278891792
s1_5000,S1-167735850
s1_5000,S1-10023404
s1_5000,S1-105174860
s1_5000,S1-74282883
s1_5000,S1-449905273
s1_5000,S1-583248454
s1_5000,S1-380737728
s1_5000,S1-579315496
s1_5000,S1-144692554
s1_5000,S1-750911675
s1_5000,S1-163567129
s1_5000,S1-357016874
s1_5000,S1-409176003
s1_5000,S1-121010724
s1_5000,S1-24665483
s1_5000,S1-909373815
s1_5000,S1-309786236
s1_5000,S1-687394374
s1_5000,S1-680746477
s1_5000,S1-585283089
s1_5000,S1-879203325
s1_5000,S1-844761107
s1_5000,S1-304946100
s1_5000,S1-515747615
s1_5000,S1-384966707
s1_5000,S1-744779380
s1_5000,S1-894981152
s1_5000,S1-599108848
s1_5000,S1-265935406
s1_5000,S1-384623955
s1_5000,S1-642055972
s1_5000,S1-841451402
s1_5000,S1-909919632
s1_5000,S1-364947441
s1_5000,S1-431196769
s1_5000,S1-939078389
s1_5000,S1-804230106
s1_5000,S1-81605219
s1_5000,S1-669371909
s1_5000,S1-722211742
s1_5000,S1-344389867
s1_5000,S1-245158009
s1_5000,S1-20197629
s1_5000,S1-207590961
s1_5000,S1-526366343
s1_5000,S1-949007210
s1_5000,S1-536563041
s1_5000,S1-527878296
s1_5000,S1-197999830
s1_5000,S1-329046602
s1_5000,S1-842422827
s1_5000,S1-97576031
s1_5000,S1-244663723
s1_5000,S1-827192339
s1_5000,S1-282340006
s1_5000,S1-735626336
s1_5000,S1-861072437
s1_5000,S1-150446399
s1_5000,S1-446119207
s1_5000,S1-63291897
s1_5000,S1-312045154
s1_5000,S1-737773396
s1_5000,S1-948556352
s1_5000,S1-973146494
s1_5000,S1-126889069
s1_5000,S1-742486561
s1_5000,S1-523035722
s1_5000,S1-901533271
s1_5000,S1-442961487
s1_5000,S1-213948267
s1_5000,S1-814233542
s1_5000,S1-235133990
s1_5000,S1-312881517
s1_5000,S1-783743077
s1_5000,S1-830888917
s1_5000,S1-844492132
s1_5000,S1-597189874
s1_5000,S1-776450551
s1_5000,S1-77076355
s1_5000,S1-304871029
s1_5000,S1-365107228
s1_5000,S1-645079990
s1_5000,S1-766635811
s1_5000,S1-944262355
s1_5000,S1-999486252
s1_5000,S1-311454962
s1_5000,S1-219437331
s1_5000,S1-381399100
s1_5000,S1-265117089
s1_5000,S1-992935020
s1_5000,S1-506161326
s1_5000,S1-312504034
s1_5000,S1-796436300
s1_5000,S1-311421838
s1_5000,S1-89277904
s1_5000,S1-277847890
s1_5000,S1-239536988
s1_5000,S1-543828787
s1_5000,S1-699857230
s1_5000,S1-969181893
s1_5000,S1-927504155
s1_5000,S1-110222779
s1_5000,S1-118782634
s1_5000,S1-790467803
s1_5000,S1-629371829
s1_5000,S1-217661413
s1_5000,S1-402565372
s1_5000,S1-855364465
s1_5000,S1-360190920
s1_5000,S1-802949812
s1_5000,S1-153755890
s1_5000,S1-265118127
s1_5000,S1-42128902
s1_5000,S1-655665109
s1_5000,S1-157773599
s1_5000,S1-760840682
s1_5000,S1-162034320
s1_5000,S1-96692956
s1_5000,S1-434796515
s1_5000,S1-610736130
s1_5000,S1-996502126
s1_5000,S1-796454810
s1_5000,S1-969427771
s1_5000,S1-189522612
s1_5000,S1-825077757
s1_5000,S1-498058980
s1_5000,S1-460505313
s1_5000,S1-623356040
s1_5000,S1-252619131
s1_5000,S1-655931201
s1_5000,S1-780423580
s1_5000,S1-377560297
s1_5000,S1-382849428
s1_5000,S1-707985814
s1_5000,S1-34034222
s1_5000,S1-513269657
s1_5000,S1-177954343
s1_5000,S1-178459407
s1_5000,S1-606275527
s1_5000,S1-887719275
s1_5000,S1-192732186
s1_5000,S1-608967414
s1_5000,S1-788669533
s1_5000,S1-828214924
s1_5000,S1-497411990
s1_5000,S1-526632358
s1_5000,S1-349678557
s1_5000,S1-515678303
s1_5000,S1-745006607
s1_5000,S1-371904317
s1_5000,S1-622658111
s1_5000,S1-337946117
s1_5000,S1-625817119
s1_5000,S1-295078193
s1_5000,S1-444041166
s1_5000,S1-644909060
s1_5000,S1-361137897
s1_5000,S1-41317566
s1_5000,S1-708966187
s1_5000,S1-800315369
s1_5000,S1-743238002
s1_5000,S1-75477466
s1_5000,S1-327462179
s1_5000,S1-374066313
s1_5000,S1-406521568
s1_5000,S1-111906316
s1_5000,S1-529891305
s1_5000,S1-231036087
s1_5000,S1-800917539
s1_5000,S1-462223675
s1_5000,S1-703195062
s1_5000,S1-910549892
s1_5000,S1-277955334
s1_5000,S1-510267170
s1_5000,S1-958682608
s1_5000,S1-485348225
s1_5000,S1-860341006
s1_5000,S1-44958416
s1_5000,S1-197625875
s1_5000,S1-933004961
s1_5000,S1-609612010
s1_5000,S1-24789070
s1_5000,S1-694967517
s1_5000,S1-919660109
s1_5000,S1-954562808
s1_5000,S1-28896124
s1_5000,S1-557319843
s1_5000,S1-516290105
s1_5000,S1-101840713
s1_5000,S1-807273946
s1_5000,S1-362815713
s1_5000,S1-118188739
s1_5000,S1-503223139
s1_5000,S1-64197487
s1_5000,S1-88249277
s1_5000,S1-225047892
s1_5000,S1-208289868
s1_5000,S1-378019168
s1_5000,S1-117416889
s1_5000,S1-1039410
s1_5000,S1-787831972
s1_5000,S1-574008304
s1_5000,S1-970581623
s1_5000,S1-951410198
s1_5000,S1-56436840
s1_5000,S1-919740289
s1_5000,S1-72039349
s1_5000,S1-131745165
s1_5000,S1-527220147
s1_5000,S1-810076304
s1_5000,S1-355916990
s1_5000,S1-603830615
s1_5000,S1-203874762
s1_5000,S1-834983529
s1_5000,S1-225919167
s1_5000,S1-272522928
s1_5000,S1-124849120
s1_5000,S1-230964033
s1_5000,S1-613113880
s1_5000,S1-396803331
s1_5000,S1-357644530
s1_5000,S1-212885975
s1_5000,S1-146611329
s1_5000,S1-362088672
s1_5000,S1-831406252
s1_5000,S1-603113105
s1_5000,S1-449694081
s1_5000,S1-134935361
s1_5000,S1-270589272
s1_5000,S1-896456699
s1_5000,S1-302337739
s1_5000,S1-391402138
s1_5000,S1-281598141
s1_5000,S1-132547250
s1_5000,S1-619795965
s1_5000,S1-649285755
s1_5000,S1-430030189
s1_5000,S1-908464095
s1_5000,S1-439426602
s1_5000,S1-632127045
s1_5000,S1-698552884
s1_5000,S1-774996232
s1_5000,S1-452456543
s1_5000,S1-585894096
s1_5000,S1-454927333
s1_5000,S1-724124543
s1_5000,S1-373841520
s1_5000,S1-478665448
s1_5000,S1-31916694
s1_5000,S1-178240398
s1_5000,S1-805720916
s1_5000,S1-785012599
s1_5000,S1-570330505
s1_5000,S1-580407687
s1_5000,S1-195964451
s1_5000,S1-863383578
s1_5000,S1-398966822
s1_5000,S1-47693061
s1_5000,S1-901993448
s1_5000,S1-360702411
s1_5000,S1-773565090
s1_5000,S1-585207831
s1_5000,S1-531136752
s1_5000,S1-442467030
s1_5000,S1-92482405
s1_5000,S1-199571794
s1_5000,S1-595727822
s1_5000,S1-364678319
s1_5000,S1-872214081
s1_5000,S1-377086058
s1_5000,S1-990461902
s1_5000,S1-967594427
s1_5000,S1-824991198
s1_5000,S1-623746049
s1_5000,S1-635266124
s1_5000,S1-12615942
s1_5000,S1-468418914
s1_5000,S1-717312031
s1_5000,S1-292535402
s1_5000,S1-959890049
s1_5000,S1-256737973
s1_5000,S1-159212707
s1_5000,S1-580580616
s1_5000,S1-386088143
s1_5000,S1-994360372
s1_5000,S1-417824853
s1_5000,S1-57586886
s1_5000,S1-417823242
s1_5000,S1-651379105
s1_5000,S1-575249679
s1_5000,S1-393317943
s1_5000,S1-584163881
s1_5000,S1-982163117
s1_5000,S1-839782760
s1_5000,S1-900544442
s1_5000,S1-877625799
s1_5000,S1-479499953
s1_5000,S1-240192562
s1_5000,S1-67984413
s1_5000,S1-929709760
s1_5000,S1-645580244
s1_5000,S1-379116236
s1_5000,S1-859902423
s1_5000,S1-625988141
s1_5000,S1-419938998
s1_5000,S1-772622400
s1_5000,S1-830083936
s1_5000,S1-439222980
s1_5000,S1-402531107
s1_5000,S1-100625394
s1_5000,S1-877581624
s1_5000,S1-403408940
s1_5000,S1-817995330
s1_5000,S1-76269912
s1_5000,S1-849465705
s1_5000,S1-995508551
s1_5000,S1-690122386
s1_5000,S1-143958303
s1_5000,S1-738848231
s1_5000,S1-157899985
s1_5000,S1-107809366
s1_5000,S1-256569351
s1_5000,S1-878489591
s1_5000,S1-369930027
s1_5000,S1-588917480
s1_5000,S1-915271485
s1_5000,S1-491663549
s1_5000,S1-837791612
s1_5000,S1-708875578
s1_5000,S1-932863304
s1_5000,S1-22592434
s1_5000,S1-753567061
s1_5000,S1-920312712
s1_5000,S1-588083504
s1_5000,S1-564696590
s1_5000,S1-526955963
s1_5000,S1-607228456
s1_5000,S1-294128890
s1_5000,S1-324330374
s1_5000,S1-876046208
s1_5000,S1-2775762
s1_5000,S1-912112234
s1_5000,S1-874610060
s1_5000,S1-525927764
s1_5000,S1-856303483
s1_5000,S1-325932018
s1_5000,S1-822391359
s1_5000,S1-774181170
s1_5000,S1-22215156
s1_5000,S1-615231492
s1_5000,S1-294036444
s1_5000,S1-850721810
s1_5000,S1-113429852
s1_5000,S1-804056563
s1_5000,S1-337477995
s1_5000,S1-923720466
s1_5000,S1-109291552
s1_5000,S1-832856617
s1_5000,S1-854476336
s1_5000,S1-934968490
s1_5000,S1-121693037
s1_5000,S1-542540887
s1_5000,S1-706889130
s1_5000,S1-587051623
s1_5000,S1-648916840
s1_5000,S1-216234074
s1_5000,S1-4179197
s1_5000,S1-874853634
s1_5000,S1-830938274
s1_5000,S1-669173899
s1_5000,S1-890514147
s1_5000,S1-977938386
s1_5000,S1-360570474
s1_5000,S1-979234942
s1_5000,S1-961832806
s1_5000,S1-74403263
s1_5000,S1-411939618
s1_5000,S1-452329998
s1_5000,S1-159760349
s1_5000,S1-378702310
s1_5000,S1-14088765
s1_5000,S1-245808112
s1_5000,S1-522925958
s1_5000,S1-409923771
s1_5000,S1-819898078
s1_5000,S1-725933863
s1_5000,S1-115173411
s1_5000,S1-324695988
s1_5000,S1-10393601
s1_5000,S1-296672331
s1_5000,S1-897779097
s1_5000,S1-277198482
s1_5000,S1-996291067
s1_5000,S1-108923390
s1_5000,S1-264329856
s1_5000,S1-387200680
s1_5000,S1-549608257
s1_5000,S1-761867539
s1_5000,S1-908747670
s1_5000,S1-770172704
s1_5000,S1-335715642
s1_5000,S1-369919932
s1_5000,S1-97828965
s1_5000,S1-967811540
s1_5000,S1-160353666
s1_5000,S1-32625238
s1_5000,S1-529683926
s1_5000,S1-783001297
s1_5000,S1-2577240
s1_5000,S1-309250937
s1_5000,S1-933907524
s1_5000,S1-874706415
s1_5000,S1-394191447
s1_5000,S1-983260741
s1_5000,S1-593018241
s1_5000,S1-783328051
s1_5000,S1-177322486
s1_5000,S1-327512522
s1_5000,S1-17973952
s1_5000,S1-176434763
s1_5000,S1-679399812
s1_5000,S1-300656903
s1_5000,S1-360481865
s1_5000,S1-866296885
s1_5000,S1-492142313
s1_5000,S1-32315181
s1_5000,S1-719837826
s1_5000,S1-674250113
s1_5000,S1-848273416
s1_5000,S1-190595971
s1_5000,S1-712360582
s1_5000,S1-866005166
s1_5000,S1-210882477
s1_5000,S1-372012424
s1_5000,S1-577087021
s1_5000,S1-852610124
s1_5000,S1-109175675
s1_5000,S1-867725816
s1_5000,S1-454337849
s1_5000,S1-211263556
s1_5000,S1-997499468
s1_5000,S1-429307554
s1_5000,S1-815423969
s1_5000,S1-762754948
s1_5000,S1-379677192
s1_5000,S1-948932140
s1_5000,S1-988952152
s1_5000,S1-470150331
s1_5000,S1-845086185
s1_5000,S1-946706052
s1_5000,S1-602193603
s1_5000,S1-393117390
s1_5000,S1-974810743
s1_5000,S1-485260947
s1_5000,S1-209242212
s1_5000,S1-444309469
s1_5000,S1-701717394
s1_5000,S1-432251644
s1_5000,S1-239207420
s1_5000,S1-707620084
s1_5000,S1-603393113
s1_5000,S1-360368359
s1_5000,S1-144309050
s1_5000,S1-71636676
s1_5000,S1-435158775
s1_5000,S1-636748811
s1_5000,S1-65309853
s1_5000,S1-426307047
s1_5000,S1-152709472
s1_5000,S1-114424830
s1_5000,S1-128260204
s1_5000,S1-756453021
s1_5000,S1-997414477
s1_5000,S1-587564473
s1_5000,S1-949663673
s1_5000,S1-886830433
s1_5000,S1-620072179
s1_5000,S1-937355747
s1_5000,S1-130224322
s1_5000,S1-417827381
s1_5000,S1-343417294
s1_5000,S1-394632774
s1_5000,S1-732592724
s1_5000,S1-580748190
s1_5000,S1-796458434
s1_5000,S1-765932516
s1_5000,S1-384400545
s1_5000,S1-444946012
s1_5000,S1-835384598
s1_5000,S1-172646617
s1_5000,S1-163359447
s1_5000,S1-707155052
s1_5000,S1-967576249
s1_5000,S1-383924373
s1_5000,S1-145192696
s1_5000,S1-120113863
s1_5000,S1-579296771
s1_5000,S1-76600144
s1_5000,S1-262956530
s1_5000,S1-289224987
s1_5000,S1-434671027
s1_5000,S1-874587325
s1_5000,S1-386790184
s1_5000,S1-309029909
s1_5000,S1-402701678
s1_5000,S1-820304545
s1_5000,S1-319446504
s1_5000,S1-602660812
s1_5000,S1-838816755
s1_5000,S1-635610218
s1_5000,S1-318608060
s1_5000,S1-68824362
s1_5000,S1-627898987
s1_5000,S1-873224394
s1_5000,S1-528038666
s1_5000,S1-993276054
s1_5000,S1-625355978
s1_5000,S1-411428383
s1_5000,S1-877756741
s1_5000,S1-264105075
s1_5000,S1-364343116
s1_5000,S1-708919835
s1_5000,S1-424278368
s1_5000,S1-350140550
s1_5000,S1-224156764
s1_5000,S1-991758781
s1_5000,S1-253152547
s1_5000,S1-349078782
s1_5000,S1-755451588
s1_5000,S1-253496965
s1_5000,S1-586543605
s1_5000,S1-309328944
s1_5000,S1-877771962
s1_5000,S1-881400809
s1_5000,S1-252959475
s1_5000,S1-106566816
s1_5000,S1-657748914
s1_5000,S1-452747502
s1_5000,S1-339021665
s1_5000,S1-927465777
s1_5000,S1-275292755
s1_5000,S1-870147511
s1_5000,S1-666016256
s1_5000,S1-310651038
s1_5000,S1-133609565
s1_5000,S1-538988615
s1_5000,S1-521533478
s1_5000,S1-979640757
s1_5000,S1-237040891
s1_5000,S1-285122739
s1_5000,S1-608905216
s1_5000,S1-251563500
s1_5000,S1-708368208
s1_5000,S1-728715860
s1_5000,S1-728437419
s1_5000,S1-94056942
s1_5000,S1-626087188
s1_5000,S1-982554289
s1_5000,S1-650945498
s1_5000,S1-223141947
s1_5000,S1-939186499
s1_5000,S1-717657945
s1_5000,S1-229514919
s1_5000,S1-175958937
s1_5000,S1-408524377
s1_5000,S1-556310487
s1_5000,S1-447515688
s1_5000,S1-469262072
s1_5000,S1-910511213
s1_5000,S1-568262604
s1_5000,S1-3965597
s1_5000,S1-712267907
s1_5000,S1-571269849
s1_5000,S1-53898759
s1_5000,S1-925577931
s1_5000,S1-607322610
s1_5000,S1-617480537
s1_5000,S1-617714375
s1_5000,S1-548687090
s1_5000,S1-703174498
s1_5000,S1-785764526
s1_5000,S1-376767576
s1_5000,S1-879036575
s1_5000,S1-137109332
s1_5000,S1-74161638
s1_5000,S1-812960792
s1_5000,S1-371328674
s1_5000,S1-30617375
s1_5000,S1-573726315
s1_5000,S1-354085195
s1_5000,S1-770102800
s1_5000,S1-459488906
s1_5000,S1-791044420
s1_5000,S1-557931744
s1_5000,S1-322467193
s1_5000,S1-866419638
s1_5000,S1-813797494
s1_5000,S1-955186399
s1_5000,S1-520103019
s1_5000,S1-258185803
s1_5000,S1-773472108
s1_5000,S1-790850301
s1_5000,S1-588443658
s1_5000,S1-480966375
s1_5000,S1-843890090
s1_5000,S1-61871677
s1_5000,S1-260598709
s1_5000,S1-845153701
s1_5000,S1-849079218
s1_5000,S1-182087716
s1_5000,S1-143018597
s1_5000,S1-497491595
s1_5000,S1-840845463
s1_5000,S1-514427791
s1_5000,S1-707712795
s1_5000,S1-566917738
s1_5000,S1-959142386
s1_5000,S1-635056779
s1_5000,S1-918291535
s1_5000,S1-232298053
s1_5000,S1-972777978
s1_5000,S1-939107867
s1_5000,S1-410986076
s1_5000,S1-586341558
s1_5000,S1-326725359
s1_5000,S1-353308813
s1_5000,S1-132364004
s1_5000,S1-198077365
s1_5000,S1-272648186
s1_5000,S1-20672382
s1_5000,S1-835228831
s1_5000,S1-851151897
s1_5000,S1-423722776
s1_5000,S1-542941807
s1_5000,S1-77568999
s1_5000,S1-281915633
s1_5000,S1-431297138
s1_5000,S1-612842808
s1_5000,S1-520412269
s1_5000,S1-787210794
s1_5000,S1-124462211
s1_5000,S1-51865922
s1_5000,S1-350834708
s1_5000,S1-923292062
s1_5000,S1-990218012
s1_5000,S1-423224877
s1_5000,S1-878547730
s1_5000,S1-807591789
s1_5000,S1-944458772
s1_5000,S1-163959939
s1_5000,S1-853088463
s1_5000,S1-419879346
s1_5000,S1-614934580
s1_5000,S1-151748140
s1_5000,S1-150168984
s1_5000,S1-905791445
s1_5000,S1-945761456
s1_5000,S1-321236077
s1_5000,S1-174693204
s1_5000,S1-320198412
s1_5000,S1-936476958
s1_5000,S1-238039681
s1_5000,S1-977335915
s1_5000,S1-619845474
s1_5000,S1-261965094
s1_5000,S1-693690841
s1_5000,S1-717391267
s1_5000,S1-783653290
s1_5000,S1-953535957
s1_5000,S1-959204160
s1_5000,S1-511725706
s1_5000,S1-104251787
s1_5000,S1-961200002
s1_5000,S1-18267845
s1_5000,S1-104565081
s1_5000,S1-820439105
s1_5000,S1-957128444
s1_5000,S1-556228489
s1_5000,S1-459637274
s1_5000,S1-359255885
s1_5000,S1-154667224
s1_5000,S1-261527017
s1_5000,S1-96504376
s1_5000,S1-876664844
s1_5000,S1-563178896
s1_5000,S1-797058141
s1_5000,S1-339006820
s1_5000,S1-869737087
s1_5000,S1-435186502
s1_5000,S1-441272693
s1_5000,S1-30764726
s1_5000,S1-790599481
s1_5000,S1-487168388
s1_5000,S1-975764386
s1_5000,S1-264595908
s1_5000,S1-297094958
s1_5000,S1-100276475
s1_5000,S1-439825849
s1_5000,S1-8781400
s1_5000,S1-796931678
s1_5000,S1-13128280
s1_5000,S1-1186347
s1_5000,S1-108034941
s1_5000,S1-116182582
s1_5000,S1-442885636
s1_5000,S1-102330347
s1_5000,S1-311565031
s1_5000,S1-789958686
s1_5000,S1-699248674
s1_5000,S1-144816753
s1_5000,S1-272137225
s1_5000,S1-522017122
s1_5000,S1-100167734
s1_5000,S1-479725005
s1_5000,S1-743531791
s1_5000,S1-652207412
s1_5000,S1-185985394
s1_5000,S1-937018924
s1_5000,S1-945498259
s1_5000,S1-631614917
s1_5000,S1-961548696
s1_5000,S1-341514955
s1_5000,S1-383744417
s1_5000,S1-499340462
s1_5000,S1-846958059
s1_5000,S1-351883628
s1_5000,S1-518262604
s1_5000,S1-356624931
s1_5000,S1-480729531
s1_5000,S1-26256799
s1_5000,S1-614260199
s1_5000,S1-942376087
s1_5000,S1-369680649
s1_5000,S1-214898305
s1_5000,S1-991843051
s1_5000,S1-494187676
s1_5000,S1-380932102
s1_5000,S1-37805904
s1_5000,S1-482910661
s1_5000,S1-761935587
s1_5000,S1-862207745
s1_5000,S1-41147272
s1_5000,S1-291933980
s1_5000,S1-465564443
s1_5000,S1-716529185
s1_5000,S1-252815076
s1_5000,S1-741530614
s1_5000,S1-264006576
s1_5000,S1-703314149
s1_5000,S1-889530437
s1_5000,S1-950047153
s1_5000,S1-718541486
s1_5000,S1-19172434
s1_5000,S1-531268470
s1_5000,S1-56369002
s1_5000,S1-851172257
s1_5000,S1-839695817
s1_5000,S1-117184918
s1_5000,S1-103120265
s1_5000,S1-869535932
s1_5000,S1-887169774
s1_5000,S1-492543909
s1_5000,S1-94599318
s1_5000,S1-677598357
s1_5000,S1-730719207
s1_5000,S1-369861184
s1_5000,S1-295668361
s1_5000,S1-858735224
s1_5000,S1-563073325
s1_5000,S1-816383534
s1_5000,S1-79146097
s1_5000,S1-241799543
s1_5000,S1-814666931
s1_5000,S1-434049818
s1_5000,S1-879372595
s1_5000,S1-248163870
s1_5000,S1-974558168
s1_5000,S1-152580274
s1_5000,S1-182285498
s1_5000,S1-636219545
s1_5000,S1-879828483
s1_5000,S1-595976104
s1_5000,S1-480646551
s1_5000,S1-688071877
s1_5000,S1-970146850
s1_5000,S1-610757866
s1_5000,S1-998147399
s1_5000,S1-672064749
s1_5000,S1-300594042
s1_5000,S1-966899178
s1_5000,S1-859410589
s1_5000,S1-221830085
s1_5000,S1-759154765
s1_5000,S1-279768516
s1_5000,S1-277795564
s1_5000,S1-435179175
s1_5000,S1-359821177
s1_5000,S1-155407235
s1_5000,S1-363640638
s1_5000,S1-630988943
s1_5000,S1-492798500
s1_5000,S1-750902604
s1_5000,S1-832262633
s1_5000,S1-494365737
s1_5000,S1-317536058
s1_5000,S1-862899562
s1_5000,S1-813952512
s1_5000,S1-263815160
s1_5000,S1-505316099
s1_5000,S1-442590532
s1_5000,S1-520578486
s1_5000,S1-373716962
s1_5000,S1-221049359
s1_5000,S1-595529200
s1_5000,S1-448814176
s1_5000,S1-382839290
s1_5000,S1-437861953
s1_5000,S1-801385283
s1_5000,S1-62792559
s1_5000,S1-429973350
s1_5000,S1-959711921
s1_5000,S1-645636967
s1_5000,S1-772318966
s1_5000,S1-805666871
s1_5000,S1-89525072
s1_5000,S1-334690933
s1_5000,S1-306911649
s1_5000,S1-189778694
s1_5000,S1-264521464
s1_5000,S1-109274691
s1_5000,S1-241052906
s1_5000,S1-20912265
s1_5000,S1-457236191
s1_5000,S1-601233921
s1_5000,S1-652724045
s1_5000,S1-752926413
s1_5000,S1-632381890
s1_5000,S1-568024600
s1_5000,S1-101003484
s1_5000,S1-43499921
s1_5000,S1-110256609
s1_5000,S1-487458224
s1_5000,S1-929842045
s1_5000,S1-281720430
s1_5000,S1-721565573
s1_5000,S1-388793139
s1_5000,S1-332323893
s1_5000,S1-841238498
s1_5000,S1-604791387
s1_5000,S1-276163334
s1_5000,S1-619648344
s1_5000,S1-267645994
s1_5000,S1-280004217
s1_5000,S1-183479376
s1_5000,S1-651332839
s1_5000,S1-325262585
s1_5000,S1-248093324
s1_5000,S1-714434823
s1_5000,S1-319895908
s1_5000,S1-130312518
s1_5000,S1-337403716
s1_5000,S1-927196959
s1_5000,S1-634802275
s1_5000,S1-610551902
s1_5000,S1-763925165
s1_5000,S1-809191477
s1_5000,S1-589408855
s1_5000,S1-206753882
s1_5000,S1-878306771
s1_5000,S1-328097241
s1_5000,S1-829671154
s1_5000,S1-631246874
s1_5000,S1-544759562
s1_5000,S1-930744842
s1_5000,S1-108161581
s1_5000,S1-130260765
s1_5000,S1-322705792
s1_5000,S1-300047799
s1_5000,S1-237606626
s1_5000,S1-431860747
s1_5000,S1-552437382
s1_5000,S1-603435619
s1_5000,S1-685335289
s1_5000,S1-155779800
s1_5000,S1-501849627
s1_5000,S1-262004414
s1_5000,S1-745903635
s1_5000,S1-656765074
s1_5000,S1-904386702
s1_5000,S1-337125619
s1_5000,S1-514177496
s1_5000,S1-395601309
s1_5000,S1-577698852
s1_5000,S1-874201682
s1_5000,S1-126570986
s1_5000,S1-671207789
s1_5000,S1-708363043
s1_5000,S1-614088401
s1_5000,S1-569680730
s1_5000,S1-767358074
s1_5000,S1-322487719
s1_5000,S1-984079639
s1_5000,S1-594866255
s1_5000,S1-30108386
s1_5000,S1-144726199
s1_5000,S1-54211804
s1_5000,S1-394668402
s1_5000,S1-846688918
s1_5000,S1-440539232
s1_5000,S1-305964373
s1_5000,S1-190823065
s1_5000,S1-667774821
s1_5000,S1-552440481
s1_5000,S1-70285883
s1_5000,S1-281684018
s1_5000,S1-622863469
s1_5000,S1-757190554
s1_5000,S1-476905291
s1_5000,S1-862712171
s1_5000,S1-858585851
s1_5000,S1-433945674
s1_5000,S1-244459220
s1_5000,S1-367850706
s1_5000,S1-288471887
s1_5000,S1-29385542
s1_5000,S1-500374550
s1_5000,S1-994198545
s1_5000,S1-398106501
s1_5000,S1-453621765
s1_5000,S1-862956461
s1_5000,S1-847779738
s1_5000,S1-428993236
s1_5000,S1-329915279
s1_5000,S1-995316119
s1_5000,S1-872696092
s1_5000,S1-993810996
s1_5000,S1-379375217
s1_5000,S1-49355318
s1_5000,S1-830755446
s1_5000,S1-551634991
s1_5000,S1-66008809
s1_5000,S1-406688478
s1_5000,S1-977388696
s1_5000,S1-975600193
s1_5000,S1-673684196
s1_5000,S1-190310358
s1_5000,S1-626354541
s1_5000,S1-150186325
s1_5000,S1-678752269
s1_5000,S1-520949409
s1_5000,S1-901704078
s1_5000,S1-319287250
s1_5000,S1-638392265
s1_5000,S1-132973482
s1_5000,S1-877125881
s1_5000,S1-792937225
s1_5000,S1-473857889
s1_5000,S1-453290913
s1_5000,S1-38685689
s1_5000,S1-926749327
s1_5000,S1-742015253
s1_5000,S1-65401110
s1_5000,S1-988844457
s1_5000,S1-499907505
s1_5000,S1-55240238
s1_5000,S1-58287665
s1_5000,S1-694417611
s1_5000,S1-84423927
s1_5000,S1-268495002
s1_5000,S1-668512504
s1_5000,S1-345277377
s1_5000,S1-730318020
s1_5000,S1-780542746
s1_5000,S1-228135917
s1_5000,S1-162866016
s1_5000,S1-566006897
s1_5000,S1-707386091
s1_5000,S1-405060481
s1_5000,S1-571345215
s1_5000,S1-105952820
s1_5000,S1-938486546
s1_5000,S1-381475647
s1_5000,S1-127983708
s1_5000,S1-902386281
s1_5000,S1-277081371
s1_5000,S1-360298622
s1_5000,S1-43696995
s1_5000,S1-956668952
s1_5000,S1-53246404
s1_5000,S1-604889279
s1_5000,S1-102178823
s1_5000,S1-674870984
s1_5000,S1-148919441
s1_5000,S1-212245832
s1_5000,S1-571209453
s1_5000,S1-351910100
s1_5000,S1-828876018
s1_5000,S1-805363016
s1_5000,S1-474186029
s1_5000,S1-499950813
s1_5000,S1-524760397
s1_5000,S1-209343211
s1_5000,S1-284472167
s1_5000,S1-545813648
s1_5000,S1-481585124
s1_5000,S1-452544636
s1_5000,S1-569270534
s1_5000,S1-961495282
s1_5000,S1-21187652
s1_5000,S1-850018881
s1_5000,S1-429120396
s1_5000,S1-480618742
s1_5000,S1-681697912
s1_5000,S1-626174279
s1_5000,S1-251458101
s1_5000,S1-234577105
s1_5000,S1-159909946
s1_5000,S1-469763988
s1_5000,S1-760935332
s1_5000,S1-895998046
s1_5000,S1-921811598
s1_5000,S1-300782128
s1_5000,S1-387907864
s1_5000,S1-843453005
s1_5000,S1-544036297
s1_5000,S1-841044450
s1_5000,S1-507482023
s1_5000,S1-225300180
s1_5000,S1-359847314
s1_5000,S1-554243005
s1_5000,S1-538912383
s1_5000,S1-295041951
s1_5000,S1-576958964
s1_5000,S1-203850834
s1_5000,S1-104670756
s1_5000,S1-889638232
s1_5000,S1-898487778
s1_5000,S1-4658298
s1_5000,S1-500344704
s1_5000,S1-102121237
s1_5000,S1-742598457
s1_5000,S1-796505306
s1_5000,S1-681738166
s1_5000,S1-291876776
s1_5000,S1-451548804
s1_5000,S1-78566631
s1_5000,S1-470544990
s1_5000,S1-888739142
s1_5000,S1-165638282
s1_5000,S1-146584355
s1_5000,S1-935232640
s1_5000,S1-415153754
s1_5000,S1-370761510
s1_5000,S1-538255935
s1_5000,S1-202310418
s1_5000,S1-857043357
s1_5000,S1-563151919
s1_5000,S1-224367366
s1_5000,S1-546642435
s1_5000,S1-134218892
s1_5000,S1-81536496
s1_5000,S1-684464659
s1_5000,S1-880448766
s1_5000,S1-443876343
s1_5000,S1-604117488
s1_5000,S1-870543269
s1_5000,S1-520464076
s1_5000,S1-632785610
s1_5000,S1-572030938
s1_5000,S1-995051169
s1_5000,S1-496376724
s1_5000,S1-428016769
s1_5000,S1-138640918
s1_5000,S1-270797996
s1_5000,S1-393082772
s1_5000,S1-497853326
s1_5000,S1-480575703
s1_5000,S1-131294783
s1_5000,S1-308938587
s1_5000,S1-680740154
s1_5000,S1-587851787
s1_5000,S1-457904878
s1_5000,S1-985847326
s1_5000,S1-307784720
s1_5000,S1-588040790
s1_5000,S1-981325088
s1_5000,S1-457170041
s1_5000,S1-31988131
s1_5000,S1-274798714
s1_5000,S1-917258321
s1_5000,S1-1958349
s1_5000,S1-141417669
s1_5000,S1-935139094
s1_5000,S1-789987912
s1_5000,S1-870221039
s1_5000,S1-940841842
s1_5000,S1-766865282
s1_5000,S1-539213945
s1_5000,S1-779653941
s1_5000,S1-832150078
s1_5000,S1-554872053
s1_5000,S1-491835765
s1_5000,S1-730419745
s1_5000,S1-377528523
s1_5000,S1-217537199
s1_5000,S1-813799490
s1_5000,S1-965147243
s1_5000,S1-308753451
s1_5000,S1-237665394
s1_5000,S1-636795508
s1_5000,S1-238919855
s1_5000,S1-706063502
s1_5000,S1-826814132
s1_5000,S1-208318448
s1_5000,S1-923310884
s1_5000,S1-115027398
s1_5000,S1-894395258
s1_5000,S1-403294975
s1_5000,S1-702070074
s1_5000,S1-436962944
s1_5000,S1-573731429
s1_5000,S1-16582255
s1_5000,S1-886331943
s1_5000,S1-507706385
s1_5000,S1-657104158
s1_5000,S1-827403077
s1_5000,S1-737090708
s1_5000,S1-471496158
s1_5000,S1-28464750
s1_5000,S1-468317322
s1_5000,S1-920810057
s1_5000,S1-198674585
s1_5000,S1-87482209
s1_5000,S1-102579245
s1_5000,S1-57998941
s1_5000,S1-514545324
s1_5000,S1-699158650
s1_5000,S1-12660886
s1_5000,S1-746365162
s1_5000,S1-849311044
s1_5000,S1-286011742
s1_5000,S1-935891417
s1_5000,S1-240021613
s1_5000,S1-472750525
s1_5000,S1-888973328
s1_5000,S1-148376520
s1_5000,S1-810539049
s1_5000,S1-410772248
s1_5000,S1-741733467
s1_5000,S1-280969186
s1_5000,S1-286414262
s1_5000,S1-283583790
s1_5000,S1-849027898
s1_5000,S1-253469694
s1_5000,S1-953719667
s1_5000,S1-272557903
s1_5000,S1-779403177
s1_5000,S1-860464253
s1_5000,S1-858977078
s1_5000,S1-960943312
s1_5000,S1-385494852
s1_5000,S1-788841178
s1_5000,S1-586517478
s1_5000,S1-740739267
s1_5000,S1-988051713
s1_5000,S1-876743614
s1_5000,S1-502438411
s1_5000,S1-400598210
s1_5000,S1-902753858
s1_5000,S1-495412135
s1_5000,S1-891399130
s1_5000,S1-490011300
s1_5000,S1-114580174
s1_5000,S1-467682762
s1_5000,S1-910933723
s1_5000,S1-601341869
s1_5000,S1-997992677
s1_5000,S1-823229430
s1_5000,S1-869265529
s1_5000,S1-848608437
s1_5000,S1-877604226
s1_5000,S1-784290757
s1_5000,S1-332228607
s1_5000,S1-338033065
s1_5000,S1-181188761
s1_5000,S1-702087280
s1_5000,S1-189019027
s1_5000,S1-536781411
s1_5000,S1-609571104
s1_5000,S1-635487705
s1_5000,S1-610068921
s1_5000,S1-313024213
s1_5000,S1-869554501
s1_5000,S1-625510720
s1_5000,S1-150950788
s1_5000,S1-140206153
s1_5000,S1-51024909
s1_5000,S1-918728752
s1_5000,S1-806356057
s1_5000,S1-531344164
s1_5000,S1-540486702
s1_5000,S1-255724863
s1_5000,S1-223980029
s1_5000,S1-790174712
s1_5000,S1-438886098
s1_5000,S1-755386279
s1_5000,S1-875310102
s1_5000,S1-146762459
s1_5000,S1-542495405
s1_5000,S1-80732779
s1_5000,S1-16324070
s1_5000,S1-726187237
s1_5000,S1-235502128
s1_5000,S1-392651238
s1_5000,S1-584263262
s1_5000,S1-616404545
s1_5000,S1-96715212
s1_5000,S1-440605308
s1_5000,S1-320391039
s1_5000,S1-104907381
s1_5000,S1-778259417
s1_5000,S1-177194175
s1_5000,S1-679923251
s1_5000,S1-280918891
s1_5000,S1-870056093
s1_5000,S1-988793246
s1_5000,S1-842445916
s1_5000,S1-58253644
s1_5000,S1-214769968
s1_5000,S1-839383487
s1_5000,S1-448794959
s1_5000,S1-702388870
s1_5000,S1-460135817
s1_5000,S1-872049934
s1_5000,S1-613359375
s1_5000,S1-651291772
s1_5000,S1-819600657
s1_5000,S1-256409505
s1_5000,S1-13993829
s1_5000,S1-966212906
s1_5000,S1-161048625
s1_5000,S1-342111942
s1_5000,S1-654937627
s1_5000,S1-806518962
s1_5000,S1-859844697
s1_5000,S1-808934778
s1_5000,S1-997125438
s1_5000,S1-579456522
s1_5000,S1-628816869
s1_5000,S1-402095634
s1_5000,S1-984140606
s1_5000,S1-642541580
s1_5000,S1-171611924
s1_5000,S1-935680107
s1_5000,S1-596390118
s1_5000,S1-478302540
s1_5000,S1-399157149
s1_5000,S1-193050570
s1_5000,S1-808639792
s1_5000,S1-511118973
s1_5000,S1-926653095
s1_5000,S1-21889885
s1_5000,S1-619043285
s1_5000,S1-143602754
s1_5000,S1-362263270
s1_5000,S1-345952865
s1_5000,S1-50124477
s1_5000,S1-341462203
s1_5000,S1-488167768
s1_5000,S1-121961317
s1_5000,S1-883107938
s1_5000,S1-397295870
s1_5000,S1-815985204
s1_5000,S1-726715645
s1_5000,S1-654945895
s1_5000,S1-497524434
s1_5000,S1-716103058
s1_5000,S1-689235260
s1_5000,S1-538170833
s1_5000,S1-868879669
s1_5000,S1-856748649
s1_5000,S1-528665592
s1_5000,S1-439736349
s1_5000,S1-231126781
s1_5000,S1-242462418
s1_5000,S1-756811424
s1_5000,S1-498069086
s1_5000,S1-906724356
s1_5000,S1-584894704
s1_5000,S1-186562421
s1_5000,S1-868224088
s1_5000,S1-944794007
s1_5000,S1-594484075
s1_5000,S1-664607883
s1_5000,S1-141821726
s1_5000,S1-423772104
s1_5000,S1-608407176
s1_5000,S1-868314476
s1_5000,S1-375669649
s1_5000,S1-489472755
s1_5000,S1-962305760
s1_5000,S1-761270279
s1_5000,S1-154868493
s1_5000,S1-450193206
s1_5000,S1-973487914
s1_5000,S1-3005535
s1_5000,S1-995268575
s1_5000,S1-612170182
s1_5000,S1-464394405
s1_5000,S1-979428097
s1_5000,S1-969883800
s1_5000,S1-452556045
s1_5000,S1-970629008
s1_5000,S1-196672865
s1_5000,S1-985857092
s1_5000,S1-254026492
s1_5000,S1-899025911
s1_5000,S1-74248101
s1_5000,S1-446054814
s1_5000,S1-385494063
s1_5000,S1-692814126
s1_5000,S1-483345931
s1_5000,S1-323246253
s1_5000,S1-500024496
s1_5000,S1-8953262
s1_5000,S1-131796031
s1_5000,S1-92199730
s1_5000,S1-435499688
s1_5000,S1-693515925
s1_5000,S1-398702563
s1_5000,S1-297597417
s1_5000,S1-486420815
s1_5000,S1-390702936
s1_5000,S1-436594397
s1_5000,S1-984940809
s1_5000,S1-39157887
s1_5000,S1-489489327
s1_5000,S1-831266281
s1_5000,S1-658458070
s1_5000,S1-975270987
s1_5000,S1-365636389
s1_5000,S1-531118356
s1_5000,S1-838080347
s1_5000,S1-98097245
s1_5000,S1-955733618
s1_5000,S1-401493114
s1_5000,S1-74466799
s1_5000,S1-303319388
s1_5000,S1-8800349
s1_5000,S1-953126238
s1_5000,S1-901108390
s1_5000,S1-629920756
s1_5000,S1-38871797
s1_5000,S1-269196039
s1_5000,S1-200981202
s1_5000,S1-326976318
s1_5000,S1-734347133
s1_5000,S1-713438240
s1_5000,S1-815067599
s1_5000,S1-20461882
s1_5000,S1-899907533
s1_5000,S1-895565470
s1_5000,S1-651246778
s1_5000,S1-351619267
s1_5000,S1-494377319
s1_5000,S1-775658566
s1_5000,S1-69892528
s1_5000,S1-84261419
s1_5000,S1-383936062
s1_5000,S1-363869955
s1_5000,S1-651247147
s1_5000,S1-321076866
s1_5000,S1-142862040
s1_5000,S1-418520051
s1_5000,S1-398136598
s1_5000,S1-885718050
s1_5000,S1-77597188
s1_5000,S1-120306853
s1_5000,S1-160938987
s1_5000,S1-325692508
s1_5000,S1-37063944
s1_5000,S1-683589444
s1_5000,S1-251787615
s1_5000,S1-358911133
s1_5000,S1-47004251
s1_5000,S1-183684846
s1_5000,S1-815954510
s1_5000,S1-119736262
s1_5000,S1-385966908
s1_5000,S1-673871366
s1_5000,S1-269857591
s1_5000,S1-729383970
s1_5000,S1-628194872
s1_5000,S1-310943710
s1_5000,S1-856800749
s1_5000,S1-613016578
s1_5000,S1-583340573
s1_5000,S1-786239558
s1_5000,S1-74901450
s1_5000,S1-711335659
s1_5000,S1-823796533
s1_5000,S1-350193518
s1_5000,S1-909580465
s1_5000,S1-834279526
s1_5000,S1-565906007
s1_5000,S1-844655202
s1_5000,S1-314650427
s1_5000,S1-246690225
s1_5000,S1-288961629
s1_5000,S1-675079611
s1_5000,S1-641579785
s1_5000,S1-671643975
s1_5000,S1-203453548
s1_5000,S1-863906779
s1_5000,S1-347824597
s1_5000,S1-797916278
s1_5000,S1-770909649
s1_5000,S1-149163567
s1_5000,S1-103623130
s1_5000,S1-837198328
s1_5000,S1-832413321
s1_5000,S1-601431718
s1_5000,S1-984395119
s1_5000,S1-62087646
s1_5000,S1-774739792
s1_5000,S1-213111546
s1_5000,S1-556991596
s1_5000,S1-619230870
s1_5000,S1-352685623
s1_5000,S1-251205351
s1_5000,S1-353737687
s1_5000,S1-865435047
s1_5000,S1-690354847
s1_5000,S1-614653502
s1_5000,S1-981594986
s1_5000,S1-967190018
s1_5000,S1-851314758
s1_5000,S1-665252792
s1_5000,S1-857215332
s1_5000,S1-653984964
s1_5000,S1-23319837
s1_5000,S1-117068636
s1_5000,S1-885165989
s1_5000,S1-31302727
s1_5000,S1-114562382
s1_5000,S1-591844063
s1_5000,S1-989415384
s1_5000,S1-409761148
s1_5000,S1-481446342
s1_5000,S1-521965565
s1_5000,S1-546896307
s1_5000,S1-612398801
s1_5000,S1-477700525
s1_5000,S1-416138589
s1_5000,S1-437387623
s1_5000,S1-696556941
s1_5000,S1-201404487
s1_5000,S1-690212038
s1_5000,S1-88102432
s1_5000,S1-670401725
s1_5000,S1-958902642
s1_5000,S1-664495011
s1_5000,S1-136738509
s1_5000,S1-399441348
s1_5000,S1-227364786
s1_5000,S1-665829108
s1_5000,S1-4780001
s1_5000,S1-406523496
s1_5000,S1-565576956
s1_5000,S1-902709511
s1_5000,S1-611147027
s1_5000,S1-728475562
s1_5000,S1-923547769
s1_5000,S1-617272008
s1_5000,S1-895272382
s1_5000,S1-432833059
s1_5000,S1-465497954
s1_5000,S1-69494429
s1_5000,S1-397238121
s1_5000,S1-24251340
s1_5000,S1-615195927
s1_5000,S1-67264939
s1_5000,S1-520589661
s1_5000,S1-654007281
s1_5000,S1-751257914
s1_5000,S1-202019557
s1_5000,S1-960616886
s1_5000,S1-30797332
s1_5000,S1-629901661
s1_5000,S1-502947339
s1_5000,S1-449115524
s1_5000,S1-182543985
s1_5000,S1-775905651
s1_5000,S1-760034303
s1_5000,S1-917443473
s1_5000,S1-276996111
s1_5000,S1-975658296
s1_5000,S1-826984993
s1_5000,S1-794748146
s1_5000,S1-891525739
s1_5000,S1-115944664
s1_5000,S1-917862330
s1_5000,S1-605588931
s1_5000,S1-996186056
s1_5000,S1-41510359
s1_5000,S1-561270521
s1_5000,S1-383643545
s1_5000,S1-120991979
s1_5000,S1-263797371
s1_5000,S1-185598289
s1_5000,S1-842611578
s1_5000,S1-526159285
s1_5000,S1-997554993
s1_5000,S1-622221022
s1_5000,S1-443020389
s1_5000,S1-80036159
s1_5000,S1-569253892
s1_5000,S1-662342412
s1_5000,S1-395613655
s1_5000,S1-448652388
s1_5000,S1-220918697
s1_5000,S1-946403593
s1_5000,S1-903565578
s1_5000,S1-838580934
s1_5000,S1-880157898
s1_5000,S1-340343852
s1_5000,S1-333732612
s1_5000,S1-911303679
s1_5000,S1-462606296
s1_5000,S1-81005839
s1_5000,S1-662858408
s1_5000,S1-647090040
s1_5000,S1-111481742
s1_5000,S1-584876145
s1_5000,S1-789338421
s1_5000,S1-234696984
s1_5000,S1-123615544
s1_5000,S1-659966442
s1_5000,S1-374406981
s1_5000,S1-297025852
s1_5000,S1-630998896
s1_5000,S1-23876597
s1_5000,S1-38161707
s1_5000,S1-195293147
s1_5000,S1-162104807
s1_5000,S1-27398911
s1_5000,S1-187775649
s1_5000,S1-481878510
s1_5000,S1-936995619
s1_5000,S1-89918079
s1_5000,S1-30374541
s1_5000,S1-444766828
s1_5000,S1-274778379
s1_5000,S1-966551142
s1_5000,S1-909900076
s1_5000,S1-73107175
s1_5000,S1-333883015
s1_5000,S1-443048064
s1_5000,S1-359270870
s1_5000,S1-602275008
s1_5000,S1-97366407
s1_5000,S1-550079440
s1_5000,S1-833282173
s1_5000,S1-571181619
s1_5000,S1-618158025
s1_5000,S1-89367638
s1_5000,S1-439054518
s1_5000,S1-335658314
s1_5000,S1-978271336
s1_5000,S1-478823764
s1_5000,S1-229049493
s1_5000,S1-790726267
s1_5000,S1-891813614
s1_5000,S1-900566219
s1_5000,S1-533049130
s1_5000,S1-441711876
s1_5000,S1-905135331
s1_5000,S1-312206263
s1_5000,S1-377903003
s1_5000,S1-505344246
s1_5000,S1-764640439
s1_5000,S1-396363512
s1_5000,S1-556332304
s1_5000,S1-916483822
s1_5000,S1-792770646
s1_5000,S1-646315512
s1_5000,S1-337949110
s1_5000,S1-981114011
s1_5000,S1-438310769
s1_5000,S1-852701815
s1_5000,S1-530498691
s1_5000,S1-371945414
s1_5000,S1-561032247
s1_5000,S1-418314230
s1_5000,S1-844438395
s1_5000,S1-582310759
s1_5000,S1-895374177
s1_5000,S1-168048485
s1_5000,S1-881575935
s1_5000,S1-676979674
s1_5000,S1-480431206
s1_5000,S1-12390139
s1_5000,S1-261180165
s1_5000,S1-588725090
s1_5000,S1-671330090
s1_5000,S1-850556996
s1_5000,S1-443009003
s1_5000,S1-723631433
s1_5000,S1-88792638
s1_5000,S1-178492586
s1_5000,S1-53357859
s1_5000,S1-664423314
s1_5000,S1-605922393
s1_5000,S1-970169358
s1_5000,S1-270733291
s1_5000,S1-5311930
s1_5000,S1-431334182
s1_5000,S1-967208447
s1_5000,S1-765590224
s1_5000,S1-195837681
s1_5000,S1-855656956
s1_5000,S1-708080976
s1_5000,S1-19533353
s1_5000,S1-787663476
s1_5000,S1-869255932
s1_5000,S1-499900753
s1_5000,S1-392599728
s1_5000,S1-358251793
s1_5000,S1-629631514
s1_5000,S1-192132555
s1_5000,S1-180755433
s1_5000,S1-382282685
s1_5000,S1-420734269
s1_5000,S1-2596023
s1_5000,S1-523179841
s1_5000,S1-620659471
s1_5000,S1-178801902
s1_5000,S1-832405092
s1_5000,S1-196168043
s1_5000,S1-185035885
s1_5000,S1-695683345
s1_5000,S1-604275209
s1_5000,S1-526675139
s1_5000,S1-874456046
s1_5000,S1-890059672
s1_5000,S1-276851380
s1_5000,S1-666632115
s1_5000,S1-187076060
s1_5000,S1-452049074
s1_5000,S1-8319389
s1_5000,S1-312780498
s1_5000,S1-11560550
s1_5000,S1-258268404
s1_5000,S1-598201207
s1_5000,S1-584146000
s1_5000,S1-450384267
s1_5000,S1-393907593
s1_5000,S1-596860264
s1_5000,S1-92052314
s1_5000,S1-3259454
s1_5000,S1-418345440
s1_5000,S1-252333881
s1_5000,S1-517588805
s1_5000,S1-967031589
s1_5000,S1-22328079
s1_5000,S1-462073593
s1_5000,S1-505815164
s1_5000,S1-805753275
s1_5000,S1-26582185
s1_5000,S1-642685052
s1_5000,S1-858029649
s1_5000,S1-165405694
s1_5000,S1-64655793
s1_5000,S1-227631682
s1_5000,S1-823438140
s1_5000,S1-784299567
s1_5000,S1-564279103
s1_5000,S1-65196120
s1_5000,S1-859279795
s1_5000,S1-768820447
s1_5000,S1-462474227
s1_5000,S1-457648411
s1_5000,S1-396396477
s1_5000,S1-579148682
s1_5000,S1-87613787
s1_5000,S1-698340183
s1_5000,S1-565173617
s1_5000,S1-431433785
s1_5000,S1-669491236
s1_5000,S1-76148410
s1_5000,S1-492365039
s1_5000,S1-212745211
s1_5000,S1-25708525
s1_5000,S1-783843882
s1_5000,S1-732272106
s1_5000,S1-8723919
s1_5000,S1-860467834
s1_5000,S1-65406155
s1_5000,S1-612855084
s1_5000,S1-409802613
s1_5000,S1-666432262
s1_5000,S1-628294950
s1_5000,S1-752472325
s1_5000,S1-667442864
s1_5000,S1-235398954
s1_5000,S1-491939594
s1_5000,S1-393544796
s1_5000,S1-615660375
s1_5000,S1-268865752
s1_5000,S1-843016954
s1_5000,S1-435482384
s1_5000,S1-88523405
s1_5000,S1-754816745
s1_5000,S1-130817423
s1_5000,S1-280277082
s1_5000,S1-822924793
s1_5000,S1-879654155
s1_5000,S1-357521183
s1_5000,S1-727750907
s1_5000,S1-83451052
s1_5000,S1-210250357
s1_5000,S1-428653556
s1_5000,S1-936720056
s1_5000,S1-994114489
s1_5000,S1-849528156
s1_5000,S1-60979738
s1_5000,S1-585171138
s1_5000,S1-448437257
s1_5000,S1-487806556
s1_5000,S1-364816458
s1_5000,S1-30124049
s1_5000,S1-65318696
s1_5000,S1-424828101
s1_5000,S1-446614578
s1_5000,S1-391407698
s1_5000,S1-612496420
s1_5000,S1-480989530
s1_5000,S1-283192561
s1_5000,S1-168838974
s1_5000,S1-321299676
s1_5000,S1-858489514
s1_5000,S1-840329100
s1_5000,S1-592214540
s1_5000,S1-993779134
s1_5000,S1-456766807
s1_5000,S1-181962021
s1_5000,S1-288624310
s1_5000,S1-125716304
s1_5000,S1-354281314
s1_5000,S1-208486210
s1_5000,S1-748770267
s1_5000,S1-500109231
s1_5000,S1-744101232
s1_5000,S1-161107385
s1_5000,S1-749636509
s1_5000,S1-770550833
s1_5000,S1-978954531
s1_5000,S1-728385931
s1_5000,S1-143403497
s1_5000,S1-683858141
s1_5000,S1-850602069
s1_5000,S1-191395839
s1_5000,S1-434444017
s1_5000,S1-240880722
s1_5000,S1-967154708
s1_5000,S1-255090257
s1_5000,S1-967963921
s1_5000,S1-189296408
s1_5000,S1-620742546
s1_5000,S1-929935859
s1_5000,S1-467329045
s1_5000,S1-51502159
s1_5000,S1-251276997
s1_5000,S1-859639104
s1_5000,S1-237379376
s1_5000,S1-564190319
s1_5000,S1-792515699
s1_5000,S1-603556445
s1_5000,S1-532067062
s1_5000,S1-75545393
s1_5000,S1-983489569
s1_5000,S1-791772510
s1_5000,S1-192862680
s1_5000,S1-209894102
s1_5000,S1-986368942
s1_5000,S1-34657917
s1_5000,S1-113711129
s1_5000,S1-243741656
s1_5000,S1-476269262
s1_5000,S1-460936566
s1_5000,S1-804683097
s1_5000,S1-507145044
s1_5000,S1-424926377
s1_5000,S1-768734796
s1_5000,S1-297101985
s1_5000,S1-184530941
s1_5000,S1-219506932
s1_5000,S1-754844724
s1_5000,S1-602816109
s1_5000,S1-89734446
s1_5000,S1-442974390
s1_5000,S1-15524737
s1_5000,S1-294849152
s1_5000,S1-668757271
s1_5000,S1-425418033
s1_5000,S1-206928308
s1_5000,S1-773807945
s1_5000,S1-468060449
s1_5000,S1-622635828
s1_5000,S1-547038147
s1_5000,S1-409244055
s1_5000,S1-55468252
s1_5000,S1-816699996
s1_5000,S1-545830478
s1_5000,S1-384936049
s1_5000,S1-907646247
s1_5000,S1-374607005
s1_5000,S1-84543037
s1_5000,S1-771543069
s1_5000,S1-591898014
s1_5000,S1-491814163
s1_5000,S1-51737097
s1_5000,S1-364849226
s1_5000,S1-18388695
s1_5000,S1-123822415
s1_5000,S1-36599544
s1_5000,S1-923103524
s1_5000,S1-647701281
s1_5000,S1-848618652
s1_5000,S1-380207431
s1_5000,S1-553751868
s1_5000,S1-606467016
s1_5000,S1-82797958
s1_5000,S1-987349228
s1_5000,S1-196488718
s1_5000,S1-720057123
s1_5000,S1-460896872
s1_5000,S1-942238844
s1_5000,S1-782319312
s1_5000,S1-403547397
s1_5000,S1-70773453
s1_5000,S1-26789004
s1_5000,S1-641536942
s1_5000,S1-26461424
s1_5000,S1-723597419
s1_5000,S1-784425553
s1_5000,S1-958069373
s1_5000,S1-77351891
s1_5000,S1-306162386
s1_5000,S1-227241598
s1_5000,S1-991506997
s1_5000,S1-431312702
s1_5000,S1-774906806
s1_5000,S1-688132597
s1_5000,S1-247829407
s1_5000,S1-647822623
s1_5000,S1-429344826
s1_5000,S1-626835353
s1_5000,S1-922276977
s1_5000,S1-496881352
s1_5000,S1-747192279
s1_5000,S1-76758051
s1_5000,S1-879382614
s1_5000,S1-256272454
s1_5000,S1-108774454
s1_5000,S1-323184336
s1_5000,S1-299564518
s1_5000,S1-739351166
s1_5000,S1-69448189
s1_5000,S1-921034869
s1_5000,S1-490431489
s1_5000,S1-933773180
s1_5000,S1-966729988
s1_5000,S1-789324546
s1_5000,S1-42240764
s1_5000,S1-243304930
s1_5000,S1-605429078
s1_5000,S1-535022821
s1_5000,S1-551216010
s1_5000,S1-651588162
s1_5000,S1-681391826
s1_5000,S1-412601666
s1_5000,S1-895525831
s1_5000,S1-570641023
s1_5000,S1-104817226
s1_5000,S1-49628581
s1_5000,S1-161568884
s1_5000,S1-697181420
s1_5000,S1-842109538
s1_5000,S1-759744116
s1_5000,S1-949049374
s1_5000,S1-804666642
s1_5000,S1-205457575
s1_5000,S1-524411758
s1_5000,S1-978693328
s1_5000,S1-854649964
s1_5000,S1-6031669
s1_5000,S1-850339004
s1_5000,S1-246774913
s1_5000,S1-968772685
s1_5000,S1-173921507
s1_5000,S1-437040362
s1_5000,S1-608009073
s1_5000,S1-137059749
s1_5000,S1-89763790
s1_5000,S1-991297566
s1_5000,S1-808658874
s1_5000,S1-104469456
s1_5000,S1-319533809
s1_5000,S1-187859519
s1_5000,S1-382729461
s1_5000,S1-401716699
s1_5000,S1-824229474
s1_5000,S1-583860462
s1_5000,S1-858126851
s1_5000,S1-466555756
s1_5000,S1-285345014
s1_5000,S1-651797403
s1_5000,S1-722155507
s1_5000,S1-385377302
s1_5000,S1-964892896
s1_5000,S1-439119523
s1_5000,S1-676509668
s1_5000,S1-80078081
s1_5000,S1-630931512
s1_5000,S1-197547996
s1_5000,S1-655914292
s1_5000,S1-150625824
s1_5000,S1-237618142
s1_5000,S1-947308075
s1_5000,S1-840773563
s1_5000,S1-382939947
s1_5000,S1-281215171
s1_5000,S1-571749170
s1_5000,S1-499165972
s1_5000,S1-112756531
s1_5000,S1-954025678
s1_5000,S1-85173643
s1_5000,S1-128798316
s1_5000,S1-317425188
s1_5000,S1-724187922
s1_5000,S1-551008689
s1_5000,S1-983879180
s1_5000,S1-518083837
s1_5000,S1-619734865
s1_5000,S1-496726348
s1_5000,S1-51901344
s1_5000,S1-102239990
s1_5000,S1-875750839
s1_5000,S1-623013622
s1_5000,S1-84417218
s1_5000,S1-769049781
s1_5000,S1-734866829
s1_5000,S1-65353423
s1_5000,S1-426211795
s1_5000,S1-5699040
s1_5000,S1-475644622
s1_5000,S1-517620762
s1_5000,S1-482510702
s1_5000,S1-685792640
s1_5000,S1-109271017
s1_5000,S1-520141434
s1_5000,S1-691866686
s1_5000,S1-223677021
s1_5000,S1-193723297
s1_5000,S1-814904423
s1_5000,S1-733763083
s1_5000,S1-963458532
s1_5000,S1-762022706
s1_5000,S1-178756587
s1_5000,S1-910889654
s1_5000,S1-77166781
s1_5000,S1-547760087
s1_5000,S1-295314737
s1_5000,S1-702857421
s1_5000,S1-714942927
s1_5000,S1-392107263
s1_5000,S1-879105433
s1_5000,S1-431762519
s1_5000,S1-764094232
s1_5000,S1-67342783
s1_5000,S1-629360479
s1_5000,S1-29885910
s1_5000,S1-65302129
s1_5000,S1-201051895
s1_5000,S1-480259157
s1_5000,S1-267992902
s1_5000,S1-84993131
s1_5000,S1-476016112
s1_5000,S1-940908016
s1_5000,S1-807443193
s1_5000,S1-169386202
s1_5000,S1-37501306
s1_5000,S1-651968557
s1_5000,S1-524034834
s1_5000,S1-676099287
s1_5000,S1-156774399
s1_5000,S1-973816642
s1_5000,S1-593383462
s1_5000,S1-67189826
s1_5000,S1-607007760
s1_5000,S1-474938962
s1_5000,S1-15465588
s1_5000,S1-240105833
s1_5000,S1-823591537
s1_5000,S1-298641004
s1_5000,S1-875353861
s1_5000,S1-849392024
s1_5000,S1-111919214
s1_5000,S1-367370891
s1_5000,S1-897944906
s1_5000,S1-41470522
s1_5000,S1-45723309
s1_5000,S1-27692444
s1_5000,S1-871859022
s1_5000,S1-270180594
s1_5000,S1-416604819
s1_5000,S1-470554650
s1_5000,S1-465669721
s1_5000,S1-187569033
s1_5000,S1-905600559
s1_5000,S1-460437277
s1_5000,S1-147164663
s1_5000,S1-814963020
s1_5000,S1-203020068
s1_5000,S1-567487371
s1_5000,S1-798676369
s1_5000,S1-168368532
s1_5000,S1-733876146
s1_5000,S1-40457605
s1_5000,S1-215974924
s1_5000,S1-303692217
s1_5000,S1-859939153
s1_5000,S1-985023975
s1_5000,S1-938211304
s1_5000,S1-604484796
s1_5000,S1-397414034
s1_5000,S1-340909581
s1_5000,S1-375962579
s1_5000,S1-441978131
s1_5000,S1-498318331
s1_5000,S1-764570128
s1_5000,S1-803549292
s1_5000,S1-220540377
s1_5000,S1-986381563
s1_5000,S1-286966921
s1_5000,S1-810105529
s1_5000,S1-486395099
s1_5000,S1-405207271
s1_5000,S1-633351845
s1_5000,S1-904733445
s1_5000,S1-668947246
s1_5000,S1-357856068
s1_5000,S1-967798105
s1_5000,S1-747310350
s1_5000,S1-189699942
s1_5000,S1-931185267
s1_5000,S1-292662186
s1_5000,S1-413843195
s1_5000,S1-37508413
s1_5000,S1-381257119
s1_5000,S1-85928697
s1_5000,S1-732535057
s1_5000,S1-403533077
s1_5000,S1-121427173
s1_5000,S1-807391335
s1_5000,S1-762863692
s1_5000,S1-779613611
s1_5000,S1-336743400
s1_5000,S1-330747444
s1_5000,S1-552751325
s1_5000,S1-65286457
s1_5000,S1-293698077
s1_5000,S1-214472649
s1_5000,S1-497280754
s1_5000,S1-551847799
s1_5000,S1-865042770
s1_5000,S1-321416701
s1_5000,S1-405142241
s1_5000,S1-764307071
s1_5000,S1-299399231
s1_5000,S1-240358175
s1_5000,S1-885866571
s1_5000,S1-715034369
s1_5000,S1-366192232
s1_5000,S1-826041626
s1_5000,S1-205412455
s1_5000,S1-181430843
s1_5000,S1-464331481
s1_5000,S1-258688698
s1_5000,S1-755928955
s1_5000,S1-749840011
s1_5000,S1-324639885
s1_5000,S1-220735144
s1_5000,S1-160408900
s1_5000,S1-168432238
s1_5000,S1-967115736
s1_5000,S1-311343933
s1_5000,S1-752540378
s1_5000,S1-59259144
s1_5000,S1-766801037
s1_5000,S1-23559880
s1_5000,S1-289195025
s1_5000,S1-720382927
s1_5000,S1-592364398
s1_5000,S1-646577133
s1_5000,S1-877334477
s1_5000,S1-466411707
s1_5000,S1-560182421
s1_5000,S1-474151923
s1_5000,S1-168771217
s1_5000,S1-615902549
s1_5000,S1-655969249
s1_5000,S1-670793103
s1_5000,S1-826915429
s1_5000,S1-448182681
s1_5000,S1-2153178
s1_5000,S1-739651337
s1_5000,S1-84900449
s1_5000,S1-620308154
s1_5000,S1-399487004
s1_5000,S1-877278470
s1_5000,S1-283916642
s1_5000,S1-773018753
s1_5000,S1-449812019
s1_5000,S1-154964281
s1_5000,S1-795098920
s1_5000,S1-986062228
s1_5000,S1-674653352
s1_5000,S1-928063137
s1_5000,S1-516230312
s1_5000,S1-827593567
s1_5000,S1-207052711
s1_5000,S1-504613699
s1_5000,S1-845862836
s1_5000,S1-177756613
s1_5000,S1-12475140
s1_5000,S1-561150656
s1_5000,S1-483271581
s1_5000,S1-553297552
s1_5000,S1-995380935
s1_5000,S1-423826263
s1_5000,S1-269420333
s1_5000,S1-422478025
s1_5000,S1-662057090
s1_5000,S1-967035749
s1_5000,S1-514626462
s1_5000,S1-684323658
s1_5000,S1-797233431
s1_5000,S1-39456782
s1_5000,S1-132488068
s1_5000,S1-237984895
s1_5000,S1-110385640
s1_5000,S1-369916710
s1_5000,S1-326605422
s1_5000,S1-39609016
s1_5000,S1-848435765
s1_5000,S1-92272051
s1_5000,S1-668051507
s1_5000,S1-636816743
s1_5000,S1-476011358
s1_5000,S1-837836764
s1_5000,S1-934962659
s1_5000,S1-119348595
s1_5000,S1-9046972
s1_5000,S1-41694112
s1_5000,S1-470487582
s1_5000,S1-998449069
s1_5000,S1-518152226
s1_5000,S1-927062478
s1_5000,S1-93031791
s1_5000,S1-463307147
s1_5000,S1-571394420
s1_5000,S1-702938959
s1_5000,S1-708379765
s1_5000,S1-311021790
s1_5000,S1-518963657
s1_5000,S1-370052184
s1_5000,S1-244155248
s1_5000,S1-238501091
s1_5000,S1-583671057
s1_5000,S1-868573877
s1_5000,S1-116717438
s1_5000,S1-88594742
s1_5000,S1-106674595
s1_5000,S1-645432561
s1_5000,S1-596649051
s1_5000,S1-715240620
s1_5000,S1-219249965
s1_5000,S1-813494142
s1_5000,S1-394383851
s1_5000,S1-951362735
s1_5000,S1-200205751
s1_5000,S1-517146757
s1_5000,S1-58126187
s1_5000,S1-463016609
s1_5000,S1-680172594
s1_5000,S1-940083610
s1_5000,S1-909866332
s1_5000,S1-265866166
s1_5000,S1-693359305
s1_5000,S1-824535674
s1_5000,S1-35955473
s1_5000,S1-12777282
s1_5000,S1-559419833
s1_5000,S1-847124199
s1_5000,S1-539326255
s1_5000,S1-670119172
s1_5000,S1-855145932
s1_5000,S1-269717225
s1_5000,S1-796298236
s1_5000,S1-555755707
s1_5000,S1-750733424
s1_5000,S1-363359945
s1_5000,S1-627368477
s1_5000,S1-363343190
s1_5000,S1-352670750
s1_5000,S1-281856015
s1_5000,S1-816094829
s1_5000,S1-968501172
s1_5000,S1-378046274
s1_5000,S1-948829251
s1_5000,S1-275858443
s1_5000,S1-967574851
s1_5000,S1-160833521
s1_5000,S1-981982208
s1_5000,S1-948393687
s1_5000,S1-140273882
s1_5000,S1-674853102
s1_5000,S1-95879638
s1_5000,S1-35156454
s1_5000,S1-934966835
s1_5000,S1-667999190
s1_5000,S1-587316282
s1_5000,S1-240994457
s1_5000,S1-299723523
s1_5000,S1-183538879
s1_5000,S1-468663819
s1_5000,S1-738622547
s1_5000,S1-245076284
s1_5000,S1-894465063
s1_5000,S1-286762364
s1_5000,S1-149535011
s1_5000,S1-472943496
s1_5000,S1-322008244
s1_5000,S1-661630891
s1_5000,S1-428575474
s1_5000,S1-529950218
s1_5000,S1-850911368
s1_5000,S1-574503463
s1_5000,S1-584446335
s1_5000,S1-805294237
s1_5000,S1-491328129
s1_5000,S1-879244315
s1_5000,S1-599253925
s1_5000,S1-93859588
s1_5000,S1-112083005
s1_5000,S1-525274656
s1_5000,S1-52593743
s1_5000,S1-800737616
s1_5000,S1-510842463
s1_5000,S1-714114446
s1_5000,S1-991198654
s1_5000,S1-301497594
s1_5000,S1-844320262
s1_5000,S1-709799832
s1_5000,S1-342723970
s1_5000,S1-122648328
s1_5000,S1-820866565
s1_5000,S1-27504066
s1_5000,S1-411462136
s1_5000,S1-376801613
s1_5000,S1-634860893
s1_5000,S1-447039606
s1_5000,S1-742373475
s1_5000,S1-226038366
s1_5000,S1-39805966
s1_5000,S1-309796539
s1_5000,S1-585283660
s1_5000,S1-597788336
s1_5000,S1-994634424
s1_5000,S1-651659905
s1_5000,S1-521260783
s1_5000,S1-807645114
s1_5000,S1-593937894
s1_5000,S1-195420301
s1_5000,S1-248264027
s1_5000,S1-780622733
s1_5000,S1-101632534
s1_5000,S1-35658013
s1_5000,S1-925850132
s1_5000,S1-364618885
s1_5000,S1-972616718
s1_5000,S1-756360551
s1_5000,S1-409566398
s1_5000,S1-226661584
s1_5000,S1-490411548
s1_5000,S1-111806448
s1_5000,S1-602770478
s1_5000,S1-804418319
s1_5000,S1-750682294
s1_5000,S1-471353513
s1_5000,S1-562187375
s1_5000,S1-87005704
s1_5000,S1-751802723
s1_5000,S1-195905945
s1_5000,S1-974373484
s1_5000,S1-16485705
s1_5000,S1-167952361
s1_5000,S1-376107997
s1_5000,S1-889257410
s1_5000,S1-567646611
s1_5000,S1-924860009
s1_5000,S1-116440508
s1_5000,S1-271628226
s1_5000,S1-879496526
s1_5000,S1-899662007
s1_5000,S1-372010497
s1_5000,S1-458119662
s1_5000,S1-680895988
s1_5000,S1-988807674
s1_5000,S1-681228411
s1_5000,S1-970656698
s1_5000,S1-476060655
s1_5000,S1-478116636
s1_5000,S1-963301222
s1_5000,S1-479104444
s1_5000,S1-709662704
s1_5000,S1-542089515
s1_5000,S1-196342448
s1_5000,S1-498577732
s1_5000,S1-828538952
s1_5000,S1-205286405
s1_5000,S1-263588200
s1_5000,S1-562530886
s1_5000,S1-415625477
s1_5000,S1-16121514
s1_5000,S1-128267732
s1_5000,S1-146366503
s1_5000,S1-389497302
s1_5000,S1-50397430
s1_5000,S1-67665137
s1_5000,S1-395866681
s1_5000,S1-416441420
s1_5000,S1-325574514
s1_5000,S1-208360761
s1_5000,S1-323008415
s1_5000,S1-123083667
s1_5000,S1-354513367
s1_5000,S1-632708043
s1_5000,S1-404902552
s1_5000,S1-501490246
s1_5000,S1-964036218
s1_5000,S1-510859471
s1_5000,S1-56458607
s1_5000,S1-53678719
s1_5000,S1-985168643
s1_5000,S1-834103659
s1_5000,S1-51203100
s1_5000,S1-121987460
s1_5000,S1-52572834
s1_5000,S1-223824291
s1_5000,S1-812790644
s1_5000,S1-580317259
s1_5000,S1-785873427
s1_5000,S1-984039553
s1_5000,S1-136628366
s1_5000,S1-668592015
s1_5000,S1-117503357
s1_5000,S1-710386465
s1_5000,S1-25236554
s1_5000,S1-967708797
s1_5000,S1-978366660
s1_5000,S1-983006663
s1_5000,S1-505834330
s1_5000,S1-648140362
s1_5000,S1-864740398
s1_5000,S1-362502315
s1_5000,S1-539114267
s1_5000,S1-46675663
s1_5000,S1-605052931
s1_5000,S1-427618366
s1_5000,S1-768045119
s1_5000,S1-101853854
s1_5000,S1-24710080
s1_5000,S1-745348344
s1_5000,S1-691413866
s1_5000,S1-804761288
s1_5000,S1-989986472
s1_5000,S1-657760500
s1_5000,S1-398289249
s1_5000,S1-270421642
s1_5000,S1-168240970
s1_5000,S1-343555834
s1_5000,S1-182944394
s1_5000,S1-573837055
s1_5000,S1-315697688
s1_5000,S1-978231997
s1_5000,S1-845786159
s1_5000,S1-141771534
s1_5000,S1-780933194
s1_5000,S1-76030456
s1_5000,S1-189337598
s1_5000,S1-348259007
s1_5000,S1-655821003
s1_5000,S1-873230345
s1_5000,S1-679798852
s1_5000,S1-897726786
s1_5000,S1-26398816
s1_5000,S1-179535987
s1_5000,S1-872347007
s1_5000,S1-457010972
s1_5000,S1-161396664
s1_5000,S1-931884077
s1_5000,S1-310039639
s1_5000,S1-518127843
s1_5000,S1-59163197
s1_5000,S1-844969413
s1_5000,S1-30491964
s1_5000,S1-485034751
s1_5000,S1-62054070
s1_5000,S1-161231430
s1_5000,S1-934774323
s1_5000,S1-916810402
s1_5000,S1-27822067
s1_5000,S1-437233586
s1_5000,S1-142514038
s1_5000,S1-564951545
s1_5000,S1-283749754
s1_5000,S1-396520081
s1_5000,S1-99242422
s1_5000,S1-207417538
s1_5000,S1-176477814
s1_5000,S1-577488091
s1_5000,S1-92415081
s1_5000,S1-626720182
s1_5000,S1-129763114
s1_5000,S1-244064731
s1_5000,S1-702413155
s1_5000,S1-674085285
s1_5000,S1-474684848
s1_5000,S1-909838920
s1_5000,S1-546329843
s1_5000,S1-911451889
s1_5000,S1-281067817
s1_5000,S1-420323381
s1_5000,S1-905029799
s1_5000,S1-449503410
s1_5000,S1-319536030
s1_5000,S1-554483661
s1_5000,S1-467031814
s1_5000,S1-860689427
s1_5000,S1-639671219
s1_5000,S1-258581574
s1_5000,S1-606548825
s1_5000,S1-357410150
s1_5000,S1-604936145
s1_5000,S1-502149731
s1_5000,S1-605262894
s1_5000,S1-44726239
s1_5000,S1-348291263
s1_5000,S1-459838140
s1_5000,S1-850183044
s1_5000,S1-425028293
s1_5000,S1-716326584
s1_5000,S1-945063371
s1_5000,S1-896732019
s1_5000,S1-281114112
s1_5000,S1-893334827
s1_5000,S1-779020413
s1_5000,S1-33255278
s1_5000,S1-239408281
s1_5000,S1-308602156
s1_5000,S1-557754412
s1_5000,S1-750805009
s1_5000,S1-232729322
s1_5000,S1-136670163
s1_5000,S1-586812083
s1_5000,S1-637399254
s1_5000,S1-195335912
s1_5000,S1-573219710
s1_5000,S1-340732459
s1_5000,S1-765692347
s1_5000,S1-239478771
s1_5000,S1-186812993
s1_5000,S1-932431670
s1_5000,S1-663397017
s1_5000,S1-633275689
s1_5000,S1-774190636
s1_5000,S1-908712333
s1_5000,S1-194473806
s1_5000,S1-495979416
s1_5000,S1-975702981
s1_5000,S1-74485010
s1_5000,S1-39277442
s1_5000,S1-212434211
s1_5000,S1-135050532
s1_5000,S1-626986160
s1_5000,S1-397005945
s1_5000,S1-952813484
s1_5000,S1-874447262
s1_5000,S1-34603220
s1_5000,S1-927541968
s1_5000,S1-888259031
s1_5000,S1-116778990
s1_5000,S1-520461561
s1_5000,S1-400107175
s1_5000,S1-483446847
s1_5000,S1-906354975
s1_5000,S1-632508339
s1_5000,S1-319426208
s1_5000,S1-116121858
s1_5000,S1-654927068
s1_5000,S1-704670043
s1_5000,S1-192257055
s1_5000,S1-11657627
s1_5000,S1-993165598
s1_5000,S1-888815946
s1_5000,S1-198332267
s1_5000,S1-258124891
s1_5000,S1-309037380
s1_5000,S1-740661027
s1_5000,S1-976649321
s1_5000,S1-953111403
s1_5000,S1-45942095
s1_5000,S1-704950589
s1_5000,S1-959452725
s1_5000,S1-557002575
s1_5000,S1-250209735
s1_5000,S1-210282099
s1_5000,S1-893658711
s1_5000,S1-646351402
s1_5000,S1-813478174
s1_5000,S1-591615546
s1_5000,S1-110996727
s1_5000,S1-452047807
s1_5000,S1-289130248
s1_5000,S1-65706027
s1_5000,S1-504227120
s1_5000,S1-747923247
s1_5000,S1-853238808
s1_5000,S1-843515215
s1_5000,S1-138933943
s1_5000,S1-38907587
s1_5000,S1-619029748
s1_5000,S1-441969053
s1_5000,S1-713294102
s1_5000,S1-271237863
s1_5000,S1-481242702
s1_5000,S1-167839857
s1_5000,S1-87968561
s1_5000,S1-77150208
s1_5000,S1-830005429
s1_5000,S1-998562334
s1_5000,S1-700573485
s1_5000,S1-723452740
s1_5000,S1-267196631
s1_5000,S1-597561195
s1_5000,S1-720913643
s1_5000,S1-945605177
s1_5000,S1-789618147
s1_5000,S1-309185564
s1_5000,S1-848114421
s1_5000,S1-844459279
s1_5000,S1-864890725
s1_5000,S1-788484501
s1_5000,S1-980762721
s1_5000,S1-120206988
s1_5000,S1-828018127
s1_5000,S1-583906413
s1_5000,S1-185411926
s1_5000,S1-907830522
s1_5000,S1-681756335
s1_5000,S1-51075249
s1_5000,S1-934262536
s1_5000,S1-479831895
s1_5000,S1-864158386
s1_5000,S1-982853287
s1_5000,S1-508146541
s1_5000,S1-232627464
s1_5000,S1-405188859
s1_5000,S1-926967353
s1_5000,S1-335512705
s1_5000,S1-496404726
s1_5000,S1-413767216
s1_5000,S1-727391790
s1_5000,S1-713434375
s1_5000,S1-949428795
s1_5000,S1-225815428
s1_5000,S1-65852263
s1_5000,S1-197196350
s1_5000,S1-45438185
s1_5000,S1-661444489
s1_5000,S1-723454337
s1_5000,S1-459048964
s1_5000,S1-992227312
s1_5000,S1-862046228
s1_5000,S1-549714878
s1_5000,S1-124447387
s1_5000,S1-778168814
s1_5000,S1-469682233
s1_5000,S1-845860553
s1_5000,S1-401281400
s1_5000,S1-590563590
s1_5000,S1-256808840
s1_5000,S1-265939613
s1_5000,S1-515160423
s1_5000,S1-872946246
s1_5000,S1-826538752
s1_5000,S1-714201247
s1_5000,S1-606104698
s1_5000,S1-107084717
s1_5000,S1-131848260
s1_5000,S1-750314217
s1_5000,S1-23871452
s1_5000,S1-581043320
s1_5000,S1-635001957
s1_5000,S1-254188192
s1_5000,S1-419860121
s1_5000,S1-33677672
s1_5000,S1-180198647
s1_5000,S1-77523200
s1_5000,S1-358212629
s1_5000,S1-508077975
s1_5000,S1-315624901
s1_5000,S1-948361992
s1_5000,S1-894993439
s1_5000,S1-460980089
s1_5000,S1-529599137
s1_5000,S1-496278095
s1_5000,S1-794883510
s1_5000,S1-867063872
s1_5000,S1-267186722
s1_5000,S1-13453329
s1_5000,S1-532959589
s1_5000,S1-86658284
s1_5000,S1-906201490
s1_5000,S1-948232888
s1_5000,S1-961181662
s1_5000,S1-623471596
s1_5000,S1-603686030
s1_5000,S1-73013179
s1_5000,S1-954817439
s1_5000,S1-767850987
s1_5000,S1-987706022
s1_5000,S1-852619651
s1_5000,S1-4925685
s1_5000,S1-266270821
s1_5000,S1-247069490
s1_5000,S1-37347105
s1_5000,S1-350152697
s1_5000,S1-37149795
s1_5000,S1-760390022
s1_5000,S1-405367757
s1_5000,S1-736942684
s1_5000,S1-553083301
s1_5000,S1-459986589
s1_5000,S1-16671138
s1_5000,S1-314861664
s1_5000,S1-466719177
s1_5000,S1-946641787
s1_5000,S1-406039871
s1_5000,S1-785867708
s1_5000,S1-581390870
s1_5000,S1-88776438
s1_5000,S1-824800164
s1_5000,S1-851646123
s1_5000,S1-6458490
s1_5000,S1-35820861
s1_5000,S1-780041749
s1_5000,S1-749545684
s1_5000,S1-777002521
s1_5000,S1-59683244
s1_5000,S1-41160580
s1_5000,S1-266359475
s1_5000,S1-596521827
s1_5000,S1-235602967
s1_5000,S1-804985326
s1_5000,S1-325405372
s1_5000,S1-452804161
s1_5000,S1-719104287
s1_5000,S1-241955300
s1_5000,S1-973009664
s1_5000,S1-94759683
s1_5000,S1-147334768
s1_5000,S1-738436279
s1_5000,S1-277675845
s1_5000,S1-958041611
s1_5000,S1-173552005
s1_5000,S1-837232319
s1_5000,S1-731463558
s1_5000,S1-53467986
s1_5000,S1-613513857
s1_5000,S1-919551787
s1_5000,S1-712168740
s1_5000,S1-910676921
s1_5000,S1-471289160
s1_5000,S1-436531839
s1_5000,S1-306650589
s1_5000,S1-45055051
s1_5000,S1-769285746
s1_5000,S1-313684588
s1_5000,S1-334233271
s1_5000,S1-454895376
s1_5000,S1-593399847
s1_5000,S1-795019368
s1_5000,S1-964583098
s1_5000,S1-276768754
s1_5000,S1-27160844
s1_5000,S1-558645941
s1_5000,S1-111187478
s1_5000,S1-565761561
s1_5000,S1-590044503
s1_5000,S1-83772901
s1_5000,S1-264424530
s1_5000,S1-341476697
s1_5000,S1-612183440
s1_5000,S1-629217062
s1_5000,S1-43314294
s1_5000,S1-199695342
s1_5000,S1-391169887
s1_5000,S1-699672922
s1_5000,S1-789242551
s1_5000,S1-724306484
s1_5000,S1-155744811
s1_5000,S1-139346384
s1_5000,S1-33555401
s1_5000,S1-85785561
s1_5000,S1-533704758
s1_5000,S1-349441965
s1_5000,S1-411161846
s1_5000,S1-818417018
s1_5000,S1-705796408
s1_5000,S1-891426901
s1_5000,S1-49538275
s1_5000,S1-483376664
s1_5000,S1-569535373
s1_5000,S1-572307989
s1_5000,S1-977234537
s1_5000,S1-616133717
s1_5000,S1-722568616
s1_5000,S1-571261387
s1_5000,S1-315854043
s1_5000,S1-75712662
s1_5000,S1-672448600
s1_5000,S1-757007257
s1_5000,S1-739326068
s1_5000,S1-42186920
s1_5000,S1-187563879
s1_5000,S1-591554513
s1_5000,S1-546916034
s1_5000,S1-9155986
s1_5000,S1-548294840
s1_5000,S1-612321409
s1_5000,S1-761287829
s1_5000,S1-503316889
s1_5000,S1-781668434
s1_5000,S1-95210188
s1_5000,S1-967434424
s1_5000,S1-920406397
s1_5000,S1-254089167
s1_5000,S1-731645978
s1_5000,S1-665823879
s1_5000,S1-914242029
s1_5000,S1-837768796
s1_5000,S1-882699618
s1_5000,S1-209396735
s1_5000,S1-734046775
s1_5000,S1-94023809
s1_5000,S1-86234068
s1_5000,S1-523577516
s1_5000,S1-801880800
s1_5000,S1-737069158
s1_5000,S1-331822228
s1_5000,S1-549466849
s1_5000,S1-224725722
s1_5000,S1-192283318
s1_5000,S1-760265123
s1_5000,S1-109268792
s1_5000,S1-37236001
s1_5000,S1-437662362
s1_5000,S1-289318528
s1_5000,S1-979282754
s1_5000,S1-280941860
s1_5000,S1-513194389
s1_5000,S1-765289756
s1_5000,S1-109655075
s1_5000,S1-938021549
s1_5000,S1-63055949
s1_5000,S1-743668707
s1_5000,S1-423611000
s1_5000,S1-415318710
s1_5000,S1-208006586
s1_5000,S1-370766016
s1_5000,S1-562012209
s1_5000,S1-831976928
s1_5000,S1-737715208
s1_5000,S1-387548608
s1_5000,S1-42583771
s1_5000,S1-419157299
s1_5000,S1-816116983
s1_5000,S1-905173219
s1_5000,S1-79749476
s1_5000,S1-730259826
s1_5000,S1-866914408
s1_5000,S1-519620862
s1_5000,S1-17322833
s1_5000,S1-795488225
s1_5000,S1-364479701
s1_5000,S1-649653874
s1_5000,S1-835603768
s1_5000,S1-814151186
s1_5000,S1-965835887
s1_5000,S1-588803076
s1_5000,S1-829890653
s1_5000,S1-101329822
s1_5000,S1-328471969
s1_5000,S1-970442057
s1_5000,S1-604912211
s1_5000,S1-169396565
s1_5000,S1-629412315
s1_5000,S1-161779796
s1_5000,S1-301858694
s1_5000,S1-258693720
s1_5000,S1-425295927
s1_5000,S1-960371126
s1_5000,S1-19013374
s1_5000,S1-715062966
s1_5000,S1-104852268
s1_5000,S1-213808979
s1_5000,S1-486474911
s1_5000,S1-981555350
s1_5000,S1-152004420
s1_5000,S1-448649326
s1_5000,S1-914241025
s1_5000,S1-496348714
s1_5000,S1-537992400
s1_5000,S1-704861753
s1_5000,S1-999523269
s1_5000,S1-12796932
s1_5000,S1-677057414
s1_5000,S1-768374482
s1_5000,S1-494661181
s1_5000,S1-268326099
s1_5000,S1-774194765
s1_5000,S1-916449501
s1_5000,S1-323447487
s1_5000,S1-194156882
s1_5000,S1-724094941
s1_5000,S1-623733531
s1_5000,S1-518910735
s1_5000,S1-572902871
s1_5000,S1-604738795
s1_5000,S1-774671750
s1_5000,S1-715920437
s1_5000,S1-176824508
s1_5000,S1-201718475
s1_5000,S1-92517646
s1_5000,S1-328614006
s1_5000,S1-899223899
s1_5000,S1-765328718
s1_5000,S1-635257561
s1_5000,S1-964166126
s1_5000,S1-240484285
s1_5000,S1-928666645
s1_5000,S1-882911298
s1_5000,S1-740822697
s1_5000,S1-728251276
s1_5000,S1-719252289
s1_5000,S1-66137168
s1_5000,S1-135899320
s1_5000,S1-485447221
s1_5000,S1-114171383
s1_5000,S1-870689784
s1_5000,S1-133806026
s1_5000,S1-721418029
s1_5000,S1-793943177
s1_5000,S1-609400281
s1_5000,S1-300795511
s1_5000,S1-539295424
s1_5000,S1-899783474
s1_5000,S1-546541967
s1_5000,S1-325690446
s1_5000,S1-29812222
s1_5000,S1-412089292
s1_5000,S1-44153475
s1_5000,S1-844732815
s1_5000,S1-686784785
s1_5000,S1-832758731
s1_5000,S1-844417701
s1_5000,S1-305384865
s1_5000,S1-449159934
s1_5000,S1-906743815
s1_5000,S1-992638064
s1_5000,S1-500979076
s1_5000,S1-694707743
s1_5000,S1-376391456
s1_5000,S1-204421618
s1_5000,S1-132671667
s1_5000,S1-599727053
s1_5000,S1-984569687
s1_5000,S1-928714732
s1_5000,S1-887195965
s1_5000,S1-183712711
s1_5000,S1-243852671
s1_5000,S1-974847646
s1_5000,S1-184756933
s1_5000,S1-251775604
s1_5000,S1-926091305
s1_5000,S1-42182962
s1_5000,S1-142339727
s1_5000,S1-713378572
s1_5000,S1-181563131
s1_5000,S1-898622400
s1_5000,S1-778790717
s1_5000,S1-408956475
s1_5000,S1-289935049
s1_5000,S1-119289942
s1_5000,S1-19892859
s1_5000,S1-107783465
s1_5000,S1-866965899
s1_5000,S1-928576296
s1_5000,S1-561559199
s1_5000,S1-562155757
s1_5000,S1-35148611
s1_5000,S1-831690018
s1_5000,S1-840005879
s1_5000,S1-472518901
s1_5000,S1-709571642
s1_5000,S1-436857062
s1_5000,S1-424808006
s1_5000,S1-518869475
s1_5000,S1-615654990
s1_5000,S1-279184558
s1_5000,S1-225873867
s1_5000,S1-257587817
s1_5000,S1-644904770
s1_5000,S1-473160690
s1_5000,S1-921027487
s1_5000,S1-38727130
s1_5000,S1-568608792
s1_5000,S1-795195406
s1_5000,S1-537539243
s1_5000,S1-569507658
s1_5000,S1-785978391
s1_5000,S1-73936263
s1_5000,S1-828479199
s1_5000,S1-781115190
s1_5000,S1-290451591
s1_5000,S1-979944877
s1_5000,S1-624190069
s1_5000,S1-753070598
s1_5000,S1-849218573
s1_5000,S1-2922778
s1_5000,S1-563467408
s1_5000,S1-163457963
s1_5000,S1-848138404
s1_5000,S1-234021970
s1_5000,S1-888041957
s1_5000,S1-409684774
s1_5000,S1-976215751
s1_5000,S1-786420033
s1_5000,S1-805834790
s1_5000,S1-858300990
s1_5000,S1-419835846
s1_5000,S1-650831412
s1_5000,S1-503417291
s1_5000,S1-467165597
s1_5000,S1-603475335
s1_5000,S1-338776657
s1_5000,S1-580482095
s1_5000,S1-191098880
s1_5000,S1-138319261
s1_5000,S1-984971915
s1_5000,S1-874218366
s1_5000,S1-122221919
s1_5000,S1-372503616
s1_5000,S1-436621995
s1_5000,S1-353907611
s1_5000,S1-245965289
s1_5000,S1-145289714
s1_5000,S1-561073327
s1_5000,S1-119089553
s1_5000,S1-949314020
s1_5000,S1-224610558
s1_5000,S1-508550029
s1_5000,S1-865422624
s1_5000,S1-432826621
s1_5000,S1-40550752
s1_5000,S1-738673292
s1_5000,S1-472239251
s1_5000,S1-267476112
s1_5000,S1-289542142
s1_5000,S1-732873140
s1_5000,S1-625501882
s1_5000,S1-266894138
s1_5000,S1-272593396
s1_5000,S1-498266616
s1_5000,S1-175802997
s1_5000,S1-344013403
s1_5000,S1-172453358
s1_5000,S1-493000099
s1_5000,S1-617759678
s1_5000,S1-106307455
s1_5000,S1-54981600
s1_5000,S1-582358067
s1_5000,S1-176475662
s1_5000,S1-78927882
s1_5000,S1-268402107
s1_5000,S1-211730409
s1_5000,S1-727580923
s1_5000,S1-599830331
s1_5000,S1-228268366
s1_5000,S1-434348323
s1_5000,S1-409932012
s1_5000,S1-368820270
s1_5000,S1-579147694
s1_5000,S1-684544901
s1_5000,S1-320883405
s1_5000,S1-481057106
s1_5000,S1-439874313
s1_5000,S1-908684998
s1_5000,S1-522740805
s1_5000,S1-839884216
s1_5000,S1-754690890
s1_5000,S1-985312174
s1_5000,S1-853955691
s1_5000,S1-992576592
s1_5000,S1-924374526
s1_5000,S1-654340387
s1_5000,S1-313352439
s1_5000,S1-48031880
s1_5000,S1-828085200
s1_5000,S1-379853034
s1_5000,S1-700801541
s1_5000,S1-89956458
s1_5000,S1-77842920
s1_5000,S1-719943608
s1_5000,S1-367848864
s1_5000,S1-591654763
s1_5000,S1-483638623
s1_5000,S1-428193732
s1_5000,S1-635422338
s1_5000,S1-923393576
s1_5000,S1-234036100
s1_5000,S1-185481808
s1_5000,S1-369798577
s1_5000,S1-627816809
s1_5000,S1-865366827
s1_5000,S1-140399179
s1_5000,S1-356773931
s1_5000,S1-459952161
s1_5000,S1-312659256
s1_5000,S1-680789620
s1_5000,S1-462790120
s1_5000,S1-637958491
s1_5000,S1-565289638
s1_5000,S1-872167701
s1_5000,S1-42339902
s1_5000,S1-429007613
s1_5000,S1-841625318
s1_5000,S1-866550487
s1_5000,S1-716702293
s1_5000,S1-794164715
s1_5000,S1-930765961
s1_5000,S1-397645405
s1_5000,S1-88784505
s1_5000,S1-457459623
s1_5000,S1-354227102
s1_5000,S1-714304435
s1_5000,S1-252306477
s1_5000,S1-962463839
s1_5000,S1-927734019
s1_5000,S1-351931926
s1_5000,S1-306094874
s1_5000,S1-529995755
s1_5000,S1-375072058
s1_5000,S1-342553485
s1_5000,S1-914062862
s1_5000,S1-562360992
s1_5000,S1-437233078
s1_5000,S1-880290970
s1_5000,S1-509467622
s1_5000,S1-629543763
s1_5000,S1-662792716
s1_5000,S1-235972899
s1_5000,S1-36606388
s1_5000,S1-8922716
s1_5000,S1-422844605
s1_5000,S1-892248078
s1_5000,S1-272293954
s1_5000,S1-343454613
s1_5000,S1-363112225
s1_5000,S1-921800895
s1_5000,S1-28513318
s1_5000,S1-152862430
s1_5000,S1-752902103
s1_5000,S1-2126064
s1_5000,S1-664705731
s1_5000,S1-778547645
s1_5000,S1-156832301
s1_5000,S1-760027911
s1_5000,S1-89017253
s1_5000,S1-347071610
s1_5000,S1-915620114
s1_5000,S1-255133905
s1_5000,S1-390851661
s1_5000,S1-490334579
s1_5000,S1-431801500
s1_5000,S1-819132355
s1_5000,S1-311147681
s1_5000,S1-881694521
s1_5000,S1-884037380
s1_5000,S1-416021100
s1_5000,S1-525595747
s1_5000,S1-712266822
s1_5000,S1-617422614
s1_5000,S1-300978753
s1_5000,S1-367965660
s1_5000,S1-954563992
s1_5000,S1-79851479
s1_5000,S1-867652022
s1_5000,S1-226017395
s1_5000,S1-866876481
s1_5000,S1-432979447
s1_5000,S1-666025421
s1_5000,S1-709561103
s1_5000,S1-824676310
s1_5000,S1-292672282
s1_5000,S1-825739705
s1_5000,S1-34108755
s1_5000,S1-833820243
s1_5000,S1-808374503
s1_5000,S1-821034101
s1_5000,S1-988886394
s1_5000,S1-853140133
s1_5000,S1-578315743
s1_5000,S1-951432131
s1_5000,S1-422408424
s1_5000,S1-76571140
s1_5000,S1-556878447
s1_5000,S1-820891118
s1_5000,S1-422081883
s1_5000,S1-468318669
s1_5000,S1-645283428
s1_5000,S1-945763323
s1_5000,S1-711475713
s1_5000,S1-829273300
s1_5000,S1-120502211
s1_5000,S1-352936523
s1_5000,S1-935216124
s1_5000,S1-732715377
s1_5000,S1-115790113
s1_5000,S1-172642877
s1_5000,S1-592843563
s1_5000,S1-437081787
s1_5000,S1-58265792
s1_5000,S1-812853279
s1_5000,S1-848950521
s1_5000,S1-517061017
s1_5000,S1-119619962
s1_5000,S1-247144945
s1_5000,S1-118699969
s1_5000,S1-502662429
s1_5000,S1-167234683
s1_5000,S1-703622916
s1_5000,S1-753557579
s1_5000,S1-907898346
s1_5000,S1-46803442
s1_5000,S1-853648830
s1_5000,S1-535800718
s1_5000,S1-101775878
s1_5000,S1-623804514
s1_5000,S1-743654162
s1_5000,S1-832639654
s1_5000,S1-910964691
s1_5000,S1-703719630
s1_5000,S1-318632458
s1_5000,S1-802946392
s1_5000,S1-321892324
s1_5000,S1-633824285
s1_5000,S1-691447831
s1_5000,S1-347733778
s1_5000,S1-627128686
s1_5000,S1-470826327
s1_5000,S1-683489545
s1_5000,S1-399658726
s1_5000,S1-343333594
s1_5000,S1-28104615
s1_5000,S1-551655074
s1_5000,S1-979337174
s1_5000,S1-456586073
s1_5000,S1-358388960
s1_5000,S1-428585595
s1_5000,S1-96388816
s1_5000,S1-455597380
s1_5000,S1-278365226
s1_5000,S1-508957129
s1_5000,S1-416950481
s1_5000,S1-304186944
s1_5000,S1-134565418
s1_5000,S1-71090538
s1_5000,S1-908445093
s1_5000,S1-189658598
s1_5000,S1-264885913
s1_5000,S1-684265585
s1_5000,S1-551988845
s1_5000,S1-49749433
s1_5000,S1-842088115
s1_5000,S1-26563099
s1_5000,S1-17564126
s1_5000,S1-539260800
s1_5000,S1-830807061
s1_5000,S1-887299291
s1_5000,S1-152236593
s1_5000,S1-230604897
s1_5000,S1-822477961
s1_5000,S1-413898864
s1_5000,S1-342608975
s1_5000,S1-148018367
s1_5000,S1-943569809
s1_5000,S1-930327331
s1_5000,S1-372786375
s1_5000,S1-519303991
s1_5000,S1-694593100
s1_5000,S1-278369803
s1_5000,S1-442848124
s1_5000,S1-333265161
s1_5000,S1-62184653
s1_5000,S1-46884176
s1_5000,S1-427053437
s1_5000,S1-272884089
s1_5000,S1-608462838
s1_5000,S1-701069923
s1_5000,S1-765207628
s1_5000,S1-506172586
s1_5000,S1-309959714
s1_5000,S1-987261549
s1_5000,S1-514319734
s1_5000,S1-96502613
s1_5000,S1-864262897
s1_5000,S1-729914991
s1_5000,S1-695325672
s1_5000,S1-634050633
s1_5000,S1-926966798
s1_5000,S1-477081095
s1_5000,S1-582232565
s1_5000,S1-55625716
s1_5000,S1-279945416
s1_5000,S1-437079257
s1_5000,S1-168129464
s1_5000,S1-403391338
s1_5000,S1-392847765
s1_5000,S1-835732189
s1_5000,S1-428556335
s1_5000,S1-917102003
s1_5000,S1-293864622
s1_5000,S1-576280523
s1_5000,S1-116916472
s1_5000,S1-287392364
s1_5000,S1-180309376
s1_5000,S1-459545761
s1_5000,S1-150960601
s1_5000,S1-95314416
s1_5000,S1-268949591
s1_5000,S1-99902344
s1_5000,S1-998302851
s1_5000,S1-993672512
s1_5000,S1-588279499
s1_5000,S1-769616063
s1_5000,S1-76597376
s1_5000,S1-214692561
s1_5000,S1-772376519
s1_5000,S1-565420423
s1_5000,S1-446279296
s1_5000,S1-950726521
s1_5000,S1-932242455
s1_5000,S1-283073106
s1_5000,S1-374778397
s1_5000,S1-230630691
s1_5000,S1-108310505
s1_5000,S1-63040871
s1_5000,S1-140827440
s1_5000,S1-198331574
s1_5000,S1-450687321
s1_5000,S1-577723535
s1_5000,S1-612013552
s1_5000,S1-642271181
s1_5000,S1-559139008
s1_5000,S1-141890928
s1_5000,S1-778507117
s1_5000,S1-392508419
s1_5000,S1-964772978
s1_5000,S1-583388517
s1_5000,S1-656476007
s1_5000,S1-400467353
s1_5000,S1-126417512
s1_5000,S1-773882428
s1_5000,S1-251587580
s1_5000,S1-311134306
s1_5000,S1-572437455
s1_5000,S1-747218324
s1_5000,S1-231212614
s1_5000,S1-882146468
s1_5000,S1-140513366
s1_5000,S1-742336595
s1_5000,S1-868314230
s1_5000,S1-800520486
s1_5000,S1-109959201
s1_5000,S1-74992832
s1_5000,S1-173405588
s1_5000,S1-923381912
s1_5000,S1-154967505
s1_5000,S1-683828229
s1_5000,S1-123987228
s1_5000,S1-244283235
s1_5000,S1-67511788
s1_5000,S1-394186628
s1_5000,S1-288398673
s1_5000,S1-846370912
s1_5000,S1-711788126
s1_5000,S1-447935708
s1_5000,S1-609687368
s1_5000,S1-755256297
s1_5000,S1-484713149
s1_5000,S1-243982787
s1_5000,S1-372818200
s1_5000,S1-696788972
s1_5000,S1-854238484
s1_5000,S1-814726303
s1_5000,S1-553953714
s1_5000,S1-172210252
s1_5000,S1-296328140
s1_5000,S1-932557208
s1_5000,S1-82643633
s1_5000,S1-309540687
s1_5000,S1-807601771
s1_5000,S1-867173059
s1_5000,S1-459609094
s1_5000,S1-397122669
s1_5000,S1-862418727
s1_5000,S1-807448463
s1_5000,S1-377317174
s1_5000,S1-268906596
s1_5000,S1-509756851
s1_5000,S1-185681171
s1_5000,S1-266336918
s1_5000,S1-912938028
s1_5000,S1-679073547
s1_5000,S1-782920749
s1_5000,S1-856711159
s1_5000,S1-347696280
s1_5000,S1-247073551
s1_5000,S1-95470136
s1_5000,S1-255075912
s1_5000,S1-321969425
s1_5000,S1-734253629
s1_5000,S1-36507635
s1_5000,S1-996215644
s1_5000,S1-8362818
s1_5000,S1-960099957
s1_5000,S1-510942539
s1_5000,S1-897285538
s1_5000,S1-242047058
s1_5000,S1-338587854
s1_5000,S1-694720094
s1_5000,S1-6036919
s1_5000,S1-240710419
s1_5000,S1-81987814
s1_5000,S1-529095677
s1_5000,S1-223227214
s1_5000,S1-224034484
s1_5000,S1-767127032
s1_5000,S1-275325818
s1_5000,S1-315349375
s1_5000,S1-945183028
s1_5000,S1-675302000
s1_5000,S1-871112425
s1_5000,S1-925377202
s1_5000,S1-833655905
s1_5000,S1-771369347
s1_5000,S1-544875432
s1_5000,S1-962615792
s1_5000,S1-617207298
s1_5000,S1-964493457
s1_5000,S1-750959809
s1_5000,S1-443748311
s1_5000,S1-920553405
s1_5000,S1-820187319
s1_5000,S1-670490452
s1_5000,S1-21909042
s1_5000,S1-196105274
s1_5000,S1-114775701
s1_5000,S1-82152888
s1_5000,S1-109558719
s1_5000,S1-9896602
s1_5000,S1-440544882
s1_5000,S1-722068636
s1_5000,S1-119629265
s1_5000,S1-928924951
s1_5000,S1-848533450
s1_5000,S1-233221150
s1_5000,S1-466305917
s1_5000,S1-691832510
s1_5000,S1-242787830
s1_5000,S1-94491228
s1_5000,S1-726609966
s1_5000,S1-737348539
s1_5000,S1-446547824
s1_5000,S1-235159167
s1_5000,S1-639541978
s1_5000,S1-69864710
s1_5000,S1-799670854
s1_5000,S1-810127617
s1_5000,S1-906214530
s1_5000,S1-845825144
s1_5000,S1-969983510
s1_5000,S1-851123241
s1_5000,S1-330805502
s1_5000,S1-370013013
s1_5000,S1-456842391
s1_5000,S1-445170496
s1_5000,S1-802716568
s1_5000,S1-454388523
s1_5000,S1-483843959
s1_5000,S1-601103672
s1_5000,S1-114882653
s1_5000,S1-438923889
s1_5000,S1-518209988
s1_5000,S1-255262879
s1_5000,S1-477381677
s1_5000,S1-841091031
s1_5000,S1-421788143
s1_5000,S1-605729169
s1_5000,S1-598205422
s1_5000,S1-75523825
s1_5000,S1-339554711
s1_5000,S1-900790629
s1_5000,S1-125959051
s1_5000,S1-37957393
s1_5000,S1-578466931
s1_5000,S1-842132709
s1_5000,S1-612263360
s1_5000,S1-463586007
s1_5000,S1-559743909
s1_5000,S1-498692498
s1_5000,S1-996564786
s1_5000,S1-526284440
s1_5000,S1-992258219
s1_5000,S1-92802571
s1_5000,S1-999054123
s1_5000,S1-947380248
s1_5000,S1-763480805
s1_5000,S1-628611240
s1_5000,S1-96806889
s1_5000,S1-606052988
s1_5000,S1-18431235
s1_5000,S1-491755908
s1_5000,S1-610144039
s1_5000,S1-584956855
s1_5000,S1-178265354
s1_5000,S1-789438532
s1_5000,S1-925215321
s1_5000,S1-521441858
s1_5000,S1-735942552
s1_5000,S1-368235397
s1_5000,S1-534333781
s1_5000,S1-225979749
s1_5000,S1-275560906
s1_5000,S1-107733489
s1_5000,S1-203600666
s1_5000,S1-258805701
s1_5000,S1-12087477
s1_5000,S1-370130121
s1_5000,S1-226901136
s1_5000,S1-65929994
s1_5000,S1-41818288
s1_5000,S1-512959831
s1_5000,S1-743167129
s1_5000,S1-948543119
s1_5000,S1-922440232
s1_5000,S1-78278533
s1_5000,S1-16586336
s1_5000,S1-166533729
s1_5000,S1-669950287
s1_5000,S1-319175901
s1_5000,S1-840541563
s1_5000,S1-271357611
s1_5000,S1-50740610
s1_5000,S1-762965754
s1_5000,S1-124238265
s1_5000,S1-489114339
s1_5000,S1-272449040
s1_5000,S1-740527046
s1_5000,S1-330945308
s1_5000,S1-372866393
s1_5000,S1-145413856
s1_5000,S1-957327724
s1_5000,S1-989742986
s1_5000,S1-538277325
s1_5000,S1-770604372
s1_5000,S1-607463082
s1_5000,S1-844839758
s1_5000,S1-569496535
s1_5000,S1-869453019
s1_5000,S1-693080514
s1_5000,S1-999336577
s1_5000,S1-54240768
s1_5000,S1-217000783
s1_5000,S1-49629240
s1_5000,S1-366845212
s1_5000,S1-547040019
s1_5000,S1-781008385
s1_5000,S1-534219267
s1_5000,S1-809333128
s1_5000,S1-880945567
s1_5000,S1-248843790
s1_5000,S1-550626038
s1_5000,S1-57040468
s1_5000,S1-594947070
s1_5000,S1-795980653
s1_5000,S1-581522418
s1_5000,S1-884774575
s1_5000,S1-91204274
s1_5000,S1-359165518
s1_5000,S1-534518095
s1_5000,S1-735361788
s1_5000,S1-137648140
s1_5000,S1-57339215
s1_5000,S1-635562370
s1_5000,S1-989911937
s1_5000,S1-207219383
s1_5000,S1-695107679
s1_5000,S1-848749382
s1_5000,S1-707881471
s1_5000,S1-265109559
s1_5000,S1-604848320
s1_5000,S1-102336660
s1_5000,S1-678125259
s1_5000,S1-989705262
s1_5000,S1-315148796
s1_5000,S1-514177413
s1_5000,S1-187375503
s1_5000,S1-672786786
s1_5000,S1-160750971
s1_5000,S1-431748187
s1_5000,S1-354945341
s1_5000,S1-321748315
s1_5000,S1-978046452
s1_5000,S1-624507755
s1_5000,S1-982297846
s1_5000,S1-634686280
s1_5000,S1-877544286
s1_5000,S1-51405460
s1_5000,S1-442276660
s1_5000,S1-80785137
s1_5000,S1-204593449
s1_5000,S1-637302576
s1_5000,S1-51361708
s1_5000,S1-700314470
s1_5000,S1-767918676
s1_5000,S1-199827368
s1_5000,S1-607794793
s1_5000,S1-113814463
s1_5000,S1-944048359
s1_5000,S1-273794517
s1_5000,S1-498810638
s1_5000,S1-837539969
s1_5000,S1-916092345
s1_5000,S1-568056726
s1_5000,S1-801826894
s1_5000,S1-143960714
s1_5000,S1-213748677
s1_5000,S1-149693573
s1_5000,S1-746368903
s1_5000,S1-617916622
s1_5000,S1-227311955
s1_5000,S1-816917073
s1_5000,S1-94944755
s1_5000,S1-450179118
s1_5000,S1-766877051
s1_5000,S1-107643700
s1_5000,S1-799971161
s1_5000,S1-686671014
s1_5000,S1-467414131
s1_5000,S1-772603055
s1_5000,S1-739194894
s1_5000,S1-949008163
s1_5000,S1-998758043
s1_5000,S1-405438616
s1_5000,S1-988474364
s1_5000,S1-686685414
s1_5000,S1-191552928
s1_5000,S1-924414771
s1_5000,S1-942758589
s1_5000,S1-409209326
s1_5000,S1-65894883
s1_5000,S1-624638586
s1_5000,S1-511392720
s1_5000,S1-830263776
s1_5000,S1-500311835
s1_5000,S1-679940368
s1_5000,S1-918499016
s1_5000,S1-484804627
s1_5000,S1-284703325
s1_5000,S1-678263818
s1_5000,S1-25711500
s1_5000,S1-468420137
s1_5000,S1-234386751
s1_5000,S1-851556875
s1_5000,S1-965516984
s1_5000,S1-325890422
s1_5000,S1-781961793
s1_5000,S1-914553858
s1_5000,S1-479286934
s1_5000,S1-55548334
s1_5000,S1-695131488
s1_5000,S1-262869848
s1_5000,S1-678352529
s1_5000,S1-486427631
s1_5000,S1-85776301
s1_5000,S1-531160015
s1_5000,S1-933444059
s1_5000,S1-339108055
s1_5000,S1-319674521
s1_5000,S1-345291896
s1_5000,S1-403270448
s1_5000,S1-176955813
s1_5000,S1-848173819
s1_5000,S1-373729562
s1_5000,S1-773889138
s1_5000,S1-645363043
s1_5000,S1-763347595
s1_5000,S1-946024496
s1_5000,S1-416425350
s1_5000,S1-205906502
s1_5000,S1-901645406
s1_5000,S1-881123226
s1_5000,S1-891728715
s1_5000,S1-199394804
s1_5000,S1-627950210
s1_5000,S1-757523046
s1_5000,S1-592445940
s1_5000,S1-983678307
s1_5000,S1-197010175
s1_5000,S1-484528805
s1_5000,S1-11271036
s1_5000,S1-394021548
s1_5000,S1-507470007
s1_5000,S1-440047960
s1_5000,S1-463761801
s1_5000,S1-926319610
s1_5000,S1-257060601
s1_5000,S1-269491588
s1_5000,S1-875419244
s1_5000,S1-719182631
s1_5000,S1-881868061
s1_5000,S1-889180303
s1_5000,S1-620212295
s1_5000,S1-770605249
s1_5000,S1-71833623
s1_5000,S1-26128269
s1_5000,S1-422616035
s1_5000,S1-244042464
s1_5000,S1-942591727
s1_5000,S1-951235723
s1_5000,S1-832069148
s1_5000,S1-802462805
s1_5000,S1-2691518
s1_5000,S1-148816814
s1_5000,S1-932401411
s1_5000,S1-862626239
s1_5000,S1-212232849
s1_5000,S1-211709139
s1_5000,S1-433803908
s1_5000,S1-990685449
s1_5000,S1-712984156
s1_5000,S1-815695097
s1_5000,S1-310412181
s1_5000,S1-20850883
s1_5000,S1-941310749
s1_5000,S1-288363647
s1_5000,S1-522782608
s1_5000,S1-224562748
s1_5000,S1-674939035
s1_5000,S1-728357785
s1_5000,S1-215705993
s1_5000,S1-503560399
s1_5000,S1-798165443
s1_5000,S1-758198449
s1_5000,S1-471700224
s1_5000,S1-662139793
s1_5000,S1-860596438
s1_5000,S1-957880163
s1_5000,S1-747683462
s1_5000,S1-988696629
s1_5000,S1-663642722
s1_5000,S1-885832808
s1_5000,S1-258962815
s1_5000,S1-837390359
s1_5000,S1-55148941
s1_5000,S1-735986222
s1_5000,S1-457167364
s1_5000,S1-597950617
s1_5000,S1-253915276
s1_5000,S1-148845144
s1_5000,S1-39205969
s1_5000,S1-137982863
s1_5000,S1-333093220
s1_5000,S1-924529839
s1_5000,S1-991781796
s1_5000,S1-435303458
s1_5000,S1-474412920
s1_5000,S1-355970294
s1_5000,S1-564750151
s1_5000,S1-601837835
s1_5000,S1-844380989
s1_5000,S1-247781280
s1_5000,S1-13920621
s1_5000,S1-474677512
s1_5000,S1-445319439
s1_5000,S1-147404017
s1_5000,S1-725012104
s1_5000,S1-961941697
s1_5000,S1-498382248
s1_5000,S1-611601487
s1_5000,S1-84107419
s1_5000,S1-964982397
s1_5000,S1-284548463
s1_5000,S1-349224780
s1_5000,S1-840933975
s1_5000,S1-646647525
s1_5000,S1-180488558
s1_5000,S1-24323217
s1_5000,S1-205682178
s1_5000,S1-680586045
s1_5000,S1-861616412
s1_5000,S1-972147999
s1_5000,S1-913429350
s1_5000,S1-702168370
s1_5000,S1-773644233
s1_5000,S1-897884138
s1_5000,S1-725095165
s1_5000,S1-680278580
s1_5000,S1-585011965
s1_5000,S1-33463290
s1_5000,S1-761229449
s1_5000,S1-481038102
s1_5000,S1-865225007
s1_5000,S1-788388577
s1_5000,S1-423567912
s1_5000,S1-466745256
s1_5000,S1-76971598
s1_5000,S1-591265965
s1_5000,S1-659122398
s1_5000,S1-788044304
s1_5000,S1-575833189
s1_5000,S1-510298299
s1_5000,S1-240842286
s1_5000,S1-743695172
s1_5000,S1-645297414
s1_5000,S1-574904333
s1_5000,S1-48628895
s1_5000,S1-917597193
s1_5000,S1-346573269
s1_5000,S1-491566207
s1_5000,S1-868074264
s1_5000,S1-963928087
s1_5000,S1-761094075
s1_5000,S1-503009223
s1_5000,S1-222285796
s1_5000,S1-496745792
s1_5000,S1-275677701
s1_5000,S1-959677424
s1_5000,S1-718762840
s1_5000,S1-397140814
s1_5000,S1-829100679
s1_5000,S1-51108616
s1_5000,S1-102226774
s1_5000,S1-401241171
s1_5000,S1-249037230
s1_5000,S1-562804226
s1_5000,S1-91606722
s1_5000,S1-732238687
s1_5000,S1-194522397
s1_5000,S1-756377286
s1_5000,S1-27194364
s1_5000,S1-591142194
s1_5000,S1-294929683
s1_5000,S1-541938009
s1_5000,S1-130536784
s1_5000,S1-922054203
s1_5000,S1-656058941
s1_5000,S1-209228641
s1_5000,S1-15254424
s1_5000,S1-880204011
s1_5000,S1-654186509
s1_5000,S1-948969572
s1_5000,S1-638924298
s1_5000,S1-952608660
s1_5000,S1-626617889
s1_5000,S1-732992168
s1_5000,S1-105970878
s1_5000,S1-778474029
s1_5000,S1-61344513
s1_5000,S1-692821756
s1_5000,S1-797438612
s1_5000,S1-538015325
s1_5000,S1-316278038
s1_5000,S1-759043397
s1_5000,S1-107804720
s1_5000,S1-766909146
s1_5000,S1-681801709
s1_5000,S1-104259486
s1_5000,S1-330745723
s1_5000,S1-500218332
s1_5000,S1-504689129
s1_5000,S1-286816578
s1_5000,S1-830333739
s1_5000,S1-372619605
s1_5000,S1-304406775
s1_5000,S1-175575135
s1_5000,S1-118155765
s1_5000,S1-362008342
s1_5000,S1-989362982
s1_5000,S1-984558689
s1_5000,S1-351200795
s1_5000,S1-928618470
s1_5000,S1-50602938
s1_5000,S1-425536607
s1_5000,S1-158130550
s1_5000,S1-908107075
s1_5000,S1-165462143
s1_5000,S1-760907756
s1_5000,S1-973851802
s1_5000,S1-617011340
s1_5000,S1-997039788
s1_5000,S1-917104520
s1_5000,S1-108492918
s1_5000,S1-559846766
s1_5000,S1-68203113
s1_5000,S1-69284204
s1_5000,S1-142769648
s1_5000,S1-928950940
s1_5000,S1-187210302
s1_5000,S1-661293113
s1_5000,S1-211499426
s1_5000,S1-828872072
s1_5000,S1-92936801
s1_5000,S1-490940903
s1_5000,S1-638254278
s1_5000,S1-361588737
s1_5000,S1-169226760
s1_5000,S1-498113777
s1_5000,S1-454659011
s1_5000,S1-620623586
s1_5000,S1-387615199
s1_5000,S1-28895207
s1_5000,S1-756049183
s1_5000,S1-706862052
s1_5000,S1-873405984
s1_5000,S1-79507797
s1_5000,S1-841259010
s1_5000,S1-732974680
s1_5000,S1-730467023
s1_5000,S1-423026067
s1_5000,S1-579571170
s1_5000,S1-826200365
s1_5000,S1-333276650
s1_5000,S1-100684351
s1_5000,S1-923196044
s1_5000,S1-839624151
s1_5000,S1-307713380
s1_5000,S1-186047489
s1_5000,S1-51572105
s1_5000,S1-233422291
s1_5000,S1-531272766
s1_5000,S1-947176609
s1_5000,S1-915963606
s1_5000,S1-902796959
s1_5000,S1-663139877
s1_5000,S1-741669665
s1_5000,S1-687639154
s1_5000,S1-742255572
s1_5000,S1-262998106
s1_5000,S1-571126844
s1_5000,S1-538094161
s1_5000,S1-581496812
s1_5000,S1-512565448
s1_5000,S1-35542307
s1_5000,S1-244694478
s1_5000,S1-472585109
s1_5000,S1-483001942
s1_5000,S1-447848165
s1_5000,S1-323432829
s1_5000,S1-804403509
s1_5000,S1-92665343
s1_5000,S1-455610629
s1_5000,S1-125058134
s1_5000,S1-802736013
s1_5000,S1-658650073
s1_5000,S1-683854047
s1_5000,S1-810216317
s1_5000,S1-464365131
s1_5000,S1-811892835
s1_5000,S1-148509444
s1_5000,S1-365247461
s1_5000,S1-624531435
s1_5000,S1-651809730
s1_5000,S1-923428624
s1_5000,S1-745892844
s1_5000,S1-807964192
s1_5000,S1-826865289
s1_5000,S1-990132772
s1_5000,S1-231529316
s1_5000,S1-192179954
s1_5000,S1-841388728
s1_5000,S1-481891444
s1_5000,S1-128690116
s1_5000,S1-632058495
s1_5000,S1-857127361
s1_5000,S1-398615710
s1_5000,S1-887339443
s1_5000,S1-69779952
s1_5000,S1-205975483
s1_5000,S1-995209035
s1_5000,S1-132903748
s1_5000,S1-5394944
s1_5000,S1-199318022
s1_5000,S1-53024552
s1_5000,S1-213991123
s1_5000,S1-379886735
s1_5000,S1-9021851
s1_5000,S1-628876670
s1_5000,S1-227811633
s1_5000,S1-923239427
s1_5000,S1-246702893
s1_5000,S1-213448519
s1_5000,S1-401295463
s1_5000,S1-339974279
s1_5000,S1-561974186
s1_5000,S1-590958800
s1_5000,S1-78992501
s1_5000,S1-187567130
s1_5000,S1-526192345
s1_5000,S1-853395698
s1_5000,S1-537646315
s1_5000,S1-718518922
s1_5000,S1-369020120
s1_5000,S1-853087643
s1_5000,S1-42620094
s1_5000,S1-600524290
s1_5000,S1-633693345
s1_5000,S1-511997993
s1_5000,S1-834192109
s1_5000,S1-911843689
s1_5000,S1-726498846
s1_5000,S1-913970027
s1_5000,S1-114660471
s1_5000,S1-967178181
s1_5000,S1-983936255
s1_5000,S1-558005444
s1_5000,S1-799882768
s1_5000,S1-131592791
s1_5000,S1-879716463
s1_5000,S1-4746877
s1_5000,S1-195377259
s1_5000,S1-380579541
s1_5000,S1-494530846
s1_5000,S1-395724257
s1_5000,S1-906611257
s1_5000,S1-75348117
s1_5000,S1-728323048
s1_5000,S1-804436523
s1_5000,S1-420298538
s1_5000,S1-894466638
s1_5000,S1-942612437
s1_5000,S1-68563737
s1_5000,S1-283613919
s1_5000,S1-756791864
s1_5000,S1-152292646
s1_5000,S1-797779963
s1_5000,S1-263541112
s1_5000,S1-741467631
s1_5000,S1-240780517
s1_5000,S1-959595429
s1_5000,S1-23989523
s1_5000,S1-950115619
s1_5000,S1-447965103
s1_5000,S1-397707510
s1_5000,S1-197191775
s1_5000,S1-952734489
s1_5000,S1-477333267
s1_5000,S1-861385075
s1_5000,S1-323664907
s1_5000,S1-911079437
s1_5000,S1-955251860
s1_5000,S1-965597094
s1_5000,S1-449497811
s1_5000,S1-740902373
s1_5000,S1-843079404
s1_5000,S1-725884716
s1_5000,S1-335425555
s1_5000,S1-659330747
s1_5000,S1-986371088
s1_5000,S1-159506279
s1_5000,S1-325094405
s1_5000,S1-45782973
s1_5000,S1-694620380
s1_5000,S1-554875730
s1_5000,S1-560764189
s1_5000,S1-889046764
s1_5000,S1-710896418
s1_5000,S1-539860400
s1_5000,S1-948651130
s1_5000,S1-162744456
s1_5000,S1-717529501
s1_5000,S1-241129043
s1_5000,S1-433667505
s1_5000,S1-821032005
s1_5000,S1-354310731
s1_5000,S1-98999035
s1_5000,S1-866025610
s1_5000,S1-243546668
s1_5000,S1-971815845
s1_5000,S1-138166467
s1_5000,S1-692850742
s1_5000,S1-588479023
s1_5000,S1-282254275
s1_5000,S1-247334282
s1_5000,S1-619497340
s1_5000,S1-20178638
s1_5000,S1-250249732
s1_5000,S1-944201642
s1_5000,S1-487377928
s1_5000,S1-826057016
s1_5000,S1-43080939
s1_5000,S1-847940242
s1_5000,S1-585448933
s1_5000,S1-979544519
s1_5000,S1-52586964
s1_5000,S1-464475302
s1_5000,S1-358015493
s1_5000,S1-921700587
s1_5000,S1-237169832
s1_5000,S1-83895810
s1_5000,S1-722712320
s1_5000,S1-924431369
s1_5000,S1-128849092
s1_5000,S1-504769509
s1_5000,S1-992615312
s1_5000,S1-983547259
s1_5000,S1-603441590
s1_5000,S1-924136444
s1_5000,S1-514948136
s1_5000,S1-914732699
s1_5000,S1-626428364
s1_5000,S1-889242103
s1_5000,S1-607892007
s1_5000,S1-205327311
s1_5000,S1-601928037
s1_5000,S1-38728925
s1_5000,S1-840381240
s1_5000,S1-594625461
s1_5000,S1-113797773
s1_5000,S1-349788424
s1_5000,S1-673000969
s1_5000,S1-999379558
s1_5000,S1-351697194
s1_5000,S1-368125604
s1_5000,S1-289790766
s1_5000,S1-427567426
s1_5000,S1-8432377
s1_5000,S1-643284453
s1_5000,S1-997829461
s1_5000,S1-142052014
s1_5000,S1-680588005
s1_5000,S1-162333129
s1_5000,S1-809312692
s1_5000,S1-902307397
s1_5000,S1-435725894
s1_5000,S1-116416996
s1_5000,S1-828094221
s1_5000,S1-415379170
s1_5000,S1-104334186
s1_5000,S1-456992711
s1_5000,S1-649422668
s1_5000,S1-266789591
s1_5000,S1-438656476
s1_5000,S1-703937281
s1_5000,S1-256116349
s1_5000,S1-882416929
s1_5000,S1-543079895
s1_5000,S1-375374761
s1_5000,S1-276065677
s1_5000,S1-163270400
s1_5000,S1-282818272
s1_5000,S1-492542330
s1_5000,S1-494343532
s1_5000,S1-780399571
s1_5000,S1-288039227
s1_5000,S1-885416844
s1_5000,S1-597696608
s1_5000,S1-159262002
s1_5000,S1-109086668
s1_5000,S1-170325504
s1_5000,S1-755797530
s1_5000,S1-900503043
s1_5000,S1-347148338
s1_5000,S1-386193223
s1_5000,S1-77922114
s1_5000,S1-640459584
s1_5000,S1-50883250
s1_5000,S1-972373009
s1_5000,S1-103510355
s1_5000,S1-43588002
s1_5000,S1-303128801
s1_5000,S1-171304057
s1_5000,S1-808612532
s1_5000,S1-651291696
s1_5000,S1-716712328
s1_5000,S1-529019136
s1_5000,S1-463695837
s1_5000,S1-985067237
s1_5000,S1-660684902
s1_5000,S1-417760682
s1_5000,S1-781834405
s1_5000,S1-572371521
s1_5000,S1-979343261
s1_5000,S1-916330988
s1_5000,S1-829799891
s1_5000,S1-249954707
s1_5000,S1-369108176
s1_5000,S1-948662133
s1_5000,S1-715931962
s1_5000,S1-734598865
s1_5000,S1-694707517
s1_5000,S1-278100620
s1_5000,S1-851756489
s1_5000,S1-596857324
s1_5000,S1-360582484
s1_5000,S1-754104509
s1_5000,S1-812869633
s1_5000,S1-43365190
s1_5000,S1-484928121
s1_5000,S1-518579459
s1_5000,S1-578028828
s1_5000,S1-295241780
s1_5000,S1-40645783
s1_5000,S1-375231412
s1_5000,S1-523358332
s1_5000,S1-174427201
s1_5000,S1-485080642
s1_5000,S1-293426802
s1_5000,S1-853493263
s1_5000,S1-642475533
s1_5000,S1-10234759
s1_5000,S1-12597683
s1_5000,S1-566469797
s1_5000,S1-90918863
s1_5000,S1-24225684
s1_5000,S1-622210829
s1_5000,S1-409541606
s1_5000,S1-52666944
s1_5000,S1-750650726
s1_5000,S1-985140178
s1_5000,S1-276451440
s1_5000,S1-315920146
s1_5000,S1-976230299
s1_5000,S1-799407009
s1_5000,S1-17025187
s1_5000,S1-627825204
s1_5000,S1-318516145
s1_5000,S1-930639238
s1_5000,S1-517367606
s1_5000,S1-169603011
s1_5000,S1-664011754
s1_5000,S1-906851529
s1_5000,S1-522797208
s1_5000,S1-727212488
s1_5000,S1-692408176
s1_5000,S1-524711936
s1_5000,S1-272964903
s1_5000,S1-981641392
s1_5000,S1-299479544
s1_5000,S1-727608062
s1_5000,S1-987785345
s1_5000,S1-159608718
s1_5000,S1-974203163
s1_5000,S1-479543356
s1_5000,S1-490004446
s1_5000,S1-858368955
s1_5000,S1-940676499
s1_5000,S1-394700987
s1_5000,S1-652488528
s1_5000,S1-810435728
s1_5000,S1-504172555
s1_5000,S1-979317353
s1_5000,S1-546104714
s1_5000,S1-942017785
s1_5000,S1-539551114
s1_5000,S1-932637009
s1_5000,S1-928904138
s1_5000,S1-4343578
s1_5000,S1-155358221
s1_5000,S1-321708515
s1_5000,S1-974832610
s1_5000,S1-323185397
s1_5000,S1-65759508
s1_5000,S1-937095312
s1_5000,S1-81030222
s1_5000,S1-805348658
s1_5000,S1-998812422
s1_5000,S1-923886414
s1_5000,S1-530116835
s1_5000,S1-662983092
s1_5000,S1-117166932
s1_5000,S1-158022249
s1_5000,S1-123722603
s1_5000,S1-27322299
s1_5000,S1-620080578
s1_5000,S1-875600620
s1_5000,S1-648400617
s1_5000,S1-375360103
s1_5000,S1-593006788
s1_5000,S1-965121503
s1_5000,S1-451345061
s1_5000,S1-767608232
s1_5000,S1-205188818
s1_5000,S1-801078924
s1_5000,S1-169110561
s1_5000,S1-176804873
s1_5000,S1-358629001
s1_5000,S1-710109233
s1_5000,S1-809438391
s1_5000,S1-785177047
s1_5000,S1-726236581
s1_5000,S1-81662459
s1_5000,S1-166766355
s1_5000,S1-880620778
s1_5000,S1-216087409
s1_5000,S1-969444998
s1_5000,S1-6147786
s1_5000,S1-190528112
s1_5000,S1-699963820
s1_5000,S1-698199820
s1_5000,S1-574539508
s1_5000,S1-63737224
s1_5000,S1-137394748
s1_5000,S1-32400872
s1_5000,S1-101700591
s1_5000,S1-525932837
s1_5000,S1-285308012
s1_5000,S1-731185841
s1_5000,S1-504820760
s1_5000,S1-782377385
s1_5000,S1-527499084
s1_5000,S1-534095579
s1_5000,S1-844096236
s1_5000,S1-204411298
s1_5000,S1-100788901
s1_5000,S1-72483289
s1_5000,S1-882513582
s1_5000,S1-304010193
s1_5000,S1-765966263
s1_5000,S1-216035343
s1_5000,S1-511705317
s1_5000,S1-224031326
s1_5000,S1-436713903
s1_5000,S1-250149999
s1_5000,S1-254533949
s1_5000,S1-589824777
s1_5000,S1-508502587
s1_5000,S1-327780055
s1_5000,S1-428461935
s1_5000,S1-372121803
s1_5000,S1-63169722
s1_5000,S1-60143890
s1_5000,S1-843079803
s1_5000,S1-519205378
s1_5000,S1-274591318
s1_5000,S1-293314511
s1_5000,S1-948927066
s1_5000,S1-650959262
s1_5000,S1-209703064
s1_5000,S1-332272705
s1_5000,S1-401934738
s1_5000,S1-94684272
s1_5000,S1-899710660
s1_5000,S1-118455744
s1_5000,S1-563269553
s1_5000,S1-310678505
s1_5000,S1-947230469
s1_5000,S1-892403395
s1_5000,S1-985894504
s1_5000,S1-542451856
s1_5000,S1-467582113
s1_5000,S1-94571156
s1_5000,S1-5950374
s1_5000,S1-190336363
s1_5000,S1-937284507
s1_5000,S1-734380978
s1_5000,S1-70281541
s1_5000,S1-465538199
s1_5000,S1-144289849
s1_5000,S1-20359383
s1_5000,S1-842950445
s1_5000,S1-609601923
s1_5000,S1-874224557
s1_5000,S1-41538523
s1_5000,S1-840789300
s1_5000,S1-648953525
s1_5000,S1-961521410
s1_5000,S1-275623536
s1_5000,S1-243463160
s1_5000,S1-464732997
s1_5000,S1-261431323
s1_5000,S1-11647178
s1_5000,S1-411418867
s1_5000,S1-19799697
s1_5000,S1-611116970
s1_5000,S1-581032397
s1_5000,S1-280809208
s1_5000,S1-154505058
s1_5000,S1-402520275
s1_5000,S1-320322226
s1_5000,S1-259519738
s1_5000,S1-44995180
s1_5000,S1-555384570
s1_5000,S1-573424238
s1_5000,S1-626060598
s1_5000,S1-870624679
s1_5000,S1-422585684
s1_5000,S1-528850534
s1_5000,S1-805422961
s1_5000,S1-765193522
s1_5000,S1-473429204
s1_5000,S1-899390994
s1_5000,S1-786733970
s1_5000,S1-86578447
s1_5000,S1-694538812
s1_5000,S1-466032287
s1_5000,S1-973497934
s1_5000,S1-557286970
s1_5000,S1-178623815
s1_5000,S1-932664813
s1_5000,S1-472449898
s1_5000,S1-352785708
s1_5000,S1-798922779
s1_5000,S1-466539159
s1_5000,S1-310732446
s1_5000,S1-740462600
s1_5000,S1-214778099
s1_5000,S1-887159316
s1_5000,S1-862924522
s1_5000,S1-24883914
s1_5000,S1-501068544
s1_5000,S1-107893619
s1_5000,S1-638300875
s1_5000,S1-990510772
s1_5000,S1-443974694
s1_5000,S1-119341566
s1_5000,S1-423033285
s1_5000,S1-614996480
s1_5000,S1-301470739
s1_5000,S1-193033885
s1_5000,S1-789081124
s1_5000,S1-70599518
s1_5000,S1-474875759
s1_5000,S1-684872138
s1_5000,S1-183858465
s1_5000,S1-508380865
s1_5000,S1-553699982
s1_5000,S1-146818387
s1_5000,S1-39356582
s1_5000,S1-970174868
s1_5000,S1-224707268
s1_5000,S1-930341251
s1_5000,S1-164427025
s1_5000,S1-339737266
s1_5000,S1-105706273
s1_5000,S1-827617408
s1_5000,S1-191719925
s1_5000,S1-687028195
s1_5000,S1-822853998
s1_5000,S1-27044770
s1_5000,S1-754602942
s1_5000,S1-359807248
s1_5000,S1-479066271
s1_5000,S1-573519622
s1_5000,S1-70284869
s1_5000,S1-704691595
s1_5000,S1-778313455
s1_5000,S1-418906676
s1_5000,S1-598851578
s1_5000,S1-824032644
s1_5000,S1-685666710
s1_5000,S1-285815393
s1_5000,S1-534888945
s1_5000,S1-361450899
s1_5000,S1-409316473
s1_5000,S1-785979123
s1_5000,S1-547070767
s1_5000,S1-829039984
s1_5000,S1-605702960
s1_5000,S1-632212456
s1_5000,S1-838930491
s1_5000,S1-487663741
s1_5000,S1-715018557
s1_5000,S1-202344242
s1_5000,S1-486746457
s1_5000,S1-489864193
s1_5000,S1-208275453
s1_5000,S1-466521816
s1_5000,S1-119195797
s1_5000,S1-615598804
s1_5000,S1-155362470
s1_5000,S1-727563476
s1_5000,S1-273775136
s1_5000,S1-225949971
s1_5000,S1-479908479
s1_5000,S1-172766584
s1_5000,S1-177209262
s1_5000,S1-362794674
s1_5000,S1-404545615
s1_5000,S1-711258398
s1_5000,S1-321179967
s1_5000,S1-523419570
s1_5000,S1-51292168
s1_5000,S1-13321112
s1_5000,S1-987792028
s1_5000,S1-844842551
s1_5000,S1-862655631
s1_5000,S1-714919202
s1_5000,S1-591973053
s1_5000,S1-506954570
s1_5000,S1-361341835
s1_5000,S1-862954880
s1_5000,S1-72212228
s1_5000,S1-26028621
s1_5000,S1-314255967
s1_5000,S1-150568701
s1_5000,S1-682195861
s1_5000,S1-193537794
s1_5000,S1-150257332
s1_5000,S1-220502942
s1_5000,S1-412420984
s1_5000,S1-92848544
s1_5000,S1-199153104
s1_5000,S1-650039148
s1_5000,S1-396543030
s1_5000,S1-988889164
s1_5000,S1-272463538
s1_5000,S1-471073464
s1_5000,S1-460241026
s1_5000,S1-421012635
s1_5000,S1-272568874
s1_5000,S1-227075567
s1_5000,S1-520842451
s1_5000,S1-651616371
s1_5000,S1-347472666
s1_5000,S1-305846801
s1_5000,S1-531249440
s1_5000,S1-577239491
s1_5000,S1-825302738
s1_5000,S1-606110707
s1_5000,S1-342388851
s1_5000,S1-240633687
s1_5000,S1-239718219
s1_5000,S1-590407277
s1_5000,S1-591575690
s1_5000,S1-443724227
s1_5000,S1-699427336
s1_5000,S1-145090661
s1_5000,S1-888905797
s1_5000,S1-687899650
s1_5000,S1-804342590
s1_5000,S1-338033899
s1_5000,S1-682802008
s1_5000,S1-890101049
s1_5000,S1-686381357
s1_5000,S1-906719222
s1_5000,S1-777447672
s1_5000,S1-719192037
s1_5000,S1-304061260
s1_5000,S1-34167066
s1_5000,S1-100321167
s1_5000,S1-621390333
s1_5000,S1-445123035
s1_5000,S1-347090424
s1_5000,S1-563813352
s1_5000,S1-903808319
s1_5000,S1-892053155
s1_5000,S1-610410748
s1_5000,S1-788546041
s1_5000,S1-81717584
s1_5000,S1-295556820
s1_5000,S1-377568816
s1_5000,S1-180904671
s1_5000,S1-163375559
s1_5000,S1-644442658
s1_5000,S1-641789178
s1_5000,S1-919778016
s1_5000,S1-94024185
s1_5000,S1-412131345
s1_5000,S1-883692822
s1_5000,S1-708008057
s1_5000,S1-874277458
s1_5000,S1-870428220
s1_5000,S1-639122382
s1_5000,S1-737358240
s1_5000,S1-366489005
s1_5000,S1-302368983
s1_5000,S1-184005797
s1_5000,S1-974026821
s1_5000,S1-904619542
s1_5000,S1-657062925
s1_5000,S1-183022405
s1_5000,S1-169051534
s1_5000,S1-695103630
s1_5000,S1-474808503
s1_5000,S1-309542727
s1_5000,S1-836158162
s1_5000,S1-640634962
s1_5000,S1-440666757
s1_5000,S1-288438310
s1_5000,S1-133932625
s1_5000,S1-349920878
s1_5000,S1-210071172
s1_5000,S1-620415604
s1_5000,S1-331479906
s1_5000,S1-900469387
s1_5000,S1-861128368
s1_5000,S1-233160484
s1_5000,S1-352088322
s1_5000,S1-312782574
s1_5000,S1-94265346
s1_5000,S1-990082677
s1_5000,S1-206379098
s1_5000,S1-750158895
s1_5000,S1-876754039
s1_5000,S1-151942171
s1_5000,S1-972480625
s1_5000,S1-938556513
s1_5000,S1-613330502
s1_5000,S1-258006375
s1_5000,S1-567863360
s1_5000,S1-454965112
s1_5000,S1-58027535
s1_5000,S1-682645246
s1_5000,S1-606391819
s1_5000,S1-811523660
s1_5000,S1-955013282
s1_5000,S1-30163048
s1_5000,S1-734608901
s1_5000,S1-217930107
s1_5000,S1-931561459
s1_5000,S1-920237984
s1_5000,S1-70302491
s1_5000,S1-326575680
s1_5000,S1-25351687
s1_5000,S1-863473907
s1_5000,S1-587749771
s1_5000,S1-569959636
s1_5000,S1-241023258
s1_5000,S1-147128912
s1_5000,S1-377359775
s1_5000,S1-224903148
s1_5000,S1-576992455
s1_5000,S1-830174135
s1_5000,S1-752340903
s1_5000,S1-642918740
s1_5000,S1-941921544
s1_5000,S1-653899524
s1_5000,S1-731322367
s1_5000,S1-372026660
s1_5000,S1-965930206
s1_5000,S1-602775894
s1_5000,S1-341278054
s1_5000,S1-346257039
s1_5000,S1-447778954
s1_5000,S1-927704418
s1_5000,S1-201347559
s1_5000,S1-580258883
s1_5000,S1-371438981
s1_5000,S1-303271547
s1_5000,S1-451182942
s1_5000,S1-487819735
s1_5000,S1-211337920
s1_5000,S1-328482587
s1_5000,S1-569213464
s1_5000,S1-464826833
s1_5000,S1-653993174
s1_5000,S1-624358776
s1_5000,S1-33440905
s1_5000,S1-589500289
s1_5000,S1-555315549
s1_5000,S1-150214300
s1_5000,S1-819782656
s1_5000,S1-684129904
s1_5000,S1-762966958
s1_5000,S1-780053902
s1_5000,S1-282645557
s1_5000,S1-579190374
s1_5000,S1-280293884
s1_5000,S1-950766040
s1_5000,S1-386671379
s1_5000,S1-48246384
s1_5000,S1-867762863
s1_5000,S1-163871896
s1_5000,S1-759722858
s1_5000,S1-990626261
s1_5000,S1-313116408
s1_5000,S1-162282501
s1_5000,S1-990243431
s1_5000,S1-950582039
s1_5000,S1-270872841
s1_5000,S1-343841502
s1_5000,S1-636138569
s1_5000,S1-905025328
s1_5000,S1-698232982
s1_5000,S1-180074688
s1_5000,S1-89683685
s1_5000,S1-560915301
s1_5000,S1-737682890
s1_5000,S1-598109272
s1_5000,S1-735757875
s1_5000,S1-55590573
s1_5000,S1-336040161
s1_5000,S1-631122305
s1_5000,S1-428874261
s1_5000,S1-804765852
s1_5000,S1-618083892
s1_5000,S1-821964224
s1_5000,S1-705289017
s1_5000,S1-805937265
s1_5000,S1-688776895
s1_5000,S1-4278998
s1_5000,S1-834482384
s1_5000,S1-700735256
s1_5000,S1-348690015
s1_5000,S1-589829542
s1_5000,S1-405687391
s1_5000,S1-794143960
s1_5000,S1-537755038
s1_5000,S1-186162362
s1_5000,S1-892622924
s1_5000,S1-894391312
s1_5000,S1-522447074
s1_5000,S1-137975760
s1_5000,S1-313511126
s1_5000,S1-657731983
s1_5000,S1-335671569
s1_5000,S1-771388676
s1_5000,S1-803274973
s1_5000,S1-234145053
s1_5000,S1-957553431
s1_5000,S1-628544370
s1_5000,S1-325954416
s1_5000,S1-624248685
s1_5000,S1-384859294
s1_5000,S1-524404626
s1_5000,S1-732495803
s1_5000,S1-178966965
s1_5000,S1-510260100
s1_5000,S1-671689886
s1_5000,S1-595699986
s1_5000,S1-533502613
s1_5000,S1-777234932
s1_5000,S1-210026836
s1_5000,S1-807136578
s1_5000,S1-245167084
s1_5000,S1-747909519
s1_5000,S1-827751814
s1_5000,S1-567737748
s1_5000,S1-681710657
s1_5000,S1-33032839
s1_5000,S1-836146396
s1_5000,S1-66676044
s1_5000,S1-643959259
s1_5000,S1-827873862
s1_5000,S1-992102142
s1_5000,S1-106149521
s1_5000,S1-183276320
s1_5000,S1-133856338
s1_5000,S1-168258791
s1_5000,S1-470653274
s1_5000,S1-729903728
s1_5000,S1-294916081
s1_5000,S1-997702327
s1_5000,S1-751482386
s1_5000,S1-951265036
s1_5000,S1-341484720
s1_5000,S1-826757907
s1_5000,S1-662822472
s1_5000,S1-4584147
s1_5000,S1-781206004
s1_5000,S1-832366923
s1_5000,S1-662070399
s1_5000,S1-638463594
s1_5000,S1-382441490
s1_5000,S1-15101956
s1_5000,S1-11147015
s1_5000,S1-420021645
s1_5000,S1-841364161
s1_5000,S1-148998175
s1_5000,S1-580563593
s1_5000,S1-537448231
s1_5000,S1-482663497
s1_5000,S1-99519158
s1_5000,S1-198716595
s1_5000,S1-758484816
s1_5000,S1-193436872
s1_5000,S1-154805470
s1_5000,S1-683109005
s1_5000,S1-386318989
s1_5000,S1-721504179
s1_5000,S1-610475171
s1_5000,S1-590558455
s1_5000,S1-797735814
s1_5000,S1-50919116
s1_5000,S1-671005567
s1_5000,S1-623544033
s1_5000,S1-376246711
s1_5000,S1-794113587
s1_5000,S1-247672843
s1_5000,S1-489100219
s1_5000,S1-966203838
s1_5000,S1-634167787
s1_5000,S1-713180313
s1_5000,S1-424888549
s1_5000,S1-30291458
s1_5000,S1-124718633
s1_5000,S1-820007337
s1_5000,S1-840794860
s1_5000,S1-450558065
s1_5000,S1-21591150
s1_5000,S1-378217131
s1_5000,S1-595762969
s1_5000,S1-510858391
s1_5000,S1-917881795
s1_5000,S1-673411642
s1_5000,S1-458832112
s1_5000,S1-850865411
s1_5000,S1-773003588
s1_5000,S1-984658767
s1_5000,S1-469414537
s1_5000,S1-110801993
s1_5000,S1-975383995
s1_5000,S1-521079192
s1_5000,S1-551718366
s1_5000,S1-746815732
s1_5000,S1-136484273
s1_5000,S1-4731287
s1_5000,S1-990865698
s1_5000,S1-249497094
s1_5000,S1-233911671
s1_5000,S1-438416204
s1_5000,S1-535004432
s1_5000,S1-647652028
s1_5000,S1-35431513
s1_5000,S1-517272836
s1_5000,S1-465313514
s1_5000,S1-316203156
s1_5000,S1-278114582
s1_5000,S1-73046546
s1_5000,S1-274554869
s1_5000,S1-199698867
s1_5000,S1-139757566
s1_5000,S1-78277556
s1_5000,S1-242717261
s1_5000,S1-246333884
s1_5000,S1-274740173
s1_5000,S1-212279400
s1_5000,S1-699473608
s1_5000,S1-783792623
s1_5000,S1-859510062
s1_5000,S1-473695931
s1_5000,S1-741310622
s1_5000,S1-655725251
s1_5000,S1-836935410
s1_5000,S1-364549159
s1_5000,S1-148082071
s1_5000,S1-127394308
s1_5000,S1-279490886
s1_5000,S1-757634473
s1_5000,S1-14732419
s1_5000,S1-990600455
s1_5000,S1-612954092
s1_5000,S1-770861151
s1_5000,S1-328382469
s1_5000,S1-112734505
s1_5000,S1-50486158
s1_5000,S1-404612498
s1_5000,S1-833736155
s1_5000,S1-45571887
s1_5000,S1-975553212
s1_5000,S1-604809474
s1_5000,S1-739544581
s1_5000,S1-226885968
s1_5000,S1-797660067
s1_5000,S1-130997941
s1_5000,S1-983424055
s1_5000,S1-801657072
s1_5000,S1-250701326
s1_5000,S1-715104547
s1_5000,S1-371166945
s1_5000,S1-54387363
s1_5000,S1-5181964
s1_5000,S1-834327611
s1_5000,S1-636560224
s1_5000,S1-244530750
s1_5000,S1-595831533
s1_5000,S1-76105848
s1_5000,S1-173820387
s1_5000,S1-550895879
s1_5000,S1-690624471
s1_5000,S1-322439158
s1_5000,S1-269433128
s1_5000,S1-359701838
s1_5000,S1-902843516
s1_5000,S1-124011975
s1_5000,S1-792914810
s1_5000,S1-831821332
s1_5000,S1-195478289
s1_5000,S1-886474755
s1_5000,S1-900856144
s1_5000,S1-406615599
s1_5000,S1-173818348
s1_5000,S1-79339099
s1_5000,S1-383685205
s1_5000,S1-917944050
s1_5000,S1-712470839
s1_5000,S1-976175159
s1_5000,S1-304059094
s1_5000,S1-574820361
s1_5000,S1-86910386
s1_5000,S1-448337408
s1_5000,S1-203188901
s1_5000,S1-731705667
s1_5000,S1-589306108
s1_5000,S1-887333
s1_5000,S1-835193359
s1_5000,S1-638928481
s1_5000,S1-179288467
s1_5000,S1-89736601
s1_5000,S1-635679230
s1_5000,S1-480824644
s1_5000,S1-122060944
s1_5000,S1-577560250
s1_5000,S1-724160974
s1_5000,S1-322232225
s1_5000,S1-837167097
s1_5000,S1-77420205
s1_5000,S1-411357079
s1_5000,S1-823675773
s1_5000,S1-381593367
s1_5000,S1-557149533
s1_5000,S1-83533157
s1_5000,S1-573299155
s1_5000,S1-202436337
s1_5000,S1-880114030
s1_5000,S1-640215992
s1_5000,S1-969904061
s1_5000,S1-549677417
s1_5000,S1-597429454
s1_5000,S1-885610055
s1_5000,S1-529576297
s1_5000,S1-245316885
s1_5000,S1-334614789
s1_5000,S1-471855161
s1_5000,S1-833786852
s1_5000,S1-612881074
s1_5000,S1-457514364
s1_5000,S1-618046483
s1_5000,S1-334598181
s1_5000,S1-337232656
s1_5000,S1-255763329
s1_5000,S1-687897528
s1_5000,S1-318430224
s1_5000,S1-832475570
s1_5000,S1-946813934
s1_5000,S1-454721033
s1_5000,S1-406131477
s1_5000,S1-635469163
s1_5000,S1-343732688
s1_5000,S1-698789304
s1_5000,S1-275698064
s1_5000,S1-752727245
s1_5000,S1-463019269
s1_5000,S1-258606816
s1_5000,S1-579193887
s1_5000,S1-504936589
s1_5000,S1-328186079
s1_5000,S1-743519409
s1_5000,S1-403620357
s1_5000,S1-748714089
s1_5000,S1-919917722
s1_5000,S1-117486000
s1_5000,S1-634288923
s1_5000,S1-940513827
s1_5000,S1-606245565
s1_5000,S1-892779379
s1_5000,S1-11408993
