sample,source1_entity_id,source,country,intersection_scheduler,exact_overflow_passes,intersection_planned_pairs,intersection_pairs_skipped_candidate_budget,intersection_candidate_budget_reached,intersection_empty_probes,intersection_pairs_skipped_term_quota,intersection_pairs_skipped_selectivity,intersection_queries,intersection_overflows,intersection_nonempty_successes,intersection_sql_seconds,intersection_pairs_considered,intersection_pairs_skipped_anchor,intersection_pairs_skipped_rules,postings_looked_up,posting_ids_returned,intersection_unique_candidate_ids,intersection_total_seconds,exact_candidates,token_candidates,token_only_candidates,candidates_before_cap,eligible_before_final_cap,cap_hit,cap_truncated,selected_candidates,true_links_before_cap,selected_exact_candidates,query_seconds
s1_1000,S1-197826453,S2,US,selective_v2_compact,0,10,0,0,4,0,0,10,1,5,0.010840292000125373,28,0,0,20,48,40,0.011355473999969945,43,42,40,83,80,1,1,60,3,40,0.017772456999978203
s1_1000,S1-197826453,S3,US,selective_v2_compact,0,10,1,1,0,0,4,9,1,8,0.011303907000069557,28,0,4,18,252,240,0.011808446999907574,56,241,240,296,88,1,1,60,1,41,0.054897387999972125
s1_1000,S1-681233599,S2,India,selective_v2_compact,0,10,0,0,0,0,33,10,2,8,0.018823802999804684,91,21,54,20,186,116,0.019545736000054603,0,116,116,116,77,1,1,60,1,0,0.028860886999950708
s1_1000,S1-681233599,S3,India,selective_v2_compact,0,10,4,1,0,0,30,6,0,6,0.020369172999949114,91,21,51,13,286,169,0.021103264999965177,0,207,207,207,81,1,1,60,1,0,0.03657148399997823
s1_1000,S1-910993346,S2,India,selective_v2_compact,0,10,4,1,0,0,13,6,0,6,0.007112087999985306,55,3,16,12,188,176,0.007756891999974869,1,177,176,177,84,1,1,60,3,1,0.016735733000018627
s1_1000,S1-910993346,S3,India,selective_v2_compact,0,10,5,1,0,0,12,5,0,5,0.017445475000158694,55,1,13,10,204,194,0.018129993000002287,2,195,194,196,80,1,1,60,3,2,0.028304249000029813
s1_1000,S1-757945054,S2,India,selective_v2_compact,0,10,0,0,0,0,19,10,0,10,0.05747591700014709,120,10,29,24,201,120,0.05896239499998046,14,173,159,173,78,1,1,60,2,14,0.0723127910000585
s1_1000,S1-757945054,S3,India,selective_v2_compact,0,10,3,1,0,0,20,7,0,7,0.01617073199997776,120,6,26,18,237,174,0.017631987000072513,14,221,207,221,79,1,1,60,2,14,0.04089090000002216
s1_1000,S1-290854814,S2,India,selective_v2_compact,0,10,1,1,0,0,12,9,0,9,0.028440275999969344,66,6,18,20,230,188,0.02925937099996645,4,196,192,196,113,1,1,60,3,4,0.048808616999963306
s1_1000,S1-290854814,S3,India,selective_v2_compact,0,10,5,1,1,0,13,5,0,4,0.008926386999974056,66,3,16,12,172,161,0.009681546000024355,6,163,163,169,101,1,1,60,2,6,0.018196922000015547
s1_1000,S1-532135828,S2,US,selective_v2_compact,0,10,7,1,1,0,7,3,0,2,0.09610925300012241,36,0,7,8,247,209,0.09663457200008452,1,227,226,227,77,1,1,60,2,1,0.11915554899997005
s1_1000,S1-532135828,S3,US,selective_v2_compact,0,10,3,1,0,0,10,7,1,6,0.0379175559999112,36,0,10,16,222,181,0.03840447800007496,0,196,196,196,78,1,1,60,2,0,0.0536874980000448
s1_1000,S1-489863972,S2,US,selective_v2_compact,0,10,3,1,1,0,12,7,0,6,0.016163915999754863,55,3,15,14,266,255,0.016909787999907167,2,257,255,257,71,1,1,60,3,2,0.06078454699991198
s1_1000,S1-489863972,S3,US,selective_v2_compact,0,10,1,1,0,0,14,9,0,9,0.012157815999898958,55,6,20,18,163,150,0.012752491000014743,0,150,150,150,81,1,1,60,1,0,0.03730908499994712
s1_1000,S1-127529460,S2,US,selective_v2_compact,0,10,0,0,0,0,3,10,1,9,0.01781665700036683,28,0,3,21,187,126,0.018303542000012385,1,157,156,157,77,1,1,60,3,1,0.03611052300004758
s1_1000,S1-127529460,S3,US,selective_v2_compact,0,10,0,0,0,0,3,10,1,9,0.011187506000169378,28,0,3,21,162,107,0.01161383900000601,0,135,135,135,77,1,1,60,2,0,0.020953802999997606
s1_1000,S1-148743364,S2,India,selective_v2_compact,0,10,0,0,0,0,27,10,2,8,0.14801010600001518,105,15,42,22,175,113,0.14902999100002035,0,155,155,155,99,1,1,60,1,0,0.16130002599993531
s1_1000,S1-148743364,S3,India,selective_v2_compact,0,10,0,0,0,0,29,10,2,8,0.1348761920000925,105,10,39,22,193,131,0.13589399299996785,0,173,173,173,109,1,1,60,1,0,0.15008626600001662
s1_1000,S1-348320286,S2,India,selective_v2_compact,0,10,0,0,2,0,15,10,1,7,0.02007834900018679,36,3,18,21,122,86,0.02042543199991087,10,107,97,107,102,1,1,60,2,10,0.031531889999996565
s1_1000,S1-348320286,S3,India,selective_v2_compact,0,10,1,1,0,0,13,9,1,8,0.02752716199995575,36,1,14,19,198,159,0.02796000900002582,5,180,175,180,105,1,1,60,1,5,0.05661940000004506
s1_1000,S1-188014924,S2,India,selective_v2_compact,0,10,3,1,0,0,41,7,0,7,0.08388929899990671,120,10,51,14,164,154,0.0849294759999566,3,154,154,157,102,1,1,60,1,3,0.10280506200001582
s1_1000,S1-188014924,S3,India,selective_v2_compact,0,10,3,1,0,0,35,7,0,7,0.11568081100006111,120,6,41,14,262,256,0.1169603549999465,7,257,256,263,103,1,1,60,2,7,0.15571637499999724
s1_1000,S1-787210237,S2,US,selective_v2_compact,0,10,0,0,0,1,0,10,0,10,0.0017606700002943398,15,0,0,22,196,3,0.002040569999962827,2,141,139,141,78,1,1,60,2,2,0.00866000200005601
s1_1000,S1-787210237,S3,US,selective_v2_compact,0,10,0,0,0,1,0,10,0,10,0.0020704100001012193,15,0,0,21,209,56,0.002353468000023895,0,181,181,181,90,1,1,60,1,0,0.010606463000044641
s1_1000,S1-477547538,S2,US,selective_v2_compact,0,10,1,1,0,0,5,9,1,8,0.012949018999961481,28,1,6,19,267,258,0.013412036000090666,0,261,261,261,114,1,1,60,1,0,0.05178875900003277
s1_1000,S1-477547538,S3,US,selective_v2_compact,0,10,2,1,0,0,5,8,1,7,0.011987446000262025,28,1,6,17,182,163,0.012418893000017306,0,166,166,166,99,1,1,60,2,0,0.025532689999977265
s1_1000,S1-822441485,S2,India,selective_v2_compact,0,10,1,1,1,0,19,9,1,7,0.2962750449997884,78,21,40,19,184,154,0.29698166399998627,0,168,168,168,94,1,1,60,2,0,0.332886507000012
s1_1000,S1-822441485,S3,India,selective_v2_compact,0,10,0,0,1,0,29,10,1,8,0.17824805399993693,78,10,39,21,106,93,0.1789506769999889,1,99,98,99,54,0,0,54,1,1,0.19843183600005432
s1_1000,S1-676890599,S2,US,selective_v2_compact,0,8,0,0,3,2,4,8,0,5,0.006854073000113203,15,1,5,17,220,124,0.007127699999955439,15,209,209,224,116,1,1,60,0,15,0.01719873499996538
s1_1000,S1-676890599,S3,US,selective_v2_compact,0,8,0,0,0,2,4,8,0,8,0.008308597000223017,15,1,5,17,277,142,0.00859970399994836,20,247,245,265,121,1,1,60,2,20,0.023459573000081946
s1_1000,S1-569158628,S2,US,selective_v2_compact,0,10,0,0,1,1,3,10,0,9,0.018726098999763963,15,0,3,21,165,130,0.019018622999965373,0,161,161,161,81,1,1,60,1,0,0.029058504999966317
s1_1000,S1-569158628,S3,US,selective_v2_compact,0,10,0,0,0,1,3,10,0,10,0.015039718999901197,15,0,3,21,179,122,0.015331661000004715,1,159,158,159,78,1,1,60,2,1,0.022380311999995683
s1_1000,S1-863311543,S2,US,selective_v2_compact,0,10,0,0,0,0,2,10,1,9,0.005336868999961553,28,3,5,21,257,134,0.005767142000081549,1,223,222,223,87,1,1,60,2,1,0.0442784809999921
s1_1000,S1-863311543,S3,US,selective_v2_compact,0,10,0,1,0,0,3,10,1,9,0.006413538000060726,28,3,6,21,293,172,0.006889578999903279,0,257,257,257,102,1,1,60,1,0,0.04815771300002325
s1_1000,S1-581141524,S2,India,selective_v2_compact,0,10,3,1,0,0,20,7,1,6,0.1011983109999619,66,10,30,14,203,191,0.10182869299990216,11,202,191,202,80,1,1,60,2,11,0.12329146599995511
s1_1000,S1-581141524,S3,India,selective_v2_compact,0,10,3,1,0,0,23,7,0,7,0.08392437300005895,66,6,29,14,178,174,0.08458165799993367,13,175,174,187,94,1,1,60,2,13,0.10109463000003416
s1_1000,S1-776008409,S2,US,selective_v2_compact,0,10,3,1,0,0,1,7,0,7,0.003944160999935775,15,1,2,15,185,161,0.004259351000087008,0,167,167,167,88,1,1,60,2,0,0.017686889000060546
s1_1000,S1-776008409,S3,US,selective_v2_compact,0,10,3,1,0,0,1,7,0,7,0.00387255800001185,15,1,2,15,190,154,0.004184514999906241,1,161,160,161,78,1,1,60,4,1,0.019329879999986588
s1_1000,S1-125953774,S2,India,selective_v2_compact,0,10,6,1,0,0,15,4,0,4,0.006252053999901364,66,6,21,8,237,229,0.007008023000025787,0,229,229,229,40,0,0,40,1,0,0.018143893999990723
s1_1000,S1-125953774,S3,India,selective_v2_compact,0,10,3,1,2,0,16,7,0,5,0.02124515299988161,66,3,19,14,154,152,0.022000804000072094,0,152,152,152,79,1,1,60,1,0,0.03546592400005011
s1_1000,S1-711797056,S2,India,selective_v2_compact,0,10,3,1,0,0,12,7,1,6,0.012172174000170344,36,3,15,15,269,228,0.012592274000098769,0,260,260,260,103,1,1,60,1,0,0.060353786999939985
s1_1000,S1-711797056,S3,India,selective_v2_compact,0,10,2,1,0,0,12,8,2,6,0.46467500700009623,36,3,15,17,267,175,0.4652158960000179,2,213,211,213,83,1,1,60,3,2,0.4915978510000514
s1_1000,S1-1713613,S2,India,selective_v2_compact,0,10,2,1,1,0,16,8,0,7,0.12745316199993795,78,6,22,17,196,175,0.1283805120000352,1,189,189,190,55,0,0,55,1,1,0.15707599400002437
s1_1000,S1-1713613,S3,India,selective_v2_compact,0,10,0,1,0,0,20,10,1,9,0.21829061699997965,78,3,23,21,253,236,0.21923877400001857,2,246,246,248,54,0,0,54,1,2,0.2627777550000019
s1_1000,S1-874244889,S2,US,selective_v2_compact,0,10,0,0,3,0,14,10,3,4,0.011028143999965323,78,1,15,21,66,59,0.011946199000021807,0,65,65,65,49,0,0,49,1,0,0.016278252000006432
s1_1000,S1-874244889,S3,US,selective_v2_compact,0,10,5,1,0,0,16,5,0,5,0.01268988399999671,78,1,17,10,213,202,0.013629478999973799,1,203,202,203,44,0,0,44,2,1,0.022363012000027993
s1_1000,S1-112485790,S2,US,selective_v2_compact,0,10,2,1,2,0,12,8,0,6,0.023471877000133645,45,1,13,17,214,162,0.024108737999995355,4,203,199,203,84,1,1,60,1,4,0.03898441600006208
s1_1000,S1-112485790,S3,US,selective_v2_compact,0,10,4,1,0,0,18,6,0,6,0.015978795999899376,45,3,21,13,252,191,0.016457016999993357,3,243,240,243,85,1,1,60,1,3,0.04359497799998735
s1_1000,S1-335303231,S2,US,selective_v2_compact,0,10,0,0,2,0,4,10,0,8,0.016031809999731195,28,0,4,22,148,51,0.016424129000029097,1,135,134,135,119,1,1,60,1,1,0.028421946999969805
s1_1000,S1-335303231,S3,US,selective_v2_compact,0,10,0,0,2,0,4,10,0,8,0.013656135999895014,28,0,4,21,107,47,0.01406305600005453,0,90,90,90,76,1,1,60,1,0,0.02553983400002835
s1_1000,S1-764425963,S2,India,selective_v2_compact,0,10,3,1,0,0,22,7,0,7,0.03353389399990192,120,21,43,14,188,163,0.03472750499997801,2,165,163,165,77,1,1,60,2,2,0.056936450000080185
s1_1000,S1-764425963,S3,India,selective_v2_compact,0,10,2,1,0,0,24,8,0,8,0.03204492299994399,120,10,34,16,229,222,0.0333375719999367,0,222,222,222,79,1,1,60,1,0,0.0715794330000108
s1_1000,S1-211293205,S2,US,selective_v2_compact,0,10,0,0,6,0,3,10,0,4,0.007976339000038024,45,0,3,22,89,7,0.008578362999969613,0,85,85,85,71,1,1,60,1,0,0.012285038000072745
s1_1000,S1-211293205,S3,US,selective_v2_compact,0,10,0,0,1,0,8,10,1,8,0.01058430499995211,45,1,9,20,77,62,0.011145143000021562,1,63,62,63,58,0,0,58,2,1,0.01884876099995836
s1_1000,S1-138688101,S2,India,selective_v2_compact,0,10,6,1,0,0,42,4,1,3,0.011727952999876834,91,28,70,8,154,151,0.012154905999977927,0,151,151,151,92,1,1,60,2,0,0.01963093300003038
s1_1000,S1-138688101,S3,India,selective_v2_compact,0,10,7,1,0,1,48,3,0,3,0.017839278999986163,91,28,76,6,182,181,0.018167315000027884,0,181,181,181,80,1,1,60,0,0,0.02657809400000133
s1_1000,S1-538960854,S2,US,selective_v2_compact,0,10,0,0,0,1,4,10,1,9,0.019083567000052426,15,0,4,20,156,143,0.01937319099999968,0,143,143,143,85,1,1,60,1,0,0.03636085700009062
s1_1000,S1-538960854,S3,US,selective_v2_compact,0,10,2,1,1,1,4,8,1,6,0.015867289000084384,15,0,4,16,169,162,0.01614358799997717,1,163,162,163,83,1,1,60,1,1,0.028695711000068513
s1_1000,S1-281912479,S2,US,selective_v2_compact,0,10,6,1,2,0,0,4,0,2,0.010467077999805952,28,0,0,8,159,159,0.010930203000043548,0,159,159,159,76,1,1,60,1,0,0.017195700000002034
s1_1000,S1-281912479,S3,US,selective_v2_compact,0,10,1,1,1,0,3,9,1,7,0.022562395999784712,28,0,3,18,231,213,0.023100405000036517,1,214,213,214,84,1,1,60,3,1,0.04694761100006417
s1_1000,S1-30134334,S2,India,selective_v2_compact,0,10,0,0,2,0,22,10,2,6,0.05251099800000247,91,10,32,23,218,138,0.0534779790000357,0,188,188,188,80,1,1,60,0,0,0.09193446400001903
s1_1000,S1-30134334,S3,India,selective_v2_compact,0,10,0,0,0,0,18,10,2,8,0.0730283689999851,91,10,28,23,224,107,0.07409030599990274,2,168,166,168,77,1,1,60,3,2,0.10797910700000557
s1_1000,S1-773391278,S2,India,selective_v2_compact,0,10,3,1,2,0,30,7,0,5,0.023976673000220217,105,10,40,15,249,190,0.0250326650000261,5,223,223,228,84,1,1,60,1,5,0.04311936300007346
s1_1000,S1-773391278,S3,India,selective_v2_compact,0,10,4,1,0,0,29,6,0,6,0.012986952000005658,105,6,35,13,206,172,0.01401148499996907,11,197,197,208,99,1,1,60,1,11,0.03374415400003272
s1_1000,S1-967399237,S2,US,selective_v2_compact,0,8,4,1,1,2,4,4,0,3,0.010367322999968565,15,1,5,8,286,218,0.010654818000034538,67,285,218,285,107,1,1,60,1,49,0.03782549899995047
s1_1000,S1-967399237,S3,US,selective_v2_compact,0,7,0,1,0,2,3,7,1,6,0.007773939999879076,15,3,6,14,190,169,0.00803281399998923,77,176,169,246,146,1,1,60,4,45,0.03025746099990556
s1_1000,S1-100309770,S2,US,selective_v2_compact,0,10,2,1,0,0,4,8,0,8,0.003496857000300224,36,1,5,16,242,227,0.004119334000051822,0,227,227,227,79,1,1,60,3,0,0.034211691999985305
s1_1000,S1-100309770,S3,US,selective_v2_compact,0,10,2,1,1,0,4,8,0,7,0.003494124999747328,36,1,5,16,218,218,0.004028414999993402,0,218,218,218,82,1,1,60,0,0,0.027819154000098933
s1_1000,S1-727603875,S2,India,selective_v2_compact,0,10,3,1,0,0,28,7,0,7,0.012600535000046875,91,3,31,14,165,162,0.013485763999938172,0,162,162,162,81,1,1,60,1,0,0.034144485000069835
s1_1000,S1-727603875,S3,India,selective_v2_compact,0,10,2,1,0,0,25,8,1,7,0.28042661699998916,91,3,28,16,232,218,0.2814931110000316,1,219,218,219,79,1,1,60,3,1,0.3168089550000559
s1_1000,S1-415493702,S2,India,selective_v2_compact,0,10,6,1,0,0,36,4,0,4,0.01644306899993353,91,10,46,9,169,166,0.0171692769999936,8,167,166,174,61,1,1,60,1,8,0.025978308000048855
s1_1000,S1-415493702,S3,India,selective_v2_compact,0,10,3,1,0,0,39,7,1,6,0.013394102000120256,91,6,45,15,195,166,0.014147765999950934,10,172,172,182,85,1,1,60,5,10,0.030219152999961807
s1_1000,S1-456974070,S2,US,selective_v2_compact,0,10,2,1,1,0,6,8,0,7,0.006621344999985013,36,1,7,17,176,150,0.007110181000030025,1,163,162,163,79,1,1,60,2,1,0.01973742300003778
s1_1000,S1-456974070,S3,US,selective_v2_compact,0,10,0,1,1,0,6,10,1,8,0.009721538999883705,36,1,7,21,229,202,0.010251111999991736,0,218,218,218,96,1,1,60,1,0,0.031019338999954016
s1_1000,S1-461883442,S2,US,selective_v2_compact,0,10,5,1,0,0,7,5,0,5,0.01192166799989991,28,1,8,10,230,220,0.012335862999975689,2,222,220,222,77,1,1,60,4,2,0.021048158000098738
s1_1000,S1-461883442,S3,US,selective_v2_compact,0,10,1,1,0,0,7,9,2,7,0.0162578490001124,28,1,8,18,186,161,0.016660002999969947,3,163,161,164,105,1,1,60,3,3,0.035015157999964686
s1_1000,S1-141200697,S2,US,selective_v2_compact,0,10,5,1,2,0,5,5,0,3,0.008733080000070004,45,3,8,12,197,163,0.009343452000052821,0,194,194,194,94,1,1,60,1,0,0.02126845099996899
s1_1000,S1-141200697,S3,US,selective_v2_compact,0,10,4,1,0,0,12,6,1,5,0.012366896000116867,45,6,18,13,265,249,0.012902480999969157,1,257,256,257,97,1,1,60,2,1,0.04601620799996908
s1_1000,S1-531476391,S2,US,selective_v2_compact,0,10,3,1,0,0,6,7,0,7,0.01174783099997967,28,3,9,14,267,249,0.012175009000088721,1,250,249,250,77,1,1,60,2,1,0.052509808999957386
s1_1000,S1-531476391,S3,US,selective_v2_compact,0,10,3,1,0,0,7,7,0,7,0.013159301000200685,28,3,10,14,188,169,0.0135526280000704,1,170,169,170,83,1,1,60,3,1,0.03160923099994761
s1_1000,S1-841216992,S2,India,selective_v2_compact,0,10,0,0,8,0,1,10,1,1,0.0933824469997262,55,3,4,22,90,78,0.09416936100001294,0,90,90,90,56,0,0,56,0,0,0.09897359799992955
s1_1000,S1-841216992,S3,India,selective_v2_compact,0,10,0,0,1,0,3,10,1,8,0.17704927000033877,55,1,4,22,34,12,0.1778150639999012,0,20,20,20,20,0,0,20,1,0,0.17927700900008858
s1_1000,S1-195655668,S2,US,selective_v2_compact,0,10,0,0,3,0,7,10,0,7,0.0035704509997458445,36,3,10,22,128,108,0.004027134000011756,0,118,118,118,90,1,1,60,1,0,0.028531355000041003
s1_1000,S1-195655668,S3,US,selective_v2_compact,0,10,0,0,4,0,7,10,1,5,0.002920122999967134,36,3,10,22,39,28,0.0033396999999695254,0,34,34,34,34,0,0,34,0,0,0.011352785999974913
s1_1000,S1-915817127,S2,US,selective_v2_compact,0,10,0,0,5,0,2,10,0,5,0.0015254570001843604,28,0,2,22,280,21,0.0019259959999544662,2,258,256,258,85,1,1,60,4,2,0.012773429000048964
s1_1000,S1-915817127,S3,US,selective_v2_compact,0,10,0,0,0,0,3,10,0,10,0.0023199870004191325,28,3,6,22,304,38,0.0027080600000317645,3,262,259,262,109,1,1,60,2,3,0.014653933999966284
s1_1000,S1-221516828,S2,India,selective_v2_compact,0,10,4,1,0,0,10,6,0,6,0.0035230019999517026,66,15,25,14,204,175,0.004201002999934644,0,183,183,183,78,1,1,60,3,0,0.01317988100004186
s1_1000,S1-221516828,S3,India,selective_v2_compact,0,10,4,1,1,0,12,6,0,5,0.0029230950000282974,66,10,22,14,168,155,0.003611464999949021,1,157,156,157,72,1,1,60,1,1,0.01125336799998422
s1_1000,S1-858438273,S2,India,selective_v2_compact,0,10,2,1,4,0,14,8,0,4,0.05276295000010123,78,28,42,17,198,176,0.05340482600001906,2,187,185,187,80,1,1,60,0,2,0.06864346999998361
s1_1000,S1-858438273,S3,India,selective_v2_compact,0,10,5,1,0,0,22,5,0,5,0.005160775999911493,78,21,43,11,240,211,0.005771453000079418,8,226,218,226,77,1,1,60,2,8,0.01631634800003212
s1_1000,S1-879419565,S2,US,selective_v2_compact,0,10,0,0,0,0,7,10,1,9,0.015041547999999239,28,1,8,22,164,129,0.015428295000106118,1,139,138,139,63,1,1,60,1,1,0.02328954300003261
s1_1000,S1-879419565,S3,US,selective_v2_compact,0,10,4,1,0,0,7,6,0,6,0.012592992999998387,28,1,8,14,221,152,0.012962445999960437,1,181,180,181,78,1,1,60,3,1,0.02176365499997246
s1_1000,S1-783804493,S2,India,selective_v2_compact,0,10,4,1,0,0,16,6,0,6,0.04383528199991815,55,6,22,13,194,169,0.04445426500001304,2,180,178,180,80,1,1,60,4,2,0.06171361200006231
s1_1000,S1-783804493,S3,India,selective_v2_compact,0,10,0,0,0,0,16,10,2,8,0.06262060099993505,55,3,19,21,168,119,0.06326117400010389,1,128,127,128,76,1,1,60,3,1,0.09038733900001716
s1_1000,S1-468160746,S2,US,selective_v2_compact,0,10,0,0,4,1,2,10,1,5,0.008607334000089395,15,0,2,21,225,109,0.008932963000006566,48,219,171,219,103,1,1,60,0,43,0.017526533000022937
s1_1000,S1-468160746,S3,US,selective_v2_compact,0,10,0,0,0,1,2,10,2,8,0.008947346000013567,15,0,2,21,101,33,0.009197696999990512,59,90,89,148,113,1,1,60,1,41,0.01521920000004684
s1_1000,S1-431232660,S2,India,selective_v2_compact,0,10,4,1,0,0,28,6,0,6,0.02300565800021559,66,10,38,13,211,199,0.023528313000042544,1,202,201,202,111,1,1,60,1,1,0.04843121300007169
s1_1000,S1-431232660,S3,India,selective_v2_compact,0,10,7,1,0,0,32,3,0,3,0.0173529310000049,55,6,38,6,173,172,0.01769072500007951,1,173,172,173,96,1,1,60,0,1,0.03739058900009695
s1_1000,S1-158405639,S2,US,selective_v2_compact,0,10,0,0,1,0,3,10,0,9,0.006143821000136995,28,0,3,20,94,81,0.0065581000000065615,0,81,81,81,52,0,0,52,1,0,0.015825660000018615
s1_1000,S1-158405639,S3,US,selective_v2_compact,0,10,0,0,3,0,3,10,0,7,0.007054806999917673,28,0,3,20,108,102,0.007480065999970975,0,102,102,102,72,1,1,60,0,0,0.027254785999957676
s1_1000,S1-899768413,S2,India,selective_v2_compact,0,10,2,1,0,0,25,8,1,7,0.14291331399999763,66,10,35,16,242,232,0.14350919499997872,1,233,232,233,104,1,1,60,2,1,0.17801659199994901
s1_1000,S1-899768413,S3,India,selective_v2_compact,0,10,4,1,1,0,20,6,0,5,0.3252249900000379,66,10,30,12,185,183,0.3259032280000156,0,183,183,183,79,1,1,60,1,0,0.34346423499994216
s1_1000,S1-421253980,S2,India,selective_v2_compact,0,10,0,0,2,0,12,10,1,7,0.05396154399988973,55,3,15,22,149,69,0.05459957699997631,0,138,138,138,85,1,1,60,0,0,0.06347587999994175
s1_1000,S1-421253980,S3,India,selective_v2_compact,0,10,0,0,0,0,11,10,2,8,0.08750691199986704,55,3,14,22,125,51,0.08815816899993933,1,99,98,99,79,1,1,60,2,1,0.09500888100001248
s1_1000,S1-700204880,S2,US,selective_v2_compact,0,10,4,1,0,0,6,6,1,5,0.01314173500020388,36,0,6,13,412,178,0.013682979999998679,0,395,395,395,105,1,1,60,2,0,0.029266270999983135
s1_1000,S1-700204880,S3,US,selective_v2_compact,0,10,4,1,0,0,6,6,1,5,0.013360003999878245,36,0,6,13,462,203,0.013902802000075098,0,441,441,441,103,1,1,60,2,0,0.03168693299994629
s1_1000,S1-273482307,S2,US,selective_v2_compact,0,10,0,0,2,0,11,10,1,7,0.006501672000013059,45,0,11,23,256,59,0.007041065999942475,1,240,239,240,111,1,1,60,1,1,0.02555690899998808
s1_1000,S1-273482307,S3,US,selective_v2_compact,0,10,0,0,4,0,11,10,1,5,0.006858107000084601,45,0,11,23,293,76,0.007454488999997011,0,272,272,272,119,1,1,60,1,0,0.029985710000005383
s1_1000,S1-614569190,S2,US,selective_v2_compact,0,10,2,1,0,0,20,8,2,6,0.01590072199996939,55,6,26,16,171,163,0.01640684799997416,28,165,163,191,118,1,1,60,1,28,0.034501409000085914
s1_1000,S1-614569190,S3,US,selective_v2_compact,0,10,2,1,0,0,20,8,2,6,0.01724535100004232,55,6,26,16,175,158,0.01775999199992384,40,159,158,198,125,1,1,60,2,40,0.02988737399994079
s1_1000,S1-177222339,S2,India,selective_v2_compact,0,10,1,1,0,0,22,9,2,7,0.019101875000046675,66,3,25,19,229,188,0.019779119000077117,1,210,209,210,95,1,1,60,1,1,0.056056322000017644
s1_1000,S1-177222339,S3,India,selective_v2_compact,0,10,6,1,0,0,18,4,0,4,0.010847851999983504,66,3,21,9,191,158,0.011546819000045616,2,184,182,184,88,1,1,60,3,2,0.020111816000053295
s1_1000,S1-762724009,S2,India,selective_v2_compact,0,10,3,1,0,0,25,7,0,7,0.007229703999882986,91,15,40,14,156,150,0.008013425000058305,6,150,150,156,80,1,1,60,1,6,0.03295319299991206
s1_1000,S1-762724009,S3,India,selective_v2_compact,0,10,2,1,1,0,29,8,1,6,0.16483543599997574,91,6,35,16,200,199,0.16581175900000744,12,199,199,211,91,1,1,60,0,12,0.20127883899999688
s1_1000,S1-167019398,S2,US,selective_v2_compact,0,10,0,1,2,0,0,10,0,8,0.006980884999961745,21,1,1,23,302,168,0.007405388000051971,0,275,275,275,116,1,1,60,3,0,0.02898689899996043
s1_1000,S1-167019398,S3,US,selective_v2_compact,0,10,0,1,3,0,0,10,0,7,0.00636111999995137,21,1,1,23,326,186,0.006780434000006608,0,293,293,293,119,1,1,60,0,0,0.039607579999938025
s1_1000,S1-321797136,S2,India,selective_v2_compact,0,10,2,1,1,0,27,8,1,6,0.021213905000081468,91,21,48,16,158,151,0.021956958999908238,4,155,151,155,80,1,1,60,1,4,0.03902557699996123
s1_1000,S1-321797136,S3,India,selective_v2_compact,0,10,6,1,0,0,32,4,0,4,0.01781664300006014,91,15,47,8,177,176,0.018495084999926803,0,176,176,176,77,1,1,60,0,0,0.026948852000032275
s1_1000,S1-514299264,S2,US,selective_v2_compact,0,10,0,0,3,0,0,10,1,6,0.004448477999858369,21,0,0,22,82,3,0.004800771999953213,0,62,62,62,48,0,0,48,2,0,0.008257741999955215
s1_1000,S1-514299264,S3,US,selective_v2_compact,0,10,0,0,0,0,0,10,1,9,0.005457781999552935,21,0,0,22,73,2,0.00583697599995503,0,60,60,60,48,0,0,48,1,0,0.009321239999962927
s1_1000,S1-387363895,S2,US,selective_v2_compact,0,10,0,0,0,0,6,10,0,10,0.010995059000151741,28,1,7,22,218,76,0.011371925999924315,2,169,167,169,95,1,1,60,2,2,0.020820585999899777
s1_1000,S1-387363895,S3,US,selective_v2_compact,0,10,0,0,1,0,6,10,0,9,0.011680866000006063,28,1,7,22,224,78,0.012066840999978012,2,179,177,179,96,1,1,60,2,2,0.021074359999943226
s1_1000,S1-48122097,S2,US,selective_v2_compact,0,10,0,0,1,0,0,10,0,9,0.00600328999996691,15,0,0,20,62,55,0.006273713000041425,1,56,55,56,56,0,0,56,1,1,0.014036470000064583
s1_1000,S1-48122097,S3,US,selective_v2_compact,0,10,0,0,0,0,0,10,0,10,0.006431586999838146,15,0,0,20,68,57,0.006709683000053701,1,58,57,58,58,0,0,58,1,1,0.014712715999962711
s1_1000,S1-403142081,S2,US,selective_v2_compact,0,8,0,0,1,2,4,8,0,7,0.007266436000236354,15,1,5,17,337,101,0.007565263999936178,94,270,268,362,136,1,1,60,1,44,0.02132304999997814
s1_1000,S1-403142081,S3,US,selective_v2_compact,0,8,0,0,0,2,4,8,0,8,0.009205975999975635,15,1,5,17,363,120,0.009495967000020755,95,302,302,397,138,1,1,60,0,44,0.025100472999952217
s1_1000,S1-756082596,S2,India,selective_v2_compact,0,10,0,0,0,0,5,10,0,10,0.0033931369999891103,36,3,8,22,35,12,0.003811038999970151,1,15,14,15,15,0,0,15,2,1,0.005010212999991381
s1_1000,S1-756082596,S3,India,selective_v2_compact,0,10,0,0,1,0,5,10,2,7,0.00495232700006909,36,0,5,22,23,12,0.005377844000008736,1,14,13,14,14,0,0,14,2,1,0.0064275560000623955
s1_1000,S1-455236690,S2,India,selective_v2_compact,0,10,2,1,1,3,10,8,2,5,0.010630498000182342,28,3,13,17,193,158,0.010956125000006978,0,183,183,183,86,1,1,60,0,0,0.033898397000029945
s1_1000,S1-455236690,S3,India,selective_v2_compact,0,9,0,0,0,5,11,9,3,6,0.15850338399980046,28,3,14,19,161,109,0.15881147400000373,0,146,146,146,93,1,1,60,2,0,0.16587960399999702
s1_1000,S1-323308288,S2,India,selective_v2_compact,0,10,6,1,0,0,42,4,0,4,0.02016085499997189,91,10,52,8,252,249,0.020850924000001214,12,249,249,261,93,1,1,60,1,12,0.05582149800000025
s1_1000,S1-323308288,S3,India,selective_v2_compact,0,10,6,1,0,0,38,4,0,4,0.018415343000015127,91,10,48,8,208,208,0.019119209999985287,9,208,208,217,87,1,1,60,2,9,0.05058679800004029
s1_1000,S1-318532201,S2,US,selective_v2_compact,0,10,0,0,4,0,1,10,0,6,0.003689704000180427,36,0,1,20,64,44,0.004283443000076659,1,45,44,45,40,0,0,40,2,1,0.014004337000073974
s1_1000,S1-318532201,S3,US,selective_v2_compact,0,10,0,1,2,0,2,10,0,8,0.007139045000144506,36,1,3,20,274,254,0.007758581000075537,1,255,254,255,109,1,1,60,1,1,0.05231428699994467
s1_1000,S1-149793766,S2,India,selective_v2_compact,0,10,0,0,2,0,9,10,3,5,0.012644677000025695,120,0,9,23,35,19,0.014185837000013635,1,28,28,29,29,0,0,29,1,1,0.016282731000046624
s1_1000,S1-149793766,S3,India,selective_v2_compact,0,10,4,1,0,0,5,6,0,6,0.01700013399999989,120,0,5,15,177,158,0.018656825999983084,8,162,161,169,47,0,0,47,1,8,0.03085163299999749
s1_1000,S1-654838535,S2,US,selective_v2_compact,0,10,0,0,0,0,5,10,0,10,0.0026728090001597593,28,1,6,21,64,24,0.003016849000005095,0,52,52,52,52,0,0,52,2,0,0.009004242000060003
s1_1000,S1-654838535,S3,US,selective_v2_compact,0,10,0,0,0,0,5,10,0,10,0.0028887989998338526,28,1,6,21,77,25,0.0032438530000717947,1,59,58,59,59,0,0,59,1,1,0.008185843999967801
s1_1000,S1-867508332,S2,US,selective_v2_compact,0,10,0,0,2,0,3,10,0,8,0.010376974999985578,21,0,3,22,318,38,0.010717380000073717,1,278,277,278,101,1,1,60,3,1,0.02316319999999905
s1_1000,S1-867508332,S3,US,selective_v2_compact,0,10,0,0,1,0,3,10,0,9,0.010810967999873355,21,0,3,22,315,55,0.01115613999991183,2,283,281,283,103,1,1,60,1,2,0.02568189099997653
s1_1000,S1-181933717,S2,US,selective_v2_compact,0,10,6,1,0,0,7,4,0,4,0.007377434000090943,28,1,8,8,166,156,0.007745343999999932,4,160,156,160,58,0,0,58,3,4,0.014212135999969178
s1_1000,S1-181933717,S3,US,selective_v2_compact,0,10,1,1,0,0,6,9,2,7,0.02439254000000801,28,1,7,18,264,248,0.02484439099998781,1,249,248,249,94,1,1,60,2,1,0.0831818750000366
s1_1000,S1-492734844,S2,US,selective_v2_compact,0,10,5,1,0,0,4,5,0,5,0.024516024000149628,28,0,4,10,233,216,0.02498390699997799,1,217,216,217,42,0,0,42,4,1,0.04811445400002867
s1_1000,S1-492734844,S3,US,selective_v2_compact,0,10,1,1,0,0,5,9,1,8,0.011680841999918812,28,0,5,19,256,190,0.012125293000053716,1,245,244,245,82,1,1,60,3,1,0.050107994000086364
s1_1000,S1-412918045,S2,US,selective_v2_compact,0,10,2,1,1,0,5,8,0,7,0.008345141999939187,36,1,6,16,185,182,0.008909260999985236,171,182,182,353,138,1,1,60,1,42,0.04408852400001706
s1_1000,S1-412918045,S3,US,selective_v2_compact,0,10,3,1,0,0,7,7,1,6,0.008330063000016708,36,3,10,14,176,166,0.008828086999983498,165,167,166,331,136,1,1,60,3,43,0.032547509999972135
s1_1000,S1-130795020,S2,US,selective_v2_compact,0,10,3,1,4,0,3,7,0,3,0.004618481999841606,28,1,4,14,160,160,0.005070986000077937,0,160,160,160,78,1,1,60,0,0,0.03254388300001665
s1_1000,S1-130795020,S3,US,selective_v2_compact,0,10,3,1,0,0,3,7,0,7,0.004999330000032387,28,1,4,14,203,192,0.005496526000001722,0,192,192,192,76,1,1,60,4,0,0.03451013299991246
s1_1000,S1-818732511,S2,India,selective_v2_compact,0,10,6,1,0,0,46,4,0,4,0.013458848000027501,120,15,61,8,177,175,0.014346262000003662,0,175,175,175,86,1,1,60,1,0,0.02314341599992531
s1_1000,S1-818732511,S3,India,selective_v2_compact,0,10,6,1,0,0,44,4,0,4,0.014577185999883113,120,10,54,8,173,172,0.015556478999997125,0,172,172,172,88,1,1,60,1,0,0.023909112999945137
s1_1000,S1-966769496,S2,India,selective_v2_compact,0,10,3,1,0,0,14,7,2,5,0.25478932200019244,78,3,17,15,219,211,0.2557343020000644,0,214,214,214,77,1,1,60,3,0,0.29074460599997565
s1_1000,S1-966769496,S3,India,selective_v2_compact,0,10,0,0,2,0,8,10,2,6,0.024715396000033252,78,0,8,21,63,46,0.025715875999935633,1,49,49,50,44,0,0,44,2,1,0.035209981999969386
s1_1000,S1-604234644,S2,India,selective_v2_compact,0,10,0,0,0,0,8,10,2,8,0.012785294000082104,45,0,8,21,185,135,0.013437275999990561,1,167,166,167,107,1,1,60,1,1,0.03078422499993394
s1_1000,S1-604234644,S3,India,selective_v2_compact,0,10,0,1,0,0,2,10,1,9,0.02103171800013115,45,0,2,22,288,180,0.021741835999932846,0,253,253,253,90,1,1,60,3,0,0.056859176999978445
s1_1000,S1-970543893,S2,US,selective_v2_compact,0,10,0,0,7,0,1,10,0,3,0.0033481570000049032,21,0,1,21,94,91,0.003689800999950421,0,92,92,92,60,1,0,60,0,0,0.026361933999965004
s1_1000,S1-970543893,S3,US,selective_v2_compact,0,10,0,0,4,0,1,10,0,6,0.003524749000121119,21,0,1,22,154,93,0.0038964120000173352,0,148,148,148,79,1,1,60,0,0,0.0329488139999512
s1_1000,S1-753418700,S2,India,selective_v2_compact,0,10,0,0,0,0,26,10,1,9,0.028829064999968068,120,3,29,23,161,67,0.030188064999947528,2,116,114,116,62,1,1,60,3,2,0.03615837399991051
s1_1000,S1-753418700,S3,India,selective_v2_compact,0,10,0,0,0,0,24,10,1,9,0.04247066399977939,120,1,25,23,139,48,0.04385663300001852,0,107,107,107,62,1,1,60,2,0,0.05123461000005136
s1_1000,S1-143815498,S2,US,selective_v2_compact,0,10,1,1,0,0,3,9,1,8,0.017562443999850075,28,0,3,20,399,201,0.01807356599999821,0,370,370,370,114,1,1,60,2,0,0.0545332410000583
s1_1000,S1-143815498,S3,US,selective_v2_compact,0,10,1,1,0,0,3,9,1,8,0.018719034000241663,28,0,3,20,464,228,0.019245050999984414,0,435,435,435,112,1,1,60,3,0,0.06106567899996662
s1_1000,S1-405331834,S2,US,selective_v2_compact,0,10,0,0,0,0,7,10,1,9,0.01238638000006631,28,1,8,22,393,57,0.012778742000023158,1,316,315,316,105,1,1,60,0,1,0.02613985799996499
s1_1000,S1-405331834,S3,US,selective_v2_compact,0,10,0,0,0,0,7,10,1,9,0.013214942999866253,28,1,8,20,160,143,0.013619592999930319,0,143,143,143,100,1,1,60,2,0,0.03136680099999012
s1_1000,S1-479745393,S2,US,selective_v2_compact,0,10,2,1,0,0,4,8,0,8,0.006547997000097894,21,1,5,17,282,209,0.0069153170001072795,1,252,251,252,103,1,1,60,4,1,0.03896766499997284
s1_1000,S1-479745393,S3,US,selective_v2_compact,0,10,2,1,0,0,4,8,0,8,0.008583448999957,21,1,5,17,301,219,0.008959172999993825,1,262,261,262,108,1,1,60,2,1,0.04600813299998663
s1_1000,S1-427745320,S2,US,selective_v2_compact,0,10,0,0,1,0,5,10,0,9,0.023934502000088287,28,0,5,21,271,112,0.024364367999964998,0,239,239,239,117,1,1,60,1,0,0.03854922899995472
s1_1000,S1-427745320,S3,US,selective_v2_compact,0,10,0,1,0,0,5,10,0,10,0.025461352999968767,28,0,5,21,303,163,0.025935764999985622,1,277,276,277,115,1,1,60,2,1,0.05221836500004429
s1_1000,S1-878238472,S2,US,selective_v2_compact,0,10,0,1,0,0,6,10,2,8,0.0211629229997925,28,3,9,20,221,209,0.021580942000014147,2,211,209,211,98,1,1,60,1,2,0.06781361200000902
s1_1000,S1-878238472,S3,US,selective_v2_compact,0,10,5,1,0,3,10,5,0,5,0.022189754999885736,28,3,13,10,175,168,0.02250593500002651,1,169,168,169,86,1,1,60,1,1,0.029528877999950964
s1_1000,S1-177242080,S2,India,selective_v2_compact,0,10,1,1,0,0,28,9,0,9,0.01543106099995839,78,21,49,20,281,246,0.016021257000033984,1,260,259,260,98,1,1,60,1,1,0.05487084300000333
s1_1000,S1-177242080,S3,India,selective_v2_compact,0,10,1,1,0,0,36,9,1,8,0.014914861000079327,78,10,46,20,197,168,0.015501731999961521,0,176,176,176,79,1,1,60,3,0,0.0369857809999985
s1_1000,S1-514524433,S2,US,selective_v2_compact,0,10,2,1,0,0,1,8,0,8,0.005013299000097504,21,0,1,18,235,160,0.005431889999954365,1,192,191,192,59,0,0,59,1,1,0.040994833000013386
s1_1000,S1-514524433,S3,US,selective_v2_compact,0,10,0,0,0,0,1,10,1,9,0.005587171999991369,21,0,1,21,83,30,0.005919636000044193,1,74,73,74,70,1,1,60,1,1,0.009409374000028947
s1_1000,S1-368975208,S2,US,selective_v2_compact,0,10,0,0,0,0,9,10,0,10,0.011047027000017806,36,1,10,21,144,79,0.011501448999979402,4,102,98,102,77,1,1,60,1,4,0.023597475000087798
s1_1000,S1-368975208,S3,US,selective_v2_compact,0,10,0,0,0,0,9,10,0,10,0.01269157699994139,36,1,10,21,180,90,0.013152782000020125,6,118,112,118,76,1,1,60,3,6,0.03010408800003006
s1_1000,S1-416368005,S2,India,selective_v2_compact,0,10,3,1,0,0,29,7,0,7,0.012361301000282765,91,6,35,16,236,177,0.01324808899994423,0,207,207,207,83,1,1,60,1,0,0.03200302300001567
s1_1000,S1-416368005,S3,India,selective_v2_compact,0,10,3,1,0,0,27,7,0,7,0.010261530000093444,91,3,30,16,271,230,0.011250947999997152,0,256,256,256,93,1,1,60,2,0,0.04868597899996985
s1_1000,S1-774688070,S2,US,selective_v2_compact,0,10,0,0,3,0,9,10,3,4,0.010539870999878076,55,1,10,21,108,48,0.011213336000082563,1,101,100,101,78,1,1,60,2,1,0.015787191000072198
s1_1000,S1-774688070,S3,US,selective_v2_compact,0,10,3,1,0,0,14,7,1,6,0.008640745999855426,55,3,17,14,191,187,0.00927075300000979,1,188,187,188,101,1,1,60,2,1,0.03510051800003566
s1_1000,S1-154389957,S2,US,selective_v2_compact,0,10,0,0,0,0,0,10,0,10,0.00501777600004516,15,0,0,20,121,102,0.005333746000019346,1,103,102,103,59,0,0,59,1,1,0.014069097000060538
s1_1000,S1-154389957,S3,US,selective_v2_compact,0,10,0,0,0,0,0,10,0,10,0.005223206999971808,15,0,0,20,132,108,0.0055218480000576164,1,109,108,109,56,0,0,56,3,1,0.014444268000033844
s1_1000,S1-619997739,S2,US,selective_v2_compact,0,10,6,1,0,0,8,4,0,4,0.018677267000043685,28,1,9,8,170,166,0.019026311999937207,2,168,166,168,112,1,1,60,2,2,0.03552426600003855
s1_1000,S1-619997739,S3,US,selective_v2_compact,0,10,6,1,0,0,8,4,0,4,0.021342580999998972,28,1,9,8,204,200,0.0217240850000735,2,202,200,202,113,1,1,60,3,2,0.046523076000084984
s1_1000,S1-337076534,S2,India,selective_v2_compact,0,10,3,1,0,0,6,7,0,7,0.04312454500006879,55,15,21,14,210,191,0.043757087000017236,2,193,191,193,103,1,1,60,2,2,0.08620214699999451
s1_1000,S1-337076534,S3,India,selective_v2_compact,0,10,3,1,0,0,12,7,0,7,0.04392627199990784,55,10,22,15,283,199,0.0445456559999684,1,253,252,253,110,1,1,60,5,1,0.07777225800009546
s1_1000,S1-107342523,S2,US,selective_v2_compact,0,10,0,1,1,0,3,10,2,7,0.01227222999989408,21,1,4,20,184,155,0.012652519999960532,46,165,155,201,116,1,1,60,0,45,0.05176516599999559
s1_1000,S1-107342523,S3,US,selective_v2_compact,0,10,1,1,0,0,3,9,2,7,0.011172727000030136,21,1,4,18,189,163,0.01153902599992307,40,172,163,203,106,1,1,60,3,40,0.04746611199993822
s1_1000,S1-996331863,S2,US,selective_v2_compact,0,10,0,0,2,0,1,10,0,8,0.003449424999871553,15,0,1,21,213,101,0.0037437639999780004,1,200,199,200,111,1,1,60,1,1,0.019067801000005602
s1_1000,S1-996331863,S3,US,selective_v2_compact,0,10,0,0,3,0,1,10,0,7,0.00376323200009665,15,0,1,21,235,120,0.00406780000002982,2,220,218,220,109,1,1,60,2,2,0.02744453100001465
s1_1000,S1-218396099,S2,India,selective_v2_compact,0,10,0,1,0,0,41,10,1,9,0.0164015160002009,120,28,69,20,187,171,0.017241280000007464,0,171,171,171,93,1,1,60,2,0,0.0578980310000361
s1_1000,S1-218396099,S3,India,selective_v2_compact,0,10,0,0,0,0,45,10,1,9,0.016186601000072187,120,21,66,20,143,136,0.01705627599994841,2,138,136,138,86,1,1,60,2,2,0.03790767999998934
s1_1000,S1-278891792,S2,India,selective_v2_compact,0,10,5,1,0,0,29,5,0,5,0.008704516999728185,120,6,35,10,185,166,0.009919264000018302,3,169,166,169,98,1,1,60,5,3,0.021550240999999914
s1_1000,S1-278891792,S3,India,selective_v2_compact,0,10,2,1,0,0,21,8,0,8,0.015335097000161113,120,3,24,16,248,238,0.016754894999962744,0,238,238,238,78,1,1,60,1,0,0.04944659899990711
s1_1000,S1-167735850,S2,India,selective_v2_compact,0,10,1,1,0,0,36,9,1,8,0.03814768800032198,120,10,46,20,257,185,0.039337840000030155,0,228,228,228,98,1,1,60,1,0,0.08450574200003302
s1_1000,S1-167735850,S3,India,selective_v2_compact,0,10,0,0,0,0,32,10,1,9,0.0389169870003343,120,6,38,22,159,91,0.040170444999944266,0,129,129,129,96,1,1,60,2,0,0.06411369799991462
s1_1000,S1-10023404,S2,US,selective_v2_compact,0,10,0,0,4,0,2,10,2,4,0.0059456370000816605,21,0,2,20,87,87,0.006330841000021792,1,87,87,88,44,0,0,44,0,1,0.019359134999945127
s1_1000,S1-10023404,S3,US,selective_v2_compact,0,10,2,1,0,0,4,8,2,6,0.009311947000014698,21,1,5,16,175,165,0.0096541640000396,0,165,165,165,70,1,1,60,1,0,0.022827577999919413
s1_1000,S1-105174860,S2,US,selective_v2_compact,0,10,5,1,0,0,5,5,0,5,0.01001578500006417,28,0,5,11,204,152,0.010428498999999647,1,192,191,192,93,1,1,60,1,1,0.01797046199999386
s1_1000,S1-105174860,S3,US,selective_v2_compact,0,10,0,0,0,0,6,10,1,9,0.012714763999952083,28,0,6,21,181,125,0.013164099000050555,1,167,166,167,81,1,1,60,1,1,0.022687028000063947
s1_1000,S1-74282883,S2,US,selective_v2_compact,0,9,5,1,0,2,3,4,0,4,0.006968961999973544,15,1,4,8,161,161,0.007240301000024374,0,161,161,161,75,1,1,60,1,0,0.013560095999991972
s1_1000,S1-74282883,S3,US,selective_v2_compact,0,8,1,1,0,2,4,7,1,6,0.012576374000104806,15,1,5,14,162,151,0.012826018000055228,3,153,151,154,77,1,1,60,3,3,0.02961957800005166
s1_1000,S1-449905273,S2,India,selective_v2_compact,0,10,0,0,2,0,11,10,1,7,0.061424568999996154,36,1,12,22,94,33,0.06183623699996588,4,72,72,76,65,1,1,60,1,4,0.06593187800001488
s1_1000,S1-449905273,S3,India,selective_v2_compact,0,10,0,0,1,0,10,10,3,6,0.1172468330000811,28,1,11,21,112,58,0.11761555600003248,10,87,87,97,85,1,1,60,1,10,0.13179438299994217
s1_1000,S1-583248454,S2,US,selective_v2_compact,0,10,0,0,5,0,4,10,0,5,0.018455126999811,28,0,4,21,374,107,0.018974641999989217,1,338,337,338,80,1,1,60,1,1,0.04804721099992548
s1_1000,S1-583248454,S3,US,selective_v2_compact,0,10,2,1,1,0,5,8,0,7,0.02091879600016,28,0,5,16,235,217,0.021407950000025266,1,218,217,218,101,1,1,60,1,1,0.05654807299993081
s1_1000,S1-380737728,S2,India,selective_v2_compact,0,10,0,0,0,0,6,10,1,9,0.01638018899996041,28,1,7,21,205,132,0.016798762999997052,1,178,177,178,92,1,1,60,1,1,0.026102922999939437
s1_1000,S1-380737728,S3,India,selective_v2_compact,0,10,0,0,0,0,6,10,0,10,0.006598929000119824,28,0,6,22,259,95,0.007024575999935223,1,187,186,187,96,1,1,60,1,1,0.01792658699991989
s1_1000,S1-579315496,S2,India,selective_v2_compact,0,10,0,1,0,0,27,10,1,9,0.013699609000127566,105,28,55,21,197,175,0.014567046000024675,0,184,184,184,101,1,1,60,1,0,0.046786241000063455
s1_1000,S1-579315496,S3,India,selective_v2_compact,0,10,0,0,0,0,31,10,2,8,0.013915614000211463,105,21,52,21,164,132,0.014801061000071059,2,143,141,143,93,1,1,60,3,2,0.029765557000018816
s1_1000,S1-144692554,S2,US,selective_v2_compact,0,10,3,1,1,0,5,7,1,5,0.013727875999848038,28,0,5,14,191,188,0.014162864000013542,0,188,188,188,80,1,1,60,0,0,0.03638936000004378
s1_1000,S1-144692554,S3,US,selective_v2_compact,0,10,5,1,0,0,6,5,0,5,0.013127618000112307,28,1,7,10,194,192,0.013529818000051819,0,192,192,192,78,1,1,60,2,0,0.03431444000000283
s1_1000,S1-750911675,S2,US,selective_v2_compact,0,10,1,1,0,0,3,9,0,9,0.01955661900024097,21,0,3,20,190,155,0.019910786999957963,1,166,165,166,79,1,1,60,1,1,0.03368158000000676
s1_1000,S1-750911675,S3,US,selective_v2_compact,0,10,2,1,3,0,3,8,0,5,0.0204013270000587,21,0,3,18,213,175,0.02076636200001758,3,193,190,193,79,1,1,60,1,3,0.03906412200001341
s1_1000,S1-163567129,S2,US,selective_v2_compact,0,10,0,1,1,0,8,10,1,8,0.007330266999815649,45,1,9,21,254,173,0.007979504999980236,0,239,239,239,97,1,1,60,1,0,0.04825579999999263
s1_1000,S1-163567129,S3,US,selective_v2_compact,0,10,0,1,3,0,9,10,0,7,0.011892277999777434,45,3,12,21,328,235,0.012526885999932347,0,297,297,297,117,1,1,60,3,0,0.06767475500009823
s1_1000,S1-357016874,S2,India,selective_v2_compact,0,10,2,1,0,0,11,8,0,8,0.34067504500023915,55,3,14,17,237,185,0.3414502180000909,1,208,207,208,78,1,1,60,2,1,0.373076277999985
s1_1000,S1-357016874,S3,India,selective_v2_compact,0,10,0,0,0,0,11,10,1,9,0.10546395699998357,55,3,14,21,126,83,0.10612711400005992,1,101,100,101,74,1,1,60,1,1,0.12122689399996034
s1_1000,S1-409176003,S2,US,selective_v2_compact,0,10,3,1,0,0,13,7,0,7,0.019778299999870796,36,1,14,14,235,222,0.02024917500000356,64,224,222,286,131,1,1,60,2,53,0.04929667499993684
s1_1000,S1-409176003,S3,US,selective_v2_compact,0,10,4,1,0,0,11,6,0,6,0.01363388299989765,36,3,14,12,155,151,0.014076552000005904,49,151,151,200,113,1,1,60,1,47,0.031693341999925906
s1_1000,S1-121010724,S2,US,selective_v2_compact,0,10,0,0,0,0,6,10,3,7,0.018247147999886693,28,0,6,20,138,123,0.018670748000090498,30,124,123,153,120,1,1,60,1,30,0.026979437999898437
s1_1000,S1-121010724,S3,US,selective_v2_compact,0,10,2,1,1,0,5,8,2,5,0.014628147000053104,28,1,6,16,162,150,0.015041844000052151,40,151,150,190,145,1,1,60,2,40,0.026012885000000097
s1_1000,S1-24665483,S2,India,selective_v2_compact,0,10,3,1,0,0,6,7,1,6,0.03130860000021585,120,1,7,14,181,169,0.03296302799992645,0,169,169,169,52,0,0,52,1,0,0.06431346499994106
s1_1000,S1-24665483,S3,India,selective_v2_compact,0,10,0,0,3,0,6,10,1,6,0.03257594000012887,120,0,6,21,198,139,0.034222166000063226,0,197,197,197,89,1,1,60,0,0,0.06627907500001129
s1_1000,S1-909373815,S2,US,selective_v2_compact,0,10,0,0,0,0,6,10,0,10,0.01286669100011295,28,1,7,21,286,54,0.013245290000099885,0,249,249,249,94,1,1,60,1,0,0.027585326000007626
s1_1000,S1-909373815,S3,US,selective_v2_compact,0,10,0,0,0,0,6,10,0,10,0.013507169000149588,28,1,7,21,318,71,0.013906701999985671,0,288,288,288,99,1,1,60,1,0,0.029805359999954817
s1_1000,S1-309786236,S2,US,selective_v2_compact,0,10,1,1,2,0,7,9,0,7,0.011700269000129992,55,1,8,18,217,201,0.012480484000093384,2,203,201,203,87,1,1,60,2,2,0.04104320099997949
s1_1000,S1-309786236,S3,US,selective_v2_compact,0,10,5,1,0,0,11,5,0,5,0.015287389000036455,55,3,14,10,185,176,0.015943644999993012,2,178,176,178,78,1,1,60,2,2,0.030171413999937613
s1_1000,S1-687394374,S2,US,selective_v2_compact,0,10,0,0,0,0,4,10,0,10,0.003147840999872642,36,1,5,23,266,33,0.003658323999957247,1,227,226,227,100,1,1,60,2,1,0.01913989299998775
s1_1000,S1-687394374,S3,US,selective_v2_compact,0,10,0,0,0,0,4,10,0,10,0.0030865610000319066,36,1,5,23,268,31,0.00356609700008903,2,235,233,235,96,1,1,60,2,2,0.022078843999906894
s1_1000,S1-680746477,S2,India,selective_v2_compact,0,10,3,1,1,0,38,7,2,4,0.0953355939998346,91,21,59,15,245,187,0.09593297099991105,0,243,243,243,113,1,1,60,0,0,0.1208297959999527
s1_1000,S1-680746477,S3,India,selective_v2_compact,0,10,0,0,0,0,50,10,3,7,0.054214359000070544,91,10,60,20,152,138,0.05476321799994821,1,139,138,139,88,1,1,60,4,1,0.06564616399998613
s1_1000,S1-585283089,S2,US,selective_v2_compact,0,10,0,0,0,0,0,10,0,10,0.0054564189998700385,15,0,0,20,20,2,0.005685365000090314,2,4,2,4,4,0,0,4,3,2,0.006158361000075274
s1_1000,S1-585283089,S3,US,selective_v2_compact,0,10,0,0,1,0,0,10,0,9,0.005534203000138405,15,0,0,20,14,3,0.005762328000059824,0,3,3,3,3,0,0,3,1,0,0.006109863000006044
s1_1000,S1-879203325,S2,India,selective_v2_compact,0,10,3,1,0,4,7,7,1,6,0.11983332700015126,36,10,17,15,163,150,0.12027207100004489,4,153,152,156,71,1,1,60,2,4,0.1505331229999456
s1_1000,S1-879203325,S3,India,selective_v2_compact,0,10,2,1,0,0,10,8,1,7,0.17265972299992427,36,6,16,17,231,213,0.17312109099998452,8,217,217,225,77,1,1,60,4,8,0.21259324400000423
s1_1000,S1-844761107,S2,US,selective_v2_compact,0,10,2,1,0,0,8,8,0,8,0.015299322999908327,28,1,9,16,242,238,0.01571876900004554,0,238,238,238,99,1,1,60,1,0,0.05261964999999691
s1_1000,S1-844761107,S3,US,selective_v2_compact,0,10,0,0,0,0,9,10,0,10,0.016811914999948385,28,1,10,20,139,121,0.017209826999987854,0,121,121,121,78,1,1,60,1,0,0.02760382799999661
s1_1000,S1-304946100,S2,US,selective_v2_compact,0,10,1,1,0,0,16,9,3,6,0.02198235599973941,55,1,17,18,197,188,0.02263934099994458,49,189,188,237,125,1,1,60,1,46,0.05255838399989443
s1_1000,S1-304946100,S3,US,selective_v2_compact,0,10,5,1,0,0,18,5,1,4,0.013919695999902615,55,1,19,10,162,159,0.014597704000038902,60,159,159,219,119,1,1,60,2,47,0.032121769000013956
s1_1000,S1-515747615,S2,US,selective_v2_compact,0,10,4,1,0,3,10,6,1,5,0.011566484000127275,28,3,13,13,254,217,0.011966723000000457,47,244,243,290,111,1,1,60,2,44,0.023397700000032273
s1_1000,S1-515747615,S3,US,selective_v2_compact,0,10,4,1,0,3,10,6,1,5,0.013154287000020304,28,3,13,13,271,240,0.013529213999959211,63,267,266,329,114,1,1,60,1,46,0.05660240200006683
s1_1000,S1-384966707,S2,US,selective_v2_compact,0,10,0,0,1,0,5,10,1,8,0.0032054680001465385,36,1,6,22,216,19,0.003721860000041488,1,172,171,172,81,1,1,60,3,1,0.010734160999959386
s1_1000,S1-384966707,S3,US,selective_v2_compact,0,10,0,0,3,0,5,10,1,6,0.015156492999835791,36,3,8,22,231,18,0.015631758000040463,0,216,216,216,83,1,1,60,0,0,0.024608715999988817
s1_1000,S1-744779380,S2,US,selective_v2_compact,0,10,3,1,3,0,3,7,0,4,0.03629829099986637,28,0,3,15,213,152,0.03675838300000578,1,210,209,210,119,1,1,60,1,1,0.05215973899998971
s1_1000,S1-744779380,S3,US,selective_v2_compact,0,10,3,1,2,0,3,7,0,5,0.03765431100009664,28,0,3,14,168,161,0.03810798400002113,0,161,161,161,44,0,0,44,1,0,0.05539268899997296
s1_1000,S1-894981152,S2,US,selective_v2_compact,0,10,7,1,1,0,9,3,0,2,0.012644990000012513,28,1,10,7,253,169,0.013006117000031736,1,253,252,253,120,1,1,60,0,1,0.022895816999948693
s1_1000,S1-894981152,S3,US,selective_v2_compact,0,10,5,1,1,0,10,5,0,4,0.014956188000041948,28,1,11,11,268,180,0.015324072999987948,1,255,254,255,119,1,1,60,1,1,0.03266443600000457
s1_1000,S1-599108848,S2,US,selective_v2_compact,0,10,0,0,0,0,4,10,1,9,0.01665341300019918,15,0,4,20,185,141,0.016930763000004845,24,165,141,165,87,1,1,60,2,24,0.02717965599993022
s1_1000,S1-599108848,S3,US,selective_v2_compact,0,10,0,0,0,0,4,10,1,9,0.017744175000075302,15,0,4,20,175,147,0.018019375999983822,21,168,147,168,86,1,1,60,2,21,0.0308159239999668
s1_1000,S1-265935406,S2,US,selective_v2_compact,0,10,4,1,0,0,12,6,0,6,0.020494560000088313,36,1,13,12,162,159,0.02090966599996591,1,160,159,160,99,1,1,60,1,1,0.03489970299995093
s1_1000,S1-265935406,S3,US,selective_v2_compact,0,10,4,1,0,0,12,6,0,6,0.02321558999994977,36,1,13,12,192,184,0.023643677999984902,1,185,184,185,101,1,1,60,2,1,0.046780439999906775
s1_1000,S1-384623955,S2,India,selective_v2_compact,0,10,1,1,0,0,24,9,1,8,0.08640980300015144,105,10,34,20,251,171,0.08753756600003726,0,188,188,188,62,1,1,60,2,0,0.12376287099993988
s1_1000,S1-384623955,S3,India,selective_v2_compact,0,10,1,1,0,0,22,9,0,9,0.14124403300013455,105,10,32,20,281,191,0.14239652200001274,1,223,223,224,102,1,1,60,1,1,0.1775355849999869
s1_1000,S1-642055972,S2,India,selective_v2_compact,0,10,0,0,0,0,18,10,3,7,0.0720221279997304,55,10,28,21,137,98,0.07254619000002549,0,100,100,100,82,1,1,60,2,0,0.0822746129999814
s1_1000,S1-642055972,S3,India,selective_v2_compact,0,10,0,1,1,0,16,10,2,7,0.04233091300000069,55,10,26,21,281,272,0.04295058099990001,0,274,274,274,117,1,1,60,1,0,0.09627599300006295
s1_1000,S1-841451402,S2,India,selective_v2_compact,0,10,7,1,1,0,33,3,0,2,0.006745962999843869,91,21,54,7,216,155,0.007344703000057962,0,215,215,215,79,1,1,60,1,0,0.017966088999969543
s1_1000,S1-841451402,S3,India,selective_v2_compact,0,10,4,1,0,0,32,6,0,6,0.13226122900005066,91,21,53,13,281,210,0.13294423800005006,1,266,265,266,89,1,1,60,5,1,0.17011367300005986
s1_1000,S1-909919632,S2,India,selective_v2_compact,0,10,2,1,0,0,17,8,0,8,0.050450850000174796,55,10,27,17,304,219,0.05102324699998917,1,249,248,249,115,1,1,60,1,1,0.0980917460000228
s1_1000,S1-909919632,S3,India,selective_v2_compact,0,10,2,1,0,0,18,8,0,8,0.19200863599996865,55,10,28,17,272,167,0.19256343100005324,0,197,197,197,105,1,1,60,1,0,0.2137487100000044
s1_1000,S1-364947441,S2,US,selective_v2_compact,0,10,0,0,0,1,3,10,0,10,0.014551631000131238,15,0,3,21,154,115,0.014827684000010777,0,127,127,127,81,1,1,60,3,0,0.03190939199998866
s1_1000,S1-364947441,S3,US,selective_v2_compact,0,10,3,1,0,1,3,7,0,7,0.013507440999887876,15,0,3,15,191,161,0.013804250000021057,1,176,175,176,79,1,1,60,3,1,0.035275787000045966
s1_1000,S1-431196769,S2,India,selective_v2_compact,0,10,2,1,0,0,21,8,0,8,0.06303845799993724,105,21,42,18,236,164,0.06402902499996799,1,213,212,213,78,1,1,60,3,1,0.08102746700001262
s1_1000,S1-431196769,S3,India,selective_v2_compact,0,10,0,1,0,0,24,10,0,10,0.06737050000003819,105,15,39,22,250,169,0.06840834399997675,0,221,221,221,113,1,1,60,3,0,0.09963803099992674
s1_1000,S1-939078389,S2,US,selective_v2_compact,0,10,1,1,0,0,6,9,0,9,0.013473257000100602,28,1,7,19,241,167,0.013902779999966697,4,212,208,212,112,1,1,60,2,4,0.02931776599996283
s1_1000,S1-939078389,S3,US,selective_v2_compact,0,10,3,1,1,0,6,7,0,6,0.013095303999875796,28,1,7,15,231,168,0.013504557000032946,6,216,210,216,113,1,1,60,2,6,0.02617735600006199
s1_1000,S1-804230106,S2,US,selective_v2_compact,0,10,4,1,0,0,7,6,1,5,0.01744382500021402,55,0,7,13,257,250,0.01821253200000683,1,253,252,253,80,1,1,60,1,1,0.05262460500000543
s1_1000,S1-804230106,S3,US,selective_v2_compact,0,10,0,0,0,0,8,10,2,8,0.03526116899990939,55,0,8,21,180,144,0.03602856999998494,1,151,150,151,75,1,1,60,3,1,0.046975040999996054
s1_1000,S1-81605219,S2,US,selective_v2_compact,0,10,0,0,2,0,4,10,0,8,0.009277111000074001,45,0,4,21,170,117,0.009915205999959653,0,162,162,162,86,1,1,60,1,0,0.02015109499996015
s1_1000,S1-81605219,S3,US,selective_v2_compact,0,10,1,1,0,0,8,9,1,8,0.018156887000145616,45,1,9,19,229,163,0.018758800999989944,1,214,213,214,94,1,1,60,2,1,0.04170760900001369
s1_1000,S1-669371909,S2,US,selective_v2_compact,0,10,2,1,0,0,12,8,0,8,0.02409613600002558,45,1,13,18,335,159,0.024646912999969572,0,304,304,304,117,1,1,60,2,0,0.04664445599996725
s1_1000,S1-669371909,S3,US,selective_v2_compact,0,10,3,1,0,0,12,7,0,7,0.021589795999943817,45,1,13,16,373,176,0.02218953599992801,0,344,344,344,118,1,1,60,1,0,0.048587311000005684
s1_1000,S1-722211742,S2,US,selective_v2_compact,0,10,4,1,0,0,4,6,0,6,0.01571929600004296,21,1,5,13,234,191,0.01607847600007517,0,226,226,226,106,1,1,60,1,0,0.025231442999938736
s1_1000,S1-722211742,S3,US,selective_v2_compact,0,10,4,1,0,0,4,6,0,6,0.01610176799988494,21,1,5,13,235,210,0.016458775000046444,1,230,229,230,113,1,1,60,1,1,0.025878626999997323
s1_1000,S1-344389867,S2,India,selective_v2_compact,0,10,0,0,0,0,6,10,0,10,0.00889701200003401,36,1,7,23,194,131,0.009428055999933349,3,159,156,159,80,1,1,60,1,3,0.024350248000018837
s1_1000,S1-344389867,S3,India,selective_v2_compact,0,10,6,1,0,0,6,4,0,4,0.004490402000101312,36,1,7,11,241,190,0.00498632300002555,15,222,207,222,80,1,1,60,2,15,0.031570030000011684
s1_1000,S1-245158009,S2,India,selective_v2_compact,0,10,6,1,1,0,34,4,0,3,0.005380978000061987,91,28,62,8,162,162,0.005892973999948481,0,162,162,162,118,1,1,60,1,0,0.013900648999992882
s1_1000,S1-245158009,S3,India,selective_v2_compact,0,10,7,1,1,0,45,3,0,2,0.010736733999920034,91,15,60,6,181,181,0.011280682000005982,0,181,181,181,80,1,1,60,1,0,0.019872590000090895
s1_1000,S1-20197629,S2,US,selective_v2_compact,0,10,5,1,0,1,4,5,0,5,0.010599617999901056,15,0,4,10,259,215,0.01090687499993237,42,257,215,257,95,1,1,60,1,41,0.04064751700002489
s1_1000,S1-20197629,S3,US,selective_v2_compact,0,10,2,1,0,1,4,8,1,7,0.017524269999967146,15,0,4,16,223,188,0.017829578000032598,47,189,188,235,127,1,1,60,4,41,0.041731852999987495
s1_1000,S1-207590961,S2,India,selective_v2_compact,0,10,1,1,0,0,11,9,0,9,0.07757889499976045,66,10,21,21,278,210,0.07837418700000853,1,240,239,240,86,1,1,60,3,1,0.1193397099999629
s1_1000,S1-207590961,S3,India,selective_v2_compact,0,10,0,0,0,0,13,10,1,9,0.4060545430000957,66,6,19,23,119,96,0.4068664159999571,1,104,103,104,74,1,1,60,3,1,0.41727476899995963
s1_1000,S1-526366343,S2,India,selective_v2_compact,0,10,0,0,0,0,11,10,3,7,0.04251702300018678,66,0,11,22,166,66,0.043400080999958845,1,144,143,144,86,1,1,60,2,1,0.0688043769999922
s1_1000,S1-526366343,S3,India,selective_v2_compact,0,10,0,1,0,0,8,10,1,9,0.10601265100012824,66,0,8,21,281,233,0.1069955809999783,0,270,270,270,91,1,1,60,1,0,0.1599994630000765
s1_1000,S1-949007210,S2,US,selective_v2_compact,0,10,0,0,4,0,2,10,0,6,0.01750658600008137,21,0,2,21,158,144,0.017894823000006,0,153,153,153,81,1,1,60,0,0,0.04682434699998339
s1_1000,S1-949007210,S3,US,selective_v2_compact,0,10,0,0,0,0,3,10,1,9,0.01886369700002888,21,0,3,21,84,49,0.019182699999987562,0,61,61,61,61,1,1,60,1,0,0.021979017000035128
s1_1000,S1-536563041,S2,US,selective_v2_compact,0,10,0,1,0,0,7,10,0,10,0.020820382000010795,28,1,8,23,325,199,0.021249706000048718,2,250,248,250,77,1,1,60,3,2,0.06240866999996797
s1_1000,S1-536563041,S3,US,selective_v2_compact,0,10,0,1,2,0,8,10,0,8,0.024006639999925028,28,1,9,23,294,230,0.024443635000011454,0,268,268,268,80,1,1,60,0,0,0.053865900999994665
s1_1000,S1-527878296,S2,India,selective_v2_compact,0,9,5,1,0,4,17,4,0,4,0.0107379949999995,36,6,23,8,226,226,0.011093445000028623,0,226,226,226,85,1,1,60,1,0,0.02171225699999013
s1_1000,S1-527878296,S3,India,selective_v2_compact,0,9,6,1,0,3,18,3,0,3,0.008860820999984753,36,6,24,6,194,188,0.009149374999992688,4,192,188,192,80,1,1,60,1,4,0.029051704999915273
s1_1000,S1-197999830,S2,US,selective_v2_compact,0,10,1,1,0,0,14,9,1,8,0.029159254999967743,36,1,15,18,262,249,0.029599414000017532,1,250,249,250,100,1,1,60,1,1,0.04624945499995192
s1_1000,S1-197999830,S3,US,selective_v2_compact,0,10,6,1,0,0,14,4,0,4,0.01703921800003627,36,1,15,8,162,155,0.01742553400003999,2,157,155,157,95,1,1,60,2,2,0.023873557999991135
s1_1000,S1-329046602,S2,US,selective_v2_compact,0,8,0,0,0,2,4,8,0,8,0.006773361999876215,15,1,5,17,138,121,0.007050901000070553,138,128,128,266,152,1,1,60,1,44,0.024756789999969442
s1_1000,S1-329046602,S3,US,selective_v2_compact,0,8,0,0,0,2,4,8,0,8,0.007420834000072318,15,1,5,17,156,121,0.007679521999989447,135,130,130,265,141,1,1,60,3,43,0.02372586500007401
s1_1000,S1-842422827,S2,India,selective_v2_compact,0,10,0,1,0,0,11,10,1,9,0.42589783400001124,78,28,39,22,243,184,0.4266606619999038,0,190,190,190,60,1,0,60,1,0,0.4681971060000478
s1_1000,S1-842422827,S3,India,selective_v2_compact,0,10,3,1,1,0,22,7,0,6,0.3284154939997279,78,15,37,16,203,171,0.3291450919999761,1,179,178,179,54,0,0,54,1,1,0.3553263019999804
s1_1000,S1-97576031,S2,US,selective_v2_compact,0,10,0,0,0,0,2,10,0,10,0.004010225000229184,28,0,2,20,176,111,0.004496448000054443,7,118,111,118,85,1,1,60,3,7,0.02130129299996497
s1_1000,S1-97576031,S3,US,selective_v2_compact,0,10,0,0,1,0,2,10,0,9,0.004596551999725307,28,0,2,21,226,104,0.005060259000060796,4,159,155,159,86,1,1,60,2,4,0.026211084999999912
s1_1000,S1-244663723,S2,US,selective_v2_compact,0,10,3,1,0,0,3,7,0,7,0.01966783399996075,28,0,3,14,193,177,0.020129194999981337,2,179,177,179,93,1,1,60,3,2,0.049967310000056386
s1_1000,S1-244663723,S3,US,selective_v2_compact,0,10,3,1,0,0,3,7,0,7,0.020737077000035242,28,0,3,14,223,216,0.02120593799998005,1,217,216,217,88,1,1,60,1,1,0.046834037999929023
s1_1000,S1-827192339,S2,US,selective_v2_compact,0,10,0,0,0,0,1,10,0,10,0.004043165999974008,21,0,1,23,149,72,0.00438851599994905,1,129,128,129,79,1,1,60,2,1,0.016886290999991616
s1_1000,S1-827192339,S3,US,selective_v2_compact,0,10,0,0,4,0,1,10,0,6,0.004393026999991889,21,0,1,23,153,73,0.004738866000025155,0,139,139,139,80,1,1,60,0,0,0.014230091000058565
s1_1000,S1-282340006,S2,US,selective_v2_compact,0,10,3,1,0,0,12,7,0,7,0.017795975999774782,45,1,13,15,268,191,0.01836749900007817,1,232,231,232,81,1,1,60,1,1,0.045756840000080956
s1_1000,S1-282340006,S3,US,selective_v2_compact,0,10,3,1,1,0,13,7,0,6,0.018918885000175578,45,1,14,15,247,193,0.019469646000061402,4,221,217,221,81,1,1,60,1,4,0.049215321000019685
s1_1000,S1-735626336,S2,US,selective_v2_compact,0,10,0,0,4,0,17,10,1,5,0.019370225999864488,78,3,20,23,205,95,0.02024159799998415,46,163,163,209,125,1,1,60,1,43,0.029006076999962715
s1_1000,S1-735626336,S3,US,selective_v2_compact,0,10,0,0,2,0,27,10,2,6,0.05262205300016376,78,6,33,22,228,133,0.053360832000066694,49,157,157,206,146,1,1,60,0,47,0.06540105099998073
s1_1000,S1-861072437,S2,US,selective_v2_compact,0,10,2,1,0,0,1,8,1,7,0.006524693000073967,21,1,2,17,325,216,0.0069541110000272965,1,302,301,302,78,1,1,60,2,1,0.050263512999890736
s1_1000,S1-861072437,S3,US,selective_v2_compact,0,10,2,1,0,0,1,8,1,7,0.006358595000165224,21,1,2,17,351,231,0.006809336000060284,0,328,328,328,81,1,1,60,1,0,0.04833373499991467
s1_1000,S1-150446399,S2,US,selective_v2_compact,0,10,0,0,2,0,5,10,1,7,0.007031640000036532,55,0,5,22,158,97,0.007787894999978562,2,141,139,141,84,1,1,60,3,2,0.01586645200006842
s1_1000,S1-150446399,S3,US,selective_v2_compact,0,10,0,0,0,0,10,10,2,8,0.011935250000078668,55,1,11,22,90,15,0.012582475999920462,1,70,69,70,53,0,0,53,1,1,0.01775381400000242
s1_1000,S1-446119207,S2,India,selective_v2_compact,0,10,3,1,1,0,17,7,1,5,0.1228175049999436,55,3,20,15,240,223,0.12348125799996978,0,225,225,225,65,1,1,60,1,0,0.1608766370000012
s1_1000,S1-446119207,S3,India,selective_v2_compact,0,10,0,0,0,0,15,10,2,8,0.11106280099988908,55,3,18,21,130,108,0.11174963000007665,2,112,110,112,68,1,1,60,3,2,0.12748733899991294
s1_1000,S1-63291897,S2,US,selective_v2_compact,0,10,4,1,0,1,0,6,0,6,0.02056069499997193,15,0,0,12,237,203,0.02091419999999289,31,234,203,234,90,1,1,60,1,31,0.04393484299998818
s1_1000,S1-63291897,S3,US,selective_v2_compact,0,10,7,1,0,1,0,3,0,3,0.014755394000076194,15,0,0,6,162,156,0.015051702000050682,32,158,156,188,97,1,1,60,3,32,0.02284300600001643
s1_1000,S1-312045154,S2,India,selective_v2_compact,0,10,0,0,0,0,26,10,2,8,0.24129897000000256,78,15,41,21,178,132,0.24200059300005705,2,137,135,137,84,1,1,60,3,2,0.26323227299997143
s1_1000,S1-312045154,S3,India,selective_v2_compact,0,10,0,0,0,0,27,10,3,7,0.3298277520002557,78,10,37,21,62,53,0.3305179110000154,1,54,53,54,53,0,0,53,2,1,0.348183664999965
s1_1000,S1-737773396,S2,US,selective_v2_compact,0,8,0,0,0,0,2,8,0,8,0.00783635499999491,10,0,2,16,76,48,0.00802908799994384,4,52,48,52,51,0,0,51,4,4,0.010396692999961488
s1_1000,S1-737773396,S3,US,selective_v2_compact,0,8,0,0,0,0,2,8,0,8,0.007805090000033488,10,0,2,16,83,72,0.008003508999991027,0,72,72,72,63,1,1,60,2,0,0.0120009970000865
s1_1000,S1-948556352,S2,US,selective_v2_compact,0,10,0,0,5,0,1,10,0,5,0.005097846999774447,15,0,1,21,264,138,0.0054295789999514454,0,247,247,247,119,1,1,60,0,0,0.03141592000008586
s1_1000,S1-948556352,S3,US,selective_v2_compact,0,10,1,1,2,0,1,9,0,7,0.005402833000175633,15,0,1,19,348,188,0.005755051000051026,0,334,334,334,116,1,1,60,0,0,0.038011475000075734
s1_1000,S1-973146494,S2,India,selective_v2_compact,0,10,0,1,0,0,39,10,1,9,0.026803627000163033,105,28,67,21,176,157,0.027511580000009417,0,169,169,169,102,1,1,60,0,0,0.04653928799996265
s1_1000,S1-973146494,S3,India,selective_v2_compact,0,10,0,0,0,0,35,10,2,8,0.10344161400018947,105,28,63,21,174,143,0.10416084100006628,2,157,155,157,96,1,1,60,3,2,0.12895997100008572
s1_1000,S1-126889069,S2,US,selective_v2_compact,0,10,0,0,0,0,9,10,2,8,0.01798917600024197,36,3,12,21,134,92,0.01847647199997482,3,108,105,108,90,1,1,60,1,3,0.029320005000045057
s1_1000,S1-126889069,S3,US,selective_v2_compact,0,10,0,0,0,0,9,10,2,8,0.016474564000191094,36,3,12,21,205,131,0.016934118999984094,3,157,154,157,92,1,1,60,3,3,0.027490234000083547
s1_1000,S1-742486561,S2,US,selective_v2_compact,0,10,3,1,0,0,7,7,0,7,0.0179789719998098,28,1,8,14,237,224,0.018428397999969093,3,227,224,227,83,1,1,60,1,3,0.0484653519999938
s1_1000,S1-742486561,S3,US,selective_v2_compact,0,10,4,1,1,0,8,6,0,5,0.018301998999959324,28,1,9,12,166,162,0.018677637999985564,0,162,162,162,103,1,1,60,1,0,0.03498850100004347
s1_1000,S1-523035722,S2,US,selective_v2_compact,0,10,6,1,0,0,8,4,0,4,0.009382016000017757,36,3,11,9,233,193,0.009826184000075955,2,228,226,228,81,1,1,60,1,2,0.03839883600005578
s1_1000,S1-523035722,S3,US,selective_v2_compact,0,10,6,1,0,0,5,4,0,4,0.009850357000118493,36,6,11,9,253,203,0.010342616000002636,1,240,239,240,77,1,1,60,3,1,0.02705239600004461
s1_1000,S1-901533271,S2,India,selective_v2_compact,0,10,6,1,0,0,9,4,0,4,0.003642694000063784,36,3,12,9,225,201,0.004097082999919621,0,217,217,217,77,1,1,60,2,0,0.01398593900000833
s1_1000,S1-901533271,S3,India,selective_v2_compact,0,10,6,1,0,0,9,4,0,4,0.003551336999976229,36,3,12,9,185,168,0.0040089569999963715,0,180,180,180,79,1,1,60,2,0,0.011915714999986449
s1_1000,S1-442961487,S2,US,selective_v2_compact,0,10,0,0,4,1,3,10,0,6,0.006706061000272712,15,0,3,21,161,54,0.006949239999926249,0,150,150,150,94,1,1,60,0,0,0.019074176999993142
s1_1000,S1-442961487,S3,US,selective_v2_compact,0,10,0,0,0,1,3,10,0,10,0.0072479149998798675,15,0,3,21,189,71,0.007513769999945907,1,172,171,172,106,1,1,60,1,1,0.01848869499997363
s1_1000,S1-213948267,S2,US,selective_v2_compact,0,10,3,1,3,0,5,7,1,3,0.025641392999887103,21,0,5,15,220,154,0.02596779499992863,11,220,209,220,120,1,1,60,0,11,0.03565332799996668
s1_1000,S1-213948267,S3,US,selective_v2_compact,0,10,4,1,2,0,5,6,1,3,0.02368195700000797,21,0,5,13,215,152,0.024021735000019362,11,213,202,213,119,1,1,60,0,11,0.03272109800002454
s1_1000,S1-814233542,S2,US,selective_v2_compact,0,10,1,1,2,0,3,9,0,7,0.0258385779998207,36,0,3,19,413,209,0.026469018999932814,25,405,380,405,110,1,1,60,1,25,0.06990623699994103
s1_1000,S1-814233542,S3,US,selective_v2_compact,0,10,6,1,0,0,11,4,0,4,0.01778783700024178,36,0,11,9,364,167,0.018283318000044346,23,355,354,377,126,1,1,60,1,23,0.04488770699992983
s1_1000,S1-235133990,S2,US,selective_v2_compact,0,10,0,1,3,1,2,10,0,7,0.008869252999829769,15,0,2,20,204,196,0.009218433999990339,1,197,196,197,89,1,1,60,3,1,0.03545555699997749
s1_1000,S1-235133990,S3,US,selective_v2_compact,0,10,0,1,2,1,2,10,0,8,0.009480258999928992,15,0,2,20,181,173,0.009828861999949368,1,174,173,174,81,1,1,60,1,1,0.03258949099995334
s1_1000,S1-312881517,S2,India,selective_v2_compact,0,10,4,1,0,0,9,6,0,6,0.012822029000062685,36,3,12,13,233,193,0.013303944999961459,6,206,200,206,88,1,1,60,4,6,0.032728188999954
s1_1000,S1-312881517,S3,India,selective_v2_compact,0,10,1,1,1,0,9,9,0,8,0.017270827000174904,36,1,10,19,177,152,0.017779633000031936,5,161,156,161,83,1,1,60,2,5,0.029374037000025055
s1_1000,S1-783743077,S2,US,selective_v2_compact,0,10,0,0,0,0,3,10,1,9,0.003295735999927274,28,0,3,21,42,26,0.003681966999920405,0,33,33,33,33,0,0,33,1,0,0.007005295999988448
s1_1000,S1-783743077,S3,US,selective_v2_compact,0,10,0,0,0,0,3,10,1,9,0.003487483999720098,28,0,3,21,48,26,0.0038609240000369027,0,34,34,34,34,0,0,34,2,0,0.007805545999985952
s1_1000,S1-830888917,S2,US,selective_v2_compact,0,10,0,0,0,0,9,10,1,9,0.023116522999657718,36,0,9,20,154,149,0.02361380599995755,1,150,149,150,92,1,1,60,2,1,0.038747040999965066
s1_1000,S1-830888917,S3,US,selective_v2_compact,0,10,4,1,0,0,10,6,1,5,0.022344918999920083,36,0,10,12,161,159,0.022802788000035434,0,159,159,159,90,1,1,60,2,0,0.02931129000000965
s1_1000,S1-844492132,S2,India,selective_v2_compact,0,10,1,1,0,0,30,9,1,8,0.050449734000039825,105,3,33,18,202,184,0.05153155700008938,4,185,184,188,80,1,1,60,3,4,0.090962439000009
s1_1000,S1-844492132,S3,India,selective_v2_compact,0,10,1,1,0,0,28,9,0,9,0.04124593599999571,105,3,31,19,246,185,0.04240972200000215,7,220,220,227,84,1,1,60,3,7,0.0725120979999474
s1_1000,S1-597189874,S2,US,selective_v2_compact,0,10,0,0,0,0,5,10,0,10,0.007855541000026278,28,0,5,22,65,21,0.00821324999992612,1,44,43,44,44,0,0,44,1,1,0.011659616999963873
s1_1000,S1-597189874,S3,US,selective_v2_compact,0,10,0,0,0,0,5,10,0,10,0.008478361000015866,28,0,5,22,93,36,0.008846352999967166,2,53,51,53,53,0,0,53,4,2,0.012675553999997646
s1_1000,S1-776450551,S2,US,selective_v2_compact,0,10,0,0,0,0,2,10,1,9,0.00683107900010782,28,3,5,22,248,128,0.0072805199999947945,0,206,206,206,77,1,1,60,5,0,0.018643232000044918
s1_1000,S1-776450551,S3,US,selective_v2_compact,0,10,2,1,2,0,3,8,0,6,0.006203884000228754,28,3,6,18,246,162,0.006699737999952049,0,230,230,230,117,1,1,60,2,0,0.02765913499990802
s1_1000,S1-77076355,S2,India,selective_v2_compact,0,10,5,1,0,0,18,5,1,4,0.009796413999993092,45,6,24,10,165,157,0.010190986999987217,0,157,157,157,100,1,1,60,4,0,0.017639223000060156
s1_1000,S1-77076355,S3,India,selective_v2_compact,0,10,4,1,0,0,18,6,1,5,0.014158773000076508,45,3,21,12,163,155,0.014584701999979188,0,155,155,155,82,1,1,60,3,0,0.02185407700005726
s1_1000,S1-304871029,S2,India,selective_v2_compact,0,7,4,1,0,0,20,3,0,3,0.006664194999984829,55,28,48,6,161,153,0.006888637000088238,4,157,153,157,92,1,1,60,3,4,0.014483475000020007
s1_1000,S1-304871029,S3,India,selective_v2_compact,0,6,3,1,0,0,28,3,0,3,0.008396901000082835,55,21,49,6,205,181,0.008606794000002083,21,202,181,202,92,1,1,60,1,21,0.018044529999997394
s1_1000,S1-365107228,S2,India,selective_v2_compact,0,10,1,1,0,0,27,9,0,9,0.06099737000022287,105,10,37,18,235,210,0.06218108299992764,4,211,210,214,77,1,1,60,3,4,0.10694366600000649
s1_1000,S1-365107228,S3,India,selective_v2_compact,0,10,0,1,2,0,29,10,1,7,0.20471601599979294,105,3,32,20,248,232,0.2059459299999844,7,232,232,239,83,1,1,60,0,7,0.25035640100009005
s1_1000,S1-645079990,S2,India,selective_v2_compact,0,10,4,1,0,0,43,6,1,5,0.014297049000106199,91,10,53,12,180,179,0.014940295000087644,0,179,179,179,83,1,1,60,1,0,0.02384674199993242
s1_1000,S1-645079990,S3,India,selective_v2_compact,0,10,5,1,0,0,39,5,1,4,0.011367726999992556,91,10,49,10,178,171,0.012042158999975072,0,171,171,171,94,1,1,60,0,0,0.020409929000038574
s1_1000,S1-766635811,S2,US,selective_v2_compact,0,10,0,1,0,0,9,10,1,9,0.018009485000106906,28,0,9,20,196,158,0.018412948999980472,67,159,158,225,131,1,1,60,2,48,0.053856192000012015
s1_1000,S1-766635811,S3,US,selective_v2_compact,0,10,0,1,0,0,8,10,1,9,0.019177178000063577,28,1,9,20,185,155,0.019586237999988043,76,156,155,231,130,1,1,60,2,46,0.05667279800002234
s1_1000,S1-944262355,S2,US,selective_v2_compact,0,10,0,0,0,0,3,10,1,9,0.007476355000108015,21,0,3,22,111,35,0.007802419999961785,1,95,94,95,76,1,1,60,1,1,0.011857504999966295
s1_1000,S1-944262355,S3,US,selective_v2_compact,0,10,0,0,0,0,3,10,1,9,0.008813455999984399,21,0,3,22,113,29,0.009127355000032367,2,86,84,86,76,1,1,60,3,2,0.012884612999982892
s1_1000,S1-999486252,S2,US,selective_v2_compact,0,10,0,0,2,0,0,10,0,8,0.011892871000213745,28,0,0,22,377,123,0.012408425999979045,1,357,356,357,113,1,1,60,2,1,0.030918102999976327
s1_1000,S1-999486252,S3,US,selective_v2_compact,0,10,0,0,0,0,0,10,0,10,0.012883710999744835,28,0,0,22,369,121,0.013421149000009791,1,348,347,348,112,1,1,60,1,1,0.031845925999959945
s1_1000,S1-311454962,S2,India,selective_v2_compact,0,10,4,1,0,0,35,6,0,6,0.008756241000014597,105,28,63,13,182,161,0.009448350999946342,10,165,163,173,87,1,1,60,3,10,0.018360007999945083
s1_1000,S1-311454962,S3,India,selective_v2_compact,0,10,3,1,2,0,39,7,0,5,0.04368560500017793,105,21,60,15,246,244,0.044456241000034424,12,246,246,258,92,1,1,60,1,12,0.07965746399997897
s1_1000,S1-219437331,S2,US,selective_v2_compact,0,10,3,1,1,0,10,7,0,6,0.021665710000092986,36,1,11,16,168,151,0.022102707999920312,1,157,156,157,79,1,1,60,1,1,0.031648646999997254
s1_1000,S1-219437331,S3,US,selective_v2_compact,0,10,4,1,0,0,10,6,0,6,0.018294498000045678,36,1,11,14,179,154,0.018755784000063613,1,161,160,161,72,1,1,60,2,1,0.03583234400002766
s1_1000,S1-381399100,S2,US,selective_v2_compact,0,10,5,1,0,0,6,5,0,5,0.008043557999940276,28,1,7,10,172,158,0.008460514000034891,3,161,158,161,104,1,1,60,3,3,0.014781491999997343
s1_1000,S1-381399100,S3,US,selective_v2_compact,0,10,5,1,1,0,6,5,0,4,0.008549303999870972,28,1,7,10,207,206,0.008964472000002388,0,206,206,206,118,1,1,60,1,0,0.017123518000062177
s1_1000,S1-265117089,S2,US,selective_v2_compact,0,10,0,0,0,0,12,10,0,10,0.010526340999945205,45,3,15,21,132,84,0.011032336999960535,0,116,116,116,86,1,1,60,1,0,0.028857917999971505
s1_1000,S1-265117089,S3,US,selective_v2_compact,0,10,0,0,0,0,12,10,0,10,0.01147592299992084,45,3,15,21,154,97,0.011977684000044064,1,127,126,127,82,1,1,60,1,1,0.026816914999926666
s1_1000,S1-992935020,S2,India,selective_v2_compact,0,10,2,1,1,3,12,8,0,7,0.02061479899987262,28,3,15,16,228,222,0.020997188999899663,2,224,222,224,101,1,1,60,1,2,0.05377153000006274
s1_1000,S1-992935020,S3,India,selective_v2_compact,0,10,7,1,0,0,9,3,0,3,0.013346834000003582,28,0,9,6,185,184,0.013709367000046768,1,184,184,185,68,1,1,60,4,1,0.021927376000007825
s1_1000,S1-506161326,S2,US,selective_v2_compact,0,10,0,0,0,0,5,10,1,9,0.012400659999912023,21,1,6,22,346,36,0.012718123000013293,2,260,258,260,94,1,1,60,3,2,0.02550480599995808
s1_1000,S1-506161326,S3,US,selective_v2_compact,0,10,0,0,0,0,5,10,1,9,0.013246219999928144,21,1,6,22,403,58,0.01360218000002078,1,311,310,311,109,1,1,60,1,1,0.0312235269999519
s1_1000,S1-312504034,S2,India,selective_v2_compact,0,10,5,1,1,0,20,5,0,4,0.009663715000101547,78,6,26,11,200,186,0.010456827999973939,0,194,194,194,79,1,1,60,2,0,0.019426285000008647
s1_1000,S1-312504034,S3,India,selective_v2_compact,0,10,3,1,0,0,20,7,0,7,0.06982703599987872,78,3,23,15,195,170,0.0707127360000186,1,182,181,182,83,1,1,60,2,1,0.08664280199991481
s1_1000,S1-796436300,S2,US,selective_v2_compact,0,10,1,1,1,0,9,9,1,7,0.009156779000022652,36,3,12,18,162,160,0.00963414400007423,175,161,160,335,154,1,1,60,2,43,0.032959346999973604
s1_1000,S1-796436300,S3,US,selective_v2_compact,0,9,4,1,0,8,13,5,1,4,0.010950491000016882,36,6,19,10,163,157,0.011312473000089085,206,158,157,363,151,1,1,60,2,43,0.03358786699993743
s1_1000,S1-311421838,S2,US,selective_v2_compact,0,10,0,0,4,0,3,10,1,5,0.01212754000005134,21,0,3,22,178,122,0.012484685999993417,56,137,136,192,127,1,1,60,1,50,0.020788686000059897
s1_1000,S1-311421838,S3,US,selective_v2_compact,0,10,0,0,0,0,3,10,1,9,0.01301023199971496,21,0,3,22,211,148,0.013379078999946614,63,165,164,227,128,1,1,60,3,52,0.02505718399993384
s1_1000,S1-89277904,S2,US,selective_v2_compact,0,10,0,0,0,1,2,10,1,9,0.004783400999940568,15,1,3,22,109,35,0.005027144999985467,96,58,56,152,97,1,1,60,3,41,0.011159679000002143
s1_1000,S1-89277904,S3,US,selective_v2_compact,0,10,0,0,0,1,2,10,1,9,0.004863978000003044,15,1,3,22,92,37,0.005097125000020242,103,58,57,160,106,1,1,60,1,49,0.011547392000011314
s1_1000,S1-277847890,S2,US,selective_v2_compact,0,10,0,0,6,0,4,10,0,4,0.00638821499990172,28,0,4,20,57,57,0.006762483999978031,0,57,57,57,57,0,0,57,0,0,0.01605992600002537
s1_1000,S1-277847890,S3,US,selective_v2_compact,0,10,0,0,0,0,8,10,0,10,0.01521529299964186,28,1,9,20,142,120,0.015588417000003574,1,121,120,121,74,1,1,60,2,1,0.029425111000023207
s1_1000,S1-239536988,S2,US,selective_v2_compact,0,10,0,0,3,1,1,10,0,7,0.0024965850000171486,15,0,1,22,242,114,0.0027942639999309904,0,227,227,227,117,1,1,60,3,0,0.019272332000014103
s1_1000,S1-239536988,S3,US,selective_v2_compact,0,10,0,0,0,1,1,10,0,10,0.002385419999882288,15,0,1,22,247,106,0.00269429599995874,0,234,234,234,115,1,1,60,1,0,0.019490971999971407
s1_1000,S1-543828787,S2,US,selective_v2_compact,0,10,3,1,1,0,6,7,0,6,0.012215084999866122,21,0,6,14,156,150,0.012533720000078574,2,152,150,152,87,1,1,60,2,2,0.021098756000014873
s1_1000,S1-543828787,S3,US,selective_v2_compact,0,10,2,1,0,0,6,8,0,8,0.019106691999922987,21,0,6,16,232,217,0.019465649000039775,2,219,217,219,79,1,1,60,1,2,0.04054265599995688
s1_1000,S1-699857230,S2,India,selective_v2_compact,0,7,0,0,0,1,6,7,2,5,0.018230866000180868,15,1,7,14,122,109,0.018455421999988175,3,111,109,112,76,1,1,60,2,3,0.024863639000045623
s1_1000,S1-699857230,S3,India,selective_v2_compact,0,10,5,1,0,1,3,5,1,4,0.017928512999901614,15,0,3,10,166,158,0.018212311000070258,1,159,158,159,79,1,1,60,2,1,0.02540864100001272
s1_1000,S1-969181893,S2,US,selective_v2_compact,0,10,0,0,2,0,3,10,0,8,0.006292008000059468,21,0,3,21,272,130,0.0066544100000101025,1,247,246,247,107,1,1,60,3,1,0.030311299999993935
s1_1000,S1-969181893,S3,US,selective_v2_compact,0,10,2,1,0,0,3,8,0,8,0.0064302619999807575,21,0,3,17,293,152,0.006804184999964491,0,266,266,266,103,1,1,60,3,0,0.03806780100001106
s1_1000,S1-927504155,S2,India,selective_v2_compact,0,10,0,1,0,0,27,10,1,9,0.045094790000121066,120,10,37,20,166,150,0.04638473700003942,0,150,150,150,81,1,1,60,1,0,0.07597375299997111
s1_1000,S1-927504155,S3,India,selective_v2_compact,0,10,0,0,0,0,26,10,1,9,0.18433904999994866,120,6,32,20,111,89,0.18565853099994456,1,90,89,90,81,1,1,60,2,1,0.20796075499993094
s1_1000,S1-110222779,S2,US,selective_v2_compact,0,10,2,1,1,0,12,8,0,7,0.015939549999984592,36,3,15,16,223,211,0.016416603999914514,1,212,211,212,87,1,1,60,1,1,0.05775808800001414
s1_1000,S1-110222779,S3,US,selective_v2_compact,0,10,0,0,0,0,12,10,2,8,0.017668231000243395,36,3,15,20,97,90,0.01806170099996507,1,91,90,91,75,1,1,60,2,1,0.0256557040000871
s1_1000,S1-118782634,S2,India,selective_v2_compact,0,10,0,0,0,0,5,10,0,10,0.0029630849999193742,36,3,8,23,121,49,0.003409574999977849,1,93,92,93,78,1,1,60,2,1,0.017831117000014274
s1_1000,S1-118782634,S3,India,selective_v2_compact,0,10,0,0,3,0,7,10,0,7,0.0012162619999571689,36,1,8,23,174,98,0.0017241079999621434,0,151,151,151,79,1,1,60,1,0,0.02402618800010714
s1_1000,S1-790467803,S2,US,selective_v2_compact,0,10,1,1,0,0,14,9,2,7,0.021348869999997078,45,3,17,18,182,158,0.021921292999991238,2,159,158,160,84,1,1,60,4,2,0.03535714600002393
s1_1000,S1-790467803,S3,US,selective_v2_compact,0,10,6,1,0,0,18,4,0,4,0.012485204999734378,45,3,21,8,157,153,0.012906025000006593,1,154,153,154,71,1,1,60,1,1,0.021912106999934622
s1_1000,S1-629371829,S2,India,selective_v2_compact,0,10,6,1,0,0,22,4,0,4,0.008480583999926239,66,10,32,8,161,152,0.009022997000101896,8,160,152,160,114,1,1,60,1,8,0.02921490599999288
s1_1000,S1-629371829,S3,India,selective_v2_compact,0,10,3,1,0,0,24,7,1,6,0.020960157000104118,66,6,30,15,234,158,0.021603329999948073,19,193,193,212,120,1,1,60,0,19,0.03245427899992137
s1_1000,S1-217661413,S2,US,selective_v2_compact,0,10,0,0,2,0,2,10,0,8,0.0090541959998518,36,0,2,23,326,114,0.009613538000053268,1,302,301,302,115,1,1,60,2,1,0.04055558800007475
s1_1000,S1-217661413,S3,US,selective_v2_compact,0,10,0,0,2,0,4,10,0,8,0.008774098000003505,36,1,5,23,260,21,0.009287703000040892,0,222,222,222,101,1,1,60,2,0,0.020646155000008548
s1_1000,S1-402565372,S2,US,selective_v2_compact,0,10,4,1,1,0,13,6,0,5,0.009100561000082052,45,3,16,12,272,269,0.009662055000035252,0,269,269,269,87,1,1,60,1,0,0.0482066780000423
s1_1000,S1-402565372,S3,US,selective_v2_compact,0,10,5,1,0,0,13,5,0,5,0.008583133000001908,45,3,16,10,193,184,0.00908757800004878,3,187,184,187,59,0,0,59,2,3,0.032163624999952845
s1_1000,S1-855364465,S2,US,selective_v2_compact,0,10,0,0,0,0,5,10,0,10,0.016343096999889895,21,0,5,22,168,96,0.016653318000066974,2,111,109,111,72,1,1,60,3,2,0.023131218000003173
s1_1000,S1-855364465,S3,US,selective_v2_compact,0,10,0,0,0,0,5,10,0,10,0.017360840000151256,21,0,5,22,188,126,0.017698773999995865,1,147,146,147,75,1,1,60,1,1,0.027033537999955115
s1_1000,S1-360190920,S2,US,selective_v2_compact,0,10,0,1,2,0,4,10,0,8,0.005158235999942917,36,1,5,22,263,184,0.005702333000044746,0,247,247,247,80,1,1,60,0,0,0.034231165999926816
s1_1000,S1-360190920,S3,US,selective_v2_compact,0,10,0,1,2,0,4,10,0,8,0.006051662999993823,36,1,5,21,211,201,0.006609418000039113,1,206,205,206,81,1,1,60,0,1,0.044077288999915254
s1_1000,S1-802949812,S2,US,selective_v2_compact,0,10,4,1,0,0,15,6,0,6,0.01902578000010635,36,1,16,12,194,187,0.019424585000024308,2,189,187,189,92,1,1,60,1,2,0.04484484399995381
s1_1000,S1-802949812,S3,US,selective_v2_compact,0,10,4,1,1,0,15,6,0,5,0.020125651000171274,36,1,16,12,196,191,0.02053936499999054,1,192,191,192,87,1,1,60,1,1,0.04458015800003068
s1_1000,S1-153755890,S2,US,selective_v2_compact,0,10,0,1,2,0,11,10,2,6,0.016404768999905173,36,3,14,21,223,167,0.016829278000045633,3,215,215,218,114,1,1,60,1,3,0.041137949000017215
s1_1000,S1-153755890,S3,US,selective_v2_compact,0,10,0,1,0,0,11,10,2,8,0.01769074300000284,36,3,14,21,255,176,0.018144516999996085,2,235,234,236,108,1,1,60,3,2,0.0457828140000629
s1_1000,S1-265118127,S2,US,selective_v2_compact,0,10,2,1,2,0,4,8,0,6,0.024259761999701368,28,0,4,16,191,189,0.02472758999999769,0,189,189,189,51,0,0,51,1,0,0.04213306500003
s1_1000,S1-265118127,S3,US,selective_v2_compact,0,10,2,1,2,0,4,8,0,6,0.008907829999998285,28,0,4,16,200,198,0.009376403000032951,0,198,198,198,54,0,0,54,0,0,0.033066730000086864
s1_1000,S1-42128902,S2,India,selective_v2_compact,0,10,2,1,0,0,17,8,0,8,0.01624537600025633,45,6,23,17,215,208,0.016691213999934007,2,211,209,211,83,1,1,60,1,2,0.034607308999966335
s1_1000,S1-42128902,S3,India,selective_v2_compact,0,10,4,1,0,0,18,6,0,6,0.013602673000036702,45,3,21,13,208,198,0.014064870999959567,2,201,199,201,90,1,1,60,1,2,0.023254747000009957
s1_1000,S1-655665109,S2,US,selective_v2_compact,0,10,2,1,1,0,4,8,1,6,0.01551080100011859,28,0,4,18,295,241,0.01596940500007804,0,266,266,266,114,1,1,60,1,0,0.04674085700003161
s1_1000,S1-655665109,S3,US,selective_v2_compact,0,10,0,1,0,0,5,10,1,9,0.018255798000041068,28,0,5,22,315,221,0.01873791599996366,1,249,248,249,78,1,1,60,4,1,0.04861059400002432
s1_1000,S1-157773599,S2,US,selective_v2_compact,0,10,3,1,2,0,5,7,0,5,0.0036144179998700565,36,1,6,16,306,231,0.00417935200005104,0,261,261,261,80,1,1,60,1,0,0.03165883399992708
s1_1000,S1-157773599,S3,US,selective_v2_compact,0,10,3,1,2,0,6,7,0,5,0.003958154000088143,36,1,7,16,288,235,0.004496063000033246,0,256,256,256,78,1,1,60,0,0,0.030420624000043972
s1_1000,S1-760840682,S2,US,selective_v2_compact,0,10,4,1,0,0,9,6,0,6,0.010157722000030844,36,1,10,13,409,169,0.01072223899996061,2,360,358,360,103,1,1,60,2,2,0.025036967999994886
s1_1000,S1-760840682,S3,US,selective_v2_compact,0,10,0,0,0,0,9,10,2,8,0.0157621209999661,36,1,10,21,409,77,0.016267315000050075,1,313,312,313,99,1,1,60,4,1,0.03362276900008965
s1_1000,S1-162034320,S2,India,selective_v2_compact,0,10,3,1,0,0,26,7,1,6,0.05984756100008326,55,6,32,14,262,252,0.060399347000043235,1,253,252,253,114,1,1,60,2,1,0.09345768700006829
s1_1000,S1-162034320,S3,India,selective_v2_compact,0,10,2,1,0,0,25,8,2,6,0.11829249799984609,55,6,31,16,178,164,0.11884003299996948,2,166,164,166,100,1,1,60,2,2,0.14861203200007367
s1_1000,S1-96692956,S2,US,selective_v2_compact,0,10,1,1,0,0,10,9,0,9,0.03198712699986572,28,1,11,18,202,196,0.03238605199999256,0,196,196,196,96,1,1,60,1,0,0.05508886999996321
s1_1000,S1-96692956,S3,US,selective_v2_compact,0,10,1,1,1,0,10,9,0,8,0.03467855300004885,28,1,11,18,189,187,0.03508484300004966,0,187,187,187,102,1,1,60,1,0,0.05593598699999802
s1_1000,S1-434796515,S2,US,selective_v2_compact,0,10,2,1,4,0,4,8,0,4,0.006142966999959754,36,1,5,19,434,276,0.006801789000064673,2,411,409,411,96,1,1,60,2,2,0.04710084999999253
s1_1000,S1-434796515,S3,US,selective_v2_compact,0,10,7,1,1,0,10,3,0,2,0.004099355999983345,36,3,13,8,326,189,0.004537086000027557,1,323,322,323,106,1,1,60,1,1,0.01794957999993585
s1_1000,S1-610736130,S2,India,selective_v2_compact,0,10,0,0,1,0,6,10,0,9,0.007674317999658342,66,3,9,25,159,121,0.00856806299998425,0,134,134,134,71,1,1,60,0,0,0.015619031000028372
s1_1000,S1-610736130,S3,India,selective_v2_compact,0,10,1,1,2,0,7,9,0,7,0.0166465849999895,28,1,8,19,243,219,0.017127657000060026,0,236,236,236,86,1,1,60,0,0,0.04655302500009384
s1_1000,S1-996502126,S2,US,selective_v2_compact,0,10,1,1,0,0,9,9,0,9,0.009600813999895763,36,1,10,18,183,157,0.010093778000054954,6,163,157,163,107,1,1,60,2,6,0.021732760999952916
s1_1000,S1-996502126,S3,US,selective_v2_compact,0,10,5,1,0,0,10,5,0,5,0.007232932000306391,36,1,11,10,176,159,0.0077082320000272375,6,165,159,165,66,1,1,60,3,6,0.01442382099992301
s1_1000,S1-796454810,S2,India,selective_v2_compact,0,10,1,1,1,0,29,9,0,8,0.06437671299988779,105,6,35,20,272,171,0.0655325879999964,12,216,216,228,88,1,1,60,0,12,0.08939903999998933
s1_1000,S1-796454810,S3,India,selective_v2_compact,0,10,0,1,1,0,27,10,1,8,0.05584731800024656,105,3,30,22,275,185,0.05702620800002478,13,236,223,236,80,1,1,60,2,13,0.09113961100001688
s1_1000,S1-969427771,S2,US,selective_v2_compact,0,10,0,0,3,0,4,10,1,6,0.0057392590000517885,28,1,5,21,107,25,0.006158462999906078,2,98,96,98,59,0,0,59,3,2,0.01054408400000284
s1_1000,S1-969427771,S3,US,selective_v2_compact,0,10,2,1,0,0,6,8,1,7,0.009478696999963176,28,3,9,17,226,152,0.009874630000012985,0,220,220,220,115,1,1,60,1,0,0.03891621699995085
s1_1000,S1-189522612,S2,US,selective_v2_compact,0,10,0,0,1,0,6,10,0,9,0.01908637999997609,28,1,7,22,239,143,0.019495909999932337,1,218,217,218,117,1,1,60,1,1,0.04134425899997041
s1_1000,S1-189522612,S3,US,selective_v2_compact,0,10,0,0,0,0,6,10,0,10,0.01950004799994076,28,1,7,22,303,145,0.01992440300000453,0,252,252,252,112,1,1,60,4,0,0.043233095999994475
s1_1000,S1-825077757,S2,US,selective_v2_compact,0,10,4,1,1,0,4,6,0,5,0.01034283800004232,28,0,4,13,323,153,0.010820389999935287,1,318,317,318,118,1,1,60,1,1,0.025198380999995607
s1_1000,S1-825077757,S3,US,selective_v2_compact,0,10,3,1,0,0,4,7,0,7,0.01197429499984537,28,0,4,15,395,155,0.01243486999999277,1,378,377,378,118,1,1,60,1,1,0.03281971799992789
s1_1000,S1-498058980,S2,India,selective_v2_compact,0,10,0,0,0,0,16,10,2,8,0.005239708000090104,78,1,17,24,110,18,0.006204134999961752,0,72,72,72,54,0,0,54,3,0,0.013154984000038894
s1_1000,S1-498058980,S3,India,selective_v2_compact,0,10,0,0,0,0,14,10,0,10,0.008420743000215225,78,1,15,24,121,44,0.009322759000042424,0,100,100,100,57,0,0,57,2,0,0.016417854999986048
s1_1000,S1-460505313,S2,US,selective_v2_compact,0,10,0,0,0,0,2,10,0,10,0.002745402999948965,28,0,2,22,254,15,0.0031592280000722894,1,226,225,226,61,1,1,60,1,1,0.01472630399996433
s1_1000,S1-460505313,S3,US,selective_v2_compact,0,10,0,0,4,0,2,10,0,6,0.002747225999996772,28,0,2,22,233,16,0.0031874179999249463,1,214,213,214,62,1,1,60,1,1,0.013313335000020743
s1_1000,S1-623356040,S2,US,selective_v2_compact,0,10,0,0,3,0,2,10,0,7,0.006292164000342382,45,1,3,21,251,31,0.006960073000072953,3,228,225,228,67,1,1,60,4,3,0.018461935000004814
s1_1000,S1-623356040,S3,US,selective_v2_compact,0,10,5,1,0,0,8,5,0,5,0.0061175460000413295,45,3,11,11,378,152,0.006769091000023764,0,368,368,368,73,1,1,60,2,0,0.02227891500001533
s1_1000,S1-252619131,S2,US,selective_v2_compact,0,10,6,1,1,0,10,4,1,2,0.01116088099990975,28,1,11,8,264,262,0.011538970000060544,7,264,262,269,111,1,1,60,4,7,0.044801153999969756
s1_1000,S1-252619131,S3,US,selective_v2_compact,0,10,4,1,1,3,11,6,1,4,0.011010882999812566,28,3,14,12,223,219,0.011352204000104393,4,223,219,223,93,1,1,60,0,4,0.02040301600004568
s1_1000,S1-655931201,S2,India,selective_v2_compact,0,10,0,0,1,0,8,10,0,9,0.12135235399978228,36,6,14,20,165,121,0.12182464599993637,1,122,121,122,79,1,1,60,1,1,0.13590681400000904
s1_1000,S1-655931201,S3,India,selective_v2_compact,0,10,0,0,3,0,9,10,1,6,0.05092634499999349,36,3,12,20,132,117,0.05137748599997849,0,117,117,117,76,1,1,60,0,0,0.06144300200003272
s1_1000,S1-780423580,S2,US,selective_v2_compact,0,10,0,0,3,0,2,10,1,6,0.006769171999962964,21,0,2,23,392,138,0.007162343000004512,40,369,329,369,116,1,1,60,1,40,0.021411220000004505
s1_1000,S1-780423580,S3,US,selective_v2_compact,0,10,0,0,0,0,2,10,1,9,0.0071504139999660765,21,0,2,23,453,126,0.007552002000011271,32,413,381,413,113,1,1,60,2,32,0.023507715000050666
s1_1000,S1-377560297,S2,US,selective_v2_compact,0,10,3,1,1,0,1,7,0,6,0.0044296940000094764,21,1,2,15,316,186,0.004839012999923398,0,312,312,312,119,1,1,60,2,0,0.025550747000011143
s1_1000,S1-377560297,S3,US,selective_v2_compact,0,10,3,1,0,0,1,7,0,7,0.004697687999964728,21,1,2,15,338,196,0.005108587999984593,2,323,321,323,116,1,1,60,4,2,0.03235170199991444
s1_1000,S1-382849428,S2,US,selective_v2_compact,0,7,0,0,0,0,3,7,0,7,0.0062976929999649656,10,0,3,14,34,28,0.006439328999931604,0,28,28,28,28,0,0,28,2,0,0.007847077999940666
s1_1000,S1-382849428,S3,US,selective_v2_compact,0,7,0,0,0,0,3,7,0,7,0.007517210999822055,10,0,3,14,33,20,0.007657488000063495,2,22,20,22,22,0,0,22,2,2,0.008863194000014119
s1_1000,S1-707985814,S2,India,selective_v2_compact,0,10,5,1,0,0,25,5,2,3,0.012611692999939805,55,6,31,10,152,150,0.013029576000008092,0,150,150,150,83,1,1,60,2,0,0.020075189999943177
s1_1000,S1-707985814,S3,India,selective_v2_compact,0,10,4,1,0,0,25,6,1,5,0.1159447419998969,55,6,31,12,274,253,0.11643697200008774,3,256,253,256,77,1,1,60,3,3,0.15785326000002442
s1_1000,S1-34034222,S2,India,selective_v2_compact,0,10,2,1,2,0,16,8,0,6,0.009098547999769835,105,21,37,19,225,211,0.010185294999928374,0,218,218,218,82,1,1,60,1,0,0.043233052000005046
s1_1000,S1-34034222,S3,India,selective_v2_compact,0,10,0,0,1,0,22,10,1,8,0.3956709790001014,105,15,37,23,89,69,0.3966891920000535,3,78,75,78,60,1,0,60,4,3,0.4068445729999439
s1_1000,S1-513269657,S2,India,selective_v2_compact,0,10,0,0,1,0,7,10,1,8,0.011293988999909743,28,1,8,22,146,137,0.011702299000035055,0,139,139,139,80,1,1,60,2,0,0.018259073999956854
s1_1000,S1-513269657,S3,India,selective_v2_compact,0,10,3,1,0,0,7,7,0,7,0.012236014000222895,28,1,8,16,267,255,0.012636154000006172,2,259,257,259,80,1,1,60,1,2,0.04883954100000665
s1_1000,S1-177954343,S2,US,selective_v2_compact,0,10,1,1,0,0,5,9,1,8,0.019862130000092293,21,0,5,18,180,171,0.020206075999908535,0,171,171,171,84,1,1,60,1,0,0.04538291200003641
s1_1000,S1-177954343,S3,US,selective_v2_compact,0,10,1,1,1,0,5,9,1,7,0.020357087999741452,21,0,5,18,172,166,0.020711698000013712,0,166,166,166,86,1,1,60,2,0,0.054460563000020557
s1_1000,S1-178459407,S2,US,selective_v2_compact,0,10,1,1,0,0,6,9,1,8,0.01946201799978553,21,0,6,18,213,205,0.01982197699999233,63,206,205,268,132,1,1,60,3,51,0.049678260999939994
s1_1000,S1-178459407,S3,US,selective_v2_compact,0,10,1,1,0,0,6,9,1,8,0.021618079000063517,21,0,6,18,253,249,0.021996280999928786,55,251,249,304,140,1,1,60,0,48,0.06322112800000923
s1_1000,S1-606275527,S2,India,selective_v2_compact,0,10,3,1,2,0,28,7,0,5,0.014254528000151367,120,15,43,14,157,157,0.015448349999928723,0,157,157,157,90,1,1,60,0,0,0.028580977999922652
s1_1000,S1-606275527,S3,India,selective_v2_compact,0,10,1,1,0,0,31,9,0,9,0.08714297899996382,120,10,41,18,207,185,0.08841914300001008,0,185,185,185,87,1,1,60,3,0,0.11668884599998819
s1_1000,S1-887719275,S2,US,selective_v2_compact,0,10,6,1,0,0,5,4,0,4,0.01016624999999749,21,0,5,8,187,184,0.01051551400007611,1,185,184,185,79,1,1,60,1,1,0.03034315799993692
s1_1000,S1-887719275,S3,US,selective_v2_compact,0,10,6,1,1,0,4,4,0,3,0.01101317999996354,21,1,5,8,196,193,0.011399395000012191,2,195,193,195,79,1,1,60,2,2,0.030659256000035384
s1_1000,S1-192732186,S2,US,selective_v2_compact,0,10,5,1,0,1,8,5,0,5,0.014978525000060472,21,1,9,10,201,191,0.015267687000005026,5,196,191,196,86,1,1,60,1,5,0.022929390999934185
s1_1000,S1-192732186,S3,US,selective_v2_compact,0,10,2,1,0,1,9,8,1,7,0.023615726000002724,21,1,10,16,242,224,0.02392088600004172,5,229,224,229,107,1,1,60,2,5,0.04144230500003232
s1_1000,S1-608967414,S2,US,selective_v2_compact,0,10,0,0,3,0,3,10,1,6,0.007930487999828983,28,0,3,21,386,105,0.008408646999896519,45,382,337,382,91,1,1,60,0,40,0.04195493700001407
s1_1000,S1-608967414,S3,US,selective_v2_compact,0,10,4,1,1,0,7,6,0,5,0.011297314999865193,28,1,8,12,200,159,0.011691670000004706,41,200,159,200,102,1,1,60,0,41,0.019654485000046407
s1_1000,S1-788669533,S2,US,selective_v2_compact,0,10,4,1,0,1,2,6,0,6,0.008148128000129873,15,0,2,12,186,183,0.008450250999999298,1,184,183,184,84,1,1,60,1,1,0.026451650999888443
s1_1000,S1-788669533,S3,US,selective_v2_compact,0,10,3,1,0,0,2,7,0,7,0.006131175999826155,15,0,2,14,162,159,0.006436404000055518,0,159,159,159,80,1,1,60,1,0,0.025225339000030544
s1_1000,S1-828214924,S2,US,selective_v2_compact,0,10,1,1,0,0,9,9,0,9,0.009801249999895845,45,3,12,18,161,150,0.0103558889999249,1,151,150,151,107,1,1,60,1,1,0.029552704999900925
s1_1000,S1-828214924,S3,US,selective_v2_compact,0,10,1,1,0,0,9,9,0,9,0.010277687999746377,45,3,12,18,189,169,0.010860593999950652,1,170,169,170,106,1,1,60,3,1,0.028356318999954055
s1_1000,S1-497411990,S2,US,selective_v2_compact,0,10,2,1,0,0,4,8,0,8,0.01830791399993359,21,0,4,16,246,235,0.018705498000031184,0,235,235,235,99,1,1,60,1,0,0.046520076999968296
s1_1000,S1-497411990,S3,US,selective_v2_compact,0,10,2,1,0,0,4,8,0,8,0.01951669899983699,21,0,4,16,282,279,0.019945024999969974,0,279,279,279,112,1,1,60,1,0,0.05454951499996241
s1_1000,S1-526632358,S2,India,selective_v2_compact,0,10,0,0,2,0,30,10,2,6,0.032793602999731775,120,21,51,20,86,78,0.03384575300003689,0,78,78,78,77,1,1,60,3,0,0.04157174399995256
s1_1000,S1-526632358,S3,India,selective_v2_compact,0,10,0,0,0,0,35,10,2,8,0.00960159999976895,120,6,41,21,144,54,0.010712234000038734,1,111,110,111,86,1,1,60,2,1,0.019032713999990847
s1_1000,S1-349678557,S2,India,selective_v2_compact,0,10,1,1,2,0,14,9,0,7,0.010381338999877698,55,3,17,20,179,158,0.011088108999956603,6,165,165,171,75,1,1,60,2,6,0.03148320499997226
s1_1000,S1-349678557,S3,India,selective_v2_compact,0,10,3,1,2,0,14,7,0,5,0.015007762999971419,45,1,15,15,186,182,0.015539246999992429,12,185,185,197,79,1,1,60,0,12,0.035973429000023316
s1_1000,S1-515678303,S2,US,selective_v2_compact,0,10,5,1,0,0,5,5,0,5,0.007096472999819525,28,3,8,10,158,154,0.007473969999978181,0,154,154,154,103,1,1,60,1,0,0.013581151000039426
s1_1000,S1-515678303,S3,US,selective_v2_compact,0,10,5,1,0,0,5,5,0,5,0.007621558999971967,28,3,8,10,187,182,0.008041097000045738,0,182,182,182,85,1,1,60,1,0,0.034723291000091194
s1_1000,S1-745006607,S2,US,selective_v2_compact,0,10,0,0,0,0,9,10,1,9,0.023687080000058813,36,1,10,21,309,121,0.02426006400003189,1,268,267,268,115,1,1,60,1,1,0.03904154399992876
s1_1000,S1-745006607,S3,US,selective_v2_compact,0,10,0,0,0,0,9,10,1,9,0.02389933300003122,36,1,10,21,298,144,0.024412374999997155,2,262,260,262,115,1,1,60,2,2,0.04335814599994592
s1_1000,S1-371904317,S2,India,selective_v2_compact,0,10,3,1,0,0,16,7,0,7,0.07141436999984307,55,15,31,14,192,179,0.07193140900005801,1,180,179,180,79,1,1,60,1,1,0.09252628800004459
s1_1000,S1-371904317,S3,India,selective_v2_compact,0,10,5,1,1,0,15,5,0,4,0.10042929600001571,55,15,30,10,171,165,0.10089243900006295,1,166,165,166,79,1,1,60,1,1,0.11679043100002673
s1_1000,S1-622658111,S2,US,selective_v2_compact,0,10,3,1,0,1,3,7,0,7,0.019307395000055294,15,0,3,15,272,177,0.01962469099998998,151,265,263,414,152,1,1,60,1,41,0.04949124999996002
s1_1000,S1-622658111,S3,US,selective_v2_compact,0,10,5,1,1,1,3,5,0,4,0.01803879999988567,15,0,3,11,234,152,0.01833447800004251,169,229,227,396,152,1,1,60,1,37,0.03379175899999609
s1_1000,S1-337946117,S2,India,selective_v2_compact,0,10,2,1,0,0,42,8,2,6,0.07376972500014745,120,21,63,17,260,173,0.07470536799996808,0,231,231,231,110,1,1,60,4,0,0.11815457500006232
s1_1000,S1-337946117,S3,India,selective_v2_compact,0,10,4,1,0,0,50,6,1,5,0.01277230099992721,120,10,60,12,191,186,0.01368911700001263,0,186,186,186,77,1,1,60,2,0,0.023047046999977283
s1_1000,S1-625817119,S2,US,selective_v2_compact,0,10,6,1,0,0,1,4,0,4,0.004778735000172674,28,1,2,10,235,154,0.005248380000011821,1,230,229,230,117,1,1,60,1,1,0.014395058999980392
s1_1000,S1-625817119,S3,US,selective_v2_compact,0,10,6,1,0,0,1,4,0,4,0.005047282000077757,28,1,2,10,291,182,0.005508768999902713,1,282,281,282,116,1,1,60,2,1,0.01700118899998415
s1_1000,S1-295078193,S2,US,selective_v2_compact,0,10,0,0,1,0,6,10,0,9,0.015148222000107125,28,0,6,21,209,121,0.01555397299989636,0,198,198,198,114,1,1,60,1,0,0.035026373000050626
s1_1000,S1-295078193,S3,US,selective_v2_compact,0,10,0,0,2,0,6,10,0,8,0.01563747599971066,28,0,6,21,202,122,0.01604943499989986,0,191,191,191,114,1,1,60,0,0,0.035459855999988577
s1_1000,S1-444041166,S2,US,selective_v2_compact,0,10,0,0,3,0,8,10,1,6,0.011017709999919134,45,1,9,20,141,139,0.01160135200007062,1,140,139,140,77,1,1,60,1,1,0.03896475299995927
s1_1000,S1-444041166,S3,US,selective_v2_compact,0,10,5,1,0,0,16,5,0,5,0.014502255000138575,45,3,19,10,263,255,0.01502213000003394,1,256,255,256,79,1,1,60,2,1,0.04948803100000987
s1_1000,S1-644909060,S2,India,selective_v2_compact,0,10,2,1,0,0,50,8,2,6,0.04127159000006486,120,10,60,17,244,224,0.04222434400003294,0,233,233,233,82,1,1,60,1,0,0.07762877000004664
s1_1000,S1-644909060,S3,India,selective_v2_compact,0,10,2,1,0,0,42,8,2,6,0.02441055500003131,120,6,48,17,290,215,0.025545273999910023,2,222,220,222,68,1,1,60,4,2,0.0549463539999806
s1_1000,S1-361137897,S2,India,selective_v2_compact,0,10,6,1,0,0,31,4,0,4,0.03979794600002151,120,15,46,9,214,187,0.04098458400005711,1,204,203,204,54,0,0,54,2,1,0.06416349500000251
s1_1000,S1-361137897,S3,India,selective_v2_compact,0,10,6,1,2,0,36,4,0,2,0.04405340400001023,120,6,42,9,167,154,0.04524085599996397,1,167,167,168,56,0,0,56,0,1,0.06354780499998469
s1_1000,S1-41317566,S2,India,selective_v2_compact,0,10,3,1,0,0,22,7,0,7,0.018092203999799494,55,3,25,14,214,187,0.01864576399998441,3,190,187,190,105,1,1,60,4,3,0.03930039099998339
s1_1000,S1-41317566,S3,India,selective_v2_compact,0,10,5,1,1,0,19,5,0,4,0.04030930899989471,55,3,22,10,281,276,0.04093862699994588,1,277,276,277,111,1,1,60,2,1,0.08478241199998138
s1_1000,S1-708966187,S2,India,selective_v2_compact,0,10,4,1,0,0,30,6,1,5,0.016169027999922037,66,15,45,12,164,151,0.016578534000018408,6,157,151,157,79,1,1,60,2,6,0.02422984700001507
s1_1000,S1-708966187,S3,India,selective_v2_compact,0,10,5,1,1,0,33,5,0,4,0.06313970999997309,66,6,39,10,259,259,0.06367250700009208,13,259,259,272,124,1,1,60,0,13,0.09925719600005323
s1_1000,S1-800315369,S2,US,selective_v2_compact,0,10,2,1,0,0,7,8,0,8,0.01714152200031549,28,1,8,17,253,205,0.017563684000037938,0,232,232,232,93,1,1,60,1,0,0.05027588099994773
s1_1000,S1-800315369,S3,US,selective_v2_compact,0,10,2,1,0,0,7,8,0,8,0.018621606000124302,28,1,8,17,304,246,0.01907035800002177,1,277,276,277,113,1,1,60,1,1,0.06015905600008864
s1_1000,S1-743238002,S2,US,selective_v2_compact,0,10,0,0,0,0,0,10,1,9,0.010098311999968246,21,0,0,21,257,130,0.010504683000021942,1,243,242,243,74,1,1,60,1,1,0.04271711799992772
s1_1000,S1-743238002,S3,US,selective_v2_compact,0,10,3,1,0,0,0,7,0,7,0.009208661999878132,21,0,0,15,271,158,0.009628142999986267,1,254,253,254,78,1,1,60,2,1,0.04659679699989283
s1_1000,S1-75477466,S2,US,selective_v2_compact,0,10,0,0,1,0,6,10,0,9,0.013830530000291219,28,1,7,21,185,112,0.014220281000007162,6,167,161,167,81,1,1,60,1,6,0.031147214000043277
s1_1000,S1-75477466,S3,US,selective_v2_compact,0,10,0,0,0,3,9,10,0,10,0.013066690000187009,28,3,12,20,157,138,0.013407109000013406,5,143,138,143,74,1,1,60,2,5,0.032213139999953455
s1_1000,S1-327462179,S2,US,selective_v2_compact,0,10,0,0,1,0,5,10,2,7,0.010333362000096713,28,1,6,21,119,105,0.010728491999998369,0,108,108,108,90,1,1,60,1,0,0.01698243900000307
s1_1000,S1-327462179,S3,US,selective_v2_compact,0,10,0,0,1,0,5,10,2,7,0.010325982000040312,28,1,6,21,122,114,0.010707444999979998,1,116,115,116,88,1,1,60,1,1,0.018054074000019682
s1_1000,S1-374066313,S2,US,selective_v2_compact,0,10,2,1,0,0,11,8,0,8,0.030828258999918035,28,1,12,18,263,176,0.03121877199998835,5,211,206,211,79,1,1,60,3,5,0.05601577400000224
s1_1000,S1-374066313,S3,US,selective_v2_compact,0,10,2,1,1,0,9,8,0,7,0.030643229000020256,28,3,12,18,272,188,0.031014980999998443,1,224,223,224,77,1,1,60,2,1,0.05718248100004075
s1_1000,S1-406521568,S2,India,selective_v2_compact,0,10,5,1,1,0,14,5,0,4,0.01344645699987268,45,10,24,10,284,277,0.013904242999956296,3,280,277,280,119,1,1,60,2,3,0.05302791299993714
s1_1000,S1-406521568,S3,India,selective_v2_compact,0,10,2,1,0,0,17,8,1,7,0.09075880099999267,45,6,23,16,201,178,0.0912140629999385,14,192,178,192,81,1,1,60,2,14,0.10614122899994527
s1_1000,S1-111906316,S2,US,selective_v2_compact,0,10,1,1,0,3,8,9,0,9,0.0067456599998649835,28,3,11,19,250,205,0.00716585199995734,48,223,221,269,124,1,1,60,3,47,0.027936782000097082
s1_1000,S1-111906316,S3,US,selective_v2_compact,0,10,1,1,1,3,5,9,0,8,0.007008332000168593,28,6,11,19,223,191,0.007399266999982501,63,209,209,272,132,1,1,60,1,51,0.027622390000033192
s1_1000,S1-529891305,S2,US,selective_v2_compact,0,10,0,0,1,0,4,10,0,9,0.004156677999617386,21,1,5,21,122,102,0.004516449999982797,1,105,104,105,67,1,1,60,3,1,0.01393339300000207
s1_1000,S1-529891305,S3,US,selective_v2_compact,0,10,0,0,4,0,4,10,0,6,0.006282245999955194,21,1,5,21,148,140,0.006625433999943198,0,141,141,141,74,1,1,60,0,0,0.01974426999993284
s1_1000,S1-231036087,S2,India,selective_v2_compact,0,10,7,1,0,0,40,3,0,3,0.020729699999947115,91,21,61,6,195,190,0.02125943599992297,1,191,190,191,95,1,1,60,2,1,0.04314114900000732
s1_1000,S1-231036087,S3,India,selective_v2_compact,0,10,3,1,0,0,40,7,2,5,0.012018690999866521,91,15,55,14,181,169,0.012633757999992667,2,171,169,171,96,1,1,60,2,2,0.03576624999993783
s1_1000,S1-800917539,S2,India,selective_v2_compact,0,10,0,0,0,0,13,10,1,9,0.21629483099980007,120,3,16,22,197,98,0.21789813300006244,0,134,134,134,79,1,1,60,1,0,0.23477348099993378
s1_1000,S1-800917539,S3,India,selective_v2_compact,0,10,4,1,3,0,9,6,0,3,0.003826235000133238,120,0,9,14,188,160,0.005448107999995955,0,187,187,187,58,0,0,58,0,0,0.014595086999975138
s1_1000,S1-462223675,S2,US,selective_v2_compact,0,10,0,0,2,0,6,10,0,8,0.010436939999976858,55,0,6,21,327,86,0.011174490000030346,1,298,297,298,111,1,1,60,2,1,0.03181873599999108
s1_1000,S1-462223675,S3,US,selective_v2_compact,0,10,0,0,0,0,10,10,0,10,0.014067962000240186,55,1,11,21,341,73,0.014771019999898272,1,298,297,298,113,1,1,60,2,1,0.03321403300003567
s1_1000,S1-703195062,S2,India,selective_v2_compact,0,10,0,0,0,0,35,10,2,8,0.04980876799993439,120,36,71,21,136,93,0.0506711189999578,1,108,107,108,91,1,1,60,2,1,0.0626045779999913
s1_1000,S1-703195062,S3,India,selective_v2_compact,0,10,0,0,0,0,52,10,3,7,0.02270447899991268,120,15,67,21,182,148,0.02356792399996266,2,162,160,162,114,1,1,60,3,2,0.043755642000064654
s1_1000,S1-910549892,S2,India,selective_v2_compact,0,10,0,0,1,0,5,10,1,8,0.009955364000006739,55,0,5,22,177,92,0.010696523999968122,1,153,152,153,80,1,1,60,1,1,0.02800828400006594
s1_1000,S1-910549892,S3,India,selective_v2_compact,0,10,0,1,0,0,1,10,1,9,0.01275590600016585,55,0,1,22,229,150,0.01357566699994095,1,202,201,202,76,1,1,60,2,1,0.024889013999995768
s1_1000,S1-277955334,S2,US,selective_v2_compact,0,10,0,0,5,0,3,10,0,5,0.008825767000075757,36,0,3,21,194,113,0.009401508999985708,0,194,194,194,107,1,1,60,0,0,0.03042978199994195
s1_1000,S1-277955334,S3,US,selective_v2_compact,0,10,0,0,0,0,8,10,0,10,0.012598624000133896,36,1,9,21,239,122,0.013090642999941338,0,210,210,210,101,1,1,60,3,0,0.030700333000027058
s1_1000,S1-510267170,S2,India,selective_v2_compact,0,10,0,1,2,0,9,10,1,7,0.018295876999786742,66,0,9,23,232,192,0.019226623000008658,5,223,221,226,81,1,1,60,1,5,0.0674114879999479
s1_1000,S1-510267170,S3,India,selective_v2_compact,0,10,5,1,1,0,7,5,0,4,0.010163616999989245,66,0,7,13,273,223,0.011122790999934296,3,265,265,268,82,1,1,60,1,3,0.0414600540000265
s1_1000,S1-958682608,S2,India,selective_v2_compact,0,10,1,1,0,0,22,9,0,9,0.04524571499996455,105,10,32,21,223,158,0.04637021799999275,1,197,197,198,45,0,0,45,2,1,0.07729768100000456
s1_1000,S1-958682608,S3,India,selective_v2_compact,0,10,0,0,4,0,24,10,1,5,0.19585685600009128,105,3,27,23,102,55,0.1970076299999164,2,87,87,89,49,0,0,49,1,2,0.20329401300000427
s1_1000,S1-485348225,S2,US,selective_v2_compact,0,10,0,0,3,0,6,10,2,5,0.005749326999875848,66,6,12,22,149,122,0.00656944900003964,0,132,132,132,76,1,1,60,3,0,0.01942887999996401
s1_1000,S1-485348225,S3,US,selective_v2_compact,0,10,0,0,2,0,8,10,3,5,0.007950681000011173,66,10,18,22,138,124,0.008698268999978609,1,128,127,128,89,1,1,60,2,1,0.01892849799992291
s1_1000,S1-860341006,S2,India,selective_v2_compact,0,10,0,0,0,0,24,10,1,9,0.013486553000007007,105,28,52,21,171,119,0.014361912000026678,0,135,135,135,90,1,1,60,2,0,0.03821554799992555
s1_1000,S1-860341006,S3,India,selective_v2_compact,0,10,0,1,0,0,27,10,1,9,0.04256145299984837,105,21,48,21,209,157,0.04347031899999365,2,174,172,174,95,1,1,60,3,2,0.06881677000001218
s1_1000,S1-44958416,S2,US,selective_v2_compact,0,10,0,0,0,0,4,10,1,9,0.006879682000089815,45,1,5,21,305,76,0.007543884000028811,1,259,258,259,86,1,1,60,2,1,0.026158306999946035
s1_1000,S1-44958416,S3,US,selective_v2_compact,0,10,0,0,0,0,4,10,1,9,0.0065144150003106915,45,1,5,21,327,69,0.00714478700001564,2,280,278,280,93,1,1,60,3,2,0.02499374199999238
s1_1000,S1-197625875,S2,US,selective_v2_compact,0,10,0,0,0,0,8,10,0,10,0.016297146999818324,28,1,9,22,172,130,0.016670820000058484,0,145,145,145,80,1,1,60,1,0,0.029763135999928636
s1_1000,S1-197625875,S3,US,selective_v2_compact,0,10,0,0,2,0,8,10,0,8,0.017741145000400138,28,1,9,22,174,131,0.018106097999975646,0,144,144,144,78,1,1,60,1,0,0.03294147200006137
s1_1000,S1-933004961,S2,US,selective_v2_compact,0,10,3,1,0,0,5,7,1,6,0.01936858300007316,28,0,5,14,164,159,0.019786780999993425,2,161,159,161,93,1,1,60,2,2,0.034837691000007
s1_1000,S1-933004961,S3,US,selective_v2_compact,0,10,3,1,0,0,5,7,1,6,0.020163452999895526,28,0,5,14,158,154,0.020598248999931457,0,154,154,154,86,1,1,60,1,0,0.03308049099996424
s1_1000,S1-609612010,S2,US,selective_v2_compact,0,10,0,0,0,0,5,10,0,10,0.003114085999754934,45,1,6,23,137,27,0.0036866489999738405,1,73,72,73,67,1,1,60,5,1,0.011399825000012243
s1_1000,S1-609612010,S3,US,selective_v2_compact,0,10,0,0,0,0,5,10,0,10,0.0030664200000956043,45,1,6,24,137,36,0.0037115889999768115,1,117,116,117,75,1,1,60,1,1,0.012942486000042663
s1_1000,S1-24789070,S2,US,selective_v2_compact,0,10,3,1,0,0,8,7,0,7,0.015516251000008197,28,1,9,14,258,240,0.015924227000027713,3,243,240,243,87,1,1,60,3,3,0.0506978060000165
s1_1000,S1-24789070,S3,US,selective_v2_compact,0,10,3,1,0,0,8,7,0,7,0.016661634999877606,28,1,9,14,272,260,0.017066959999965547,0,260,260,260,80,1,1,60,3,0,0.05158333600002152
s1_1000,S1-694967517,S2,India,selective_v2_compact,0,10,3,1,0,0,50,7,1,6,0.023398930000098517,120,10,60,14,160,154,0.02433349000000362,0,154,154,154,91,1,1,60,2,0,0.042329851999966195
s1_1000,S1-694967517,S3,India,selective_v2_compact,0,10,3,1,0,0,49,7,1,6,0.036353100000042105,120,10,59,14,182,175,0.037297155000032944,1,176,175,176,88,1,1,60,4,1,0.05598678299998028
s1_1000,S1-919660109,S2,India,selective_v2_compact,0,10,2,1,1,5,11,8,0,7,0.08343703899993216,45,10,21,16,215,172,0.08392913299996962,0,172,172,172,92,1,1,60,1,0,0.1018070740000212
s1_1000,S1-919660109,S3,India,selective_v2_compact,0,10,2,1,2,5,11,8,0,6,0.11426156700008505,45,10,21,16,212,165,0.11474728300004244,1,166,165,166,89,1,1,60,2,1,0.1405944670000281
s1_1000,S1-954562808,S2,US,selective_v2_compact,0,10,4,1,0,0,9,6,0,6,0.01625929199985876,36,1,10,12,168,163,0.01679973099999188,0,163,163,163,114,1,1,60,3,0,0.03140180499997314
s1_1000,S1-954562808,S3,US,selective_v2_compact,0,10,0,1,1,0,9,10,1,8,0.027329911000151696,36,1,10,20,187,182,0.027811593000024004,0,182,182,182,95,1,1,60,0,0,0.06411563200003911
s1_1000,S1-28896124,S2,US,selective_v2_compact,0,10,0,0,0,0,1,10,0,10,0.003818049999949835,28,0,1,22,208,83,0.004262502000074164,1,194,193,194,97,1,1,60,1,1,0.02295101499998964
s1_1000,S1-28896124,S3,US,selective_v2_compact,0,10,0,0,0,0,1,10,0,10,0.003988905000028353,28,0,1,22,238,77,0.004436370999997052,1,198,197,198,92,1,1,60,3,1,0.027620532000014464
s1_1000,S1-557319843,S2,India,selective_v2_compact,0,10,0,0,0,0,12,10,1,9,0.031214001000080316,66,15,27,23,106,71,0.03184217599994099,1,84,83,84,51,0,0,51,2,1,0.0363203680000197
s1_1000,S1-557319843,S3,India,selective_v2_compact,0,10,6,1,0,0,18,4,0,4,0.010445289999893248,66,6,24,11,192,166,0.01110786399999597,0,178,178,178,53,0,0,53,1,0,0.01957400800006326
s1_1000,S1-516290105,S2,US,selective_v2_compact,0,10,0,0,4,0,6,10,0,6,0.011644416999956775,36,1,7,22,46,31,0.01209577800000261,0,40,40,40,40,0,0,40,1,0,0.014063351999993756
s1_1000,S1-516290105,S3,US,selective_v2_compact,0,10,0,0,1,0,8,10,0,9,0.006952165000029709,36,1,9,21,168,131,0.00747486399995978,3,138,135,138,79,1,1,60,5,3,0.013225293999994392
s1_1000,S1-101840713,S2,US,selective_v2_compact,0,10,0,0,1,0,4,10,0,9,0.007658499999934065,36,1,5,23,169,89,0.00815089800005353,0,127,127,127,94,1,1,60,0,0,0.023084156999971128
s1_1000,S1-101840713,S3,US,selective_v2_compact,0,10,0,0,0,0,4,10,0,10,0.007979357999943204,36,1,5,23,155,89,0.008473803000015323,2,117,115,117,86,1,1,60,1,2,0.02463157800002591
s1_1000,S1-807273946,S2,US,selective_v2_compact,0,10,4,1,1,0,13,6,1,4,0.013922254999897632,36,3,16,12,173,168,0.014316172999997434,1,169,168,169,81,1,1,60,1,1,0.03163221199997679
s1_1000,S1-807273946,S3,US,selective_v2_compact,0,10,4,1,1,0,13,6,1,4,0.014824597000028916,36,3,16,12,183,181,0.01521566899998561,1,182,181,182,85,1,1,60,0,1,0.029318176000060703
s1_1000,S1-362815713,S2,US,selective_v2_compact,0,10,3,1,0,1,2,7,0,7,0.00474538899993604,15,0,2,16,268,184,0.005080601000031493,1,219,218,219,78,1,1,60,3,1,0.026114749999919695
s1_1000,S1-362815713,S3,US,selective_v2_compact,0,10,3,1,0,1,2,7,0,7,0.005196165999791447,15,0,2,15,266,215,0.0055438030000232175,1,257,256,257,117,1,1,60,2,1,0.03517942200005564
s1_1000,S1-118188739,S2,US,selective_v2_compact,0,10,0,0,2,0,7,10,0,8,0.006945890999986659,36,3,10,22,302,14,0.00736781599994174,0,281,281,281,97,1,1,60,0,0,0.018971053000086613
s1_1000,S1-118188739,S3,US,selective_v2_compact,0,10,0,0,0,0,7,10,0,10,0.0074126800000158255,36,3,10,22,315,17,0.007838769000045431,0,280,280,280,97,1,1,60,1,0,0.02128301499999452
s1_1000,S1-503223139,S2,India,selective_v2_compact,0,10,4,1,0,0,41,6,1,5,0.01299630400001206,120,45,86,12,205,198,0.013631322000037471,1,199,198,199,61,1,1,60,1,1,0.03979719300002671
s1_1000,S1-503223139,S3,India,selective_v2_compact,0,10,4,1,0,0,39,6,1,5,0.01112301299997398,120,45,84,12,207,191,0.011759747000041898,2,193,191,193,70,1,1,60,4,2,0.021224311999958445
s1_1000,S1-64197487,S2,US,selective_v2_compact,0,10,2,1,2,0,4,8,0,6,0.008313196000131029,28,1,5,16,212,208,0.008775247000016861,0,208,208,208,80,1,1,60,1,0,0.03534985700002835
s1_1000,S1-64197487,S3,US,selective_v2_compact,0,10,2,1,0,0,4,8,0,8,0.008918170000129066,28,1,5,16,269,250,0.009422368999935316,0,250,250,250,79,1,1,60,3,0,0.038895082000067305
s1_1000,S1-88249277,S2,India,selective_v2_compact,0,10,6,1,0,0,14,4,0,4,0.03542377300016142,78,3,17,12,207,169,0.03634023999995861,0,191,191,191,77,1,1,60,2,0,0.05182942900000853
s1_1000,S1-88249277,S3,India,selective_v2_compact,0,10,0,0,0,0,14,10,0,10,0.017963596999948095,78,0,14,24,112,78,0.018912096000008205,0,95,95,95,67,1,1,60,1,0,0.02672365399996579
s1_1000,S1-225047892,S2,US,selective_v2_compact,0,9,4,1,0,2,3,5,0,5,0.004004857999916567,15,1,4,10,207,203,0.004274809999969875,6,204,203,209,97,1,1,60,2,6,0.012269825999965178
s1_1000,S1-225047892,S3,US,selective_v2_compact,0,9,4,1,0,2,3,5,0,5,0.0042302520000703225,15,1,4,11,248,179,0.004500395000036406,1,239,238,239,118,1,1,60,1,1,0.01393282599997292
s1_1000,S1-208289868,S2,India,selective_v2_compact,0,10,1,1,0,0,35,9,2,7,0.01619139100000666,91,10,45,19,174,160,0.01697414199998093,2,164,162,164,103,1,1,60,2,2,0.041597517000013795
s1_1000,S1-208289868,S3,India,selective_v2_compact,0,10,2,1,1,0,34,8,1,6,0.0477543249998007,91,6,40,17,248,226,0.048571303000016997,3,232,229,232,89,1,1,60,3,3,0.07582520800008297
s1_1000,S1-378019168,S2,India,selective_v2_compact,0,10,0,1,1,0,18,10,0,9,0.035854219000043486,78,10,28,21,316,251,0.03672358500000428,0,266,266,266,105,1,1,60,0,0,0.07413143999997374
s1_1000,S1-378019168,S3,India,selective_v2_compact,0,10,0,1,3,0,18,10,1,6,0.024174758000185648,78,3,21,21,297,269,0.025115183000025354,0,289,289,289,84,1,1,60,0,0,0.06124187600005371
s1_1000,S1-117416889,S2,US,selective_v2_compact,0,10,0,1,2,0,7,10,1,7,0.013813744000117367,66,1,8,20,189,174,0.014789325999913672,1,175,174,175,72,1,1,60,2,1,0.0434723999999278
s1_1000,S1-117416889,S3,US,selective_v2_compact,0,10,2,1,0,0,10,8,0,8,0.00720625799976915,66,3,13,16,183,161,0.008117242000025726,1,162,161,162,87,1,1,60,2,1,0.035141877999990356
s1_1000,S1-1039410,S2,India,selective_v2_compact,0,10,6,1,0,0,32,4,0,4,0.005885774000034871,91,6,38,9,248,194,0.006710715999929562,3,230,227,230,89,1,1,60,5,3,0.018027776000053564
s1_1000,S1-1039410,S3,India,selective_v2_compact,0,10,0,1,0,0,29,10,0,10,0.015361982999934298,91,6,35,21,304,223,0.016258131999961734,2,256,254,256,88,1,1,60,3,2,0.049739732000034564
s1_1000,S1-787831972,S2,India,selective_v2_compact,0,10,6,1,0,0,34,4,0,4,0.015165204000027188,91,10,44,9,184,155,0.015927331999932903,1,168,167,168,50,0,0,50,4,1,0.02525684700003694
s1_1000,S1-787831972,S3,India,selective_v2_compact,0,10,3,1,0,0,37,7,0,7,0.09624700500012295,91,3,40,15,245,226,0.09710634500004289,0,232,232,232,75,1,1,60,1,0,0.1318244420000383
s1_1000,S1-574008304,S2,US,selective_v2_compact,0,10,0,0,4,1,3,10,0,6,0.008577339999533251,15,0,3,20,90,64,0.008861798999987514,26,90,64,90,77,1,1,60,0,26,0.017426209000063864
s1_1000,S1-574008304,S3,US,selective_v2_compact,0,10,0,0,0,1,3,10,0,10,0.008738102999927833,15,0,3,20,110,69,0.008988952999970934,23,92,69,92,74,1,1,60,3,23,0.017715494999947623
s1_1000,S1-970581623,S2,US,selective_v2_compact,0,10,6,1,0,0,2,4,0,4,0.010325049000130093,21,0,2,10,226,200,0.010702804999937143,2,211,210,212,78,1,1,60,2,2,0.0281906010000057
s1_1000,S1-970581623,S3,US,selective_v2_compact,0,10,0,0,3,0,3,10,1,6,0.004346892000171465,21,0,3,22,70,45,0.004650373000004038,0,55,55,55,55,0,0,55,0,0,0.008007766999980959
s1_1000,S1-951410198,S2,India,selective_v2_compact,0,10,7,1,1,0,25,3,0,2,0.010324312000079772,55,6,31,6,184,184,0.010751935000030244,9,184,184,193,91,1,1,60,0,9,0.0199030030000813
s1_1000,S1-951410198,S3,India,selective_v2_compact,0,10,6,1,0,0,23,4,0,4,0.01947805900010735,55,3,26,8,170,168,0.01996619199996985,5,168,168,173,91,1,1,60,4,5,0.028141316000073857
s1_1000,S1-56436840,S2,India,selective_v2_compact,0,10,5,1,0,0,37,5,0,5,0.008621760000096401,78,15,52,10,158,154,0.0090707439999278,2,156,154,156,87,1,1,60,0,2,0.016918195000016567
s1_1000,S1-56436840,S3,India,selective_v2_compact,0,10,7,1,0,0,39,3,0,3,0.014180729000031533,78,10,49,6,177,177,0.01473418600005516,11,177,177,188,78,1,1,60,1,11,0.02415894599994317
s1_1000,S1-919740289,S2,US,selective_v2_compact,0,10,5,1,0,0,7,5,0,5,0.014427426000111154,28,0,7,10,233,217,0.014834734000032768,16,233,217,233,92,1,1,60,0,16,0.03961221499992007
s1_1000,S1-919740289,S3,US,selective_v2_compact,0,10,5,1,0,0,8,5,0,5,0.013592760999927123,28,0,8,10,240,226,0.01399790799996481,8,234,226,234,90,1,1,60,1,8,0.04691938999997092
s1_1000,S1-72039349,S2,India,selective_v2_compact,0,10,5,1,0,0,54,5,1,4,0.015809998000008818,105,10,64,10,191,188,0.016459755000028053,0,188,188,188,83,1,1,60,0,0,0.02574195400006829
s1_1000,S1-72039349,S3,India,selective_v2_compact,0,10,7,1,0,0,49,3,0,3,0.06637700600003882,105,6,55,6,155,152,0.06714149600009023,1,153,152,153,67,1,1,60,3,1,0.08256690999996863
s1_1000,S1-131745165,S2,US,selective_v2_compact,0,10,6,1,0,0,3,4,0,4,0.010215872999992825,28,1,4,9,275,224,0.010673223000026155,29,260,231,260,77,1,1,60,1,29,0.020923102999972798
s1_1000,S1-131745165,S3,US,selective_v2_compact,0,10,3,1,0,0,3,7,1,6,0.011634654999966187,28,1,4,15,280,229,0.012115270999970562,21,262,241,262,84,1,1,60,2,21,0.044262437000043064
s1_1000,S1-527220147,S2,US,selective_v2_compact,0,10,0,0,0,0,2,10,0,10,0.0042860820001351385,36,1,3,22,278,75,0.004854473000023063,1,252,251,252,101,1,1,60,3,1,0.02954047499997614
s1_1000,S1-527220147,S3,US,selective_v2_compact,0,10,0,0,0,0,2,10,0,10,0.004516341000226021,36,1,3,22,299,85,0.005052302000080999,1,278,277,278,107,1,1,60,2,1,0.02696488899994165
s1_1000,S1-810076304,S2,US,selective_v2_compact,0,10,5,1,0,0,7,5,1,4,0.00639407299991035,36,1,8,12,261,196,0.006877666000036697,0,223,223,223,101,1,1,60,3,0,0.01593533400000524
s1_1000,S1-810076304,S3,US,selective_v2_compact,0,10,0,0,0,0,7,10,4,6,0.013623404999862032,36,1,8,22,151,100,0.014079267999932199,0,120,120,120,71,1,1,60,2,0,0.022847107999950822
s1_1000,S1-355916990,S2,India,selective_v2_compact,0,10,0,0,0,0,27,10,0,10,0.009660380000013902,91,15,42,23,147,104,0.010460498000043117,1,132,131,132,78,1,1,60,1,1,0.01725272400005906
s1_1000,S1-355916990,S3,India,selective_v2_compact,0,10,0,0,4,0,31,10,0,6,0.08060714600003394,78,10,41,22,135,110,0.08124510199991164,0,130,130,130,78,1,1,60,1,0,0.09883614199998192
s1_1000,S1-603830615,S2,India,selective_v2_compact,0,10,0,1,0,0,11,10,0,10,0.12471475600023041,66,6,17,22,268,183,0.12562903399998504,2,243,241,243,99,1,1,60,2,2,0.17032403700000032
s1_1000,S1-603830615,S3,India,selective_v2_compact,0,10,0,0,4,0,11,10,1,5,0.05105611999999837,66,1,12,22,185,131,0.05190689999994902,0,181,181,181,86,1,1,60,0,0,0.08518346800008203
s1_1000,S1-203874762,S2,India,selective_v2_compact,0,10,1,1,1,0,8,9,0,8,0.0538991429999669,78,10,18,19,224,175,0.0548874620000106,0,212,212,212,87,1,1,60,2,0,0.0896730890000299
s1_1000,S1-203874762,S3,India,selective_v2_compact,0,10,1,1,1,0,11,9,0,8,0.10351561600009518,78,6,17,19,198,161,0.10446307699999124,0,189,189,189,85,1,1,60,1,0,0.14452223299997513
s1_1000,S1-834983529,S2,US,selective_v2_compact,0,10,0,1,3,0,2,10,0,7,0.02160664100017584,28,1,3,20,182,166,0.02209876000006261,12,168,166,178,94,1,1,60,2,12,0.04660295600001518
s1_1000,S1-834983529,S3,US,selective_v2_compact,0,10,3,1,0,0,4,7,0,7,0.009757793999710884,28,3,7,14,191,180,0.010178239000083522,11,181,180,191,105,1,1,60,3,11,0.02302959300004659
s1_1000,S1-225919167,S2,US,selective_v2_compact,0,10,0,0,2,0,6,10,0,8,0.009155902999964383,28,1,7,22,354,117,0.009568558999944798,0,308,308,308,111,1,1,60,0,0,0.037616802999991705
s1_1000,S1-225919167,S3,US,selective_v2_compact,0,10,0,0,1,0,6,10,0,9,0.00993888400000742,28,1,7,22,400,121,0.010359772000015255,0,345,345,345,110,1,1,60,0,0,0.03138371599993661
s1_1000,S1-272522928,S2,US,selective_v2_compact,0,10,5,1,1,0,3,5,0,4,0.010523253999963345,36,0,3,10,253,250,0.011101754000037545,0,250,250,250,82,1,1,60,2,0,0.038624967000032484
s1_1000,S1-272522928,S3,US,selective_v2_compact,0,10,5,1,0,0,3,5,0,5,0.011216298000022107,36,0,3,10,272,260,0.011811502999989898,2,262,260,262,80,1,1,60,3,2,0.04299434199992902
s1_1000,S1-124849120,S2,India,selective_v2_compact,0,10,0,0,0,0,15,10,1,9,0.07329226699994251,78,21,36,21,143,106,0.07403935900003944,0,123,123,123,78,1,1,60,1,0,0.09671838799999932
s1_1000,S1-124849120,S3,India,selective_v2_compact,0,10,3,1,1,0,14,7,0,6,0.06802397100000235,78,21,35,15,239,209,0.0687661819999903,0,227,227,227,78,1,1,60,2,0,0.09835096500000873
s1_1000,S1-230964033,S2,India,selective_v2_compact,0,10,3,1,0,0,49,7,0,7,0.05949914900020303,120,21,70,14,266,231,0.06034348299999692,0,231,231,231,79,1,1,60,1,0,0.09419350799998938
s1_1000,S1-230964033,S3,India,selective_v2_compact,0,10,3,1,0,0,47,7,0,7,0.020841706999931375,120,15,62,14,224,194,0.021768816999951923,0,194,194,194,76,1,1,60,2,0,0.04408868699999857
s1_1000,S1-613113880,S2,India,selective_v2_compact,0,10,3,1,0,0,30,7,1,6,0.010059740999849964,91,10,40,16,239,150,0.010887368999988212,8,209,208,216,58,0,0,58,2,8,0.042287541000064266
s1_1000,S1-613113880,S3,India,selective_v2_compact,0,10,3,1,0,0,34,7,1,6,0.014454174000206876,91,3,37,16,224,175,0.015308276000041587,7,215,215,222,84,1,1,60,1,7,0.044678693999912866
s1_1000,S1-396803331,S2,India,selective_v2_compact,0,10,0,0,0,0,14,10,2,8,0.15046470400022827,78,10,24,22,134,111,0.15137306299993725,1,113,112,113,85,1,1,60,1,1,0.16304997400004595
s1_1000,S1-396803331,S3,India,selective_v2_compact,0,10,0,0,1,0,18,10,2,7,0.007594216999905257,66,3,21,21,137,118,0.008286970000085603,1,119,118,119,75,1,1,60,1,1,0.014393584000004012
s1_1000,S1-357644530,S2,India,selective_v2_compact,0,10,5,1,0,0,43,5,1,4,0.020955190999984552,78,6,49,11,264,227,0.02153743700000632,0,261,261,261,98,1,1,60,1,0,0.03429765199996382
s1_1000,S1-357644530,S3,India,selective_v2_compact,0,10,3,1,0,0,38,7,2,5,0.027693088000091848,78,3,41,15,291,239,0.028351042000053894,1,279,278,279,101,1,1,60,2,1,0.06547102800004723
s1_1000,S1-212885975,S2,US,selective_v2_compact,0,10,2,1,2,0,8,8,2,4,0.013725403000080405,28,3,11,16,169,162,0.014087531999962266,7,162,162,169,103,1,1,60,0,7,0.049471363999941786
s1_1000,S1-212885975,S3,US,selective_v2_compact,0,10,2,1,0,0,9,8,2,6,0.014745065999818507,28,3,12,16,217,204,0.01514010700009294,10,204,204,214,118,1,1,60,1,10,0.04916520099993704
s1_1000,S1-146611329,S2,US,selective_v2_compact,0,10,0,0,0,1,0,10,0,10,0.0026753449999432632,15,0,0,23,147,27,0.0029378869999163726,2,108,106,108,79,1,1,60,3,2,0.0074656479999930525
s1_1000,S1-146611329,S3,US,selective_v2_compact,0,10,0,0,5,1,0,10,0,5,0.002814271999909579,15,0,0,22,74,39,0.0030656840000347074,1,56,55,56,53,0,0,53,2,1,0.006402475000072627
s1_1000,S1-362088672,S2,India,selective_v2_compact,0,10,1,1,0,0,8,9,1,8,0.058060495000063383,55,6,14,21,188,153,0.05874680100009755,1,171,170,171,72,1,1,60,2,1,0.0947272170000133
s1_1000,S1-362088672,S3,India,selective_v2_compact,0,10,6,1,0,0,11,4,0,4,0.01298440300013226,55,1,12,12,254,190,0.01368471299997509,1,240,239,240,78,1,1,60,2,1,0.024881363000076817
s1_1000,S1-831406252,S2,India,selective_v2_compact,0,10,4,1,1,0,15,6,0,5,0.011714982999933454,55,15,30,13,186,169,0.012215053999966585,1,181,180,181,92,1,1,60,1,1,0.021322337000015068
s1_1000,S1-831406252,S3,India,selective_v2_compact,0,10,1,1,0,0,14,9,0,9,0.0363081709999733,55,15,29,19,240,183,0.036856058000012126,1,198,197,198,90,1,1,60,1,1,0.06197307100001126
s1_1000,S1-603113105,S2,India,selective_v2_compact,0,10,3,1,1,0,17,7,0,6,0.02579915100011476,120,1,18,15,185,152,0.02733694200003356,1,172,171,172,90,1,1,60,4,1,0.04129493400000683
s1_1000,S1-603113105,S3,India,selective_v2_compact,0,10,4,1,0,0,12,6,0,6,0.01780038599974887,120,0,12,13,175,150,0.019330773999968187,0,164,164,164,79,1,1,60,1,0,0.027488616000027832
s1_1000,S1-449694081,S2,US,selective_v2_compact,0,10,0,0,3,0,3,10,0,7,0.00825396799984901,28,0,3,21,368,123,0.00879083500001343,2,355,353,355,114,1,1,60,4,2,0.03308992999996008
s1_1000,S1-449694081,S3,US,selective_v2_compact,0,10,1,1,1,0,4,9,0,8,0.013042571999903885,28,0,4,18,164,157,0.013528408000070158,0,157,157,157,86,1,1,60,1,0,0.032205035999936626
s1_1000,S1-134935361,S2,US,selective_v2_compact,0,10,0,0,0,1,2,10,1,9,0.01357271100005164,15,0,2,21,130,15,0.013827291999973568,7,68,61,68,56,0,0,56,4,7,0.019841638000002604
s1_1000,S1-134935361,S3,US,selective_v2_compact,0,10,0,0,0,1,2,10,1,9,0.014682805000120425,15,0,2,21,113,21,0.014944878000051176,3,77,74,77,60,1,0,60,1,3,0.02111708000006729
s1_1000,S1-270589272,S2,US,selective_v2_compact,0,10,0,1,1,0,6,10,0,9,0.008470865999925081,36,3,9,21,331,257,0.009005807999983517,0,290,290,290,113,1,1,60,3,0,0.044815649999918605
s1_1000,S1-270589272,S3,US,selective_v2_compact,0,10,0,1,0,0,6,10,0,10,0.009076746999767238,36,3,9,21,342,272,0.009644729999990886,1,305,304,305,106,1,1,60,2,1,0.04510552099998222
s1_1000,S1-896456699,S2,US,selective_v2_compact,0,10,0,1,0,1,2,10,0,10,0.008941415000322195,15,0,2,21,204,155,0.009273351000047114,2,185,183,185,97,1,1,60,2,2,0.020345831999975417
s1_1000,S1-896456699,S3,US,selective_v2_compact,0,10,0,1,2,1,2,10,0,8,0.0103858779998518,15,0,2,21,192,165,0.01069411499997841,1,187,186,187,113,1,1,60,2,1,0.02500049399998261
s1_1000,S1-302337739,S2,US,selective_v2_compact,0,10,1,1,0,3,10,9,0,9,0.013709074000075816,28,3,13,18,178,151,0.014026490999981434,4,155,151,155,99,1,1,60,2,4,0.031186972000000424
s1_1000,S1-302337739,S3,US,selective_v2_compact,0,9,4,1,0,5,11,5,0,5,0.0077706910000188145,28,3,14,10,190,185,0.008083651999982067,5,185,185,190,99,1,1,60,2,5,0.02764879500000461
s1_1000,S1-391402138,S2,US,selective_v2_compact,0,10,1,1,0,0,10,9,0,9,0.023484508999899845,28,1,11,19,271,199,0.023847031999935098,1,251,250,251,91,1,1,60,1,1,0.04361020099997859
s1_1000,S1-391402138,S3,US,selective_v2_compact,0,10,4,1,0,0,10,6,0,6,0.018959789999939858,28,1,11,13,241,154,0.01934365700003582,1,224,223,224,104,1,1,60,3,1,0.03832720299999437
s1_1000,S1-281598141,S2,US,selective_v2_compact,0,10,1,1,0,0,6,9,0,9,0.009944505000134995,28,1,7,19,189,155,0.010345396000047913,1,182,181,182,74,1,1,60,1,1,0.02630576599995038
s1_1000,S1-281598141,S3,US,selective_v2_compact,0,10,1,1,0,0,6,9,0,9,0.010731903000305465,28,1,7,19,222,169,0.011187558999949943,1,197,196,197,72,1,1,60,3,1,0.026936364999983198
s1_1000,S1-132547250,S2,US,selective_v2_compact,0,10,4,1,2,1,0,6,0,4,0.0026994239998430203,15,1,1,14,291,164,0.0030056539999350207,1,280,279,280,119,1,1,60,1,1,0.02346619100001135
s1_1000,S1-132547250,S3,US,selective_v2_compact,0,10,4,1,0,1,0,6,0,6,0.002695541999969464,15,1,1,14,317,186,0.0030288240000118094,1,294,293,294,117,1,1,60,2,1,0.021808487000043897
s1_1000,S1-619795965,S2,US,selective_v2_compact,0,10,0,0,1,0,6,10,2,7,0.018205416000000696,36,1,7,21,255,134,0.01873986900000091,0,235,235,235,105,1,1,60,2,0,0.045958890999941104
s1_1000,S1-619795965,S3,US,selective_v2_compact,0,10,2,1,1,0,6,8,1,6,0.01838271200017516,36,1,7,17,299,169,0.018911064999997507,4,275,271,275,101,1,1,60,5,4,0.04958905299997696
s1_1000,S1-649285755,S2,US,selective_v2_compact,0,10,1,1,2,0,4,9,0,7,0.014822725999920294,28,0,4,18,209,185,0.015284547999954157,21,206,185,206,94,1,1,60,0,21,0.03892280699994899
s1_1000,S1-649285755,S3,US,selective_v2_compact,0,10,6,1,0,3,11,4,0,4,0.009422792000009395,28,3,14,8,156,153,0.009718129000020781,30,154,153,183,96,1,1,60,1,30,0.017251789999932043
s1_1000,S1-430030189,S2,India,selective_v2_compact,0,10,6,1,0,0,29,4,0,4,0.00543658499987032,120,10,39,9,194,152,0.0066141659999630065,0,187,187,187,111,1,1,60,2,0,0.016432963999932326
s1_1000,S1-430030189,S3,India,selective_v2_compact,0,10,1,1,0,0,26,9,2,7,0.08216189999996004,120,10,36,19,274,226,0.08346923099998094,0,268,268,268,116,1,1,60,2,0,0.11597052100000838
s1_1000,S1-908464095,S2,US,selective_v2_compact,0,10,2,1,0,0,3,8,1,7,0.014574976000062634,45,0,3,17,209,160,0.015281320999974923,2,188,186,188,90,1,1,60,3,2,0.024590279999983977
s1_1000,S1-908464095,S3,US,selective_v2_compact,0,10,0,0,0,0,4,10,2,8,0.02348486299990782,45,0,4,21,192,103,0.024182819999964522,2,141,139,141,88,1,1,60,5,2,0.04006259899995257
s1_1000,S1-439426602,S2,US,selective_v2_compact,0,10,1,1,0,0,7,9,0,9,0.007258109999952467,28,1,8,18,215,171,0.007671608000009655,5,176,171,176,81,1,1,60,2,5,0.021507600999939314
s1_1000,S1-439426602,S3,US,selective_v2_compact,0,10,1,1,0,0,7,9,0,9,0.007795103000034942,28,1,8,18,205,183,0.008202643999993597,3,186,183,186,84,1,1,60,1,3,0.02698501899999428
s1_1000,S1-632127045,S2,US,selective_v2_compact,0,10,0,0,1,0,2,10,0,9,0.006011452999928224,21,0,2,22,156,129,0.0063950999999633495,1,135,134,135,77,1,1,60,2,1,0.02362104199994519
s1_1000,S1-632127045,S3,US,selective_v2_compact,0,10,0,0,0,0,2,10,0,10,0.006368492000092374,21,0,2,22,188,141,0.0067431050000550385,3,150,147,150,78,1,1,60,3,3,0.025157262999982777
s1_1000,S1-698552884,S2,US,selective_v2_compact,0,10,0,1,0,0,4,10,0,10,0.008695452000097248,28,1,5,21,240,162,0.009170487999995203,0,217,217,217,109,1,1,60,3,0,0.025009124999996857
s1_1000,S1-698552884,S3,US,selective_v2_compact,0,10,1,1,0,0,6,9,0,9,0.005469317000006413,28,1,7,18,175,165,0.005913357999929758,0,165,165,165,77,1,1,60,2,0,0.039119707000054404
s1_1000,S1-774996232,S2,India,selective_v2_compact,0,10,5,1,0,7,23,5,0,5,0.006967659000110871,66,21,44,11,298,215,0.0074315370000022085,4,270,266,270,98,1,1,60,2,4,0.03184184399992773
s1_1000,S1-774996232,S3,India,selective_v2_compact,0,10,4,1,0,0,26,6,1,5,0.010535487000083776,66,15,41,13,238,168,0.011015288000066903,2,227,225,227,98,1,1,60,2,2,0.02139470099996288
s1_1000,S1-452456543,S2,US,selective_v2_compact,0,10,3,1,1,0,7,7,1,5,0.022877078999954392,28,1,8,14,184,177,0.023288154999931976,0,177,177,177,78,1,1,60,1,0,0.04240124500006459
s1_1000,S1-452456543,S3,US,selective_v2_compact,0,10,3,1,1,0,8,7,0,6,0.015982457000063732,28,1,9,14,179,178,0.016368694999982836,0,178,178,178,106,1,1,60,0,0,0.03728800400006094
s1_1000,S1-585894096,S2,India,selective_v2_compact,0,10,0,0,0,0,20,10,1,9,0.01507946600008836,66,10,30,23,129,93,0.015775415000007342,5,105,100,105,79,1,1,60,3,5,0.027632006999965597
s1_1000,S1-585894096,S3,India,selective_v2_compact,0,10,0,1,0,0,22,10,2,8,0.0302607790000593,55,3,25,22,194,171,0.03085385600002155,5,181,176,181,80,1,1,60,2,5,0.05405025300001398
s1_1000,S1-454927333,S2,India,selective_v2_compact,0,10,2,1,0,0,54,8,3,5,0.018674331999932292,120,10,64,16,228,227,0.01957156000003124,5,227,227,232,105,1,1,60,0,5,0.043005953000033514
s1_1000,S1-454927333,S3,India,selective_v2_compact,0,10,4,1,0,0,55,6,1,5,0.014160954000089987,120,10,65,12,243,238,0.015021766000018033,8,239,238,246,112,1,1,60,0,8,0.040407035000043834
s1_1000,S1-724124543,S2,US,selective_v2_compact,0,10,2,1,1,0,7,8,1,6,0.007939418999967529,28,3,10,16,169,166,0.00831059200004347,1,167,166,167,80,1,1,60,1,1,0.03687503700007255
s1_1000,S1-724124543,S3,US,selective_v2_compact,0,10,2,1,0,0,7,8,1,7,0.009030213999835723,28,3,10,16,202,195,0.009434790999989673,1,196,195,196,81,1,1,60,1,1,0.04055247899998449
s1_1000,S1-373841520,S2,US,selective_v2_compact,0,10,0,0,2,0,4,10,0,8,0.008032229000150437,21,1,5,22,246,110,0.008351564000008693,0,231,231,231,93,1,1,60,0,0,0.027952684000069894
s1_1000,S1-373841520,S3,US,selective_v2_compact,0,10,0,0,2,0,4,10,0,8,0.008315081999967333,21,1,5,22,290,122,0.00866571999995358,0,273,273,273,107,1,1,60,0,0,0.026708783000003677
s1_1000,S1-478665448,S2,India,selective_v2_compact,0,10,1,1,1,0,29,9,0,8,0.024645767000038177,66,15,44,19,281,248,0.025136040999996112,2,271,269,271,99,1,1,60,2,2,0.06729185000006055
s1_1000,S1-478665448,S3,India,selective_v2_compact,0,10,3,1,0,0,31,7,0,7,0.01783506799972656,66,6,37,15,221,167,0.0183401799999956,4,198,194,198,90,1,1,60,4,4,0.029743913999936922
s1_1000,S1-31916694,S2,US,selective_v2_compact,0,10,2,1,1,0,2,8,0,7,0.006031699000004664,21,1,3,16,178,175,0.00639925299992683,1,176,175,176,79,1,1,60,2,1,0.029455047000055856
s1_1000,S1-31916694,S3,US,selective_v2_compact,0,10,5,1,0,0,3,5,0,5,0.005655608999859396,21,3,6,10,222,210,0.006000394000011511,6,214,210,216,82,1,1,60,5,6,0.028908580000006623
s1_1000,S1-178240398,S2,India,selective_v2_compact,0,10,6,1,0,0,29,4,0,4,0.0065614099999038444,120,10,39,9,223,181,0.00772693499993693,2,208,206,208,85,1,1,60,3,2,0.02206408500001089
s1_1000,S1-178240398,S3,India,selective_v2_compact,0,10,2,1,1,0,29,8,1,6,0.010148768000021846,120,6,35,17,199,171,0.011407004000034249,1,194,193,194,98,1,1,60,3,1,0.0284175489999825
s1_1000,S1-805720916,S2,India,selective_v2_compact,0,10,0,0,0,0,10,10,2,8,0.011609309000050416,36,6,16,21,59,41,0.011973081999940405,1,45,44,45,45,0,0,45,2,1,0.017506014999980835
s1_1000,S1-805720916,S3,India,selective_v2_compact,0,10,0,0,0,0,10,10,2,8,0.012299009000003025,36,3,13,21,67,55,0.012679627000011351,0,58,58,58,58,0,0,58,3,0,0.01700201599999218
s1_1000,S1-785012599,S2,US,selective_v2_compact,0,10,0,0,4,0,3,10,0,6,0.006862965999971493,66,3,6,22,252,108,0.00778015499997764,0,233,233,233,106,1,1,60,2,0,0.03776570399998036
s1_1000,S1-785012599,S3,US,selective_v2_compact,0,10,0,0,1,0,5,10,0,9,0.008325986000045305,66,6,11,23,220,40,0.00916164000000208,0,202,202,202,115,1,1,60,1,0,0.02346953299991128
s1_1000,S1-570330505,S2,US,selective_v2_compact,0,10,5,1,0,1,1,5,0,5,0.0032947799999192284,15,1,2,11,301,204,0.0036223240000481383,1,284,283,284,115,1,1,60,2,1,0.014642717000015182
s1_1000,S1-570330505,S3,US,selective_v2_compact,0,10,4,1,0,1,1,6,1,5,0.005167770000184646,15,1,2,13,289,203,0.00550528700000541,1,272,271,272,79,1,1,60,2,1,0.01616085099999509
s1_1000,S1-580407687,S2,US,selective_v2_compact,0,10,5,1,0,0,10,5,0,5,0.017742306999934954,28,1,11,10,194,185,0.018102719000012257,17,186,185,202,118,1,1,60,2,17,0.0322584130000223
s1_1000,S1-580407687,S3,US,selective_v2_compact,0,10,5,1,1,0,10,5,0,4,0.018802289999939603,28,1,11,10,164,164,0.019159313999921324,15,164,164,179,120,1,1,60,0,15,0.035294980000003306
s1_1000,S1-195964451,S2,US,selective_v2_compact,0,10,5,1,0,0,2,5,0,5,0.003207653999879767,28,1,3,11,198,151,0.00365515399994365,1,173,172,173,89,1,1,60,2,1,0.01664734500002396
s1_1000,S1-195964451,S3,US,selective_v2_compact,0,10,5,1,0,0,2,5,0,5,0.0033169299999826762,28,1,3,11,222,179,0.0037959889999683583,2,205,203,205,83,1,1,60,1,2,0.017483969999943838
s1_1000,S1-863383578,S2,India,selective_v2_compact,0,10,2,1,0,0,38,8,1,7,0.107036790999814,105,15,53,18,188,179,0.10789895200002775,0,181,181,181,79,1,1,60,1,0,0.13961064199997963
s1_1000,S1-863383578,S3,India,selective_v2_compact,0,10,3,1,0,0,38,7,1,6,0.02211598800010961,105,15,53,16,223,211,0.02297553199991853,0,213,213,213,79,1,1,60,2,0,0.033260810000001584
s1_1000,S1-398966822,S2,India,selective_v2_compact,0,10,4,1,0,0,14,6,0,6,0.0026811570000973006,55,6,20,12,194,150,0.0032606150000447087,7,151,150,157,83,1,1,60,1,7,0.010864469000011923
s1_1000,S1-398966822,S3,India,selective_v2_compact,0,10,6,1,0,0,14,4,0,4,0.008099292999872887,55,3,17,9,233,163,0.008702714000037304,8,201,201,209,63,1,1,60,1,8,0.018558645999974033
s1_1000,S1-47693061,S2,US,selective_v2_compact,0,10,0,0,5,1,2,10,0,5,0.0012611229998356066,15,0,2,22,130,18,0.0014862399999628906,1,115,114,115,74,1,1,60,2,1,0.006190720999939003
s1_1000,S1-47693061,S3,US,selective_v2_compact,0,10,0,0,0,1,2,10,0,10,0.0012117550000994015,15,0,2,22,161,28,0.0014763970000331028,0,128,128,128,77,1,1,60,2,0,0.008076355999946827
s1_1000,S1-901993448,S2,US,selective_v2_compact,0,10,0,0,4,0,3,10,2,4,0.00676818599993112,36,1,4,22,124,91,0.007290564999948401,0,121,121,121,74,1,1,60,1,0,0.01224192100005439
s1_1000,S1-901993448,S3,US,selective_v2_compact,0,10,0,0,0,0,6,10,2,8,0.008167953999986821,36,3,9,21,116,83,0.008683419000021786,3,96,93,96,74,1,1,60,3,3,0.021104250000007596
s1_1000,S1-360702411,S2,US,selective_v2_compact,0,10,0,0,3,0,2,10,1,6,0.008178580999924634,28,0,2,21,383,130,0.008666518999916661,2,372,370,372,100,1,1,60,3,2,0.040572528999973656
s1_1000,S1-360702411,S3,US,selective_v2_compact,0,10,1,1,1,0,4,9,0,8,0.010556087999816555,28,1,5,19,491,220,0.011073903000010432,4,460,456,460,110,1,1,60,5,4,0.058604724000019814
s1_1000,S1-773565090,S2,India,selective_v2_compact,0,10,6,1,0,0,8,4,0,4,0.005845887999953447,45,6,14,8,212,208,0.006367391000026146,3,211,208,211,80,1,1,60,1,3,0.02925771600007465
s1_1000,S1-773565090,S3,India,selective_v2_compact,0,10,5,1,0,0,9,5,0,5,0.009859111999958259,45,1,10,10,192,158,0.010437540999987505,5,158,158,163,85,1,1,60,2,5,0.02198952100002316
s1_1000,S1-585207831,S2,India,selective_v2_compact,0,10,0,0,0,0,25,10,2,8,0.02003789700006564,66,10,35,22,197,134,0.020630179999898246,4,169,165,169,80,1,1,60,1,4,0.035363891999963926
s1_1000,S1-585207831,S3,India,selective_v2_compact,0,10,1,1,0,0,23,9,2,7,0.017918260000215014,66,3,26,20,234,197,0.018571478000012576,4,220,216,220,80,1,1,60,2,4,0.04280744099992262
s1_1000,S1-531136752,S2,India,selective_v2_compact,0,10,2,1,0,0,22,8,1,7,0.0438209760003474,91,15,37,17,193,160,0.04469452000000729,1,173,172,173,90,1,1,60,1,1,0.06162282499997218
s1_1000,S1-531136752,S3,India,selective_v2_compact,0,10,2,1,2,0,21,8,0,6,0.028195095000000947,91,10,31,17,178,156,0.029180487999951765,1,167,166,167,90,1,1,60,3,1,0.045631791999994675
s1_1000,S1-442467030,S2,India,selective_v2_compact,0,10,7,1,0,0,11,3,0,3,0.004062621000002764,55,10,21,7,171,160,0.004587646999993922,0,166,166,166,83,1,1,60,2,0,0.0221308019999924
s1_1000,S1-442467030,S3,India,selective_v2_compact,0,10,3,1,1,0,9,7,0,6,0.013923838000096112,55,10,19,15,303,182,0.014616741999930127,1,184,183,184,58,0,0,58,1,1,0.03546290500003124
s1_1000,S1-92482405,S2,India,selective_v2_compact,0,10,3,1,1,0,11,7,0,6,0.00656695500015303,45,3,14,15,284,263,0.007172895999929096,5,273,268,273,118,1,1,60,2,5,0.04367190699997536
s1_1000,S1-92482405,S3,India,selective_v2_compact,0,10,1,1,1,0,11,9,0,8,0.013353150999819263,55,3,14,20,217,183,0.014055665000000772,14,202,188,202,96,1,1,60,1,14,0.040266106999979456
s1_1000,S1-199571794,S2,India,selective_v2_compact,0,10,0,0,0,0,20,10,2,8,0.12717632799979128,66,3,23,20,87,67,0.12783963500010032,2,69,67,69,62,1,1,60,2,2,0.13856645300006676
s1_1000,S1-199571794,S3,India,selective_v2_compact,0,10,6,1,0,0,14,4,0,4,0.010496133000060581,66,3,17,8,226,221,0.011233174999915718,1,222,221,222,78,1,1,60,2,1,0.02179653899997902
s1_1000,S1-595727822,S2,US,selective_v2_compact,0,10,5,1,0,0,5,5,1,4,0.012187750999942182,28,1,6,10,218,216,0.012603439000031358,0,216,216,216,95,1,1,60,1,0,0.03717242499999429
s1_1000,S1-595727822,S3,US,selective_v2_compact,0,10,5,1,0,0,6,5,1,4,0.013542729000050713,28,1,7,10,259,255,0.013957296000057795,0,255,255,255,97,1,1,60,2,0,0.04966154400005962
s1_1000,S1-364678319,S2,US,selective_v2_compact,0,10,0,0,1,0,0,10,0,9,0.0028158290000419584,21,0,0,25,208,104,0.003198645999987093,1,186,185,186,79,1,1,60,2,1,0.024112618999993174
s1_1000,S1-364678319,S3,US,selective_v2_compact,0,10,0,0,3,0,0,10,0,7,0.003010632000041369,21,0,0,25,214,114,0.003385565999906248,0,195,195,195,79,1,1,60,0,0,0.03648889800001598
s1_1000,S1-872214081,S2,India,selective_v2_compact,0,10,6,1,0,0,25,4,0,4,0.008118255999988833,55,10,35,8,198,191,0.008524974000010843,6,197,191,197,99,1,1,60,0,6,0.028049097999996775
s1_1000,S1-872214081,S3,India,selective_v2_compact,0,10,6,1,0,0,28,4,0,4,0.00927840000008473,55,3,31,8,238,221,0.009766945000023952,10,231,221,231,83,1,1,60,2,10,0.020383068000001003
s1_1000,S1-377086058,S2,US,selective_v2_compact,0,10,0,0,2,0,4,10,0,8,0.006557753000038247,28,1,5,22,170,97,0.006961384999954134,0,151,151,151,90,1,1,60,2,0,0.016103944999940722
s1_1000,S1-377086058,S3,US,selective_v2_compact,0,10,0,0,0,0,4,10,0,10,0.007300080999812053,28,1,5,21,160,124,0.007721731000060572,2,136,134,136,76,1,1,60,3,2,0.019864174000076673
s1_1000,S1-990461902,S2,US,selective_v2_compact,0,10,0,0,1,0,8,10,1,8,0.010540745000071183,36,6,14,22,64,26,0.010897116000023743,2,32,30,32,32,0,0,32,4,2,0.013323810999963825
s1_1000,S1-990461902,S3,US,selective_v2_compact,0,10,0,0,4,0,8,10,1,5,0.016452701000275738,36,6,14,22,59,41,0.01681511199990382,0,44,44,44,44,0,0,44,0,0,0.020416801999999734
s1_1000,S1-967594427,S2,India,selective_v2_compact,0,10,2,1,0,7,32,8,2,6,0.06817805000002863,66,10,42,17,225,196,0.06867591399998219,1,208,207,208,90,1,1,60,2,1,0.10300291700002617
s1_1000,S1-967594427,S3,India,selective_v2_compact,0,10,2,1,3,0,30,8,2,3,0.09836795300009271,66,6,36,17,177,164,0.09896844300010343,0,172,172,172,80,1,1,60,0,0,0.12244978199998968
s1_1000,S1-824991198,S2,US,selective_v2_compact,0,9,3,1,2,2,4,6,0,4,0.010182751000115786,15,0,4,13,375,150,0.01046766199999638,4,368,364,368,118,1,1,60,3,4,0.024744972999997117
s1_1000,S1-824991198,S3,US,selective_v2_compact,0,9,4,1,1,2,3,5,0,4,0.010852340000042204,15,1,4,11,412,175,0.011148423999998158,8,406,398,406,118,1,1,60,2,8,0.027141378999999688
s1_1000,S1-623746049,S2,US,selective_v2_compact,0,10,5,1,0,2,4,5,0,5,0.008850088000144751,21,3,7,11,390,200,0.009206951999999546,90,379,379,469,165,1,1,60,1,51,0.02751704399997834
s1_1000,S1-623746049,S3,US,selective_v2_compact,0,10,5,1,1,2,4,5,0,4,0.009350180000069486,21,3,7,11,379,206,0.00971275900008095,85,378,378,463,163,1,1,60,1,46,0.02800545900004181
s1_1000,S1-635266124,S2,India,selective_v2_compact,0,10,3,1,0,0,38,7,1,6,0.00925880700003745,91,10,48,14,199,187,0.00998250099996767,0,187,187,187,79,1,1,60,2,0,0.03340183499994964
s1_1000,S1-635266124,S3,India,selective_v2_compact,0,10,5,1,0,0,40,5,1,4,0.017036191999977746,91,6,46,10,248,246,0.01777528999991773,1,246,246,247,109,1,1,60,2,1,0.05475287299998399
s1_1000,S1-12615942,S2,US,selective_v2_compact,0,10,3,1,1,0,3,7,0,6,0.0062922850003133135,21,1,4,14,263,241,0.006691292000027715,1,242,241,242,78,1,1,60,1,1,0.03100643300001593
s1_1000,S1-12615942,S3,US,selective_v2_compact,0,10,4,1,0,0,4,6,0,6,0.0046673289997443135,21,1,5,12,164,158,0.004999008000027061,0,158,158,158,47,0,0,47,2,0,0.01116885099997944
s1_1000,S1-468418914,S2,US,selective_v2_compact,0,10,4,1,0,0,8,6,0,6,0.016214956999760943,28,1,9,12,159,153,0.016614452999988316,0,153,153,153,114,1,1,60,4,0,0.028817491999916456
s1_1000,S1-468418914,S3,US,selective_v2_compact,0,10,4,1,1,0,8,6,0,5,0.01801855400015029,28,1,9,12,150,150,0.018394252000007327,0,150,150,150,120,1,1,60,0,0,0.029429609999965578
s1_1000,S1-717312031,S2,India,selective_v2_compact,0,9,0,0,0,8,13,9,1,8,0.032906868000281975,36,6,19,19,194,126,0.03330148600002758,1,144,143,144,97,1,1,60,1,1,0.04304977100002816
s1_1000,S1-717312031,S3,India,selective_v2_compact,0,9,0,0,1,8,16,9,1,7,0.043288910000001124,36,3,19,19,201,133,0.04367450300003384,3,162,159,162,104,1,1,60,2,3,0.05620074499995553
s1_1000,S1-292535402,S2,India,selective_v2_compact,0,7,0,0,0,6,17,7,2,5,0.006794764000119358,45,15,32,15,136,92,0.007030867000025864,0,125,125,125,62,1,1,60,2,0,0.012920183000005636
s1_1000,S1-292535402,S3,India,selective_v2_compact,0,7,0,0,3,5,23,7,2,2,0.019883581999920352,45,10,33,15,100,73,0.020101343999954224,0,99,99,99,63,1,1,60,0,0,0.024819100999934562
s1_1000,S1-959890049,S2,India,selective_v2_compact,0,10,6,1,0,0,28,4,0,4,0.015520537000156764,66,15,43,8,234,223,0.015982756999960657,1,224,223,224,71,1,1,60,3,1,0.04587792100005572
s1_1000,S1-959890049,S3,India,selective_v2_compact,0,10,6,1,1,0,29,4,0,3,0.013785122000058436,66,15,44,8,188,179,0.014211143000011361,1,179,179,180,58,0,0,58,1,1,0.02283479199991234
s1_1000,S1-256737973,S2,US,selective_v2_compact,0,10,0,0,5,0,6,10,0,5,0.0063173439999673064,55,1,7,21,24,21,0.007008655999925395,0,22,22,22,22,0,0,22,1,0,0.010216770000056385
s1_1000,S1-256737973,S3,US,selective_v2_compact,0,10,0,0,2,0,14,10,1,7,0.009408194000002368,55,3,17,21,110,93,0.010001281999961975,0,105,105,105,66,1,1,60,1,0,0.025740436999967642
s1_1000,S1-159212707,S2,India,selective_v2_compact,0,10,7,1,0,0,51,3,0,3,0.005292882999924586,120,21,72,6,191,177,0.006124018000036813,12,177,177,189,76,1,1,60,0,12,0.01607063799997377
s1_1000,S1-159212707,S3,India,selective_v2_compact,0,10,2,1,0,0,51,8,2,6,0.017779760000053102,120,15,66,16,254,227,0.018665008999960264,18,227,227,245,115,1,1,60,1,18,0.05140940700005103
s1_1000,S1-580580616,S2,India,selective_v2_compact,0,10,0,0,1,0,31,10,2,7,0.04239815299979455,120,6,37,21,131,120,0.04370753900002455,7,124,124,131,50,0,0,50,0,7,0.053627628999947774
s1_1000,S1-580580616,S3,India,selective_v2_compact,0,10,0,0,1,0,27,10,1,8,0.03640104200007954,120,3,30,21,88,79,0.03769090399998731,9,82,82,91,57,0,0,57,0,9,0.047429751000095166
s1_1000,S1-386088143,S2,India,selective_v2_compact,0,10,5,1,0,0,53,5,0,5,0.017577574999904755,120,21,74,10,249,196,0.018363510999961363,8,201,196,204,88,1,1,60,0,8,0.04029136600001948
s1_1000,S1-386088143,S3,India,selective_v2_compact,0,10,6,1,0,0,51,4,0,4,0.016136076999941906,120,15,66,8,230,217,0.016982102000042687,7,217,217,224,90,1,1,60,0,7,0.046760822000010194
s1_1000,S1-994360372,S2,US,selective_v2_compact,0,10,0,0,2,0,7,10,1,7,0.03354544299997997,45,0,7,20,122,120,0.03420529799996075,0,120,120,120,80,1,1,60,1,0,0.05141146399989793
s1_1000,S1-994360372,S3,US,selective_v2_compact,0,10,2,1,0,0,13,8,2,6,0.04445272899988595,45,1,14,16,196,194,0.04502144200000657,0,194,194,194,100,1,1,60,2,0,0.06774239200001375
s1_1000,S1-417824853,S2,US,selective_v2_compact,0,10,1,1,4,0,3,9,0,5,0.004985133999980462,45,1,4,20,287,250,0.005698020000068027,0,282,282,282,101,1,1,60,1,0,0.034066779999989194
s1_1000,S1-417824853,S3,US,selective_v2_compact,0,10,3,1,1,0,8,7,0,6,0.005775439999865739,45,3,11,15,230,207,0.006362803000001804,1,222,221,222,77,1,1,60,3,1,0.03508870500002104
s1_1000,S1-57586886,S2,US,selective_v2_compact,0,10,0,1,2,0,9,10,1,7,0.013368780999712726,45,1,10,20,198,190,0.014013093000016852,16,191,190,206,96,1,1,60,2,16,0.04121936199999254
s1_1000,S1-57586886,S3,US,selective_v2_compact,0,10,1,1,1,0,12,9,2,6,0.010102059000018926,45,3,15,18,158,158,0.010605447000102686,10,158,158,168,95,1,1,60,0,10,0.030424864999986312
s1_1000,S1-417823242,S2,US,selective_v2_compact,0,10,0,0,0,0,6,10,1,9,0.017140658999892366,66,0,6,22,281,105,0.018124496999917028,0,248,248,248,96,1,1,60,2,0,0.033860398000001624
s1_1000,S1-417823242,S3,US,selective_v2_compact,0,10,0,0,0,0,7,10,1,9,0.018750756999907026,66,0,7,22,348,123,0.01967652899998029,0,301,301,301,96,1,1,60,3,0,0.042428562999930364
s1_1000,S1-651379105,S2,US,selective_v2_compact,0,10,5,1,0,0,11,5,0,5,0.014716840000005504,36,1,12,10,182,175,0.015214527000011913,1,176,175,176,73,1,1,60,2,1,0.02204233200006911
s1_1000,S1-651379105,S3,US,selective_v2_compact,0,10,3,1,1,0,15,7,0,6,0.020364851999829625,36,3,18,14,160,158,0.02072738600008961,0,158,158,158,80,1,1,60,0,0,0.0393676730000152
s1_1000,S1-575249679,S2,US,selective_v2_compact,0,10,2,1,0,0,12,8,1,7,0.018835728999874846,45,1,13,17,473,227,0.01941660700003922,1,448,447,448,101,1,1,60,1,1,0.05278289600005337
s1_1000,S1-575249679,S3,US,selective_v2_compact,0,10,3,1,1,0,13,7,0,6,0.012459349999744518,45,1,14,15,389,175,0.013003074000039305,0,385,385,385,118,1,1,60,1,0,0.043577247000030184
s1_1000,S1-393317943,S2,US,selective_v2_compact,0,10,0,0,2,0,6,10,0,8,0.014123111999879256,45,0,6,22,199,123,0.014756124999962594,1,175,174,175,82,1,1,60,2,1,0.031217077999940557
s1_1000,S1-393317943,S3,US,selective_v2_compact,0,10,2,1,1,0,9,8,0,7,0.014455507999969086,45,1,10,17,194,156,0.015042752999988807,0,186,186,186,79,1,1,60,2,0,0.031572618000041075
s1_1000,S1-584163881,S2,India,selective_v2_compact,0,10,4,1,0,11,60,6,0,6,0.027320359999976063,120,28,88,12,198,182,0.027918225000007624,0,182,182,182,104,1,1,60,2,0,0.06475416199998563
s1_1000,S1-584163881,S3,India,selective_v2_compact,0,10,5,1,0,0,61,5,0,5,0.01102925700013202,120,28,89,10,167,153,0.011575948999961838,1,154,153,154,103,1,1,60,3,1,0.01956224299999576
s1_1000,S1-982163117,S2,India,selective_v2_compact,0,10,0,0,1,0,16,10,1,8,0.011890673000038987,66,3,19,23,165,114,0.012627066000050036,1,135,134,135,87,1,1,60,1,1,0.02774193400000513
s1_1000,S1-982163117,S3,India,selective_v2_compact,0,10,6,1,0,0,15,4,0,4,0.08787107100010871,66,1,16,12,271,181,0.08865187499998228,0,238,238,238,95,1,1,60,2,0,0.1098982009999645
s1_1000,S1-839782760,S2,US,selective_v2_compact,0,10,0,0,6,0,1,10,0,4,0.0026557129999673634,21,0,1,21,118,55,0.0029880119999461385,0,115,115,115,83,1,1,60,0,0,0.013142868000045382
s1_1000,S1-839782760,S3,US,selective_v2_compact,0,10,0,0,0,0,1,10,0,10,0.0029977219998045257,21,0,1,20,85,59,0.003341105000004063,2,61,59,61,42,0,0,42,4,2,0.013114151999957357
s1_1000,S1-900544442,S2,US,selective_v2_compact,0,10,4,1,0,0,13,6,0,6,0.015271240000174657,55,1,14,12,173,154,0.015929301999904055,3,157,154,157,78,1,1,60,2,3,0.0325383410000768
s1_1000,S1-900544442,S3,US,selective_v2_compact,0,10,4,1,0,0,13,6,0,6,0.016246415000068737,55,1,14,12,175,157,0.016926520000083656,1,158,157,158,79,1,1,60,4,1,0.0291112959999964
s1_1000,S1-877625799,S2,US,selective_v2_compact,0,10,0,0,4,0,5,10,0,6,0.004208801999993739,45,1,6,21,217,59,0.004821318999916002,0,204,204,204,99,1,1,60,2,0,0.012904662000096323
s1_1000,S1-877625799,S3,US,selective_v2_compact,0,10,0,0,2,0,7,10,0,8,0.007406796000054783,45,3,10,21,278,101,0.008013632000029247,0,244,244,244,116,1,1,60,0,0,0.029160460999946736
s1_1000,S1-479499953,S2,US,selective_v2_compact,0,10,0,0,2,0,7,10,2,6,0.014202042000306392,55,1,8,21,143,74,0.014919643999974141,0,141,141,141,89,1,1,60,0,0,0.03202715800000533
s1_1000,S1-479499953,S3,US,selective_v2_compact,0,10,0,0,2,0,8,10,2,6,0.011616940999715553,55,1,9,21,169,91,0.01235138700008065,0,155,155,155,97,1,1,60,3,0,0.03192084399995565
s1_1000,S1-240192562,S2,India,selective_v2_compact,0,10,1,1,1,0,21,9,0,8,0.2124911850000899,120,28,49,21,314,202,0.21362415199996576,4,287,287,291,89,1,1,60,1,4,0.2687585050000507
s1_1000,S1-240192562,S3,India,selective_v2_compact,0,10,0,0,4,0,31,10,2,4,0.24341991500000404,120,15,46,23,218,99,0.24458404699998937,5,184,184,189,90,1,1,60,0,5,0.26756752999995115
s1_1000,S1-67984413,S2,US,selective_v2_compact,0,10,1,1,2,0,4,9,0,7,0.005420365000190941,21,1,5,20,312,178,0.005811083000025974,0,279,279,279,78,1,1,60,2,0,0.03586520700002893
s1_1000,S1-67984413,S3,US,selective_v2_compact,0,10,1,1,1,0,4,9,0,8,0.005294058000231416,21,1,5,20,335,199,0.0056986829999914335,0,297,297,297,82,1,1,60,1,0,0.030787342999929024
s1_1000,S1-929709760,S2,India,selective_v2_compact,0,10,4,1,1,0,29,6,0,5,0.007788699999991877,105,3,32,12,280,268,0.009027968000054898,1,269,268,269,76,1,1,60,1,1,0.051796479000017825
s1_1000,S1-929709760,S3,India,selective_v2_compact,0,10,5,1,0,0,24,5,0,5,0.009491702999866902,105,3,27,10,192,183,0.01071339899999657,0,183,183,183,76,1,1,60,1,0,0.019878036000022803
s1_1000,S1-645580244,S2,US,selective_v2_compact,0,10,0,0,3,0,0,10,1,6,0.012924834000045848,21,0,0,21,199,49,0.013294518000066091,3,189,186,189,87,1,1,60,2,3,0.023052065000001676
s1_1000,S1-645580244,S3,US,selective_v2_compact,0,10,0,0,2,0,0,10,1,7,0.011515343999803918,21,0,0,21,218,69,0.011904326000035326,2,203,201,203,94,1,1,60,3,2,0.024079477999976007
s1_1000,S1-379116236,S2,US,selective_v2_compact,0,10,1,1,2,0,5,9,0,7,0.05936804700013454,21,1,6,20,331,188,0.05975090499998714,4,307,303,307,118,1,1,60,3,4,0.09656797899992853
s1_1000,S1-379116236,S3,US,selective_v2_compact,0,10,2,1,0,0,5,8,0,8,0.06263873299997158,21,1,6,18,299,164,0.06299808999995093,3,272,269,272,117,1,1,60,1,3,0.09419892000005348
s1_1000,S1-859902423,S2,India,selective_v2_compact,0,10,2,1,0,0,27,8,1,7,0.2071599329996161,91,6,33,18,208,185,0.20805892200007747,4,197,196,200,81,1,1,60,2,4,0.22667744000000312
s1_1000,S1-859902423,S3,India,selective_v2_compact,0,10,5,1,0,0,24,5,0,5,0.01069587200015576,91,3,27,12,225,206,0.011789920000069287,10,216,216,226,86,1,1,60,1,10,0.03882848800003558
s1_1000,S1-625988141,S2,India,selective_v2_compact,0,10,0,0,2,0,13,10,2,6,0.08609183499993378,55,3,16,22,111,68,0.08673690500006614,0,92,92,92,57,0,0,57,1,0,0.10010303000001386
s1_1000,S1-625988141,S3,India,selective_v2_compact,0,10,0,0,2,0,10,10,3,5,0.09100392100003774,55,1,11,22,76,43,0.09170777600002111,0,65,65,65,60,1,0,60,2,0,0.104622582999923
s1_1000,S1-419938998,S2,US,selective_v2_compact,0,10,4,1,2,0,0,6,0,4,0.006594086000063726,15,0,0,12,272,271,0.006962031000057323,0,271,271,271,42,0,0,42,0,0,0.03396241799998734
s1_1000,S1-419938998,S3,US,selective_v2_compact,0,10,4,1,4,0,1,6,0,2,0.0055783519999295095,15,0,1,12,201,201,0.005895369999961986,0,201,201,201,80,1,1,60,0,0,0.014134139000020696
s1_1000,S1-772622400,S2,US,selective_v2_compact,0,10,2,1,0,0,7,8,1,7,0.014209513000082552,28,1,8,16,167,155,0.014600223999991613,1,156,155,156,77,1,1,60,2,1,0.028342006000002584
s1_1000,S1-772622400,S3,US,selective_v2_compact,0,10,1,1,0,0,7,9,1,8,0.05280986399986887,28,1,8,18,165,156,0.053250929000000724,0,156,156,156,79,1,1,60,1,0,0.06858472900000834
s1_1000,S1-830083936,S2,India,selective_v2_compact,0,10,6,1,0,0,16,4,0,4,0.005596633999857659,66,3,19,10,166,159,0.006303605999960382,0,163,163,163,78,1,1,60,1,0,0.0138622670000359
s1_1000,S1-830083936,S3,India,selective_v2_compact,0,10,2,1,0,0,16,8,0,8,0.13704146100008074,66,3,19,18,180,154,0.13779733799992755,7,159,158,165,83,1,1,60,1,7,0.1606947200000377
s1_1000,S1-439222980,S2,US,selective_v2_compact,0,10,6,1,1,0,4,4,0,3,0.012016081999945527,21,0,4,8,174,173,0.012372641000069962,1,173,173,174,79,1,1,60,0,1,0.02242540099996404
s1_1000,S1-439222980,S3,US,selective_v2_compact,0,10,6,1,1,0,4,4,0,3,0.012889085000097111,21,0,4,8,187,185,0.013232954000045538,3,186,185,188,81,1,1,60,1,3,0.02852914600009626
s1_1000,S1-402531107,S2,US,selective_v2_compact,0,10,0,1,1,0,3,10,1,8,0.01582191799980137,21,0,3,20,207,190,0.01621863899993059,2,192,190,192,88,1,1,60,1,2,0.046610413000053086
s1_1000,S1-402531107,S3,US,selective_v2_compact,0,10,2,1,1,0,4,8,0,7,0.01492511599997215,21,0,4,16,243,228,0.015322073999982422,0,228,228,228,79,1,1,60,2,0,0.03755382500003179
s1_1000,S1-100625394,S2,US,selective_v2_compact,0,10,2,1,0,0,4,8,0,8,0.009883006000109162,21,0,4,16,187,172,0.010254251999981534,0,172,172,172,103,1,1,60,1,0,0.03388493399995696
s1_1000,S1-100625394,S3,US,selective_v2_compact,0,10,2,1,0,0,4,8,0,8,0.01198711699987598,21,0,4,16,238,215,0.012395682000033048,2,217,215,217,106,1,1,60,2,2,0.040456508000033864
s1_1000,S1-877581624,S2,India,selective_v2_compact,0,10,0,1,0,0,43,10,2,8,0.045863913000061984,105,10,53,21,208,175,0.04671270500000446,1,192,191,192,92,1,1,60,2,1,0.0794336999999814
s1_1000,S1-877581624,S3,India,selective_v2_compact,0,10,2,1,0,0,41,8,1,7,0.29044141299993953,105,6,47,17,204,158,0.29148423100002674,0,181,181,181,96,1,1,60,2,0,0.32091294899998957
s1_1000,S1-403408940,S2,US,selective_v2_compact,0,10,0,0,2,0,3,10,1,7,0.00617604700028096,21,1,4,21,173,64,0.006506041999955414,1,166,165,166,98,1,1,60,1,1,0.024755302000016854
s1_1000,S1-403408940,S3,US,selective_v2_compact,0,10,0,0,0,0,3,10,1,9,0.006423538000035478,21,1,4,21,210,75,0.006748720000018693,4,190,186,190,98,1,1,60,1,4,0.024557126999980028
s1_1000,S1-817995330,S2,US,selective_v2_compact,0,10,0,0,1,0,2,10,1,8,0.015123175999974592,21,0,2,21,160,117,0.015495624999971369,0,151,151,151,76,1,1,60,1,0,0.024512033000064548
s1_1000,S1-817995330,S3,US,selective_v2_compact,0,10,3,1,1,0,3,7,1,5,0.009581647000004523,21,1,4,15,195,155,0.009935229999996409,0,188,188,188,82,1,1,60,0,0,0.018665174000034312
s1_1000,S1-76269912,S2,US,selective_v2_compact,0,10,0,0,4,0,2,10,1,5,0.008821259000114878,28,0,2,20,138,133,0.009273509999957241,1,134,133,134,92,1,1,60,3,1,0.026947859999950197
s1_1000,S1-76269912,S3,US,selective_v2_compact,0,10,5,1,0,0,6,5,0,5,0.008131349999985105,28,1,7,10,174,167,0.008527444000037576,1,168,167,168,110,1,1,60,1,1,0.015259521000075438
s1_1000,S1-849465705,S2,India,selective_v2_compact,0,10,0,0,2,0,19,10,5,3,0.03239445799988516,78,1,20,21,62,57,0.03325812200000655,0,61,61,61,58,0,0,58,0,0,0.045967212000050495
s1_1000,S1-849465705,S3,India,selective_v2_compact,0,10,6,1,0,0,15,4,0,4,0.005387054000152602,78,1,16,9,176,157,0.0062851330000057715,2,170,168,170,96,1,1,60,3,2,0.01849973499997759
s1_1000,S1-995508551,S2,US,selective_v2_compact,0,10,0,0,0,0,0,10,0,10,0.0015042799998354894,28,0,0,24,196,76,0.0020213990000002013,1,156,155,156,76,1,1,60,3,1,0.008383219000052122
s1_1000,S1-995508551,S3,US,selective_v2_compact,0,10,0,0,2,0,1,10,0,8,0.0015386960001251282,28,0,1,24,196,90,0.0019855440000355884,1,172,171,172,76,1,1,60,1,1,0.009728024000082769
s1_1000,S1-690122386,S2,India,selective_v2_compact,0,10,0,0,0,0,14,10,2,8,0.06130182600008993,66,10,24,20,132,98,0.06199121100007687,0,98,98,98,72,1,1,60,1,0,0.0700593870000148
s1_1000,S1-690122386,S3,India,selective_v2_compact,0,10,1,1,3,0,18,9,0,6,0.01719372700006261,66,6,24,18,168,167,0.01786940199997389,0,167,167,167,91,1,1,60,1,0,0.04341227199995501
s1_1000,S1-143958303,S2,India,selective_v2_compact,0,10,1,1,0,0,22,9,2,7,0.07524909000017033,91,36,58,18,270,248,0.07595788700007233,0,248,248,248,85,1,1,60,0,0,0.12157330000002275
s1_1000,S1-143958303,S3,India,selective_v2_compact,0,10,1,1,1,0,32,9,2,6,0.027480220000029476,91,21,53,18,205,200,0.02813110899990079,0,200,200,200,90,1,1,60,0,0,0.050237806999916756
s1_1000,S1-738848231,S2,India,selective_v2_compact,0,10,2,1,0,0,17,8,0,8,0.11392899199995554,78,6,23,17,179,160,0.11485031100005472,1,163,162,163,66,1,1,60,3,1,0.13095568000005642
s1_1000,S1-738848231,S3,India,selective_v2_compact,0,10,1,1,0,0,17,9,0,9,0.3625237419997802,78,3,20,19,174,163,0.3634821320000583,0,166,166,166,54,0,0,54,2,0,0.3900712030000477
s1_1000,S1-157899985,S2,US,selective_v2_compact,0,10,0,0,0,0,4,10,0,10,0.010648905000039122,21,1,5,22,307,96,0.010995598000022255,2,252,250,252,92,1,1,60,3,2,0.025683995000008508
s1_1000,S1-157899985,S3,US,selective_v2_compact,0,8,0,0,3,2,4,8,0,5,0.011952636000046368,15,1,5,17,311,127,0.012231507000024067,0,275,275,275,110,1,1,60,0,0,0.027371574000085275
s1_1000,S1-107809366,S2,US,selective_v2_compact,0,10,0,0,3,0,2,10,0,7,0.0037082600000530874,28,0,2,23,529,66,0.0042028999999956795,1,502,501,502,74,1,1,60,2,1,0.03692828200007625
s1_1000,S1-107809366,S3,US,selective_v2_compact,0,10,1,1,1,0,3,9,0,8,0.013051631999815072,28,0,3,20,425,176,0.013569404999998369,0,397,397,397,102,1,1,60,1,0,0.038395351999952254
s1_1000,S1-256569351,S2,US,selective_v2_compact,0,10,3,1,1,1,2,7,1,5,0.006293151000136277,15,0,2,14,165,164,0.006596134000005804,0,164,164,164,81,1,1,60,0,0,0.030823617000010017
s1_1000,S1-256569351,S3,US,selective_v2_compact,0,10,0,1,2,0,2,10,0,8,0.016767142999924545,21,0,2,21,261,234,0.017214673000012226,1,236,235,236,78,1,1,60,1,1,0.04765485399991576
s1_1000,S1-878489591,S2,US,selective_v2_compact,0,10,5,1,0,0,15,5,0,5,0.01526677499998641,36,3,18,10,162,156,0.015614093000067442,0,156,156,156,113,1,1,60,2,0,0.02844258400000399
s1_1000,S1-878489591,S3,US,selective_v2_compact,0,10,5,1,0,0,15,5,0,5,0.016266507000068486,36,3,18,10,166,163,0.0166617000000997,0,163,163,163,118,1,1,60,1,0,0.02714343499997085
s1_1000,S1-369930027,S2,US,selective_v2_compact,0,10,0,0,0,0,1,10,0,10,0.003414277000160837,15,0,1,20,111,99,0.0036915550000458097,1,100,99,100,72,1,1,60,1,1,0.015511966999952165
s1_1000,S1-369930027,S3,US,selective_v2_compact,0,10,0,0,0,0,1,10,0,10,0.0036535820000835884,15,0,1,20,149,139,0.003956928999969023,1,140,139,140,79,1,1,60,1,1,0.013707882000062455
s1_1000,S1-588917480,S2,US,selective_v2_compact,0,10,0,0,0,0,4,10,1,9,0.011999237999930301,28,0,4,20,126,91,0.012424045999978262,5,96,91,96,89,1,1,60,4,5,0.020611702999985937
s1_1000,S1-588917480,S3,US,selective_v2_compact,0,10,0,0,2,0,4,10,1,7,0.012212777000172537,28,0,4,20,94,86,0.01262578000000758,0,86,86,86,80,1,1,60,1,0,0.020951919000026464
s1_1000,S1-915271485,S2,US,selective_v2_compact,0,10,0,0,0,0,5,10,0,10,0.011328558999935012,36,0,5,22,172,129,0.011841634000006707,1,141,140,141,77,1,1,60,2,1,0.023740947999954187
s1_1000,S1-915271485,S3,US,selective_v2_compact,0,10,0,0,2,0,5,10,0,8,0.011749571000109427,36,0,5,22,160,126,0.01225354200005313,0,137,137,137,79,1,1,60,1,0,0.026672078000046895
s1_1000,S1-491663549,S2,India,selective_v2_compact,0,10,1,1,0,0,48,9,4,5,0.01570452299995395,120,6,54,18,190,188,0.01677304199995433,0,188,188,188,65,1,1,60,1,0,0.053730873000063184
s1_1000,S1-491663549,S3,India,selective_v2_compact,0,10,8,1,0,0,45,2,0,2,0.004587738000054742,120,3,48,4,201,197,0.0056417270000110875,0,197,197,197,78,1,1,60,1,0,0.030261247999987972
s1_1000,S1-837791612,S2,US,selective_v2_compact,0,10,0,0,6,0,1,10,0,4,0.0063064720000056695,21,0,1,22,267,78,0.006692385999940598,0,263,263,263,93,1,1,60,1,0,0.02650459000005867
s1_1000,S1-837791612,S3,US,selective_v2_compact,0,10,0,0,2,0,1,10,0,8,0.00679596999975729,21,0,1,22,344,93,0.007196145000079923,2,322,320,322,92,1,1,60,4,2,0.03051560700009759
s1_1000,S1-708875578,S2,US,selective_v2_compact,0,10,6,1,0,0,9,4,0,4,0.013030414999889217,28,1,10,8,187,187,0.013395716999980323,0,187,187,187,67,1,1,60,0,0,0.020686701999920842
s1_1000,S1-708875578,S3,US,selective_v2_compact,0,10,4,1,2,0,10,6,1,3,0.0175022790000412,28,1,11,12,154,154,0.01783237500001178,0,154,154,154,79,1,1,60,0,0,0.024059899000008045
s1_1000,S1-932863304,S2,India,selective_v2_compact,0,10,4,1,0,0,35,6,1,5,0.02991058999998586,78,6,41,12,258,250,0.030586070000026666,0,250,250,250,77,1,1,60,1,0,0.06493729199996778
s1_1000,S1-932863304,S3,India,selective_v2_compact,0,10,5,1,1,0,36,5,0,4,0.007504932000074405,78,6,42,10,184,180,0.008110733000080472,1,181,180,181,72,1,1,60,1,1,0.016676128999961293
s1_1000,S1-22592434,S2,India,selective_v2_compact,0,10,5,1,0,0,36,5,0,5,0.01835908299995026,78,15,51,10,264,245,0.018924384000001737,10,255,245,255,83,1,1,60,2,10,0.05622959400000127
s1_1000,S1-22592434,S3,India,selective_v2_compact,0,10,6,1,0,0,38,4,0,4,0.032392565999998624,78,6,44,8,161,159,0.033038708000049155,15,159,159,174,84,1,1,60,2,15,0.04767357000002903
s1_1000,S1-753567061,S2,US,selective_v2_compact,0,10,3,1,3,0,1,7,1,3,0.012380256000028567,28,3,4,15,207,205,0.012863937000020087,0,207,207,207,116,1,1,60,0,0,0.038680984000052376
s1_1000,S1-753567061,S3,US,selective_v2_compact,0,10,3,1,0,0,1,7,1,6,0.012243301999774303,28,3,4,15,240,221,0.012742956000010963,2,226,224,226,108,1,1,60,3,2,0.043768255000031786
s1_1000,S1-920312712,S2,US,selective_v2_compact,0,10,0,0,0,0,4,10,1,9,0.006491406999998617,21,1,5,20,116,103,0.006804999999985739,1,104,103,104,78,1,1,60,1,1,0.028164398999933837
s1_1000,S1-920312712,S3,US,selective_v2_compact,0,10,0,0,0,0,4,10,1,9,0.006338153000001512,21,1,5,20,150,116,0.006667515999993157,3,119,116,119,73,1,1,60,4,3,0.02940655500003686
s1_1000,S1-588083504,S2,US,selective_v2_compact,0,10,5,1,0,0,7,5,0,5,0.005614178000087122,28,3,10,12,193,155,0.005959778000033111,0,172,172,172,75,1,1,60,1,0,0.012739581999994698
s1_1000,S1-588083504,S3,US,selective_v2_compact,0,10,4,1,0,0,7,6,0,6,0.013464509000186808,28,3,10,14,217,169,0.013823658999967847,1,190,189,190,79,1,1,60,1,1,0.02928841100003865
s1_1000,S1-564696590,S2,India,selective_v2_compact,0,10,4,1,0,0,36,6,0,6,0.023712441000043327,105,6,42,13,201,181,0.024646180000104323,1,194,194,195,77,1,1,60,1,1,0.03484962700008509
s1_1000,S1-564696590,S3,India,selective_v2_compact,0,10,3,1,0,0,35,7,0,7,0.031259063999868886,105,1,36,15,223,205,0.03242391800006317,0,217,217,217,89,1,1,60,2,0,0.05489471999999296
s1_1000,S1-526955963,S2,US,selective_v2_compact,0,10,0,0,0,0,2,10,0,10,0.005463722000172311,21,0,2,20,65,51,0.005786228999909326,1,52,51,52,52,0,0,52,1,1,0.01054756799999268
s1_1000,S1-526955963,S3,US,selective_v2_compact,0,10,0,0,3,0,2,10,0,7,0.006091710999953648,21,0,2,20,97,89,0.006446847999995953,2,91,89,91,57,0,0,57,3,2,0.0169842369999742
s1_1000,S1-607228456,S2,US,selective_v2_compact,0,10,0,1,1,0,12,10,0,9,0.021059359999981098,45,3,15,21,167,161,0.021586735999903794,0,162,162,162,87,1,1,60,0,0,0.03905371099995136
s1_1000,S1-607228456,S3,US,selective_v2_compact,0,10,2,1,0,0,12,8,0,8,0.018862442999875384,45,3,15,17,156,150,0.019384085999945455,0,151,151,151,89,1,1,60,1,0,0.0327865680000059
s1_1000,S1-294128890,S2,US,selective_v2_compact,0,10,1,1,2,0,11,9,0,7,0.021644233000074564,36,1,12,18,198,189,0.02211439400002746,0,189,189,189,92,1,1,60,3,0,0.0435455169999841
s1_1000,S1-294128890,S3,US,selective_v2_compact,0,10,5,1,0,0,17,5,0,5,0.015225727999904848,36,3,20,10,225,218,0.015591878999998698,0,218,218,218,81,1,1,60,1,0,0.038218368000002556
s1_1000,S1-324330374,S2,India,selective_v2_compact,0,10,3,1,0,0,12,7,0,7,0.02679154700001618,55,6,18,16,238,162,0.027441532000011648,1,217,216,217,89,1,1,60,2,1,0.042074997999975494
s1_1000,S1-324330374,S3,India,selective_v2_compact,0,10,6,1,0,0,15,4,0,4,0.014231281000093077,55,1,16,10,236,170,0.014867395999999644,0,233,233,233,78,1,1,60,1,0,0.025711860000001252
s1_1000,S1-876046208,S2,US,selective_v2_compact,0,10,3,1,0,0,5,7,0,7,0.02121827899998152,28,0,5,16,301,150,0.021650971000099162,1,261,260,261,116,1,1,60,2,1,0.04097315100000287
s1_1000,S1-876046208,S3,US,selective_v2_compact,0,10,0,1,0,0,5,10,0,10,0.031107018000170683,28,0,5,22,484,290,0.031644809999988865,3,423,420,423,113,1,1,60,3,3,0.07551570800001173
s1_1000,S1-2775762,S2,India,selective_v2_compact,0,10,0,0,0,0,24,10,1,9,0.01176053600022442,120,6,30,20,162,145,0.0130862349999461,3,145,145,148,82,1,1,60,1,3,0.026933804999998756
s1_1000,S1-2775762,S3,India,selective_v2_compact,0,10,3,1,0,0,20,7,1,6,0.010443760999919505,120,3,23,14,230,213,0.011953290999940691,8,214,213,221,83,1,1,60,3,8,0.036392576000025656
s1_1000,S1-912112234,S2,India,selective_v2_compact,0,10,0,0,0,0,43,10,3,7,0.016765994000138562,120,21,64,21,180,112,0.01766889100008484,1,157,156,157,97,1,1,60,1,1,0.034541556000021956
s1_1000,S1-912112234,S3,India,selective_v2_compact,0,10,0,0,0,0,41,10,3,7,0.01949941400005173,120,10,51,21,189,119,0.020554992000029415,0,168,168,168,88,1,1,60,2,0,0.039456026000038946
s1_1000,S1-874610060,S2,US,selective_v2_compact,0,10,4,1,0,0,8,6,0,6,0.006246353000051386,36,1,9,13,390,159,0.0067532049999954324,1,369,368,369,108,1,1,60,4,1,0.026002384000094025
s1_1000,S1-874610060,S3,US,selective_v2_compact,0,10,3,1,0,0,8,7,1,6,0.009163393000108044,36,1,9,15,395,155,0.009712357000012162,2,378,376,378,113,1,1,60,3,2,0.0446519789999229
s1_1000,S1-525927764,S2,India,selective_v2_compact,0,10,0,0,0,0,34,10,0,10,0.011805388999960087,120,28,62,20,159,137,0.012725464999903124,0,137,137,137,77,1,1,60,2,0,0.02990989099998842
s1_1000,S1-525927764,S3,India,selective_v2_compact,0,10,1,1,0,0,35,9,1,8,0.024743804000081582,120,21,56,18,191,174,0.025730340999984946,0,174,174,174,53,0,0,53,2,0,0.05158232799999496
s1_1000,S1-856303483,S2,India,selective_v2_compact,0,10,6,1,0,6,20,4,0,4,0.006158842999980152,55,15,35,9,223,184,0.00656833599998663,0,212,212,212,82,1,1,60,2,0,0.028717895999989196
s1_1000,S1-856303483,S3,India,selective_v2_compact,0,10,3,1,0,6,20,7,0,7,0.03792849799992837,55,15,35,15,312,277,0.038393263999978444,0,298,298,298,79,1,1,60,1,0,0.07426789800001643
s1_1000,S1-325932018,S2,US,selective_v2_compact,0,10,0,0,0,1,0,10,0,10,0.007946632999960457,15,0,0,21,151,97,0.008243919000051392,2,113,111,113,78,1,1,60,1,2,0.02436292400000184
s1_1000,S1-325932018,S3,US,selective_v2_compact,0,10,0,0,0,0,0,10,0,10,0.01706015499996738,21,0,0,24,179,61,0.01746111399995698,2,130,128,130,83,1,1,60,2,2,0.024294932999964658
s1_1000,S1-822391359,S2,US,selective_v2_compact,0,10,0,0,3,0,6,10,1,6,0.00905250900007104,36,1,7,21,92,72,0.009528579000061654,1,81,80,81,75,1,1,60,3,1,0.022295411000072818
s1_1000,S1-822391359,S3,US,selective_v2_compact,0,10,0,0,1,0,10,10,1,8,0.013176951999980702,36,3,13,21,130,94,0.013616146999993362,0,107,107,107,103,1,1,60,3,0,0.020538747000045987
s1_1000,S1-774181170,S2,India,selective_v2_compact,0,10,5,1,2,0,15,5,1,2,0.006138487999919562,36,3,18,11,169,168,0.006516328999964571,0,169,169,169,80,1,1,60,1,0,0.014254493000066759
s1_1000,S1-774181170,S3,India,selective_v2_compact,0,10,5,1,0,0,15,5,0,5,0.027902951000100984,36,3,18,11,208,201,0.028280736000056095,2,205,203,205,80,1,1,60,1,2,0.04663569199999529
s1_1000,S1-22215156,S2,US,selective_v2_compact,0,10,5,1,1,0,4,5,0,4,0.004638526000007914,36,0,4,11,236,154,0.005172956000023987,1,230,229,230,81,1,1,60,1,1,0.014060748000019885
s1_1000,S1-22215156,S3,US,selective_v2_compact,0,10,0,1,0,0,8,10,2,8,0.011085609000019758,36,1,9,21,314,212,0.011646147999954337,0,289,289,289,116,1,1,60,2,0,0.045054310000068654
s1_1000,S1-615231492,S2,US,selective_v2_compact,0,10,0,0,0,0,5,10,0,10,0.008360410999785017,36,3,8,21,222,133,0.00887522700008958,1,208,207,208,107,1,1,60,1,1,0.04035614600002191
s1_1000,S1-615231492,S3,US,selective_v2_compact,0,10,0,0,2,0,6,10,0,8,0.008032794000200738,36,3,9,21,196,111,0.008497478999970554,0,184,184,184,98,1,1,60,2,0,0.030728800000019874
s1_1000,S1-294036444,S2,US,selective_v2_compact,0,10,1,1,3,0,12,9,0,6,0.021150989000148,55,1,13,18,156,155,0.02185169599999881,1,156,155,156,78,1,1,60,1,1,0.04626313799997206
s1_1000,S1-294036444,S3,US,selective_v2_compact,0,10,4,1,0,0,19,6,0,6,0.013609471999757261,55,3,22,12,175,166,0.014173550999998952,0,166,166,166,91,1,1,60,1,0,0.021182580999948186
s1_1000,S1-850721810,S2,India,selective_v2_compact,0,10,0,1,0,0,20,10,1,9,0.048109191000321516,78,3,23,22,238,161,0.0490599199999906,0,227,227,227,113,1,1,60,0,0,0.07057162499995684
s1_1000,S1-850721810,S3,India,selective_v2_compact,0,10,0,0,2,0,18,10,1,7,0.02086168199991789,78,0,18,22,186,130,0.021801704000040445,0,179,179,179,106,1,1,60,3,0,0.038166742000043996
s1_1000,S1-113429852,S2,US,selective_v2_compact,0,10,0,1,1,0,8,10,0,9,0.017982351999762614,28,1,9,21,268,171,0.018420358999946984,118,240,233,351,151,1,1,60,1,45,0.04868500599991421
s1_1000,S1-113429852,S3,US,selective_v2_compact,0,10,0,0,1,3,5,10,0,9,0.05064321600002586,28,6,11,21,225,132,0.05103341899996394,112,204,189,301,134,1,1,60,2,45,0.0672227049999492
s1_1000,S1-804056563,S2,India,selective_v2_compact,0,10,5,1,0,0,32,5,0,5,0.012509529999874758,105,15,47,11,194,150,0.013434992000043167,5,179,179,184,115,1,1,60,2,5,0.02297715000008793
s1_1000,S1-804056563,S3,India,selective_v2_compact,0,10,0,1,0,0,28,10,1,9,0.08240984200028834,105,15,43,21,283,217,0.08345188600003439,13,259,246,259,95,1,1,60,1,13,0.1273773740000479
s1_1000,S1-337477995,S2,India,selective_v2_compact,0,10,0,0,2,0,29,10,2,6,0.023031035000030897,78,15,44,20,126,116,0.023630762000038885,0,116,116,116,77,1,1,60,1,0,0.04624907200002326
s1_1000,S1-337477995,S3,India,selective_v2_compact,0,10,5,1,0,0,31,5,1,4,0.007806265999874995,78,6,37,10,169,156,0.008462405000045692,1,157,156,157,57,0,0,57,4,1,0.015875593000032495
s1_1000,S1-923720466,S2,India,selective_v2_compact,0,10,5,1,1,0,28,5,0,4,0.0167666449999615,55,3,31,10,183,183,0.017234824000070148,0,183,183,183,80,1,1,60,0,0,0.04116703399995458
s1_1000,S1-923720466,S3,India,selective_v2_compact,0,10,4,1,0,0,23,6,0,6,0.014691329999891423,55,1,24,12,226,210,0.015250233999950069,2,212,210,212,71,1,1,60,2,2,0.03266592100010257
s1_1000,S1-109291552,S2,US,selective_v2_compact,0,10,5,1,0,0,8,5,0,5,0.013845116000197777,28,1,9,10,222,216,0.014235778999932336,1,217,216,217,64,1,1,60,2,1,0.022500655999920127
s1_1000,S1-109291552,S3,US,selective_v2_compact,0,10,5,1,0,0,8,5,0,5,0.014592049000043517,28,1,9,10,218,213,0.014999049000039122,0,213,213,213,60,1,0,60,1,0,0.02339673500000572
s1_1000,S1-832856617,S2,US,selective_v2_compact,0,10,5,1,2,2,6,5,0,3,0.0063823499999671185,21,1,7,11,407,162,0.0067164170000069134,7,407,400,407,120,1,1,60,0,7,0.022138729999937823
s1_1000,S1-832856617,S3,US,selective_v2_compact,0,10,5,1,0,2,6,5,0,5,0.006995692000145937,21,1,7,10,202,186,0.007299374000012904,9,195,186,195,79,1,1,60,3,9,0.015078581000011582
s1_1000,S1-854476336,S2,US,selective_v2_compact,0,10,4,1,1,0,11,6,1,4,0.005394034999881114,36,1,12,13,363,154,0.005848378999985471,35,354,353,388,122,1,1,60,2,35,0.021524974000044494
s1_1000,S1-854476336,S3,US,selective_v2_compact,0,10,4,1,0,0,9,6,1,5,0.0056842179999421205,36,3,12,13,350,155,0.006142493999959697,38,337,335,373,129,1,1,60,2,38,0.02257728099993983
s1_1000,S1-934968490,S2,India,selective_v2_compact,0,10,0,0,2,0,8,10,2,6,0.07168592100015303,120,0,8,22,199,135,0.07329897099998561,0,188,188,188,89,1,1,60,3,0,0.09901512099997944
s1_1000,S1-934968490,S3,India,selective_v2_compact,0,10,3,1,2,0,1,7,1,4,0.015350157000057152,120,0,1,17,246,176,0.01702962199999547,0,243,243,243,80,1,1,60,0,0,0.047250554000015654
s1_1000,S1-121693037,S2,India,selective_v2_compact,0,10,3,1,0,0,38,7,0,7,0.017529037000031167,105,15,53,15,173,159,0.01833618699993167,0,166,166,166,60,1,0,60,0,0,0.03359740700000202
s1_1000,S1-121693037,S3,India,selective_v2_compact,0,10,1,1,1,0,41,9,1,7,0.02697361700006695,105,10,51,19,180,173,0.027835034999952768,0,176,176,176,77,1,1,60,0,0,0.044186640000020816
s1_1000,S1-542540887,S2,US,selective_v2_compact,0,10,0,0,0,0,5,10,2,8,0.01301620399976855,45,1,6,21,101,71,0.013613181999971857,1,76,75,76,65,1,1,60,4,1,0.01784423199990215
s1_1000,S1-542540887,S3,US,selective_v2_compact,0,10,0,0,1,0,6,10,1,8,0.009394864000114467,45,1,7,22,118,62,0.00999277500000062,1,102,101,102,79,1,1,60,1,1,0.015776685000105317
s1_1000,S1-706889130,S2,US,selective_v2_compact,0,10,6,1,0,0,10,4,1,3,0.005988162000107877,28,1,11,8,158,158,0.0063070549999793,17,158,158,175,81,1,1,60,2,17,0.013222111999994013
s1_1000,S1-706889130,S3,US,selective_v2_compact,0,10,6,1,0,0,11,4,1,3,0.00622491700005412,28,1,12,8,160,156,0.0065343940000275325,16,156,156,172,89,1,1,60,1,16,0.013325781999924402
s1_1000,S1-587051623,S2,US,selective_v2_compact,0,10,0,0,0,3,10,10,0,10,0.009465274999911344,28,3,13,21,106,76,0.009751150000056441,0,86,86,86,72,1,1,60,1,0,0.024887884000008853
s1_1000,S1-587051623,S3,US,selective_v2_compact,0,10,0,0,2,3,10,10,0,8,0.011563671999851977,28,3,13,21,117,103,0.011877215999902546,0,108,108,108,76,1,1,60,1,0,0.03182909800000289
s1_1000,S1-648916840,S2,US,selective_v2_compact,0,10,3,1,0,0,5,7,0,7,0.0052478370000699215,28,3,8,14,160,150,0.0056418450000137454,1,151,150,151,96,1,1,60,2,1,0.019327777000057722
s1_1000,S1-648916840,S3,US,selective_v2_compact,0,10,3,1,1,0,5,7,0,6,0.005598105999865766,28,3,8,14,156,152,0.0059778600000299775,0,152,152,152,99,1,1,60,1,0,0.02246295000009013
s1_1000,S1-216234074,S2,India,selective_v2_compact,0,10,0,0,1,0,3,10,0,9,0.10005035300014242,66,10,13,23,178,131,0.10089946899995539,2,148,146,148,103,1,1,60,2,2,0.11130129400009992
s1_1000,S1-216234074,S3,India,selective_v2_compact,0,10,3,1,2,0,7,7,1,4,0.06355049399996915,66,3,10,17,190,165,0.06446555899992745,0,184,184,184,104,1,1,60,1,0,0.07743454700005259
s1_1000,S1-4179197,S2,India,selective_v2_compact,0,10,0,0,0,0,15,10,0,10,0.012243091999835087,55,3,18,22,140,92,0.012850813000000016,1,102,101,102,71,1,1,60,2,1,0.01799794400005794
s1_1000,S1-4179197,S3,India,selective_v2_compact,0,10,1,1,4,0,10,9,1,4,0.018623347000243484,45,1,11,19,156,151,0.01920676800000365,0,156,156,156,78,1,1,60,0,0,0.03661384500003351
s1_1000,S1-874853634,S2,India,selective_v2_compact,0,10,0,0,0,0,32,10,3,7,0.013824893000219163,120,36,68,22,174,94,0.014704407999943214,2,151,149,151,75,1,1,60,1,2,0.03322559100001854
s1_1000,S1-874853634,S3,India,selective_v2_compact,0,10,0,0,1,0,32,10,3,6,0.01388574299994616,120,36,68,22,127,62,0.014715280000018538,1,112,111,112,74,1,1,60,2,1,0.0286987129999261
s1_1000,S1-830938274,S2,India,selective_v2_compact,0,10,4,1,0,0,13,6,1,5,0.006546718999743462,55,6,19,13,218,187,0.007167061000018293,1,205,204,205,79,1,1,60,2,1,0.016604201999939505
s1_1000,S1-830938274,S3,India,selective_v2_compact,0,10,3,1,0,0,15,7,1,6,0.06808757300018442,55,3,18,15,200,172,0.06870633500000167,3,192,192,195,76,1,1,60,1,3,0.10289705900004265
s1_1000,S1-669173899,S2,India,selective_v2_compact,0,10,7,1,0,0,50,3,0,3,0.0110812469999928,91,21,71,6,161,159,0.011461572000030174,6,159,159,165,74,1,1,60,2,6,0.01978302099996654
s1_1000,S1-669173899,S3,India,selective_v2_compact,0,10,6,1,0,0,52,4,0,4,0.010840158999940286,91,10,62,8,165,163,0.011336414999959743,8,163,163,171,96,1,1,60,0,8,0.025787020999928245
s1_1000,S1-890514147,S2,US,selective_v2_compact,0,10,2,1,3,0,2,8,0,5,0.006593419000068934,21,1,3,17,260,253,0.007015635000016118,0,257,257,257,86,1,1,60,0,0,0.04261952199999541
s1_1000,S1-890514147,S3,US,selective_v2_compact,0,10,5,1,1,0,3,5,0,4,0.0040836619999709,21,1,4,11,172,164,0.004435172999933457,1,168,167,168,78,1,1,60,1,1,0.011289115000067795
s1_1000,S1-977938386,S2,India,selective_v2_compact,0,10,1,1,0,0,32,9,2,7,0.04154029300013917,120,6,38,19,351,265,0.042883758000016314,1,296,295,296,80,1,1,60,4,1,0.08403357899999264
s1_1000,S1-977938386,S3,India,selective_v2_compact,0,10,4,1,0,0,27,6,0,6,0.01312887400024465,120,3,30,13,330,279,0.014500102000056359,0,321,321,321,116,1,1,60,3,0,0.05742099100007181
s1_1000,S1-360570474,S2,India,selective_v2_compact,0,10,1,1,0,0,16,9,0,9,0.08406423500014171,78,1,17,20,255,181,0.08510198199996921,2,213,211,213,75,1,1,60,2,2,0.11114871699999185
s1_1000,S1-360570474,S3,India,selective_v2_compact,0,10,0,0,0,0,11,10,1,9,0.04255240199995569,78,1,12,22,143,72,0.04350702499993986,1,106,105,106,73,1,1,60,2,1,0.062017074999971555
s1_1000,S1-979234942,S2,US,selective_v2_compact,0,10,0,0,0,0,4,10,0,10,0.0070706610000570436,21,1,5,21,303,114,0.007423837000033018,1,272,271,272,108,1,1,60,2,1,0.018068795999965914
s1_1000,S1-979234942,S3,US,selective_v2_compact,0,10,0,0,0,0,4,10,0,10,0.007642929000098775,21,1,5,21,358,139,0.00801412300006632,2,295,293,295,104,1,1,60,4,2,0.019982226999900377
s1_1000,S1-961832806,S2,India,selective_v2_compact,0,10,0,0,2,0,5,10,0,8,0.02521491300001344,45,15,20,22,176,93,0.025695136999956958,1,143,142,143,72,1,1,60,1,1,0.04417829999999867
s1_1000,S1-961832806,S3,India,selective_v2_compact,0,10,0,0,4,0,11,10,1,5,0.06555447699997785,45,6,17,22,175,105,0.06605964200002745,0,163,163,163,73,1,1,60,0,0,0.08826500099996792
s1_1000,S1-74403263,S2,India,selective_v2_compact,0,10,0,0,1,0,3,10,0,9,0.009092314000099577,66,3,6,22,102,57,0.00994230100002369,1,93,92,93,48,0,0,48,1,1,0.017987823999987995
s1_1000,S1-74403263,S3,India,selective_v2_compact,0,10,0,0,1,0,4,10,1,8,0.11206288799996855,66,0,4,22,153,96,0.11303101500004686,0,132,132,132,58,0,0,58,1,0,0.13696488300001874
s1_1000,S1-411939618,S2,India,selective_v2_compact,0,10,6,1,0,7,17,4,0,4,0.0022652430000107415,66,21,38,9,291,234,0.002779506000024412,0,279,279,279,97,1,1,60,1,0,0.016325832000006812
s1_1000,S1-411939618,S3,India,selective_v2_compact,0,10,6,1,1,0,20,4,0,3,0.0016311869998162365,66,15,35,9,224,194,0.002154726999947343,0,223,223,223,87,1,1,60,1,0,0.013075759999992442
s1_1000,S1-452329998,S2,India,selective_v2_compact,0,10,3,1,0,0,35,7,1,6,0.1030730609999182,120,6,41,14,196,191,0.10426599799995984,1,191,191,192,85,1,1,60,2,1,0.12515872699998454
s1_1000,S1-452329998,S3,India,selective_v2_compact,0,10,4,1,0,0,28,6,1,5,0.019203966999839395,120,3,31,12,176,168,0.020532069999944724,5,169,168,173,85,1,1,60,1,5,0.02950394500010134
s1_1000,S1-159760349,S2,US,selective_v2_compact,0,10,0,0,0,0,1,10,0,10,0.0046699119998265815,21,0,1,21,155,83,0.005020199999989927,1,138,137,138,77,1,1,60,2,1,0.021588765999922543
s1_1000,S1-159760349,S3,US,selective_v2_compact,0,10,0,0,0,0,1,10,0,10,0.00490094799988583,21,0,1,20,115,106,0.00528823900003772,0,106,106,106,66,1,1,60,2,0,0.023728380000079596
s1_1000,S1-378702310,S2,India,selective_v2_compact,0,10,2,1,2,0,31,8,0,6,0.06911990800006151,105,6,37,18,243,217,0.07015983600001618,4,229,229,233,81,1,1,60,2,4,0.10171226999989358
s1_1000,S1-378702310,S3,India,selective_v2_compact,0,10,2,1,4,0,27,8,0,4,0.009789891000082207,105,3,30,18,190,175,0.010979371999951582,8,189,189,197,88,1,1,60,3,8,0.03410972300002868
s1_1000,S1-14088765,S2,India,selective_v2_compact,0,10,0,1,0,0,30,10,2,8,0.035422383999957674,120,10,40,22,222,178,0.03663143499989019,0,208,208,208,92,1,1,60,2,0,0.05525630600004661
s1_1000,S1-14088765,S3,India,selective_v2_compact,0,10,5,1,0,0,29,5,0,5,0.02286374099992372,120,3,32,13,339,261,0.024262346000000434,0,326,326,326,101,1,1,60,1,0,0.05802828000003046
s1_1000,S1-245808112,S2,US,selective_v2_compact,0,10,0,0,0,0,0,10,0,10,0.00751164499990864,10,0,0,20,168,131,0.007771036999997705,6,134,131,137,64,1,1,60,3,6,0.026489626000056887
s1_1000,S1-245808112,S3,US,selective_v2_compact,0,10,0,0,0,0,0,10,0,10,0.00815793200013104,10,0,0,20,167,148,0.00842157900001439,4,149,148,152,53,0,0,53,2,4,0.02872536899997158
s1_1000,S1-522925958,S2,US,selective_v2_compact,0,10,0,0,0,0,4,10,0,10,0.003981658999805404,28,1,5,22,205,126,0.004403210000077706,1,178,177,178,77,1,1,60,3,1,0.03389782399995056
s1_1000,S1-522925958,S3,US,selective_v2_compact,0,10,0,0,0,0,4,10,0,10,0.004151111000055607,28,1,5,22,183,120,0.0045785559999558245,0,165,165,165,78,1,1,60,2,0,0.03412657699993815
s1_1000,S1-409923771,S2,US,selective_v2_compact,0,10,0,0,0,2,5,10,0,10,0.00868902099978186,21,1,6,22,413,114,0.009034622000058334,2,378,376,378,101,1,1,60,2,2,0.023431420000065373
s1_1000,S1-409923771,S3,US,selective_v2_compact,0,10,3,1,0,2,5,7,0,7,0.00869532399963191,21,1,6,15,360,150,0.009042547000035484,2,335,333,335,99,1,1,60,2,2,0.024139726000043993
s1_1000,S1-819898078,S2,US,selective_v2_compact,0,9,4,1,1,6,12,5,0,4,0.01977064999994127,28,1,13,11,231,198,0.020095494000088365,0,225,225,225,82,1,1,60,1,0,0.04635497799995392
s1_1000,S1-819898078,S3,US,selective_v2_compact,0,8,2,1,2,6,13,6,0,4,0.013675078000119356,28,1,14,13,212,182,0.013992583000003833,0,208,208,208,103,1,1,60,0,0,0.022824230999958672
s1_1000,S1-725933863,S2,India,selective_v2_compact,0,10,5,1,0,0,28,5,0,5,0.030474183000023913,120,15,43,11,199,182,0.03162328499990963,1,195,194,195,52,0,0,52,1,1,0.04762325800004419
s1_1000,S1-725933863,S3,India,selective_v2_compact,0,10,2,1,1,0,36,8,0,7,0.03615998799989484,120,6,42,17,220,184,0.037454647000004115,0,203,203,203,81,1,1,60,1,0,0.05862753799999609
s1_1000,S1-115173411,S2,India,selective_v2_compact,0,10,4,1,1,0,14,6,0,5,0.013234520000082739,45,3,17,12,245,243,0.013760261000015817,0,243,243,243,87,1,1,60,2,0,0.04143144099998608
s1_1000,S1-115173411,S3,India,selective_v2_compact,0,10,4,1,0,0,13,6,1,5,0.01120982899988121,45,0,13,12,157,152,0.011733428999946227,0,152,152,152,80,1,1,60,4,0,0.018971560000068166
s1_1000,S1-324695988,S2,US,selective_v2_compact,0,10,4,1,0,1,3,6,0,6,0.0060422770000059245,15,0,3,12,186,178,0.0063278330000002825,2,179,178,180,86,1,1,60,2,2,0.0206783539999833
s1_1000,S1-324695988,S3,US,selective_v2_compact,0,10,5,1,1,1,3,5,0,4,0.00934123299998646,15,0,3,10,195,195,0.00964275900003031,1,195,195,196,82,1,1,60,1,1,0.01774961799992525
s1_1000,S1-10393601,S2,US,selective_v2_compact,0,10,3,1,0,0,3,7,2,5,0.029422472999840465,28,0,3,14,216,150,0.02992414599998483,50,200,150,200,97,1,1,60,4,42,0.03861258799997813
s1_1000,S1-10393601,S3,US,selective_v2_compact,0,10,4,1,0,0,5,6,2,4,0.024371216999952594,28,0,5,12,224,186,0.024815189999912945,35,221,186,221,112,1,1,60,2,35,0.033683993999943596
s1_1000,S1-296672331,S2,India,selective_v2_compact,0,10,0,0,0,0,43,10,1,9,0.020142047000149432,120,15,58,21,179,144,0.021063983999965785,6,159,159,165,75,1,1,60,1,6,0.04414894900003219
s1_1000,S1-296672331,S3,India,selective_v2_compact,0,10,0,1,0,0,38,10,4,6,0.04261145699979352,120,15,53,21,191,163,0.043668025999977544,4,180,176,180,76,1,1,60,2,4,0.07933531399999083
s1_1000,S1-897779097,S2,India,selective_v2_compact,0,10,5,1,0,0,30,5,0,5,0.011032153999735783,105,10,40,11,181,157,0.012004870999930972,1,162,161,162,50,0,0,50,4,1,0.020743919999972604
s1_1000,S1-897779097,S3,India,selective_v2_compact,0,10,5,1,0,0,28,5,0,5,0.01074186399989685,105,6,34,11,207,201,0.01178552999999738,0,202,202,202,79,1,1,60,1,0,0.0221394310000278
s1_1000,S1-277198482,S2,India,selective_v2_compact,0,10,4,1,0,0,29,6,0,6,0.019395004999864796,66,6,35,12,184,171,0.0199259550000761,3,174,171,174,93,1,1,60,3,3,0.03534853299993301
s1_1000,S1-277198482,S3,India,selective_v2_compact,0,10,4,1,0,0,25,6,0,6,0.02303933300004246,66,1,26,12,221,216,0.023698164000052202,1,216,216,217,85,1,1,60,1,1,0.04786931600006028
s1_1000,S1-996291067,S2,India,selective_v2_compact,0,7,0,0,1,8,18,7,2,4,0.008179202999713198,78,45,63,15,44,29,0.008399965999956294,1,32,32,33,33,0,0,33,3,1,0.010444197999959215
s1_1000,S1-996291067,S3,India,selective_v2_compact,0,3,0,0,0,0,18,3,2,1,0.009900870000024042,66,45,63,6,38,38,0.00999963000003845,0,38,38,38,38,0,0,38,0,0,0.012218964999988202
s1_1000,S1-108923390,S2,US,selective_v2_compact,0,8,2,1,0,0,2,6,0,6,0.008714190999967286,10,0,2,12,195,185,0.008955009000032987,1,186,185,186,84,1,1,60,3,1,0.02955991900000754
s1_1000,S1-108923390,S3,US,selective_v2_compact,0,8,2,1,1,0,2,6,0,5,0.00956775200006632,10,0,2,12,235,230,0.009845312000038575,1,231,230,231,91,1,1,60,3,1,0.034499568999990515
s1_1000,S1-264329856,S2,India,selective_v2_compact,0,10,0,1,0,0,38,10,1,9,0.03913260299987087,105,10,48,20,209,193,0.04006651200006672,1,193,193,194,72,1,1,60,2,1,0.07000572900005864
s1_1000,S1-264329856,S3,India,selective_v2_compact,0,10,0,1,0,0,38,10,1,9,0.05591086799995537,105,10,48,20,232,218,0.056913115000043035,1,218,218,219,74,1,1,60,1,1,0.1025553150000178
s1_1000,S1-387200680,S2,India,selective_v2_compact,0,10,4,1,1,0,29,6,0,5,0.0077991590001147415,105,15,44,12,157,152,0.008706576000008681,5,152,152,157,85,1,1,60,1,5,0.016897292999942692
s1_1000,S1-387200680,S3,India,selective_v2_compact,0,10,3,1,0,0,32,7,0,7,0.024480902999812315,105,10,42,14,179,173,0.0254567900000211,11,173,173,184,88,1,1,60,2,11,0.04001617900007659
s1_1000,S1-549608257,S2,US,selective_v2_compact,0,10,7,1,0,1,0,3,0,3,0.007027634999985821,15,0,0,6,156,151,0.00733140900001672,40,153,151,191,106,1,1,60,3,40,0.014964280999947732
s1_1000,S1-549608257,S3,US,selective_v2_compact,0,10,0,0,0,1,1,10,1,9,0.0067462390001082895,15,0,1,20,52,31,0.007007283999996616,44,31,31,75,72,1,1,60,3,41,0.01078932600000826
s1_1000,S1-761867539,S2,US,selective_v2_compact,0,10,0,0,2,0,0,10,2,6,0.043193739000003006,36,0,0,22,155,109,0.04380069399996955,1,126,126,127,70,1,1,60,2,1,0.06491033799989054
s1_1000,S1-761867539,S3,US,selective_v2_compact,0,10,2,1,1,0,4,8,2,5,0.026983191999988776,36,1,5,18,312,251,0.02757060999999794,0,277,277,277,78,1,1,60,2,0,0.052869860000100743
s1_1000,S1-908747670,S2,US,selective_v2_compact,0,10,3,1,2,0,3,7,0,5,0.0084493269999939,28,0,3,14,242,200,0.008926922999989984,36,236,200,236,89,1,1,60,2,36,0.030013113999984853
s1_1000,S1-908747670,S3,US,selective_v2_compact,0,10,5,1,0,0,6,5,0,5,0.007471851999980572,28,1,7,10,161,156,0.007873961999962376,45,156,156,201,102,1,1,60,1,41,0.01610685100001774
s1_1000,S1-770172704,S2,US,selective_v2_compact,0,10,0,0,1,0,4,10,0,9,0.012002459999848725,21,0,4,21,253,104,0.012370178999958625,2,237,235,237,116,1,1,60,2,2,0.024386644000060187
s1_1000,S1-770172704,S3,US,selective_v2_compact,0,10,0,0,0,0,4,10,0,10,0.01237743199999386,21,0,4,21,270,104,0.012733511999954317,1,251,250,251,115,1,1,60,2,1,0.025145131999920523
s1_1000,S1-335715642,S2,India,selective_v2_compact,0,10,0,0,3,0,22,10,3,4,0.06755214599957071,78,21,43,21,54,42,0.06810801400001765,0,53,53,53,53,0,0,53,1,0,0.073780463999924
s1_1000,S1-335715642,S3,India,selective_v2_compact,0,10,0,0,0,0,31,10,2,8,0.0585804200001121,78,10,41,21,175,144,0.05931234299998778,0,159,159,159,93,1,1,60,3,0,0.08423901699995895
s1_1000,S1-369919932,S2,India,selective_v2_compact,0,10,2,1,0,0,21,8,1,7,0.04914368199990804,78,3,24,16,204,199,0.050097818000040206,0,199,199,199,90,1,1,60,1,0,0.07743240000002061
s1_1000,S1-369919932,S3,India,selective_v2_compact,0,10,4,1,0,0,19,6,1,5,0.009575188000098933,78,3,22,12,174,160,0.010452637999947001,2,162,160,162,74,1,1,60,4,2,0.024367643000005046
s1_1000,S1-97828965,S2,India,selective_v2_compact,0,10,3,1,0,0,46,7,1,6,0.033062740000104895,105,21,67,14,200,198,0.03372105800008285,1,199,198,199,79,1,1,60,1,1,0.061911881000014546
s1_1000,S1-97828965,S3,India,selective_v2_compact,0,10,6,1,0,0,43,4,0,4,0.00947299400013435,105,15,58,8,153,150,0.0102011379999567,4,150,150,154,93,1,1,60,2,4,0.017738931000053526
s1_1000,S1-967811540,S2,US,selective_v2_compact,0,10,0,0,3,0,1,10,0,7,0.0042208409998920615,45,1,2,21,84,70,0.004875786000070548,0,73,73,73,73,1,1,60,2,0,0.016598356000031345
s1_1000,S1-967811540,S3,US,selective_v2_compact,0,10,0,0,1,0,2,10,2,7,0.008470169999895916,45,3,5,21,136,114,0.0091000280000344,1,118,117,118,75,1,1,60,2,1,0.01504767599999468
s1_1000,S1-160353666,S2,India,selective_v2_compact,0,10,0,0,0,0,11,10,0,10,0.08405136800001856,78,3,14,21,192,138,0.08507229400004235,5,153,148,153,72,1,1,60,3,5,0.09615016899999773
s1_1000,S1-160353666,S3,India,selective_v2_compact,0,10,0,0,1,0,8,10,0,9,0.006145227999809322,78,1,9,22,131,63,0.0071154970000861795,0,107,107,107,60,1,0,60,0,0,0.012290062999909424
s1_1000,S1-32625238,S2,US,selective_v2_compact,0,10,3,1,0,0,11,7,0,7,0.01401111600000604,36,1,12,14,188,177,0.01447107399997094,1,178,177,178,73,1,1,60,1,1,0.035686037000004944
s1_1000,S1-32625238,S3,US,selective_v2_compact,0,10,3,1,0,0,11,7,0,7,0.014910973000155536,36,1,12,14,205,193,0.015372706999983166,2,195,193,195,78,1,1,60,2,2,0.03708477899999707
s1_1000,S1-529683926,S2,India,selective_v2_compact,0,10,0,0,1,0,17,10,0,9,0.009692438000115544,66,1,18,22,152,126,0.01045438699998158,8,136,128,136,84,1,1,60,2,8,0.03161364400000366
s1_1000,S1-529683926,S3,India,selective_v2_compact,0,10,0,0,1,0,15,10,2,7,0.014842361999740206,66,1,16,23,115,48,0.01560774400002174,9,86,86,95,55,0,0,55,2,9,0.026790840999979082
s1_1000,S1-783001297,S2,US,selective_v2_compact,0,10,2,1,0,0,12,8,0,8,0.02699944599976334,36,3,15,16,216,152,0.02743301900000006,1,153,152,153,103,1,1,60,5,1,0.03578213599996616
s1_1000,S1-783001297,S3,US,selective_v2_compact,0,10,4,1,0,0,12,6,0,6,0.021129485000074055,36,3,15,12,187,150,0.02154479600005743,2,152,150,152,88,1,1,60,1,2,0.028798191999953815
s1_1000,S1-2577240,S2,India,selective_v2_compact,0,10,5,1,0,0,52,5,1,4,0.01954620900005466,91,10,62,10,178,178,0.020066919999976562,3,178,178,181,84,1,1,60,0,3,0.034996073999991495
s1_1000,S1-2577240,S3,India,selective_v2_compact,0,10,4,1,0,0,52,6,2,4,0.02557037500014303,91,10,62,12,185,179,0.026127406999989944,14,179,179,193,94,1,1,60,2,14,0.047778919999927894
s1_1000,S1-309250937,S2,US,selective_v2_compact,0,10,1,1,1,0,2,9,0,8,0.0053900949998251235,28,0,2,19,433,279,0.005942443999970237,1,420,419,420,85,1,1,60,2,1,0.04824769799995465
s1_1000,S1-309250937,S3,US,selective_v2_compact,0,10,5,1,0,0,4,5,0,5,0.012235591000148816,28,1,5,11,442,277,0.012746889999903033,4,423,419,423,110,1,1,60,4,4,0.04744634099995437
s1_1000,S1-933907524,S2,US,selective_v2_compact,0,10,2,1,0,0,6,8,1,7,0.011197664000292207,28,3,9,17,416,156,0.011615488999950685,1,376,375,376,111,1,1,60,2,1,0.029631256000016037
s1_1000,S1-933907524,S3,US,selective_v2_compact,0,10,4,1,0,0,7,6,0,6,0.009270734999972774,28,3,10,12,187,180,0.00964401800001724,0,180,180,180,75,1,1,60,1,0,0.021417370999984087
s1_1000,S1-874706415,S2,India,selective_v2_compact,0,10,4,1,0,0,35,6,0,6,0.012461782999935167,91,21,56,13,257,228,0.01310182800000348,8,245,237,245,84,1,1,60,1,8,0.04125562599995192
s1_1000,S1-874706415,S3,India,selective_v2_compact,0,10,6,1,0,0,38,4,0,4,0.015793039999948633,91,15,53,9,190,173,0.016428319000056035,7,184,183,190,97,1,1,60,2,7,0.02541260800001055
s1_1000,S1-394191447,S2,India,selective_v2_compact,0,10,7,1,0,0,13,3,0,3,0.005947703999936493,66,10,23,7,237,161,0.006628951000038796,1,190,189,190,67,1,1,60,2,1,0.025726610999981858
s1_1000,S1-394191447,S3,India,selective_v2_compact,0,10,4,1,0,0,16,6,0,6,0.04478456800006825,66,6,22,13,340,170,0.04557296999996652,0,198,198,198,66,1,1,60,4,0,0.06055407799999557
s1_1000,S1-983260741,S2,India,selective_v2_compact,0,10,0,0,1,0,42,10,2,7,0.07886808500018105,120,10,52,21,188,136,0.079923522999934,0,173,173,173,79,1,1,60,1,0,0.10185309000007692
s1_1000,S1-983260741,S3,India,selective_v2_compact,0,10,2,1,0,0,51,8,0,8,0.03516085999990537,120,3,54,16,178,157,0.03617409699995733,0,157,157,157,77,1,1,60,4,0,0.048543509999944945
s1_1000,S1-593018241,S2,US,selective_v2_compact,0,10,0,1,0,0,5,10,1,9,0.00868960800005425,28,1,6,21,516,255,0.009215565999966202,4,440,436,440,107,1,1,60,4,4,0.05149204600002122
s1_1000,S1-593018241,S3,US,selective_v2_compact,0,10,0,1,0,0,5,10,1,9,0.009498594999740817,28,1,6,21,565,250,0.010028723999994327,2,485,483,485,109,1,1,60,4,2,0.048904389999961495
s1_1000,S1-783328051,S2,US,selective_v2_compact,0,10,0,0,0,1,2,10,0,10,0.007254369999827759,15,0,2,20,171,129,0.007566514000018287,34,163,129,163,83,1,1,60,2,34,0.016296509999961017
s1_1000,S1-783328051,S3,US,selective_v2_compact,0,10,0,0,0,1,2,10,0,10,0.007653779999714061,15,0,2,20,174,128,0.007952158999955827,32,160,128,160,86,1,1,60,2,32,0.018198042999983954
s1_1000,S1-177322486,S2,India,selective_v2_compact,0,10,0,0,1,0,27,10,2,7,0.044935089999967204,105,15,42,21,62,32,0.04583620300002167,2,47,45,47,47,0,0,47,1,2,0.05296656199993777
s1_1000,S1-177322486,S3,India,selective_v2_compact,0,10,0,0,0,0,29,10,1,9,0.1216433199997482,105,10,39,22,170,123,0.12269738700001653,0,155,155,155,74,1,1,60,1,0,0.15293613500000447
s1_1000,S1-327512522,S2,US,selective_v2_compact,0,10,0,0,0,0,3,10,1,9,0.014167333999807852,21,0,3,20,151,137,0.014522437999971771,0,137,137,137,80,1,1,60,2,0,0.026434593999965728
s1_1000,S1-327512522,S3,US,selective_v2_compact,0,10,0,1,2,0,3,10,1,7,0.015092693000042345,21,0,3,20,171,157,0.015471922999950039,2,159,157,159,79,1,1,60,1,2,0.02735091099998499
s1_1000,S1-17973952,S2,US,selective_v2_compact,0,10,3,1,0,0,18,7,0,7,0.01403643700007251,55,3,21,16,203,166,0.014607627000032153,2,182,180,182,114,1,1,60,4,2,0.026423451000027853
s1_1000,S1-17973952,S3,US,selective_v2_compact,0,10,0,0,0,0,15,10,2,8,0.02248812600009842,55,6,21,22,121,97,0.023084362000076908,1,108,107,108,108,1,1,60,1,1,0.03722369299998718
s1_1000,S1-176434763,S2,US,selective_v2_compact,0,10,5,1,0,0,5,5,0,5,0.0074144479999631585,21,0,5,10,181,157,0.007756703999916681,1,158,157,158,60,1,0,60,2,1,0.021127417000002424
s1_1000,S1-176434763,S3,US,selective_v2_compact,0,10,6,1,2,0,5,4,0,2,0.004327535000015814,21,0,5,8,165,164,0.0046530820000043605,1,165,164,165,70,1,1,60,0,1,0.013505195999982789
s1_1000,S1-679399812,S2,US,selective_v2_compact,0,4,0,0,0,0,2,4,0,4,0.004221810000103687,6,0,2,8,96,93,0.004357397999910972,0,93,93,93,56,0,0,56,0,0,0.008081288000084896
s1_1000,S1-679399812,S3,US,selective_v2_compact,0,8,0,0,1,0,2,8,0,7,0.004617069000232732,10,0,2,18,110,102,0.004810898999949131,2,103,102,104,52,0,0,52,2,2,0.009010304999947039
s1_1000,S1-300656903,S2,India,selective_v2_compact,0,10,3,1,0,0,40,7,0,7,0.04790181299983942,120,28,68,15,183,156,0.04871904399999494,0,168,168,168,75,1,1,60,1,0,0.07731113099998765
s1_1000,S1-300656903,S3,India,selective_v2_compact,0,10,0,0,0,0,47,10,1,9,0.03941558100007114,120,15,62,21,182,143,0.04032021000000441,2,162,161,163,80,1,1,60,2,2,0.055438053999978365
s1_1000,S1-360481865,S2,India,selective_v2_compact,0,10,2,1,0,0,16,8,0,8,0.04068711800005076,55,6,22,17,185,150,0.04124513700003263,2,164,162,164,75,1,1,60,2,2,0.05030669099994611
s1_1000,S1-360481865,S3,India,selective_v2_compact,0,10,3,1,0,0,15,7,1,6,0.07544409999979962,55,3,18,15,219,181,0.07611271100006434,1,192,191,192,71,1,1,60,5,1,0.10358196200002112
s1_1000,S1-866296885,S2,India,selective_v2_compact,0,8,4,1,0,5,17,4,1,3,0.011042078999935256,45,15,32,8,177,170,0.011316393000015523,1,171,170,171,90,1,1,60,2,1,0.019547881999983474
s1_1000,S1-866296885,S3,India,selective_v2_compact,0,10,5,1,0,3,23,5,1,4,0.01750141599984545,45,6,29,10,175,169,0.017955861000018558,0,169,169,169,103,1,1,60,2,0,0.03810431800002334
s1_1000,S1-492142313,S2,India,selective_v2_compact,0,10,4,1,0,0,22,6,0,6,0.01101795099998526,55,1,23,12,218,211,0.011600087999909192,12,213,211,223,119,1,1,60,2,12,0.03653818499992667
s1_1000,S1-492142313,S3,India,selective_v2_compact,0,10,4,1,0,0,19,6,0,6,0.012132401000030768,55,1,20,12,159,155,0.012687079999977868,14,155,155,169,110,1,1,60,2,14,0.02069243000005372
s1_1000,S1-32315181,S2,US,selective_v2_compact,0,10,3,1,1,0,16,7,1,5,0.028122150999820406,45,6,22,14,193,169,0.028567242000008264,1,170,169,170,94,1,1,60,0,1,0.04839331799996671
s1_1000,S1-32315181,S3,US,selective_v2_compact,0,10,3,1,0,0,16,7,1,6,0.030757243999914863,45,6,22,14,213,191,0.031215873999940413,1,192,191,192,91,1,1,60,2,1,0.06257118899998204
s1_1000,S1-719837826,S2,US,selective_v2_compact,0,10,2,1,0,3,4,8,0,8,0.00455539699999008,28,6,10,18,216,156,0.004935344000045916,46,165,164,210,85,1,1,60,2,44,0.019680330999904072
s1_1000,S1-719837826,S3,US,selective_v2_compact,0,10,2,1,1,3,4,8,0,7,0.004901775000007547,28,6,10,18,224,161,0.005288800000016636,41,170,169,210,82,1,1,60,0,41,0.02389435999998568
s1_1000,S1-674250113,S2,US,selective_v2_compact,0,10,0,1,1,0,4,10,0,9,0.00756172600017635,28,0,4,21,329,163,0.008027926999943702,3,293,290,293,109,1,1,60,1,3,0.037668075999931716
s1_1000,S1-674250113,S3,US,selective_v2_compact,0,10,0,1,0,0,5,10,0,10,0.008453866000081689,28,0,5,21,380,183,0.008922241000050235,2,333,331,333,111,1,1,60,2,2,0.04772762499999317
s1_1000,S1-848273416,S2,US,selective_v2_compact,0,10,0,0,2,0,2,10,1,7,0.008835149999868008,28,1,3,20,150,138,0.009290237999948658,3,141,138,141,80,1,1,60,3,3,0.02826391500002501
s1_1000,S1-848273416,S3,US,selective_v2_compact,0,10,3,1,1,0,6,7,0,6,0.009059327000045414,28,3,9,14,156,151,0.00943186099993909,4,155,151,155,56,0,0,56,1,4,0.021167507999962254
s1_1000,S1-190595971,S2,US,selective_v2_compact,0,10,0,1,3,0,7,10,0,7,0.016881976000377108,55,1,8,23,323,224,0.0177401790000431,1,309,308,309,113,1,1,60,2,1,0.051939916000037556
s1_1000,S1-190595971,S3,US,selective_v2_compact,0,10,2,1,1,0,13,8,1,6,0.010608303999902091,55,3,16,19,283,187,0.011303531999942606,0,234,234,234,69,1,1,60,1,0,0.04590165499996601
s1_1000,S1-712360582,S2,US,selective_v2_compact,0,10,1,1,0,0,5,9,0,9,0.008001995000086026,21,0,5,18,179,157,0.008350623999945128,1,158,157,158,88,1,1,60,2,1,0.026021893999995882
s1_1000,S1-712360582,S3,US,selective_v2_compact,0,10,2,1,0,0,5,8,0,8,0.00741362700011905,21,0,5,16,174,167,0.0077611089999436444,0,167,167,167,104,1,1,60,2,0,0.03140790499992363
s1_1000,S1-866005166,S2,India,selective_v2_compact,0,10,3,1,0,0,28,7,1,6,0.012992520999887347,120,45,73,15,247,222,0.013758631999962745,0,235,235,235,73,1,1,60,2,0,0.03830037099999117
s1_1000,S1-866005166,S3,India,selective_v2_compact,0,10,5,1,0,0,40,5,0,5,0.006159001000014541,120,28,68,11,185,161,0.006948102000023937,0,180,180,180,77,1,1,60,0,0,0.019581010000024435
s1_1000,S1-210882477,S2,India,selective_v2_compact,0,10,6,1,0,0,29,4,1,3,0.010581508999962352,78,10,39,8,156,155,0.011188674999971226,4,155,155,159,83,1,1,60,2,4,0.019136480999918604
s1_1000,S1-210882477,S3,India,selective_v2_compact,0,10,7,1,0,0,28,3,0,3,0.005416812000021309,78,6,34,6,210,204,0.006132299000000785,11,206,204,215,89,1,1,60,2,11,0.01670928399994409
s1_1000,S1-372012424,S2,US,selective_v2_compact,0,10,0,1,1,0,3,10,0,9,0.006388060000176665,28,1,4,22,213,158,0.006829417000062676,0,178,178,178,74,1,1,60,1,0,0.0341726109999172
s1_1000,S1-372012424,S3,US,selective_v2_compact,0,10,0,1,3,0,3,10,0,7,0.006901937999828078,28,1,4,22,230,178,0.007360211999980493,0,199,199,199,72,1,1,60,1,0,0.03212388800000099
s1_1000,S1-577087021,S2,India,selective_v2_compact,0,10,0,0,4,0,11,10,1,5,0.022068190000254617,45,1,12,22,115,97,0.022607770000035998,3,106,103,106,77,1,1,60,2,3,0.03592004999995879
s1_1000,S1-577087021,S3,India,selective_v2_compact,0,10,1,1,0,0,10,9,0,9,0.009757787999774337,45,1,11,20,275,233,0.010361524000018107,13,252,239,252,79,1,1,60,3,13,0.05458044300007714
s1_1000,S1-852610124,S2,US,selective_v2_compact,0,10,5,1,0,0,10,5,0,5,0.010676772000010715,36,3,13,10,194,183,0.011109787000009419,6,189,183,189,79,1,1,60,3,6,0.018623166999987006
s1_1000,S1-852610124,S3,US,selective_v2_compact,0,10,6,1,0,0,12,4,0,4,0.009193438000011156,36,3,15,8,169,161,0.009623013999998875,3,164,161,164,80,1,1,60,1,3,0.019536622000032366
s1_1000,S1-109175675,S2,US,selective_v2_compact,0,10,0,0,0,0,3,10,0,10,0.0058819469999207286,21,0,3,22,214,78,0.006210123000073509,2,172,170,172,109,1,1,60,3,2,0.018815757000083977
s1_1000,S1-109175675,S3,US,selective_v2_compact,0,10,0,0,0,0,3,10,0,10,0.00621224600001824,21,0,3,22,262,94,0.006571405000045161,2,197,195,197,110,1,1,60,5,2,0.02460564799991971
s1_1000,S1-867725816,S2,India,selective_v2_compact,0,10,2,1,0,7,32,8,0,8,0.018937190000087867,66,10,42,17,206,159,0.019378784000082305,3,179,176,179,110,1,1,60,2,3,0.03821266500006004
s1_1000,S1-867725816,S3,India,selective_v2_compact,0,10,4,1,0,0,34,6,0,6,0.018990119999898525,66,6,40,13,243,215,0.019483225000044513,3,234,231,234,99,1,1,60,1,3,0.03067982499999289
s1_1000,S1-454337849,S2,US,selective_v2_compact,0,10,0,1,0,0,6,10,1,9,0.007150086999786254,36,3,9,22,416,171,0.007678338999994594,1,385,384,385,108,1,1,60,2,1,0.02740030100005697
s1_1000,S1-454337849,S3,US,selective_v2_compact,0,10,0,1,0,0,7,10,1,9,0.007371513999714807,36,3,10,22,442,201,0.007903123999994932,1,416,415,416,111,1,1,60,2,1,0.037626213000066855
s1_1000,S1-211263556,S2,US,selective_v2_compact,0,10,3,1,1,0,17,7,0,6,0.01685254300014094,66,3,20,15,218,192,0.01759556900003645,0,211,211,211,78,1,1,60,2,0,0.03214291400001912
s1_1000,S1-211263556,S3,US,selective_v2_compact,0,10,6,1,0,0,18,4,0,4,0.014643739000121059,66,6,24,9,175,156,0.015278492999982518,0,170,170,170,74,1,1,60,2,0,0.022334380000074816
s1_1000,S1-997499468,S2,US,selective_v2_compact,0,10,0,0,1,0,2,10,2,7,0.01718500100014353,21,0,2,20,126,115,0.017549943999938478,1,116,115,116,62,1,1,60,3,1,0.023087809999992714
s1_1000,S1-997499468,S3,US,selective_v2_compact,0,10,0,0,0,0,3,10,2,8,0.019224387999997816,21,0,3,20,144,135,0.019575667000026442,1,136,135,136,66,1,1,60,3,1,0.027665195999929892
s1_1000,S1-429307554,S2,US,selective_v2_compact,0,10,5,1,0,1,3,5,0,5,0.00722045299983165,15,1,4,11,235,179,0.007495920999986083,2,227,225,227,89,1,1,60,1,2,0.01612004900005104
s1_1000,S1-429307554,S3,US,selective_v2_compact,0,10,1,1,0,1,3,9,0,9,0.011793623999778902,15,1,4,19,289,208,0.012102383000069494,3,268,265,268,97,1,1,60,2,3,0.04244446600000629
s1_1000,S1-815423969,S2,India,selective_v2_compact,0,10,4,1,0,0,23,6,1,5,0.019362176999948133,66,6,29,12,200,196,0.01999550999994426,2,196,196,198,53,0,0,53,0,2,0.029060705999995662
s1_1000,S1-815423969,S3,India,selective_v2_compact,0,10,5,1,0,0,21,5,0,5,0.021304182999983823,66,3,24,10,165,165,0.02196081600004618,0,165,165,165,80,1,1,60,1,0,0.02941285399992921
s1_1000,S1-762754948,S2,US,selective_v2_compact,0,9,0,0,4,2,3,9,0,5,0.004471758000136106,15,1,4,19,151,143,0.004728812999928778,5,149,144,149,54,0,0,54,0,5,0.010543138000002727
s1_1000,S1-762754948,S3,US,selective_v2_compact,0,9,4,1,0,2,3,5,0,5,0.004333308999775909,15,1,4,11,161,155,0.004575909999971373,2,158,156,158,57,0,0,57,0,2,0.01084349600000678
s1_1000,S1-379677192,S2,US,selective_v2_compact,0,10,0,1,0,0,8,10,1,9,0.024300211000081617,36,0,8,20,226,192,0.02481374399997094,24,216,192,216,83,1,1,60,1,24,0.06156780699996034
s1_1000,S1-379677192,S3,US,selective_v2_compact,0,10,0,1,1,0,8,10,2,7,0.022976814000116974,36,0,8,20,223,186,0.02348762400004034,28,214,186,214,90,1,1,60,1,28,0.04747665100001086
s1_1000,S1-948932140,S2,US,selective_v2_compact,0,10,0,0,3,0,4,10,0,7,0.005628954000258091,36,0,4,22,199,22,0.006137684999998783,3,179,176,179,80,1,1,60,5,3,0.014090732999989086
s1_1000,S1-948932140,S3,US,selective_v2_compact,0,10,0,1,1,0,7,10,0,9,0.012050188999751299,36,1,8,22,362,180,0.012676046000024144,1,327,326,327,118,1,1,60,1,1,0.04797694399996999
s1_1000,S1-988952152,S2,India,selective_v2_compact,0,8,1,1,2,4,6,7,2,3,0.007326254999952653,21,3,9,15,253,196,0.007649558000025536,0,249,249,249,84,1,1,60,0,0,0.0335834419998946
s1_1000,S1-988952152,S3,India,selective_v2_compact,0,10,5,1,0,2,6,5,1,4,0.007440421000069364,21,1,7,11,216,168,0.007751636000079998,1,209,208,209,86,1,1,60,1,1,0.026518134999946597
s1_1000,S1-470150331,S2,India,selective_v2_compact,0,10,3,1,0,0,14,7,0,7,0.011025336000216157,78,10,24,14,212,166,0.01198945700002696,0,166,166,166,78,1,1,60,2,0,0.028960471999994297
s1_1000,S1-470150331,S3,India,selective_v2_compact,0,10,5,1,3,0,15,5,0,2,0.006956143000024895,78,6,21,10,192,192,0.007816635999915889,0,192,192,192,80,1,1,60,1,0,0.016837202000033358
s1_1000,S1-845086185,S2,US,selective_v2_compact,0,10,4,1,1,0,17,6,0,5,0.013986841000019012,45,3,20,14,435,219,0.014496707000034803,0,411,411,411,118,1,1,60,1,0,0.048849455999970814
s1_1000,S1-845086185,S3,US,selective_v2_compact,0,10,4,1,0,0,15,6,0,6,0.014992009000025064,45,6,21,14,488,219,0.015507235999962177,1,450,449,450,110,1,1,60,3,1,0.04991613000004236
s1_1000,S1-946706052,S2,India,selective_v2_compact,0,10,0,0,0,0,34,10,2,8,0.26522565700008727,105,21,55,21,103,57,0.26605748999998013,1,84,83,84,81,1,1,60,3,1,0.27772830499998236
s1_1000,S1-946706052,S3,India,selective_v2_compact,0,10,0,0,2,0,41,10,3,5,0.04287233700017623,105,10,51,21,72,36,0.043698560000052566,0,64,64,64,64,1,1,60,2,0,0.04953888799991546
s1_1000,S1-602193603,S2,India,selective_v2_compact,0,10,0,0,1,5,20,10,0,9,0.00737138099987078,45,1,21,21,146,80,0.007856895000031727,2,101,99,101,74,1,1,60,4,2,0.02016965899997558
s1_1000,S1-602193603,S3,India,selective_v2_compact,0,10,0,1,1,0,16,10,1,8,0.00927593500000512,45,1,17,21,209,182,0.009799580999924729,1,197,196,197,58,0,0,58,1,1,0.03694471699998303
s1_1000,S1-393117390,S2,US,selective_v2_compact,0,10,0,0,3,0,4,10,0,7,0.013979744000039318,36,0,4,21,221,127,0.014511362000007466,1,219,218,219,98,1,1,60,0,1,0.03229323400000794
s1_1000,S1-393117390,S3,US,selective_v2_compact,0,10,5,1,1,0,9,5,0,4,0.009707875000003696,36,3,12,11,259,165,0.01016153000000486,5,253,248,253,97,1,1,60,1,5,0.020870628000011493
s1_1000,S1-974810743,S2,India,selective_v2_compact,0,10,6,1,0,0,25,4,0,4,0.01494471400008024,55,10,35,8,176,172,0.01534622600001967,3,174,172,175,107,1,1,60,1,3,0.03205938000007791
s1_1000,S1-974810743,S3,India,selective_v2_compact,0,10,6,1,0,0,25,4,0,4,0.013765295999860427,55,10,35,8,180,177,0.014171800999974948,4,177,177,181,112,1,1,60,1,4,0.03588489399999162
s1_1000,S1-485260947,S2,US,selective_v2_compact,0,10,0,0,0,0,0,10,0,10,0.007445859000085875,15,0,0,20,158,143,0.007770009999944705,1,144,143,144,81,1,1,60,1,1,0.020317460999990544
s1_1000,S1-485260947,S3,US,selective_v2_compact,0,10,0,0,0,0,0,10,0,10,0.007978800000159936,15,0,0,20,156,149,0.008290102999922055,1,150,149,150,76,1,1,60,1,1,0.017265868999970735
s1_1000,S1-209242212,S2,US,selective_v2_compact,0,10,5,1,2,1,9,5,0,3,0.00835847099995135,21,1,10,10,179,167,0.008619343000077606,11,178,167,178,71,1,1,60,0,11,0.015332767000018066
s1_1000,S1-209242212,S3,US,selective_v2_compact,0,10,0,0,0,0,10,10,1,9,0.02364425999996911,21,1,11,20,141,131,0.02391205699996135,10,131,131,141,89,1,1,60,1,10,0.04432343400003447
s1_1000,S1-444309469,S2,US,selective_v2_compact,0,10,0,1,0,0,2,10,0,10,0.005760376999660366,21,1,3,21,194,172,0.006128825000018878,1,180,179,180,78,1,1,60,1,1,0.021536834000016825
s1_1000,S1-444309469,S3,US,selective_v2_compact,0,10,0,1,0,0,2,10,0,10,0.005953757000270343,21,1,3,21,207,170,0.00634632399999191,2,185,183,185,81,1,1,60,2,2,0.020351129999994555
s1_1000,S1-701717394,S2,India,selective_v2_compact,0,10,4,1,0,0,25,6,0,6,0.011011875000008331,55,6,31,13,272,245,0.011493413000039254,0,261,261,261,104,1,1,60,2,0,0.040170114999909856
s1_1000,S1-701717394,S3,India,selective_v2_compact,0,10,4,1,1,0,22,6,0,5,0.010466017999988253,55,6,28,13,205,181,0.010972093999953358,0,197,197,197,110,1,1,60,2,0,0.020605796999916492
s1_1000,S1-432251644,S2,India,selective_v2_compact,0,10,3,1,0,0,10,7,1,6,0.015446494999991955,45,6,16,15,215,170,0.01595808800004761,1,206,205,206,116,1,1,60,2,1,0.030729848000078164
s1_1000,S1-432251644,S3,India,selective_v2_compact,0,10,3,1,0,0,12,7,1,6,0.01489392099995257,45,3,15,15,264,225,0.015463505999946392,6,259,253,259,117,1,1,60,0,6,0.03648595300001034
s1_1000,S1-239207420,S2,US,selective_v2_compact,0,10,5,1,0,0,8,5,1,4,0.007616809999944962,28,1,9,10,169,163,0.00799024000002646,73,165,163,236,121,1,1,60,2,46,0.01717251499997019
s1_1000,S1-239207420,S3,US,selective_v2_compact,0,10,5,1,0,3,9,5,1,4,0.008145215999888933,28,1,10,10,210,210,0.008531274000006306,83,210,210,293,128,1,1,60,0,48,0.020105584000020826
s1_1000,S1-707620084,S2,India,selective_v2_compact,0,10,3,1,0,0,39,7,2,5,0.043758295000088765,78,15,54,14,194,192,0.04424309000000903,0,192,192,192,102,1,1,60,1,0,0.06357400199999574
s1_1000,S1-707620084,S3,India,selective_v2_compact,0,10,4,1,1,0,47,6,2,3,0.023176220999857833,78,6,53,12,164,162,0.02362146899997697,0,162,162,162,90,1,1,60,0,0,0.031393762999982755
s1_1000,S1-603393113,S2,India,selective_v2_compact,0,10,0,0,0,5,11,10,5,5,0.0328951550001193,45,15,26,21,106,16,0.03323066999996627,7,68,67,74,62,1,1,60,2,7,0.03710922899995239
s1_1000,S1-603393113,S3,India,selective_v2_compact,0,10,3,1,2,5,17,7,1,4,0.011333147999835091,45,10,27,15,253,187,0.011715258999970501,13,235,235,248,131,1,1,60,1,13,0.04094816899998932
s1_1000,S1-360368359,S2,US,selective_v2_compact,0,10,0,0,0,0,5,10,0,10,0.010721572999841555,28,0,5,21,238,127,0.011150327000109428,0,189,189,189,110,1,1,60,3,0,0.020567508999988604
s1_1000,S1-360368359,S3,US,selective_v2_compact,0,10,5,1,1,0,5,5,0,4,0.025870080999879974,28,1,6,11,241,154,0.026289421000001312,0,231,231,231,110,1,1,60,1,0,0.04332357900000261
s1_1000,S1-144309050,S2,India,selective_v2_compact,0,10,1,1,0,5,20,9,2,7,0.02972826000018358,45,10,30,18,222,178,0.030084354999985408,2,179,178,180,100,1,1,60,1,2,0.047339502999989236
s1_1000,S1-144309050,S3,India,selective_v2_compact,0,10,4,1,0,0,22,6,1,5,0.027335395000136486,45,6,28,12,178,176,0.02772644100002708,8,176,176,184,100,1,1,60,1,8,0.04096150199995918
s1_1000,S1-71636676,S2,US,selective_v2_compact,0,10,3,1,0,0,2,7,0,7,0.2955674160000399,21,0,2,14,218,184,0.296035045999929,16,200,184,200,91,1,1,60,3,16,0.31393259100002524
s1_1000,S1-71636676,S3,US,selective_v2_compact,0,10,3,1,0,0,2,7,0,7,0.27376327900014985,21,0,2,14,190,169,0.2742514609999489,11,180,169,180,78,1,1,60,1,11,0.29306051700007174
s1_1000,S1-435158775,S2,India,selective_v2_compact,0,10,4,1,1,0,27,6,0,5,0.049278928999797245,78,15,42,13,234,202,0.04994092900005853,8,229,229,237,102,1,1,60,0,8,0.07527667600004406
s1_1000,S1-435158775,S3,India,selective_v2_compact,0,10,6,1,0,0,28,4,0,4,0.015838597999959347,78,10,38,9,215,175,0.016495210000016414,17,205,188,205,83,1,1,60,3,17,0.02637179299995296
s1_1000,S1-636748811,S2,US,selective_v2_compact,0,10,0,0,1,2,6,10,0,9,0.008262724000019261,21,1,7,21,82,55,0.008550256000035006,2,62,60,62,62,1,1,60,2,2,0.017538138000077197
s1_1000,S1-636748811,S3,US,selective_v2_compact,0,10,0,0,2,2,6,10,0,8,0.009326286999908007,21,1,7,21,79,68,0.009588809999968362,0,73,73,73,73,1,1,60,1,0,0.0172899020000159
s1_1000,S1-65309853,S2,India,selective_v2_compact,0,10,1,1,1,0,11,9,3,5,0.0528053280002041,45,6,17,18,154,153,0.053307828000015434,1,154,153,154,78,1,1,60,0,1,0.06427550700004758
s1_1000,S1-65309853,S3,India,selective_v2_compact,0,10,5,1,0,0,13,5,0,5,0.011674446000029093,45,3,16,10,151,151,0.01218375799999194,0,151,151,151,86,1,1,60,1,0,0.02117309299990211
s1_1000,S1-426307047,S2,India,selective_v2_compact,0,10,7,1,0,0,42,3,0,3,0.01831859899994015,78,15,57,6,230,230,0.018749436000007336,0,230,230,230,97,1,1,60,2,0,0.030146410000043034
s1_1000,S1-426307047,S3,India,selective_v2_compact,0,10,6,1,0,0,37,4,1,3,0.01497267899981125,78,6,43,8,175,168,0.015545785999961481,4,172,168,172,83,1,1,60,1,4,0.023888221999982306
s1_1000,S1-152709472,S2,US,selective_v2_compact,0,10,3,1,0,0,5,7,1,6,0.02830122499983645,36,0,5,15,306,157,0.028862709999998515,0,295,295,295,90,1,1,60,2,0,0.042008517999988726
s1_1000,S1-152709472,S3,US,selective_v2_compact,0,10,6,1,0,0,5,4,1,3,0.022726093000073888,36,0,5,9,323,173,0.023277182000015273,0,311,311,311,78,1,1,60,2,0,0.0358800889999884
s1_1000,S1-114424830,S2,India,selective_v2_compact,0,10,3,1,0,0,16,7,0,7,0.019025656000167146,45,6,22,15,201,187,0.019473951999998462,6,192,191,197,98,1,1,60,1,6,0.03562854199992671
s1_1000,S1-114424830,S3,India,selective_v2_compact,0,10,4,1,1,0,15,6,0,5,0.026582781000001887,45,1,16,13,158,152,0.027124296000010872,13,154,153,166,94,1,1,60,2,13,0.0380711479999718
s1_1000,S1-128260204,S2,India,selective_v2_compact,0,10,3,1,0,0,22,7,2,5,0.012727633000054084,66,1,23,14,241,180,0.013496168999949987,1,180,180,181,86,1,1,60,0,1,0.033914476999939325
s1_1000,S1-128260204,S3,India,selective_v2_compact,0,10,3,1,0,0,19,7,2,5,0.01248291500007781,66,1,20,14,237,161,0.013236237999990408,2,161,161,163,45,0,0,45,0,2,0.03127986899994539
s1_1000,S1-756453021,S2,US,selective_v2_compact,0,10,0,0,2,0,5,10,1,7,0.0059466909999628115,28,1,6,21,230,65,0.006381586000088646,3,223,220,223,99,1,1,60,1,3,0.016571125999917058
s1_1000,S1-756453021,S3,US,selective_v2_compact,0,10,0,0,2,0,5,10,1,7,0.006403908999800478,28,1,6,22,340,65,0.006807290999972793,1,326,325,326,116,1,1,60,2,1,0.021228034999921874
s1_1000,S1-997414477,S2,US,selective_v2_compact,0,10,0,0,1,0,3,10,0,9,0.017996816000163562,28,0,3,21,89,85,0.01841461200001504,0,86,86,86,81,1,1,60,0,0,0.026624227000070277
s1_1000,S1-997414477,S3,US,selective_v2_compact,0,10,0,0,0,0,3,10,0,10,0.02071988899990629,28,0,3,21,147,121,0.021175913999968543,0,124,124,124,92,1,1,60,3,0,0.033870742000090104
s1_1000,S1-587564473,S2,India,selective_v2_compact,0,10,6,1,0,0,54,4,0,4,0.020381083000188482,120,21,75,8,264,254,0.02114119199995912,0,254,254,254,101,1,1,60,0,0,0.046022868000022754
s1_1000,S1-587564473,S3,India,selective_v2_compact,0,10,6,1,0,0,53,4,0,4,0.018688823000047705,120,21,74,8,169,163,0.019432007999967027,1,164,163,164,103,1,1,60,1,1,0.02727079099997809
s1_1000,S1-949663673,S2,US,selective_v2_compact,0,10,3,1,1,0,7,7,0,6,0.0116123749999133,45,0,7,15,212,152,0.01222500400001536,24,199,175,199,93,1,1,60,4,24,0.03703126200002771
s1_1000,S1-949663673,S3,US,selective_v2_compact,0,10,5,1,0,0,15,5,1,4,0.015095386999860239,45,1,16,10,211,208,0.015617543999951522,26,209,208,234,128,1,1,60,3,26,0.03580231000000822
s1_1000,S1-886830433,S2,US,selective_v2_compact,0,10,2,1,0,0,3,8,0,8,0.0045843789999935325,21,1,4,17,245,155,0.004964255000004414,1,214,213,214,101,1,1,60,2,1,0.031760448
s1_1000,S1-886830433,S3,US,selective_v2_compact,0,10,2,1,0,0,3,8,0,8,0.005025933999945664,21,1,4,17,277,187,0.005464555999992626,1,242,241,242,107,1,1,60,2,1,0.03316833000008046
s1_1000,S1-620072179,S2,India,selective_v2_compact,0,10,3,1,1,0,29,7,0,6,0.006089964999773656,120,6,35,14,153,153,0.007310016000019459,0,153,153,153,93,1,1,60,0,0,0.020808520000059616
s1_1000,S1-620072179,S3,India,selective_v2_compact,0,10,1,1,1,0,26,9,0,8,0.27858747599987055,120,3,29,18,216,209,0.2799773720000758,1,210,209,210,109,1,1,60,1,1,0.314536627999928
s1_1000,S1-937355747,S2,India,selective_v2_compact,0,10,4,1,2,0,11,6,1,3,0.04661858499991922,45,6,17,13,208,203,0.04715118399997209,0,208,208,208,80,1,1,60,0,0,0.07033223700000235
s1_1000,S1-937355747,S3,India,selective_v2_compact,0,10,0,0,3,0,12,10,3,4,0.014955388000089442,45,3,15,21,106,102,0.015497085999982119,0,106,106,106,66,1,1,60,1,0,0.02451524299999619
s1_1000,S1-130224322,S2,India,selective_v2_compact,0,10,0,0,0,0,30,10,3,7,0.05717531700008749,120,15,45,21,137,106,0.05833622899990587,1,124,123,124,79,1,1,60,2,1,0.07714089600005991
s1_1000,S1-130224322,S3,India,selective_v2_compact,0,10,0,0,1,0,39,10,3,6,0.029569949000119777,120,6,45,21,109,89,0.0306722020000052,0,106,106,106,95,1,1,60,1,0,0.03807615999994596
s1_1000,S1-417827381,S2,US,selective_v2_compact,0,10,6,1,0,0,5,4,0,4,0.009922471999971094,36,0,5,9,210,163,0.010459591999961049,1,205,204,205,116,1,1,60,2,1,0.018511278000005404
s1_1000,S1-417827381,S3,US,selective_v2_compact,0,10,6,1,0,0,5,4,0,4,0.010689189000004262,36,0,5,10,246,174,0.011206042000026173,0,208,208,208,78,1,1,60,1,0,0.019725295000057486
s1_1000,S1-343417294,S2,India,selective_v2_compact,0,10,0,0,0,0,20,10,0,10,0.026183501999980763,78,10,30,21,151,110,0.026995036000016626,5,122,122,127,84,1,1,60,2,5,0.04039995799996632
s1_1000,S1-343417294,S3,India,selective_v2_compact,0,10,0,1,0,0,20,10,1,9,0.04129567500001485,78,3,23,22,223,151,0.04218435799998588,16,202,186,202,119,1,1,60,1,16,0.06592651500000102
s1_1000,S1-394632774,S2,India,selective_v2_compact,0,10,0,0,0,0,13,10,0,10,0.012357830000041758,91,28,41,23,226,117,0.013153817999977946,2,180,178,180,110,1,1,60,3,2,0.037194317999933446
s1_1000,S1-394632774,S3,India,selective_v2_compact,0,10,0,0,0,0,20,10,2,8,0.014917218999812576,91,15,35,23,184,105,0.01580439800000022,0,163,163,163,92,1,1,60,2,0,0.034417120000057366
s1_1000,S1-732592724,S2,US,selective_v2_compact,0,10,4,1,4,0,2,6,0,2,0.005070803000307933,36,1,3,12,185,185,0.005630967000001874,0,185,185,185,80,1,1,60,0,0,0.026503242999979193
s1_1000,S1-732592724,S3,US,selective_v2_compact,0,10,4,1,0,0,2,6,0,6,0.0054265720000330475,36,1,3,12,200,191,0.005998817999966377,0,191,191,191,77,1,1,60,1,0,0.014064109000059943
s1_1000,S1-580748190,S2,US,selective_v2_compact,0,10,0,1,0,0,1,10,0,10,0.003434954999875117,21,0,1,20,200,170,0.0038434629999528624,3,173,170,173,77,1,1,60,3,3,0.02664900500008116
s1_1000,S1-580748190,S3,US,selective_v2_compact,0,10,0,1,0,0,1,10,0,10,0.0037175929999193613,21,0,1,20,191,172,0.004122649000009915,2,174,172,174,78,1,1,60,2,2,0.03365214699999797
s1_1000,S1-796458434,S2,India,selective_v2_compact,0,10,3,1,0,0,47,7,1,6,0.028469161000089116,120,15,62,14,279,243,0.029457377999960954,1,244,243,244,89,1,1,60,1,1,0.06483798900001148
s1_1000,S1-796458434,S3,India,selective_v2_compact,0,10,6,1,0,0,53,4,0,4,0.014792526999940492,120,6,59,8,186,161,0.015714515000013307,3,164,161,164,78,1,1,60,3,3,0.02373932099999365
s1_1000,S1-765932516,S2,India,selective_v2_compact,0,10,3,1,1,4,3,7,2,4,0.12467668599992976,36,15,18,15,197,173,0.12508038699991175,2,175,173,175,77,1,1,60,2,2,0.15249673499999972
s1_1000,S1-765932516,S3,India,selective_v2_compact,0,10,2,1,1,0,12,8,3,4,0.1294599839999364,36,6,18,17,175,152,0.1298802409999098,0,153,153,153,75,1,1,60,2,0,0.15437883599997804
s1_1000,S1-384400545,S2,India,selective_v2_compact,0,10,4,1,0,0,52,6,0,6,0.006850724000059927,120,21,73,13,367,218,0.007654222000041955,9,297,296,305,101,1,1,60,1,9,0.04092999299996336
s1_1000,S1-384400545,S3,India,selective_v2_compact,0,10,7,1,0,0,47,3,0,3,0.005830594000144629,120,21,68,7,256,161,0.006728073999966,15,229,229,244,103,1,1,60,0,15,0.018799371000000065
s1_1000,S1-444946012,S2,US,selective_v2_compact,0,10,0,0,0,0,8,10,0,10,0.0319371420000607,28,1,9,21,398,147,0.03242473099999188,4,307,303,307,95,1,1,60,5,4,0.07069133400000283
s1_1000,S1-444946012,S3,US,selective_v2_compact,0,10,0,1,0,0,8,10,0,10,0.03296438099994248,28,1,9,21,405,150,0.0334077930000376,2,327,325,327,103,1,1,60,2,2,0.056405856999958814
s1_1000,S1-835384598,S2,India,selective_v2_compact,0,10,0,1,0,0,37,10,0,10,0.02922856099985438,120,6,43,22,243,208,0.030468338999980915,7,221,214,221,82,1,1,60,2,7,0.05252784699996482
s1_1000,S1-835384598,S3,India,selective_v2_compact,0,10,0,0,1,0,28,10,2,7,0.01582577899989701,120,6,34,23,153,104,0.017049516000042786,6,144,144,150,79,1,1,60,2,6,0.02462037399993733
s1_1000,S1-172646617,S2,India,selective_v2_compact,0,8,4,1,0,9,25,4,0,4,0.009570435000000543,78,36,61,8,158,158,0.009884214000067004,6,158,158,164,113,1,1,60,0,6,0.017958424999960698
s1_1000,S1-172646617,S3,India,selective_v2_compact,0,8,2,1,0,8,26,6,0,6,0.021179980999932013,78,36,62,12,163,156,0.021506752999925993,6,162,156,162,80,1,1,60,1,6,0.03320600100005322
s1_1000,S1-163359447,S2,India,selective_v2_compact,0,10,0,0,0,0,14,10,2,8,0.061812206000126935,45,6,20,22,196,118,0.062296394999975746,7,167,160,167,80,1,1,60,1,7,0.08236209400001826
s1_1000,S1-163359447,S3,India,selective_v2_compact,0,10,6,1,0,0,15,4,0,4,0.010992711000085365,45,3,18,10,227,175,0.011488627999938217,12,219,207,219,88,1,1,60,2,12,0.021660295000060614
s1_1000,S1-707155052,S2,India,selective_v2_compact,0,10,4,1,0,0,22,6,0,6,0.009980747000099655,91,21,43,12,214,207,0.010775886999908835,11,207,207,218,88,1,1,60,2,11,0.03256726400002208
s1_1000,S1-707155052,S3,India,selective_v2_compact,0,10,1,1,0,0,27,9,2,7,0.01438551700005064,91,10,37,18,233,207,0.015228284000045278,13,220,207,220,91,1,1,60,2,13,0.0419484870000133
s1_1000,S1-967576249,S2,India,selective_v2_compact,0,10,0,0,2,0,18,10,1,7,0.1767782540000553,91,15,33,22,153,139,0.17770840200000748,4,144,140,144,86,1,1,60,1,4,0.1950532140000405
s1_1000,S1-967576249,S3,India,selective_v2_compact,0,10,5,1,0,0,20,5,0,5,0.010095964000015556,91,10,30,12,188,176,0.011031702999957815,6,180,179,185,82,1,1,60,1,6,0.020315426000024672
s1_1000,S1-383924373,S2,US,selective_v2_compact,0,9,5,1,1,1,5,4,0,3,0.007014125000068816,15,0,5,8,165,163,0.007265625000059117,0,163,163,163,73,1,1,60,2,0,0.013886581999940972
s1_1000,S1-383924373,S3,US,selective_v2_compact,0,9,5,1,1,1,5,4,0,3,0.007782695000059903,15,0,5,8,187,186,0.008042846999956055,0,186,186,186,78,1,1,60,2,0,0.015753979000010077
s1_1000,S1-145192696,S2,US,selective_v2_compact,0,10,0,0,3,0,2,10,0,7,0.010075007999944319,21,0,2,20,140,136,0.010455761999992319,0,136,136,136,70,1,1,60,0,0,0.01903553199997532
s1_1000,S1-145192696,S3,US,selective_v2_compact,0,10,0,0,0,0,2,10,0,10,0.010444800999835024,21,0,2,20,156,138,0.010828199999991739,0,138,138,138,73,1,1,60,5,0,0.02030626700002358
s1_1000,S1-120113863,S2,US,selective_v2_compact,0,10,3,1,0,0,9,7,1,6,0.022110609999799635,28,3,12,14,234,231,0.02247834199999943,0,231,231,231,119,1,1,60,1,0,0.04726614599996992
s1_1000,S1-120113863,S3,US,selective_v2_compact,0,10,5,1,1,0,9,5,0,4,0.013056592000111777,28,3,12,10,223,201,0.013419050000038624,2,202,201,203,77,1,1,60,1,2,0.021880700999986402
s1_1000,S1-579296771,S2,India,selective_v2_compact,0,10,5,1,0,0,27,5,0,5,0.016878971999972237,66,10,37,10,163,158,0.01738669500002743,2,160,158,160,96,1,1,60,1,2,0.03467168199995285
s1_1000,S1-579296771,S3,India,selective_v2_compact,0,10,6,1,1,0,28,4,0,3,0.012233424000100968,66,6,34,8,246,246,0.0128025809999599,3,246,246,249,97,1,1,60,0,3,0.04253226499997709
s1_1000,S1-76600144,S2,US,selective_v2_compact,0,10,2,1,0,0,13,8,1,7,0.007374777999984872,45,6,19,17,289,213,0.007921768999949563,1,269,268,269,116,1,1,60,2,1,0.03456841999991411
s1_1000,S1-76600144,S3,US,selective_v2_compact,0,10,4,1,0,0,11,6,0,6,0.006792552999968393,45,10,21,13,221,153,0.007236130000023877,1,204,203,204,116,1,1,60,1,1,0.01572122999994008
s1_1000,S1-262956530,S2,US,selective_v2_compact,0,10,0,0,0,0,2,10,0,10,0.013105350000046201,21,0,2,20,103,94,0.013459473000011712,1,95,94,95,77,1,1,60,1,1,0.02126234399997884
s1_1000,S1-262956530,S3,US,selective_v2_compact,0,10,0,0,0,0,2,10,0,10,0.014123369999879287,21,0,2,20,126,117,0.014491279000026225,0,117,117,117,78,1,1,60,2,0,0.023183617999961825
s1_1000,S1-289224987,S2,India,selective_v2_compact,0,10,0,0,0,0,21,10,1,9,0.018412205000117865,78,6,27,22,250,141,0.019237099999941165,2,199,197,199,87,1,1,60,3,2,0.04302136600006179
s1_1000,S1-289224987,S3,India,selective_v2_compact,0,10,1,1,0,0,22,9,0,9,0.017306004000147368,78,3,25,20,248,164,0.018176594000010482,0,211,211,211,98,1,1,60,1,0,0.032699293000064245
s1_1000,S1-434671027,S2,India,selective_v2_compact,0,10,5,1,1,0,36,5,0,4,0.03909568900007798,120,3,39,10,159,159,0.04025869600002352,0,159,159,159,89,1,1,60,1,0,0.05518833899998299
s1_1000,S1-434671027,S3,India,selective_v2_compact,0,10,5,1,0,0,34,5,0,5,0.010744095999939418,120,1,35,10,221,220,0.012004454000020814,0,220,220,220,79,1,1,60,1,0,0.03201310800000101
s1_1000,S1-874587325,S2,US,selective_v2_compact,0,10,6,1,0,0,15,4,0,4,0.012734453999996731,45,1,16,8,181,178,0.013239106000014544,0,178,178,178,108,1,1,60,1,0,0.020558470999958445
s1_1000,S1-874587325,S3,US,selective_v2_compact,0,10,5,1,0,0,15,5,0,5,0.012188948000016353,45,1,16,10,230,162,0.012713357000052383,2,164,162,164,108,1,1,60,4,2,0.026924850000000333
s1_1000,S1-386790184,S2,US,selective_v2_compact,0,10,0,0,0,1,0,10,0,10,0.009744318999651114,15,0,0,20,96,61,0.010033462000023974,4,65,61,65,61,1,1,60,3,4,0.014943158999926709
s1_1000,S1-386790184,S3,US,selective_v2_compact,0,10,0,0,0,1,0,10,0,10,0.010866751999969892,15,0,0,20,73,52,0.011126767999940057,0,52,52,52,52,0,0,52,1,0,0.01674390100004075
s1_1000,S1-309029909,S2,India,selective_v2_compact,0,10,4,1,0,0,35,6,0,6,0.013047802999835767,78,15,50,13,199,167,0.013558998000007705,2,188,186,188,81,1,1,60,3,2,0.029819230000043717
s1_1000,S1-309029909,S3,India,selective_v2_compact,0,10,4,1,1,0,38,6,0,5,0.017897682000011628,78,6,44,13,253,229,0.018510569000000032,4,248,248,252,75,1,1,60,1,4,0.04494034499998634
s1_1000,S1-402701678,S2,US,selective_v2_compact,0,10,2,1,0,0,4,8,1,7,0.021242335000124513,21,0,4,16,160,154,0.02158298700010164,0,154,154,154,79,1,1,60,0,0,0.03480045700007395
s1_1000,S1-402701678,S3,US,selective_v2_compact,0,10,2,1,1,0,4,8,1,6,0.021747295999944072,21,0,4,16,168,166,0.02209696799991434,2,168,166,168,82,1,1,60,0,2,0.03563238699996418
s1_1000,S1-820304545,S2,India,selective_v2_compact,0,10,3,1,0,0,45,7,2,5,0.017746401999943373,78,15,60,14,189,177,0.018128049999972973,4,181,177,181,103,1,1,60,1,4,0.04179649299999255
s1_1000,S1-820304545,S3,India,selective_v2_compact,0,10,6,1,0,0,47,4,0,4,0.01782169899991004,78,6,53,8,207,207,0.018268055000021377,11,207,207,218,111,1,1,60,3,11,0.042977621999966686
s1_1000,S1-319446504,S2,US,selective_v2_compact,0,9,4,1,1,0,1,5,0,4,0.004219126999828404,10,0,1,10,193,192,0.004482207000023664,1,193,192,193,80,1,1,60,1,1,0.01211130100000446
s1_1000,S1-319446504,S3,US,selective_v2_compact,0,9,4,1,0,0,1,5,0,5,0.004551425000158815,10,0,1,10,221,212,0.0048170029999710096,1,213,212,213,77,1,1,60,4,1,0.013324429000022064
s1_1000,S1-602660812,S2,India,selective_v2_compact,0,10,0,1,5,0,6,10,1,4,0.023819116000026952,55,1,7,22,204,175,0.02463296200005516,0,202,202,202,79,1,1,60,1,0,0.047096034999981384
s1_1000,S1-602660812,S3,India,selective_v2_compact,0,10,3,1,1,0,6,7,0,6,0.06748398000001998,66,1,7,17,299,198,0.06846387699999923,2,223,221,223,79,1,1,60,0,2,0.08694648400000915
s1_1000,S1-838816755,S2,US,selective_v2_compact,0,10,0,1,1,0,12,10,2,7,0.01363715399998,45,6,18,20,207,186,0.014146245000006274,20,186,186,206,107,1,1,60,0,20,0.036469579999902635
s1_1000,S1-838816755,S3,US,selective_v2_compact,0,10,0,1,1,0,13,10,1,8,0.014664686000060101,45,6,19,20,282,271,0.015248991000021306,18,271,271,289,105,1,1,60,0,18,0.05553779799993208
s1_1000,S1-635610218,S2,US,selective_v2_compact,0,10,1,1,0,0,9,9,1,8,0.029095940999923187,28,0,9,18,204,174,0.029511278999962087,5,179,174,179,111,1,1,60,3,5,0.047989793000056125
s1_1000,S1-635610218,S3,US,selective_v2_compact,0,10,1,1,0,0,8,9,1,8,0.031171926999945754,28,1,9,18,239,207,0.03158486000006633,5,212,207,212,113,1,1,60,1,5,0.05970657199998186
s1_1000,S1-318608060,S2,India,selective_v2_compact,0,10,5,1,0,0,11,5,0,5,0.005503434999923229,45,3,14,10,191,180,0.006049898000014764,2,182,180,182,93,1,1,60,3,2,0.014807431999997789
s1_1000,S1-318608060,S3,India,selective_v2_compact,0,10,0,1,3,0,12,10,1,6,0.022915001999990636,45,1,13,21,268,210,0.02353869900002792,1,249,248,249,119,1,1,60,0,1,0.06530525300001955
s1_1000,S1-68824362,S2,India,selective_v2_compact,0,10,1,1,0,0,23,9,0,9,0.08444536099989364,91,15,38,20,206,159,0.08530843999994886,1,182,181,182,75,1,1,60,2,1,0.11190392299999985
s1_1000,S1-68824362,S3,India,selective_v2_compact,0,10,0,0,0,0,28,10,1,9,0.021339942999929917,91,6,34,22,86,53,0.022211135000020477,0,68,68,68,57,0,0,57,2,0,0.031378801999949246
s1_1000,S1-627898987,S2,India,selective_v2_compact,0,10,3,1,0,0,13,7,0,7,0.0057089489999953,55,3,16,14,197,171,0.00636832499992579,0,171,171,171,94,1,1,60,0,0,0.023607577999996465
s1_1000,S1-627898987,S3,India,selective_v2_compact,0,10,3,1,0,0,12,7,0,7,0.026096361999861983,55,1,13,14,309,263,0.02686748999997235,2,265,263,265,96,1,1,60,4,2,0.05459249600005478
s1_1000,S1-873224394,S2,US,selective_v2_compact,0,10,0,0,6,0,0,10,0,4,0.009662811999987753,28,0,0,21,133,45,0.010108082999977341,0,131,131,131,82,1,1,60,1,0,0.01665772299998025
s1_1000,S1-873224394,S3,US,selective_v2_compact,0,10,1,1,0,0,2,9,1,8,0.014479266999842366,28,0,2,19,345,194,0.015005617000042548,1,321,320,321,115,1,1,60,2,1,0.038924996999980976
s1_1000,S1-528038666,S2,US,selective_v2_compact,0,10,4,1,4,0,3,6,0,2,0.01194337800006906,55,0,3,16,507,256,0.012830742000005557,1,483,482,483,102,1,1,60,0,1,0.05021992100000716
s1_1000,S1-528038666,S3,US,selective_v2_compact,0,10,4,1,1,0,8,6,0,5,0.012837570999863601,55,1,9,16,604,257,0.01366724100000738,1,485,484,485,98,1,1,60,1,1,0.04473882299998877
s1_1000,S1-993276054,S2,US,selective_v2_compact,0,10,0,0,3,0,2,10,1,6,0.004514446000030148,21,1,3,22,170,64,0.004843848999939837,0,154,154,154,83,1,1,60,0,0,0.020363639000038347
s1_1000,S1-993276054,S3,US,selective_v2_compact,0,10,0,0,5,0,3,10,0,5,0.0035594310000988116,21,1,4,22,262,116,0.003910377000011067,0,236,236,236,99,1,1,60,0,0,0.017928084000004674
s1_1000,S1-625355978,S2,India,selective_v2_compact,0,10,1,1,0,0,36,9,0,9,0.008699958999955015,120,15,51,18,213,192,0.00983844899997166,1,193,192,193,73,1,1,60,2,1,0.04415693900000406
s1_1000,S1-625355978,S3,India,selective_v2_compact,0,10,0,1,0,0,42,10,0,10,0.05042968800023573,120,6,48,20,218,204,0.05156530599992948,0,204,204,204,77,1,1,60,1,0,0.07743856599995524
s1_1000,S1-411428383,S2,India,selective_v2_compact,0,10,4,1,0,0,45,6,0,6,0.0173163450000402,120,15,60,13,209,197,0.018275237000011657,0,202,202,202,111,1,1,60,1,0,0.0431621919999543
s1_1000,S1-411428383,S3,India,selective_v2_compact,0,10,4,1,0,0,52,6,0,6,0.019518801999879543,120,10,62,13,237,225,0.020453526999972382,1,233,232,233,110,1,1,60,1,1,0.04056358200000432
s1_1000,S1-877756741,S2,US,selective_v2_compact,0,10,5,1,2,0,3,5,0,3,0.02327066099996955,28,1,4,10,206,203,0.023725172000013117,1,204,203,204,80,1,1,60,2,1,0.0460442129999592
s1_1000,S1-877756741,S3,US,selective_v2_compact,0,10,3,1,0,0,4,7,0,7,0.006527086999767562,28,3,7,14,219,195,0.0069462919999523365,1,196,195,196,77,1,1,60,3,1,0.030482001999985187
s1_1000,S1-264105075,S2,India,selective_v2_compact,0,10,2,1,0,0,36,8,0,8,0.0165456660001837,78,6,42,17,189,151,0.017153468999936194,2,181,179,181,101,1,1,60,1,2,0.03729526699999042
s1_1000,S1-264105075,S3,India,selective_v2_compact,0,10,4,1,0,0,30,6,0,6,0.019807346999982656,78,1,31,13,247,187,0.0206120010000177,1,225,224,225,88,1,1,60,3,1,0.044444108999982745
s1_1000,S1-364343116,S2,US,selective_v2_compact,0,10,4,1,1,0,1,6,0,5,0.00938142300014988,28,1,2,13,478,239,0.009984367000015482,1,471,470,471,105,1,1,60,2,1,0.053137136000032115
s1_1000,S1-364343116,S3,US,selective_v2_compact,0,10,1,1,1,0,3,9,0,8,0.007208277000131602,28,3,6,19,434,169,0.007668275000014546,0,418,418,418,115,1,1,60,1,0,0.026321108999923126
s1_1000,S1-708919835,S2,US,selective_v2_compact,0,10,0,0,3,0,11,10,2,5,0.011006653999629634,45,1,12,20,60,56,0.011518868000052862,3,56,56,59,49,0,0,49,3,3,0.023353243999963524
s1_1000,S1-708919835,S3,US,selective_v2_compact,0,10,4,1,0,0,15,6,1,5,0.011867580999933125,45,3,18,12,178,163,0.012363640999978998,3,166,163,166,76,1,1,60,5,3,0.01907208099999025
s1_1000,S1-424278368,S2,India,selective_v2_compact,0,10,0,0,0,0,16,10,0,10,0.016655384000159756,120,6,22,23,237,109,0.018144020000022465,1,174,173,174,111,1,1,60,1,1,0.03164703099992039
s1_1000,S1-424278368,S3,India,selective_v2_compact,0,10,2,1,0,0,15,8,0,8,0.012619212000004154,120,3,18,19,253,163,0.01411715799997637,2,219,217,219,92,1,1,60,2,2,0.03864153799997894
s1_1000,S1-350140550,S2,India,selective_v2_compact,0,10,0,1,3,0,15,10,0,7,0.0094112300002962,55,6,21,23,194,152,0.010021171999937906,8,182,174,182,104,1,1,60,1,8,0.02662911900006293
s1_1000,S1-350140550,S3,India,selective_v2_compact,0,10,3,1,1,0,13,7,1,5,0.01995407200001864,45,1,14,16,242,212,0.020542373999887786,15,231,231,246,97,1,1,60,1,15,0.04195677099994555
s1_1000,S1-224156764,S2,US,selective_v2_compact,0,10,4,1,0,0,5,6,0,6,0.025805491999904007,21,0,5,12,180,165,0.02616532800004734,1,166,165,166,80,1,1,60,2,1,0.03691911499993239
s1_1000,S1-224156764,S3,US,selective_v2_compact,0,10,4,1,0,0,5,6,0,6,0.028065265000122963,21,0,5,12,164,155,0.028415741000003436,0,155,155,155,79,1,1,60,1,0,0.039575531999958
s1_1000,S1-991758781,S2,India,selective_v2_compact,0,10,0,0,0,0,8,10,1,9,0.04951426699994954,45,10,18,23,222,146,0.05004106100000172,12,181,169,181,81,1,1,60,2,12,0.06026118399995539
s1_1000,S1-991758781,S3,India,selective_v2_compact,0,10,1,1,0,0,10,9,0,9,0.08450475600011487,45,10,20,21,252,182,0.08504991999996037,35,199,197,232,111,1,1,60,2,35,0.1129903959999865
s1_1000,S1-253152547,S2,US,selective_v2_compact,0,10,0,1,3,0,8,10,0,7,0.015336147999960303,36,1,9,22,244,213,0.015857697999990705,0,220,220,220,80,1,1,60,0,0,0.03969929900006264
s1_1000,S1-253152547,S3,US,selective_v2_compact,0,10,0,1,3,0,8,10,0,7,0.016587397999728637,36,1,9,22,244,202,0.01715779100004511,1,208,207,208,77,1,1,60,2,1,0.034412317000033
s1_1000,S1-349078782,S2,US,selective_v2_compact,0,10,3,1,3,0,2,7,0,4,0.01861113799998293,28,0,2,14,154,153,0.019071734000021934,0,153,153,153,79,1,1,60,0,0,0.030743929999971442
s1_1000,S1-349078782,S3,US,selective_v2_compact,0,10,1,1,1,0,2,9,0,8,0.022301982999920256,28,0,2,18,167,162,0.022769375000052605,0,162,162,162,77,1,1,60,0,0,0.033225958999992145
s1_1000,S1-755451588,S2,US,selective_v2_compact,0,10,0,0,2,0,5,10,0,8,0.044935300000020106,45,0,5,21,79,49,0.04557057600004555,1,64,63,64,63,1,1,60,5,1,0.05233636600007685
s1_1000,S1-755451588,S3,US,selective_v2_compact,0,10,4,1,0,0,10,6,0,6,0.015060665999953926,45,1,11,13,183,155,0.015642906000039147,1,169,168,169,76,1,1,60,5,1,0.022659760000010465
s1_1000,S1-253496965,S2,India,selective_v2_compact,0,10,0,0,0,0,11,10,2,8,0.06540137700005744,55,6,17,22,203,135,0.06608127999993485,1,169,168,169,82,1,1,60,1,1,0.08778689600001144
s1_1000,S1-253496965,S3,India,selective_v2_compact,0,10,2,1,0,0,13,8,2,6,0.03555210200011061,55,1,14,18,197,162,0.036275427999953536,1,188,187,188,83,1,1,60,1,1,0.06034622699996817
s1_1000,S1-586543605,S2,India,selective_v2_compact,0,10,4,1,0,0,25,6,0,6,0.012496448000092641,55,15,40,12,267,249,0.012896700999931454,8,257,249,257,100,1,1,60,2,8,0.04757790099995418
s1_1000,S1-586543605,S3,India,selective_v2_compact,0,10,5,1,0,0,28,5,1,4,0.012882656999863684,55,6,34,10,254,242,0.013308070999983102,11,253,242,253,117,1,1,60,1,11,0.0438535859999547
s1_1000,S1-309328944,S2,US,selective_v2_compact,0,10,5,1,0,0,1,5,0,5,0.004100110999843309,21,1,2,11,325,256,0.00451177499996902,7,303,296,303,117,1,1,60,1,7,0.030462073000080636
s1_1000,S1-309328944,S3,US,selective_v2_compact,0,10,5,1,0,0,1,5,1,4,0.004404122000096322,21,1,2,10,177,164,0.0047709259999919595,9,173,164,173,65,1,1,60,3,9,0.011816466000027503
s1_1000,S1-877771962,S2,US,selective_v2_compact,0,10,5,1,1,0,6,5,0,4,0.013610098999834008,28,1,7,10,257,257,0.014045678000002226,0,257,257,257,80,1,1,60,0,0,0.04620828200006599
s1_1000,S1-877771962,S3,US,selective_v2_compact,0,10,1,1,1,0,6,9,1,7,0.01738497899975755,28,1,7,18,211,207,0.01781132600001456,0,207,207,207,85,1,1,60,2,0,0.037202312999966125
s1_1000,S1-881400809,S2,US,selective_v2_compact,0,10,0,0,0,1,2,10,0,10,0.0014463630001273486,15,1,3,23,123,78,0.001710933000026671,3,88,85,88,65,1,1,60,3,3,0.009744131999923411
s1_1000,S1-881400809,S3,US,selective_v2_compact,0,10,0,0,0,1,2,10,0,10,0.001689122999778192,15,1,3,23,132,74,0.001937469000040437,1,86,85,86,73,1,1,60,3,1,0.012032639000040035
s1_1000,S1-252959475,S2,India,selective_v2_compact,0,10,0,0,3,0,4,10,2,5,0.025558640000326704,36,1,5,21,207,144,0.02611537899997529,0,180,180,180,98,1,1,60,0,0,0.04632629499997165
s1_1000,S1-252959475,S3,India,selective_v2_compact,0,10,0,0,2,0,4,10,2,6,0.008051973999840811,36,0,4,21,170,139,0.008579572000030566,0,165,165,165,99,1,1,60,0,0,0.02255859399997462
s1_1000,S1-106566816,S2,US,selective_v2_compact,0,10,2,1,0,0,10,8,2,6,0.015172350000057122,28,0,10,17,299,153,0.015539285000045311,7,286,279,286,109,1,1,60,1,7,0.031448242000010396
s1_1000,S1-106566816,S3,US,selective_v2_compact,0,10,2,1,2,0,10,8,2,4,0.015973372999951607,28,0,10,17,317,157,0.016355973000031554,7,297,290,297,100,1,1,60,2,7,0.03548326899999665
s1_1000,S1-657748914,S2,India,selective_v2_compact,0,10,0,0,0,0,20,10,0,10,0.014310150000028443,120,1,21,24,192,91,0.01576965399999608,3,143,140,143,74,1,1,60,3,3,0.023324640999931034
s1_1000,S1-657748914,S3,India,selective_v2_compact,0,10,0,0,0,0,15,10,0,10,0.01038149900011831,120,1,16,24,206,110,0.01188549099992997,1,178,177,178,77,1,1,60,3,1,0.020720206999953916
s1_1000,S1-452747502,S2,US,selective_v2_compact,0,10,5,1,0,0,1,5,0,5,0.00498772700018435,15,0,1,11,224,162,0.005298510999978134,49,216,167,216,87,1,1,60,2,44,0.013874571999963337
s1_1000,S1-452747502,S3,US,selective_v2_compact,0,10,4,1,0,1,3,6,0,6,0.006380795000154649,15,0,3,13,231,155,0.006680207000044902,49,210,161,210,80,1,1,60,2,41,0.025192834000108633
s1_1000,S1-339021665,S2,India,selective_v2_compact,0,9,5,1,1,16,43,4,0,3,0.010286614000165173,78,10,53,9,178,173,0.010746424999979354,0,177,177,177,84,1,1,60,0,0,0.025984559999983503
s1_1000,S1-339021665,S3,India,selective_v2_compact,0,10,4,1,2,0,47,6,0,4,0.02574321600013718,78,3,50,13,247,244,0.026314629000012246,0,247,247,247,102,1,1,60,0,0,0.05346495900005266
s1_1000,S1-927465777,S2,US,selective_v2_compact,0,10,0,0,2,0,7,10,0,8,0.007311360999892713,36,3,10,21,112,98,0.0077730749999318505,2,101,99,101,74,1,1,60,2,2,0.013573090000022603
s1_1000,S1-927465777,S3,US,selective_v2_compact,0,10,0,1,1,0,9,10,2,7,0.012402575000010074,36,6,15,21,180,170,0.012854546999960803,0,171,171,171,75,1,1,60,2,0,0.025150579999944966
s1_1000,S1-275292755,S2,India,selective_v2_compact,0,10,2,1,0,0,16,8,0,8,0.012662308000244593,78,10,26,18,327,222,0.013517289999981585,0,289,289,289,118,1,1,60,1,0,0.035081945000001724
s1_1000,S1-275292755,S3,India,selective_v2_compact,0,10,1,1,0,0,16,9,1,8,0.03177228700019441,78,6,22,19,236,193,0.03267615699996895,1,221,221,222,116,1,1,60,1,1,0.05107780899993486
s1_1000,S1-870147511,S2,India,selective_v2_compact,0,10,1,1,0,0,26,9,0,9,0.010903781000024537,120,3,29,18,201,179,0.012238176999971984,0,179,179,179,76,1,1,60,3,0,0.03559752500007107
s1_1000,S1-870147511,S3,India,selective_v2_compact,0,10,4,1,0,0,22,6,0,6,0.012922595999953046,120,0,22,13,190,154,0.0143123000000287,0,186,186,186,57,0,0,57,0,0,0.023715143999993415
s1_1000,S1-666016256,S2,US,selective_v2_compact,0,10,0,0,1,0,6,10,1,8,0.009701928999788834,28,0,6,21,126,22,0.010058201999981975,2,100,98,100,64,1,1,60,1,2,0.015465636999920207
s1_1000,S1-666016256,S3,US,selective_v2_compact,0,10,0,0,0,0,6,10,1,9,0.010578163999866774,28,0,6,21,134,28,0.010951651000027596,5,96,91,96,71,1,1,60,4,5,0.015189259999942806
s1_1000,S1-310651038,S2,US,selective_v2_compact,0,10,4,1,0,0,5,6,0,6,0.008562963000144919,45,1,6,13,220,171,0.009244988999967063,1,214,213,214,104,1,1,60,1,1,0.017630682000003617
s1_1000,S1-310651038,S3,US,selective_v2_compact,0,10,4,1,1,0,6,6,0,5,0.008998885999972117,45,1,7,13,217,153,0.009610537999947155,1,210,209,210,106,1,1,60,2,1,0.01800229399998443
s1_1000,S1-133609565,S2,India,selective_v2_compact,0,10,1,1,0,0,20,9,0,9,0.01052832400000625,66,6,26,19,203,156,0.011218962000043575,8,193,185,193,79,1,1,60,3,8,0.029590697000003274
s1_1000,S1-133609565,S3,India,selective_v2_compact,0,10,0,0,0,0,19,10,0,10,0.01453004799975588,66,3,22,21,219,133,0.01525221600002169,11,163,162,173,93,1,1,60,2,11,0.031624920000012935
s1_1000,S1-538988615,S2,US,selective_v2_compact,0,10,0,0,3,0,5,10,1,6,0.015088468999920224,21,0,5,21,198,149,0.015436787999988155,0,193,193,193,86,1,1,60,0,0,0.02490910899996379
s1_1000,S1-538988615,S3,US,selective_v2_compact,0,9,0,0,0,4,7,9,1,8,0.06117220500016174,21,1,8,19,152,84,0.06147901200006345,0,130,130,130,79,1,1,60,1,0,0.07333771399999023
s1_1000,S1-521533478,S2,US,selective_v2_compact,0,10,0,0,0,0,5,10,2,8,0.008129471000074773,21,1,6,21,114,90,0.008432324000068547,0,101,101,101,71,1,1,60,1,0,0.013406762000045092
s1_1000,S1-521533478,S3,US,selective_v2_compact,0,10,0,0,1,0,6,10,1,8,0.006920130000253266,21,1,7,21,146,109,0.007212200000026314,1,128,127,128,73,1,1,60,3,1,0.014690454000060527
s1_1000,S1-979640757,S2,US,selective_v2_compact,0,10,4,1,2,0,2,6,0,4,0.015866314999925635,21,0,2,13,214,151,0.016226999000082287,0,209,209,209,108,1,1,60,1,0,0.025368346000050224
s1_1000,S1-979640757,S3,US,selective_v2_compact,0,10,0,0,2,2,6,10,1,7,0.0416936869996789,21,0,6,21,125,35,0.04199103999997078,0,116,116,116,75,1,1,60,2,0,0.048928861000035795
s1_1000,S1-237040891,S2,India,selective_v2_compact,0,10,0,0,0,0,33,10,1,9,0.026675794999732716,105,21,54,21,101,79,0.027495733000023392,1,88,87,88,67,1,1,60,1,1,0.04359639699998752
s1_1000,S1-237040891,S3,India,selective_v2_compact,0,10,0,0,0,0,34,10,0,10,0.09554603900005532,105,21,55,21,80,51,0.09632889099998465,1,61,60,61,60,1,0,60,3,1,0.10512664400005178
s1_1000,S1-285122739,S2,US,selective_v2_compact,0,10,0,1,0,0,7,10,1,9,0.02135365999993155,36,1,8,20,162,155,0.021866119000037543,1,156,155,156,88,1,1,60,1,1,0.0339718279999488
s1_1000,S1-285122739,S3,US,selective_v2_compact,0,10,4,1,1,0,7,6,1,4,0.0044656420001274455,36,1,8,12,157,152,0.004940818000022773,1,153,152,153,69,1,1,60,2,1,0.012903238000035344
s1_1000,S1-608905216,S2,US,selective_v2_compact,0,10,6,1,0,0,11,4,0,4,0.011718889999883686,28,1,12,8,273,268,0.012094686999944315,0,268,268,268,78,1,1,60,2,0,0.02455697900006726
s1_1000,S1-608905216,S3,US,selective_v2_compact,0,10,1,1,0,0,11,9,1,8,0.03026349900005698,28,1,12,18,265,263,0.030660140999998475,0,263,263,263,95,1,1,60,2,0,0.06859497100003864
s1_1000,S1-251563500,S2,India,selective_v2_compact,0,10,4,1,1,0,7,6,1,4,0.0055641009998907975,55,0,7,14,196,181,0.006299731000012798,0,190,190,190,91,1,1,60,0,0,0.015530771999920034
s1_1000,S1-251563500,S3,India,selective_v2_compact,0,10,0,0,2,0,7,10,1,7,0.010587489000045025,55,0,7,22,143,122,0.011296343000026354,0,135,135,135,77,1,1,60,1,0,0.02033494600004815
s1_1000,S1-708368208,S2,US,selective_v2_compact,0,10,2,1,0,0,3,8,1,7,0.01635886299993672,21,0,3,17,240,201,0.016751791999922716,2,218,216,218,109,1,1,60,4,2,0.04147355800000696
s1_1000,S1-708368208,S3,US,selective_v2_compact,0,10,2,1,0,0,3,8,1,7,0.017230461999929503,21,0,3,17,245,218,0.01763584900004389,3,227,224,227,112,1,1,60,3,3,0.044586503000004996
s1_1000,S1-728715860,S2,US,selective_v2_compact,0,10,1,1,3,0,4,9,0,6,0.007702306000055614,36,1,5,18,163,159,0.00824704000001475,1,160,159,160,52,0,0,52,1,1,0.022300440999970306
s1_1000,S1-728715860,S3,US,selective_v2_compact,0,10,5,1,0,0,5,5,0,5,0.005864413999915996,36,3,8,10,185,172,0.006370558000071469,2,174,172,174,60,1,0,60,2,2,0.018697256999985257
s1_1000,S1-728437419,S2,India,selective_v2_compact,0,10,0,0,2,0,23,10,1,7,0.015553527999713879,45,6,29,20,119,118,0.01586047899991172,0,118,118,118,62,1,1,60,0,0,0.02907685100001345
s1_1000,S1-728437419,S3,India,selective_v2_compact,0,10,5,1,1,0,19,5,0,4,0.17719331700016028,45,3,22,10,228,227,0.1776705199999924,0,227,227,227,104,1,1,60,1,0,0.2122762449999982
s1_1000,S1-94056942,S2,US,selective_v2_compact,0,10,0,0,0,0,11,10,1,9,0.015054390000045714,45,3,14,21,323,126,0.015605781999965984,1,287,286,287,116,1,1,60,1,1,0.029389006000087647
s1_1000,S1-94056942,S3,US,selective_v2_compact,0,10,0,0,0,0,11,10,1,9,0.01600432699990506,45,3,14,21,324,129,0.016556654999931197,1,291,290,291,118,1,1,60,1,1,0.03426735699997607
s1_1000,S1-626087188,S2,US,selective_v2_compact,0,10,5,1,0,0,7,5,0,5,0.011664010999879793,28,1,8,10,159,154,0.012067233000038868,64,156,154,218,137,1,1,60,1,44,0.0208228850000296
s1_1000,S1-626087188,S3,US,selective_v2_compact,0,10,5,1,0,0,8,5,0,5,0.0072248989999934565,28,3,11,10,172,157,0.00757471200006421,56,162,157,213,120,1,1,60,3,46,0.016154107000033946
s1_1000,S1-982554289,S2,India,selective_v2_compact,0,10,5,1,0,0,27,5,1,4,0.05374206099997991,66,6,33,10,177,171,0.05430752199993094,2,173,171,173,117,1,1,60,3,2,0.06723537400000623
s1_1000,S1-982554289,S3,India,selective_v2_compact,0,10,3,1,1,0,27,7,1,5,0.017765458000098988,66,3,30,14,219,213,0.018393579000075988,3,216,213,216,107,1,1,60,1,3,0.04474115300001813
s1_1000,S1-650945498,S2,US,selective_v2_compact,0,10,1,1,1,0,6,9,0,8,0.00975952700025573,28,1,7,18,202,189,0.010175205999985337,2,191,189,191,79,1,1,60,2,2,0.03835195899989685
s1_1000,S1-650945498,S3,US,selective_v2_compact,0,10,1,1,2,0,6,9,0,7,0.010413177000032192,28,1,7,18,222,222,0.010845420000009653,0,222,222,222,83,1,1,60,0,0,0.039505611999970824
s1_1000,S1-223141947,S2,US,selective_v2_compact,0,10,2,1,2,0,3,8,0,6,0.009563703999901918,21,0,3,16,235,231,0.0099573129999726,0,231,231,231,78,1,1,60,1,0,0.033185032000005776
s1_1000,S1-223141947,S3,US,selective_v2_compact,0,10,5,1,1,0,4,5,0,4,0.006877248000023428,21,0,4,10,156,155,0.007211638999933712,0,155,155,155,87,1,1,60,1,0,0.013536312000042017
s1_1000,S1-939186499,S2,US,selective_v2_compact,0,10,0,0,0,1,2,10,1,9,0.008161844999790446,15,0,2,20,111,103,0.008485436000000846,1,104,103,104,70,1,1,60,1,1,0.02388219299996308
s1_1000,S1-939186499,S3,US,selective_v2_compact,0,10,0,0,0,1,2,10,1,9,0.008686923999903229,15,0,2,20,124,110,0.00900887000000239,1,111,110,111,69,1,1,60,2,1,0.029208166999978857
s1_1000,S1-717657945,S2,US,selective_v2_compact,0,10,2,1,1,0,3,8,0,7,0.021100705000094422,21,0,3,17,340,241,0.021528796999973565,0,310,310,310,102,1,1,60,1,0,0.05613800200001151
s1_1000,S1-717657945,S3,US,selective_v2_compact,0,10,2,1,0,0,3,8,0,8,0.0231196650001948,21,0,3,17,333,227,0.02355480999995052,0,299,299,299,98,1,1,60,2,0,0.05694976399990992
s1_1000,S1-229514919,S2,US,selective_v2_compact,0,10,3,1,0,0,6,7,1,6,0.019938055000011445,28,0,6,14,257,250,0.020385996000072737,0,250,250,250,86,1,1,60,1,0,0.036039124000012634
s1_1000,S1-229514919,S3,US,selective_v2_compact,0,10,0,0,0,0,11,10,1,9,0.027516257999764093,28,1,12,20,147,139,0.027850575999991634,0,139,139,139,107,1,1,60,1,0,0.045248321000030955
s1_1000,S1-175958937,S2,India,selective_v2_compact,0,10,3,1,1,0,22,7,0,6,0.013579178999748365,55,6,28,14,191,176,0.014063297999996394,3,179,176,179,83,1,1,60,0,3,0.03545511099991927
s1_1000,S1-175958937,S3,India,selective_v2_compact,0,10,1,1,0,0,19,9,2,7,0.03625612899986663,55,3,22,18,226,212,0.03686379400005535,7,219,212,219,109,1,1,60,0,7,0.06143927800007987
s1_1000,S1-408524377,S2,India,selective_v2_compact,0,10,1,1,0,0,19,9,0,9,0.0893096989998412,78,10,29,19,243,155,0.09016623699994852,5,173,168,173,83,1,1,60,1,5,0.1190121409999847
s1_1000,S1-408524377,S3,India,selective_v2_compact,0,10,0,1,1,0,21,10,0,9,0.1363472930000853,78,6,27,21,267,193,0.13729861999991044,13,219,206,219,86,1,1,60,2,13,0.17055014300001403
s1_1000,S1-556310487,S2,US,selective_v2_compact,0,10,0,0,0,0,0,10,2,8,0.008798671000135982,15,0,0,20,53,50,0.009084175999987565,0,50,50,50,47,0,0,47,1,0,0.020855179000022872
s1_1000,S1-556310487,S3,US,selective_v2_compact,0,10,0,0,1,0,1,10,1,8,0.007876080999949409,15,0,1,20,80,73,0.008173371999987467,1,74,73,74,59,0,0,59,1,1,0.012939348000031714
s1_1000,S1-447515688,S2,India,selective_v2_compact,0,10,4,1,0,0,26,6,0,6,0.008546269999783362,78,21,47,12,197,159,0.009147125999902528,7,166,159,166,82,1,1,60,2,7,0.017233424999972158
s1_1000,S1-447515688,S3,India,selective_v2_compact,0,10,4,1,0,0,30,6,1,5,0.013475373000119362,78,10,40,12,162,154,0.01409781600000315,2,156,154,156,94,1,1,60,3,2,0.023501233999922988
s1_1000,S1-469262072,S2,US,selective_v2_compact,0,10,0,0,5,0,3,10,1,4,0.0036293299998533257,36,1,4,22,169,148,0.004162156999996114,0,163,163,163,56,0,0,56,0,0,0.03629554899998766
s1_1000,S1-469262072,S3,US,selective_v2_compact,0,10,1,1,1,0,4,9,1,7,0.006731143000024531,36,3,7,20,217,156,0.007241401999976915,0,196,196,196,83,1,1,60,1,0,0.017725465000012264
s1_1000,S1-910511213,S2,India,selective_v2_compact,0,10,4,1,0,0,31,6,1,5,0.013943486000130179,66,10,41,12,165,164,0.014396470000065165,2,164,164,166,88,1,1,60,1,2,0.02836103799995726
s1_1000,S1-910511213,S3,India,selective_v2_compact,0,10,6,1,0,0,31,4,0,4,0.01468306600008873,66,6,37,8,204,201,0.015215790999945966,4,201,201,205,94,1,1,60,1,4,0.025112490999958936
s1_1000,S1-568262604,S2,India,selective_v2_compact,0,10,0,0,1,0,14,10,1,8,0.01730782799984354,120,21,35,26,272,109,0.018558948999952918,1,208,207,208,80,1,1,60,2,1,0.028372649999937494
s1_1000,S1-568262604,S3,India,selective_v2_compact,0,10,0,0,0,0,16,10,0,10,0.014987332999908176,120,21,37,26,223,52,0.016172384000014972,0,152,152,152,84,1,1,60,1,0,0.02333154600000853
s1_1000,S1-3965597,S2,India,selective_v2_compact,0,10,0,0,1,0,37,10,0,9,0.013703553000254942,120,28,65,23,172,110,0.01468712600001254,0,151,151,151,76,1,1,60,2,0,0.025017448000085096
s1_1000,S1-3965597,S3,India,selective_v2_compact,0,10,6,1,0,0,39,4,0,4,0.011263849999977538,120,21,60,11,249,221,0.01217921500006014,0,245,245,245,84,1,1,60,1,0,0.02421463700000004
s1_1000,S1-712267907,S2,US,selective_v2_compact,0,10,0,0,0,0,12,10,1,9,0.013937866999981452,36,3,15,20,118,91,0.014321231000053558,0,91,91,91,66,1,1,60,2,0,0.023585533999948893
s1_1000,S1-712267907,S3,US,selective_v2_compact,0,10,0,0,0,0,12,10,1,9,0.014668279999796141,36,3,15,20,121,97,0.015058641999985412,1,98,97,98,60,1,0,60,1,1,0.023535349000098904
s1_1000,S1-571269849,S2,US,selective_v2_compact,0,10,3,1,0,0,14,7,1,6,0.015870336000034513,45,6,20,15,254,163,0.016335957000023882,1,242,241,242,93,1,1,60,2,1,0.03450629700000718
s1_1000,S1-571269849,S3,US,selective_v2_compact,0,10,3,1,0,0,14,7,1,6,0.01794451600017055,45,6,20,15,270,170,0.018444250000015927,1,254,253,254,90,1,1,60,2,1,0.03342489600004228
s1_1000,S1-53898759,S2,US,selective_v2_compact,0,8,0,0,1,0,6,8,0,7,0.01926550500002122,15,1,7,16,119,114,0.019490956000026927,33,115,114,147,114,1,1,60,2,33,0.025990136000018538
s1_1000,S1-53898759,S3,US,selective_v2_compact,0,8,0,0,0,0,6,8,0,8,0.022412160000271797,15,1,7,16,156,139,0.022653179000030832,26,140,139,165,110,1,1,60,3,26,0.03202382500001022
s1_1000,S1-925577931,S2,US,selective_v2_compact,0,10,0,0,0,0,9,10,1,9,0.009641559999863603,36,1,10,22,359,76,0.010126746999958414,0,314,314,314,112,1,1,60,1,0,0.022398059000011017
s1_1000,S1-925577931,S3,US,selective_v2_compact,0,10,0,0,0,0,9,10,1,9,0.009956195999848205,36,1,10,22,361,97,0.010448407000012594,1,314,313,314,113,1,1,60,2,1,0.023184681999964596
s1_1000,S1-607322610,S2,India,selective_v2_compact,0,10,0,0,6,0,15,10,0,4,0.008240648999958466,45,3,18,24,128,88,0.00875117299995054,2,108,106,108,80,1,1,60,0,2,0.01824485800000275
s1_1000,S1-607322610,S3,India,selective_v2_compact,0,10,3,1,0,0,12,7,0,7,0.00974930600011703,45,3,15,18,262,162,0.010274892999973417,14,208,194,208,78,1,1,60,3,14,0.0347109699999919
s1_1000,S1-617480537,S2,US,selective_v2_compact,0,10,0,0,3,0,2,10,0,7,0.006561364000049252,36,0,2,20,106,90,0.00710603799996079,3,93,90,93,58,0,0,58,3,3,0.011693644000047243
s1_1000,S1-617480537,S3,US,selective_v2_compact,0,10,0,1,0,0,5,10,0,10,0.01583876699976372,36,1,6,21,239,174,0.01641939600006026,5,217,212,217,105,1,1,60,3,5,0.03549726799997188
s1_1000,S1-617714375,S2,US,selective_v2_compact,0,10,2,1,1,0,3,8,0,7,0.004432914000062738,21,1,4,18,198,179,0.004834039000002122,0,192,192,192,94,1,1,60,1,0,0.021485710999968433
s1_1000,S1-617714375,S3,US,selective_v2_compact,0,10,0,0,3,0,4,10,0,7,0.003551743000116403,21,1,5,22,125,100,0.0038575280000259227,0,115,115,115,78,1,1,60,0,0,0.01650239100001727
s1_1000,S1-548687090,S2,India,selective_v2_compact,0,10,0,0,3,0,14,10,0,7,0.020843365000132508,66,6,20,24,193,102,0.02159411800005273,1,164,163,164,104,1,1,60,1,1,0.03264245800005483
s1_1000,S1-548687090,S3,India,selective_v2_compact,0,10,0,0,3,0,12,10,1,6,0.011126374000127726,66,6,18,24,214,116,0.01189930500004266,1,182,181,182,118,1,1,60,1,1,0.020725907000041843
s1_1000,S1-703174498,S2,India,selective_v2_compact,0,10,0,0,1,0,21,10,2,7,0.04560823799977243,66,6,27,21,142,64,0.046224069999993844,10,113,103,113,93,1,1,60,0,10,0.054909844999997404
s1_1000,S1-703174498,S3,India,selective_v2_compact,0,10,0,0,0,0,22,10,2,8,0.06700969800010625,66,3,25,22,222,113,0.06769380100001854,9,176,167,176,80,1,1,60,4,9,0.09400050799990822
s1_1000,S1-785764526,S2,India,selective_v2_compact,0,10,0,0,1,0,10,10,0,9,0.008052137999925435,55,1,11,23,174,143,0.008734345999982907,1,145,144,145,48,0,0,48,1,1,0.020724461999975574
s1_1000,S1-785764526,S3,India,selective_v2_compact,0,10,1,1,0,0,6,9,0,9,0.017407566999850133,55,1,7,21,214,192,0.018185665000032714,2,194,192,194,40,0,0,40,2,2,0.03298216999996839
s1_1000,S1-376767576,S2,US,selective_v2_compact,0,10,0,0,1,0,6,10,0,9,0.0073541700000987476,28,1,7,21,47,19,0.007695346000105019,0,34,34,34,34,0,0,34,2,0,0.010163906999991923
s1_1000,S1-376767576,S3,US,selective_v2_compact,0,10,0,0,0,0,6,10,0,10,0.009679591999883996,28,1,7,21,58,26,0.010054534999994758,0,42,42,42,42,0,0,42,2,0,0.012906251000003977
s1_1000,S1-879036575,S2,US,selective_v2_compact,0,10,3,1,1,0,2,7,0,6,0.008079428000087319,15,0,2,14,226,207,0.008414066000000275,91,223,207,298,128,1,1,60,1,35,0.025206345000015062
s1_1000,S1-879036575,S3,US,selective_v2_compact,0,10,3,1,0,0,2,7,0,7,0.00894111799982511,15,0,2,14,231,213,0.009288001999948392,119,223,213,332,118,1,1,60,2,28,0.029111414999988483
s1_1000,S1-137109332,S2,India,selective_v2_compact,0,10,0,0,0,0,0,10,0,10,0.021086813000124494,55,21,21,22,232,144,0.021715438000001086,1,162,161,162,86,1,1,60,2,1,0.03766842799996084
s1_1000,S1-137109332,S3,India,selective_v2_compact,0,10,0,0,1,0,6,10,0,9,0.019056207999824437,55,15,21,22,144,82,0.019644843000037326,0,103,103,103,79,1,1,60,2,0,0.03076551300000574
s1_1000,S1-74161638,S2,US,selective_v2_compact,0,10,0,1,2,0,7,10,0,8,0.02151124899990009,55,1,8,20,186,178,0.022320099000012306,0,178,178,178,89,1,1,60,1,0,0.0476898379999966
s1_1000,S1-74161638,S3,US,selective_v2_compact,0,10,3,1,0,0,11,7,0,7,0.015504262999911589,55,3,14,14,203,188,0.016204863999973895,1,189,188,189,90,1,1,60,1,1,0.03011588100002882
s1_1000,S1-812960792,S2,India,selective_v2_compact,0,10,3,1,0,0,36,7,0,7,0.01358049399993888,105,21,57,15,236,200,0.014396700000020246,2,209,207,209,101,1,1,60,3,2,0.035874701000011555
s1_1000,S1-812960792,S3,India,selective_v2_compact,0,10,4,1,0,0,40,6,0,6,0.01774409300003299,105,15,55,13,196,181,0.01857238899992808,1,187,186,187,107,1,1,60,3,1,0.03715075699994941
s1_1000,S1-371328674,S2,India,selective_v2_compact,0,10,0,0,4,0,17,10,1,5,0.11861080699986815,55,6,23,22,155,142,0.1192096169999104,0,151,151,151,54,0,0,54,0,0,0.12687500799995632
s1_1000,S1-371328674,S3,India,selective_v2_compact,0,10,0,0,1,0,14,10,2,7,0.1882438260000754,55,1,15,22,147,125,0.1889434220000794,0,138,138,138,85,1,1,60,1,0,0.2051604140000336
s1_1000,S1-30617375,S2,India,selective_v2_compact,0,10,4,1,0,0,41,6,0,6,0.010053018000121483,105,15,56,12,172,163,0.01084152400005678,2,165,163,165,93,1,1,60,2,2,0.027555331000030492
s1_1000,S1-30617375,S3,India,selective_v2_compact,0,10,2,1,1,0,40,8,1,6,0.03621636200011835,105,6,46,17,241,170,0.03714323700000932,2,226,224,226,98,1,1,60,3,2,0.059358033999956206
s1_1000,S1-573726315,S2,US,selective_v2_compact,0,8,0,0,0,0,2,8,0,8,0.00818796199996541,10,0,2,16,117,99,0.008406936000028509,84,110,99,183,97,1,1,60,1,20,0.01539153900000656
s1_1000,S1-573726315,S3,US,selective_v2_compact,0,8,0,0,2,0,2,8,0,6,0.009400521000088702,10,0,2,16,123,107,0.009622470999943289,93,120,107,200,101,1,1,60,1,27,0.017500752999922042
s1_1000,S1-354085195,S2,India,selective_v2_compact,0,10,5,1,0,0,24,5,0,5,0.007426436000059766,105,21,45,12,264,235,0.008346227999936673,1,246,245,246,91,1,1,60,1,1,0.02028114499989897
s1_1000,S1-354085195,S3,India,selective_v2_compact,0,10,4,1,0,0,30,6,1,5,0.010972498000114683,105,6,36,14,249,205,0.012019440000017312,2,216,214,216,85,1,1,60,4,2,0.022229304000006778
s1_1000,S1-770102800,S2,US,selective_v2_compact,0,10,0,1,0,1,4,10,1,9,0.03157870000006824,15,0,4,21,341,184,0.03191097599994919,0,314,314,314,113,1,1,60,2,0,0.05661449199999424
s1_1000,S1-770102800,S3,US,selective_v2_compact,0,10,0,1,0,1,4,10,1,9,0.03334518000008302,15,0,4,21,378,186,0.03368349999993825,3,330,327,330,98,1,1,60,4,3,0.06052663599996322
s1_1000,S1-459488906,S2,US,selective_v2_compact,0,10,2,1,1,1,9,8,1,6,0.017403423000018847,21,1,10,16,175,163,0.01770743300005506,12,175,163,175,89,1,1,60,0,12,0.02731381900002816
s1_1000,S1-459488906,S3,US,selective_v2_compact,0,10,7,1,0,1,9,3,0,3,0.007694829000115533,21,1,10,6,168,150,0.00794754500009276,16,166,150,166,62,1,1,60,0,16,0.01462313299998641
s1_1000,S1-791044420,S2,US,selective_v2_compact,0,10,1,1,2,0,5,9,1,6,0.015343705999953272,21,0,5,19,244,154,0.015702680000003966,33,238,205,238,119,1,1,60,1,33,0.02794995800002198
s1_1000,S1-791044420,S3,US,selective_v2_compact,0,10,1,1,2,0,5,9,1,6,0.017153526000015518,21,0,5,20,295,179,0.017533246999960284,34,250,216,250,79,1,1,60,1,34,0.05562819600004332
s1_1000,S1-557931744,S2,US,selective_v2_compact,0,10,0,0,4,0,3,10,0,6,0.003113737000035144,45,1,4,24,295,46,0.0038438839999344054,1,266,265,266,113,1,1,60,3,1,0.01489655699992909
s1_1000,S1-557931744,S3,US,selective_v2_compact,0,10,0,0,2,0,8,10,0,8,0.0067147479999221105,45,3,11,23,359,84,0.007310377000067092,0,309,309,309,91,1,1,60,1,0,0.029278341000008368
s1_1000,S1-322467193,S2,US,selective_v2_compact,0,10,2,1,2,0,4,8,0,6,0.019625484000016513,21,0,4,16,212,212,0.020060181999951965,0,212,212,212,80,1,1,60,0,0,0.04052790500008996
s1_1000,S1-322467193,S3,US,selective_v2_compact,0,10,0,1,1,0,5,10,0,9,0.02485047499999382,21,0,5,20,163,159,0.025194361999979265,0,159,159,159,91,1,1,60,0,0,0.04079408500001591
s1_1000,S1-866419638,S2,India,selective_v2_compact,0,10,0,1,1,0,8,10,0,9,0.04019511999990755,55,6,14,23,233,187,0.04090522800004237,1,206,205,206,113,1,1,60,0,1,0.07230762099993626
s1_1000,S1-866419638,S3,India,selective_v2_compact,0,10,1,1,1,0,8,9,0,8,0.01613986899997144,45,1,9,20,206,172,0.016768311999953767,2,192,190,192,65,1,1,60,1,2,0.030248862999997073
s1_1000,S1-813797494,S2,India,selective_v2_compact,0,10,4,1,0,0,30,6,0,6,0.01648968899985448,105,10,40,13,252,174,0.017506616999980906,6,200,200,206,106,1,1,60,3,6,0.032267750999949385
s1_1000,S1-813797494,S3,India,selective_v2_compact,0,10,1,1,1,0,31,9,1,7,0.09265478899976642,105,3,34,19,256,218,0.09387026199999582,10,232,232,242,90,1,1,60,1,10,0.12118604699992375
s1_1000,S1-955186399,S2,US,selective_v2_compact,0,10,0,0,0,0,3,10,0,10,0.009101374999886502,36,1,4,21,174,138,0.009655594000037127,0,153,153,153,94,1,1,60,2,0,0.022970568000005187
s1_1000,S1-955186399,S3,US,selective_v2_compact,0,10,0,0,0,0,3,10,0,10,0.008980745000144452,36,1,4,21,172,136,0.009517934000086825,1,151,150,151,97,1,1,60,1,1,0.021119824999914272
s1_1000,S1-520103019,S2,US,selective_v2_compact,0,10,1,1,2,0,1,9,0,7,0.007875429999899097,21,0,1,18,306,157,0.008286402000067028,32,189,157,189,66,1,1,60,0,32,0.021197330999939368
s1_1000,S1-520103019,S3,US,selective_v2_compact,0,10,1,1,1,0,1,9,0,8,0.008741118999864739,21,0,1,18,297,155,0.00918266099995435,29,184,155,184,66,1,1,60,0,29,0.018326375000015105
s1_1000,S1-258185803,S2,India,selective_v2_compact,0,10,0,1,0,0,30,10,0,10,0.00781811599995308,120,6,36,22,298,171,0.009136906999970051,8,228,228,236,87,1,1,60,2,8,0.0361237769999434
s1_1000,S1-258185803,S3,India,selective_v2_compact,0,10,0,0,2,0,31,10,0,8,0.00835679799990885,120,3,34,22,208,125,0.009618804999945496,12,174,174,186,99,1,1,60,0,12,0.028043644000035783
s1_1000,S1-773472108,S2,US,selective_v2_compact,0,10,0,0,2,0,2,10,1,7,0.00689408599998842,21,1,3,21,239,70,0.007235304999994696,0,228,228,228,110,1,1,60,0,0,0.01946164199989653
s1_1000,S1-773472108,S3,US,selective_v2_compact,0,10,0,0,4,0,2,10,1,5,0.007405995000112853,21,1,3,21,253,76,0.007758600999977716,0,243,243,243,111,1,1,60,0,0,0.022488517000056163
s1_1000,S1-790850301,S2,US,selective_v2_compact,0,10,0,0,0,0,6,10,2,8,0.006840679999868371,36,1,7,22,125,61,0.007301374000007854,0,88,88,88,44,0,0,44,2,0,0.01763298200000918
s1_1000,S1-790850301,S3,US,selective_v2_compact,0,10,0,1,0,0,7,10,1,9,0.007281645000034587,36,1,8,22,286,199,0.007819274999974368,0,228,228,228,44,0,0,44,2,0,0.02597287600008258
s1_1000,S1-588443658,S2,US,selective_v2_compact,0,10,3,1,0,1,3,7,0,7,0.011895230000163792,15,0,3,14,178,158,0.012182949000020926,2,160,158,160,85,1,1,60,3,2,0.027298973000029036
s1_1000,S1-588443658,S3,US,selective_v2_compact,0,10,2,1,2,2,3,8,0,6,0.013363726999841674,15,0,3,16,202,198,0.013675057000000379,2,200,198,200,87,1,1,60,4,2,0.0337923839999803
s1_1000,S1-480966375,S2,US,selective_v2_compact,0,10,0,0,0,0,7,10,1,9,0.01289504099986516,45,1,8,22,372,60,0.013531339999985903,0,333,333,333,109,1,1,60,1,0,0.03265607700006967
s1_1000,S1-480966375,S3,US,selective_v2_compact,0,10,0,0,0,0,8,10,1,9,0.013269865000097525,45,1,9,21,129,82,0.013867165000078785,0,109,109,109,76,1,1,60,1,0,0.026966787999981534
s1_1000,S1-843890090,S2,India,selective_v2_compact,0,10,0,0,0,0,10,10,1,9,0.0041178870001203904,78,15,25,23,160,88,0.004968834999999672,1,130,129,130,82,1,1,60,2,1,0.023900102999959927
s1_1000,S1-843890090,S3,India,selective_v2_compact,0,10,0,0,1,0,13,10,3,6,0.019212096000160273,66,10,23,22,129,51,0.01990339100007077,2,90,88,90,75,1,1,60,3,2,0.02910004700004265
s1_1000,S1-61871677,S2,US,selective_v2_compact,0,10,4,1,0,0,17,6,0,6,0.0214382479998676,45,6,23,14,424,230,0.0219411420000597,59,394,389,448,162,1,1,60,4,53,0.05267036999998709
s1_1000,S1-61871677,S3,US,selective_v2_compact,0,9,5,1,0,4,17,4,0,4,0.01638030800006618,36,6,23,9,388,215,0.01672747600002822,53,380,380,433,169,1,1,60,1,51,0.03461767000010241
s1_1000,S1-260598709,S2,US,selective_v2_compact,0,10,6,1,0,0,7,4,0,4,0.010943407000013394,28,1,8,8,200,192,0.011358791000020574,2,194,192,194,77,1,1,60,2,2,0.02761425699998199
s1_1000,S1-260598709,S3,US,selective_v2_compact,0,10,4,1,0,0,7,6,0,6,0.008386190999999599,28,3,10,12,157,151,0.008749662000013814,1,152,151,152,76,1,1,60,2,1,0.017170876000022872
s1_1000,S1-845153701,S2,US,selective_v2_compact,0,10,0,1,0,0,12,10,3,7,0.010553374999858534,45,1,13,20,203,196,0.01113364000002548,1,196,196,197,87,1,1,60,1,1,0.03718298199999026
s1_1000,S1-845153701,S3,US,selective_v2_compact,0,10,0,0,0,0,13,10,3,7,0.008486493999839695,45,1,14,20,75,71,0.008993889000066702,2,72,71,73,73,1,1,60,1,2,0.015075792000061483
s1_1000,S1-849079218,S2,US,selective_v2_compact,0,10,0,0,2,1,0,10,0,8,0.0036583569999493193,15,0,0,20,83,73,0.003950665000047593,1,74,73,74,49,0,0,49,2,1,0.007645106000040869
s1_1000,S1-849079218,S3,US,selective_v2_compact,0,10,0,0,1,1,0,10,0,9,0.004791017999991709,15,0,0,20,111,101,0.005096669999943515,0,101,101,101,52,0,0,52,1,0,0.009577186000001348
s1_1000,S1-182087716,S2,US,selective_v2_compact,0,10,0,1,3,0,6,10,0,7,0.017102926999768897,28,1,7,20,204,198,0.01753570599998966,0,198,198,198,83,1,1,60,0,0,0.03332434399999329
s1_1000,S1-182087716,S3,US,selective_v2_compact,0,10,0,1,0,0,6,10,0,10,0.017698902000120142,28,1,7,20,238,227,0.01813848599999801,1,228,227,228,80,1,1,60,1,1,0.04474058400001013
s1_1000,S1-143018597,S2,US,selective_v2_compact,0,10,1,1,0,0,1,9,0,9,0.028093271999978242,21,0,1,18,248,225,0.028515340000012657,3,228,225,228,78,1,1,60,3,3,0.053207016999976986
s1_1000,S1-143018597,S3,US,selective_v2_compact,0,10,2,1,0,0,2,8,0,8,0.021297325999967143,21,0,2,16,207,191,0.021691021000037836,1,192,191,192,83,1,1,60,2,1,0.039465015000018866
s1_1000,S1-497491595,S2,US,selective_v2_compact,0,10,0,0,5,0,2,10,0,5,0.004941174999885334,28,0,2,23,212,95,0.005375344000071891,0,176,176,176,106,1,1,60,1,0,0.012570365999977184
s1_1000,S1-497491595,S3,US,selective_v2_compact,0,10,0,0,3,0,2,10,0,7,0.005094003999943197,28,0,2,22,175,103,0.005540775000099529,1,131,130,131,48,0,0,48,3,1,0.012292356999978438
s1_1000,S1-840845463,S2,US,selective_v2_compact,0,10,5,1,0,1,3,5,0,5,0.010587271000076726,15,0,3,10,195,193,0.0108860419999246,0,193,193,193,87,1,1,60,2,0,0.027115494999975454
s1_1000,S1-840845463,S3,US,selective_v2_compact,0,10,5,1,1,1,3,5,0,4,0.01159591799989812,15,0,3,10,232,221,0.011919723999994858,1,222,221,222,87,1,1,60,1,1,0.02843295099989973
s1_1000,S1-514427791,S2,US,selective_v2_compact,0,10,0,0,0,1,1,10,0,10,0.003160239000067122,15,1,2,23,413,70,0.0034611279999126054,5,321,316,321,76,1,1,60,3,5,0.01587141499999234
s1_1000,S1-514427791,S3,US,selective_v2_compact,0,10,0,0,0,1,1,10,0,10,0.0033374660002891687,15,1,2,22,202,120,0.0036368370000445793,2,148,146,148,76,1,1,60,1,2,0.011112820999983342
s1_1000,S1-707712795,S2,India,selective_v2_compact,0,10,2,1,0,0,10,8,0,8,0.16886299200007215,55,3,13,19,261,243,0.16959207499996864,3,245,244,247,115,1,1,60,1,3,0.2065183629999865
s1_1000,S1-707712795,S3,India,selective_v2_compact,0,10,0,0,2,0,11,10,1,7,0.017576741999960177,55,1,12,23,156,140,0.018307344000049852,4,143,142,146,109,1,1,60,3,4,0.0400998500000469
s1_1000,S1-566917738,S2,India,selective_v2_compact,0,10,0,0,0,0,10,10,1,9,0.007700474999978724,36,1,11,21,121,82,0.008149126000034812,2,97,95,97,54,0,0,54,1,2,0.021682413999997152
s1_1000,S1-566917738,S3,India,selective_v2_compact,0,10,2,1,0,0,8,8,1,7,0.013472869000111132,36,0,8,17,189,157,0.01396248799994737,3,175,172,175,84,1,1,60,1,3,0.03302559000007932
s1_1000,S1-959142386,S2,US,selective_v2_compact,0,10,0,0,4,0,4,10,1,5,0.006334663000075125,36,0,4,21,106,98,0.006853486999943925,1,105,104,105,59,0,0,59,3,1,0.015040752999993856
s1_1000,S1-959142386,S3,US,selective_v2_compact,0,10,0,0,2,0,5,10,1,7,0.007799971999929767,45,0,5,20,30,24,0.008397280000053797,1,25,24,25,25,0,0,25,2,1,0.010278269000082219
s1_1000,S1-635056779,S2,US,selective_v2_compact,0,10,5,1,0,1,3,5,0,5,0.010984161999999742,15,0,3,11,285,172,0.011266870999975254,1,273,272,273,111,1,1,60,2,1,0.028199029999996128
s1_1000,S1-635056779,S3,US,selective_v2_compact,0,10,5,1,1,1,3,5,0,4,0.012036663999992925,15,0,3,11,330,217,0.012345993000053568,0,320,320,320,113,1,1,60,2,0,0.03432607799993548
s1_1000,S1-918291535,S2,US,selective_v2_compact,0,10,2,1,0,0,4,8,1,7,0.008588361999954941,36,1,5,19,247,187,0.00914279300002363,2,202,200,202,74,1,1,60,5,2,0.02949425000008432
s1_1000,S1-918291535,S3,US,selective_v2_compact,0,10,2,1,0,0,3,8,1,7,0.2936699660000386,36,3,6,19,248,224,0.29427212999996755,1,229,228,229,78,1,1,60,2,1,0.31867470300005607
s1_1000,S1-232298053,S2,US,selective_v2_compact,0,10,0,0,0,0,1,10,1,9,0.004807781000181421,21,0,1,23,193,2,0.005170695000060732,3,145,142,145,46,0,0,46,4,3,0.011281779999990249
s1_1000,S1-232298053,S3,US,selective_v2_compact,0,10,0,0,3,0,1,10,1,6,0.005329423000148381,21,0,1,23,141,7,0.00565096800005449,1,131,130,131,57,0,0,57,2,1,0.01124628999991728
s1_1000,S1-972777978,S2,US,selective_v2_compact,0,10,1,1,0,0,5,9,0,9,0.009023379000041132,28,1,6,19,171,151,0.009427785999946536,1,154,153,154,77,1,1,60,3,1,0.028553771999895616
s1_1000,S1-972777978,S3,US,selective_v2_compact,0,10,1,1,0,0,6,9,0,9,0.009439101999760169,28,1,7,19,192,165,0.009858851999979379,1,168,167,168,77,1,1,60,2,1,0.028242521000038323
s1_1000,S1-939107867,S2,India,selective_v2_compact,0,10,3,1,0,0,32,7,0,7,0.00893408899980841,91,10,42,16,279,197,0.009789173999934064,5,203,198,203,79,1,1,60,3,5,0.030984783000008065
s1_1000,S1-939107867,S3,India,selective_v2_compact,0,10,3,1,0,0,34,7,1,6,0.012432888000148523,91,3,37,16,233,202,0.013299168999992617,11,214,203,214,80,1,1,60,1,11,0.03899966000005861
s1_1000,S1-410986076,S2,US,selective_v2_compact,0,10,7,1,1,0,13,3,0,2,0.019866761999992377,36,1,14,7,260,200,0.02028454599997076,44,260,260,304,156,1,1,60,0,44,0.03250264199994035
s1_1000,S1-410986076,S3,US,selective_v2_compact,0,10,7,1,1,0,13,3,0,2,0.02130421899994417,36,1,14,7,253,185,0.02172043300004134,35,253,253,288,150,1,1,60,0,35,0.033679888000051506
s1_1000,S1-586341558,S2,India,selective_v2_compact,0,10,0,0,0,0,35,10,3,7,0.05158717799986334,91,15,50,20,174,145,0.052286167000033856,36,147,145,181,139,1,1,60,4,36,0.07612626600007388
s1_1000,S1-586341558,S3,India,selective_v2_compact,0,10,0,1,0,0,34,10,3,7,0.01645716599989555,91,10,44,20,186,174,0.017226843999992525,49,177,174,223,127,1,1,60,3,42,0.0478309549999949
s1_1000,S1-326725359,S2,US,selective_v2_compact,0,10,1,1,0,0,12,9,1,8,0.023797885999897517,36,1,13,19,470,151,0.0242841030000136,13,406,393,406,108,1,1,60,1,13,0.05171655899994221
s1_1000,S1-326725359,S3,US,selective_v2_compact,0,10,1,1,0,0,12,9,1,8,0.0246460149998029,36,1,13,19,507,186,0.025161758000081136,17,416,399,416,99,1,1,60,4,17,0.06100172900005418
s1_1000,S1-353308813,S2,US,selective_v2_compact,0,10,0,0,0,0,4,10,0,10,0.012542766999786181,15,0,4,20,73,66,0.012780464999991636,0,66,66,66,65,1,1,60,2,0,0.019526674000076127
s1_1000,S1-353308813,S3,US,selective_v2_compact,0,10,0,0,0,0,4,10,0,10,0.014264087999890762,15,0,4,20,106,89,0.014513901999976042,1,90,89,90,77,1,1,60,3,1,0.02179991799994241
s1_1000,S1-132364004,S2,India,selective_v2_compact,0,10,0,1,2,0,17,10,0,8,0.022561584999948536,105,15,32,24,328,199,0.023836891000087235,0,231,231,231,97,1,1,60,0,0,0.0594681259999561
s1_1000,S1-132364004,S3,India,selective_v2_compact,0,10,0,0,2,0,21,10,0,8,0.0077588119999063565,105,10,31,24,192,117,0.008891137999967214,1,146,145,146,81,1,1,60,1,1,0.026788472000021102
s1_1000,S1-198077365,S2,US,selective_v2_compact,0,10,2,1,2,0,8,8,0,6,0.013324298000156887,36,1,9,17,321,195,0.013836631999993187,0,260,260,260,113,1,1,60,0,0,0.02870939999991151
s1_1000,S1-198077365,S3,US,selective_v2_compact,0,10,2,1,1,0,9,8,0,7,0.014331421999827398,36,1,10,17,378,209,0.014851311999905192,1,294,293,294,112,1,1,60,1,1,0.036868091999963326
s1_1000,S1-272648186,S2,US,selective_v2_compact,0,10,0,0,0,1,2,10,0,10,0.00368423800000528,15,1,3,23,149,69,0.003942746999996416,119,116,109,228,115,1,1,60,1,46,0.014381548000073963
s1_1000,S1-272648186,S3,US,selective_v2_compact,0,7,0,0,0,0,2,7,0,7,0.00398497099990891,10,1,3,14,109,90,0.004179902999908336,112,98,90,202,116,1,1,60,2,47,0.01198722899994209
s1_1000,S1-20672382,S2,US,selective_v2_compact,0,10,5,1,1,0,17,5,0,4,0.012417444999982763,78,1,18,10,294,278,0.013381144000049972,12,290,278,290,83,1,1,60,2,12,0.04512392899994211
s1_1000,S1-20672382,S3,US,selective_v2_compact,0,10,0,1,2,0,25,10,2,6,0.02034773000025325,78,3,28,21,513,274,0.02126773499992396,6,506,506,512,114,1,1,60,0,6,0.08144071600008829
s1_1000,S1-835228831,S2,US,selective_v2_compact,0,10,0,0,0,0,4,10,0,10,0.0030892300002278716,28,1,5,22,233,26,0.0035160439999799564,1,190,189,190,83,1,1,60,3,1,0.012995315000011942
s1_1000,S1-835228831,S3,US,selective_v2_compact,0,10,0,0,1,0,4,10,0,9,0.003258082000002105,28,1,5,22,211,25,0.003634309999938523,0,180,180,180,73,1,1,60,2,0,0.011789306999958171
s1_1000,S1-851151897,S2,India,selective_v2_compact,0,10,0,0,0,0,23,10,0,10,0.007028567000247676,105,15,38,25,180,24,0.007986527000070964,1,135,134,135,93,1,1,60,1,1,0.019362952000051337
s1_1000,S1-851151897,S3,India,selective_v2_compact,0,10,0,0,1,0,25,10,1,8,0.04036065800016786,105,10,35,24,108,14,0.041369078000002446,1,78,77,78,57,0,0,57,3,1,0.04553365300000678
s1_1000,S1-423722776,S2,US,selective_v2_compact,0,10,5,1,1,0,6,5,0,4,0.009850150000033864,28,1,7,10,174,174,0.010273410999957377,0,174,174,174,95,1,1,60,0,0,0.01725206399999024
s1_1000,S1-423722776,S3,US,selective_v2_compact,0,10,5,1,1,0,7,5,0,4,0.010440969999990557,28,1,8,10,175,174,0.010816149999982372,0,174,174,174,98,1,1,60,2,0,0.01786944700006643
s1_1000,S1-542941807,S2,India,selective_v2_compact,0,8,0,0,0,22,62,8,1,7,0.015500543999905858,120,28,90,17,63,21,0.015915683999992325,0,35,35,35,35,0,0,35,1,0,0.02101809399994181
s1_1000,S1-542941807,S3,India,selective_v2_compact,0,10,4,1,3,0,70,6,1,2,0.017587446999868916,120,15,85,14,236,174,0.018208766000043397,0,235,235,235,96,1,1,60,0,0,0.029758431999994173
s1_1000,S1-77568999,S2,India,selective_v2_compact,0,10,6,1,0,0,19,4,0,4,0.008587256000055277,66,10,29,8,211,207,0.009242631999995865,0,207,207,207,85,1,1,60,1,0,0.019003166999937093
s1_1000,S1-77568999,S3,India,selective_v2_compact,0,10,3,1,0,0,25,7,1,6,0.07513775299992176,66,6,31,14,219,217,0.0757676690000153,4,217,217,221,85,1,1,60,1,4,0.09815322100007506
s1_1000,S1-281915633,S2,US,selective_v2_compact,0,10,0,0,0,0,2,10,0,10,0.0065976009999531016,28,0,2,21,187,59,0.007069347999959064,3,145,142,145,84,1,1,60,3,3,0.015407181000000492
s1_1000,S1-281915633,S3,US,selective_v2_compact,0,10,0,0,2,0,2,10,0,8,0.0068875349998052116,28,0,2,21,213,80,0.007327851000013652,2,173,171,173,87,1,1,60,2,2,0.018563483000093584
s1_1000,S1-431297138,S2,India,selective_v2_compact,0,10,2,1,0,0,15,8,0,8,0.06275369600007252,78,21,36,17,217,166,0.06347381499995208,1,186,185,186,90,1,1,60,2,1,0.0768151750000925
s1_1000,S1-431297138,S3,India,selective_v2_compact,0,10,2,1,0,0,21,8,0,8,0.13019459300028302,78,15,36,17,208,177,0.1309440889999678,0,192,192,192,100,1,1,60,1,0,0.1484436560000404
s1_1000,S1-612842808,S2,US,selective_v2_compact,0,10,5,1,0,0,8,5,0,5,0.00960347099999126,28,1,9,10,238,235,0.010023961000001691,0,235,235,235,85,1,1,60,1,0,0.03880155100000593
s1_1000,S1-612842808,S3,US,selective_v2_compact,0,10,5,1,0,0,8,5,0,5,0.01087651099987852,28,1,9,10,257,248,0.011303609000037795,1,249,248,249,87,1,1,60,3,1,0.04304835799996454
s1_1000,S1-520412269,S2,India,selective_v2_compact,0,10,3,1,0,0,17,7,0,7,0.016337114000066322,66,1,18,15,287,248,0.017123353999977553,7,254,252,259,110,1,1,60,5,7,0.04384055299999545
s1_1000,S1-520412269,S3,India,selective_v2_compact,0,10,2,1,0,0,12,8,1,7,0.018094905999873845,66,0,12,17,176,150,0.018939131999900383,8,159,151,159,103,1,1,60,3,8,0.0305003639999768
s1_1000,S1-787210794,S2,US,selective_v2_compact,0,10,4,1,0,0,4,6,0,6,0.010586303000081898,21,1,5,13,226,183,0.010938985000052526,2,208,206,208,106,1,1,60,3,2,0.027521084999989398
s1_1000,S1-787210794,S3,US,selective_v2_compact,0,10,4,1,0,0,4,6,0,6,0.011045755000168356,21,1,5,13,203,173,0.011428915999999845,3,197,194,197,108,1,1,60,2,3,0.025522348999970745
s1_1000,S1-124462211,S2,US,selective_v2_compact,0,10,0,0,1,0,7,10,1,8,0.005994873999952688,45,1,8,22,76,24,0.006548501999986911,0,67,67,67,52,0,0,52,1,0,0.0110928450000074
s1_1000,S1-124462211,S3,US,selective_v2_compact,0,10,0,0,0,0,7,10,1,9,0.0068912869999167015,45,1,8,22,117,43,0.007516104000046653,1,90,89,90,68,1,1,60,2,1,0.015498718000003464
s1_1000,S1-51865922,S2,US,selective_v2_compact,0,10,0,0,0,0,1,10,0,10,0.002871828000138521,21,0,1,22,179,77,0.0032620439999391238,0,148,148,148,102,1,1,60,3,0,0.021288150000032147
s1_1000,S1-51865922,S3,US,selective_v2_compact,0,10,0,0,0,0,1,10,0,10,0.0029768259998945723,21,0,1,22,168,88,0.00334070199994585,1,149,148,149,106,1,1,60,2,1,0.022093491000077847
s1_1000,S1-350834708,S2,India,selective_v2_compact,0,10,3,1,1,0,25,7,0,6,0.01368669900000441,91,21,46,14,189,184,0.014446881000026224,3,187,184,187,112,1,1,60,0,3,0.029175174000101833
s1_1000,S1-350834708,S3,India,selective_v2_compact,0,10,2,1,1,0,28,8,2,5,0.1307341599999745,91,15,43,16,210,206,0.1315277060000426,2,206,206,208,86,1,1,60,2,2,0.15383819700002732
s1_1000,S1-923292062,S2,US,selective_v2_compact,0,10,5,1,2,0,15,5,0,3,0.02449960599994938,78,1,16,10,217,209,0.02544155399993997,7,209,209,216,83,1,1,60,4,7,0.0342992260000301
s1_1000,S1-923292062,S3,US,selective_v2_compact,0,10,4,1,0,0,20,6,1,5,0.017492693999997755,78,10,30,12,218,164,0.018275035999977263,8,164,164,172,98,1,1,60,2,8,0.03087179300007392
s1_1000,S1-990218012,S2,US,selective_v2_compact,0,10,3,1,0,0,1,7,0,7,0.003682527999899321,15,0,1,15,218,155,0.003987489999985883,1,209,208,209,82,1,1,60,1,1,0.02251759699993272
s1_1000,S1-990218012,S3,US,selective_v2_compact,0,10,3,1,1,0,1,7,0,6,0.0037869700001920137,15,0,1,15,220,158,0.004119437999975162,2,204,202,204,83,1,1,60,3,2,0.026411588999962987
s1_1000,S1-423224877,S2,US,selective_v2_compact,0,10,2,1,3,0,2,8,0,5,0.019020960000375453,21,0,2,17,186,181,0.019404100999963703,0,182,182,182,80,1,1,60,1,0,0.0389123649999874
s1_1000,S1-423224877,S3,US,selective_v2_compact,0,10,0,0,0,0,3,10,1,9,0.0237267279999287,21,0,3,21,116,93,0.02406321000000844,1,96,95,96,89,1,1,60,2,1,0.03125692700007221
s1_1000,S1-878547730,S2,India,selective_v2_compact,0,10,0,0,1,0,22,10,1,8,0.03699159900008908,91,10,32,22,127,97,0.03790885000000799,1,102,101,102,59,0,0,59,0,1,0.052065528000071026
s1_1000,S1-878547730,S3,India,selective_v2_compact,0,10,1,1,0,0,21,9,0,9,0.016504765000149746,78,6,27,19,184,151,0.017325916000004327,0,160,160,160,67,1,1,60,1,0,0.03121432599994023
s1_1000,S1-807591789,S2,US,selective_v2_compact,0,10,0,0,4,0,3,10,0,6,0.003433225999856404,28,1,4,21,153,105,0.0038668629999847326,94,130,128,222,116,1,1,60,4,44,0.015458287999990716
s1_1000,S1-807591789,S3,US,selective_v2_compact,0,10,4,1,1,0,7,6,0,5,0.012837364000006346,28,3,10,12,263,255,0.013258252000014181,95,256,255,350,157,1,1,60,0,35,0.04305324900008145
s1_1000,S1-944458772,S2,India,selective_v2_compact,0,10,0,1,0,0,33,10,0,10,0.015566613999794754,120,15,48,20,250,219,0.01669665300005363,1,220,219,220,94,1,1,60,4,1,0.04836167100006605
s1_1000,S1-944458772,S3,India,selective_v2_compact,0,10,1,1,0,0,34,9,0,9,0.016286854999862044,120,10,44,18,205,198,0.017443188000015653,0,198,198,198,83,1,1,60,1,0,0.04131453400009377
s1_1000,S1-163959939,S2,India,selective_v2_compact,0,10,1,1,0,0,31,9,0,9,0.019448642000043037,120,10,41,19,294,264,0.020673924999982773,0,271,271,271,110,1,1,60,3,0,0.055872355000019525
s1_1000,S1-163959939,S3,India,selective_v2_compact,0,10,4,1,0,0,24,6,0,6,0.02059230799989109,120,1,25,13,178,164,0.02199559100006354,0,168,168,168,94,1,1,60,1,0,0.03589284400004544
s1_1000,S1-853088463,S2,India,selective_v2_compact,0,10,3,1,2,0,8,7,1,4,0.02094017499985057,45,6,14,15,169,159,0.02146554599994488,0,166,166,166,76,1,1,60,0,0,0.04460773799996787
s1_1000,S1-853088463,S3,India,selective_v2_compact,0,10,2,1,0,0,8,8,1,7,0.028806838000150492,45,6,14,17,181,156,0.029377758000009635,1,167,166,167,71,1,1,60,1,1,0.046900381999989804
s1_1000,S1-419879346,S2,India,selective_v2_compact,0,10,4,1,0,0,32,6,1,5,0.014256219999992936,78,15,47,12,167,162,0.014804490999949849,0,162,162,162,85,1,1,60,1,0,0.02278880599999411
s1_1000,S1-419879346,S3,India,selective_v2_compact,0,10,4,1,0,0,30,6,0,6,0.013960179000036987,78,15,45,12,293,284,0.014638489000049049,1,284,284,285,103,1,1,60,2,1,0.05678944099997807
s1_1000,S1-614934580,S2,US,selective_v2_compact,0,10,0,0,3,0,6,10,1,6,0.004783348999922055,45,0,6,22,131,82,0.005368708999981209,0,99,99,99,55,0,0,55,1,0,0.02322369199998775
s1_1000,S1-614934580,S3,US,selective_v2_compact,0,10,0,0,0,0,10,10,3,7,0.009724495999876126,45,1,11,22,89,40,0.010246524000081081,0,61,61,61,61,1,1,60,1,0,0.017867878999936693
s1_1000,S1-151748140,S2,India,selective_v2_compact,0,10,3,1,0,0,39,7,1,6,0.017665827999962858,120,10,49,14,200,192,0.01873854300004041,5,192,192,197,84,1,1,60,2,5,0.03423940599998332
s1_1000,S1-151748140,S3,India,selective_v2_compact,0,10,5,1,1,0,36,5,0,4,0.012831177000066418,120,6,42,10,157,156,0.013946411000006265,11,157,156,167,78,1,1,60,1,11,0.02192679600000247
s1_1000,S1-150168984,S2,India,selective_v2_compact,0,10,4,1,0,0,22,6,0,6,0.011282797999911054,55,10,32,12,215,202,0.011728410000046097,5,207,202,207,78,1,1,60,1,5,0.029786272000023928
s1_1000,S1-150168984,S3,India,selective_v2_compact,0,10,4,1,0,0,21,6,1,5,0.014502281999966726,55,10,31,13,290,245,0.014999405000025945,7,286,279,286,79,1,1,60,1,7,0.04314235899994401
s1_1000,S1-905791445,S2,US,selective_v2_compact,0,10,6,1,0,0,3,4,0,4,0.008076938000158407,21,0,3,9,202,156,0.008436761999973896,5,189,184,189,81,1,1,60,5,5,0.01593115699995451
s1_1000,S1-905791445,S3,US,selective_v2_compact,0,10,6,1,0,0,3,4,0,4,0.008804254000210676,21,0,3,9,197,158,0.009149890999992749,4,189,185,189,81,1,1,60,3,4,0.016758218999939345
s1_1000,S1-945761456,S2,US,selective_v2_compact,0,10,0,0,3,0,0,10,2,5,0.007362272999898778,36,1,1,20,24,20,0.007882453999968675,0,20,20,20,20,0,0,20,1,0,0.011331957999914266
s1_1000,S1-945761456,S3,US,selective_v2_compact,0,10,1,1,0,0,2,9,0,9,0.008562759999904301,36,3,5,18,183,167,0.009113859000080993,1,168,167,168,94,1,1,60,1,1,0.022524126999996952
s1_1000,S1-321236077,S2,India,selective_v2_compact,0,10,4,1,0,0,15,6,0,6,0.008313573000123142,91,3,18,14,182,155,0.009365817000002608,1,171,170,171,77,1,1,60,2,1,0.02306873700001688
s1_1000,S1-321236077,S3,India,selective_v2_compact,0,10,0,0,0,0,14,10,1,9,0.005484091999960583,91,0,14,22,94,61,0.006579202000011719,1,77,76,77,71,1,1,60,2,1,0.012107333000017206
s1_1000,S1-174693204,S2,US,selective_v2_compact,0,10,2,1,0,0,4,8,0,8,0.00559877000000597,21,1,5,18,215,150,0.005940757999951529,1,176,175,176,78,1,1,60,1,1,0.022245127000019238
s1_1000,S1-174693204,S3,US,selective_v2_compact,0,10,2,1,0,0,4,8,0,8,0.00584510200008026,21,1,5,18,264,167,0.006210208000084094,3,197,194,197,75,1,1,60,4,3,0.02295233899997129
s1_1000,S1-320198412,S2,India,selective_v2_compact,0,10,1,1,0,0,16,9,0,9,0.13545131000000765,55,10,26,19,264,219,0.1360729939999601,5,229,224,229,102,1,1,60,3,5,0.16774502999999186
s1_1000,S1-320198412,S3,India,selective_v2_compact,0,10,2,1,0,0,21,8,0,8,0.01898137999978644,55,6,27,17,234,190,0.019547744999954375,8,198,197,205,114,1,1,60,4,8,0.03933047800001077
s1_1000,S1-936476958,S2,US,selective_v2_compact,0,10,1,1,3,1,2,9,0,6,0.008328310000251804,15,0,2,19,220,199,0.008656769000026543,1,214,213,214,81,1,1,60,2,1,0.028313784000033593
s1_1000,S1-936476958,S3,US,selective_v2_compact,0,10,1,1,2,1,2,9,0,7,0.009103899999900023,15,0,2,19,245,230,0.009442829000022357,0,238,238,238,81,1,1,60,1,0,0.03124855300006857
s1_1000,S1-238039681,S2,US,selective_v2_compact,0,7,3,1,0,1,4,4,0,4,0.005354188999945109,15,3,7,8,195,191,0.005595523000010871,53,191,191,244,138,1,1,60,1,48,0.014960951000034584
s1_1000,S1-238039681,S3,US,selective_v2_compact,0,6,2,1,0,0,6,4,0,4,0.0057892809999202655,15,3,9,8,194,188,0.006038680999949975,82,188,188,270,140,1,1,60,4,53,0.017132938000031572
s1_1000,S1-977335915,S2,India,selective_v2_compact,0,10,0,0,0,3,9,10,2,8,0.04861542000003283,28,3,12,20,133,122,0.04896471400002156,0,122,122,122,79,1,1,60,2,0,0.057838843000013185
s1_1000,S1-977335915,S3,India,selective_v2_compact,0,10,2,1,0,0,8,8,1,7,0.026446348999911606,28,3,11,16,244,207,0.026870497000004434,0,207,207,207,76,1,1,60,3,0,0.05085905399994317
s1_1000,S1-619845474,S2,India,selective_v2_compact,0,10,5,1,0,0,22,5,0,5,0.010723205999966012,78,15,37,11,189,172,0.011380020000046898,0,176,176,176,93,1,1,60,3,0,0.02734836100000848
s1_1000,S1-619845474,S3,India,selective_v2_compact,0,10,3,1,0,0,22,7,0,7,0.008342679999941538,78,15,37,15,203,162,0.009006794000015361,2,167,165,167,71,1,1,60,4,2,0.02951477499993871
s1_1000,S1-261965094,S2,US,selective_v2_compact,0,10,0,0,7,0,0,10,1,2,0.0036829540001690475,21,0,0,21,9,3,0.003980941999998322,4,5,5,9,9,0,0,9,1,4,0.004740764999951352
s1_1000,S1-261965094,S3,US,selective_v2_compact,0,10,0,0,2,0,4,10,2,6,0.007559197000205131,21,0,4,21,113,98,0.007880298999907609,5,100,99,104,84,1,1,60,2,5,0.019923499000015
s1_1000,S1-693690841,S2,US,selective_v2_compact,0,10,0,1,2,0,6,10,0,8,0.011419403999980204,21,1,7,20,201,199,0.011761418999981288,0,199,199,199,104,1,1,60,3,0,0.030741277999936756
s1_1000,S1-693690841,S3,US,selective_v2_compact,0,10,0,1,0,0,6,10,0,10,0.012213084000222807,21,1,7,21,255,195,0.012571801999911258,1,233,232,233,103,1,1,60,3,1,0.032954812999946625
s1_1000,S1-717391267,S2,US,selective_v2_compact,0,10,2,1,0,0,6,8,1,7,0.012056803000064065,28,1,7,16,213,210,0.012476631999902565,11,210,210,221,107,1,1,60,1,11,0.03646725399994466
s1_1000,S1-717391267,S3,US,selective_v2_compact,0,10,2,1,0,0,6,8,1,7,0.01299635099974239,28,1,7,16,250,250,0.013481482000088363,5,250,250,255,101,1,1,60,0,5,0.026418514000056348
s1_1000,S1-783653290,S2,India,selective_v2_compact,0,10,0,0,1,0,15,10,0,9,0.008123894999926051,120,10,25,22,156,130,0.009551603999966574,1,137,136,137,94,1,1,60,1,1,0.022955454999987523
s1_1000,S1-783653290,S3,India,selective_v2_compact,0,10,0,0,4,0,20,10,0,6,0.08514263299980485,120,10,30,21,141,135,0.08645366700000068,2,141,139,141,84,1,1,60,2,2,0.10235715300007087
s1_1000,S1-953535957,S2,US,selective_v2_compact,0,10,6,1,0,0,9,4,1,3,0.022409252999864293,28,0,9,8,170,150,0.02276799999992818,18,168,150,168,79,1,1,60,2,18,0.0296818470000062
s1_1000,S1-953535957,S3,US,selective_v2_compact,0,10,5,1,0,0,11,5,0,5,0.016780640999968455,28,0,11,10,213,184,0.017172286000004533,26,210,184,210,87,1,1,60,1,26,0.030525109999985034
s1_1000,S1-959204160,S2,US,selective_v2_compact,0,10,3,1,0,0,11,7,0,7,0.017254713999818705,28,1,12,14,169,155,0.017583037000008517,2,157,155,157,82,1,1,60,3,2,0.028835670000034952
s1_1000,S1-959204160,S3,US,selective_v2_compact,0,10,3,1,0,0,11,7,0,7,0.018030223999971895,28,1,12,14,169,158,0.018359401999987313,1,159,158,159,86,1,1,60,3,1,0.030776162999927692
s1_1000,S1-511725706,S2,US,selective_v2_compact,0,10,5,1,0,1,3,5,0,5,0.005527548000031857,15,0,3,11,284,200,0.00584631099991384,29,263,234,263,80,1,1,60,4,29,0.023078223999959846
s1_1000,S1-511725706,S3,US,selective_v2_compact,0,10,0,0,0,1,3,10,1,9,0.009784539999941444,15,0,3,20,150,105,0.01005718099997921,27,132,105,132,72,1,1,60,2,27,0.017741948000093544
s1_1000,S1-104251787,S2,US,selective_v2_compact,0,10,0,0,3,0,4,10,1,6,0.00514591800015296,36,1,5,21,129,101,0.005714036999961536,0,120,120,120,73,1,1,60,2,0,0.014587385000027098
s1_1000,S1-104251787,S3,US,selective_v2_compact,0,10,0,0,0,0,7,10,0,10,0.007249049999927593,36,3,10,21,207,145,0.007717941000009887,4,172,168,172,99,1,1,60,3,4,0.016331438999941383
s1_1000,S1-961200002,S2,India,selective_v2_compact,0,8,3,1,0,4,14,5,0,5,0.04323676600006365,36,10,24,10,196,167,0.04353293500003019,2,169,167,169,79,1,1,60,4,2,0.06065313800002059
s1_1000,S1-961200002,S3,India,selective_v2_compact,0,10,4,1,0,5,15,6,0,6,0.012117265999904703,45,10,25,13,172,159,0.012518935999992209,6,166,160,166,78,1,1,60,2,6,0.028462499999932334
s1_1000,S1-18267845,S2,India,selective_v2_compact,0,10,0,0,0,0,20,10,3,7,0.028104832000167335,55,10,30,22,108,72,0.02855384099996172,0,83,83,83,59,0,0,59,1,0,0.03488832799996544
s1_1000,S1-18267845,S3,India,selective_v2_compact,0,10,0,0,0,0,20,10,3,7,0.05835063000017726,55,10,30,22,191,135,0.0588546620000443,0,150,150,150,61,1,1,60,1,0,0.06763728900000388
s1_1000,S1-104565081,S2,US,selective_v2_compact,0,10,5,1,0,1,2,5,0,5,0.0022962749999351217,15,1,3,10,171,158,0.0025665670000307728,5,160,158,163,90,1,1,60,2,5,0.008944381999981488
s1_1000,S1-104565081,S3,US,selective_v2_compact,0,10,5,1,0,1,2,5,0,5,0.0024024019999160373,15,1,3,10,163,154,0.0026724219999323395,6,155,154,160,90,1,1,60,3,6,0.009122700999910194
s1_1000,S1-820439105,S2,US,selective_v2_compact,0,10,0,0,3,0,3,10,0,7,0.006673183999737375,21,1,4,21,144,92,0.007024591000003966,0,110,110,110,73,1,1,60,0,0,0.017214229000046544
s1_1000,S1-820439105,S3,US,selective_v2_compact,0,10,0,0,0,0,4,10,0,10,0.008505852999860508,21,1,5,21,201,119,0.008851036000010026,3,136,133,136,79,1,1,60,2,3,0.022764896000012413
s1_1000,S1-957128444,S2,India,selective_v2_compact,0,10,4,1,0,0,27,6,0,6,0.032232615000111764,78,6,33,13,261,252,0.03302197100003923,5,254,253,258,86,1,1,60,0,5,0.05920726099998319
s1_1000,S1-957128444,S3,India,selective_v2_compact,0,10,4,1,0,0,24,6,0,6,0.013522293000050922,78,3,27,13,192,169,0.014403334000007817,2,174,174,176,92,1,1,60,3,2,0.023055268000007345
s1_1000,S1-556228489,S2,US,selective_v2_compact,0,10,2,1,0,0,6,8,0,8,0.008155872999964231,36,0,6,16,219,201,0.008711124999990716,1,202,201,202,69,1,1,60,2,1,0.03298303700000815
s1_1000,S1-556228489,S3,US,selective_v2_compact,0,10,2,1,0,0,7,8,0,8,0.008967290000100547,36,0,7,16,256,233,0.009561792999988938,1,234,233,234,79,1,1,60,1,1,0.04399664799996117
s1_1000,S1-459637274,S2,US,selective_v2_compact,0,10,3,1,0,0,6,7,0,7,0.010332389999916813,28,1,7,15,184,155,0.010769326000058754,0,177,177,177,91,1,1,60,1,0,0.01940576799995597
s1_1000,S1-459637274,S3,US,selective_v2_compact,0,10,2,1,0,0,6,8,0,8,0.012576427999874795,28,1,7,17,210,165,0.012990514999955849,1,189,188,189,108,1,1,60,3,1,0.023173849999921003
s1_1000,S1-359255885,S2,US,selective_v2_compact,0,10,1,1,0,0,4,9,0,9,0.004762279999908969,36,1,5,18,195,189,0.005306835999931536,0,189,189,189,64,1,1,60,1,0,0.023218650999979218
s1_1000,S1-359255885,S3,US,selective_v2_compact,0,10,1,1,0,0,4,9,0,9,0.005108637999796883,36,1,5,18,204,193,0.005664135000074566,0,193,193,193,76,1,1,60,2,0,0.024740201999975397
s1_1000,S1-154667224,S2,US,selective_v2_compact,0,10,5,1,1,0,6,5,0,4,0.011681638000140993,28,1,7,10,181,180,0.012083598999993228,0,180,180,180,119,1,1,60,1,0,0.027897907999999916
s1_1000,S1-154667224,S3,US,selective_v2_compact,0,10,5,1,0,0,6,5,0,5,0.011909905999914372,28,1,7,10,219,212,0.012321026999984497,3,215,212,215,118,1,1,60,1,3,0.0256994769999892
s1_1000,S1-261527017,S2,India,selective_v2_compact,0,10,6,1,0,0,20,4,0,4,0.005221943000037754,105,28,48,10,233,190,0.00616730000001553,0,220,220,220,103,1,1,60,2,0,0.017230271000016728
s1_1000,S1-261527017,S3,India,selective_v2_compact,0,10,2,1,0,0,22,8,0,8,0.0100898649999408,105,21,43,18,188,155,0.011088636000067709,1,175,174,175,89,1,1,60,1,1,0.02248373999998421
s1_1000,S1-96504376,S2,India,selective_v2_compact,0,10,5,1,0,0,23,5,0,5,0.009660084999836727,78,21,44,10,202,200,0.010286371999995936,1,200,200,201,103,1,1,60,1,1,0.03770342600000731
s1_1000,S1-96504376,S3,India,selective_v2_compact,0,10,3,1,0,0,29,7,1,6,0.010376091000011911,78,15,44,14,233,215,0.010986348999949769,11,226,215,226,93,1,1,60,3,11,0.03076383999996324
s1_1000,S1-876664844,S2,India,selective_v2_compact,0,10,0,0,0,0,21,10,3,7,0.02925005599990982,78,10,31,22,185,91,0.030001717000004646,8,150,142,150,102,1,1,60,2,8,0.047884397999951034
s1_1000,S1-876664844,S3,India,selective_v2_compact,0,10,1,1,1,0,23,9,1,7,0.03938027099991359,78,6,29,20,296,229,0.04020916100000704,13,276,263,276,97,1,1,60,2,13,0.07515174600007413
s1_1000,S1-563178896,S2,US,selective_v2_compact,0,10,0,0,2,0,3,10,2,6,0.00520591199995124,28,1,4,21,98,69,0.005600959000048533,0,91,91,91,80,1,1,60,1,0,0.014090299000031337
s1_1000,S1-563178896,S3,US,selective_v2_compact,0,10,0,0,2,0,4,10,1,7,0.0040045500001042456,28,1,5,21,106,77,0.0043870130000414065,2,89,87,89,68,1,1,60,2,2,0.014001891000020805
s1_1000,S1-797058141,S2,India,selective_v2_compact,0,10,1,1,0,0,19,9,1,8,0.00768152900025143,78,6,25,21,338,190,0.008584617999986222,2,290,288,290,93,1,1,60,3,2,0.04350994999992963
s1_1000,S1-797058141,S3,India,selective_v2_compact,0,10,0,1,0,0,20,10,0,10,0.022732156999950348,78,3,23,22,305,249,0.02365853900005277,1,278,277,278,94,1,1,60,2,1,0.047279648999960955
s1_1000,S1-339006820,S2,US,selective_v2_compact,0,10,5,1,0,0,7,5,0,5,0.013846352000086881,28,1,8,10,221,218,0.014250076000053014,0,218,218,218,67,1,1,60,1,0,0.03991856699997243
s1_1000,S1-339006820,S3,US,selective_v2_compact,0,10,5,1,0,0,7,5,0,5,0.014515750000327898,28,1,8,10,232,224,0.014937580000037087,0,224,224,224,72,1,1,60,4,0,0.035332243999960156
s1_1000,S1-869737087,S2,US,selective_v2_compact,0,10,0,0,0,0,2,10,0,10,0.001577834000158873,28,1,3,24,404,12,0.0020095410000067204,1,342,341,342,115,1,1,60,3,1,0.01518167300002915
s1_1000,S1-869737087,S3,US,selective_v2_compact,0,10,0,0,0,0,2,10,0,10,0.0016013979998206196,28,1,3,23,403,17,0.0020530799999960436,1,319,318,319,94,1,1,60,4,1,0.01546121100000164
s1_1000,S1-435186502,S2,India,selective_v2_compact,0,10,4,1,0,0,33,6,0,6,0.010711628000080964,78,6,39,13,172,158,0.011373729999945681,7,162,160,167,75,1,1,60,1,7,0.019328750999989097
s1_1000,S1-435186502,S3,India,selective_v2_compact,0,10,6,1,0,0,29,4,0,4,0.01653865899993434,78,6,35,9,173,162,0.01723537599991687,13,168,167,180,81,1,1,60,1,13,0.025897785999973166
s1_1000,S1-441272693,S2,India,selective_v2_compact,0,10,0,0,0,0,3,10,0,10,0.01609492900013265,28,3,6,23,121,45,0.016464988000052472,1,66,65,66,58,0,0,58,3,1,0.0217137060000141
s1_1000,S1-441272693,S3,India,selective_v2_compact,0,10,0,0,0,0,4,10,0,10,0.008273900999938633,28,1,5,23,79,39,0.008648131000086323,0,56,56,56,56,0,0,56,3,0,0.011632847999976548
s1_1000,S1-30764726,S2,India,selective_v2_compact,0,10,2,1,2,0,31,8,0,6,0.06255935599983786,91,6,37,19,264,197,0.06342408199998317,2,231,229,231,78,1,1,60,4,2,0.10213762699993367
s1_1000,S1-30764726,S3,India,selective_v2_compact,0,10,5,1,0,0,25,5,0,5,0.020732267000084903,91,6,31,13,358,291,0.02167386099995383,1,331,330,331,85,1,1,60,1,1,0.06142316299997219
s1_1000,S1-790599481,S2,US,selective_v2_compact,0,10,0,0,3,0,4,10,1,6,0.006814877000010711,28,0,4,22,141,78,0.007222147999982553,0,125,125,125,77,1,1,60,3,0,0.021542879999969955
s1_1000,S1-790599481,S3,US,selective_v2_compact,0,10,0,0,2,0,6,10,0,8,0.17760777999990296,28,3,9,21,153,131,0.1780730529999346,0,135,135,135,69,1,1,60,2,0,0.1898511020000342
s1_1000,S1-487168388,S2,US,selective_v2_compact,0,10,5,1,0,0,18,5,1,4,0.01618826300011733,45,3,21,10,180,177,0.016648755999995046,0,177,177,177,92,1,1,60,1,0,0.02396580700008144
s1_1000,S1-487168388,S3,US,selective_v2_compact,0,10,5,1,0,0,18,5,1,4,0.01747343900001397,45,3,21,10,168,168,0.017912547000037193,0,168,168,168,96,1,1,60,0,0,0.024954794999985097
s1_1000,S1-975764386,S2,US,selective_v2_compact,0,10,3,1,0,0,4,7,1,6,0.006317676000094252,36,0,4,15,189,154,0.006867460999956165,0,179,179,179,68,1,1,60,3,0,0.015004423000050338
s1_1000,S1-975764386,S3,US,selective_v2_compact,0,10,5,1,0,0,4,5,0,5,0.01489596499993695,36,0,4,11,224,196,0.015445831999954862,0,221,221,221,79,1,1,60,1,0,0.03060316400001284
s1_1000,S1-264595908,S2,US,selective_v2_compact,0,10,0,0,1,0,8,10,0,9,0.019027445000233456,21,1,9,21,138,76,0.019276658000080715,0,124,124,124,90,1,1,60,1,0,0.03064482299998872
s1_1000,S1-264595908,S3,US,selective_v2_compact,0,10,0,0,3,2,8,10,0,7,0.024776166999913585,21,1,9,21,159,109,0.025072809999983292,0,152,152,152,99,1,1,60,0,0,0.034771441999964736
s1_1000,S1-297094958,S2,US,selective_v2_compact,0,10,1,1,0,0,4,9,0,9,0.013880562999702306,28,0,4,20,399,156,0.014374456000041391,1,360,359,360,99,1,1,60,1,1,0.03226329899996472
s1_1000,S1-297094958,S3,US,selective_v2_compact,0,10,3,1,0,0,5,7,0,7,0.019914862000064204,28,0,5,16,487,222,0.020397447999926044,0,472,472,472,116,1,1,60,2,0,0.05767789499998344
s1_1000,S1-100276475,S2,US,selective_v2_compact,0,10,0,0,0,0,3,10,0,10,0.002760783999860905,21,0,3,21,262,102,0.0031141570000272623,2,198,196,198,89,1,1,60,2,2,0.01766469999995479
s1_1000,S1-100276475,S3,US,selective_v2_compact,0,10,0,0,0,0,3,10,0,10,0.0022238329999026973,21,0,3,21,261,106,0.0025823030000537983,2,204,202,204,92,1,1,60,2,2,0.010976839000022665
s1_1000,S1-439825849,S2,US,selective_v2_compact,0,10,0,0,1,0,0,10,0,9,0.005423496000162231,21,0,0,21,136,71,0.005797376000032273,1,115,114,115,76,1,1,60,4,1,0.019606959999919127
s1_1000,S1-439825849,S3,US,selective_v2_compact,0,10,0,0,0,0,0,10,0,10,0.005763362000152483,21,0,0,21,120,64,0.006156495000027462,0,107,107,107,78,1,1,60,3,0,0.014975733000028413
s1_1000,S1-8781400,S2,US,selective_v2_compact,0,10,3,1,1,0,6,7,0,6,0.015690762999838626,28,1,7,14,261,258,0.016149117000054503,0,258,258,258,87,1,1,60,2,0,0.04412727800001903
s1_1000,S1-8781400,S3,US,selective_v2_compact,0,10,4,1,1,0,10,6,0,5,0.015612889999943036,36,3,13,14,257,245,0.016064248000020598,1,247,246,247,78,1,1,60,2,1,0.040748950000079276
s1_1000,S1-796931678,S2,US,selective_v2_compact,0,10,3,1,2,0,3,7,0,5,0.0063339540000697525,28,3,6,15,357,264,0.006836035999981505,0,355,355,355,119,1,1,60,0,0,0.04015359699997134
s1_1000,S1-796931678,S3,US,selective_v2_compact,0,10,3,1,1,0,3,7,0,6,0.006503848000079415,28,3,6,15,349,259,0.006996320999974159,1,343,342,343,118,1,1,60,0,1,0.04091662099995119
s1_1000,S1-13128280,S2,India,selective_v2_compact,0,10,6,1,2,0,29,4,0,2,0.005142545000012433,120,36,65,8,164,161,0.006010543000002144,3,164,161,164,87,1,1,60,0,3,0.01561404299991409
s1_1000,S1-13128280,S3,India,selective_v2_compact,0,10,5,1,1,0,38,5,1,3,0.00669752800013157,120,21,59,10,180,172,0.007631957999933547,7,179,172,179,91,1,1,60,1,7,0.02646132999996098
s1_1000,S1-1186347,S2,India,selective_v2_compact,0,9,5,1,0,13,41,4,0,4,0.01518304299997908,78,15,56,8,215,206,0.015595212999983232,7,208,206,213,89,1,1,60,1,7,0.025605057000007037
s1_1000,S1-1186347,S3,India,selective_v2_compact,0,10,5,1,1,0,46,5,0,4,0.01599492699995153,78,6,52,10,224,213,0.016498193999950672,5,213,213,218,70,1,1,60,1,5,0.02622658699999647
s1_1000,S1-108034941,S2,US,selective_v2_compact,0,8,4,1,1,7,20,4,0,3,0.011266396999985773,45,10,30,8,189,186,0.01160008099998322,67,189,186,253,159,1,1,60,3,52,0.029897881000010784
s1_1000,S1-108034941,S3,US,selective_v2_compact,0,8,5,1,1,7,15,3,0,2,0.008643087000109517,45,15,30,6,154,152,0.008928030999982184,47,154,152,199,121,1,1,60,2,46,0.02161059699994894
s1_1000,S1-116182582,S2,India,selective_v2_compact,0,10,7,1,0,0,42,3,0,3,0.009905198000069504,91,15,57,7,196,152,0.01046152800006439,1,194,193,194,80,1,1,60,2,1,0.019980583000005936
s1_1000,S1-116182582,S3,India,selective_v2_compact,0,10,3,1,0,0,40,7,1,6,0.014672206999989612,91,10,50,15,226,162,0.015345315999979903,1,210,209,210,84,1,1,60,3,1,0.03158519500004786
s1_1000,S1-442885636,S2,India,selective_v2_compact,0,10,0,1,0,7,20,10,3,7,0.17945173599991904,66,21,41,20,252,183,0.18005499100001998,0,183,183,183,99,1,1,60,0,0,0.1966894830000001
s1_1000,S1-442885636,S3,India,selective_v2_compact,0,10,6,1,0,7,24,4,0,4,0.004092270000001008,66,15,39,8,185,180,0.004602144000045882,0,180,180,180,76,1,1,60,1,0,0.013583585999981551
s1_1000,S1-102330347,S2,US,selective_v2_compact,0,9,0,0,1,2,3,9,0,8,0.005130016000066462,15,1,4,19,188,120,0.00540024600002198,11,166,155,166,82,1,1,60,2,11,0.01194554899996092
s1_1000,S1-102330347,S3,US,selective_v2_compact,0,9,4,1,1,2,3,5,0,4,0.005288826999958474,15,1,4,11,225,159,0.005584569000006923,21,217,196,217,92,1,1,60,1,21,0.01438864699991882
s1_1000,S1-311565031,S2,India,selective_v2_compact,0,10,5,1,0,0,7,5,0,5,0.011218717999895489,66,0,7,11,307,287,0.012137244999962604,0,293,293,293,102,1,1,60,3,0,0.04091096000001926
s1_1000,S1-311565031,S3,India,selective_v2_compact,0,10,5,1,3,0,3,5,0,2,0.010740020999833177,66,0,3,12,300,261,0.011802390000070773,0,296,296,296,101,1,1,60,1,0,0.04129874600005223
s1_1000,S1-789958686,S2,US,selective_v2_compact,0,10,1,1,2,0,8,9,0,7,0.015875912999945285,28,1,9,19,438,187,0.01633172000003924,2,424,424,426,122,1,1,60,0,2,0.04073609800002487
s1_1000,S1-789958686,S3,US,selective_v2_compact,0,10,1,1,2,0,6,9,0,7,0.017027789000053417,28,3,9,19,502,226,0.017495537000058903,2,476,476,478,120,1,1,60,0,2,0.04731248999996751
s1_1000,S1-699248674,S2,US,selective_v2_compact,0,10,0,1,2,0,4,10,1,7,0.008728859999678207,21,1,5,22,259,158,0.009111052999969615,0,233,233,233,118,1,1,60,0,0,0.02592490999995789
s1_1000,S1-699248674,S3,US,selective_v2_compact,0,10,0,1,0,0,4,10,1,9,0.009745572999918295,21,1,5,22,320,203,0.010157585000001745,1,279,278,279,113,1,1,60,2,1,0.03387349499996617
s1_1000,S1-144816753,S2,India,selective_v2_compact,0,10,5,1,0,0,38,5,0,5,0.017817016000094554,120,6,44,10,237,207,0.01894819999995434,6,207,207,213,106,1,1,60,1,6,0.039956773999961115
s1_1000,S1-144816753,S3,India,selective_v2_compact,0,10,5,1,0,0,39,5,0,5,0.017642909999835865,120,6,45,10,207,175,0.018779656000106115,15,176,175,190,111,1,1,60,3,15,0.028662874000019656
s1_1000,S1-272137225,S2,US,selective_v2_compact,0,10,0,0,0,0,1,10,0,10,0.0038051310000355443,36,0,1,21,87,11,0.004302015999996911,1,49,48,49,49,0,0,49,3,1,0.009578508999993574
s1_1000,S1-272137225,S3,US,selective_v2_compact,0,10,0,0,3,0,1,10,0,7,0.003997123999965879,36,0,1,21,84,10,0.004495420000012018,1,66,65,66,50,0,0,50,1,1,0.007544703999997182
s1_1000,S1-522017122,S2,US,selective_v2_compact,0,10,5,1,0,0,8,5,0,5,0.010740957999928469,28,3,11,11,349,179,0.01111324600003627,5,330,329,334,115,1,1,60,2,5,0.024301861000026292
s1_1000,S1-522017122,S3,US,selective_v2_compact,0,10,2,1,0,3,9,8,0,8,0.018980710000164436,28,3,12,17,318,171,0.0193546250000054,0,304,304,304,117,1,1,60,1,0,0.03783102600004895
s1_1000,S1-100167734,S2,US,selective_v2_compact,0,10,4,1,3,0,3,6,0,3,0.014483978000157549,28,0,3,14,379,154,0.014966502999982367,0,374,374,374,120,1,1,60,0,0,0.02962604200001806
s1_1000,S1-100167734,S3,US,selective_v2_compact,0,10,0,0,0,0,3,10,1,9,0.015746882000371443,28,0,3,22,329,38,0.016163040000037654,2,304,302,304,105,1,1,60,2,2,0.0283237440000903
s1_1000,S1-479725005,S2,US,selective_v2_compact,0,10,0,0,1,0,0,10,1,8,0.007331372999829,21,0,0,22,168,79,0.007726921999960723,0,115,115,115,76,1,1,60,3,0,0.022053416999938236
s1_1000,S1-479725005,S3,US,selective_v2_compact,0,10,0,0,3,0,0,10,1,6,0.007596054000032382,21,0,0,22,160,76,0.007976081999913731,2,113,111,113,78,1,1,60,3,2,0.020104864000018097
s1_1000,S1-743531791,S2,US,selective_v2_compact,0,10,2,1,1,0,16,8,3,4,0.016667868000013186,45,3,19,16,176,172,0.017150939999964976,1,173,172,173,87,1,1,60,2,1,0.03002171000002818
s1_1000,S1-743531791,S3,US,selective_v2_compact,0,10,2,1,0,0,16,8,3,5,0.01800282499993955,45,3,19,16,169,162,0.018508588000031523,2,164,162,164,89,1,1,60,2,2,0.03064991199994438
s1_1000,S1-652207412,S2,US,selective_v2_compact,0,10,0,1,2,1,2,10,1,7,0.010388368000008086,15,0,2,20,177,160,0.010711065999998937,13,173,160,173,77,1,1,60,1,13,0.024699661999989075
s1_1000,S1-652207412,S3,US,selective_v2_compact,0,10,4,1,1,1,2,6,1,4,0.008105219999947622,15,0,2,12,180,165,0.008418640999934723,12,177,165,177,67,1,1,60,2,12,0.015612666999913927
s1_1000,S1-185985394,S2,US,selective_v2_compact,0,10,0,0,5,0,2,10,1,4,0.02003088700007538,36,0,2,21,159,51,0.02059150699994916,0,159,159,159,70,1,1,60,0,0,0.03109368100001575
s1_1000,S1-185985394,S3,US,selective_v2_compact,0,10,0,0,1,0,6,10,0,9,0.01653815999964081,36,1,7,21,234,91,0.017058722999991005,0,199,199,199,96,1,1,60,0,0,0.03099783799996203
s1_1000,S1-937018924,S2,US,selective_v2_compact,0,10,0,0,0,0,3,10,0,10,0.013366322000024411,28,0,3,21,183,30,0.01382326100008413,2,148,146,148,71,1,1,60,2,2,0.021312588000000687
s1_1000,S1-937018924,S3,US,selective_v2_compact,0,10,0,0,2,0,4,10,0,8,0.014364729000021725,28,0,4,21,202,42,0.014760365000029196,0,180,180,180,82,1,1,60,1,0,0.023737556000014592
s1_1000,S1-945498259,S2,India,selective_v2_compact,0,10,1,1,1,0,19,9,0,8,0.021742776999985836,120,3,22,18,178,174,0.023225906999982726,0,174,174,174,68,1,1,60,0,0,0.0466790340000216
s1_1000,S1-945498259,S3,India,selective_v2_compact,0,10,2,1,0,0,18,8,0,8,0.00987300600013441,120,1,19,16,169,160,0.011389584000085051,4,160,160,164,81,1,1,60,1,4,0.03418890000000374
s1_1000,S1-631614917,S2,India,selective_v2_compact,0,10,2,1,2,0,40,8,2,4,0.016793981999853713,105,10,50,16,214,214,0.017662102000031155,7,214,214,221,87,1,1,60,0,7,0.046005194000031224
s1_1000,S1-631614917,S3,India,selective_v2_compact,0,10,4,1,0,0,36,6,1,5,0.009319293999851652,105,6,42,12,159,151,0.01030189900006917,10,151,151,161,88,1,1,60,2,10,0.018216196000025775
s1_1000,S1-961548696,S2,India,selective_v2_compact,0,10,5,1,0,0,38,5,0,5,0.01272042200002943,105,10,48,10,202,193,0.013596538000001601,1,194,193,194,78,1,1,60,2,1,0.034514456000010796
s1_1000,S1-961548696,S3,India,selective_v2_compact,0,10,1,1,0,0,38,9,1,8,0.025920555999960015,105,6,44,18,262,213,0.02700622600002589,0,213,213,213,102,1,1,60,3,0,0.053429886000003535
s1_1000,S1-341514955,S2,US,selective_v2_compact,0,10,1,1,0,0,4,9,2,7,0.013660760999982813,21,1,5,18,192,186,0.014031607999982043,0,186,186,186,95,1,1,60,2,0,0.03930235799998627
s1_1000,S1-341514955,S3,US,selective_v2_compact,0,10,0,0,0,0,5,10,2,8,0.016115607999950043,21,1,6,20,104,83,0.016416552999999112,1,84,83,84,72,1,1,60,2,1,0.023345482999957312
s1_1000,S1-383744417,S2,US,selective_v2_compact,0,10,3,1,1,0,18,7,0,6,0.012087313999927574,45,3,21,14,154,152,0.012551975000064886,53,153,152,205,137,1,1,60,2,49,0.021042202999979054
s1_1000,S1-383744417,S3,US,selective_v2_compact,0,10,5,1,0,3,23,5,0,5,0.015912763999949675,45,6,29,10,285,264,0.016331035999996857,52,268,264,316,141,1,1,60,1,48,0.04056685299997298
s1_1000,S1-499340462,S2,India,selective_v2_compact,0,10,4,1,0,0,24,6,1,5,0.008238084000026902,66,10,34,12,226,196,0.008814593000010973,6,202,196,202,116,1,1,60,2,6,0.033790974999988066
s1_1000,S1-499340462,S3,India,selective_v2_compact,0,10,3,1,0,0,26,7,0,7,0.012481342000114637,66,6,32,14,238,199,0.013156337000054918,9,208,199,208,95,1,1,60,0,9,0.03262211699995987
s1_1000,S1-846958059,S2,US,selective_v2_compact,0,10,0,0,1,0,8,10,1,8,0.0085438339999655,55,3,11,21,186,136,0.009253854000007777,1,167,166,167,99,1,1,60,2,1,0.01684317900003407
s1_1000,S1-846958059,S3,US,selective_v2_compact,0,10,2,1,0,0,11,8,0,8,0.008783714000173859,66,6,17,18,293,230,0.009584664999920278,1,263,262,263,108,1,1,60,3,1,0.030867810000017926
s1_1000,S1-351883628,S2,India,selective_v2_compact,0,10,0,0,0,0,3,10,1,9,0.0060243210002681735,36,1,4,21,93,61,0.006578615999956128,1,71,70,71,71,1,1,60,2,1,0.015274743000077251
s1_1000,S1-351883628,S3,India,selective_v2_compact,0,10,0,0,0,0,2,10,0,10,0.00456531699990137,36,0,2,21,107,89,0.005117972999983067,0,98,98,98,78,1,1,60,1,0,0.010536717000036333
s1_1000,S1-518262604,S2,India,selective_v2_compact,0,10,6,1,0,0,11,4,0,4,0.011851585999920644,55,3,14,10,207,172,0.012511582000001908,0,204,204,204,79,1,1,60,1,0,0.0313415119999263
s1_1000,S1-518262604,S3,India,selective_v2_compact,0,10,0,0,1,0,11,10,0,9,0.014258744000017032,55,1,12,22,175,117,0.014950392999935502,0,147,147,147,78,1,1,60,2,0,0.028813191000040206
s1_1000,S1-356624931,S2,US,selective_v2_compact,0,10,0,0,3,0,5,10,2,5,0.006460948999915672,36,3,8,23,106,24,0.006880276999936541,2,64,62,64,63,1,1,60,1,2,0.011518797999997332
s1_1000,S1-356624931,S3,US,selective_v2_compact,0,10,0,0,0,0,5,10,2,8,0.00654636600017966,36,3,8,23,103,18,0.006973371000071893,1,53,52,53,53,0,0,53,3,1,0.009559043999956884
s1_1000,S1-480729531,S2,US,selective_v2_compact,0,10,0,0,0,0,4,10,0,10,0.003906384000174512,28,1,5,22,141,73,0.004292018000001008,1,106,105,106,75,1,1,60,2,1,0.015734129000065877
s1_1000,S1-480729531,S3,US,selective_v2_compact,0,10,0,0,0,0,5,10,0,10,0.0038638900000478316,28,1,6,22,132,73,0.004244201000005887,2,101,99,101,77,1,1,60,3,2,0.014560044999939237
s1_1000,S1-26256799,S2,US,selective_v2_compact,0,10,0,0,3,0,5,10,0,7,0.008071350000022903,36,1,6,21,320,138,0.008619460999966577,0,312,312,312,116,1,1,60,0,0,0.029842261999988295
s1_1000,S1-26256799,S3,US,selective_v2_compact,0,10,0,1,0,0,6,10,0,10,0.009748538000053486,36,1,7,21,368,168,0.010368200000016259,1,351,350,351,111,1,1,60,2,1,0.032579835999968054
s1_1000,S1-614260199,S2,US,selective_v2_compact,0,10,6,1,0,0,7,4,0,4,0.013419008000028043,28,1,8,8,214,197,0.013823318000049767,7,204,197,204,77,1,1,60,3,7,0.021990073999972992
s1_1000,S1-614260199,S3,US,selective_v2_compact,0,10,5,1,0,0,7,5,0,5,0.01835505200017451,28,1,8,10,225,209,0.018768895999983215,10,219,209,219,109,1,1,60,2,10,0.034968305000006694
s1_1000,S1-942376087,S2,India,selective_v2_compact,0,10,1,1,0,0,15,9,1,8,0.010158497000134048,105,3,18,21,325,294,0.011490298000012444,2,298,296,298,77,1,1,60,3,2,0.04602070199996433
s1_1000,S1-942376087,S3,India,selective_v2_compact,0,10,0,1,0,0,15,10,1,9,0.008662949000154185,105,3,18,23,280,249,0.010071723999999449,2,253,251,253,77,1,1,60,4,2,0.034714708000024075
s1_1000,S1-369680649,S2,India,selective_v2_compact,0,10,2,1,0,0,28,8,1,7,0.02526843800012557,105,21,49,17,204,180,0.02618957800007138,0,196,196,196,79,1,1,60,0,0,0.05541040600007818
s1_1000,S1-369680649,S3,India,selective_v2_compact,0,10,2,1,0,0,27,8,1,7,0.040784151000025304,105,21,48,17,196,165,0.04170156800000768,0,183,183,183,87,1,1,60,0,0,0.07443590999992011
s1_1000,S1-214898305,S2,US,selective_v2_compact,0,10,0,1,0,0,0,10,0,10,0.004975572000034845,21,1,1,21,184,158,0.005418601999963357,1,161,160,161,75,1,1,60,2,1,0.015582849999987047
s1_1000,S1-214898305,S3,US,selective_v2_compact,0,10,0,0,4,0,0,10,0,6,0.004254610000089087,21,1,1,21,157,148,0.004667977000053725,0,149,149,149,59,0,0,59,1,0,0.010659774000032485
s1_1000,S1-991843051,S2,India,selective_v2_compact,0,10,0,1,0,0,22,10,0,10,0.03094304100000045,120,6,28,22,331,267,0.03234330499992666,1,311,310,311,94,1,1,60,1,1,0.06345505000001594
s1_1000,S1-991843051,S3,India,selective_v2_compact,0,10,2,1,0,0,21,8,0,8,0.07166851199974644,120,0,21,18,253,188,0.0731108420000055,1,246,245,246,78,1,1,60,2,1,0.09119026899998062
s1_1000,S1-494187676,S2,US,selective_v2_compact,0,10,0,0,2,0,6,10,0,8,0.009818690000315655,45,1,7,22,322,71,0.010420775000056892,0,306,306,306,109,1,1,60,2,0,0.02334286300003896
s1_1000,S1-494187676,S3,US,selective_v2_compact,0,10,4,1,1,0,9,6,0,5,0.011640844999760702,45,1,10,12,198,189,0.012238002999993114,4,193,189,193,77,1,1,60,3,4,0.02031952300001194
s1_1000,S1-380932102,S2,US,selective_v2_compact,0,10,6,1,0,0,3,4,0,4,0.02538338999977441,36,3,6,10,266,255,0.025939831000073355,4,258,255,259,75,1,1,60,2,4,0.05082792399991831
s1_1000,S1-380932102,S3,US,selective_v2_compact,0,10,7,1,0,0,3,3,0,3,0.022577722000050926,28,3,6,6,279,272,0.023022334999950544,7,279,272,279,80,1,1,60,1,7,0.050875801999950454
s1_1000,S1-37805904,S2,US,selective_v2_compact,0,10,0,0,0,1,1,10,1,9,0.005291593000151806,15,0,1,21,85,42,0.005548093000015797,1,61,61,62,55,0,0,55,3,1,0.0084129589999975
s1_1000,S1-37805904,S3,US,selective_v2_compact,0,10,0,0,0,1,1,10,0,10,0.006893912999885288,15,0,1,21,147,121,0.007197586000074807,0,134,134,134,75,1,1,60,1,0,0.017540065000048344
s1_1000,S1-482910661,S2,US,selective_v2_compact,0,10,0,0,2,0,1,10,1,7,0.00555279699995026,15,0,1,21,158,77,0.005846396000038112,1,139,138,139,105,1,1,60,3,1,0.017486494999957358
s1_1000,S1-482910661,S3,US,selective_v2_compact,0,10,0,0,0,0,1,10,1,9,0.005683993999923587,15,0,1,21,163,78,0.005967983000005006,2,145,143,145,103,1,1,60,4,2,0.01995347199999742
s1_1000,S1-761935587,S2,US,selective_v2_compact,0,10,0,0,1,0,4,10,1,8,0.0064917959997501384,28,1,5,22,248,132,0.0069225259999257105,1,225,224,225,79,1,1,60,2,1,0.03329395499997645
s1_1000,S1-761935587,S3,US,selective_v2_compact,0,10,0,0,0,0,4,10,1,9,0.008543510999857062,28,1,5,22,242,136,0.008983485000044311,0,219,219,219,79,1,1,60,2,0,0.027938618999996834
s1_1000,S1-862207745,S2,India,selective_v2_compact,0,10,3,1,0,0,4,7,0,7,0.0027715399997987333,36,1,5,17,253,184,0.0033146009999427406,0,226,226,226,81,1,1,60,2,0,0.032108341000025575
s1_1000,S1-862207745,S3,India,selective_v2_compact,0,10,0,0,1,0,3,10,1,8,0.006597382999871115,36,0,3,23,136,58,0.007114565999927436,0,104,104,104,69,1,1,60,2,0,0.0185390039999902
s1_1000,S1-41147272,S2,India,selective_v2_compact,0,10,2,1,0,0,19,8,0,8,0.017122565999898143,120,6,25,18,270,241,0.018565191999982744,2,250,250,252,97,1,1,60,2,2,0.04854738400001679
s1_1000,S1-41147272,S3,India,selective_v2_compact,0,10,2,1,1,0,17,8,0,7,0.020365502999993623,120,6,23,18,173,151,0.02179104999993342,3,159,159,162,58,0,0,58,1,3,0.037127267999949254
s1_1000,S1-291933980,S2,US,selective_v2_compact,0,10,0,0,0,0,4,10,0,10,0.007369059000097877,28,1,5,20,85,69,0.007754058999921654,1,70,69,70,68,1,1,60,1,1,0.0142040299999735
s1_1000,S1-291933980,S3,US,selective_v2_compact,0,10,0,0,0,0,5,10,0,10,0.008134660999985499,28,1,6,20,107,79,0.008527813000000606,1,80,79,80,73,1,1,60,4,1,0.015776286000004802
s1_1000,S1-465564443,S2,US,selective_v2_compact,0,10,0,0,4,0,1,10,0,6,0.006489251999823864,21,0,1,21,148,123,0.006870838999930129,0,143,143,143,50,0,0,50,1,0,0.013749221000011858
s1_1000,S1-465564443,S3,US,selective_v2_compact,0,10,0,0,0,0,1,10,0,10,0.006064815999934581,21,0,1,21,160,104,0.0064365660000476055,1,125,124,125,51,0,0,51,4,1,0.011662752000006549
s1_1000,S1-716529185,S2,US,selective_v2_compact,0,10,0,0,2,0,1,10,0,8,0.005741873000033593,21,0,1,20,147,141,0.006113206000009086,0,141,141,141,48,0,0,48,1,0,0.027958312000009755
s1_1000,S1-716529185,S3,US,selective_v2_compact,0,10,1,1,0,0,1,9,0,9,0.006131456000161961,21,0,1,18,194,167,0.006529472000011083,2,169,167,169,53,0,0,53,3,2,0.03237067800000659
s1_1000,S1-252815076,S2,US,selective_v2_compact,0,10,4,1,0,0,6,6,0,6,0.012999489999742764,36,1,7,13,197,163,0.013516191000007893,0,180,180,180,110,1,1,60,1,0,0.027050196999994114
s1_1000,S1-252815076,S3,US,selective_v2_compact,0,10,4,1,0,0,6,6,0,6,0.014161630000103287,36,1,7,13,229,188,0.01469480899993414,1,204,203,204,113,1,1,60,3,1,0.02833313200005705
s1_1000,S1-741530614,S2,US,selective_v2_compact,0,10,0,0,0,0,0,10,0,10,0.0008945369997945818,10,0,0,22,267,0,0.0010794730000043273,2,238,236,238,64,1,1,60,3,2,0.010409557000002678
s1_1000,S1-741530614,S3,US,selective_v2_compact,0,10,0,0,0,0,0,10,0,10,0.0008674679999103319,10,0,0,23,322,0,0.0010459250000849352,2,306,304,306,79,1,1,60,1,2,0.013230789999965964
s1_1000,S1-264006576,S2,India,selective_v2_compact,0,10,0,0,0,0,29,10,1,9,0.0038587690000895236,120,15,44,23,239,60,0.004956673000037881,0,198,198,198,79,1,1,60,1,0,0.024702534000084597
s1_1000,S1-264006576,S3,India,selective_v2_compact,0,10,0,0,1,0,28,10,1,8,0.1744307699999581,120,15,43,24,370,113,0.17565215700005865,1,310,309,310,117,1,1,60,3,1,0.2012897399999929
s1_1000,S1-703314149,S2,India,selective_v2_compact,0,10,0,0,2,0,22,10,2,6,0.05778673200018147,105,15,37,21,94,83,0.05891106499996113,0,92,92,92,73,1,1,60,1,0,0.07063125000001946
s1_1000,S1-703314149,S3,India,selective_v2_compact,0,10,5,1,0,0,27,5,0,5,0.010921864000124515,105,6,33,11,173,150,0.01196724599992649,2,169,167,169,74,1,1,60,2,2,0.019923113999993802
s1_1000,S1-889530437,S2,US,selective_v2_compact,0,10,4,1,0,0,8,6,1,5,0.013777944999787906,28,1,9,13,175,154,0.014162027999987004,6,165,164,170,45,0,0,45,4,6,0.02197598000009293
s1_1000,S1-889530437,S3,US,selective_v2_compact,0,10,3,1,0,0,8,7,1,6,0.016500593999921875,28,1,9,15,247,219,0.01693525899997894,3,232,231,234,42,0,0,42,3,3,0.03334182800006147
s1_1000,S1-950047153,S2,US,selective_v2_compact,0,10,5,1,0,0,5,5,0,5,0.01656672499996148,21,0,5,10,182,164,0.01691430300002139,1,165,164,165,76,1,1,60,1,1,0.02361868200000572
s1_1000,S1-950047153,S3,US,selective_v2_compact,0,10,5,1,0,0,5,5,0,5,0.01757770399990477,21,0,5,10,198,188,0.017922125000040978,0,188,188,188,79,1,1,60,1,0,0.025559217000022727
s1_1000,S1-718541486,S2,US,selective_v2_compact,0,10,0,1,2,0,9,10,0,8,0.01798664099965208,55,3,12,21,259,249,0.018737497999950392,0,251,251,251,99,1,1,60,1,0,0.049929238999993686
s1_1000,S1-718541486,S3,US,selective_v2_compact,0,10,0,1,0,0,9,10,0,10,0.01587835200018617,55,3,12,21,235,216,0.016641319000086696,0,219,219,219,98,1,1,60,3,0,0.047448551000002226
s1_1000,S1-19172434,S2,US,selective_v2_compact,0,10,4,1,0,0,10,6,0,6,0.007961847000046873,36,1,11,14,265,177,0.008422429999995984,2,213,211,213,77,1,1,60,2,2,0.01705023399995298
s1_1000,S1-19172434,S3,US,selective_v2_compact,0,10,4,1,0,0,10,6,0,6,0.008330466999950659,36,1,11,14,267,206,0.00879031399995256,1,232,231,232,79,1,1,60,1,1,0.018552899999917827
s1_1000,S1-531268470,S2,US,selective_v2_compact,0,10,0,0,2,1,3,10,0,8,0.007494331999964743,15,0,3,21,248,144,0.007801207999932558,0,232,232,232,91,1,1,60,1,0,0.030066265000073145
s1_1000,S1-531268470,S3,US,selective_v2_compact,0,10,2,1,0,1,3,8,0,8,0.007660960000066552,15,0,3,17,280,152,0.007964872999991712,2,243,241,243,92,1,1,60,2,2,0.03191166900001008
s1_1000,S1-56369002,S2,India,selective_v2_compact,0,10,6,1,0,0,24,4,0,4,0.0037572759999875416,78,3,27,10,220,165,0.004553753999971377,0,215,215,215,108,1,1,60,1,0,0.015564220999976897
s1_1000,S1-56369002,S3,India,selective_v2_compact,0,10,3,1,0,0,21,7,0,7,0.005393482999920707,78,3,24,16,258,191,0.006237964000092688,0,238,238,238,96,1,1,60,3,0,0.02878381499999705
s1_1000,S1-851172257,S2,India,selective_v2_compact,0,10,2,1,0,0,32,8,0,8,0.010900797000090279,120,10,42,17,251,158,0.012068624000107775,1,216,215,216,80,1,1,60,2,1,0.023966716000018096
s1_1000,S1-851172257,S3,India,selective_v2_compact,0,10,1,1,1,0,31,9,0,8,0.012621696000110205,120,6,37,18,164,159,0.013848671000005197,0,159,159,159,76,1,1,60,1,0,0.027363066000020808
s1_1000,S1-839695817,S2,India,selective_v2_compact,0,10,6,1,0,0,45,4,0,4,0.012630440999828352,120,15,60,9,253,189,0.0135377530000369,1,247,246,247,117,1,1,60,3,1,0.025685539000050994
s1_1000,S1-839695817,S3,India,selective_v2_compact,0,10,6,1,0,0,54,4,0,4,0.011726154000029965,120,6,60,9,252,190,0.012708194999959233,0,249,249,249,118,1,1,60,0,0,0.02436751599998388
s1_1000,S1-117184918,S2,US,selective_v2_compact,0,10,7,1,0,0,12,3,0,3,0.013346560000059071,36,3,15,6,165,161,0.01374590700004319,2,163,161,163,58,0,0,58,1,2,0.020199316999992334
s1_1000,S1-117184918,S3,US,selective_v2_compact,0,10,1,1,0,0,12,9,3,6,0.02440966799997568,36,3,15,18,208,197,0.024874828000065463,0,197,197,197,109,1,1,60,2,0,0.04646308799999588
s1_1000,S1-103120265,S2,India,selective_v2_compact,0,10,0,1,0,0,16,10,0,10,0.030156299000054787,55,6,22,22,294,176,0.03077733299994634,0,237,237,237,79,1,1,60,0,0,0.048837311999932354
s1_1000,S1-103120265,S3,India,selective_v2_compact,0,10,0,0,0,0,16,10,1,9,0.016771454000263475,55,6,22,22,256,128,0.017378247999999985,0,187,187,187,79,1,1,60,0,0,0.029310856999927637
s1_1000,S1-869535932,S2,US,selective_v2_compact,0,10,3,1,0,0,1,7,0,7,0.0045857640001258915,21,0,1,14,202,186,0.005001862999961304,0,186,186,186,84,1,1,60,2,0,0.024831396999957178
s1_1000,S1-869535932,S3,US,selective_v2_compact,0,10,0,1,0,0,1,10,0,10,0.005707441999902585,21,0,1,20,178,163,0.0061011689999759255,0,163,163,163,72,1,1,60,2,0,0.0317323930000839
s1_1000,S1-887169774,S2,US,selective_v2_compact,0,10,0,0,0,0,3,10,1,9,0.008285639999940031,21,1,4,22,347,82,0.008638909000069361,1,323,322,323,100,1,1,60,2,1,0.02120057700005873
s1_1000,S1-887169774,S3,US,selective_v2_compact,0,10,0,0,1,0,3,10,1,8,0.008148104000156309,21,1,4,21,124,98,0.008481086000074356,1,117,116,117,77,1,1,60,1,1,0.013356167999972968
s1_1000,S1-492543909,S2,India,selective_v2_compact,0,10,0,0,0,0,6,10,2,8,0.01821647400004167,36,1,7,20,152,100,0.018751576999989084,2,100,100,102,79,1,1,60,2,2,0.024343887999975777
s1_1000,S1-492543909,S3,India,selective_v2_compact,0,10,1,1,0,0,2,9,1,8,0.014279232999797387,36,0,2,18,201,189,0.014923931999987872,2,190,189,191,74,1,1,60,1,2,0.028741271000058077
s1_1000,S1-94599318,S2,US,selective_v2_compact,0,10,2,1,0,0,4,8,1,7,0.015933174999986477,21,0,4,17,197,156,0.016301335999969524,92,186,186,278,144,1,1,60,1,48,0.032053766999979416
s1_1000,S1-94599318,S3,US,selective_v2_compact,0,10,2,1,0,0,4,8,1,7,0.017531344000076388,21,0,4,17,226,177,0.01791393300004529,88,211,211,299,159,1,1,60,3,45,0.031841337000059866
s1_1000,S1-677598357,S2,US,selective_v2_compact,0,10,0,1,3,0,2,10,0,7,0.013171319000321091,21,0,2,23,193,166,0.013558915999965393,0,187,187,187,79,1,1,60,1,0,0.025209407999909672
s1_1000,S1-677598357,S3,US,selective_v2_compact,0,10,4,1,0,0,2,6,0,6,0.012562427000034404,21,0,2,15,178,157,0.012932234000004428,0,170,170,170,79,1,1,60,1,0,0.01989637799999855
s1_1000,S1-730719207,S2,US,selective_v2_compact,0,10,3,1,0,0,14,7,0,7,0.03455319299996518,36,1,15,14,239,228,0.03498572099999819,1,229,228,229,82,1,1,60,1,1,0.0531981750000341
s1_1000,S1-730719207,S3,US,selective_v2_compact,0,10,3,1,0,0,14,7,0,7,0.036479089999943426,36,1,15,14,253,242,0.03691725999999562,2,244,242,244,84,1,1,60,2,2,0.06365289600000779
s1_1000,S1-369861184,S2,US,selective_v2_compact,0,10,4,1,0,0,9,6,0,6,0.013137003999872832,36,3,12,13,216,175,0.013622925999925428,0,193,193,193,111,1,1,60,0,0,0.03549453599998742
s1_1000,S1-369861184,S3,US,selective_v2_compact,0,10,4,1,0,0,9,6,0,6,0.01297835699983807,36,3,12,13,245,185,0.013451777999989645,3,207,204,207,102,1,1,60,4,3,0.03027663600005326
s1_1000,S1-295668361,S2,US,selective_v2_compact,0,10,0,0,1,0,5,10,0,9,0.005460765000066203,21,1,6,23,116,91,0.005789663999962613,2,98,96,98,61,1,1,60,2,2,0.014187912000011238
s1_1000,S1-295668361,S3,US,selective_v2_compact,0,10,0,0,1,0,5,10,0,9,0.006874379999999292,21,1,6,23,134,90,0.007186357000023236,1,107,106,107,71,1,1,60,1,1,0.02246628000000328
s1_1000,S1-858735224,S2,US,selective_v2_compact,0,10,4,1,1,1,2,6,0,5,0.008855979000031766,15,0,2,14,318,208,0.009170939999989969,26,272,246,272,90,1,1,60,2,26,0.019666466999979093
s1_1000,S1-858735224,S3,US,selective_v2_compact,0,10,4,1,0,1,2,6,0,6,0.009427886000025865,15,0,2,13,275,204,0.009761295999965114,19,267,248,267,117,1,1,60,2,19,0.020439667999994526
s1_1000,S1-563073325,S2,US,selective_v2_compact,0,10,1,1,0,0,11,9,0,9,0.014416486000186524,55,6,17,19,334,213,0.015085889000033603,1,326,325,326,117,1,1,60,1,1,0.049825964999968164
s1_1000,S1-563073325,S3,US,selective_v2_compact,0,10,1,1,0,0,11,9,0,9,0.015485444999967513,55,6,17,19,322,194,0.016161474000000453,0,302,302,302,109,1,1,60,3,0,0.04186751199995342
s1_1000,S1-816383534,S2,US,selective_v2_compact,0,10,0,0,3,1,4,10,0,7,0.02577736900002492,15,0,4,21,422,149,0.026093564999996488,34,388,354,388,96,1,1,60,1,34,0.04767556399997375
s1_1000,S1-816383534,S3,US,selective_v2_compact,0,10,0,1,0,1,4,10,0,10,0.030718928000055712,15,0,4,21,459,166,0.03106219100004637,24,404,380,404,96,1,1,60,3,24,0.05815303200006383
s1_1000,S1-79146097,S2,India,selective_v2_compact,0,10,3,1,0,0,7,7,0,7,0.015949937000073078,36,1,8,15,199,187,0.01646935899998425,2,193,191,193,119,1,1,60,1,2,0.03455435899991244
s1_1000,S1-79146097,S3,India,selective_v2_compact,0,10,4,1,0,0,8,6,0,6,0.008566847999873062,36,0,8,13,173,160,0.009054649999939102,5,166,166,171,87,1,1,60,2,5,0.017269216000045162
s1_1000,S1-241799543,S2,US,selective_v2_compact,0,10,0,0,6,0,5,10,0,4,0.0042976920001365215,45,1,6,23,285,36,0.004922598999996808,0,236,236,236,90,1,1,60,2,0,0.015444384000034006
s1_1000,S1-241799543,S3,US,selective_v2_compact,0,10,2,1,1,0,11,8,0,7,0.008255202000214013,45,3,14,18,435,207,0.00887369299994134,0,413,413,413,103,1,1,60,1,0,0.04593090199989547
s1_1000,S1-814666931,S2,India,selective_v2_compact,0,10,5,1,0,0,19,5,1,4,0.0112356469999213,78,3,22,11,297,233,0.012108160000025237,1,271,270,271,75,1,1,60,2,1,0.035416945000065425
s1_1000,S1-814666931,S3,India,selective_v2_compact,0,10,5,1,1,0,19,5,1,3,0.009570072999849799,78,1,20,11,239,199,0.01050436000002719,0,238,238,238,79,1,1,60,2,0,0.031759329999999864
s1_1000,S1-434049818,S2,US,selective_v2_compact,0,10,1,1,0,0,5,9,0,9,0.01812985200001549,21,1,6,18,172,152,0.018471782999995412,1,153,152,153,86,1,1,60,3,1,0.030564123999965886
s1_1000,S1-434049818,S3,US,selective_v2_compact,0,10,0,1,0,0,5,10,0,10,0.02122891300007268,21,1,6,20,266,249,0.02161298600003647,0,249,249,249,86,1,1,60,2,0,0.06520404100001542
s1_1000,S1-879372595,S2,India,selective_v2_compact,0,10,2,1,0,0,33,8,0,8,0.009032382999976107,120,15,48,17,227,178,0.010186985000018467,2,184,182,184,85,1,1,60,5,2,0.02654367100001309
s1_1000,S1-879372595,S3,India,selective_v2_compact,0,10,0,1,0,0,30,10,2,8,0.03498405700008789,120,6,36,21,248,219,0.036303574000044136,1,222,221,222,101,1,1,60,3,1,0.07436229899997215
s1_1000,S1-248163870,S2,India,selective_v2_compact,0,10,0,0,0,0,36,10,0,10,0.009577277000062168,120,36,72,21,188,146,0.010350578000043242,1,166,165,166,78,1,1,60,2,1,0.02648197100006655
s1_1000,S1-248163870,S3,India,selective_v2_compact,0,10,0,0,0,0,37,10,2,8,0.021517005000077916,120,28,65,21,122,80,0.02236007999999856,2,94,92,94,70,1,1,60,4,2,0.02743163699994966
s1_1000,S1-974558168,S2,US,selective_v2_compact,0,10,0,0,0,0,2,10,0,10,0.0033104990002357226,36,1,3,21,112,51,0.0038214620000189825,1,95,94,95,71,1,1,60,2,1,0.013046238000015364
s1_1000,S1-974558168,S3,US,selective_v2_compact,0,10,0,0,0,0,3,10,0,10,0.003649462000225867,36,1,4,21,119,54,0.004157899000006182,0,99,99,99,76,1,1,60,1,0,0.010505544000011469
s1_1000,S1-152580274,S2,India,selective_v2_compact,0,10,6,1,1,0,21,4,0,3,0.007713193999961732,55,10,31,8,250,247,0.008175589999950716,2,249,247,249,80,1,1,60,0,2,0.03375205800000458
s1_1000,S1-152580274,S3,India,selective_v2_compact,0,10,7,1,1,0,26,3,0,2,0.013748189999887472,55,3,29,6,152,152,0.014185477000069113,7,152,152,159,73,1,1,60,1,7,0.021923358000094595
s1_1000,S1-182285498,S2,US,selective_v2_compact,0,10,2,1,0,0,7,8,0,8,0.01613906800002951,28,1,8,16,187,179,0.0165382339999951,2,181,179,181,107,1,1,60,1,2,0.031944821000024604
s1_1000,S1-182285498,S3,US,selective_v2_compact,0,10,5,1,0,0,7,5,0,5,0.010531600000035723,28,1,8,10,168,158,0.01089956600003461,2,160,158,160,89,1,1,60,3,2,0.01762009499998385
s1_1000,S1-636219545,S2,US,selective_v2_compact,0,10,1,1,0,0,2,9,1,8,0.014695673999995051,36,0,2,19,216,188,0.015288751999946726,1,206,205,206,84,1,1,60,1,1,0.03386779499999193
s1_1000,S1-636219545,S3,US,selective_v2_compact,0,10,2,1,0,0,2,8,0,8,0.01575282000021616,36,0,2,17,178,161,0.01635241400003906,0,171,171,171,83,1,1,60,1,0,0.031995977999940806
s1_1000,S1-879828483,S2,India,selective_v2_compact,0,10,0,1,1,0,17,10,1,8,0.09425283899997794,105,15,32,23,343,229,0.09544812699994054,0,306,306,306,79,1,1,60,2,0,0.12340980200008289
s1_1000,S1-879828483,S3,India,selective_v2_compact,0,10,5,1,0,0,24,5,0,5,0.017628357999910804,105,6,30,13,301,208,0.01879632700001821,3,291,288,291,78,1,1,60,1,3,0.04248704200006159
s1_1000,S1-595976104,S2,US,selective_v2_compact,0,10,1,1,0,0,5,9,2,7,0.01644500199995491,21,1,6,20,231,158,0.01677379000000201,1,191,190,191,79,1,1,60,1,1,0.02917126800002734
s1_1000,S1-595976104,S3,US,selective_v2_compact,0,8,0,0,0,2,8,8,1,7,0.03353260800008684,21,3,11,18,254,148,0.03380148400003691,2,185,183,185,77,1,1,60,4,2,0.046486153000046215
s1_1000,S1-480646551,S2,India,selective_v2_compact,0,9,6,1,0,9,45,3,0,3,0.00851366299991696,91,28,73,6,171,166,0.008860851999997976,21,167,166,187,68,1,1,60,2,21,0.023490227999900526
s1_1000,S1-480646551,S3,India,selective_v2_compact,0,10,7,1,0,0,46,3,0,3,0.010659433000000718,91,15,61,6,156,152,0.011158400999988771,36,152,152,188,78,1,1,60,4,36,0.02004723900006411
s1_1000,S1-688071877,S2,US,selective_v2_compact,0,6,0,0,3,0,0,6,0,3,0.001716914999860819,6,0,0,13,16,14,0.0018280550000326912,0,15,15,15,15,0,0,15,0,0,0.0028228140000692292
s1_1000,S1-688071877,S3,US,selective_v2_compact,0,6,0,0,1,0,0,6,0,5,0.001674363999995876,6,0,0,13,18,14,0.0017804230000137977,0,15,15,15,15,0,0,15,0,0,0.002675855000006777
s1_1000,S1-970146850,S2,US,selective_v2_compact,0,10,0,0,0,0,3,10,0,10,0.009204479999880277,21,0,3,23,211,135,0.009541111000089586,2,164,162,164,80,1,1,60,2,2,0.0221156019999853
s1_1000,S1-970146850,S3,US,selective_v2_compact,0,10,0,0,4,0,3,10,0,6,0.010771716000022025,21,0,3,24,249,139,0.011141724000026443,0,203,203,203,80,1,1,60,1,0,0.02455217299996093
s1_1000,S1-610757866,S2,US,selective_v2_compact,0,10,2,1,2,0,5,8,0,6,0.00741692199994759,36,1,6,17,209,152,0.007938230000036128,1,189,188,189,99,1,1,60,2,1,0.01534951100006765
s1_1000,S1-610757866,S3,US,selective_v2_compact,0,10,6,1,0,0,8,4,0,4,0.014175973999840608,36,3,11,9,191,157,0.014602611999976034,0,182,182,182,80,1,1,60,3,0,0.022246891999998297
s1_1000,S1-998147399,S2,India,selective_v2_compact,0,10,5,1,0,0,28,5,0,5,0.008201360000043678,91,15,43,11,206,153,0.008997464000003674,1,193,192,193,95,1,1,60,3,1,0.018444115000079364
s1_1000,S1-998147399,S3,India,selective_v2_compact,0,10,2,1,0,0,28,8,1,7,0.02068700999984685,91,15,43,17,275,211,0.02150587699998141,1,257,256,257,87,1,1,60,5,1,0.056165670000041246
s1_1000,S1-672064749,S2,US,selective_v2_compact,0,10,0,0,0,0,4,10,1,9,0.005209610999827419,28,1,5,20,81,59,0.005592860999968252,4,63,59,63,63,1,1,60,2,4,0.013628294000000096
s1_1000,S1-672064749,S3,US,selective_v2_compact,0,10,0,0,0,0,5,10,0,10,0.005489575000069635,28,1,6,20,92,71,0.005890579999913825,4,75,71,75,73,1,1,60,2,4,0.01385704300002999
s1_1000,S1-300594042,S2,US,selective_v2_compact,0,10,0,0,4,0,4,10,0,6,0.005867764000299758,28,1,5,23,95,43,0.006218333999981951,1,69,68,69,68,1,1,60,0,1,0.011130374999993364
s1_1000,S1-300594042,S3,US,selective_v2_compact,0,10,0,0,0,0,4,10,0,10,0.006426485999895704,28,1,5,23,145,35,0.0068054990000518956,1,74,73,74,58,0,0,58,4,1,0.010904283999934705
s1_1000,S1-966899178,S2,India,selective_v2_compact,0,10,6,1,0,0,40,4,1,3,0.008647991999964688,105,28,68,8,156,152,0.009309798000003866,1,153,152,153,80,1,1,60,2,1,0.022478245999991486
s1_1000,S1-966899178,S3,India,selective_v2_compact,0,10,0,1,1,0,45,10,3,6,0.034603721999928894,105,21,66,20,209,194,0.035299161000011736,0,194,194,194,104,1,1,60,0,0,0.055691799999976865
s1_1000,S1-859410589,S2,India,selective_v2_compact,0,10,5,1,0,0,19,5,0,5,0.012077238000301804,45,3,22,10,233,186,0.012524695000024622,8,194,186,194,78,1,1,60,4,8,0.025692171000059716
s1_1000,S1-859410589,S3,India,selective_v2_compact,0,10,2,1,0,0,19,8,0,8,0.026414514000180134,45,3,22,16,222,191,0.026871117000041522,9,193,191,200,83,1,1,60,3,9,0.046421692999956576
s1_1000,S1-221830085,S2,US,selective_v2_compact,0,10,0,0,1,0,6,10,2,7,0.007874664000041776,36,1,7,22,193,112,0.008380336999948668,1,168,167,168,88,1,1,60,4,1,0.015141012999947634
s1_1000,S1-221830085,S3,US,selective_v2_compact,0,10,0,0,0,0,6,10,1,9,0.00738044299998819,36,1,7,22,200,84,0.007857630999978937,1,160,159,160,90,1,1,60,3,1,0.023086817000034898
s1_1000,S1-759154765,S2,US,selective_v2_compact,0,10,1,1,2,0,4,9,0,7,0.01632903000006536,21,0,4,18,182,182,0.016677036000032786,0,182,182,182,90,1,1,60,0,0,0.02806711199991696
s1_1000,S1-759154765,S3,US,selective_v2_compact,0,10,1,1,2,0,4,9,0,7,0.018012833999705435,21,0,4,18,183,180,0.018363229999977193,0,180,180,180,85,1,1,60,0,0,0.03252725900006226
s1_1000,S1-279768516,S2,India,selective_v2_compact,0,10,0,0,1,0,12,10,1,8,0.022566839999853983,45,1,13,22,203,133,0.02315341099995294,2,156,154,156,94,1,1,60,1,2,0.030823306999991473
s1_1000,S1-279768516,S3,India,selective_v2_compact,0,10,0,0,1,0,10,10,1,8,0.014146944999765765,45,1,11,22,149,116,0.01472434400000111,2,138,136,138,73,1,1,60,3,2,0.028699446999894462
s1_1000,S1-277795564,S2,India,selective_v2_compact,0,10,0,0,0,0,24,10,4,6,0.018048471000156496,91,15,39,21,96,79,0.018888237000055597,1,88,87,88,72,1,1,60,2,1,0.028579038999964723
s1_1000,S1-277795564,S3,India,selective_v2_compact,0,10,0,1,1,0,28,10,3,6,0.013613276999990376,91,10,38,21,171,153,0.014420329000017773,0,163,163,163,79,1,1,60,2,0,0.03452423900000667
s1_1000,S1-435179175,S2,India,selective_v2_compact,0,10,0,0,0,0,20,10,1,9,0.044854828999973506,66,6,26,21,212,136,0.04556980300003488,1,168,167,168,82,1,1,60,3,1,0.062194535999992695
s1_1000,S1-435179175,S3,India,selective_v2_compact,0,10,3,1,0,0,17,7,0,7,0.03364830299994992,66,6,23,16,272,182,0.03440081200005807,1,249,248,249,88,1,1,60,2,1,0.056332410999971216
s1_1000,S1-359821177,S2,US,selective_v2_compact,0,10,0,0,0,0,4,10,1,9,0.006257302999983949,21,1,5,21,181,147,0.006604175000006762,2,160,158,160,75,1,1,60,2,2,0.02999577399998543
s1_1000,S1-359821177,S3,US,selective_v2_compact,0,10,1,1,0,0,4,9,1,8,0.0056490509999775895,21,1,5,19,183,159,0.00602253199997449,0,168,168,168,76,1,1,60,2,0,0.02935267800000929
s1_1000,S1-155407235,S2,US,selective_v2_compact,0,7,4,1,1,1,6,3,0,2,0.008592324999995071,15,1,7,6,166,165,0.008802320000086183,0,165,165,165,65,1,1,60,0,0,0.01524244200004432
s1_1000,S1-155407235,S3,US,selective_v2_compact,0,7,0,0,1,1,6,7,1,5,0.015078938000101516,15,1,7,14,133,130,0.01528830300003392,1,131,130,131,85,1,1,60,2,1,0.02226486200004274
s1_1000,S1-363640638,S2,US,selective_v2_compact,0,10,0,0,0,0,2,10,1,9,0.0036593379999203535,36,1,3,21,190,58,0.004196125000021311,1,153,152,153,96,1,1,60,4,1,0.011573936999980106
s1_1000,S1-363640638,S3,US,selective_v2_compact,0,10,0,0,0,0,2,10,1,9,0.003806868999959079,36,1,3,21,201,77,0.004341752999948767,1,182,181,182,110,1,1,60,1,1,0.014952789999938432
s1_1000,S1-630988943,S2,US,selective_v2_compact,0,10,0,0,3,0,3,10,1,6,0.005919198000015058,28,0,3,21,175,58,0.00633853099998305,38,164,164,202,115,1,1,60,0,38,0.016401303000066036
s1_1000,S1-630988943,S3,US,selective_v2_compact,0,10,0,0,0,0,6,10,3,7,0.01011669600006826,28,1,7,21,354,89,0.010553696999977547,42,221,221,263,114,1,1,60,1,41,0.026752943000019513
s1_1000,S1-492798500,S2,India,selective_v2_compact,0,10,1,1,2,0,22,9,2,5,0.04140343799997481,91,15,37,20,247,186,0.04228539600001113,0,217,217,217,81,1,1,60,0,0,0.061485357000037766
s1_1000,S1-492798500,S3,India,selective_v2_compact,0,10,6,1,1,0,27,4,0,3,0.0077191420000417565,91,3,30,10,196,154,0.008599828999990677,0,191,191,191,102,1,1,60,0,0,0.01770458199996483
s1_1000,S1-750902604,S2,US,selective_v2_compact,0,10,0,0,0,0,4,10,0,10,0.004848400000128095,21,1,5,21,261,101,0.005214765000005173,2,222,220,222,102,1,1,60,3,2,0.017247350999923583
s1_1000,S1-750902604,S3,US,selective_v2_compact,0,10,0,0,0,0,4,10,0,10,0.005189145999793254,21,1,5,21,263,109,0.005519262999996499,0,229,229,229,103,1,1,60,4,0,0.022773757999971167
s1_1000,S1-832262633,S2,India,selective_v2_compact,0,10,3,1,1,0,11,7,1,5,0.012392980000072384,45,1,12,15,265,236,0.013017149999996036,1,250,249,250,81,1,1,60,1,1,0.03727321799999572
s1_1000,S1-832262633,S3,India,selective_v2_compact,0,10,1,1,0,0,9,9,1,8,0.014765403000069455,45,0,9,19,257,210,0.01538535600002433,11,226,226,237,66,1,1,60,5,11,0.04180764000000181
s1_1000,S1-494365737,S2,India,selective_v2_compact,0,10,0,0,0,0,5,10,0,10,0.008725848999915797,55,0,5,21,95,33,0.009429104999981064,12,63,61,73,62,1,1,60,2,12,0.01763686399999642
s1_1000,S1-494365737,S3,India,selective_v2_compact,0,10,3,1,0,0,0,7,0,7,0.013108116000125847,55,0,0,15,206,167,0.01392758900010449,3,199,196,199,81,1,1,60,3,3,0.028454521999947247
s1_1000,S1-317536058,S2,India,selective_v2_compact,0,10,1,1,0,0,28,9,0,9,0.02675624800008336,105,10,38,20,249,179,0.027796500000022206,1,235,235,236,73,1,1,60,2,1,0.06298178299994106
s1_1000,S1-317536058,S3,India,selective_v2_compact,0,10,0,0,0,0,27,10,2,8,0.037598105999904874,105,6,33,22,98,28,0.03869926300001225,0,74,74,74,46,0,0,46,1,0,0.04491592099998343
s1_1000,S1-862899562,S2,India,selective_v2_compact,0,10,6,1,0,0,19,4,1,3,0.018188576000056855,45,3,22,8,170,169,0.01861164000001736,1,169,169,170,90,1,1,60,1,1,0.032461617999956616
s1_1000,S1-862899562,S3,India,selective_v2_compact,0,10,7,1,0,0,16,3,0,3,0.006432167000184563,45,1,17,6,218,189,0.006921935999912421,3,190,189,192,63,1,1,60,2,3,0.015594600999975228
s1_1000,S1-813952512,S2,US,selective_v2_compact,0,10,0,1,3,0,0,10,1,6,0.027284988999895177,21,0,0,21,171,155,0.027675124999973377,0,168,168,168,96,1,1,60,1,0,0.039943477000065286
s1_1000,S1-813952512,S3,US,selective_v2_compact,0,10,1,1,0,0,0,9,1,8,0.028839262000019517,21,0,0,19,195,164,0.029259461000037845,0,177,177,177,89,1,1,60,2,0,0.04486629199993786
s1_1000,S1-263815160,S2,India,selective_v2_compact,0,10,3,1,0,8,47,7,0,7,0.008372820000090542,78,6,53,14,249,232,0.008870250999962082,4,236,232,236,79,1,1,60,2,4,0.03697122999994917
s1_1000,S1-263815160,S3,India,selective_v2_compact,0,10,4,1,1,8,45,6,0,5,0.012725798999781546,78,6,51,12,171,158,0.013236976000030154,9,167,158,167,78,1,1,60,2,9,0.025815580000084992
s1_1000,S1-505316099,S2,US,selective_v2_compact,0,10,0,1,0,0,5,10,0,10,0.022983607999776723,21,0,5,20,184,157,0.023327713999947264,2,159,157,159,87,1,1,60,2,2,0.0341527060000999
s1_1000,S1-505316099,S3,US,selective_v2_compact,0,10,0,0,1,0,5,10,0,9,0.02490923900006692,21,0,5,20,147,135,0.025247831999990922,1,136,135,136,88,1,1,60,0,1,0.03702406900004007
s1_1000,S1-442590532,S2,US,selective_v2_compact,0,10,1,1,0,0,8,9,0,9,0.01696297999978924,28,1,9,18,163,155,0.01737813600004756,0,155,155,155,79,1,1,60,2,0,0.029110119000051782
s1_1000,S1-442590532,S3,US,selective_v2_compact,0,10,1,1,0,0,8,9,0,9,0.018499763000249914,28,1,9,18,176,158,0.018893765000029816,2,160,158,160,78,1,1,60,2,2,0.03927432199998293
s1_1000,S1-520578486,S2,US,selective_v2_compact,0,10,0,0,2,0,2,10,1,7,0.01994108299970776,36,0,2,21,169,112,0.020490214000005835,0,159,159,159,93,1,1,60,1,0,0.039232446999903914
s1_1000,S1-520578486,S3,US,selective_v2_compact,0,10,0,1,0,0,2,10,1,9,0.014830233999987286,36,0,2,20,166,150,0.015430885999990096,0,150,150,150,67,1,1,60,2,0,0.03563172000008308
s1_1000,S1-373716962,S2,India,selective_v2_compact,0,10,4,1,0,0,35,6,0,6,0.00967213199987782,91,15,50,12,242,229,0.010369886000034967,0,229,229,229,62,1,1,60,3,0,0.02193880699996953
s1_1000,S1-373716962,S3,India,selective_v2_compact,0,10,4,1,2,0,35,6,0,4,0.007869678999895768,91,10,45,12,209,207,0.008612261000052968,2,209,207,209,66,1,1,60,0,2,0.019306153999991693
s1_1000,S1-221049359,S2,India,selective_v2_compact,0,10,0,0,0,0,11,10,2,8,0.016969197000094027,66,0,11,21,165,136,0.01782433999994737,1,140,139,140,99,1,1,60,3,1,0.03369430700001885
s1_1000,S1-221049359,S3,India,selective_v2_compact,0,10,3,1,0,0,4,7,1,6,0.023853180000060092,66,0,4,15,206,196,0.024795089000008375,0,201,201,201,99,1,1,60,1,0,0.03994638300002862
s1_1000,S1-595529200,S2,US,selective_v2_compact,0,10,0,0,3,1,2,10,0,7,0.0060066360000519126,15,0,2,21,294,67,0.006300943000042025,1,252,251,252,65,1,1,60,1,1,0.01618629000006422
s1_1000,S1-595529200,S3,US,selective_v2_compact,0,10,0,0,0,1,2,10,0,10,0.006730544999868471,15,0,2,21,377,68,0.007035420999955022,1,301,300,301,52,0,0,52,2,1,0.019856494999999086
s1_1000,S1-448814176,S2,India,selective_v2_compact,0,10,0,0,1,0,17,10,0,9,0.01208744600000955,91,10,27,23,164,123,0.013063209000051756,1,146,145,146,87,1,1,60,1,1,0.023636364000026333
s1_1000,S1-448814176,S3,India,selective_v2_compact,0,10,1,1,0,0,17,9,0,9,0.09656956000003447,91,6,23,21,243,173,0.09765698000001066,1,197,196,197,97,1,1,60,4,1,0.1203113479999729
s1_1000,S1-382839290,S2,India,selective_v2_compact,0,10,0,0,0,0,11,10,2,8,0.013758093999967969,55,3,14,22,194,103,0.014421013999935894,2,165,163,165,103,1,1,60,3,2,0.03811702099994818
s1_1000,S1-382839290,S3,India,selective_v2_compact,0,10,0,0,1,0,11,10,2,7,0.028571531000125105,55,3,14,22,184,105,0.029226861999973153,0,165,165,165,112,1,1,60,2,0,0.046597573999974884
s1_1000,S1-437861953,S2,US,selective_v2_compact,0,10,6,1,0,0,5,4,0,4,0.009741345999941586,21,0,5,8,151,150,0.010065719999943212,0,150,150,150,82,1,1,60,0,0,0.01607752499990056
s1_1000,S1-437861953,S3,US,selective_v2_compact,0,10,6,1,0,0,5,4,0,4,0.010697973999867827,21,0,5,8,176,173,0.011037269999974342,0,173,173,173,82,1,1,60,1,0,0.018110639000042283
s1_1000,S1-801385283,S2,US,selective_v2_compact,0,10,0,0,3,0,5,10,0,7,0.004555011000320519,36,1,6,21,259,102,0.005076647000009871,0,239,239,239,94,1,1,60,1,0,0.018960369000069477
s1_1000,S1-801385283,S3,US,selective_v2_compact,0,10,3,1,0,0,6,7,0,7,0.005840672999852359,36,3,9,15,346,196,0.006385785000020405,1,323,322,323,114,1,1,60,1,1,0.028415161999987504
s1_1000,S1-62792559,S2,India,selective_v2_compact,0,10,3,1,0,0,15,7,1,6,0.0070708530001866166,55,6,21,16,350,193,0.007696797999983573,3,317,314,317,105,1,1,60,4,3,0.03289636600004542
s1_1000,S1-62792559,S3,India,selective_v2_compact,0,10,3,1,0,0,15,7,1,6,0.007212838999976157,55,6,21,16,331,185,0.00781844400000864,0,323,323,323,106,1,1,60,2,0,0.03183894500000406
s1_1000,S1-429973350,S2,US,selective_v2_compact,0,10,1,1,1,0,11,9,0,8,0.011054313000045113,36,3,14,19,209,200,0.0115178679999417,0,201,201,201,88,1,1,60,1,0,0.03475612399995498
s1_1000,S1-429973350,S3,US,selective_v2_compact,0,10,2,1,0,0,11,8,0,8,0.00997102599990285,36,3,14,17,178,158,0.01043427900003735,0,161,161,161,64,1,1,60,2,0,0.026449218000038854
s1_1000,S1-959711921,S2,US,selective_v2_compact,0,10,0,0,2,0,5,10,1,7,0.013728716999935386,28,1,6,21,276,144,0.01417702100002316,4,250,246,250,119,1,1,60,1,4,0.04508293900005356
s1_1000,S1-959711921,S3,US,selective_v2_compact,0,10,0,0,0,0,5,10,1,9,0.0044291399995017855,28,1,6,21,250,87,0.004829606000043896,2,206,204,206,104,1,1,60,2,2,0.01960786699999062
s1_1000,S1-645636967,S2,India,selective_v2_compact,0,9,1,1,0,10,16,8,1,7,0.013402505999920322,45,10,26,16,173,156,0.013793266999982734,1,157,156,157,106,1,1,60,2,1,0.028796583000030296
s1_1000,S1-645636967,S3,India,selective_v2_compact,0,10,4,1,1,5,15,6,0,5,0.012956792000068162,45,10,25,12,156,153,0.01339070200003789,1,154,153,154,91,1,1,60,2,1,0.02152269900000192
s1_1000,S1-772318966,S2,US,selective_v2_compact,0,10,2,1,2,0,4,8,0,6,0.004812392000303589,36,1,5,18,290,210,0.005363657000089006,3,243,240,243,78,1,1,60,1,3,0.02279049000003397
s1_1000,S1-772318966,S3,US,selective_v2_compact,0,10,2,1,0,0,4,8,0,8,0.0052072990001761355,36,1,5,18,331,225,0.005825961999903484,7,266,259,266,79,1,1,60,1,7,0.026045136999982788
s1_1000,S1-805666871,S2,India,selective_v2_compact,0,10,6,1,0,0,26,4,0,4,0.0060780329999943206,91,28,54,8,173,163,0.006679145000020981,7,170,163,170,77,1,1,60,1,7,0.018398871000044892
s1_1000,S1-805666871,S3,India,selective_v2_compact,0,10,0,1,0,0,31,10,2,8,0.019367265000028056,91,15,46,20,222,200,0.020139144000040687,5,200,200,205,102,1,1,60,1,5,0.04676788000006127
s1_1000,S1-89525072,S2,US,selective_v2_compact,0,10,1,1,1,0,2,9,1,7,0.04803024699981506,36,0,2,20,178,152,0.04863292499999261,0,156,156,156,95,1,1,60,1,0,0.05854299700001775
s1_1000,S1-89525072,S3,US,selective_v2_compact,0,10,1,1,1,0,2,9,1,7,0.011953804999961903,36,0,2,20,187,154,0.012526989999969373,0,159,159,159,95,1,1,60,0,0,0.022925754000084453
s1_1000,S1-334690933,S2,India,selective_v2_compact,0,10,1,1,0,0,28,9,3,6,0.0948165219999737,66,10,38,18,264,253,0.09539469200001349,2,255,253,255,92,1,1,60,2,2,0.11894560600001114
s1_1000,S1-334690933,S3,India,selective_v2_compact,0,10,4,1,0,0,28,6,1,5,0.010972436999963975,66,10,38,12,251,241,0.011543633999963276,3,244,241,244,89,1,1,60,1,3,0.03722631800008003
s1_1000,S1-306911649,S2,India,selective_v2_compact,0,10,5,1,0,0,15,5,1,4,0.012902055000040491,55,1,16,11,193,179,0.013526949000038258,0,191,191,191,94,1,1,60,2,0,0.022852615000033438
s1_1000,S1-306911649,S3,India,selective_v2_compact,0,10,5,1,1,0,12,5,0,4,0.012056512999720326,55,1,13,11,232,217,0.01284909499997866,0,230,230,230,80,1,1,60,1,0,0.03885551000007581
s1_1000,S1-189778694,S2,US,selective_v2_compact,0,10,2,1,0,2,6,8,0,8,0.019764904999988175,21,1,7,18,353,217,0.020129149000013058,2,307,305,307,114,1,1,60,1,2,0.04199926100000084
s1_1000,S1-189778694,S3,US,selective_v2_compact,0,10,5,1,0,2,6,5,0,5,0.012553054000136399,21,1,7,12,278,159,0.012871151000013015,8,237,229,237,101,1,1,60,4,8,0.0222315770000705
s1_1000,S1-264521464,S2,India,selective_v2_compact,0,10,0,0,1,0,7,10,0,9,0.014228941000396844,45,1,8,22,239,114,0.014817073000017444,8,149,141,149,95,1,1,60,1,8,0.024781594000046425
s1_1000,S1-264521464,S3,India,selective_v2_compact,0,10,1,1,1,0,6,9,0,8,0.019705003000126453,45,0,6,20,273,190,0.020422864000011032,0,213,213,213,78,1,1,60,0,0,0.03564082999992024
s1_1000,S1-109274691,S2,US,selective_v2_compact,0,10,0,0,2,0,5,10,0,8,0.0077044739999792,21,0,5,20,74,64,0.007993012999918392,1,65,64,65,65,1,1,60,2,1,0.010885934000043562
s1_1000,S1-109274691,S3,US,selective_v2_compact,0,10,0,0,0,0,5,10,0,10,0.00806244900013553,21,0,5,20,93,72,0.00834943499990004,1,73,72,73,69,1,1,60,3,1,0.013078565000000708
s1_1000,S1-241052906,S2,India,selective_v2_compact,0,10,5,1,1,9,50,5,0,4,0.017623092000121687,91,15,65,10,264,256,0.018131314000015664,4,260,256,260,111,1,1,60,1,4,0.04394918099990264
s1_1000,S1-241052906,S3,India,selective_v2_compact,0,10,5,1,0,0,49,5,1,4,0.02047961900007067,91,10,59,10,180,172,0.021039352999991934,6,178,172,178,82,1,1,60,0,6,0.029403535999904307
s1_1000,S1-20912265,S2,India,selective_v2_compact,0,10,1,1,0,0,44,9,2,7,0.05700374299976829,105,28,72,19,236,172,0.057632457999943654,1,197,196,197,91,1,1,60,2,1,0.0786562649999496
s1_1000,S1-20912265,S3,India,selective_v2_compact,0,10,3,1,0,0,51,7,1,6,0.026278572999899552,105,21,72,15,256,195,0.02691311700004917,3,232,229,232,103,1,1,60,3,3,0.042954257000019425
s1_1000,S1-457236191,S2,India,selective_v2_compact,0,10,3,1,0,0,14,7,1,6,0.024125778999859904,45,6,20,15,255,190,0.024639565999905244,4,221,217,221,99,1,1,60,1,4,0.03851729600000908
s1_1000,S1-457236191,S3,India,selective_v2_compact,0,10,4,1,1,0,16,6,0,5,0.023428319000004194,45,1,17,13,302,259,0.024037320000047657,10,288,288,298,86,1,1,60,1,10,0.04947476099994219
s1_1000,S1-601233921,S2,US,selective_v2_compact,0,10,0,0,0,1,2,10,1,9,0.005017232000000149,15,1,3,22,155,47,0.005278674999999566,82,123,116,198,127,1,1,60,1,45,0.017742843000064568
s1_1000,S1-601233921,S3,US,selective_v2_compact,0,10,0,0,0,1,2,10,1,9,0.005275823000147284,15,1,3,22,202,60,0.005571056999997381,71,159,152,223,131,1,1,60,3,45,0.024200340999982473
s1_1000,S1-652724045,S2,US,selective_v2_compact,0,10,0,0,0,0,9,10,0,10,0.008800216999816257,36,3,12,22,159,77,0.009224969999991117,1,109,108,109,76,1,1,60,4,1,0.017898904999924525
s1_1000,S1-652724045,S3,US,selective_v2_compact,0,10,0,0,0,0,9,10,0,10,0.014367428999889853,36,3,12,23,272,142,0.014818997000020318,1,213,212,213,78,1,1,60,1,1,0.02869045099998857
s1_1000,S1-752926413,S2,US,selective_v2_compact,0,10,3,1,0,0,10,7,2,5,0.009320294000190188,28,1,11,14,208,192,0.00968892399998822,52,195,192,244,131,1,1,60,4,46,0.0309034749999455
s1_1000,S1-752926413,S3,US,selective_v2_compact,0,10,3,1,0,0,10,7,2,5,0.009345865999989655,28,1,11,14,218,210,0.009732153000072685,50,210,210,260,149,1,1,60,3,47,0.03383956799996213
s1_1000,S1-632381890,S2,India,selective_v2_compact,0,10,0,0,0,0,8,10,0,10,0.052909703999830526,91,10,18,21,151,133,0.05410985100002108,0,135,135,135,85,1,1,60,1,0,0.06531614599998647
s1_1000,S1-632381890,S3,India,selective_v2_compact,0,10,0,0,0,0,16,10,1,9,0.008209603000068455,91,3,19,21,130,112,0.009323880000010831,1,114,113,114,75,1,1,60,2,1,0.021645611999929315
s1_1000,S1-568024600,S2,US,selective_v2_compact,0,10,0,0,0,0,6,10,0,10,0.008817881999789279,36,1,7,22,196,113,0.00931866500002343,1,168,167,168,116,1,1,60,2,1,0.025031819999981053
s1_1000,S1-568024600,S3,US,selective_v2_compact,0,10,0,0,1,0,6,10,0,9,0.00928969300002791,36,1,7,22,215,125,0.009852647000002435,0,175,175,175,112,1,1,60,1,0,0.02693594800007304
s1_1000,S1-101003484,S2,India,selective_v2_compact,0,10,4,1,0,0,38,6,0,6,0.0193007589998615,105,10,48,12,197,175,0.020195756000020992,4,178,175,179,92,1,1,60,3,4,0.03234765399997741
s1_1000,S1-101003484,S3,India,selective_v2_compact,0,10,3,1,0,0,37,7,1,6,0.0172603519997665,105,6,43,14,251,246,0.01822152099998675,1,246,246,247,107,1,1,60,1,1,0.04142943199997262
s1_1000,S1-43499921,S2,India,selective_v2_compact,0,10,1,1,0,0,46,9,2,7,0.016455637000035495,120,15,61,19,186,173,0.017408162999913657,7,183,176,183,89,1,1,60,1,7,0.03693495699997129
s1_1000,S1-43499921,S3,India,selective_v2_compact,0,10,1,1,1,0,53,9,1,7,0.02146327799982828,120,6,59,19,275,260,0.022490704999995614,16,266,265,281,102,1,1,60,3,16,0.058642339000016364
s1_1000,S1-110256609,S2,US,selective_v2_compact,0,10,2,1,1,0,2,8,0,7,0.005637726000031762,21,0,2,17,247,206,0.00605346500003634,1,220,219,220,104,1,1,60,2,1,0.014962030999981835
s1_1000,S1-110256609,S3,US,selective_v2_compact,0,10,2,1,2,0,2,8,0,6,0.006041734999939763,21,0,2,17,250,229,0.0064668359999586755,1,235,234,235,90,1,1,60,0,1,0.033517411000048014
s1_1000,S1-487458224,S2,India,selective_v2_compact,0,10,0,1,0,0,35,10,0,10,0.035013570999922194,120,6,41,22,323,255,0.036256320999996206,2,292,290,292,87,1,1,60,1,2,0.06789369299997361
s1_1000,S1-487458224,S3,India,selective_v2_compact,0,10,0,0,0,0,34,10,0,10,0.02850538600011987,120,3,37,23,237,139,0.02977527400003055,1,213,212,213,89,1,1,60,3,1,0.043821171999979924
s1_1000,S1-929842045,S2,US,selective_v2_compact,0,10,0,0,4,0,1,10,0,6,0.003227343000048677,28,0,1,20,140,136,0.003691588000037882,1,137,136,137,66,1,1,60,1,1,0.02365482899995186
s1_1000,S1-929842045,S3,US,selective_v2_compact,0,10,2,1,1,0,3,8,0,7,0.011710596000170881,28,3,6,16,161,157,0.012209249999955318,0,157,157,157,71,1,1,60,1,0,0.021170951999920362
s1_1000,S1-281720430,S2,India,selective_v2_compact,0,10,0,0,2,0,7,10,1,7,0.03224942499991812,78,15,22,24,126,56,0.03310446599994066,1,101,100,101,79,1,1,60,2,1,0.04651998500003174
s1_1000,S1-281720430,S3,India,selective_v2_compact,0,10,0,0,2,0,13,10,2,6,0.010012188000018796,78,10,23,24,92,33,0.010838020000051074,0,65,65,65,65,1,1,60,0,0,0.014340382999989743
s1_1000,S1-721565573,S2,India,selective_v2_compact,0,10,2,1,0,0,43,8,2,6,0.01661125600003288,120,36,79,17,230,193,0.017341110999950615,0,213,213,213,91,1,1,60,3,0,0.045259814000019105
s1_1000,S1-721565573,S3,India,selective_v2_compact,0,10,0,0,0,0,44,10,4,6,0.02170946500007176,120,28,72,21,166,120,0.022489983000014035,1,144,143,144,74,1,1,60,4,1,0.03628693600001043
s1_1000,S1-388793139,S2,US,selective_v2_compact,0,10,2,1,0,0,4,8,0,8,0.006851170000118145,21,1,5,17,279,212,0.007224855999993451,2,251,249,251,77,1,1,60,3,2,0.03560152299996844
s1_1000,S1-388793139,S3,US,selective_v2_compact,0,10,0,0,4,0,4,10,1,5,0.0077156930000228385,21,1,5,21,169,124,0.008063005000053636,1,162,161,162,80,1,1,60,1,1,0.020171365000010155
s1_1000,S1-332323893,S2,US,selective_v2_compact,0,10,0,0,5,0,0,10,0,5,0.0033787129999609533,15,0,0,23,70,62,0.0036404080000238537,0,65,65,65,65,1,1,60,0,0,0.010243357999911495
s1_1000,S1-332323893,S3,US,selective_v2_compact,0,10,0,0,4,0,0,10,0,6,0.004771013000095081,10,0,0,21,99,95,0.004993465999973523,0,96,96,96,74,1,1,60,0,0,0.011534124000036172
s1_1000,S1-841238498,S2,India,selective_v2_compact,0,10,3,1,0,0,55,7,0,7,0.010348749000172575,120,10,65,15,296,240,0.011247242999957052,9,284,275,284,90,1,1,60,2,9,0.03532102700000905
s1_1000,S1-841238498,S3,India,selective_v2_compact,0,10,2,1,0,0,52,8,0,8,0.010864743999945858,120,6,58,16,199,169,0.011848375999989003,8,177,169,177,80,1,1,60,3,8,0.03450791700004174
s1_1000,S1-604791387,S2,US,selective_v2_compact,0,10,5,1,1,0,0,5,0,4,0.019762373000048683,28,0,0,10,163,154,0.02023757899996781,23,157,154,177,73,1,1,60,4,23,0.028779554000038843
s1_1000,S1-604791387,S3,US,selective_v2_compact,0,10,0,0,1,0,0,10,1,8,0.03054298699953506,28,0,0,20,156,116,0.031083760999990773,27,143,116,143,84,1,1,60,0,27,0.04808111700003792
s1_1000,S1-276163334,S2,India,selective_v2_compact,0,10,2,1,1,0,38,8,1,6,0.02358572799994363,120,6,44,16,238,238,0.024833214000068438,0,238,238,238,80,1,1,60,0,0,0.05202065499997843
s1_1000,S1-276163334,S3,India,selective_v2_compact,0,10,5,1,2,0,30,5,0,3,0.015391721999890251,120,3,33,10,175,175,0.01671135799995227,3,175,175,178,78,1,1,60,0,3,0.025781188999985716
s1_1000,S1-619648344,S2,India,selective_v2_compact,0,10,2,1,0,0,21,8,1,7,0.1570406709998906,91,21,42,17,222,187,0.15789934399992944,0,199,199,199,79,1,1,60,4,0,0.18749739999998383
s1_1000,S1-619648344,S3,India,selective_v2_compact,0,10,0,0,0,0,25,10,1,9,0.1720671520002952,91,10,35,22,212,138,0.1729978650000703,0,184,184,184,89,1,1,60,1,0,0.19500198699995508
s1_1000,S1-267645994,S2,US,selective_v2_compact,0,10,3,1,1,0,17,7,0,6,0.02707060099987757,45,6,23,15,396,155,0.027555676000019957,67,386,385,452,131,1,1,60,0,50,0.05052864399999635
s1_1000,S1-267645994,S3,US,selective_v2_compact,0,10,4,1,0,0,21,6,1,5,0.025837680000108776,45,6,27,12,168,165,0.026245959999982915,53,166,165,218,144,1,1,60,0,48,0.04099065000002611
s1_1000,S1-280004217,S2,US,selective_v2_compact,0,10,3,1,2,0,2,7,0,5,0.005646395000098892,21,1,3,14,163,161,0.0060047099999565035,0,161,161,161,79,1,1,60,0,0,0.02415358100006415
s1_1000,S1-280004217,S3,US,selective_v2_compact,0,10,3,1,0,0,3,7,0,7,0.006141594000268924,21,1,4,14,174,171,0.006525659999965683,0,171,171,171,79,1,1,60,1,0,0.023720731000025808
s1_1000,S1-183479376,S2,India,selective_v2_compact,0,7,2,1,0,5,33,5,1,4,0.007953530999884606,66,21,54,10,174,165,0.008225804000062453,2,167,165,167,78,1,1,60,2,2,0.016298226000003524
s1_1000,S1-183479376,S3,India,selective_v2_compact,0,9,5,1,1,8,39,4,0,3,0.014110675000097217,66,10,49,8,186,186,0.014491031000034127,0,186,186,186,86,1,1,60,0,0,0.0300764190000109
s1_1000,S1-651332839,S2,India,selective_v2_compact,0,10,1,1,0,0,18,9,1,8,0.07588929400003508,78,21,39,19,333,206,0.07663803299999472,0,254,254,254,95,1,1,60,2,0,0.10809462999998232
s1_1000,S1-651332839,S3,India,selective_v2_compact,0,10,0,1,0,0,23,10,2,8,0.09326451499987343,78,15,38,21,249,154,0.09399403099996562,0,199,199,199,96,1,1,60,2,0,0.10940394199997172
s1_1000,S1-325262585,S2,US,selective_v2_compact,0,10,4,1,0,0,9,6,0,6,0.015201441000044724,28,1,10,12,188,176,0.015567619000080413,2,178,176,178,78,1,1,60,3,2,0.027639427999929467
s1_1000,S1-325262585,S3,US,selective_v2_compact,0,10,6,1,0,0,9,4,0,4,0.01077248400008557,28,1,10,8,161,152,0.011114004000091882,1,153,152,153,77,1,1,60,2,1,0.017374819999986357
s1_1000,S1-248093324,S2,India,selective_v2_compact,0,10,6,1,0,0,27,4,0,4,0.0135746639999752,78,15,42,9,243,235,0.014195563999919614,0,238,238,238,90,1,1,60,1,0,0.040787780999949064
s1_1000,S1-248093324,S3,India,selective_v2_compact,0,10,6,1,0,0,31,4,0,4,0.012641158000064934,78,6,37,9,183,177,0.013302657999929579,1,180,179,180,85,1,1,60,1,1,0.026813231000005544
s1_1000,S1-714434823,S2,US,selective_v2_compact,0,10,0,0,2,0,4,10,1,7,0.005863074999865603,28,0,4,21,129,67,0.006259892999992189,0,115,115,115,77,1,1,60,3,0,0.01551009900003919
s1_1000,S1-714434823,S3,US,selective_v2_compact,0,10,0,0,0,0,4,10,1,9,0.006056074999946759,28,0,4,21,142,69,0.006484989000000496,1,120,119,120,79,1,1,60,2,1,0.015927926000017578
s1_1000,S1-319895908,S2,India,selective_v2_compact,0,10,0,1,0,0,35,10,1,9,0.009959062999882917,91,15,50,21,261,160,0.010727715000030003,1,195,194,195,78,1,1,60,3,1,0.033036362000075314
s1_1000,S1-319895908,S3,India,selective_v2_compact,0,10,0,1,3,0,37,10,2,5,0.020072459000175513,91,10,47,21,188,153,0.020813780000025872,0,175,175,175,73,1,1,60,0,0,0.04602337500000431
s1_1000,S1-130312518,S2,India,selective_v2_compact,0,7,0,0,0,10,17,7,0,7,0.016762647000064135,55,21,38,15,156,114,0.017077368000059323,1,132,131,132,69,1,1,60,1,1,0.02775162199998249
s1_1000,S1-130312518,S3,India,selective_v2_compact,0,7,0,0,1,10,17,7,0,6,0.05368121700018946,55,21,38,15,138,88,0.05400319699992906,1,99,98,99,67,1,1,60,2,1,0.061782267000012325
s1_1000,S1-337403716,S2,India,selective_v2_compact,0,10,1,1,0,0,23,9,0,9,0.015976900000168825,55,6,29,20,247,213,0.016498845000000983,0,229,229,229,118,1,1,60,1,0,0.0389448139999331
s1_1000,S1-337403716,S3,India,selective_v2_compact,0,10,4,1,0,0,23,6,0,6,0.012743363000026875,55,6,29,14,256,233,0.013255306000019118,1,242,241,242,103,1,1,60,2,1,0.037752357999920605
s1_1000,S1-927196959,S2,US,selective_v2_compact,0,10,4,1,0,0,4,6,0,6,0.018341541000040706,21,0,4,13,165,151,0.018682101999957013,0,161,161,161,79,1,1,60,1,0,0.025008173999935934
s1_1000,S1-927196959,S3,US,selective_v2_compact,0,10,4,1,0,0,4,6,0,6,0.02021376400000463,21,0,4,13,194,167,0.020559767999998257,2,185,183,185,78,1,1,60,2,2,0.032846008999968035
s1_1000,S1-634802275,S2,India,selective_v2_compact,0,10,3,1,0,6,16,7,1,6,0.015403231000050255,55,15,31,15,220,178,0.015885809999986122,1,192,191,192,84,1,1,60,4,1,0.03798855299999104
s1_1000,S1-634802275,S3,India,selective_v2_compact,0,10,5,1,0,0,17,5,0,5,0.004263414999968518,55,10,27,11,185,171,0.0047795630000564415,0,177,177,177,56,0,0,56,1,0,0.017631038999979864
s1_1000,S1-610551902,S2,India,selective_v2_compact,0,10,4,1,0,0,43,6,1,5,0.02444667599991135,91,6,49,12,188,178,0.025152481999953125,3,181,178,181,109,1,1,60,1,3,0.04232141800002864
s1_1000,S1-610551902,S3,India,selective_v2_compact,0,10,4,1,0,0,35,6,1,5,0.018023364000100628,91,6,41,12,179,173,0.01880223399996339,1,174,173,174,83,1,1,60,1,1,0.02699843100003818
s1_1000,S1-763925165,S2,US,selective_v2_compact,0,10,0,1,1,0,1,10,1,8,0.006830196999885629,21,0,1,20,283,259,0.007260555000016211,0,259,259,259,112,1,1,60,3,0,0.037822970999968675
s1_1000,S1-763925165,S3,US,selective_v2_compact,0,10,0,1,1,0,1,10,1,8,0.007700722000095084,21,0,1,20,297,267,0.008152257999995527,0,267,267,267,92,1,1,60,1,0,0.035860129999946366
s1_1000,S1-809191477,S2,US,selective_v2_compact,0,10,0,0,4,0,3,10,0,6,0.005865276000122321,28,0,3,20,105,97,0.006271763999961877,1,98,97,98,52,0,0,52,1,1,0.013281756000083078
s1_1000,S1-809191477,S3,US,selective_v2_compact,0,10,0,1,0,0,6,10,0,10,0.011674451999738267,28,1,7,21,473,196,0.012144615000011072,3,446,443,446,104,1,1,60,3,3,0.03988187100003415
s1_1000,S1-589408855,S2,India,selective_v2_compact,0,10,4,1,0,0,20,6,0,6,0.010880117000056089,66,15,35,14,209,178,0.011451053999962824,4,185,184,188,94,1,1,60,3,4,0.02104443700000047
s1_1000,S1-589408855,S3,India,selective_v2_compact,0,10,5,1,0,0,21,5,0,5,0.037351218000026165,66,15,36,12,190,155,0.037907298000050105,10,166,165,175,79,1,1,60,3,10,0.04689626300000782
s1_1000,S1-206753882,S2,US,selective_v2_compact,0,10,0,0,4,0,9,10,0,6,0.009142689999976028,45,1,10,21,148,102,0.009709063999935097,0,132,132,132,65,1,1,60,1,0,0.015879468999969504
s1_1000,S1-206753882,S3,US,selective_v2_compact,0,10,0,0,1,0,12,10,1,8,0.009814246999894749,45,3,15,21,183,117,0.010327915999937431,0,153,153,153,66,1,1,60,0,0,0.016515763000029438
s1_1000,S1-878306771,S2,US,selective_v2_compact,0,10,0,0,4,0,0,10,0,6,0.004049155999950926,10,0,0,20,30,27,0.00425247999999101,1,28,27,28,28,0,0,28,0,1,0.006519349999962287
s1_1000,S1-878306771,S3,US,selective_v2_compact,0,10,0,0,0,0,0,10,0,10,0.004508720000103494,10,0,0,20,79,33,0.004716035999990709,4,37,33,37,37,0,0,37,2,4,0.0064698379999299505
s1_1000,S1-328097241,S2,US,selective_v2_compact,0,10,4,1,0,0,3,6,0,6,0.0137211680001883,21,0,3,12,156,155,0.01413727099998141,0,155,155,155,85,1,1,60,0,0,0.02196105300004092
s1_1000,S1-328097241,S3,US,selective_v2_compact,0,10,6,1,0,0,4,4,0,4,0.011392225999998118,21,0,4,8,156,151,0.011728593000043475,1,152,151,152,78,1,1,60,2,1,0.018001740999920912
s1_1000,S1-829671154,S2,India,selective_v2_compact,0,10,6,1,0,6,23,4,0,4,0.010080252999841832,55,15,38,8,223,219,0.010491641000044183,2,220,219,221,113,1,1,60,4,2,0.02124453299995821
s1_1000,S1-829671154,S3,India,selective_v2_compact,0,10,5,1,0,6,28,5,0,5,0.017027268000106233,55,10,38,10,268,256,0.017406842000013967,4,260,256,260,119,1,1,60,0,4,0.04353049999997438
s1_1000,S1-631246874,S2,India,selective_v2_compact,0,10,4,1,0,0,34,6,0,6,0.036605773999895064,120,6,40,14,287,244,0.03783312299992758,0,276,276,276,110,1,1,60,2,0,0.0635079420000011
s1_1000,S1-631246874,S3,India,selective_v2_compact,0,10,3,1,0,0,26,7,0,7,0.07137201899990941,120,1,27,17,276,198,0.07277106499998354,2,251,249,251,99,1,1,60,3,2,0.09696727200002897
s1_1000,S1-544759562,S2,US,selective_v2_compact,0,10,4,1,2,1,1,6,0,4,0.006644778999884693,15,0,1,13,366,193,0.006998686000088128,32,360,328,360,119,1,1,60,0,32,0.020929342000044926
s1_1000,S1-544759562,S3,US,selective_v2_compact,0,10,4,1,0,1,1,6,0,6,0.007042950000027304,15,0,1,13,407,214,0.0074025349999828904,34,402,368,402,118,1,1,60,1,34,0.03770919099997627
s1_1000,S1-930744842,S2,India,selective_v2_compact,0,10,4,1,0,0,34,6,0,6,0.02560464399994089,91,10,44,13,179,163,0.026435977999994975,5,166,165,170,93,1,1,60,3,5,0.03925608099996225
s1_1000,S1-930744842,S3,India,selective_v2_compact,0,10,2,1,0,0,31,8,1,7,0.053616901000054895,91,6,37,17,244,230,0.05452892299990708,10,233,233,243,100,1,1,60,2,10,0.08050858700005392
s1_1000,S1-108161581,S2,US,selective_v2_compact,0,10,2,1,0,2,8,8,0,8,0.015337225999928705,21,1,9,16,212,173,0.015648260999910235,28,201,173,201,79,1,1,60,1,28,0.028002689000004466
s1_1000,S1-108161581,S3,US,selective_v2_compact,0,10,2,1,1,2,8,8,0,7,0.01713411100013218,21,1,9,16,220,192,0.01743404000001192,25,217,192,217,81,1,1,60,1,25,0.03177680600003896
s1_1000,S1-130260765,S2,India,selective_v2_compact,0,10,2,1,0,0,12,8,1,7,0.010612355000148455,36,3,15,16,193,171,0.011041521999914039,1,172,171,172,104,1,1,60,2,1,0.026568978999989667
s1_1000,S1-130260765,S3,India,selective_v2_compact,0,10,2,1,0,0,11,8,1,7,0.020203950000109216,36,1,12,16,184,169,0.020684266999978718,3,172,169,172,107,1,1,60,2,3,0.03503681400002279
s1_1000,S1-322705792,S2,US,selective_v2_compact,0,10,0,0,4,0,5,10,2,4,0.010545589999992444,36,0,5,21,81,15,0.011012520999997832,0,68,68,68,57,0,0,57,2,0,0.016181420000066282
s1_1000,S1-322705792,S3,US,selective_v2_compact,0,10,0,0,0,0,8,10,1,9,0.015476951999971789,36,1,9,21,229,145,0.015982043999997586,1,193,192,193,98,1,1,60,1,1,0.02545975299995007
s1_1000,S1-300047799,S2,US,selective_v2_compact,0,9,0,0,0,2,3,9,1,8,0.008033239000042158,15,1,4,19,187,147,0.008334478000051604,3,167,164,167,82,1,1,60,2,3,0.015730727000004663
s1_1000,S1-300047799,S3,US,selective_v2_compact,0,9,0,1,0,2,3,9,1,8,0.008290641999678883,15,1,4,19,199,150,0.00857951199998297,5,171,166,171,86,1,1,60,4,5,0.0170110349999959
s1_1000,S1-237606626,S2,US,selective_v2_compact,0,10,0,0,6,1,3,10,0,4,0.017745974999684222,15,0,3,21,291,138,0.01803371400001197,33,283,250,283,112,1,1,60,0,33,0.03757552100000794
s1_1000,S1-237606626,S3,US,selective_v2_compact,0,10,2,1,0,1,3,8,0,8,0.01819385299984333,15,0,3,17,325,156,0.018508778999944298,28,308,280,308,108,1,1,60,1,28,0.036772289000055025
s1_1000,S1-431860747,S2,India,selective_v2_compact,0,10,0,0,5,0,1,10,1,4,0.06814562800002477,28,3,4,23,180,105,0.06862106799997036,0,150,150,150,75,1,1,60,0,0,0.08062188700000661
s1_1000,S1-431860747,S3,India,selective_v2_compact,0,10,4,1,0,0,3,6,0,6,0.004012433999946552,28,1,4,15,287,192,0.004488670999990063,1,246,245,246,82,1,1,60,5,1,0.0231832959999565
s1_1000,S1-552437382,S2,US,selective_v2_compact,0,10,5,1,0,0,7,5,0,5,0.0107553560001179,36,3,10,10,184,181,0.01124235999998291,0,181,181,181,118,1,1,60,0,0,0.025534687999993366
s1_1000,S1-552437382,S3,US,selective_v2_compact,0,10,3,1,0,0,7,7,0,7,0.004328210000153376,45,3,10,15,207,200,0.004933044999916092,1,202,201,202,79,1,1,60,3,1,0.02457319699999516
s1_1000,S1-603435619,S2,India,selective_v2_compact,0,10,2,1,0,0,20,8,2,6,0.01218795499994485,66,10,30,16,199,187,0.01285964699991382,4,191,187,191,116,1,1,60,2,4,0.044043439999995826
s1_1000,S1-603435619,S3,India,selective_v2_compact,0,10,5,1,1,0,22,5,0,4,0.014326059999916652,66,6,28,10,159,159,0.014985969000008481,7,159,159,166,109,1,1,60,1,7,0.029416364000098838
s1_1000,S1-685335289,S2,US,selective_v2_compact,0,10,0,0,2,0,2,10,0,8,0.00425292999989324,21,1,3,20,40,39,0.0045632249999698615,0,39,39,39,39,0,0,39,0,0,0.0112977310000133
s1_1000,S1-685335289,S3,US,selective_v2_compact,0,10,0,0,3,0,2,10,0,7,0.009073152000041773,21,1,3,20,52,50,0.009407414000065728,1,51,50,51,51,0,0,51,1,1,0.016206504000024324
s1_1000,S1-155779800,S2,US,selective_v2_compact,0,10,6,1,1,0,10,4,0,3,0.013874966000003042,45,1,11,8,170,165,0.014428339000005508,1,166,165,166,78,1,1,60,2,1,0.021177050000005693
s1_1000,S1-155779800,S3,US,selective_v2_compact,0,10,5,1,0,0,17,5,0,5,0.012746628999821041,45,3,20,10,209,205,0.013215160999948239,1,206,205,206,97,1,1,60,1,1,0.03588698299995485
s1_1000,S1-501849627,S2,India,selective_v2_compact,0,10,0,0,1,0,5,10,1,8,0.05262875899984465,120,0,5,20,138,118,0.054292755000005855,2,119,118,120,94,1,1,60,1,2,0.07103534899999886
s1_1000,S1-501849627,S3,India,selective_v2_compact,0,10,0,0,1,0,1,10,0,9,0.07289872600028957,120,0,1,20,163,146,0.07462622000002739,4,146,146,150,94,1,1,60,1,4,0.09453394100000878
s1_1000,S1-262004414,S2,US,selective_v2_compact,0,10,0,0,3,0,0,10,0,7,0.00400949400011541,21,0,0,21,299,60,0.00436370700003863,0,290,290,290,78,1,1,60,2,0,0.021060599999941587
s1_1000,S1-262004414,S3,US,selective_v2_compact,0,10,0,0,0,0,0,10,0,10,0.005084063000026617,21,0,0,20,90,69,0.005443736999950488,0,69,69,69,46,0,0,46,3,0,0.008762657000033869
s1_1000,S1-745903635,S2,US,selective_v2_compact,0,10,6,1,0,0,8,4,0,4,0.01137253500019142,28,1,9,8,159,157,0.011737788000004912,3,157,157,160,89,1,1,60,1,3,0.022084822000010718
s1_1000,S1-745903635,S3,US,selective_v2_compact,0,10,6,1,0,0,8,4,0,4,0.012353390000043873,28,1,9,8,192,187,0.012732354000036139,3,188,187,190,93,1,1,60,1,3,0.028875566000010622
s1_1000,S1-656765074,S2,India,selective_v2_compact,0,10,5,1,0,0,25,5,0,5,0.008971179999775813,78,21,46,10,250,249,0.009618962999979885,1,249,249,250,85,1,1,60,1,1,0.03484090100005233
s1_1000,S1-656765074,S3,India,selective_v2_compact,0,10,4,1,0,0,34,6,1,5,0.011759577000020727,78,15,49,12,220,213,0.012307476999922073,3,216,213,216,86,1,1,60,1,3,0.038717357999985325
s1_1000,S1-904386702,S2,US,selective_v2_compact,0,10,0,1,0,0,8,10,1,9,0.007543668999801412,36,1,9,21,327,230,0.008101405000047635,3,301,298,301,116,1,1,60,1,3,0.03670905599994967
s1_1000,S1-904386702,S3,US,selective_v2_compact,0,10,0,0,0,0,10,10,1,9,0.0094351350001034,36,1,11,21,236,142,0.00993202699999074,1,209,208,209,112,1,1,60,1,1,0.022281580000026224
s1_1000,S1-337125619,S2,US,selective_v2_compact,0,10,5,1,0,0,3,5,0,5,0.005142818000081206,21,1,4,11,269,256,0.005542830000081267,5,263,258,263,91,1,1,60,2,5,0.027245989999983067
s1_1000,S1-337125619,S3,US,selective_v2_compact,0,10,2,1,0,0,4,8,1,7,0.008379840000088734,21,1,5,17,276,259,0.008812455999986923,2,264,262,264,83,1,1,60,2,2,0.0375834980000036
s1_1000,S1-514177496,S2,India,selective_v2_compact,0,10,3,1,0,0,20,7,0,7,0.015225864000058209,55,6,26,14,244,228,0.01577423200001249,1,229,228,229,103,1,1,60,3,1,0.0363295269999071
s1_1000,S1-514177496,S3,India,selective_v2_compact,0,10,3,1,1,0,20,7,0,6,0.015558807000047636,55,3,23,14,237,234,0.016138902999955462,0,234,234,234,93,1,1,60,1,0,0.04325336299996252
s1_1000,S1-395601309,S2,India,selective_v2_compact,0,10,4,1,0,0,19,6,0,6,0.006139292999932877,66,3,22,12,192,157,0.006853681000052347,5,158,157,162,72,1,1,60,2,5,0.01687162600001102
s1_1000,S1-395601309,S3,India,selective_v2_compact,0,10,3,1,0,0,19,7,0,7,0.010273178000147709,66,3,22,14,204,179,0.010979637999980696,8,187,179,187,77,1,1,60,4,8,0.024125940999965678
s1_1000,S1-577698852,S2,India,selective_v2_compact,0,10,0,1,0,0,10,10,0,10,0.010637885999926766,36,3,13,23,255,205,0.011109695999948599,3,230,227,230,78,1,1,60,2,3,0.030131003000064993
s1_1000,S1-577698852,S3,India,selective_v2_compact,0,10,0,0,2,0,9,10,1,7,0.02635112100006154,36,0,9,23,130,67,0.02679005999993933,1,94,93,94,68,1,1,60,3,1,0.03806416899999476
s1_1000,S1-874201682,S2,India,selective_v2_compact,0,10,0,0,1,0,12,10,2,7,0.023137946999895576,78,3,15,23,63,11,0.024062817000071846,0,48,48,48,48,0,0,48,2,0,0.026869819000012285
s1_1000,S1-874201682,S3,India,selective_v2_compact,0,10,0,0,6,0,12,10,2,2,0.007190369000227292,78,0,12,23,45,6,0.008082010000066475,0,43,43,43,43,0,0,43,0,0,0.010461960999919029
s1_1000,S1-126570986,S2,US,selective_v2_compact,0,10,0,0,1,0,0,10,0,9,0.007129487999918638,15,0,0,21,146,78,0.007440541000050871,0,131,131,131,70,1,1,60,1,0,0.021940642000004118
s1_1000,S1-126570986,S3,US,selective_v2_compact,0,10,0,0,2,0,0,10,0,8,0.0077336670001386665,15,0,0,20,81,73,0.008013263999941955,1,74,73,74,71,1,1,60,1,1,0.015007295000032173
s1_1000,S1-671207789,S2,US,selective_v2_compact,0,10,1,1,0,0,6,9,0,9,0.007298530999946706,28,1,7,20,369,159,0.007748906000074385,1,351,350,351,118,1,1,60,2,1,0.026076093000028777
s1_1000,S1-671207789,S3,US,selective_v2_compact,0,10,4,1,0,0,6,6,0,6,0.009773828999868783,28,1,7,14,385,157,0.010217214000022068,1,362,361,362,116,1,1,60,2,1,0.025071520999972563
s1_1000,S1-708363043,S2,US,selective_v2_compact,0,10,0,0,0,0,4,10,0,10,0.015098276000003352,36,1,5,20,170,143,0.015674744999955692,1,144,143,144,94,1,1,60,3,1,0.02532017100008943
s1_1000,S1-708363043,S3,US,selective_v2_compact,0,10,0,0,1,0,4,10,0,9,0.01599312800010466,36,1,5,20,151,145,0.016527845000041452,0,145,145,145,91,1,1,60,2,0,0.027562605999946754
s1_1000,S1-614088401,S2,US,selective_v2_compact,0,10,0,0,1,0,4,10,2,7,0.005442129000243767,28,0,4,21,237,81,0.005869688999950995,0,232,232,232,113,1,1,60,1,0,0.020468305999997938
s1_1000,S1-614088401,S3,US,selective_v2_compact,0,10,0,0,2,0,6,10,1,7,0.02959022600020944,28,1,7,21,272,115,0.030028256999912628,0,254,254,254,101,1,1,60,0,0,0.040487012999960825
s1_1000,S1-569680730,S2,US,selective_v2_compact,0,10,0,0,0,0,6,10,1,9,0.010172830999749749,45,1,7,21,150,44,0.010773126000003685,1,125,124,125,84,1,1,60,1,1,0.015994814000009683
s1_1000,S1-569680730,S3,US,selective_v2_compact,0,10,0,0,1,0,6,10,1,8,0.012012143000220021,45,1,7,21,175,72,0.012599100999977964,1,152,151,152,83,1,1,60,2,1,0.0189897129999963
s1_1000,S1-767358074,S2,US,selective_v2_compact,0,10,0,0,3,0,0,10,1,6,0.006368063000195434,15,0,0,22,239,7,0.006634258999952181,1,231,230,231,80,1,1,60,1,1,0.01634765599999355
s1_1000,S1-767358074,S3,US,selective_v2_compact,0,10,0,0,0,1,1,10,0,10,0.001505102999999508,15,0,1,21,224,12,0.001752666000015779,1,201,200,201,52,0,0,52,2,1,0.009870762999980798
s1_1000,S1-322487719,S2,India,selective_v2_compact,0,10,6,1,0,0,19,4,1,3,0.009684074999881886,45,1,20,8,212,212,0.010140657999954783,2,212,212,214,82,1,1,60,1,2,0.020148537000068245
s1_1000,S1-322487719,S3,India,selective_v2_compact,0,10,4,1,0,0,21,6,1,5,0.00940967999986242,55,1,22,13,217,203,0.009968367999931615,4,209,205,209,78,1,1,60,3,4,0.028163003999907232
s1_1000,S1-984079639,S2,US,selective_v2_compact,0,10,2,1,0,1,3,8,0,8,0.013520090000042728,15,0,3,17,269,189,0.013833562000058919,2,237,235,237,114,1,1,60,2,2,0.033367143000077704
s1_1000,S1-984079639,S3,US,selective_v2_compact,0,10,3,1,0,1,3,7,0,7,0.009655529999918144,15,0,3,15,268,156,0.010004629000036402,3,222,219,222,106,1,1,60,3,3,0.03349596800001109
s1_1000,S1-594866255,S2,US,selective_v2_compact,0,10,0,0,0,0,2,10,1,9,0.002691807000019253,21,0,2,22,167,106,0.0030382689999441936,1,152,151,152,81,1,1,60,1,1,0.01930427000002055
s1_1000,S1-594866255,S3,US,selective_v2_compact,0,10,0,0,1,0,2,10,1,8,0.0029693689998566697,21,0,2,22,173,104,0.0033149880000564735,0,158,158,158,83,1,1,60,1,0,0.018774035999967964
s1_1000,S1-30108386,S2,US,selective_v2_compact,0,10,0,0,0,1,4,10,0,10,0.01153759099997842,15,0,4,20,129,117,0.011824192000062794,4,121,117,121,75,1,1,60,2,4,0.018476394000003893
s1_1000,S1-30108386,S3,US,selective_v2_compact,0,10,0,0,2,1,4,10,0,8,0.01210580699989805,15,0,4,20,133,124,0.012370062000059079,0,124,124,124,83,1,1,60,1,0,0.019261096999912297
