sample,source1_entity_id,source,country,intersection_scheduler,exact_overflow_passes,intersection_pairs_considered,intersection_pairs_skipped_anchor,intersection_pairs_skipped_selectivity,intersection_pairs_skipped_term_quota,intersection_pairs_skipped_rules,intersection_sql_seconds,intersection_queries,postings_looked_up,posting_ids_returned,intersection_nonempty_successes,intersection_overflows,intersection_unique_candidate_ids,intersection_total_seconds,exact_candidates,token_candidates,token_only_candidates,candidates_before_cap,eligible_before_final_cap,cap_hit,cap_truncated,selected_candidates,true_links_before_cap,selected_exact_candidates,query_seconds
s1_1000,S1-197826453,S2,US,selective_v1,0,28,0,0,4,0,0.17306298200008996,24,48,99,15,1.0,73,0.174018349999983,43,75,73,116,107,1,1,60,3,40,0.3481869560000064
s1_1000,S1-197826453,S3,US,selective_v1,0,28,0,2,4,2,1.0139533740001525,22,44,318,19,3.0,295,1.0150990120000074,56,296,295,351,119,1,1,60,1,41,1.4693005579999863
s1_1000,S1-681233599,S2,India,selective_v1,0,91,21,31,19,52,2.847838859000092,20,40,493,15,5.0,188,2.849528279000026,0,188,188,188,77,1,1,60,1,0,3.0968850030000112
s1_1000,S1-681233599,S3,India,selective_v1,0,91,21,29,19,50,2.748957196000049,22,45,758,18,4.0,464,2.751013725000007,0,502,502,502,96,1,1,60,1,0,3.2524245500000006
s1_1000,S1-910993346,S2,India,selective_v1,0,55,3,11,0,14,1.446717693999915,24,48,819,21,3.0,538,1.4490409620000264,1,539,538,539,114,1,1,60,3,1,1.9809148560000267
s1_1000,S1-910993346,S3,India,selective_v1,0,55,1,12,0,13,0.8127576929998668,24,48,678,22,2.0,571,0.8147237680000217,2,573,571,573,100,1,1,60,3,2,1.304746471000044
s1_1000,S1-757945054,S2,India,selective_v1,0,120,10,15,0,25,0.8690614869999536,24,52,290,21,3.0,167,0.8724632160000283,14,220,206,220,78,1,1,60,2,14,1.0931474719999983
s1_1000,S1-757945054,S3,India,selective_v1,0,120,6,17,0,23,0.8918192409999506,24,52,404,22,2.0,257,0.8951772440000241,14,304,290,304,79,1,1,60,2,14,1.1684767619999548
s1_1000,S1-290854814,S2,India,selective_v1,0,66,6,8,0,14,1.3227621359998807,24,50,378,21,3.0,238,1.3248835420000091,4,242,242,246,115,1,1,60,3,4,1.5455593969999768
s1_1000,S1-290854814,S3,India,selective_v1,0,66,3,13,0,16,0.7318134000001351,24,50,428,20,1.0,373,0.7338303470000369,6,381,375,381,116,1,1,60,2,6,1.0520463540000264
s1_1000,S1-532135828,S2,US,selective_v1,0,36,0,6,6,6,0.8554692440000053,24,50,1005,18,3.0,894,0.8570064190000153,1,912,911,912,77,1,1,60,2,1,1.5771416219999992
s1_1000,S1-532135828,S3,US,selective_v1,0,36,0,9,4,9,0.9143429580000202,23,48,930,21,2.0,840,0.9157450190000418,0,855,855,855,78,1,1,60,2,0,1.5889135219999844
s1_1000,S1-489863972,S2,US,selective_v1,0,55,3,9,0,12,2.0334290039997995,24,48,653,18,4.0,556,2.0354726200000073,2,558,556,558,114,1,1,60,3,2,2.4766432590000136
s1_1000,S1-489863972,S3,US,selective_v1,0,55,6,8,0,14,2.768289874000004,24,48,618,19,5.0,583,2.770339392999972,0,583,583,583,87,1,1,60,2,0,3.218011964000027
s1_1000,S1-127529460,S2,US,selective_v1,0,28,0,3,3,3,0.8487074010000129,22,45,357,19,3.0,225,0.8498101870000028,1,256,255,256,77,1,1,60,3,1,1.059152045000019
s1_1000,S1-127529460,S3,US,selective_v1,0,28,0,3,3,3,0.9347762650000959,22,45,333,19,3.0,217,0.935821661000034,0,245,245,245,77,1,1,60,2,0,1.1344692429999554
s1_1000,S1-148743364,S2,India,selective_v1,0,105,15,24,0,39,1.2644576420000817,24,50,477,19,5.0,383,1.2671325640000077,0,425,425,425,105,1,1,60,1,0,1.6100961029999894
s1_1000,S1-148743364,S3,India,selective_v1,0,105,10,26,0,36,1.3733967629999029,24,50,538,20,4.0,395,1.3762166150000326,0,437,437,437,112,1,1,60,1,0,1.7244113610000227
s1_1000,S1-348320286,S2,India,selective_v1,0,36,3,6,4,9,0.5020039579999889,23,47,151,11,10.0,110,0.503010780000011,10,131,121,131,103,1,1,60,2,10,0.6054233950000025
s1_1000,S1-348320286,S3,India,selective_v1,0,36,1,9,4,10,0.5559452790000705,22,45,350,15,6.0,298,0.5570611849999523,5,319,314,319,112,1,1,60,1,5,0.8098267170000213
s1_1000,S1-188014924,S2,India,selective_v1,0,120,10,20,0,30,2.149805765999986,24,48,595,16,8.0,550,2.1533490879999704,3,550,550,553,97,1,1,60,1,3,2.5880176879999794
s1_1000,S1-188014924,S3,India,selective_v1,0,120,6,24,0,30,2.087734277999971,24,48,945,18,6.0,848,2.091316940000013,7,855,848,855,106,1,1,60,2,7,2.7514518520000024
s1_1000,S1-787210237,S2,US,selective_v1,0,15,0,0,0,0,0.12871142199992391,15,32,225,15,0.0,8,0.12916505800001232,2,146,144,146,78,1,1,60,2,2,0.2588566960000094
s1_1000,S1-787210237,S3,US,selective_v1,0,15,0,0,0,0,0.1422340019999524,15,31,238,15,0.0,60,0.142680648999999,0,185,185,185,89,1,1,60,1,0,0.2986967230000346
s1_1000,S1-477547538,S2,US,selective_v1,0,28,1,4,2,5,1.4659796980000124,21,43,413,18,2.0,372,1.4671111889999793,0,375,375,375,113,1,1,60,1,0,1.7675164660000178
s1_1000,S1-477547538,S3,US,selective_v1,0,28,1,4,2,5,1.6036529330000349,21,43,456,19,2.0,405,1.6047636200000284,0,408,408,408,110,1,1,60,2,0,1.9249582769999734
s1_1000,S1-822441485,S2,India,selective_v1,0,78,21,14,20,35,2.6544684270000403,23,47,913,21,1.0,517,2.6568044510000277,0,531,531,531,112,1,1,60,2,0,3.066166027999998
s1_1000,S1-822441485,S3,India,selective_v1,0,78,10,25,20,35,1.8582986149999101,23,47,423,18,3.0,303,1.8601780170000097,1,309,308,309,107,1,1,60,1,1,2.104408819000014
s1_1000,S1-676890599,S2,US,selective_v1,0,15,1,2,0,3,1.118521974000089,12,25,221,6,2.0,124,1.1190633469999511,15,209,209,224,116,1,1,60,0,15,1.3041191549999667
s1_1000,S1-676890599,S3,US,selective_v1,0,15,1,2,0,3,1.1655496009998956,12,25,283,10,2.0,142,1.166126759000008,20,247,245,265,120,1,1,60,2,20,1.3730713290000267
s1_1000,S1-569158628,S2,US,selective_v1,0,15,0,2,0,2,0.8812653830000841,13,27,174,11,1.0,137,0.8818083830000205,0,168,168,168,83,1,1,60,1,0,1.012402270999985
s1_1000,S1-569158628,S3,US,selective_v1,0,15,0,2,0,2,0.8571201609999548,13,27,190,12,1.0,129,0.8576683449999791,1,166,165,166,80,1,1,60,2,1,0.9943224049999912
s1_1000,S1-863311543,S2,US,selective_v1,0,28,3,2,2,5,0.7306308529999228,21,43,557,20,1.0,395,0.7317839620000086,1,484,483,484,106,1,1,60,2,1,1.096987021000018
s1_1000,S1-863311543,S3,US,selective_v1,0,28,3,2,2,5,0.7452486629998134,21,43,422,18,2.0,268,0.7463593759999867,0,353,353,353,104,1,1,60,1,0,1.0161446440000077
s1_1000,S1-581141524,S2,India,selective_v1,0,66,10,10,0,20,1.313649322000117,24,48,763,15,8.0,600,1.3157519420000199,11,611,600,611,92,1,1,60,2,11,1.7838569560000224
s1_1000,S1-581141524,S3,India,selective_v1,0,66,6,19,9,25,1.2556525229999238,24,48,733,20,4.0,585,1.257595957000035,13,598,585,598,91,1,1,60,2,13,1.7179186650000133
s1_1000,S1-776008409,S2,US,selective_v1,0,15,1,0,0,1,0.16766349899990018,14,29,373,10,1.0,343,0.1683822379999924,0,349,349,349,112,1,1,60,2,0,0.43151595299997325
s1_1000,S1-776008409,S3,US,selective_v1,0,15,1,0,0,1,0.1691299859999731,14,29,426,13,1.0,368,0.16987744400000793,1,375,374,375,109,1,1,60,4,1,0.4600964230000386
s1_1000,S1-125953774,S2,India,selective_v1,0,66,6,8,0,14,1.8672314989999563,24,48,890,19,5.0,645,1.8696186720000014,0,645,645,645,103,1,1,60,1,0,2.3527892449999968
s1_1000,S1-125953774,S3,India,selective_v1,0,66,3,9,0,12,1.661249461000125,24,48,774,17,5.0,558,1.6637834200000157,0,558,558,558,100,1,1,60,1,0,2.0774734219999687
s1_1000,S1-711797056,S2,India,selective_v1,0,36,3,9,4,12,1.189455928000143,20,41,505,16,4.0,349,1.1905907070000126,0,381,381,381,102,1,1,60,1,0,1.4845602249999956
s1_1000,S1-711797056,S3,India,selective_v1,0,36,3,9,4,12,1.1507747920000497,20,41,486,15,5.0,275,1.1519045799999503,2,313,311,313,84,1,1,60,3,2,1.3933935039999596
s1_1000,S1-1713613,S2,India,selective_v1,0,78,6,14,0,20,1.3094774710000934,24,49,612,20,3.0,550,1.3122401649999915,1,564,564,565,83,1,1,60,1,1,1.742885599000033
s1_1000,S1-1713613,S3,India,selective_v1,0,78,3,17,0,20,1.0824709439998514,24,49,407,20,4.0,371,1.0847292370000332,2,382,381,383,65,1,1,60,1,2,1.3848862400000144
s1_1000,S1-874244889,S2,US,selective_v1,0,78,1,5,0,6,0.8186739769998326,24,49,244,10,9.0,234,0.8211098809999839,0,240,240,240,106,1,1,60,1,0,1.0069111679999878
s1_1000,S1-874244889,S3,US,selective_v1,0,78,1,11,0,12,0.9000350100000674,24,48,621,17,7.0,518,0.902700890999995,1,519,518,519,110,1,1,60,2,1,1.2878545459999486
s1_1000,S1-112485790,S2,US,selective_v1,0,45,1,10,3,11,1.4056137649999982,24,49,517,17,3.0,428,1.4071691720000103,4,469,465,469,105,1,1,60,1,4,1.7553532109999992
s1_1000,S1-112485790,S3,US,selective_v1,0,45,3,14,7,17,1.3013143860000014,21,43,600,17,4.0,508,1.3025840440000138,3,560,557,560,110,1,1,60,1,3,1.7407752359999904
s1_1000,S1-335303231,S2,US,selective_v1,0,28,0,3,2,3,0.38076430599988953,23,48,403,18,1.0,295,0.3818908999999735,1,379,378,379,114,1,1,60,1,1,0.6734998780000296
s1_1000,S1-335303231,S3,US,selective_v1,0,28,0,3,2,3,0.4808801020000715,23,47,229,16,2.0,159,0.4819371969999793,0,202,202,202,102,1,1,60,1,0,0.6437930029999848
s1_1000,S1-764425963,S2,India,selective_v1,0,120,21,14,0,35,2.0164660839998874,24,48,827,23,1.0,532,2.020143723999979,2,534,532,534,101,1,1,60,2,2,2.413340543000004
s1_1000,S1-764425963,S3,India,selective_v1,0,120,10,15,0,25,1.4824788289999447,24,48,399,18,6.0,285,1.4859531530000254,0,285,285,285,97,1,1,60,1,0,1.7061881369999696
s1_1000,S1-211293205,S2,US,selective_v1,0,45,0,1,0,1,0.15485511499997529,24,50,294,10,1.0,200,0.15643582600000627,0,278,278,278,84,1,1,60,1,0,0.36961149999996223
s1_1000,S1-211293205,S3,US,selective_v1,0,45,1,4,0,5,0.470554300999936,24,48,464,20,2.0,414,0.4721957279999742,1,415,414,415,93,1,1,60,2,1,0.7806574310000087
s1_1000,S1-138688101,S2,India,selective_v1,0,91,28,33,14,61,0.74239947999979,16,32,985,11,5.0,931,0.7438749340000186,0,931,931,931,109,1,1,60,3,0,1.4240728309999895
s1_1000,S1-138688101,S3,India,selective_v1,0,91,28,48,0,76,0.29495940199996085,15,30,762,14,1.0,716,0.2957764129999987,0,716,716,716,80,1,1,60,0,0,0.8288817430000108
s1_1000,S1-538960854,S2,US,selective_v1,0,15,0,1,0,1,0.41372911200005547,14,28,158,10,4.0,144,0.414274445999979,0,144,144,144,86,1,1,60,1,0,0.5312583560000235
s1_1000,S1-538960854,S3,US,selective_v1,0,15,0,1,0,1,0.44090870799999493,14,28,185,8,4.0,172,0.4414655249999555,1,173,172,173,86,1,1,60,1,1,0.574074209999992
s1_1000,S1-281912479,S2,US,selective_v1,0,28,0,0,5,0,0.32300640799979874,23,46,316,12,1.0,275,0.32392868400000907,0,275,275,275,85,1,1,60,1,0,0.5282109439999658
s1_1000,S1-281912479,S3,US,selective_v1,0,28,0,3,2,3,0.35891270399997666,23,46,619,20,2.0,520,0.3599917910000272,1,521,520,521,104,1,1,60,3,1,0.7368402099999685
s1_1000,S1-30134334,S2,India,selective_v1,0,91,10,17,0,27,0.7039110479998953,24,51,392,12,5.0,175,0.7062488650000205,0,225,225,225,80,1,1,60,0,0,0.8907108780000499
s1_1000,S1-30134334,S3,India,selective_v1,0,91,10,15,0,25,0.3644201739999744,24,51,403,17,6.0,166,0.36678576799999973,2,227,225,227,77,1,1,60,3,2,0.5469079830000396
s1_1000,S1-773391278,S2,India,selective_v1,0,105,10,20,0,30,0.5043221060000747,24,49,463,17,5.0,345,0.5071495199999845,5,378,378,383,102,1,1,60,1,5,0.7962356119999754
s1_1000,S1-773391278,S3,India,selective_v1,0,105,6,24,0,30,0.6353567570000109,24,49,678,20,4.0,541,0.6382478479999918,11,577,566,577,107,1,1,60,1,11,1.0535778420000383
s1_1000,S1-967399237,S2,US,selective_v1,0,15,1,4,0,5,0.17973682100000588,10,20,434,9,0.0,342,0.1803251950000231,67,409,342,409,121,1,1,60,1,49,0.4742552419999697
s1_1000,S1-967399237,S3,US,selective_v1,0,15,3,3,0,6,0.7637332340000285,9,18,319,8,1.0,284,0.7642861360000097,77,293,284,361,143,1,1,60,4,40,1.0221385649999775
s1_1000,S1-100309770,S2,US,selective_v1,0,36,1,4,2,5,0.30085983699990493,24,48,538,22,0.0,440,0.30233686700000817,0,440,440,440,102,1,1,60,3,0,0.6189669330000243
s1_1000,S1-100309770,S3,US,selective_v1,0,36,1,4,2,5,0.3619234169999572,24,48,548,17,0.0,487,0.3633918569999537,0,487,487,487,85,1,1,60,0,0,0.7176053059999958
s1_1000,S1-727603875,S2,India,selective_v1,0,91,3,19,0,22,1.1464546290000044,24,48,645,17,6.0,528,1.149149456000032,0,528,528,528,80,1,1,60,1,0,1.537288913999987
s1_1000,S1-727603875,S3,India,selective_v1,0,91,3,15,0,18,1.0027987769999527,24,48,1178,21,3.0,957,1.006364284999961,1,958,957,958,101,1,1,60,3,1,1.6890911659999688
s1_1000,S1-415493702,S2,India,selective_v1,0,91,10,32,0,42,1.1352135790000943,24,49,857,16,6.0,717,1.1374741170000107,8,725,717,725,80,1,1,60,1,8,1.672665601999995
s1_1000,S1-415493702,S3,India,selective_v1,0,91,6,32,0,38,0.81441236899974,24,49,794,17,7.0,686,0.8165650380000216,10,692,692,702,86,1,1,60,5,10,1.3220322820000092
s1_1000,S1-456974070,S2,US,selective_v1,0,36,1,2,4,3,0.20172966499990252,24,49,598,19,3.0,530,0.20336486500002593,1,543,542,543,95,1,1,60,2,1,0.5895175590000008
s1_1000,S1-456974070,S3,US,selective_v1,0,36,1,2,4,3,0.2344110560001127,24,49,463,18,4.0,394,0.23581339300000081,0,410,410,410,96,1,1,60,1,0,0.5249631240000099
s1_1000,S1-461883442,S2,US,selective_v1,0,28,1,6,2,7,0.17091256999992765,19,38,443,17,2.0,359,0.17175817000003235,2,361,359,361,110,1,1,60,4,2,0.43692994600002066
s1_1000,S1-461883442,S3,US,selective_v1,0,28,1,6,2,7,0.1739841870000305,19,38,355,16,3.0,235,0.17469753099999252,3,238,235,238,105,1,1,60,3,3,0.3424549140000295
s1_1000,S1-141200697,S2,US,selective_v1,0,45,3,3,0,6,0.7627899469999875,24,50,405,13,2.0,359,0.7643117119999943,0,390,390,390,98,1,1,60,1,0,1.025887938999972
s1_1000,S1-141200697,S3,US,selective_v1,0,45,6,8,8,14,0.8622896940001965,23,47,676,16,6.0,594,0.8636584029999881,1,602,601,602,108,1,1,60,2,1,1.286379592000003
s1_1000,S1-531476391,S2,US,selective_v1,0,28,3,3,2,6,0.5266293299997642,20,40,559,16,4.0,500,0.5276873999999907,1,501,500,501,95,1,1,60,2,1,0.8854027990000191
s1_1000,S1-531476391,S3,US,selective_v1,0,28,3,3,2,6,0.7564276450000875,20,40,660,16,4.0,587,0.7575489789999779,1,588,587,588,92,1,1,60,3,1,1.1665782960000115
s1_1000,S1-841216992,S2,India,selective_v1,0,55,3,0,0,3,0.9528516799999238,24,50,252,7,2.0,232,0.9547049199999833,0,244,244,244,104,1,1,60,0,0,1.1358744300000012
s1_1000,S1-841216992,S3,India,selective_v1,0,55,1,2,0,3,0.48548708199996327,24,50,149,21,2.0,101,0.4871670200000153,0,109,109,109,76,1,1,60,1,0,0.5780414440000072
s1_1000,S1-195655668,S2,US,selective_v1,0,36,3,7,4,10,0.14109549500011553,22,46,323,17,0.0,259,0.1420522740000365,0,269,269,269,102,1,1,60,1,0,0.3413251360000231
s1_1000,S1-195655668,S3,US,selective_v1,0,36,3,7,4,10,0.12072302400002854,22,46,174,16,1.0,136,0.12161760399999366,0,142,142,142,83,1,1,60,0,0,0.2293604079999909
s1_1000,S1-915817127,S2,US,selective_v1,0,28,0,1,4,1,0.19422952100001112,23,48,406,13,1.0,130,0.19519896899998912,2,367,365,367,77,1,1,60,4,2,0.4623841180000454
s1_1000,S1-915817127,S3,US,selective_v1,0,28,3,0,3,3,0.16585231700014447,22,46,395,19,3.0,73,0.16671667899998965,3,297,294,297,96,1,1,60,2,3,0.379584705999946
s1_1000,S1-221516828,S2,India,selective_v1,0,66,15,0,0,15,0.859916789000124,24,50,458,16,8.0,335,0.8620309990000123,0,343,343,343,79,1,1,60,3,0,1.1157993719999695
s1_1000,S1-221516828,S3,India,selective_v1,0,66,10,5,0,15,1.103066103000117,24,50,303,13,8.0,253,1.1050378340000293,1,255,254,255,79,1,1,60,1,1,1.2916395899999884
s1_1000,S1-858438273,S2,India,selective_v1,0,78,28,8,20,36,0.724267516999987,22,45,371,11,5.0,243,0.7258833250000407,2,254,252,254,91,1,1,60,0,2,0.9121274860000312
s1_1000,S1-858438273,S3,India,selective_v1,0,78,21,22,16,43,0.5945959500000413,19,39,758,18,1.0,481,0.596283034999999,8,496,488,496,79,1,1,60,2,8,0.9481433089999882
s1_1000,S1-879419565,S2,US,selective_v1,0,28,1,4,2,5,0.20210983600003374,21,44,213,17,4.0,166,0.20284525700003542,1,176,175,176,78,1,1,60,1,1,0.3354102659999967
s1_1000,S1-879419565,S3,US,selective_v1,0,28,1,4,2,5,0.2030290079999304,21,44,286,17,4.0,194,0.20381063700000368,1,223,222,223,78,1,1,60,3,1,0.3636393519999501
s1_1000,S1-783804493,S2,India,selective_v1,0,55,6,13,7,19,0.850701317999949,24,49,530,18,5.0,430,0.8522564730000113,2,441,439,441,89,1,1,60,4,2,1.160363048000022
s1_1000,S1-783804493,S3,India,selective_v1,0,55,3,13,0,16,0.8407274339998594,24,49,639,18,6.0,504,0.8424734059999537,1,513,512,513,101,1,1,60,3,1,1.1968409380000367
s1_1000,S1-468160746,S2,US,selective_v1,0,15,0,2,0,2,0.11426854600000524,13,27,249,7,1.0,126,0.11476804899996296,48,236,188,236,117,1,1,60,0,43,0.2806784729999663
s1_1000,S1-468160746,S3,US,selective_v1,0,15,0,2,0,2,0.1217068790001008,13,27,131,11,2.0,53,0.12213253900000609,59,110,109,168,133,1,1,60,1,41,0.2507091319999972
s1_1000,S1-431232660,S2,India,selective_v1,0,66,10,20,13,30,0.31091650399991977,23,47,293,11,11.0,273,0.3121935810000309,1,276,275,276,113,1,1,60,1,1,0.5091719619999822
s1_1000,S1-431232660,S3,India,selective_v1,0,55,6,24,8,30,0.31719955199997685,17,34,492,7,10.0,468,0.3182102700000087,1,469,468,469,118,1,1,60,0,1,0.6391449889999876
s1_1000,S1-158405639,S2,US,selective_v1,0,28,0,3,3,3,0.25265303300017194,22,44,166,20,1.0,140,0.25358144000000493,0,140,140,140,78,1,1,60,1,0,0.35644093599995585
s1_1000,S1-158405639,S3,US,selective_v1,0,28,0,3,3,3,0.2946104159998981,22,44,185,11,1.0,177,0.29555756899998187,0,177,177,177,91,1,1,60,0,0,0.4201787720000425
s1_1000,S1-899768413,S2,India,selective_v1,0,66,10,11,0,21,0.22957755200008023,24,48,745,14,10.0,659,0.23150502300001108,1,660,659,660,103,1,1,60,2,1,0.6542815859999678
s1_1000,S1-899768413,S3,India,selective_v1,0,66,10,10,0,20,0.36922441100006154,24,48,648,13,10.0,604,0.3711619659999883,0,604,604,604,95,1,1,60,1,0,0.7090002660000323
s1_1000,S1-421253980,S2,India,selective_v1,0,55,3,10,0,13,0.5505185769999912,24,50,350,18,3.0,181,0.5521960440000271,0,250,250,250,89,1,1,60,1,0,0.7303951080000388
s1_1000,S1-421253980,S3,India,selective_v1,0,55,3,7,0,10,0.7041514120000443,24,50,340,21,3.0,166,0.7060343690000082,1,214,213,214,82,1,1,60,2,1,0.8660607410000125
s1_1000,S1-700204880,S2,US,selective_v1,0,36,0,5,5,5,0.4705805620001229,24,49,850,21,3.0,547,0.47209204199998567,0,764,764,764,104,1,1,60,2,0,0.9892208900000128
s1_1000,S1-700204880,S3,US,selective_v1,0,36,0,5,5,5,0.4774460629999453,24,49,1024,21,3.0,679,0.479219339999986,0,917,917,917,102,1,1,60,2,0,1.1068259549999766
s1_1000,S1-273482307,S2,US,selective_v1,0,45,0,11,3,11,0.5033850060000304,24,51,527,20,1.0,278,0.5047905220000075,1,459,458,459,118,1,1,60,1,1,0.8202871039999877
s1_1000,S1-273482307,S3,US,selective_v1,0,45,0,11,3,11,0.5684951729999739,24,51,541,16,1.0,281,0.5699829769999951,0,477,477,477,120,1,1,60,1,0,0.8965135259999784
s1_1000,S1-614569190,S2,US,selective_v1,0,55,6,16,10,22,0.518037965999838,23,46,658,16,7.0,479,0.5195647970000437,28,481,479,507,130,1,1,60,1,28,0.8637918789999617
s1_1000,S1-614569190,S3,US,selective_v1,0,55,6,16,10,22,0.5545887760001165,23,46,666,16,7.0,479,0.5561208240000042,40,480,479,519,145,1,1,60,2,40,0.9178715759999818
s1_1000,S1-177222339,S2,India,selective_v1,0,66,3,19,0,22,0.38928195900001583,24,49,662,18,6.0,492,0.3911886209999693,1,514,513,514,112,1,1,60,1,1,0.7431047069999863
s1_1000,S1-177222339,S3,India,selective_v1,0,66,3,17,0,20,0.3676852910001003,24,49,698,16,7.0,576,0.3695279019999589,2,602,600,602,97,1,1,60,3,2,0.7792936359999771
s1_1000,S1-762724009,S2,India,selective_v1,0,91,15,18,0,33,0.37099260500008313,24,48,359,19,5.0,313,0.37317672000000357,6,319,313,319,79,1,1,60,1,6,0.5870583980000106
s1_1000,S1-762724009,S3,India,selective_v1,0,91,6,22,0,28,0.2988801190001027,24,48,548,17,6.0,479,0.3013961720000111,12,491,479,491,80,1,1,60,0,12,0.6293998490000376
s1_1000,S1-167019398,S2,US,selective_v1,0,21,1,0,0,1,0.7633805329999745,20,43,319,15,0.0,170,0.7641370190000316,0,277,277,277,111,1,1,60,3,0,0.9610044350000067
s1_1000,S1-167019398,S3,US,selective_v1,0,21,1,0,0,1,0.6077222120001124,20,43,336,15,0.0,187,0.6084573239999713,0,294,294,294,117,1,1,60,0,0,0.8098345450000011
s1_1000,S1-321797136,S2,India,selective_v1,0,91,21,21,13,42,0.26676945599996316,24,48,790,16,7.0,660,0.2691637739999919,4,664,660,664,80,1,1,60,1,4,0.707862734999992
s1_1000,S1-321797136,S3,India,selective_v1,0,91,15,30,0,45,0.3400599779999425,24,48,1148,21,3.0,980,0.3422317349999844,0,980,980,980,78,1,1,60,1,0,0.9803702350000094
s1_1000,S1-514299264,S2,US,selective_v1,0,21,0,0,0,0,0.026718718000040553,21,44,176,15,1.0,75,0.02737512699997069,0,134,134,134,77,1,1,60,2,0,0.13177334800002427
s1_1000,S1-514299264,S3,US,selective_v1,0,21,0,0,0,0,0.02775974299987638,21,44,148,20,1.0,65,0.02838099000001648,0,123,123,123,78,1,1,60,1,0,0.11683831900000996
s1_1000,S1-387363895,S2,US,selective_v1,0,28,1,4,2,5,0.14472814200007633,21,44,453,19,2.0,273,0.14554523599997538,2,366,364,366,104,1,1,60,2,2,0.4001170889999912
s1_1000,S1-387363895,S3,US,selective_v1,0,28,1,4,2,5,0.13915679699994143,21,44,323,15,3.0,163,0.13992329400002745,2,264,262,264,106,1,1,60,2,2,0.3201569390000145
s1_1000,S1-48122097,S2,US,selective_v1,0,15,0,0,0,0,0.041995567999947525,15,30,78,12,0.0,68,0.04242636899999752,1,69,68,69,69,1,1,60,1,1,0.09987070100004303
s1_1000,S1-48122097,S3,US,selective_v1,0,15,0,0,0,0,0.036581524999974135,15,30,83,15,0.0,66,0.0369897169999831,1,67,66,67,67,1,1,60,1,1,0.08650621900000033
s1_1000,S1-403142081,S2,US,selective_v1,0,15,1,4,0,5,0.1182071359999668,10,21,338,8,0.0,101,0.11869252599996116,94,270,268,362,136,1,1,60,1,44,0.3664151599999741
s1_1000,S1-403142081,S3,US,selective_v1,0,15,1,4,0,5,0.14178474699986054,10,21,364,9,0.0,120,0.14231632000002037,95,302,302,397,138,1,1,60,0,44,0.4026708069999927
s1_1000,S1-756082596,S2,India,selective_v1,0,36,3,3,4,6,0.06528351800005794,24,50,228,20,4.0,113,0.06629018099999939,1,116,115,116,81,1,1,60,2,1,0.15328109699999004
s1_1000,S1-756082596,S3,India,selective_v1,0,36,0,3,2,3,0.08167214500014097,24,50,70,15,5.0,46,0.0826607870000089,1,48,47,48,48,0,0,48,2,1,0.12547057800003358
s1_1000,S1-455236690,S2,India,selective_v1,0,28,3,7,2,10,0.4685927989999641,16,33,205,7,6.0,167,0.4692477129999588,0,192,192,192,86,1,1,60,0,0,0.6051660169999877
s1_1000,S1-455236690,S3,India,selective_v1,0,28,3,7,2,10,0.8398839160000762,16,33,184,9,7.0,122,0.8405317919999789,0,159,159,159,95,1,1,60,2,0,0.948899769000036
s1_1000,S1-323308288,S2,India,selective_v1,0,91,10,35,0,45,0.5476241609999875,24,48,1186,16,8.0,1079,0.5498975699999846,12,1091,1079,1091,100,1,1,60,1,12,1.267274117999989
s1_1000,S1-323308288,S3,India,selective_v1,0,91,10,32,0,42,0.7178909609999664,24,48,990,15,9.0,902,0.7202259640000079,9,902,902,911,108,1,1,60,2,9,1.3209583459999976
s1_1000,S1-318532201,S2,US,selective_v1,0,36,0,0,4,0,0.05133673499994984,24,48,178,10,3.0,148,0.052465328000039335,1,149,148,149,54,0,0,54,2,1,0.1471988979999992
s1_1000,S1-318532201,S3,US,selective_v1,0,36,1,0,2,1,0.05821630999997751,24,48,293,14,5.0,269,0.05943627800002105,1,270,269,270,108,1,1,60,1,1,0.2366962899999976
s1_1000,S1-149793766,S2,India,selective_v1,0,120,0,8,0,8,0.44606904999989183,24,51,281,14,7.0,250,0.4497793489999822,1,259,259,260,41,0,0,41,1,1,0.6343611819999637
s1_1000,S1-149793766,S3,India,selective_v1,0,120,0,5,0,5,0.3960817800000882,24,51,806,21,3.0,519,0.40015484300005255,8,523,522,530,105,1,1,60,1,8,0.7494464440000002
s1_1000,S1-654838535,S2,US,selective_v1,0,28,1,4,2,5,0.19089917199994488,21,43,217,20,1.0,166,0.19178337199997486,0,194,194,194,114,1,1,60,2,0,0.31268972700001996
s1_1000,S1-654838535,S3,US,selective_v1,0,28,1,4,2,5,0.23315587100000812,21,43,253,20,1.0,181,0.23405853999997817,1,215,214,215,116,1,1,60,1,1,0.3812313139999901
s1_1000,S1-867508332,S2,US,selective_v1,0,21,0,2,0,2,0.13935083600017606,19,40,342,13,1.0,54,0.13990386999995508,1,294,293,294,101,1,1,60,3,1,0.32966555000001563
s1_1000,S1-867508332,S3,US,selective_v1,0,21,0,2,0,2,0.14472488799998473,19,40,337,17,1.0,64,0.14534605699998338,2,292,290,292,103,1,1,60,1,2,0.3392246649999606
s1_1000,S1-181933717,S2,US,selective_v1,0,28,1,7,2,8,0.5805978170001254,18,36,619,16,2.0,567,0.5816498249999995,4,571,567,571,90,1,1,60,3,4,0.9578532540000424
s1_1000,S1-181933717,S3,US,selective_v1,0,28,1,6,2,7,0.6504139639998812,19,38,720,16,3.0,676,0.6514828859999966,1,677,676,677,102,1,1,60,2,1,1.1010853740000357
s1_1000,S1-492734844,S2,US,selective_v1,0,28,0,3,3,3,0.2303703299999711,22,44,595,21,1.0,523,0.2314025549999883,1,524,523,524,109,1,1,60,4,1,0.5689167710000333
s1_1000,S1-492734844,S3,US,selective_v1,0,28,0,4,2,4,0.2800898059999213,22,45,640,20,1.0,546,0.28131577200002766,1,601,600,601,112,1,1,60,3,1,0.6666028259999734
s1_1000,S1-412918045,S2,US,selective_v1,0,36,1,4,4,5,0.12655206300001964,24,48,513,16,2.0,494,0.12774023500003295,171,499,494,665,152,1,1,60,1,42,0.5515948039999898
s1_1000,S1-412918045,S3,US,selective_v1,0,36,3,6,4,9,0.13912709200002382,23,46,486,19,4.0,423,0.14017985300000646,165,424,423,588,142,1,1,60,3,43,0.5234990129999915
s1_1000,S1-130795020,S2,US,selective_v1,0,28,1,0,3,1,0.07943868300003487,24,48,575,11,4.0,546,0.08051802099998895,0,546,546,546,83,1,1,60,0,0,0.42760820999995985
s1_1000,S1-130795020,S3,US,selective_v1,0,28,1,2,3,3,0.0785590929999671,22,44,576,19,3.0,518,0.07956881699999485,0,518,518,518,76,1,1,60,4,0,0.40034034000001384
s1_1000,S1-818732511,S2,India,selective_v1,0,120,15,40,0,55,0.7039397539998618,24,48,1209,18,6.0,1150,0.7068227809999712,0,1150,1150,1150,105,1,1,60,1,0,1.4711045189999936
s1_1000,S1-818732511,S3,India,selective_v1,0,120,10,41,0,51,0.6464232330001778,24,48,1011,16,8.0,956,0.6494374440000001,0,956,956,956,111,1,1,60,2,0,1.2517796160000216
s1_1000,S1-966769496,S2,India,selective_v1,0,78,3,9,0,12,0.5418007850000208,24,49,631,22,2.0,439,0.5444180810000034,0,442,442,442,114,1,1,60,3,0,0.833208385999967
s1_1000,S1-966769496,S3,India,selective_v1,0,78,0,7,0,7,0.20182208700038018,24,49,342,17,4.0,252,0.20439401300001236,1,255,255,256,107,1,1,60,2,1,0.37541755600000215
s1_1000,S1-604234644,S2,India,selective_v1,0,45,0,8,0,8,0.39524772400000074,24,49,670,21,3.0,496,0.3969815880000169,1,528,527,528,97,1,1,60,1,1,0.7388027549999947
s1_1000,S1-604234644,S3,India,selective_v1,0,45,0,2,0,2,0.38454694799997924,24,50,409,19,5.0,264,0.38607988499995827,0,337,337,337,91,1,1,60,3,0,0.6005316979999975
s1_1000,S1-970543893,S2,US,selective_v1,0,21,0,0,0,0,0.09675846099992214,21,43,255,8,1.0,251,0.09752992799997173,0,252,252,252,81,1,1,60,0,0,0.257192176999979
s1_1000,S1-970543893,S3,US,selective_v1,0,21,0,0,0,0,0.10814427999991949,21,44,174,13,2.0,102,0.10888227300000608,0,157,157,157,78,1,1,60,0,0,0.22524028400005136
s1_1000,S1-753418700,S2,India,selective_v1,0,120,3,20,0,23,0.6325715200001127,24,51,334,21,3.0,206,0.6359558099999845,2,255,253,255,68,1,1,60,3,2,0.8055387729999666
s1_1000,S1-753418700,S3,India,selective_v1,0,120,1,22,0,23,0.623648917999958,24,51,380,18,5.0,254,0.626987722000024,0,313,313,313,68,1,1,60,2,0,0.835556127000018
s1_1000,S1-143815498,S2,US,selective_v1,0,28,0,3,3,3,0.2367762279999397,22,46,594,21,1.0,356,0.2379130850000024,0,525,525,525,114,1,1,60,2,0,0.5632599479999953
s1_1000,S1-143815498,S3,US,selective_v1,0,28,0,3,3,3,0.2202110150000749,22,46,667,21,1.0,389,0.22126033299997516,0,596,596,596,112,1,1,60,3,0,0.6043429579999611
s1_1000,S1-405331834,S2,US,selective_v1,0,28,1,6,2,7,0.21466022900011694,19,40,598,16,2.0,212,0.21548799400000007,1,471,470,471,105,1,1,60,0,1,0.512725319000026
s1_1000,S1-405331834,S3,US,selective_v1,0,28,1,6,2,7,0.2372803889998636,19,38,385,17,2.0,307,0.2382099430000153,0,307,307,307,104,1,1,60,2,0,0.4416701359999706
s1_1000,S1-479745393,S2,US,selective_v1,0,21,1,0,0,1,0.08459906999979694,20,41,310,16,4.0,221,0.08537733900004696,1,264,263,264,103,1,1,60,4,1,0.2584605549999992
s1_1000,S1-479745393,S3,US,selective_v1,0,21,1,0,0,1,0.0946857339998246,20,41,332,16,4.0,229,0.09550322400002642,1,272,271,272,107,1,1,60,2,1,0.26921692199999825
s1_1000,S1-427745320,S2,US,selective_v1,0,28,0,4,2,4,0.24261608299997306,22,45,654,20,1.0,450,0.2436063929999932,0,577,577,577,105,1,1,60,1,0,0.5980601159999992
s1_1000,S1-427745320,S3,US,selective_v1,0,28,0,4,2,4,0.24395458399982317,22,45,738,21,1.0,556,0.24499363199998925,1,670,669,670,104,1,1,60,2,1,0.6522788159999777
s1_1000,S1-878238472,S2,US,selective_v1,0,28,3,6,2,9,0.6256638130000169,17,34,383,15,2.0,346,0.6266249359999847,2,348,346,348,105,1,1,60,1,2,0.8415626580000435
s1_1000,S1-878238472,S3,US,selective_v1,0,28,3,9,2,12,0.7911407740000413,14,28,391,12,2.0,370,0.7919076800000084,1,371,370,371,103,1,1,60,1,1,1.0227732490000108
s1_1000,S1-177242080,S2,India,selective_v1,0,78,21,22,16,43,0.30182399899996426,19,40,296,15,4.0,246,0.3030340060000185,1,260,259,260,98,1,1,60,1,1,0.47699841100001095
s1_1000,S1-177242080,S3,India,selective_v1,0,78,10,36,12,46,0.45254110499996614,20,42,434,16,4.0,380,0.4537869300000352,0,388,388,388,101,1,1,60,3,0,0.6971782400000279
s1_1000,S1-514524433,S2,US,selective_v1,0,21,0,1,0,1,0.03040204799987123,20,42,339,20,0.0,246,0.031074010999986967,1,278,277,278,92,1,1,60,1,1,0.20341479000001073
s1_1000,S1-514524433,S3,US,selective_v1,0,21,0,1,0,1,0.05347571400000106,20,41,184,19,1.0,118,0.054175862000022335,1,162,161,162,111,1,1,60,1,1,0.15906156599999122
s1_1000,S1-368975208,S2,US,selective_v1,0,36,1,4,3,5,0.26554351000004317,24,49,415,19,5.0,317,0.2668101720000209,4,340,336,340,96,1,1,60,1,4,0.47785212600001614
s1_1000,S1-368975208,S3,US,selective_v1,0,36,1,4,3,5,0.2421906720000493,24,49,467,19,5.0,321,0.24345662899997933,6,349,343,349,97,1,1,60,3,6,0.46325002700001505
s1_1000,S1-416368005,S2,India,selective_v1,0,91,6,15,0,21,0.37771240600011424,24,50,798,18,6.0,622,0.38066588399999546,0,652,652,652,108,1,1,60,1,0,0.7818402460000016
s1_1000,S1-416368005,S3,India,selective_v1,0,91,3,16,0,19,0.422281521000059,24,50,649,19,5.0,427,0.425106674999995,0,453,453,453,107,1,1,60,2,0,0.6964992399999801
s1_1000,S1-774688070,S2,US,selective_v1,0,55,1,6,0,7,0.13213606599987315,24,49,270,11,6.0,193,0.1338706180000031,1,246,245,246,109,1,1,60,2,1,0.28896329100001594
s1_1000,S1-774688070,S3,US,selective_v1,0,55,3,9,0,12,0.15369289599993863,24,48,360,15,9.0,321,0.15532097900000963,1,322,321,322,109,1,1,60,2,1,0.35762752499999806
s1_1000,S1-154389957,S2,US,selective_v1,0,15,0,0,0,0,0.026605386999960956,15,30,142,15,0.0,113,0.02709165600003871,1,114,113,114,59,0,0,59,1,1,0.10152008300002535
s1_1000,S1-154389957,S3,US,selective_v1,0,15,0,0,0,0,0.0300356340000576,15,30,160,15,0.0,122,0.030509359000006953,1,123,122,123,56,0,0,56,3,1,0.11292038100003765
s1_1000,S1-619997739,S2,US,selective_v1,0,28,1,8,2,9,0.3044928819999768,17,34,582,16,1.0,522,0.305375362999996,2,524,522,524,102,1,1,60,2,2,0.6209600280000132
s1_1000,S1-619997739,S3,US,selective_v1,0,28,1,8,2,9,0.3285993770001028,17,34,669,16,1.0,594,0.32946169299998473,2,596,594,596,110,1,1,60,3,2,0.6827117459999954
s1_1000,S1-337076534,S2,India,selective_v1,0,55,15,0,0,15,0.5766875109999319,24,48,562,17,7.0,370,0.578690875999996,2,372,370,372,111,1,1,60,2,2,0.8179533800000058
s1_1000,S1-337076534,S3,India,selective_v1,0,55,10,10,12,20,0.43721703699986847,23,47,547,21,2.0,318,0.43898987900001885,1,372,371,372,93,1,1,60,5,1,0.6517372710000018
s1_1000,S1-107342523,S2,US,selective_v1,0,21,1,1,0,2,0.07717483000004677,19,38,305,12,4.0,243,0.07787048099999083,46,254,243,289,117,1,1,60,0,45,0.251375859999996
s1_1000,S1-107342523,S3,US,selective_v1,0,21,1,1,0,2,0.0950961259998735,19,38,401,15,4.0,313,0.09592784699998447,40,323,313,353,107,1,1,60,3,40,0.3208586930000479
s1_1000,S1-996331863,S2,US,selective_v1,0,15,0,1,0,1,0.03198208599997088,14,29,222,11,0.0,108,0.0324275039999975,1,207,206,207,111,1,1,60,1,1,0.15674435899995842
s1_1000,S1-996331863,S3,US,selective_v1,0,15,0,1,0,1,0.04937495300004002,14,29,253,10,0.0,134,0.049887742000009894,2,234,232,234,109,1,1,60,2,2,0.19699437500003114
s1_1000,S1-218396099,S2,India,selective_v1,0,120,28,41,0,69,0.8678815820001091,24,48,697,20,4.0,596,0.8701549679999516,0,596,596,596,114,1,1,60,2,0,1.2347211549999884
s1_1000,S1-218396099,S3,India,selective_v1,0,120,21,45,0,66,0.604737521999823,24,48,588,19,5.0,533,0.6069757419999746,2,535,533,535,105,1,1,60,2,2,0.9380762320000144
s1_1000,S1-278891792,S2,India,selective_v1,0,120,6,23,0,29,0.47026279399977966,24,48,716,20,4.0,614,0.4740350800000215,3,617,614,617,99,1,1,60,5,3,0.8420345380000072
s1_1000,S1-278891792,S3,India,selective_v1,0,120,3,18,0,21,0.4059414550002316,24,48,745,23,0.0,709,0.40949869100001024,0,709,709,709,86,1,1,60,1,0,0.8377845229999821
s1_1000,S1-167735850,S2,India,selective_v1,0,120,10,34,0,44,0.5667861590001166,24,50,672,20,4.0,539,0.5697611539999912,0,582,582,582,97,1,1,60,1,0,0.9366985159999786
s1_1000,S1-167735850,S3,India,selective_v1,0,120,6,31,0,37,0.6832788740001092,24,50,686,21,3.0,568,0.6863903659999551,0,606,606,606,102,1,1,60,2,0,1.068624624999984
s1_1000,S1-10023404,S2,US,selective_v1,0,21,0,1,0,1,0.045199837999973624,20,40,115,8,3.0,110,0.04583636600000318,1,110,110,111,59,0,0,59,1,1,0.12282918300002166
s1_1000,S1-10023404,S3,US,selective_v1,0,21,1,2,0,3,0.05795375399998193,18,36,420,14,4.0,389,0.058684483999968506,0,389,389,389,103,1,1,60,1,0,0.2843925209999725
s1_1000,S1-105174860,S2,US,selective_v1,0,28,0,5,2,5,0.1134793889999628,21,43,516,20,1.0,429,0.11442574099999092,1,469,468,469,100,1,1,60,1,1,0.3984592740000039
s1_1000,S1-105174860,S3,US,selective_v1,0,28,0,6,2,6,0.12314299900015158,20,41,335,16,2.0,271,0.12398258100000703,1,313,312,313,98,1,1,60,1,1,0.3099657879999995
s1_1000,S1-74282883,S2,US,selective_v1,0,15,1,2,0,3,0.739270064999971,12,24,452,11,1.0,443,0.7399561720000065,0,443,443,443,114,1,1,60,1,0,0.9955346330000339
s1_1000,S1-74282883,S3,US,selective_v1,0,15,1,4,0,5,0.7677766420001149,10,20,269,9,1.0,251,0.7683052470000007,3,253,251,254,80,1,1,60,3,3,0.9262760390000153
s1_1000,S1-449905273,S2,India,selective_v1,0,36,1,5,3,6,0.19706290499999568,24,50,251,13,8.0,105,0.19814123499998004,4,144,144,148,92,1,1,60,1,4,0.29350766200002454
s1_1000,S1-449905273,S3,India,selective_v1,0,28,1,6,2,7,0.23528421299988622,19,39,205,10,7.0,65,0.23603407100000595,10,94,94,104,86,1,1,60,1,10,0.31307637000003297
s1_1000,S1-583248454,S2,US,selective_v1,0,28,0,3,3,3,0.21612312300010217,22,45,434,11,1.0,163,0.21707765600001494,1,394,393,394,104,1,1,60,1,1,0.4562444009999922
s1_1000,S1-583248454,S3,US,selective_v1,0,28,0,4,2,4,0.3236021490000667,22,44,682,20,1.0,646,0.3249131119999902,1,647,646,647,109,1,1,60,1,1,0.7012518829999976
s1_1000,S1-380737728,S2,India,selective_v1,0,28,1,5,2,6,0.1778302839998105,20,41,278,18,2.0,153,0.1787405420000141,1,199,198,199,91,1,1,60,1,1,0.2944042969999714
s1_1000,S1-380737728,S3,India,selective_v1,0,28,0,3,3,3,0.13589560699989534,22,46,417,18,3.0,190,0.13687878600001113,1,282,281,282,96,1,1,60,1,1,0.3006182330000229
s1_1000,S1-579315496,S2,India,selective_v1,0,105,28,24,15,52,0.35545548900023505,24,49,561,20,3.0,385,0.3577636910000024,0,394,394,394,111,1,1,60,1,0,0.5901730049999969
s1_1000,S1-579315496,S3,India,selective_v1,0,105,21,29,0,50,0.3946224930001563,24,49,404,19,4.0,283,0.39679283999998916,2,294,292,294,107,1,1,60,3,2,0.5707841239999993
s1_1000,S1-144692554,S2,US,selective_v1,0,28,0,4,2,4,0.22847845200010397,22,44,501,17,2.0,478,0.22945367099998748,0,478,478,478,84,1,1,60,0,0,0.5137402619999989
s1_1000,S1-144692554,S3,US,selective_v1,0,28,1,4,2,5,0.20959693799989054,21,42,475,19,2.0,438,0.21063283500001262,0,438,438,438,83,1,1,60,2,0,0.4701275320000491
s1_1000,S1-750911675,S2,US,selective_v1,0,21,0,3,0,3,0.21341266600006747,18,38,319,18,0.0,270,0.214045810000016,1,281,280,281,88,1,1,60,1,1,0.37739789900001597
s1_1000,S1-750911675,S3,US,selective_v1,0,21,0,3,0,3,0.21856530000013663,18,38,337,12,0.0,291,0.21922349099997973,3,309,306,309,88,1,1,60,1,3,0.40285052499996254
s1_1000,S1-163567129,S2,US,selective_v1,0,45,1,6,0,7,0.11190308200002619,24,49,390,19,4.0,261,0.11332669000000806,0,327,327,327,114,1,1,60,1,0,0.3059055510000235
s1_1000,S1-163567129,S3,US,selective_v1,0,45,3,6,0,9,0.22076069100006634,24,49,439,18,3.0,289,0.22224597000001722,0,351,351,351,107,1,1,60,3,0,0.4360233149999999
s1_1000,S1-357016874,S2,India,selective_v1,0,55,3,7,0,10,0.3234711420000167,24,49,454,18,6.0,317,0.32528538899998694,1,340,339,340,78,1,1,60,2,1,0.525693240999999
s1_1000,S1-357016874,S3,India,selective_v1,0,55,3,3,0,6,0.24792627999994465,24,49,266,19,5.0,164,0.24979793799997196,1,182,181,182,78,1,1,60,1,1,0.36799525100002484
s1_1000,S1-409176003,S2,US,selective_v1,0,36,1,11,4,12,0.3537443629999757,20,40,409,17,3.0,354,0.3548166730000162,64,356,354,418,162,1,1,60,2,53,0.6056648350000273
s1_1000,S1-409176003,S3,US,selective_v1,0,36,3,9,4,12,0.3889861999999198,20,40,453,17,3.0,410,0.39009544599997525,49,411,410,459,160,1,1,60,1,47,0.6463056270000038
s1_1000,S1-121010724,S2,US,selective_v1,0,28,0,2,3,2,0.30356553799998665,23,46,253,13,10.0,218,0.3044809369999939,30,219,218,248,131,1,1,60,1,30,0.45213047200002165
s1_1000,S1-121010724,S3,US,selective_v1,0,28,1,1,3,2,0.34497704299991483,23,46,300,12,10.0,250,0.34596652700003006,40,251,250,290,150,1,1,60,2,40,0.5118223960000137
s1_1000,S1-24665483,S2,India,selective_v1,0,120,1,6,0,7,0.31881098799988195,24,48,324,21,3.0,290,0.3226789529999792,0,290,290,290,67,1,1,60,1,0,0.4980502590000242
s1_1000,S1-24665483,S3,India,selective_v1,0,120,0,6,0,6,0.4375802650000651,24,49,293,13,3.0,230,0.4413773160000005,0,288,288,288,107,1,1,60,0,0,0.6192059620000236
s1_1000,S1-909373815,S2,US,selective_v1,0,28,1,4,2,5,0.12357299299975466,21,43,383,18,2.0,132,0.12439597900004173,0,327,327,327,102,1,1,60,1,0,0.313531031000025
s1_1000,S1-909373815,S3,US,selective_v1,0,28,1,4,2,5,0.135542657999963,21,43,431,19,2.0,174,0.13642550499997697,0,391,391,391,104,1,1,60,1,0,0.3739402749999954
s1_1000,S1-309786236,S2,US,selective_v1,0,55,1,6,0,7,0.2597125209999831,24,48,366,16,3.0,319,0.2615148490000365,2,321,319,321,89,1,1,60,2,2,0.4557389679999915
s1_1000,S1-309786236,S3,US,selective_v1,0,55,3,9,0,12,0.2914866710000865,24,48,443,20,4.0,357,0.2931354809999789,2,359,357,359,91,1,1,60,2,2,0.49560457799998403
s1_1000,S1-687394374,S2,US,selective_v1,0,36,1,4,4,5,0.12332429199989292,24,51,592,23,0.0,294,0.12457579199997326,1,488,487,488,109,1,1,60,2,1,0.4093265299999871
s1_1000,S1-687394374,S3,US,selective_v1,0,36,1,4,4,5,0.1450866149999115,24,51,559,23,0.0,257,0.14629629900002783,2,461,459,461,110,1,1,60,2,2,0.4219358770000099
s1_1000,S1-680746477,S2,India,selective_v1,0,91,21,38,14,59,0.5225498209998705,18,37,439,13,4.0,239,0.5239054079999619,0,295,295,295,113,1,1,60,0,0,0.7039352549999762
s1_1000,S1-680746477,S3,India,selective_v1,0,91,10,50,14,60,0.4528935209998508,17,34,318,13,4.0,256,0.4541911879999816,1,257,256,257,103,1,1,60,4,1,0.6131045410000411
s1_1000,S1-585283089,S2,US,selective_v1,0,15,0,0,0,0,0.03320282800007135,15,30,29,15,0.0,2,0.033598043000040434,2,4,2,4,4,0,0,4,3,2,0.04411412100000689
s1_1000,S1-585283089,S3,US,selective_v1,0,15,0,0,0,0,0.02880977500001336,15,30,26,14,0.0,8,0.029190360999962195,0,8,8,8,8,0,0,8,1,0,0.0403791229999797
s1_1000,S1-879203325,S2,India,selective_v1,0,36,10,5,4,15,0.145308435000004,17,35,666,15,2.0,446,0.1463541589999977,4,449,448,452,89,1,1,60,2,4,0.40756413399998337
s1_1000,S1-879203325,S3,India,selective_v1,0,36,6,8,4,14,0.1270024119999107,18,37,567,14,3.0,451,0.12798643799999354,8,455,455,463,92,1,1,60,4,8,0.41139806099999987
s1_1000,S1-844761107,S2,US,selective_v1,0,28,1,4,2,5,0.13878002199999173,21,42,286,16,4.0,272,0.13962745700001733,0,272,272,272,102,1,1,60,1,0,0.3052971920000118
s1_1000,S1-844761107,S3,US,selective_v1,0,28,1,4,2,5,0.1420343100000423,21,42,165,16,5.0,133,0.1428222339999934,0,133,133,133,86,1,1,60,1,0,0.220497354000031
s1_1000,S1-304946100,S2,US,selective_v1,0,55,1,13,0,14,0.07671428000008973,24,48,661,13,11.0,462,0.07826823900001045,49,464,462,511,155,1,1,60,1,46,0.36436140200004274
s1_1000,S1-304946100,S3,US,selective_v1,0,55,1,14,0,15,0.08274815099997568,24,48,778,14,10.0,683,0.08437035599996534,60,683,683,743,156,1,1,60,2,47,0.4974065499999938
s1_1000,S1-515747615,S2,US,selective_v1,0,28,3,8,2,11,0.1063090169999441,15,31,404,12,3.0,313,0.10704315399999587,47,340,339,386,129,1,1,60,2,44,0.3423566820000019
s1_1000,S1-515747615,S3,US,selective_v1,0,28,3,10,1,13,0.08614818000012292,14,29,425,12,1.0,336,0.08681378399995765,63,363,362,425,136,1,1,60,1,46,0.3329756610000345
s1_1000,S1-384966707,S2,US,selective_v1,0,36,1,2,2,3,0.1741750550001484,24,50,241,15,5.0,30,0.17532877700000427,1,183,182,183,90,1,1,60,3,1,0.28420033999998395
s1_1000,S1-384966707,S3,US,selective_v1,0,36,3,0,2,3,0.7680972500000394,24,50,361,12,5.0,108,0.7693644029999973,0,306,306,306,110,1,1,60,0,0,0.9432970710000177
s1_1000,S1-744779380,S2,US,selective_v1,0,28,0,2,4,2,0.14484944499980656,22,45,317,11,1.0,250,0.14579515500003026,1,308,307,308,111,1,1,60,1,1,0.31189941000002364
s1_1000,S1-744779380,S3,US,selective_v1,0,28,0,3,3,3,0.15478759600011927,22,44,283,16,0.0,264,0.1557196669999712,0,264,264,264,87,1,1,60,1,0,0.3086413339999581
s1_1000,S1-894981152,S2,US,selective_v1,0,28,1,6,2,7,0.25163849300020047,19,39,576,14,3.0,455,0.2525314360000266,1,539,538,539,116,1,1,60,0,1,0.5579322510000111
s1_1000,S1-894981152,S3,US,selective_v1,0,28,1,6,2,7,0.25337694799992505,19,39,445,13,4.0,329,0.2541970340000148,1,404,403,404,112,1,1,60,1,1,0.4702142429999867
s1_1000,S1-599108848,S2,US,selective_v1,0,15,0,2,0,2,0.09431826300004786,13,26,197,10,3.0,150,0.09479362499996569,24,174,150,174,87,1,1,60,2,24,0.19930648600001177
s1_1000,S1-599108848,S3,US,selective_v1,0,15,0,2,0,2,0.09798912400003701,13,26,182,10,3.0,154,0.09844643999997515,21,175,154,175,86,1,1,60,2,21,0.19841979699998546
s1_1000,S1-265935406,S2,US,selective_v1,0,36,1,10,4,11,0.1859096420000128,21,42,583,19,2.0,553,0.1871998799999801,1,554,553,554,108,1,1,60,1,1,0.4923423810000145
s1_1000,S1-265935406,S3,US,selective_v1,0,36,1,12,2,13,0.19341221500002348,21,42,753,21,0.0,684,0.19467189399995277,1,685,684,685,105,1,1,60,2,1,0.5651555700000017
s1_1000,S1-384623955,S2,India,selective_v1,0,105,10,20,0,30,0.250769410000089,24,50,680,20,4.0,445,0.2536100809999766,0,462,462,462,92,1,1,60,3,0,0.5175104360000091
s1_1000,S1-384623955,S3,India,selective_v1,0,105,10,16,0,26,0.24438760699996465,24,50,712,21,3.0,513,0.24773103299997956,1,545,545,546,101,1,1,60,1,1,0.5501916569999707
s1_1000,S1-642055972,S2,India,selective_v1,0,55,10,15,10,25,0.115231332999997,20,41,273,12,8.0,174,0.11626028599999927,0,176,176,176,89,1,1,60,2,0,0.2254590599999915
s1_1000,S1-642055972,S3,India,selective_v1,0,55,10,10,12,20,0.1521522619997313,23,47,316,13,9.0,278,0.1533370210000271,0,280,280,280,115,1,1,60,1,0,0.3239170929999773
s1_1000,S1-841451402,S2,India,selective_v1,0,91,21,23,24,44,0.5720093229999179,23,47,841,15,6.0,653,0.573971739000001,0,713,713,713,109,1,1,60,1,0,0.9687170120000133
s1_1000,S1-841451402,S3,India,selective_v1,0,91,21,22,19,43,0.7348040429999969,24,49,781,17,7.0,587,0.7369256609999866,1,643,642,643,106,1,1,60,5,1,1.106920940000009
s1_1000,S1-909919632,S2,India,selective_v1,0,55,10,5,0,15,0.15486391199993932,24,49,693,15,9.0,463,0.15699140899999975,1,493,492,493,115,1,1,60,1,1,0.4324878400000216
s1_1000,S1-909919632,S3,India,selective_v1,0,55,10,5,0,15,0.17315148199992336,24,49,427,13,11.0,299,0.1746218870000007,0,329,329,329,105,1,1,60,1,0,0.36358379299997523
s1_1000,S1-364947441,S2,US,selective_v1,0,15,0,3,0,3,0.07711841599996205,12,25,160,12,0.0,115,0.07749410299999226,0,127,127,127,81,1,1,60,3,0,0.15416670899998053
s1_1000,S1-364947441,S3,US,selective_v1,0,15,0,3,0,3,0.09960945699992863,12,25,228,12,0.0,186,0.10002531700001782,1,201,200,201,82,1,1,60,3,1,0.21159010799999578
s1_1000,S1-431196769,S2,India,selective_v1,0,105,21,21,0,42,0.14159480700027416,24,50,554,23,1.0,372,0.1439439870000001,1,421,420,421,114,1,1,60,3,1,0.3804708010000013
s1_1000,S1-431196769,S3,India,selective_v1,0,105,15,24,0,39,0.2740327819999493,24,50,660,23,1.0,502,0.27664813699999513,0,554,554,554,108,1,1,60,3,0,0.5871818410000174
s1_1000,S1-939078389,S2,US,selective_v1,0,28,1,4,2,5,0.1341716210002346,21,43,525,18,2.0,384,0.1350695589999873,4,429,425,429,112,1,1,60,2,4,0.3662227469999948
s1_1000,S1-939078389,S3,US,selective_v1,0,28,1,4,2,5,0.1390700049997804,21,43,604,17,2.0,436,0.1400038930000278,6,484,478,484,113,1,1,60,2,6,0.397852112999999
s1_1000,S1-804230106,S2,US,selective_v1,0,55,0,4,0,4,0.21472430599993686,24,49,660,21,3.0,626,0.21703154199997243,1,629,628,629,114,1,1,60,1,1,0.5660442610000018
s1_1000,S1-804230106,S3,US,selective_v1,0,55,0,4,0,4,0.22401486900002965,24,49,613,20,4.0,517,0.22593877999997858,1,524,523,524,83,1,1,60,3,1,0.5191688580000005
s1_1000,S1-81605219,S2,US,selective_v1,0,45,0,2,0,2,0.08050542299992003,24,49,452,16,2.0,386,0.08207138699998495,0,431,431,431,87,1,1,60,1,0,0.318292649
s1_1000,S1-81605219,S3,US,selective_v1,0,45,1,6,0,7,0.10467159900008483,24,49,569,20,4.0,456,0.1061263280000162,1,507,506,507,108,1,1,60,2,1,0.3691892129999701
s1_1000,S1-669371909,S2,US,selective_v1,0,45,1,10,0,11,0.25423889600000393,24,50,681,20,2.0,467,0.2555652309999914,0,612,612,612,115,1,1,60,2,0,0.5738024009999663
s1_1000,S1-669371909,S3,US,selective_v1,0,45,1,10,0,11,0.26467100899998286,24,50,734,22,2.0,488,0.26602534500000274,0,656,656,656,111,1,1,60,1,0,0.610393490999968
s1_1000,S1-722211742,S2,US,selective_v1,0,21,1,4,0,5,0.1999716300001637,16,33,326,16,0.0,265,0.20063610500000095,0,300,300,300,105,1,1,60,1,0,0.3686616090000143
s1_1000,S1-722211742,S3,US,selective_v1,0,21,1,4,0,5,0.2383068760001379,16,33,344,14,0.0,303,0.2389959419999741,1,323,322,323,114,1,1,60,1,1,0.40984363600000506
s1_1000,S1-344389867,S2,India,selective_v1,0,36,1,4,4,5,0.07200975400002108,24,51,405,20,2.0,232,0.0731201170000304,3,260,257,260,80,1,1,60,1,3,0.21966109099997766
s1_1000,S1-344389867,S3,India,selective_v1,0,36,1,6,5,7,0.1566946099999882,24,51,477,20,1.0,363,0.15786223300000302,15,395,380,395,80,1,1,60,2,15,0.39322750000002316
s1_1000,S1-245158009,S2,India,selective_v1,0,91,28,26,19,54,0.48792756799997505,18,36,699,12,5.0,602,0.4894983119999665,0,602,602,602,112,1,1,60,1,0,0.8032332779999933
s1_1000,S1-245158009,S3,India,selective_v1,0,91,15,45,11,60,0.5662354690000484,20,40,1123,17,2.0,1048,0.5678272769999921,0,1048,1048,1048,115,1,1,60,1,0,1.1279465819999928
s1_1000,S1-20197629,S2,US,selective_v1,0,15,0,2,0,2,0.08301093199997922,13,26,405,10,2.0,350,0.0835393450000197,42,392,350,392,98,1,1,60,1,41,0.293035782000004
s1_1000,S1-20197629,S3,US,selective_v1,0,15,0,2,0,2,0.08896392500008687,13,26,289,10,3.0,234,0.0894791590000068,47,235,234,281,130,1,1,60,4,41,0.2425796609999793
s1_1000,S1-207590961,S2,India,selective_v1,0,66,10,10,0,20,0.24184834400011823,24,51,610,22,2.0,431,0.24378698200001736,1,461,460,461,87,1,1,60,3,1,0.5014607599999863
s1_1000,S1-207590961,S3,India,selective_v1,0,66,6,13,0,19,0.35494300199985673,24,51,533,22,2.0,428,0.35686611500000254,1,436,435,436,96,1,1,60,3,1,0.5953047040000001
s1_1000,S1-526366343,S2,India,selective_v1,0,66,0,9,0,9,0.3226106029998732,24,50,542,19,5.0,390,0.32477716200003215,1,468,467,468,89,1,1,60,2,1,0.5937095550000322
s1_1000,S1-526366343,S3,India,selective_v1,0,66,0,5,0,5,0.2600057679998713,24,49,579,18,5.0,483,0.2622375949999878,0,520,520,520,100,1,1,60,1,0,0.5429269180000347
s1_1000,S1-949007210,S2,US,selective_v1,0,21,0,2,0,2,0.10515006899981927,19,39,365,12,0.0,345,0.10588457900001913,0,354,354,354,90,1,1,60,0,0,0.2980768150000017
s1_1000,S1-949007210,S3,US,selective_v1,0,21,0,2,0,2,0.11215696599987268,19,39,284,18,1.0,230,0.11281751699999631,0,242,242,242,81,1,1,60,1,0,0.25324284399999897
s1_1000,S1-536563041,S2,US,selective_v1,0,28,1,6,2,7,0.15988076799987994,19,41,422,18,1.0,269,0.1605905229999962,2,320,318,320,77,1,1,60,3,2,0.335284994999995
s1_1000,S1-536563041,S3,US,selective_v1,0,28,1,7,2,8,0.19433713499989835,18,39,326,11,1.0,259,0.19509158300002127,0,297,297,297,80,1,1,60,0,0,0.3528954450000015
s1_1000,S1-527878296,S2,India,selective_v1,0,36,6,13,4,19,0.220805387999917,13,26,561,8,5.0,505,0.2216333000000077,0,505,505,505,98,1,1,60,1,0,0.4822579959999871
s1_1000,S1-527878296,S3,India,selective_v1,0,36,6,13,4,19,0.3003445099998885,13,26,465,7,6.0,442,0.3011326849999705,4,446,442,446,89,1,1,60,1,4,0.544108494999989
s1_1000,S1-197999830,S2,US,selective_v1,0,36,1,10,4,11,0.1611115079999763,21,42,394,14,7.0,358,0.1621052000000418,1,359,358,359,109,1,1,60,1,1,0.3520309520000069
s1_1000,S1-197999830,S3,US,selective_v1,0,36,1,12,4,13,0.17691915000000336,19,38,441,14,5.0,401,0.17783782399999382,2,403,401,403,105,1,1,60,2,2,0.37706259700001965
s1_1000,S1-329046602,S2,US,selective_v1,0,15,1,4,0,5,0.04523598400010087,10,21,140,10,0.0,121,0.045646726999962084,138,128,128,266,152,1,1,60,1,44,0.1934004439999626
s1_1000,S1-329046602,S3,US,selective_v1,0,15,1,4,0,5,0.05204995799999779,10,21,164,10,0.0,122,0.05245801400002392,135,131,131,266,141,1,1,60,3,43,0.19482067300003791
s1_1000,S1-842422827,S2,India,selective_v1,0,78,28,8,20,36,0.3321326309999222,22,46,452,20,2.0,252,0.33373334200001636,0,258,258,258,48,0,0,48,1,0,0.4687754910000308
s1_1000,S1-842422827,S3,India,selective_v1,0,78,15,20,20,35,0.13800312699993356,23,48,388,20,1.0,250,0.13959244900001977,1,258,257,258,80,1,1,60,1,1,0.27937505900001725
s1_1000,S1-97576031,S2,US,selective_v1,0,28,0,2,4,2,0.07102409299994861,22,44,373,22,0.0,248,0.07195234699997854,7,255,248,255,91,1,1,60,3,7,0.20165504500005227
s1_1000,S1-97576031,S3,US,selective_v1,0,28,0,2,4,2,0.07219216999993705,22,45,441,19,0.0,268,0.07310515699998632,4,323,319,323,86,1,1,60,2,4,0.24601540600002636
s1_1000,S1-244663723,S2,US,selective_v1,0,28,0,3,3,3,0.21097715599984213,22,44,653,22,0.0,597,0.2122628810000151,2,599,597,599,92,1,1,60,3,2,0.5074673309999866
s1_1000,S1-244663723,S3,US,selective_v1,0,28,0,3,3,3,0.22230154199991148,22,44,731,22,0.0,691,0.22362126799998805,1,692,691,692,90,1,1,60,1,1,0.5650859080000146
s1_1000,S1-827192339,S2,US,selective_v1,0,21,0,1,0,1,0.011648651000029986,20,43,192,19,0.0,96,0.012193310999975893,1,153,152,153,79,1,1,60,2,1,0.09835666000003584
s1_1000,S1-827192339,S3,US,selective_v1,0,21,0,1,0,1,0.014191639000046052,20,43,205,11,0.0,107,0.014762099999984457,0,173,173,173,80,1,1,60,0,0,0.1141612710000004
s1_1000,S1-282340006,S2,US,selective_v1,0,45,1,11,6,12,0.26648715300001413,24,49,787,21,3.0,604,0.26798128600000837,1,645,644,645,112,1,1,60,1,1,0.599440866000009
s1_1000,S1-282340006,S3,US,selective_v1,0,45,1,12,7,13,0.24668065599985312,24,49,531,17,4.0,427,0.24794306499995855,4,455,451,455,110,1,1,60,1,4,0.474527715000022
s1_1000,S1-735626336,S2,US,selective_v1,0,78,3,17,0,20,0.04235720699995227,24,51,482,15,4.0,309,0.04422904300002983,46,377,377,423,138,1,1,60,1,43,0.2470861460000151
s1_1000,S1-735626336,S3,US,selective_v1,0,78,6,24,0,30,0.09072890599986749,24,50,482,14,7.0,273,0.09241141899997274,49,297,297,346,143,1,1,60,0,47,0.2632800019999877
s1_1000,S1-861072437,S2,US,selective_v1,0,21,1,0,0,1,0.03446825800000397,20,41,675,18,2.0,503,0.03531286600002659,1,589,588,589,103,1,1,60,2,1,0.3278994359999956
s1_1000,S1-861072437,S3,US,selective_v1,0,21,1,0,0,1,0.03640379499995561,20,41,744,18,2.0,556,0.03724292500004367,0,653,653,653,103,1,1,60,1,0,0.3458441230000062
s1_1000,S1-150446399,S2,US,selective_v1,0,55,0,4,0,4,0.19702591699990535,24,50,318,17,2.0,230,0.19872108900000285,2,274,272,274,85,1,1,60,3,2,0.3405123769999818
s1_1000,S1-150446399,S3,US,selective_v1,0,55,1,8,0,9,0.228190627999993,24,50,325,20,3.0,218,0.2296903740000289,1,273,272,273,90,1,1,60,1,1,0.3690907940000443
s1_1000,S1-446119207,S2,India,selective_v1,0,55,3,11,0,14,0.10319528200011518,24,49,421,14,8.0,300,0.10469127900000785,0,302,302,302,77,1,1,60,1,0,0.2653248499999563
s1_1000,S1-446119207,S3,India,selective_v1,0,55,3,6,0,9,0.11258313499996575,24,49,331,16,8.0,265,0.11416482099997438,2,269,267,269,81,1,1,60,3,2,0.2611169689999997
s1_1000,S1-63291897,S2,US,selective_v1,0,15,0,0,0,0,0.135620136,15,30,392,15,0.0,351,0.1362504359999548,31,382,351,382,108,1,1,60,1,31,0.3342313300000228
s1_1000,S1-63291897,S3,US,selective_v1,0,15,0,0,0,0,0.15228791499993122,15,30,494,15,0.0,430,0.15297440699998788,32,462,430,462,115,1,1,60,3,32,0.3814296930000296
s1_1000,S1-312045154,S2,India,selective_v1,0,78,15,24,16,39,0.2832197470000324,23,47,376,18,5.0,219,0.2847633609999889,2,224,222,224,93,1,1,60,3,2,0.40538579500002925
s1_1000,S1-312045154,S3,India,selective_v1,0,78,10,25,0,35,0.3460053739997875,24,49,302,16,8.0,264,0.3476417869999864,1,265,264,265,97,1,1,60,2,1,0.4874242719999984
s1_1000,S1-737773396,S2,US,selective_v1,0,10,0,2,0,2,0.03029620399996702,8,16,76,8,0.0,48,0.030553293999957987,4,52,48,52,51,0,0,51,4,4,0.060951168000030975
s1_1000,S1-737773396,S3,US,selective_v1,0,10,0,2,0,2,0.04087377099989453,8,16,83,8,0.0,72,0.041145648999986406,0,72,72,72,63,1,1,60,2,0,0.07909849700001814
s1_1000,S1-948556352,S2,US,selective_v1,0,15,0,1,0,1,0.017438992999984748,14,29,277,7,0.0,144,0.017847068000037325,0,253,253,253,113,1,1,60,0,0,0.15075636800003167
s1_1000,S1-948556352,S3,US,selective_v1,0,15,0,1,0,1,0.015906892000032258,14,29,374,11,0.0,193,0.016355906999990566,0,339,339,339,103,1,1,60,0,0,0.1796315830000026
s1_1000,S1-973146494,S2,India,selective_v1,0,105,28,35,22,63,0.2881767179999315,20,41,414,16,3.0,354,0.28969084499999553,0,366,366,366,93,1,1,60,0,0,0.49381172400001105
s1_1000,S1-973146494,S3,India,selective_v1,0,105,28,33,22,61,0.2500464690001536,22,45,296,16,6.0,244,0.2516312920000132,2,258,256,258,99,1,1,60,3,2,0.38798227399996676
s1_1000,S1-126889069,S2,US,selective_v1,0,36,3,9,4,12,0.2616601990000049,20,41,281,18,2.0,213,0.2625050999999985,3,229,226,229,111,1,1,60,1,3,0.3782126319999861
s1_1000,S1-126889069,S3,US,selective_v1,0,36,3,9,4,12,0.2540638200000558,20,41,440,18,2.0,304,0.2550883059999478,3,330,327,330,101,1,1,60,3,3,0.42220585699999447
s1_1000,S1-742486561,S2,US,selective_v1,0,28,1,5,2,6,0.13294974000007187,20,40,595,17,3.0,545,0.1338858970000274,3,548,545,548,94,1,1,60,1,3,0.4226735579999854
s1_1000,S1-742486561,S3,US,selective_v1,0,28,1,6,2,7,0.13194261700004972,19,38,612,14,3.0,581,0.13284478000002764,0,581,581,581,108,1,1,60,1,0,0.4132179380000025
s1_1000,S1-523035722,S2,US,selective_v1,0,36,3,6,4,9,0.05987343400016698,23,47,608,21,2.0,506,0.06098826900000631,2,541,539,541,104,1,1,60,1,2,0.3228365439999834
s1_1000,S1-523035722,S3,US,selective_v1,0,36,6,3,4,9,0.07263129799997614,23,47,696,21,2.0,554,0.07396197599996412,1,591,590,591,104,1,1,60,3,1,0.3579985810000039
s1_1000,S1-901533271,S2,India,selective_v1,0,36,3,7,4,10,0.18428099199985581,22,45,573,17,5.0,384,0.18550229199996693,0,400,400,400,108,1,1,60,2,0,0.38596340700001974
s1_1000,S1-901533271,S3,India,selective_v1,0,36,3,7,4,10,0.15720784700005197,22,45,562,18,4.0,317,0.15839486099997657,0,329,329,329,108,1,1,60,2,0,0.330482786999994
s1_1000,S1-442961487,S2,US,selective_v1,0,15,0,1,0,1,0.17389652699995395,14,29,258,8,1.0,150,0.17441305000005514,0,246,246,246,111,1,1,60,0,0,0.3007925
s1_1000,S1-442961487,S3,US,selective_v1,0,15,0,1,0,1,0.18546693700000105,14,29,296,13,1.0,176,0.18603400999995756,1,277,276,277,110,1,1,60,1,1,0.3165542159999859
s1_1000,S1-213948267,S2,US,selective_v1,0,21,0,3,0,3,0.1223760089998791,18,37,367,8,3.0,300,0.12303245300000754,11,366,355,366,120,1,1,60,0,11,0.2949277569999822
s1_1000,S1-213948267,S3,US,selective_v1,0,21,0,3,0,3,0.11579089200017734,18,37,393,9,3.0,316,0.11647077499998204,11,377,366,377,119,1,1,60,0,11,0.2928038150000134
s1_1000,S1-814233542,S2,US,selective_v1,0,36,0,3,4,3,0.1891110260000346,24,49,901,19,0.0,667,0.19069161100003384,25,863,838,863,106,1,1,60,1,25,0.6083739929999865
s1_1000,S1-814233542,S3,US,selective_v1,0,36,0,10,4,10,0.22507562799989955,22,45,1264,20,0.0,957,0.22667270099998404,23,1167,1144,1167,111,1,1,60,1,23,0.7735120210000446
s1_1000,S1-235133990,S2,US,selective_v1,0,15,0,1,0,1,0.03209153300002754,14,28,218,9,1.0,205,0.032543782999994164,1,206,205,206,89,1,1,60,3,1,0.1292015699999638
s1_1000,S1-235133990,S3,US,selective_v1,0,15,0,1,0,1,0.03270220500002097,14,28,190,10,1.0,178,0.033182351999982984,1,179,178,179,81,1,1,60,1,1,0.12099391600003173
s1_1000,S1-312881517,S2,India,selective_v1,0,36,3,6,4,9,0.061426458999847,23,47,415,18,5.0,306,0.06252172599999994,6,319,313,319,109,1,1,60,4,6,0.21798371699998143
s1_1000,S1-312881517,S3,India,selective_v1,0,36,1,4,4,5,0.07233688599990273,24,49,420,16,6.0,371,0.07351574400001937,5,380,375,380,91,1,1,60,2,5,0.2426588419999689
s1_1000,S1-783743077,S2,US,selective_v1,0,28,0,3,3,3,0.10288138999999319,22,45,207,19,2.0,161,0.10374451900003123,0,168,168,168,101,1,1,60,1,0,0.18770339700000704
s1_1000,S1-783743077,S3,US,selective_v1,0,28,0,3,3,3,0.08278994099993042,22,45,276,20,2.0,218,0.08365448400002151,0,226,226,226,103,1,1,60,2,0,0.1903487329999507
s1_1000,S1-830888917,S2,US,selective_v1,0,36,0,7,4,7,0.1965744070001847,24,48,502,19,4.0,469,0.19772468100001106,1,470,469,470,97,1,1,60,2,1,0.42229470499995614
s1_1000,S1-830888917,S3,US,selective_v1,0,36,0,9,4,9,0.18958144600026117,23,46,699,19,2.0,662,0.19075717399999803,0,662,662,662,111,1,1,60,2,0,0.5177921079999805
s1_1000,S1-844492132,S2,India,selective_v1,0,105,3,19,0,22,0.19304470500009074,24,48,487,15,9.0,386,0.19590222999994467,4,387,386,390,81,1,1,60,3,4,0.3861219979999646
s1_1000,S1-844492132,S3,India,selective_v1,0,105,3,17,0,20,0.2254621680000355,24,49,644,19,5.0,495,0.22851167299995723,7,537,530,537,78,1,1,60,3,7,0.49423323900009564
s1_1000,S1-597189874,S2,US,selective_v1,0,28,0,2,3,2,0.09964769999965029,23,48,211,20,3.0,152,0.10048557300001448,1,175,174,175,90,1,1,60,1,1,0.18484303800005364
s1_1000,S1-597189874,S3,US,selective_v1,0,28,0,2,3,2,0.10661654399984855,23,48,257,20,3.0,162,0.10749079300001085,2,179,177,179,97,1,1,60,4,2,0.19626413299999967
s1_1000,S1-776450551,S2,US,selective_v1,0,28,3,0,3,3,0.03498217900005329,22,46,473,19,3.0,302,0.035888805000013235,0,380,380,380,106,1,1,60,5,0,0.21967458999995415
s1_1000,S1-776450551,S3,US,selective_v1,0,28,3,0,3,3,0.03281665199995132,22,46,427,16,3.0,292,0.03379143999995904,0,360,360,360,105,1,1,60,2,0,0.20341215499990994
s1_1000,S1-77076355,S2,India,selective_v1,0,45,6,16,6,22,0.19501301699972373,17,34,439,13,4.0,408,0.19600625399993987,0,408,408,408,91,1,1,60,4,0,0.39690061800001786
s1_1000,S1-77076355,S3,India,selective_v1,0,45,3,17,6,20,0.3009849879998683,19,38,564,16,3.0,492,0.30206370300004437,0,492,492,492,97,1,1,60,3,0,0.5385485929999732
s1_1000,S1-304871029,S2,India,selective_v1,0,55,28,8,8,36,0.25421713400032786,11,22,305,5,6.0,291,0.25489532799997505,4,295,291,295,93,1,1,60,3,4,0.3936718140000721
s1_1000,S1-304871029,S3,India,selective_v1,0,55,21,22,4,43,0.23030050699992444,8,16,614,6,2.0,513,0.2310200409999652,21,534,513,534,100,1,1,60,1,21,0.4851719780000394
s1_1000,S1-365107228,S2,India,selective_v1,0,105,10,23,0,33,0.22653503599997293,24,48,759,20,4.0,614,0.22938857399992685,4,615,614,618,104,1,1,60,3,4,0.5356897970000318
s1_1000,S1-365107228,S3,India,selective_v1,0,105,3,29,0,32,0.25752091599997584,24,48,909,19,3.0,758,0.26068537300000116,7,765,758,765,114,1,1,60,1,7,0.6085698389999834
s1_1000,S1-645079990,S2,India,selective_v1,0,91,10,34,0,44,0.1496086489995605,24,48,783,13,11.0,641,0.15160109700002522,0,641,641,641,109,1,1,60,1,0,0.4701714450000054
s1_1000,S1-645079990,S3,India,selective_v1,0,91,10,35,0,45,0.1818217910002886,24,48,997,15,9.0,873,0.18389337100006742,0,873,873,873,113,1,1,60,1,0,0.5854761350000217
s1_1000,S1-766635811,S2,US,selective_v1,0,28,0,6,2,6,0.085737376000111,20,40,383,16,4.0,300,0.08658203000004505,67,301,300,367,140,1,1,60,2,48,0.26198375299998133
s1_1000,S1-766635811,S3,US,selective_v1,0,28,1,5,2,6,0.086843961999989,20,40,359,16,4.0,285,0.08770632799996747,76,286,285,361,142,1,1,60,2,46,0.2649810149999894
s1_1000,S1-944262355,S2,US,selective_v1,0,21,0,2,0,2,0.0936147339997433,19,40,125,15,2.0,36,0.09420115600005374,1,96,95,96,76,1,1,60,1,1,0.14684452899996359
s1_1000,S1-944262355,S3,US,selective_v1,0,21,0,2,0,2,0.07140216000027522,19,40,136,17,2.0,30,0.07199291799997809,2,87,85,87,77,1,1,60,3,2,0.12267085099995256
s1_1000,S1-999486252,S2,US,selective_v1,0,28,0,0,4,0,0.2189924769999152,24,50,468,19,1.0,191,0.21996970500003954,1,425,424,425,117,1,1,60,2,1,0.42516200399995796
s1_1000,S1-999486252,S3,US,selective_v1,0,28,0,0,4,0,0.23025876700012304,24,50,476,22,1.0,201,0.2312398919999623,1,428,427,428,115,1,1,60,1,1,0.43687561499996264
s1_1000,S1-311454962,S2,India,selective_v1,0,105,28,26,28,54,0.08572392799987938,23,47,604,16,7.0,449,0.08769036199998936,10,461,451,461,94,1,1,60,4,10,0.3302494280000019
s1_1000,S1-311454962,S3,India,selective_v1,0,105,21,36,8,57,0.272077130000298,24,49,922,16,3.0,779,0.2742392000000109,12,793,781,793,111,1,1,60,1,12,0.6465569989999267
s1_1000,S1-219437331,S2,US,selective_v1,0,36,1,8,5,9,0.25204304900012175,22,46,822,17,2.0,775,0.2532397759999867,1,781,780,781,79,1,1,60,1,1,0.5985002490000397
s1_1000,S1-219437331,S3,US,selective_v1,0,36,1,8,5,9,0.2616970440002433,22,46,767,19,3.0,692,0.2628898030000073,1,699,698,699,77,1,1,60,2,1,0.5863316539999914
s1_1000,S1-381399100,S2,US,selective_v1,0,28,1,4,2,5,0.1537054050000961,21,42,513,18,3.0,429,0.15469365899991772,3,432,429,432,100,1,1,60,3,3,0.37243163300001925
s1_1000,S1-381399100,S3,US,selective_v1,0,28,1,4,2,5,0.1682557319999205,21,42,612,16,3.0,570,0.16922284700001455,0,570,570,570,108,1,1,60,1,0,0.42990829500001837
s1_1000,S1-265117089,S2,US,selective_v1,0,45,3,6,0,9,0.0794727010003271,24,49,238,19,5.0,170,0.08063681800001632,0,202,202,202,87,1,1,60,1,0,0.17056342399996538
s1_1000,S1-265117089,S3,US,selective_v1,0,45,3,9,5,12,0.08820868100053758,24,49,276,21,3.0,187,0.089292275000048,1,217,216,217,84,1,1,60,1,1,0.18936598300001606
s1_1000,S1-992935020,S2,India,selective_v1,0,28,3,9,2,12,0.3009491759999037,14,28,267,10,3.0,248,0.30166259199995693,2,250,248,250,101,1,1,60,1,2,0.41891444500004127
s1_1000,S1-992935020,S3,India,selective_v1,0,28,0,9,1,9,0.19867767499965794,18,36,879,15,1.0,766,0.19969854700002543,1,767,766,767,106,1,1,60,4,1,0.5436189099999638
s1_1000,S1-506161326,S2,US,selective_v1,0,21,1,4,0,5,0.12384679299987056,16,34,357,14,2.0,36,0.12447716999997738,2,260,258,260,94,1,1,60,3,2,0.2451588570000922
s1_1000,S1-506161326,S3,US,selective_v1,0,21,1,4,0,5,0.13362719100007325,16,34,405,11,2.0,58,0.13422054000000117,1,311,310,311,109,1,1,60,1,1,0.27058505100001184
s1_1000,S1-312504034,S2,India,selective_v1,0,78,6,7,0,13,0.15751176400021905,24,49,852,19,3.0,717,0.16009412700009307,0,725,725,725,116,1,1,60,2,0,0.4923924430000852
s1_1000,S1-312504034,S3,India,selective_v1,0,78,3,9,0,12,0.22105836299977,24,49,943,22,2.0,805,0.22402902800001812,1,817,816,817,112,1,1,60,2,1,0.5931517419999182
s1_1000,S1-796436300,S2,US,selective_v1,0,36,3,9,4,12,0.03830385599997044,20,40,627,17,1.0,579,0.03943392999997286,175,580,579,754,136,1,1,60,4,43,0.4016471500000307
s1_1000,S1-796436300,S3,US,selective_v1,0,36,6,13,4,19,0.03634890600005747,13,26,653,12,1.0,582,0.037179047999984505,206,583,582,788,148,1,1,60,2,43,0.364547387000016
s1_1000,S1-311421838,S2,US,selective_v1,0,21,0,3,0,3,0.06627077400014514,18,38,239,9,3.0,173,0.06692512400002215,56,188,187,243,127,1,1,60,1,50,0.16867704000003414
s1_1000,S1-311421838,S3,US,selective_v1,0,21,0,3,0,3,0.07110834399998112,18,38,308,15,3.0,227,0.07175815400000829,63,244,243,306,128,1,1,60,3,52,0.19671998599994822
s1_1000,S1-89277904,S2,US,selective_v1,0,15,1,2,0,3,0.014727192999998806,12,26,117,11,1.0,35,0.01506489500002317,96,58,56,152,97,1,1,60,3,41,0.08701863499993578
s1_1000,S1-89277904,S3,US,selective_v1,0,15,1,2,0,3,0.01398215099970912,12,26,94,11,1.0,37,0.014335002000052555,103,58,57,160,106,1,1,60,1,49,0.0958647039999505
s1_1000,S1-277847890,S2,US,selective_v1,0,28,0,2,3,2,0.11805178600047839,23,46,84,9,2.0,84,0.11888902499993037,0,84,84,84,76,1,1,60,0,0,0.1692911009999989
s1_1000,S1-277847890,S3,US,selective_v1,0,28,1,4,2,5,0.13430576599989763,21,42,317,18,3.0,269,0.1351257459999715,1,270,269,270,79,1,1,60,2,1,0.2627504230000568
s1_1000,S1-239536988,S2,US,selective_v1,0,15,0,0,0,0,0.023888502999966477,15,32,269,10,1.0,114,0.02445064200003344,0,227,227,227,117,1,1,60,3,0,0.14048007399992457
s1_1000,S1-239536988,S3,US,selective_v1,0,15,0,0,0,0,0.022695508000083464,15,32,280,14,1.0,106,0.02318368399994597,0,234,234,234,115,1,1,60,1,0,0.14002791000007164
s1_1000,S1-543828787,S2,US,selective_v1,0,21,0,4,0,4,0.14304150099974322,17,34,466,12,2.0,448,0.14379643099994155,2,450,448,450,89,1,1,60,2,2,0.3504510660000051
s1_1000,S1-543828787,S3,US,selective_v1,0,21,0,4,0,4,0.15054333399984898,17,34,324,14,3.0,295,0.1512265110000044,2,297,295,297,84,1,1,60,1,2,0.28476126099997146
s1_1000,S1-699857230,S2,India,selective_v1,0,15,1,6,0,7,0.07939619000012499,8,16,122,5,3.0,109,0.07974236500001552,3,111,109,112,76,1,1,60,2,3,0.1396740839999211
s1_1000,S1-699857230,S3,India,selective_v1,0,15,0,3,0,3,0.09922136199998022,12,24,298,9,3.0,239,0.09967349399994418,1,240,239,240,97,1,1,60,2,1,0.2050889230000621
s1_1000,S1-969181893,S2,US,selective_v1,0,21,0,1,0,1,0.02547740699969836,20,41,296,14,3.0,139,0.02610483999990265,1,256,255,256,106,1,1,60,3,1,0.1531433319998996
s1_1000,S1-969181893,S3,US,selective_v1,0,21,0,1,0,1,0.027305667000064204,20,41,320,17,3.0,158,0.027968993999934355,0,272,272,272,101,1,1,60,3,0,0.14708484499999486
s1_1000,S1-927504155,S2,India,selective_v1,0,120,10,24,0,34,0.33188829899972916,24,48,480,22,2.0,433,0.3350310170000057,0,433,433,433,113,1,1,60,1,0,0.5396052880000752
s1_1000,S1-927504155,S3,India,selective_v1,0,120,6,25,0,31,0.5434064339996212,24,48,652,21,3.0,568,0.5468350099999952,1,569,568,569,89,1,1,60,2,1,0.8029489380000996
s1_1000,S1-110222779,S2,US,selective_v1,0,36,3,11,4,14,0.13929835500016452,18,36,454,15,2.0,400,0.14023947500004397,1,401,400,401,117,1,1,60,1,1,0.3167548800000759
s1_1000,S1-110222779,S3,US,selective_v1,0,36,3,11,4,14,0.14160467399983645,18,36,337,15,3.0,307,0.14244716299992888,1,308,307,308,113,1,1,60,2,1,0.2846718990000454
s1_1000,S1-118782634,S2,India,selective_v1,0,36,3,3,4,6,0.08864553799946862,24,51,519,22,1.0,262,0.08994129000006978,1,306,305,306,78,1,1,60,2,1,0.2451748820000148
s1_1000,S1-118782634,S3,India,selective_v1,0,36,1,5,4,6,0.10248990000036429,24,51,297,16,2.0,141,0.10358230500003174,0,194,194,194,79,1,1,60,1,0,0.19632399900001474
s1_1000,S1-790467803,S2,US,selective_v1,0,45,3,12,7,15,0.1298127569996268,23,46,747,17,6.0,656,0.13115856799993253,2,657,656,658,106,1,1,60,4,2,0.4123765540000477
s1_1000,S1-790467803,S3,US,selective_v1,0,45,3,14,7,17,0.1685969809997232,21,42,770,16,5.0,722,0.16984902199999397,1,723,722,723,115,1,1,60,2,1,0.4778355650000776
s1_1000,S1-629371829,S2,India,selective_v1,0,66,10,15,9,25,0.13893224200000986,24,48,601,14,10.0,406,0.1405620309999449,8,414,406,414,105,1,1,60,1,8,0.32819051700005275
s1_1000,S1-629371829,S3,India,selective_v1,0,66,6,20,0,26,0.21198511600016445,24,49,922,18,6.0,644,0.21385846699990907,19,698,679,698,118,1,1,60,1,19,0.5029859830000305
s1_1000,S1-217661413,S2,US,selective_v1,0,36,0,2,2,2,0.06218609500024286,24,51,396,20,0.0,141,0.06327471600002355,1,329,328,329,105,1,1,60,2,1,0.21858090699993227
s1_1000,S1-217661413,S3,US,selective_v1,0,36,1,4,4,5,0.0691175720000956,24,51,592,21,0.0,325,0.07024056099999143,0,526,526,526,102,1,1,60,2,0,0.28500025099992854
s1_1000,S1-402565372,S2,US,selective_v1,0,45,3,9,5,12,0.22390282100013792,24,48,619,19,4.0,580,0.2252840080000169,0,580,580,580,98,1,1,60,1,0,0.46764546600002177
s1_1000,S1-402565372,S3,US,selective_v1,0,45,3,9,5,12,0.22977695200017934,24,48,687,20,4.0,616,0.2312176420000469,3,619,616,619,110,1,1,60,2,3,0.4840670969999792
s1_1000,S1-855364465,S2,US,selective_v1,0,21,0,3,0,3,0.10522825299983651,18,38,259,16,2.0,163,0.10590230200000406,2,178,176,178,86,1,1,60,3,2,0.1859229609999602
s1_1000,S1-855364465,S3,US,selective_v1,0,21,0,3,0,3,0.09867981299987605,18,38,275,16,2.0,203,0.09928376000004846,1,224,223,224,81,1,1,60,1,1,0.20583774700003232
s1_1000,S1-360190920,S2,US,selective_v1,0,36,1,4,4,5,0.06738686600021992,24,50,518,20,0.0,397,0.0684962650000216,0,460,460,460,95,1,1,60,0,0,0.260898060000045
s1_1000,S1-360190920,S3,US,selective_v1,0,36,1,4,4,5,0.07174503799978993,24,49,493,18,0.0,451,0.0728797909999912,1,456,455,456,106,1,1,60,0,1,0.2690931410000985
s1_1000,S1-802949812,S2,US,selective_v1,0,36,1,13,4,14,0.06661360400028116,18,36,491,16,2.0,431,0.06748294500005159,2,433,431,433,110,1,1,60,1,2,0.2663890359999641
s1_1000,S1-802949812,S3,US,selective_v1,0,36,1,13,4,14,0.07146682100005819,18,36,531,15,2.0,486,0.07232852300001014,1,487,486,487,108,1,1,60,1,1,0.2721447830000443
s1_1000,S1-153755890,S2,US,selective_v1,0,36,3,10,4,13,0.0714205890002404,19,39,272,12,3.0,185,0.0722179929999811,3,233,233,236,114,1,1,60,1,3,0.17207209299999704
s1_1000,S1-153755890,S3,US,selective_v1,0,36,3,10,4,13,0.05053562900025099,19,39,315,16,3.0,195,0.05128352199994879,2,254,253,255,108,1,1,60,3,2,0.16687005799997223
s1_1000,S1-265118127,S2,US,selective_v1,0,28,0,3,3,3,0.05235721700023532,22,44,337,16,2.0,325,0.0532888150000872,0,325,325,325,95,1,1,60,1,0,0.1974568079999699
s1_1000,S1-265118127,S3,US,selective_v1,0,28,0,4,2,4,0.051825114999815014,22,44,380,16,1.0,366,0.052686648000076275,0,366,366,366,100,1,1,60,0,0,0.19873628600009852
s1_1000,S1-42128902,S2,India,selective_v1,0,45,6,11,7,17,0.11771011300015743,21,43,287,11,7.0,278,0.11867453600007138,2,281,279,281,91,1,1,60,1,2,0.24270593700009613
s1_1000,S1-42128902,S3,India,selective_v1,0,45,3,12,7,15,0.15008001400019566,23,47,478,15,6.0,435,0.1512918500000069,2,438,436,438,91,1,1,60,1,2,0.33899851000001036
s1_1000,S1-655665109,S2,US,selective_v1,0,28,0,4,2,4,0.06836404200021207,22,46,541,19,1.0,421,0.069247230999963,0,446,446,446,109,1,1,60,1,0,0.25625686699993366
s1_1000,S1-655665109,S3,US,selective_v1,0,28,0,5,2,5,0.06771488800018233,21,44,546,20,1.0,351,0.06860422899990226,1,379,378,379,102,1,1,60,4,1,0.2380222890000141
s1_1000,S1-157773599,S2,US,selective_v1,0,36,1,5,4,6,0.02468598800021482,24,50,540,18,1.0,409,0.025834747999965657,0,439,439,439,82,1,1,60,1,0,0.22755672600010257
s1_1000,S1-157773599,S3,US,selective_v1,0,36,1,5,4,6,0.02687636499990731,24,50,544,18,1.0,440,0.02807601599999998,0,461,461,461,80,1,1,60,0,0,0.22060202399995887
s1_1000,S1-760840682,S2,US,selective_v1,0,36,1,6,5,7,0.14304737299971748,24,49,641,20,4.0,344,0.14431748999993488,2,535,533,535,108,1,1,60,2,2,0.37606691400003456
s1_1000,S1-760840682,S3,US,selective_v1,0,36,1,8,5,9,0.09877173899974423,22,45,644,19,3.0,249,0.09990519899997707,1,485,484,485,105,1,1,60,4,1,0.29680108900004143
s1_1000,S1-162034320,S2,India,selective_v1,0,55,6,23,8,29,0.2771057400003656,18,36,715,12,6.0,584,0.27837732900002266,1,585,584,585,109,1,1,60,2,1,0.5245669419999786
s1_1000,S1-162034320,S3,India,selective_v1,0,55,6,22,8,28,0.3650914380002632,19,38,848,13,6.0,677,0.36645640000006097,2,679,677,679,103,1,1,60,2,2,0.6495032899999842
s1_1000,S1-96692956,S2,US,selective_v1,0,28,1,8,2,9,0.12158787000032589,17,34,399,15,2.0,383,0.12235889999999472,0,383,383,383,104,1,1,60,1,0,0.2918143699999973
s1_1000,S1-96692956,S3,US,selective_v1,0,28,1,8,2,9,0.12920403099985833,17,34,354,13,2.0,351,0.12994766600002094,0,351,351,351,112,1,1,60,1,0,0.2579862200000207
s1_1000,S1-434796515,S2,US,selective_v1,0,36,1,0,4,1,0.03524324699981207,24,51,361,8,3.0,180,0.03644532800001343,2,315,313,315,119,1,1,60,2,2,0.15357190999998238
s1_1000,S1-434796515,S3,US,selective_v1,0,36,3,3,3,6,0.0558692230001725,24,50,514,12,9.0,249,0.056974405999994815,1,383,382,383,105,1,1,60,1,1,0.2279799880000155
s1_1000,S1-610736130,S2,India,selective_v1,0,66,3,6,0,9,0.16579977400010648,24,53,342,20,1.0,277,0.1677765739999586,0,290,290,290,74,1,1,60,0,0,0.29896252199989704
s1_1000,S1-610736130,S3,India,selective_v1,0,28,1,7,2,8,0.09435819399959655,18,37,380,13,1.0,324,0.0952500210000835,0,341,341,341,80,1,1,60,0,0,0.24487541000007695
s1_1000,S1-996502126,S2,US,selective_v1,0,36,1,4,3,5,0.12203780200002257,24,48,545,19,5.0,456,0.12338329199997133,6,462,456,462,102,1,1,60,2,6,0.3262353650000023
s1_1000,S1-996502126,S3,US,selective_v1,0,36,1,6,5,7,0.12700515300014104,24,48,562,20,4.0,444,0.12813955399997212,6,450,444,450,113,1,1,60,3,6,0.290199494000035
s1_1000,S1-796454810,S2,India,selective_v1,0,105,6,21,0,27,0.44950286199957645,24,50,599,16,7.0,356,0.45250957799999014,12,401,401,413,92,1,1,60,0,12,0.632760664999978
s1_1000,S1-796454810,S3,India,selective_v1,0,105,3,23,0,26,0.37981245000014496,24,50,642,17,5.0,484,0.3827375570000413,13,535,522,535,91,1,1,60,2,13,0.6197823969999945
s1_1000,S1-969427771,S2,US,selective_v1,0,28,1,2,3,3,0.05291552899996077,22,45,530,14,2.0,407,0.05383616400001756,2,480,478,480,99,1,1,60,3,2,0.24883648800005176
s1_1000,S1-969427771,S3,US,selective_v1,0,28,3,6,2,9,0.05486161399994671,17,35,517,15,1.0,359,0.0556383470000128,0,427,427,427,108,1,1,60,1,0,0.22366410600000108
s1_1000,S1-189522612,S2,US,selective_v1,0,28,1,6,2,7,0.054426365999916015,19,40,264,15,1.0,159,0.0551199029999907,1,234,233,234,117,1,1,60,1,1,0.14875824400007787
s1_1000,S1-189522612,S3,US,selective_v1,0,28,1,6,2,7,0.055850068000040665,19,40,347,18,1.0,161,0.05655112800002371,0,268,268,268,112,1,1,60,4,0,0.17163718699998753
s1_1000,S1-825077757,S2,US,selective_v1,0,28,0,4,3,4,0.11783149500013224,21,43,614,17,0.0,393,0.11900657399996817,1,558,557,558,105,1,1,60,1,1,0.3609162519999245
s1_1000,S1-825077757,S3,US,selective_v1,0,28,0,4,3,4,0.11325852200013742,21,43,683,21,0.0,387,0.1144236439999986,1,610,609,610,93,1,1,60,1,1,0.355851193000035
s1_1000,S1-498058980,S2,India,selective_v1,0,78,1,15,0,16,0.34362509099992167,24,52,236,21,3.0,80,0.34568938100005653,0,134,134,134,66,1,1,60,3,0,0.4174044800000729
s1_1000,S1-498058980,S3,India,selective_v1,0,78,1,9,0,10,0.3147178710000844,24,52,177,20,4.0,75,0.316974737999999,0,131,131,131,67,1,1,60,2,0,0.3763057830000207
s1_1000,S1-460505313,S2,US,selective_v1,0,28,0,1,4,1,0.03819919100021707,23,48,547,23,0.0,288,0.039349357999981294,1,499,498,499,80,1,1,60,1,1,0.2534497339999007
s1_1000,S1-460505313,S3,US,selective_v1,0,28,0,1,4,1,0.03154830899973149,23,48,384,13,1.0,159,0.03250671099999636,1,357,356,357,81,1,1,60,1,1,0.1868787880000582
s1_1000,S1-623356040,S2,US,selective_v1,0,45,1,1,0,2,0.06157477200054018,24,49,628,14,1.0,376,0.06314259199996286,3,573,570,573,112,1,1,60,4,3,0.3003129999999601
s1_1000,S1-623356040,S3,US,selective_v1,0,45,3,6,0,9,0.20783735100019385,24,49,855,20,4.0,498,0.2094367309999825,0,714,714,714,96,1,1,60,2,0,0.5110640519999379
s1_1000,S1-252619131,S2,US,selective_v1,0,28,1,6,2,7,0.12481364899997516,19,38,767,13,5.0,662,0.1257878769999934,7,669,662,669,106,1,1,60,4,7,0.3886883630000284
s1_1000,S1-252619131,S3,US,selective_v1,0,28,3,6,2,9,0.14275186200006829,17,34,545,10,6.0,481,0.1436576309999964,4,485,481,485,100,1,1,60,0,4,0.3339820940000209
s1_1000,S1-655931201,S2,India,selective_v1,0,36,6,0,5,6,0.06946224900002562,24,48,277,15,8.0,170,0.07056687199997214,1,171,170,171,79,1,1,60,1,1,0.1404449830000658
s1_1000,S1-655931201,S3,India,selective_v1,0,36,3,3,5,6,0.07571788099983223,24,48,259,12,7.0,184,0.07676826400006576,0,184,184,184,90,1,1,60,0,0,0.1594115849999298
s1_1000,S1-780423580,S2,US,selective_v1,0,21,0,2,0,2,0.08303524199982348,19,41,430,13,1.0,146,0.08368565600005695,40,377,337,377,99,1,1,60,1,40,0.2464205009999887
s1_1000,S1-780423580,S3,US,selective_v1,0,21,0,2,0,2,0.08905919000017093,19,41,509,18,1.0,129,0.08975197099994148,32,416,384,416,96,1,1,60,2,32,0.24795219999998608
s1_1000,S1-377560297,S2,US,selective_v1,0,21,1,0,0,1,0.02179569999987052,20,41,364,17,1.0,206,0.02241982900000039,0,332,332,332,115,1,1,60,2,0,0.16253868000001148
s1_1000,S1-377560297,S3,US,selective_v1,0,21,1,0,0,1,0.02486890999989555,20,41,416,19,1.0,221,0.025513094000075398,2,348,346,348,104,1,1,60,4,2,0.15693945800001075
s1_1000,S1-382849428,S2,US,selective_v1,0,10,0,0,0,0,0.046738768999944114,10,20,34,7,3.0,28,0.04699167900002976,0,28,28,28,28,0,0,28,2,0,0.06613257200001499
s1_1000,S1-382849428,S3,US,selective_v1,0,10,0,0,0,0,0.0415023249998967,10,20,33,7,3.0,20,0.04176313699997536,2,22,20,22,22,0,0,22,2,2,0.056166869999970004
s1_1000,S1-707985814,S2,India,selective_v1,0,55,6,22,8,28,0.2934189670000933,19,38,440,11,8.0,358,0.2944679790000464,0,358,358,358,93,1,1,60,2,0,0.45128088699993896
s1_1000,S1-707985814,S3,India,selective_v1,0,55,6,23,8,29,0.2890243490002149,18,36,508,12,6.0,427,0.2900996490000125,3,430,427,430,91,1,1,60,3,3,0.4817132999999103
s1_1000,S1-34034222,S2,India,selective_v1,0,105,21,7,0,28,0.3585864670000092,24,51,434,13,5.0,413,0.36120591999997487,0,420,420,420,116,1,1,60,1,0,0.5433273200000031
s1_1000,S1-34034222,S3,India,selective_v1,0,105,15,18,0,33,0.2888374189996057,24,51,445,15,5.0,409,0.29142855999998574,3,418,415,418,103,1,1,60,4,3,0.47255053599997154
s1_1000,S1-513269657,S2,India,selective_v1,0,28,1,4,2,5,0.03291740000020127,21,44,223,13,5.0,207,0.03356447199996637,0,209,209,209,80,1,1,60,2,0,0.11954363999996076
s1_1000,S1-513269657,S3,India,selective_v1,0,28,1,6,2,7,0.04033387399988442,19,40,315,15,2.0,295,0.040991272000042045,2,299,297,299,80,1,1,60,1,2,0.1474804329999415
s1_1000,S1-177954343,S2,US,selective_v1,0,21,0,4,0,4,0.048381386999722054,17,34,470,16,1.0,445,0.04905712200002199,0,445,445,445,96,1,1,60,1,0,0.22955151799999385
s1_1000,S1-177954343,S3,US,selective_v1,0,21,0,4,0,4,0.052928654999732316,17,34,341,13,2.0,325,0.05352873100002853,0,325,325,325,96,1,1,60,2,0,0.17820610100000067
s1_1000,S1-178459407,S2,US,selective_v1,0,21,0,5,0,5,0.08734963300014442,16,32,323,14,2.0,302,0.08798065299993141,63,303,302,365,143,1,1,60,3,51,0.23093385099991792
s1_1000,S1-178459407,S3,US,selective_v1,0,21,0,5,0,5,0.08587419599962232,16,32,366,14,2.0,358,0.08649729899991598,55,360,358,413,145,1,1,60,0,48,0.24095568300003833
s1_1000,S1-606275527,S2,India,selective_v1,0,120,15,19,0,34,0.30525867900030335,24,48,685,19,2.0,634,0.30871394500002225,0,634,634,634,113,1,1,60,0,0,0.5492082179999898
s1_1000,S1-606275527,S3,India,selective_v1,0,120,10,22,0,32,0.6438520009998001,24,48,664,20,4.0,586,0.6475231439999334,0,586,586,586,110,1,1,60,3,0,0.8858437409999169
s1_1000,S1-887719275,S2,US,selective_v1,0,21,0,2,0,2,0.11682628599999134,19,38,573,16,3.0,545,0.11766661800004385,1,546,545,546,117,1,1,60,1,1,0.33715756399999464
s1_1000,S1-887719275,S3,US,selective_v1,0,21,1,1,0,2,0.11288061300001573,19,38,573,15,3.0,548,0.11370909800007212,2,550,548,550,118,1,1,60,3,2,0.33094253499996285
s1_1000,S1-192732186,S2,US,selective_v1,0,21,1,6,0,7,0.0686887999999044,14,28,472,12,2.0,451,0.06932153100001415,5,456,451,456,116,1,1,60,1,5,0.2414045680000072
s1_1000,S1-192732186,S3,US,selective_v1,0,21,1,6,0,7,0.06469001599987223,14,28,378,11,3.0,350,0.0652895890000309,5,355,350,355,113,1,1,60,2,5,0.1903101579999884
s1_1000,S1-608967414,S2,US,selective_v1,0,28,0,2,3,2,0.020457610999869758,23,47,450,14,2.0,144,0.02120465999996668,45,421,376,421,113,1,1,60,1,40,0.17697059900001477
s1_1000,S1-608967414,S3,US,selective_v1,0,28,1,4,2,5,0.03502510800012715,21,42,296,13,3.0,251,0.035766501000011885,41,292,251,292,109,1,1,60,0,41,0.14058684199994786
s1_1000,S1-788669533,S2,US,selective_v1,0,15,0,2,0,2,0.06488765699987198,13,26,234,12,0.0,222,0.06535129099995629,1,223,222,223,112,1,1,60,1,1,0.14678848100004416
s1_1000,S1-788669533,S3,US,selective_v1,0,15,0,2,0,2,0.06508504999965226,13,26,292,11,0.0,284,0.0655624749999788,0,284,284,284,114,1,1,60,1,0,0.18124367200005054
s1_1000,S1-828214924,S2,US,selective_v1,0,45,3,3,0,6,0.049371819000043615,24,48,613,18,5.0,563,0.05088231700005963,1,564,563,564,107,1,1,60,1,1,0.28232221500002197
s1_1000,S1-828214924,S3,US,selective_v1,0,45,3,3,0,6,0.04744086099992728,24,48,679,19,5.0,617,0.04895163000003322,1,618,617,618,109,1,1,60,3,1,0.2695777449999923
s1_1000,S1-497411990,S2,US,selective_v1,0,21,0,3,0,3,0.0956008649998239,18,36,327,17,1.0,299,0.09623777700005576,0,299,299,299,113,1,1,60,1,0,0.22660697800006346
s1_1000,S1-497411990,S3,US,selective_v1,0,21,0,3,0,3,0.09838001500008886,18,36,351,15,1.0,340,0.09903067899995222,0,340,340,340,117,1,1,60,1,0,0.23529528599999594
s1_1000,S1-526632358,S2,India,selective_v1,0,120,21,27,0,48,0.38420275700025286,24,48,815,18,4.0,692,0.38739757300004385,0,692,692,692,112,1,1,60,3,0,0.6903929469999639
s1_1000,S1-526632358,S3,India,selective_v1,0,120,6,29,0,35,0.3707937670002366,24,49,817,18,6.0,578,0.37437855900009254,1,635,634,635,90,1,1,60,2,1,0.625812107999991
s1_1000,S1-349678557,S2,India,selective_v1,0,55,3,6,0,9,0.16511824799999886,24,50,401,17,5.0,329,0.16670079100003932,6,337,336,342,108,1,1,60,2,6,0.30668200600007367
s1_1000,S1-349678557,S3,India,selective_v1,0,45,1,8,3,9,0.2045140079999328,24,49,375,11,7.0,314,0.20587274000001798,12,317,317,329,92,1,1,60,0,12,0.3366043539999737
s1_1000,S1-515678303,S2,US,selective_v1,0,28,3,3,2,6,0.0648921220002876,20,40,533,18,2.0,451,0.06574173299998165,0,451,451,451,100,1,1,60,1,0,0.22209329500003605
s1_1000,S1-515678303,S3,US,selective_v1,0,28,3,3,2,6,0.07605439800011027,20,40,594,17,2.0,504,0.0769814770000039,0,504,504,504,93,1,1,60,1,0,0.28104755100002876
s1_1000,S1-745006607,S2,US,selective_v1,0,36,1,8,4,9,0.23128327000017634,23,47,836,21,2.0,599,0.23278447799998503,1,746,745,746,110,1,1,60,1,1,0.5088732789999995
s1_1000,S1-745006607,S3,US,selective_v1,0,36,1,8,4,9,0.23450934599998163,23,47,712,20,3.0,520,0.23565102999998544,2,638,636,638,105,1,1,60,2,2,0.4712217100000089
s1_1000,S1-371904317,S2,India,selective_v1,0,55,15,6,12,21,0.037907203999907324,22,44,495,15,7.0,362,0.039131336999957966,1,363,362,363,79,1,1,60,1,1,0.18772463599998446
s1_1000,S1-371904317,S3,India,selective_v1,0,55,15,6,12,21,0.06460966400004509,22,44,554,14,7.0,394,0.06602329500003634,1,395,394,395,80,1,1,60,1,1,0.22119295999993938
s1_1000,S1-622658111,S2,US,selective_v1,0,15,0,3,0,3,0.09472403500001292,12,25,411,11,0.0,311,0.09529082300002756,151,399,397,548,155,1,1,60,1,41,0.3174448139999413
s1_1000,S1-622658111,S3,US,selective_v1,0,15,0,3,0,3,0.0925620519998347,12,25,438,9,0.0,353,0.09344592400009333,169,430,428,597,157,1,1,60,1,37,0.3089858349999304
s1_1000,S1-337946117,S2,India,selective_v1,0,120,21,29,0,50,0.6603969689997484,24,49,569,13,11.0,352,0.6630688469999768,0,410,410,410,112,1,1,60,4,0,0.8256424370000559
s1_1000,S1-337946117,S3,India,selective_v1,0,120,10,43,0,53,0.6446604819999493,24,48,641,15,9.0,589,0.6472322179999992,0,589,589,589,105,1,1,60,2,0,0.8636920919999511
s1_1000,S1-625817119,S2,US,selective_v1,0,28,1,0,4,1,0.01503508799987685,23,48,385,23,0.0,252,0.01594097400004557,1,328,327,328,118,1,1,60,1,1,0.14056072400001085
s1_1000,S1-625817119,S3,US,selective_v1,0,28,1,0,4,1,0.015326663000337248,23,48,427,23,0.0,253,0.016225426000005427,1,353,352,353,110,1,1,60,2,1,0.13940795600001366
s1_1000,S1-295078193,S2,US,selective_v1,0,28,0,6,2,6,0.05138898299992434,20,41,387,17,1.0,277,0.05212628599997515,0,354,354,354,113,1,1,60,1,0,0.18852672999992137
s1_1000,S1-295078193,S3,US,selective_v1,0,28,0,6,2,6,0.05005627100001675,20,41,398,12,1.0,296,0.05080252800007656,0,365,365,365,115,1,1,60,0,0,0.18574389200000496
s1_1000,S1-444041166,S2,US,selective_v1,0,45,1,4,0,5,0.09717793499976324,24,48,166,11,6.0,160,0.09847045300000445,1,161,160,161,88,1,1,60,1,1,0.17193344600002547
s1_1000,S1-444041166,S3,US,selective_v1,0,45,3,10,7,13,0.13028839899993727,24,48,874,17,7.0,791,0.131775231000006,1,792,791,792,106,1,1,60,2,1,0.41646478400002707
s1_1000,S1-644909060,S2,India,selective_v1,0,120,10,49,0,59,0.4427651209995247,24,49,887,18,6.0,832,0.44570442199994886,0,841,841,841,95,1,1,60,1,0,0.7538919519998899
s1_1000,S1-644909060,S3,India,selective_v1,0,120,6,42,0,48,0.3563899240001547,24,49,581,17,7.0,442,0.35914267700002256,2,449,447,449,86,1,1,60,4,2,0.5154823510000597
s1_1000,S1-361137897,S2,India,selective_v1,0,120,15,27,0,42,0.14702470500026266,24,49,965,23,1.0,852,0.15012816600005863,1,869,868,869,95,1,1,60,2,1,0.4646526270000777
s1_1000,S1-361137897,S3,India,selective_v1,0,120,6,34,0,40,0.12045202700039681,24,49,695,17,2.0,642,0.12343188199997712,1,656,655,656,90,1,1,60,0,1,0.3617894979998937
s1_1000,S1-41317566,S2,India,selective_v1,0,55,3,21,10,24,0.32330136699988543,21,42,859,17,4.0,736,0.3247386259999985,3,739,736,739,101,1,1,60,4,3,0.6017617520000158
s1_1000,S1-41317566,S3,India,selective_v1,0,55,3,15,7,18,0.2035377529998641,24,48,787,17,6.0,696,0.20513399399999344,1,697,696,697,112,1,1,60,2,1,0.45554666599991833
s1_1000,S1-708966187,S2,India,selective_v1,0,66,15,18,13,33,0.10476035900035185,20,40,492,10,10.0,365,0.10600287399995523,6,371,365,371,107,1,1,60,2,6,0.2410445200000595
s1_1000,S1-708966187,S3,India,selective_v1,0,66,6,29,10,35,0.13199693100000331,21,42,1078,15,5.0,797,0.1334605179999926,13,810,797,810,119,1,1,60,0,13,0.41254730699995434
s1_1000,S1-800315369,S2,US,selective_v1,0,28,1,6,2,7,0.06409480500030895,19,39,310,18,1.0,238,0.0648024690000284,0,265,265,265,97,1,1,60,1,0,0.16012127999999848
s1_1000,S1-800315369,S3,US,selective_v1,0,28,1,6,2,7,0.07112577399993825,19,39,387,18,1.0,285,0.071884802999989,1,316,315,316,113,1,1,60,1,1,0.17854442700001982
s1_1000,S1-743238002,S2,US,selective_v1,0,21,0,0,0,0,0.04722271099956288,21,43,447,19,2.0,295,0.047973657999932584,1,408,407,408,103,1,1,60,1,1,0.2015578429999323
s1_1000,S1-743238002,S3,US,selective_v1,0,21,0,0,0,0,0.049733176000245294,21,43,472,19,2.0,327,0.050510373000065556,1,423,422,423,111,1,1,60,2,1,0.1984735119999641
s1_1000,S1-75477466,S2,US,selective_v1,0,28,1,4,2,5,0.06922494199977791,21,43,212,15,2.0,132,0.06994285399991895,6,187,181,187,81,1,1,60,1,6,0.13306128100009573
s1_1000,S1-75477466,S3,US,selective_v1,0,28,3,6,2,9,0.07770217599977514,17,34,168,13,3.0,146,0.07832755100002942,5,151,146,151,82,1,1,60,2,5,0.13138515799994366
s1_1000,S1-327462179,S2,US,selective_v1,0,28,1,4,2,5,0.1117054790003067,21,43,320,15,3.0,296,0.11250126100003399,0,299,299,299,114,1,1,60,1,0,0.21340281499999492
s1_1000,S1-327462179,S3,US,selective_v1,0,28,1,4,2,5,0.1354540059996907,21,43,172,14,4.0,157,0.13620214399998076,1,159,158,159,107,1,1,60,1,1,0.19277649299999666
s1_1000,S1-374066313,S2,US,selective_v1,0,28,1,7,2,8,0.11865506400010872,18,38,430,14,4.0,315,0.11946259000001191,5,350,345,350,77,1,1,60,3,5,0.24584053700004915
s1_1000,S1-374066313,S3,US,selective_v1,0,28,3,7,2,10,0.11478006999982426,16,34,425,13,2.0,323,0.11550658800001656,1,359,358,359,77,1,1,60,2,1,0.24620223099998384
s1_1000,S1-406521568,S2,India,selective_v1,0,45,10,10,7,20,0.10360808500001895,18,36,696,13,4.0,535,0.10483974900000703,3,538,535,538,113,1,1,60,2,3,0.3025289720000046
s1_1000,S1-406521568,S3,India,selective_v1,0,45,6,17,6,23,0.12416094299999259,16,32,660,15,1.0,504,0.12517516299999443,14,518,504,518,114,1,1,60,2,14,0.29944543299995985
s1_1000,S1-111906316,S2,US,selective_v1,0,28,3,7,2,10,0.02633332900018104,16,33,422,14,2.0,340,0.027039212999966367,48,358,356,404,131,1,1,60,3,47,0.16258746900007282
s1_1000,S1-111906316,S3,US,selective_v1,0,28,6,4,2,10,0.025962801999867224,16,33,406,13,2.0,343,0.02667122000002564,63,361,361,424,151,1,1,60,1,51,0.17224764499997036
s1_1000,S1-529891305,S2,US,selective_v1,0,21,1,0,0,1,0.036583881000069596,20,41,135,13,4.0,109,0.03722125000001597,1,112,111,112,71,1,1,60,3,1,0.08398459399995772
s1_1000,S1-529891305,S3,US,selective_v1,0,21,1,0,0,1,0.03670414900000196,20,41,158,10,4.0,146,0.03730002199995397,0,147,147,147,76,1,1,60,0,0,0.08738884599995345
s1_1000,S1-231036087,S2,India,selective_v1,0,91,21,30,19,51,0.2260332890001564,21,42,596,11,10.0,434,0.22752124300006926,1,435,434,435,106,1,1,60,2,1,0.376733583000032
s1_1000,S1-231036087,S3,India,selective_v1,0,91,15,31,0,46,0.3074739999998428,24,48,693,14,10.0,577,0.309401413000046,2,579,577,579,111,1,1,60,2,2,0.49995823200003997
s1_1000,S1-800917539,S2,India,selective_v1,0,120,3,7,0,10,0.23299440899972979,24,50,564,21,3.0,443,0.23669983600007072,0,479,479,479,86,1,1,60,1,0,0.41586218099996586
s1_1000,S1-800917539,S3,India,selective_v1,0,120,0,6,0,6,0.30065769999964687,24,50,502,11,4.0,337,0.3044611210000312,0,364,364,364,77,1,1,60,0,0,0.4309791379999979
s1_1000,S1-462223675,S2,US,selective_v1,0,55,0,2,0,2,0.08306642599961833,24,49,580,19,0.0,274,0.08490320800001427,1,486,485,486,107,1,1,60,2,1,0.2509448150000253
s1_1000,S1-462223675,S3,US,selective_v1,0,55,1,4,0,5,0.1319996769999534,24,49,462,20,4.0,133,0.13376576299992848,1,358,357,358,115,1,1,60,2,1,0.25079679999998916
s1_1000,S1-703195062,S2,India,selective_v1,0,120,36,27,18,63,0.07844542400039245,24,49,330,16,8.0,261,0.08046656999999868,1,276,275,276,111,1,1,60,3,1,0.17714726099995914
s1_1000,S1-703195062,S3,India,selective_v1,0,120,15,39,0,54,0.09784098900001936,24,49,551,16,8.0,456,0.10025784100002966,2,470,468,470,113,1,1,60,3,2,0.2529184530000066
s1_1000,S1-910549892,S2,India,selective_v1,0,55,0,3,0,3,0.12256564000028902,24,50,574,19,2.0,406,0.12455295600000227,1,467,466,467,80,1,1,60,1,1,0.2990562869999849
s1_1000,S1-910549892,S3,India,selective_v1,0,55,0,1,0,1,0.13421158199957972,24,50,658,20,3.0,505,0.13629649400002108,1,557,556,557,77,1,1,60,2,1,0.328300974000058
s1_1000,S1-277955334,S2,US,selective_v1,0,36,0,2,3,2,0.07489485899986903,24,49,322,13,0.0,235,0.07610606399998687,0,316,316,316,115,1,1,60,0,0,0.17677296500005468
s1_1000,S1-277955334,S3,US,selective_v1,0,36,1,6,4,7,0.11427352000009705,24,49,461,22,2.0,302,0.11536915700003192,0,390,390,390,108,1,1,60,3,0,0.25418528899990633
s1_1000,S1-510267170,S2,India,selective_v1,0,66,0,9,0,9,0.07947309500002575,24,51,475,16,4.0,414,0.0813790050000307,5,448,443,448,93,1,1,60,1,5,0.25386054500006594
s1_1000,S1-510267170,S3,India,selective_v1,0,66,0,6,0,6,0.10834108699987155,24,51,629,16,4.0,534,0.11061949600002663,3,579,576,579,112,1,1,60,1,3,0.305671337999911
s1_1000,S1-958682608,S2,India,selective_v1,0,105,10,11,0,21,0.13007309500005704,24,51,590,20,3.0,451,0.13308500400000867,1,490,490,491,79,1,1,60,2,1,0.3180692819998967
s1_1000,S1-958682608,S3,India,selective_v1,0,105,3,15,0,18,0.14525444799983234,24,51,525,14,4.0,445,0.14828849699995317,2,479,477,479,80,1,1,60,1,2,0.3181338130000313
s1_1000,S1-485348225,S2,US,selective_v1,0,66,6,0,0,6,0.06770062699979462,24,50,163,8,10.0,128,0.06963797499997781,0,138,138,138,76,1,1,60,3,0,0.11736826499998188
s1_1000,S1-485348225,S3,US,selective_v1,0,66,10,6,0,16,0.06766813900014768,24,50,353,10,9.0,316,0.06948905699994157,1,320,319,320,116,1,1,60,4,1,0.17454065900005844
s1_1000,S1-860341006,S2,India,selective_v1,0,105,28,16,0,44,0.07948206499997923,24,49,462,19,5.0,325,0.081660630999977,0,341,341,341,101,1,1,60,2,0,0.21082336799997847
s1_1000,S1-860341006,S3,India,selective_v1,0,105,21,21,0,42,0.242328660000112,24,49,445,19,5.0,324,0.24466854100001,2,341,339,341,103,1,1,60,3,2,0.35788490200002343
s1_1000,S1-44958416,S2,US,selective_v1,0,45,1,4,0,5,0.04202348900025754,24,49,871,23,1.0,564,0.04387614200004464,1,747,746,747,101,1,1,60,2,1,0.2889578540000457
s1_1000,S1-44958416,S3,US,selective_v1,0,45,1,4,0,5,0.04099789499991857,24,49,927,23,1.0,560,0.042787166999914916,2,771,769,771,106,1,1,60,3,2,0.306733998000027
s1_1000,S1-197625875,S2,US,selective_v1,0,28,1,4,2,5,0.040932674000259794,21,44,197,16,4.0,144,0.041696987000023,0,159,159,159,80,1,1,60,1,0,0.1037669710000273
s1_1000,S1-197625875,S3,US,selective_v1,0,28,1,4,2,5,0.042923799000163854,21,44,207,15,4.0,149,0.043698690000042006,0,162,162,162,78,1,1,60,1,0,0.09560308100003567
s1_1000,S1-933004961,S2,US,selective_v1,0,28,0,4,3,4,0.20683940899971276,21,42,585,19,2.0,525,0.20807607200003986,2,527,525,527,102,1,1,60,2,2,0.37802203300009296
s1_1000,S1-933004961,S3,US,selective_v1,0,28,0,4,2,4,0.20737376800013863,22,44,649,20,2.0,560,0.2086610629999086,0,560,560,560,95,1,1,60,1,0,0.3790913210000326
s1_1000,S1-609612010,S2,US,selective_v1,0,45,1,4,0,5,0.06557522100047208,24,51,292,23,1.0,127,0.06688003099998241,1,173,172,173,78,1,1,60,5,1,0.12945913099997597
s1_1000,S1-609612010,S3,US,selective_v1,0,45,1,4,0,5,0.06055120900020938,24,52,274,23,1.0,135,0.06180350499994347,1,216,215,216,86,1,1,60,1,1,0.1356816310000113
s1_1000,S1-24789070,S2,US,selective_v1,0,28,1,6,2,7,0.11407399699999132,19,38,361,17,2.0,312,0.11487927099994977,3,315,312,315,92,1,1,60,3,3,0.22487814299995534
s1_1000,S1-24789070,S3,US,selective_v1,0,28,1,6,2,7,0.11857992399973227,19,38,377,17,2.0,335,0.11936449999996057,0,335,335,335,85,1,1,60,3,0,0.23363137599994843
s1_1000,S1-694967517,S2,India,selective_v1,0,120,10,29,0,39,0.10490157499987163,24,48,669,13,11.0,560,0.10783437299994603,0,560,560,560,82,1,1,60,2,0,0.2945726979999108
s1_1000,S1-694967517,S3,India,selective_v1,0,120,10,29,0,39,0.15037923700026568,24,48,866,14,10.0,787,0.15350234599998203,1,788,787,788,114,1,1,60,4,1,0.4280702780000638
s1_1000,S1-919660109,S2,India,selective_v1,0,45,10,11,7,21,0.017074628000045777,17,34,431,16,0.0,236,0.01792923300001803,0,236,236,236,97,1,1,60,1,0,0.09678311699997266
s1_1000,S1-919660109,S3,India,selective_v1,0,45,10,11,7,21,0.036953483000161214,17,34,445,14,0.0,231,0.03793507399996088,1,232,231,232,104,1,1,60,2,1,0.11399341900005311
s1_1000,S1-954562808,S2,US,selective_v1,0,36,1,9,4,10,0.11757178700008808,22,44,785,22,0.0,738,0.11892711200005124,0,738,738,738,113,1,1,60,3,0,0.34886629200002517
s1_1000,S1-954562808,S3,US,selective_v1,0,36,1,9,4,10,0.1202098130002014,22,44,734,20,1.0,710,0.12130988600006276,0,710,710,710,119,1,1,60,0,0,0.3456898709999905
s1_1000,S1-28896124,S2,US,selective_v1,0,28,0,0,4,0,0.039648876999990534,24,50,237,22,1.0,101,0.040506218000018634,1,212,211,212,101,1,1,60,1,1,0.11968352400003823
s1_1000,S1-28896124,S3,US,selective_v1,0,28,0,0,4,0,0.0447718860001487,24,50,303,23,1.0,108,0.04570061300000816,1,229,228,229,102,1,1,60,3,1,0.12211096399994403
s1_1000,S1-557319843,S2,India,selective_v1,0,66,15,12,16,27,0.046933606000152395,23,49,219,22,1.0,150,0.0481686370000034,1,163,162,163,108,1,1,60,2,1,0.11407303500004673
s1_1000,S1-557319843,S3,India,selective_v1,0,66,6,16,0,22,0.077183874000184,24,51,700,20,2.0,470,0.07890631999998732,0,482,482,482,57,0,0,57,1,0,0.23507331399991926
s1_1000,S1-516290105,S2,US,selective_v1,0,36,1,0,2,1,0.05066197499991176,24,50,256,12,4.0,238,0.051824601000021175,0,247,247,247,103,1,1,60,1,0,0.1373243209999373
s1_1000,S1-516290105,S3,US,selective_v1,0,36,1,2,4,3,0.05574450599999636,24,49,319,16,6.0,252,0.056939929000009215,3,259,256,259,81,1,1,60,5,3,0.15059020000001055
s1_1000,S1-101840713,S2,US,selective_v1,0,36,1,4,4,5,0.05859825799996088,24,51,281,19,1.0,141,0.059593565000000126,0,179,179,179,100,1,1,60,0,0,0.12760550100006185
s1_1000,S1-101840713,S3,US,selective_v1,0,36,1,4,4,5,0.0627148160001525,24,51,270,23,1.0,140,0.06371347699996477,2,168,166,168,90,1,1,60,1,2,0.12983517800000755
s1_1000,S1-807273946,S2,US,selective_v1,0,36,3,10,4,13,0.06905467300020973,19,38,594,14,4.0,550,0.06996218200004023,1,551,550,551,111,1,1,60,2,1,0.22622734699996272
s1_1000,S1-807273946,S3,US,selective_v1,0,36,3,10,4,13,0.07317491699973289,19,38,676,14,4.0,643,0.07412989600004494,1,644,643,644,113,1,1,60,0,1,0.2719614159999537
s1_1000,S1-362815713,S2,US,selective_v1,0,15,0,2,0,2,0.044232824000005166,13,28,305,13,0.0,209,0.044679815999984385,1,244,243,244,78,1,1,60,3,1,0.11598730299999715
s1_1000,S1-362815713,S3,US,selective_v1,0,15,0,2,0,2,0.04577449500015973,13,27,307,13,0.0,240,0.046248471000012614,1,282,281,282,114,1,1,60,2,1,0.1358517109999866
s1_1000,S1-118188739,S2,US,selective_v1,0,36,3,3,4,6,0.08525662999977612,24,50,508,15,4.0,143,0.08632192599998234,0,410,410,410,114,1,1,60,0,0,0.2319665329999907
s1_1000,S1-118188739,S3,US,selective_v1,0,36,3,3,4,6,0.09029166500010888,24,50,577,20,4.0,182,0.09148047200005749,0,445,445,445,107,1,1,60,1,0,0.2631766279999965
s1_1000,S1-503223139,S2,India,selective_v1,0,120,45,32,25,77,0.17152333000012732,18,36,577,13,5.0,514,0.17311604899998656,1,515,514,515,106,1,1,60,1,1,0.33879375200001505
s1_1000,S1-503223139,S3,India,selective_v1,0,120,45,32,25,77,0.2364125530000365,18,36,545,13,5.0,456,0.23794023400000697,2,458,456,458,104,1,1,60,4,2,0.3780391300000474
s1_1000,S1-64197487,S2,US,selective_v1,0,28,1,2,3,3,0.07489070400038145,22,44,494,16,2.0,469,0.0758814490000077,0,469,469,469,94,1,1,60,1,0,0.22908573300003354
s1_1000,S1-64197487,S3,US,selective_v1,0,28,1,2,3,3,0.09174114399957034,22,44,617,20,2.0,553,0.09276977000001807,0,553,553,553,99,1,1,60,3,0,0.27267122000000654
s1_1000,S1-88249277,S2,India,selective_v1,0,78,3,11,0,14,0.09504691799998,24,52,471,22,2.0,379,0.097258393000061,0,401,401,401,77,1,1,60,2,0,0.23280610799997703
s1_1000,S1-88249277,S3,India,selective_v1,0,78,0,11,0,11,0.06670882599985362,24,52,536,21,1.0,477,0.06907056099998954,0,494,494,494,79,1,1,60,1,0,0.22730381700000635
s1_1000,S1-225047892,S2,US,selective_v1,0,15,1,0,0,1,0.030029488999844034,14,28,249,11,3.0,226,0.030545198999902823,6,232,226,232,100,1,1,60,2,6,0.10605810100003055
s1_1000,S1-225047892,S3,US,selective_v1,0,15,1,0,0,1,0.02835073799985821,14,29,276,11,3.0,192,0.028824174999954266,1,252,251,252,113,1,1,60,1,1,0.10325590399997964
s1_1000,S1-208289868,S2,India,selective_v1,0,91,10,33,0,43,0.1900266269998383,24,49,857,18,6.0,756,0.19234687099992698,2,760,758,760,110,1,1,60,2,2,0.44311612900003183
s1_1000,S1-208289868,S3,India,selective_v1,0,91,6,33,0,39,0.1997455020000416,24,49,1002,16,7.0,900,0.20192940300000828,3,906,903,906,112,1,1,60,3,3,0.4836386650000577
s1_1000,S1-378019168,S2,India,selective_v1,0,78,10,11,0,21,0.06961869199983539,24,49,316,18,5.0,134,0.07146861300009277,0,149,149,149,98,1,1,60,0,0,0.11667862699994203
s1_1000,S1-378019168,S3,India,selective_v1,0,78,3,16,0,19,0.07913193099989257,24,49,561,16,4.0,325,0.08108154399997147,0,345,345,345,97,1,1,60,0,0,0.18024675499998466
s1_1000,S1-117416889,S2,US,selective_v1,0,66,1,4,0,5,0.06282449400009682,24,48,476,17,2.0,421,0.06496104800010016,1,422,421,422,100,1,1,60,2,1,0.19816595700001471
s1_1000,S1-117416889,S3,US,selective_v1,0,66,3,6,0,9,0.06849655399992116,24,48,632,21,3.0,560,0.07069910899997467,1,561,560,561,110,1,1,60,2,1,0.22828745599997546
s1_1000,S1-1039410,S2,India,selective_v1,0,91,6,15,0,21,0.14486252200015315,24,49,594,12,12.0,439,0.14745157899994865,3,475,472,475,102,1,1,60,5,3,0.2942707849999806
s1_1000,S1-1039410,S3,India,selective_v1,0,91,6,13,0,19,0.1603680240000358,24,49,645,16,8.0,537,0.1629854149999801,2,570,568,570,89,1,1,60,3,2,0.34382187000005615
s1_1000,S1-787831972,S2,India,selective_v1,0,91,10,30,0,40,0.15123918200026765,24,49,1039,21,3.0,781,0.15346535400010453,1,794,793,794,98,1,1,60,4,1,0.4126760850000437
s1_1000,S1-787831972,S3,India,selective_v1,0,91,3,34,0,37,0.14535135099993113,24,49,990,22,2.0,752,0.14761184200006028,0,758,758,758,104,1,1,60,1,0,0.3771221570000307
s1_1000,S1-574008304,S2,US,selective_v1,0,15,0,0,0,0,0.055541730000072675,15,30,90,6,3.0,64,0.05596896400004425,26,90,64,90,77,1,1,60,0,26,0.09524488800002473
s1_1000,S1-574008304,S3,US,selective_v1,0,15,0,0,0,0,0.04437130299970704,15,30,115,12,3.0,69,0.04486588899999333,23,92,69,92,74,1,1,60,3,23,0.07653080099998988
s1_1000,S1-970581623,S2,US,selective_v1,0,21,0,2,0,2,0.02942633299994668,19,40,401,17,1.0,351,0.03013346399995953,2,363,361,363,88,1,1,60,3,2,0.14915694000001167
s1_1000,S1-970581623,S3,US,selective_v1,0,21,0,3,0,3,0.024307125999712298,18,38,268,11,1.0,238,0.024924187000010534,0,248,248,248,79,1,1,60,0,0,0.10122393999995438
s1_1000,S1-951410198,S2,India,selective_v1,0,55,6,17,10,23,0.06530348300032074,22,44,698,13,8.0,657,0.06656881500009604,9,659,657,666,112,1,1,60,2,9,0.2553899230000525
s1_1000,S1-951410198,S3,India,selective_v1,0,55,3,20,4,23,0.09835119499985012,24,48,787,18,6.0,648,0.09972198399998433,5,653,648,653,104,1,1,60,4,5,0.26901431500004946
s1_1000,S1-56436840,S2,India,selective_v1,0,78,15,35,12,50,0.07213727299995298,16,32,766,12,4.0,587,0.07334333999995124,2,589,587,589,117,1,1,60,0,2,0.23246936000009555
s1_1000,S1-56436840,S3,India,selective_v1,0,78,10,37,12,47,0.10696466899992174,19,38,913,13,6.0,737,0.10831515799998215,11,748,737,748,87,1,1,60,1,11,0.2760128290000239
s1_1000,S1-919740289,S2,US,selective_v1,0,28,0,2,3,2,0.13583251900013238,23,46,511,18,5.0,483,0.13687812699993174,16,499,483,499,101,1,1,60,0,16,0.2958543739999868
s1_1000,S1-919740289,S3,US,selective_v1,0,28,0,3,3,3,0.13503107799999725,22,44,705,17,5.0,651,0.13609139200002573,8,659,651,659,107,1,1,60,1,8,0.3323146830000496
s1_1000,S1-72039349,S2,India,selective_v1,0,105,10,54,18,64,0.3320483359999571,23,46,856,17,6.0,798,0.3339205749999792,0,798,798,798,114,1,1,60,0,0,0.603872808999995
s1_1000,S1-72039349,S3,India,selective_v1,0,105,6,40,0,46,0.3863925000000563,24,48,884,16,8.0,816,0.38904116600008365,1,817,816,817,112,1,1,60,3,1,0.6246258170000374
s1_1000,S1-131745165,S2,US,selective_v1,0,28,1,3,2,4,0.09398635700017621,22,45,627,22,0.0,432,0.0949908540000024,29,468,439,468,119,1,1,60,1,29,0.23566096100000777
s1_1000,S1-131745165,S3,US,selective_v1,0,28,1,3,2,4,0.09449350599982154,22,45,540,21,1.0,347,0.09544181599994772,21,380,359,380,111,1,1,60,2,21,0.20342296599994825
s1_1000,S1-527220147,S2,US,selective_v1,0,36,1,2,4,3,0.019952125000145315,24,50,452,23,1.0,205,0.021050139999942985,1,382,381,382,96,1,1,60,3,1,0.15615190999994866
s1_1000,S1-527220147,S3,US,selective_v1,0,36,1,2,4,3,0.020467525999492864,24,50,479,23,1.0,232,0.02159455399998933,1,425,424,425,104,1,1,60,2,1,0.14688205599998128
s1_1000,S1-810076304,S2,US,selective_v1,0,36,1,6,5,7,0.4050751630002196,24,50,801,20,4.0,489,0.4064538030000904,0,516,516,516,101,1,1,60,3,0,0.5650390149999112
s1_1000,S1-810076304,S3,US,selective_v1,0,36,1,6,5,7,0.4103302139998277,24,50,590,18,6.0,393,0.41160611600002994,0,413,413,413,75,1,1,60,2,0,0.5443981450000592
s1_1000,S1-355916990,S2,India,selective_v1,0,91,15,21,0,36,0.1269790400004922,24,51,266,22,2.0,188,0.12881656100000782,1,216,215,216,102,1,1,60,1,1,0.2050202730000592
s1_1000,S1-355916990,S3,India,selective_v1,0,78,10,26,20,36,0.14756400999976904,22,46,224,14,2.0,181,0.14891912100006266,0,201,201,201,83,1,1,60,1,0,0.21254883699998572
s1_1000,S1-603830615,S2,India,selective_v1,0,66,6,4,0,10,0.10315994000018236,24,50,280,19,5.0,175,0.10503965899999912,2,235,233,235,79,1,1,60,2,2,0.1890784500000109
s1_1000,S1-603830615,S3,India,selective_v1,0,66,1,8,0,9,0.12171529199997622,24,50,258,11,5.0,176,0.12368142499997248,0,226,226,226,86,1,1,60,0,0,0.20064702499996656
s1_1000,S1-203874762,S2,India,selective_v1,0,78,10,5,0,15,0.03949029299985796,24,49,551,19,4.0,436,0.041723736999983885,0,473,473,473,91,1,1,60,2,0,0.17794382399995357
s1_1000,S1-203874762,S3,India,selective_v1,0,78,6,8,0,14,0.19073408800011293,24,49,554,20,2.0,478,0.19304422300001534,0,506,506,506,99,1,1,60,1,0,0.328336897999975
s1_1000,S1-834983529,S2,US,selective_v1,0,28,1,2,3,3,0.042858753000359684,22,44,304,15,0.0,261,0.04367243000001508,12,263,261,273,102,1,1,60,2,12,0.1251515050000762
s1_1000,S1-834983529,S3,US,selective_v1,0,28,3,3,2,6,0.049933836999798586,20,40,622,18,2.0,535,0.050966268000024684,11,536,535,546,116,1,1,60,3,11,0.19271777599999496
s1_1000,S1-225919167,S2,US,selective_v1,0,28,1,4,2,5,0.03657932800012986,21,44,497,12,2.0,246,0.03740089200005059,0,437,437,437,110,1,1,60,0,0,0.16664488700007496
s1_1000,S1-225919167,S3,US,selective_v1,0,28,1,4,2,5,0.03666357399993103,21,44,553,18,2.0,262,0.03753949100007503,0,486,486,486,110,1,1,60,0,0,0.15962168800001564
s1_1000,S1-272522928,S2,US,selective_v1,0,36,0,3,3,3,0.06002353299982133,24,48,572,20,0.0,534,0.06126166399997146,0,534,534,534,118,1,1,60,2,0,0.21039800200003356
s1_1000,S1-272522928,S3,US,selective_v1,0,36,0,3,3,3,0.06244417300013083,24,48,491,23,1.0,405,0.06364861300005487,2,407,405,407,103,1,1,60,3,2,0.1770270659999369
s1_1000,S1-124849120,S2,India,selective_v1,0,78,21,15,20,36,0.027238144999842007,22,45,429,21,1.0,279,0.028689603999964675,0,296,296,296,84,1,1,60,1,0,0.11084068100001332
s1_1000,S1-124849120,S3,India,selective_v1,0,78,21,14,20,35,0.02966814400019757,23,47,522,21,0.0,380,0.031145337999987532,0,398,398,398,108,1,1,60,2,0,0.14389992700000676
s1_1000,S1-230964033,S2,India,selective_v1,0,120,21,35,0,56,0.1811169540002311,24,48,472,12,12.0,393,0.18340006699997957,0,393,393,393,79,1,1,60,1,0,0.3164420750000545
s1_1000,S1-230964033,S3,India,selective_v1,0,120,15,47,0,62,0.19746165099979862,24,48,1304,21,3.0,1063,0.1999949439999682,0,1063,1063,1063,79,1,1,60,2,0,0.5149164639999526
s1_1000,S1-613113880,S2,India,selective_v1,0,91,10,25,0,35,0.1201042870004585,24,50,977,20,3.0,824,0.12230202900002496,8,883,882,890,109,1,1,60,2,8,0.37984415699997953
s1_1000,S1-613113880,S3,India,selective_v1,0,91,3,27,0,30,0.12715417099991555,24,50,1085,22,2.0,963,0.12954604399999425,7,1004,1003,1010,114,1,1,60,2,7,0.3975201820001075
s1_1000,S1-396803331,S2,India,selective_v1,0,78,10,0,0,10,0.0989674519997834,24,50,343,16,8.0,252,0.10127717599993957,1,254,253,254,100,1,1,60,1,1,0.17732226999999057
s1_1000,S1-396803331,S3,India,selective_v1,0,66,3,6,0,9,0.15727435200005857,24,49,366,12,11.0,298,0.1594294720000562,1,299,298,299,86,1,1,60,1,1,0.25385864899999433
s1_1000,S1-357644530,S2,India,selective_v1,0,78,6,39,12,45,0.30137387599972953,21,43,674,15,6.0,577,0.30284541900005024,0,611,611,611,106,1,1,60,1,0,0.4971524040000759
s1_1000,S1-357644530,S3,India,selective_v1,0,78,3,35,6,38,0.3188945310001827,24,49,1196,18,6.0,1058,0.3208085599999322,1,1098,1097,1098,113,1,1,60,2,1,0.6041666179999083
s1_1000,S1-212885975,S2,US,selective_v1,0,28,3,6,2,9,0.09485661900009745,17,34,345,10,5.0,325,0.09560392699995646,7,326,325,332,120,1,1,60,0,7,0.20624229199995625
s1_1000,S1-212885975,S3,US,selective_v1,0,28,3,6,2,9,0.08318934300007186,17,34,318,11,6.0,284,0.08392388499999015,10,284,284,294,116,1,1,60,1,10,0.15644224699997267
s1_1000,S1-146611329,S2,US,selective_v1,0,15,0,0,0,0,0.014814538999985416,15,33,167,14,0.0,41,0.015224972000055459,2,122,120,122,82,1,1,60,3,2,0.06545164900001055
s1_1000,S1-146611329,S3,US,selective_v1,0,15,0,0,0,0,0.014287015000263636,15,32,102,10,0.0,59,0.014713940999968145,1,76,75,76,53,0,0,53,2,1,0.04954782599997998
s1_1000,S1-362088672,S2,India,selective_v1,0,55,6,8,0,14,0.020761021999874174,24,51,410,22,2.0,273,0.022096728000065013,1,291,290,291,78,1,1,60,2,1,0.10984136399997624
s1_1000,S1-362088672,S3,India,selective_v1,0,55,1,11,0,12,0.03386116999990918,24,52,489,19,1.0,341,0.03538278199994238,1,391,390,391,78,1,1,60,2,1,0.13526575699995647
s1_1000,S1-831406252,S2,India,selective_v1,0,55,15,12,10,27,0.031106294999972306,18,37,576,13,2.0,353,0.032064317000049414,1,365,364,365,96,1,1,60,1,1,0.14899687100000847
s1_1000,S1-831406252,S3,India,selective_v1,0,55,15,12,10,27,0.030139784999846597,18,37,316,15,2.0,214,0.031036570999958712,1,229,228,229,90,1,1,60,1,1,0.08606665799993607
s1_1000,S1-603113105,S2,India,selective_v1,0,120,1,8,0,9,0.11225012999989303,24,49,856,22,1.0,708,0.11630623400003515,1,728,727,728,108,1,1,60,4,1,0.3324515510000765
s1_1000,S1-603113105,S3,India,selective_v1,0,120,0,10,0,10,0.12484949500026232,24,49,673,22,1.0,570,0.12869093599999815,0,584,584,584,104,1,1,60,1,0,0.27936350400000265
s1_1000,S1-449694081,S2,US,selective_v1,0,28,0,2,3,2,0.03291235299980144,23,47,490,18,1.0,196,0.03380452699991565,2,428,426,428,90,1,1,60,4,2,0.10366585599990685
s1_1000,S1-449694081,S3,US,selective_v1,0,28,0,3,3,3,0.045125417999770434,22,44,336,16,2.0,283,0.045946492999974,0,283,283,283,97,1,1,60,2,0,0.1223718999999619
s1_1000,S1-134935361,S2,US,selective_v1,0,15,0,2,0,2,0.062146374000121796,13,27,159,12,1.0,34,0.06256972500000302,7,87,80,87,72,1,1,60,4,7,0.09451576300000397
s1_1000,S1-134935361,S3,US,selective_v1,0,15,0,2,0,2,0.060639484000148514,13,27,134,12,1.0,37,0.0610661790000222,3,93,90,93,76,1,1,60,1,3,0.09322456899997178
s1_1000,S1-270589272,S2,US,selective_v1,0,36,3,3,4,6,0.04647878100035996,24,49,686,20,3.0,530,0.047871120999957384,0,563,563,563,112,1,1,60,3,0,0.20745477699995263
s1_1000,S1-270589272,S3,US,selective_v1,0,36,3,3,4,6,0.048542099999622224,24,49,718,21,3.0,567,0.05007067700000789,1,600,599,600,99,1,1,60,2,1,0.2092858519999936
s1_1000,S1-896456699,S2,US,selective_v1,0,15,0,2,0,2,0.040759977000220715,13,27,219,13,0.0,159,0.041231506000031004,2,189,187,189,99,1,1,60,2,2,0.09864975099992535
s1_1000,S1-896456699,S3,US,selective_v1,0,15,0,2,0,2,0.04875131500023144,13,27,198,10,0.0,167,0.04921624500002508,1,189,188,189,113,1,1,60,2,1,0.1031091990000732
s1_1000,S1-302337739,S2,US,selective_v1,0,28,3,6,2,9,0.0944458369996255,17,34,349,13,4.0,282,0.09520179499997994,4,286,282,286,108,1,1,60,2,4,0.17599696199999926
s1_1000,S1-302337739,S3,US,selective_v1,0,28,3,7,2,10,0.2351122260002967,16,32,375,12,4.0,301,0.23590880099993683,5,306,301,306,99,1,1,60,2,5,0.32208052199996473
s1_1000,S1-391402138,S2,US,selective_v1,0,28,1,8,2,9,0.08861771600027168,17,35,349,15,2.0,271,0.0892957099999876,1,323,322,323,100,1,1,60,1,1,0.18095163700002104
s1_1000,S1-391402138,S3,US,selective_v1,0,28,1,8,2,9,0.09258720599996195,17,35,427,15,2.0,308,0.09334425600002305,1,378,377,378,104,1,1,60,3,1,0.19939191699995717
s1_1000,S1-281598141,S2,US,selective_v1,0,28,1,4,2,5,0.06924615700017966,21,43,252,16,3.0,198,0.07003620100010721,1,225,224,225,79,1,1,60,1,1,0.13404620000005707
s1_1000,S1-281598141,S3,US,selective_v1,0,28,1,4,2,5,0.05568702600010056,21,43,297,18,3.0,208,0.056505587999936324,1,236,235,236,76,1,1,60,3,1,0.12842788900002233
s1_1000,S1-132547250,S2,US,selective_v1,0,15,1,0,0,1,0.011595962999990661,14,30,400,9,0.0,242,0.012112868000031085,1,358,357,358,114,1,1,60,1,1,0.10743016899994018
s1_1000,S1-132547250,S3,US,selective_v1,0,15,1,0,0,1,0.009687844000040968,14,30,433,13,0.0,260,0.010238451999953213,1,368,367,368,114,1,1,60,2,1,0.11126271999989967
s1_1000,S1-619795965,S2,US,selective_v1,0,36,1,6,5,7,0.14308827200011365,24,49,436,21,2.0,296,0.1442187920000606,0,397,397,397,105,1,1,60,2,0,0.24671174599995993
s1_1000,S1-619795965,S3,US,selective_v1,0,36,1,6,5,7,0.14321311000003334,24,49,563,18,2.0,366,0.14435651399992366,4,472,468,472,99,1,1,60,5,4,0.24883681200003593
s1_1000,S1-649285755,S2,US,selective_v1,0,28,0,3,2,3,0.07075972099994488,23,46,624,16,1.0,571,0.07216072300002452,21,592,571,592,100,1,1,60,1,21,0.23527772600004937
s1_1000,S1-649285755,S3,US,selective_v1,0,28,3,9,2,12,0.0666013679997377,14,28,485,11,3.0,434,0.0673375290000422,30,464,434,464,99,1,1,60,1,30,0.17607063100001596
s1_1000,S1-430030189,S2,India,selective_v1,0,120,10,21,0,31,0.19997656599991842,24,49,745,16,6.0,609,0.20333033399992928,0,644,644,644,113,1,1,60,2,0,0.3895144530000607
s1_1000,S1-430030189,S3,India,selective_v1,0,120,10,20,0,30,0.1840572949995476,24,49,516,15,8.0,441,0.18713013199999295,0,483,483,483,107,1,1,60,2,0,0.32635122199997113
s1_1000,S1-908464095,S2,US,selective_v1,0,45,0,3,0,3,0.062058299000227635,24,49,500,22,2.0,342,0.06354585799999768,2,370,368,370,90,1,1,60,3,2,0.16194617400003608
s1_1000,S1-908464095,S3,US,selective_v1,0,45,0,4,0,4,0.06605620200025442,24,49,486,22,2.0,248,0.06754239600002165,2,286,284,286,92,1,1,60,5,2,0.14422095899999476
s1_1000,S1-439426602,S2,US,selective_v1,0,28,1,4,2,5,0.058583157999805735,21,42,409,18,3.0,320,0.05954894500007413,5,325,320,325,99,1,1,60,2,5,0.15209777500001564
s1_1000,S1-439426602,S3,US,selective_v1,0,28,1,4,2,5,0.060694523999927696,21,42,308,16,4.0,254,0.06158081000000948,3,257,254,257,108,1,1,60,1,3,0.122935353999992
s1_1000,S1-632127045,S2,US,selective_v1,0,21,0,1,0,1,0.05354936200001248,20,42,295,17,1.0,247,0.05426189599995723,1,253,252,253,77,1,1,60,2,1,0.12215304699998342
s1_1000,S1-632127045,S3,US,selective_v1,0,21,0,1,0,1,0.05132036899954073,20,42,348,19,1.0,270,0.05201946299996507,3,279,276,279,78,1,1,60,3,3,0.1350724280000577
s1_1000,S1-698552884,S2,US,selective_v1,0,28,1,4,2,5,0.025381757999980437,21,43,461,18,1.0,361,0.026217245999987426,0,416,416,416,109,1,1,60,3,0,0.1355965440000091
s1_1000,S1-698552884,S3,US,selective_v1,0,28,1,4,2,5,0.02721339899983377,21,42,333,19,2.0,307,0.028020252999908735,0,307,307,307,103,1,1,60,2,0,0.10621873999991749
s1_1000,S1-774996232,S2,India,selective_v1,0,66,21,15,13,36,0.1940432950000286,17,35,439,11,6.0,294,0.1951305189999175,4,349,345,349,102,1,1,60,2,4,0.3056918610000139
s1_1000,S1-774996232,S3,India,selective_v1,0,66,15,19,13,34,0.20017735600004016,19,39,757,14,5.0,577,0.2015000979999968,2,636,634,636,108,1,1,60,2,2,0.3624093849999781
s1_1000,S1-452456543,S2,US,selective_v1,0,28,1,6,2,7,0.056921328000044014,19,38,425,16,2.0,395,0.05769156900009875,0,395,395,395,109,1,1,60,1,0,0.175261149999983
s1_1000,S1-452456543,S3,US,selective_v1,0,28,1,6,2,7,0.05728563499985739,19,38,437,15,2.0,422,0.058084458999928756,0,422,422,422,117,1,1,60,0,0,0.16274621599995953
s1_1000,S1-585894096,S2,India,selective_v1,0,66,10,20,13,30,0.07491384300010395,23,49,400,19,1.0,256,0.07618671099999119,5,268,263,268,80,1,1,60,3,5,0.1658058829999618
s1_1000,S1-585894096,S3,India,selective_v1,0,55,3,19,10,22,0.12504028200055473,23,48,587,14,6.0,491,0.12624242599997615,5,501,496,501,80,1,1,60,2,5,0.25562786000000415
s1_1000,S1-454927333,S2,India,selective_v1,0,120,10,40,0,50,0.16425006099996153,24,48,949,13,11.0,858,0.16695483699993474,5,859,858,863,119,1,1,60,0,5,0.3883769770000072
s1_1000,S1-454927333,S3,India,selective_v1,0,120,10,40,0,50,0.08730153099998006,24,48,871,13,11.0,803,0.08981817100004719,8,811,803,811,112,1,1,60,0,8,0.27861063500006367
s1_1000,S1-724124543,S2,US,selective_v1,0,28,3,3,2,6,0.08889579100014089,20,40,380,13,5.0,360,0.08968425200009733,1,361,360,361,105,1,1,60,1,1,0.17069391299992276
s1_1000,S1-724124543,S3,US,selective_v1,0,28,3,3,2,6,0.0959497100001272,20,40,472,15,5.0,428,0.09680994699999701,1,429,428,429,94,1,1,60,1,1,0.18512830100007704
s1_1000,S1-373841520,S2,US,selective_v1,0,21,1,4,0,5,0.044534348000183854,16,34,278,12,0.0,110,0.04501033899998674,0,231,231,231,91,1,1,60,0,0,0.10497077500008345
s1_1000,S1-373841520,S3,US,selective_v1,0,21,1,4,0,5,0.0466572109999106,16,34,324,11,0.0,122,0.04715678799993839,0,273,273,273,107,1,1,60,0,0,0.12079147999997986
s1_1000,S1-478665448,S2,India,selective_v1,0,66,15,12,16,27,0.09113535600010891,23,47,293,9,12.0,245,0.09244682100006685,2,268,266,268,99,1,1,60,2,2,0.16189737299998797
s1_1000,S1-478665448,S3,India,selective_v1,0,66,6,27,10,33,0.09952889699991374,23,47,638,17,6.0,494,0.10081888399997752,4,525,521,525,90,1,1,60,4,4,0.22750743599999623
s1_1000,S1-31916694,S2,US,selective_v1,0,21,1,0,0,1,0.025625085999990915,20,40,379,13,2.0,357,0.02629289800006518,1,358,357,358,83,1,1,60,2,1,0.11719517200003793
s1_1000,S1-31916694,S3,US,selective_v1,0,21,3,0,0,3,0.03238264999981766,18,36,619,15,3.0,564,0.033485562999999274,6,568,564,570,101,1,1,60,5,6,0.1738385849999986
s1_1000,S1-178240398,S2,India,selective_v1,0,120,10,25,0,35,0.1352278189997378,24,49,848,18,6.0,691,0.1383122369999228,2,718,716,718,107,1,1,60,3,2,0.32910022500004743
s1_1000,S1-178240398,S3,India,selective_v1,0,120,6,25,0,31,0.09675440199998775,24,49,566,18,5.0,512,0.0998725069999864,1,535,534,535,106,1,1,60,3,1,0.23991975899991758
s1_1000,S1-805720916,S2,India,selective_v1,0,36,6,8,4,14,0.027862573000220436,18,37,85,14,4.0,52,0.02847227600000224,1,56,55,56,56,0,0,56,2,1,0.04481858400004057
s1_1000,S1-805720916,S3,India,selective_v1,0,36,3,9,4,12,0.03344329500043841,20,41,113,13,4.0,91,0.03410330399992745,0,94,94,94,77,1,1,60,3,0,0.059393650000060916
s1_1000,S1-785012599,S2,US,selective_v1,0,66,3,3,0,6,0.039371559999722194,24,50,531,16,1.0,357,0.04132378700001027,0,482,482,482,113,1,1,60,2,0,0.16400315099997442
s1_1000,S1-785012599,S3,US,selective_v1,0,66,6,4,0,10,0.04211526899996443,24,51,585,19,1.0,373,0.04412001200000759,0,535,535,535,107,1,1,60,1,0,0.1803832240000247
s1_1000,S1-570330505,S2,US,selective_v1,0,15,1,0,0,1,0.02186609900024905,14,29,672,14,0.0,520,0.022733156999947823,1,600,599,600,113,1,1,60,2,1,0.18289737100008097
s1_1000,S1-570330505,S3,US,selective_v1,0,15,1,0,0,1,0.020222385999886683,14,29,478,12,2.0,363,0.02074389599999904,1,432,431,432,113,1,1,60,2,1,0.11933249200001228
s1_1000,S1-580407687,S2,US,selective_v1,0,28,1,8,2,9,0.07767240500027128,17,34,470,15,2.0,416,0.0783687740000687,17,433,416,433,105,1,1,60,2,17,0.1783500559999993
s1_1000,S1-580407687,S3,US,selective_v1,0,28,1,10,1,11,0.07797934600000644,16,32,461,14,0.0,442,0.07862225199994555,15,457,442,457,108,1,1,60,0,15,0.18901632699999027
s1_1000,S1-195964451,S2,US,selective_v1,0,28,1,2,3,3,0.023342220999779784,22,45,529,22,0.0,425,0.024268589999906,1,447,446,447,110,1,1,60,2,1,0.13387552799997593
s1_1000,S1-195964451,S3,US,selective_v1,0,28,1,2,3,3,0.023406627999861485,22,45,578,21,0.0,464,0.024348183000029167,2,490,488,490,105,1,1,60,1,2,0.13350164999997105
s1_1000,S1-863383578,S2,India,selective_v1,0,105,15,20,0,35,0.06795663299999433,24,50,453,15,9.0,425,0.0704032170000346,0,427,427,427,79,1,1,60,1,0,0.1868804570000293
s1_1000,S1-863383578,S3,India,selective_v1,0,105,15,33,0,48,0.07194924199961861,24,50,461,18,6.0,410,0.07394592299999658,0,412,412,412,96,1,1,60,2,0,0.1565732599999592
s1_1000,S1-398966822,S2,India,selective_v1,0,55,6,12,4,18,0.04017523999993955,24,48,901,22,2.0,562,0.041675854999994044,7,565,562,569,113,1,1,60,1,7,0.17758791199992174
s1_1000,S1-398966822,S3,India,selective_v1,0,55,3,12,0,15,0.07354817799932789,24,49,879,19,2.0,637,0.07552548900002876,8,675,675,683,119,1,1,60,1,8,0.250295000000051
s1_1000,S1-47693061,S2,US,selective_v1,0,15,0,1,0,1,0.007984180000107699,14,30,146,7,1.0,33,0.008298646999946868,1,130,129,130,89,1,1,60,2,1,0.04588055700003224
s1_1000,S1-47693061,S3,US,selective_v1,0,15,0,2,0,2,0.006142909000004693,13,28,193,13,0.0,54,0.006458534999978838,0,154,154,154,101,1,1,60,2,0,0.042147538999984135
s1_1000,S1-901993448,S2,US,selective_v1,0,36,1,0,2,1,0.026854018000221913,24,50,198,9,5.0,157,0.027924362000021574,0,187,187,187,70,1,1,60,1,0,0.07249180700000579
s1_1000,S1-901993448,S3,US,selective_v1,0,36,3,3,3,6,0.038516543999662645,24,49,726,18,6.0,628,0.039724183999965135,3,641,638,641,102,1,1,60,3,3,0.18509195899991937
s1_1000,S1-360702411,S2,US,selective_v1,0,28,0,1,3,1,0.04988399000046684,24,49,554,16,2.0,262,0.050829770000063945,2,504,502,504,103,1,1,60,3,2,0.1735921539999481
s1_1000,S1-360702411,S3,US,selective_v1,0,28,1,2,3,3,0.05433868300008271,22,45,713,16,3.0,377,0.055302222000022994,4,617,613,617,108,1,1,60,5,4,0.21524510000006103
s1_1000,S1-773565090,S2,India,selective_v1,0,45,6,4,3,10,0.07498727000006511,24,48,1050,18,5.0,556,0.07651098500002718,3,559,556,559,117,1,1,60,1,3,0.2314723449999292
s1_1000,S1-773565090,S3,India,selective_v1,0,45,1,8,0,9,0.07422767599973668,24,48,743,21,3.0,485,0.07569386199998007,5,490,485,490,109,1,1,60,2,5,0.18533001299999796
s1_1000,S1-585207831,S2,India,selective_v1,0,66,10,17,16,27,0.11153099800026212,23,48,360,15,7.0,265,0.11274120899997797,4,297,296,300,81,1,1,60,1,4,0.1917053519999854
s1_1000,S1-585207831,S3,India,selective_v1,0,66,3,21,0,24,0.13258946599955834,24,50,457,18,6.0,324,0.1340468589999091,4,347,343,347,80,1,1,60,2,4,0.23513212500006375
s1_1000,S1-531136752,S2,India,selective_v1,0,91,15,18,0,33,0.11953282499985107,24,49,732,19,5.0,602,0.12175736799997594,1,615,614,615,114,1,1,60,1,1,0.2797641610000028
s1_1000,S1-531136752,S3,India,selective_v1,0,91,10,21,0,31,0.0922058719999086,24,49,1018,19,3.0,856,0.09473643800004083,1,867,866,867,112,1,1,60,3,1,0.28826117900007375
s1_1000,S1-442467030,S2,India,selective_v1,0,55,10,10,12,20,0.02215011299983871,23,47,672,19,3.0,274,0.023356497000008858,0,280,280,280,117,1,1,60,2,0,0.10126429100000678
s1_1000,S1-442467030,S3,India,selective_v1,0,55,10,8,7,18,0.03151764799974899,24,49,618,19,3.0,324,0.03287306400000034,1,326,325,326,113,1,1,60,1,1,0.10819346699997823
s1_1000,S1-92482405,S2,India,selective_v1,0,45,3,7,3,10,0.03622311900051045,24,49,645,15,4.0,494,0.03759116800006268,5,504,499,504,114,1,1,60,2,5,0.1748481189999893
s1_1000,S1-92482405,S3,India,selective_v1,0,55,3,6,0,9,0.05298819600000115,24,50,512,19,3.0,429,0.05462402299997393,14,448,434,448,110,1,1,60,1,14,0.15426886800003103
s1_1000,S1-199571794,S2,India,selective_v1,0,66,3,17,0,20,0.19106518299997788,24,48,551,17,7.0,442,0.1928758450000032,2,444,442,444,71,1,1,60,2,2,0.30799238700001297
s1_1000,S1-199571794,S3,India,selective_v1,0,66,3,11,0,14,0.2304844810000759,24,48,563,18,6.0,479,0.23240286899999774,1,480,479,480,78,1,1,60,2,1,0.3541511260000334
s1_1000,S1-595727822,S2,US,selective_v1,0,28,1,3,3,4,0.10270954199972948,21,42,558,17,3.0,535,0.10371779499996592,0,535,535,535,102,1,1,60,1,0,0.25364048799997363
s1_1000,S1-595727822,S3,US,selective_v1,0,28,1,4,2,5,0.11012593600003129,21,42,653,18,3.0,603,0.11115356799996334,0,603,603,603,107,1,1,60,2,0,0.2508115480000015
s1_1000,S1-364678319,S2,US,selective_v1,0,21,0,0,0,0,0.012093055000036657,21,47,251,18,0.0,132,0.012691405999930794,1,214,213,214,78,1,1,60,2,1,0.07078181199995015
s1_1000,S1-364678319,S3,US,selective_v1,0,21,0,0,0,0,0.01198851100025422,21,47,257,15,0.0,142,0.012584699999933946,0,223,223,223,78,1,1,60,0,0,0.07390815500002645
s1_1000,S1-872214081,S2,India,selective_v1,0,55,10,21,8,31,0.3202148960001523,16,32,793,12,4.0,605,0.32127796800000397,6,611,605,611,115,1,1,60,1,6,0.48171165499991275
s1_1000,S1-872214081,S3,India,selective_v1,0,55,3,28,5,31,0.4010966460000418,19,38,1007,16,3.0,875,0.40232162099994184,10,885,875,885,113,1,1,60,2,10,0.5960390089999237
s1_1000,S1-377086058,S2,US,selective_v1,0,28,1,2,3,3,0.07135259399967708,22,46,527,17,2.0,418,0.07231345699995018,0,472,472,472,90,1,1,60,2,0,0.18416206899996723
s1_1000,S1-377086058,S3,US,selective_v1,0,28,1,2,3,3,0.07129981899981885,22,45,402,19,3.0,330,0.07225247899998521,2,342,340,342,93,1,1,60,3,2,0.14949341900000945
s1_1000,S1-990461902,S2,US,selective_v1,0,36,6,8,4,14,0.1968596429998115,18,38,102,16,1.0,47,0.19761322600004405,2,53,51,53,53,0,0,53,4,2,0.2163748499999656
s1_1000,S1-990461902,S3,US,selective_v1,0,36,6,8,4,14,0.19514292300016223,18,38,95,11,1.0,70,0.19584825900005853,0,73,73,73,71,1,1,60,0,0,0.21860773499997777
s1_1000,S1-967594427,S2,India,selective_v1,0,66,10,32,10,42,0.10716802299987194,14,29,281,12,2.0,217,0.10795380499996554,1,229,228,229,90,1,1,60,2,1,0.17046378300005927
s1_1000,S1-967594427,S3,India,selective_v1,0,66,6,30,10,36,0.13474879800014605,20,41,573,12,4.0,512,0.13592148400005044,0,520,520,520,105,1,1,60,0,0,0.25946225999996386
s1_1000,S1-824991198,S2,US,selective_v1,0,15,0,4,0,4,0.09223794500019267,11,23,415,9,0.0,150,0.09264906999999312,4,368,364,368,117,1,1,60,3,4,0.1804324889999407
s1_1000,S1-824991198,S3,US,selective_v1,0,15,1,3,0,4,0.09744872799979021,11,23,448,9,0.0,176,0.09786475500004599,8,407,399,407,117,1,1,60,3,8,0.19044932299993889
s1_1000,S1-623746049,S2,US,selective_v1,0,21,3,3,0,6,0.03730232999987493,15,31,576,14,1.0,315,0.038129226000023664,90,494,494,584,154,1,1,60,1,51,0.17529936999994788
s1_1000,S1-623746049,S3,US,selective_v1,0,21,3,3,0,6,0.04209952700023223,15,31,553,12,1.0,302,0.042971426999997675,85,474,474,559,146,1,1,60,1,46,0.14739938299999267
s1_1000,S1-635266124,S2,India,selective_v1,0,91,10,32,13,42,0.12654507099989587,24,48,1017,18,6.0,852,0.12864228099999764,0,852,852,852,116,1,1,60,2,0,0.3358596190000753
s1_1000,S1-635266124,S3,India,selective_v1,0,91,6,38,0,44,0.14542070299989973,24,48,1027,19,5.0,955,0.14756677100001525,1,956,955,956,111,1,1,60,2,1,0.3378740599999901
s1_1000,S1-12615942,S2,US,selective_v1,0,21,1,2,0,3,0.028587645999778033,18,36,667,14,1.0,619,0.029403261999959796,1,620,619,620,95,1,1,60,1,1,0.1579314319999412
s1_1000,S1-12615942,S3,US,selective_v1,0,21,1,2,0,3,0.029893698000023505,18,36,416,15,3.0,397,0.030594235999956254,0,397,397,397,111,1,1,60,2,0,0.11163114700002552
s1_1000,S1-468418914,S2,US,selective_v1,0,28,1,8,2,9,0.06112182999993365,17,34,300,16,0.0,258,0.06176103100006003,0,258,258,258,113,1,1,60,4,0,0.12545804500007307
s1_1000,S1-468418914,S3,US,selective_v1,0,28,1,8,2,9,0.07141750700020566,17,34,274,11,0.0,264,0.07205018000001928,0,264,264,264,120,1,1,60,0,0,0.13911989500002164
s1_1000,S1-717312031,S2,India,selective_v1,0,36,6,13,4,19,0.057206844999996065,13,27,273,12,1.0,135,0.05779223299998648,1,153,152,153,95,1,1,60,1,1,0.10220911399994748
s1_1000,S1-717312031,S3,India,selective_v1,0,36,3,16,4,19,0.05650653399982275,13,27,256,10,1.0,145,0.057096895999961816,3,174,171,174,104,1,1,60,2,3,0.10529285799998434
s1_1000,S1-292535402,S2,India,selective_v1,0,45,15,17,3,32,0.17215302099998553,10,21,154,7,3.0,92,0.17254740200007745,0,125,125,125,62,1,1,60,2,0,0.21507168899995577
s1_1000,S1-292535402,S3,India,selective_v1,0,45,10,18,6,28,0.19460712700004024,11,23,107,5,4.0,73,0.19504515300002367,0,99,99,99,63,1,1,60,0,0,0.22488668000005418
s1_1000,S1-959890049,S2,India,selective_v1,0,66,15,24,10,39,0.08122797699968487,17,34,631,11,6.0,527,0.08251900499999465,1,528,527,528,109,1,1,60,3,1,0.22919535599999108
s1_1000,S1-959890049,S3,India,selective_v1,0,66,15,24,10,39,0.08944205299985697,17,34,492,10,6.0,436,0.09043769399988832,1,436,436,437,105,1,1,60,1,1,0.18824061899999833
s1_1000,S1-256737973,S2,US,selective_v1,0,55,1,4,0,5,0.08632460099954642,24,49,95,12,2.0,82,0.08786292100000992,0,83,83,83,83,1,1,60,1,0,0.10829433399999289
s1_1000,S1-256737973,S3,US,selective_v1,0,55,3,10,0,13,0.1146228330003396,24,49,280,15,5.0,246,0.11600515600002836,0,258,258,258,91,1,1,60,1,0,0.17298042500010524
s1_1000,S1-159212707,S2,India,selective_v1,0,120,21,42,9,63,0.09928683200007526,24,48,745,14,10.0,509,0.10149734000003718,12,509,509,521,113,1,1,60,0,12,0.22849794700005077
s1_1000,S1-159212707,S3,India,selective_v1,0,120,15,47,0,62,0.12509515300064322,24,48,953,16,7.0,716,0.12746687799995016,18,716,716,734,118,1,1,60,1,18,0.28522204900002635
s1_1000,S1-580580616,S2,India,selective_v1,0,120,6,24,0,30,0.22132606100058183,24,49,417,19,4.0,376,0.22441244499998447,7,380,380,387,96,1,1,60,0,7,0.3254255200000671
s1_1000,S1-580580616,S3,India,selective_v1,0,120,3,21,0,24,0.23861440700011372,24,49,445,19,4.0,415,0.24189877399999204,9,418,418,427,106,1,1,60,0,9,0.33266846000003625
s1_1000,S1-386088143,S2,India,selective_v1,0,120,21,47,0,68,0.1353344849998166,24,48,1332,21,3.0,932,0.13754254000002675,8,938,932,940,94,1,1,60,0,8,0.3629345159999957
s1_1000,S1-386088143,S3,India,selective_v1,0,120,15,51,0,66,0.13611907500001053,24,48,1231,22,2.0,1023,0.1383753490000572,7,1030,1023,1030,99,1,1,60,0,7,0.354755776999923
s1_1000,S1-994360372,S2,US,selective_v1,0,45,0,4,0,4,0.16683659000023,24,48,468,16,3.0,435,0.1682902779999722,0,435,435,435,107,1,1,60,1,0,0.26346521899995423
s1_1000,S1-994360372,S3,US,selective_v1,0,45,1,8,0,9,0.2010238519998211,24,48,813,17,7.0,730,0.202545500000042,0,730,730,730,109,1,1,60,2,0,0.33546231799994075
s1_1000,S1-417824853,S2,US,selective_v1,0,45,1,2,0,3,0.023411855000063042,24,50,450,14,1.0,376,0.024905756000066503,0,408,408,408,112,1,1,60,1,0,0.10800951500004885
s1_1000,S1-417824853,S3,US,selective_v1,0,45,3,6,0,9,0.04170305999980428,24,49,840,21,2.0,716,0.04314084299994647,1,731,730,731,111,1,1,60,3,1,0.19375968899998952
s1_1000,S1-57586886,S2,US,selective_v1,0,45,1,4,0,5,0.11864974800027994,24,48,325,16,4.0,299,0.12003239000000576,16,300,299,315,110,1,1,60,2,16,0.18885972099997161
s1_1000,S1-57586886,S3,US,selective_v1,0,45,3,6,0,9,0.15145638000046802,24,48,433,14,8.0,425,0.15282102799994846,10,425,425,435,121,1,1,60,0,10,0.24026224900001125
s1_1000,S1-417823242,S2,US,selective_v1,0,66,0,4,0,4,0.047418513000025087,24,50,554,21,3.0,306,0.0494072449999976,0,449,449,449,113,1,1,60,2,0,0.1494042099999433
s1_1000,S1-417823242,S3,US,selective_v1,0,66,0,4,0,4,0.04843732099993758,24,50,669,21,3.0,333,0.05048820299998624,0,511,511,511,110,1,1,60,3,0,0.14795731599997453
s1_1000,S1-651379105,S2,US,selective_v1,0,36,1,8,5,9,0.12766423099992608,22,44,673,18,4.0,617,0.12876990799998111,1,618,617,618,107,1,1,60,2,1,0.27194285500002024
s1_1000,S1-651379105,S3,US,selective_v1,0,36,3,12,4,15,0.3756251570001723,17,34,358,12,3.0,344,0.3764422110000396,0,344,344,344,112,1,1,60,0,0,0.4457107599999972
s1_1000,S1-575249679,S2,US,selective_v1,0,45,1,8,0,9,0.09338629799970022,24,49,864,19,4.0,543,0.09515086600003997,1,764,763,764,86,1,1,60,1,1,0.2566593599999578
s1_1000,S1-575249679,S3,US,selective_v1,0,45,1,9,3,10,0.08976679199986393,24,49,1039,16,5.0,751,0.0912379989999863,0,961,961,961,90,1,1,60,1,0,0.2839723289999938
s1_1000,S1-393317943,S2,US,selective_v1,0,45,0,3,0,3,0.12496970099982718,24,50,460,17,2.0,294,0.1264536969999881,1,346,345,346,114,1,1,60,2,1,0.2156634269999813
s1_1000,S1-393317943,S3,US,selective_v1,0,45,1,6,0,7,0.14029343599986532,24,49,418,19,5.0,280,0.14160358899994208,0,310,310,310,97,1,1,60,2,0,0.2109154550000767
s1_1000,S1-584163881,S2,India,selective_v1,0,120,28,50,25,78,0.04896462900012466,17,34,746,15,2.0,635,0.050590927000030206,0,635,635,635,112,1,1,60,2,0,0.1884648019999986
s1_1000,S1-584163881,S3,India,selective_v1,0,120,28,57,18,85,0.05610322400013956,17,34,790,15,2.0,639,0.05739070200002061,1,640,639,640,109,1,1,60,3,1,0.19415367999999944
s1_1000,S1-982163117,S2,India,selective_v1,0,66,3,12,0,15,0.03463509700020495,24,51,245,15,6.0,134,0.036369244000070466,1,155,154,155,93,1,1,60,1,1,0.08328826800004663
s1_1000,S1-982163117,S3,India,selective_v1,0,66,1,9,0,10,0.114291649000279,24,52,395,17,7.0,223,0.11619757500000105,0,280,280,280,95,1,1,60,2,0,0.1935868840000694
s1_1000,S1-839782760,S2,US,selective_v1,0,21,0,1,0,1,0.011140524999973422,20,41,134,7,1.0,69,0.011664149000012003,0,129,129,129,88,1,1,60,0,0,0.04929488900006618
s1_1000,S1-839782760,S3,US,selective_v1,0,21,0,1,0,1,0.012592543999971895,20,40,114,19,1.0,75,0.013160539999944376,2,77,75,77,58,0,0,58,4,2,0.03935774000001402
s1_1000,S1-900544442,S2,US,selective_v1,0,55,1,10,0,11,0.1311521699997229,24,48,768,21,3.0,687,0.1328610389999767,3,690,687,690,89,1,1,60,2,3,0.2683377380000138
s1_1000,S1-900544442,S3,US,selective_v1,0,55,1,10,0,11,0.10889440300013575,24,48,700,20,4.0,613,0.11073859700002231,1,614,613,614,94,1,1,60,4,1,0.235660466000013
s1_1000,S1-877625799,S2,US,selective_v1,0,45,1,5,0,6,0.017682146999845827,24,49,384,17,0.0,152,0.018985678000035477,0,297,297,297,103,1,1,60,2,0,0.08662649899997632
s1_1000,S1-877625799,S3,US,selective_v1,0,45,3,7,0,10,0.026796756999601712,24,49,535,20,1.0,307,0.028035757999987254,0,450,450,450,108,1,1,60,0,0,0.12697325499993894
s1_1000,S1-479499953,S2,US,selective_v1,0,55,1,3,0,4,0.07323700900008134,24,49,218,15,4.0,131,0.07484836500009351,0,198,198,198,115,1,1,60,0,0,0.12179791200003365
s1_1000,S1-479499953,S3,US,selective_v1,0,55,1,4,0,5,0.05866004000006342,24,49,324,17,4.0,198,0.06027122100010729,0,262,262,262,116,1,1,60,3,0,0.11990885599993817
s1_1000,S1-240192562,S2,India,selective_v1,0,120,28,16,0,44,0.039643151000291255,24,51,658,19,3.0,481,0.042221053000048414,4,566,566,570,112,1,1,60,1,4,0.17982400799996867
s1_1000,S1-240192562,S3,India,selective_v1,0,120,15,29,0,44,0.030701606000093307,24,51,477,11,4.0,305,0.03315565900004458,5,390,390,395,117,1,1,60,0,5,0.12160006400006296
s1_1000,S1-67984413,S2,US,selective_v1,0,21,1,2,0,3,0.024764318000279673,18,38,416,11,2.0,274,0.02542919899997287,0,375,375,375,105,1,1,60,2,0,0.10393079300001773
s1_1000,S1-67984413,S3,US,selective_v1,0,21,1,2,0,3,0.020422945000291293,18,38,446,14,2.0,301,0.021054525999943507,0,399,399,399,114,1,1,60,1,0,0.0999068600000328
s1_1000,S1-929709760,S2,India,selective_v1,0,105,3,18,0,21,0.22248366099984196,24,48,703,17,6.0,633,0.22560534199999438,1,634,633,634,107,1,1,60,1,1,0.3611528190000399
s1_1000,S1-929709760,S3,India,selective_v1,0,105,3,16,0,19,0.19981493699981456,24,48,706,19,5.0,611,0.20299493499999244,0,611,611,611,106,1,1,60,1,0,0.3116790909999736
s1_1000,S1-645580244,S2,US,selective_v1,0,21,0,0,0,0,0.07020330900024874,21,43,343,13,1.0,137,0.07088415999999143,3,277,274,277,117,1,1,60,2,3,0.13136988500002644
s1_1000,S1-645580244,S3,US,selective_v1,0,21,0,0,0,0,0.03637866899975961,21,43,407,16,1.0,171,0.0370714370000087,2,305,303,305,114,1,1,60,3,2,0.10589953099997729
s1_1000,S1-379116236,S2,US,selective_v1,0,21,1,4,0,5,0.2323406889998978,16,34,345,11,1.0,188,0.23296494300006998,4,307,303,307,109,1,1,60,3,4,0.30745212800002264
s1_1000,S1-379116236,S3,US,selective_v1,0,21,1,4,0,5,0.22579668499997751,16,34,362,15,1.0,203,0.22642173500003082,3,311,308,311,102,1,1,60,1,3,0.28580711499989775
s1_1000,S1-859902423,S2,India,selective_v1,0,91,6,16,0,22,0.13239920899968638,24,50,400,15,8.0,356,0.13495955999997022,4,368,367,371,106,1,1,60,2,4,0.22281457400004
s1_1000,S1-859902423,S3,India,selective_v1,0,91,3,19,0,22,0.180304612999862,24,50,646,16,7.0,484,0.1828249479999613,10,504,494,504,97,1,1,60,1,10,0.2963064130000248
s1_1000,S1-625988141,S2,India,selective_v1,0,55,3,6,0,9,0.05808546200012188,24,50,513,18,4.0,255,0.059813884000050166,0,279,279,279,91,1,1,60,1,0,0.135024655000052
s1_1000,S1-625988141,S3,India,selective_v1,0,55,1,6,0,7,0.05820311000036327,24,50,322,16,6.0,251,0.059805396000001565,0,273,273,273,97,1,1,60,2,0,0.12749521300008837
s1_1000,S1-419938998,S2,US,selective_v1,0,15,0,0,0,0,0.03656218899993746,15,30,377,10,0.0,373,0.03713502300001892,0,373,373,373,80,1,1,60,0,0,0.1142117550000421
s1_1000,S1-419938998,S3,US,selective_v1,0,15,0,0,0,0,0.03513930600013282,15,30,262,6,1.0,261,0.035638149000078556,0,261,261,261,80,1,1,60,0,0,0.08997047299999394
s1_1000,S1-772622400,S2,US,selective_v1,0,28,1,6,2,7,0.14995775500005948,19,38,352,17,2.0,279,0.1507972739999559,1,280,279,280,85,1,1,60,2,1,0.21497452200003409
s1_1000,S1-772622400,S3,US,selective_v1,0,28,1,6,2,7,0.1516813899997942,19,38,335,17,2.0,285,0.15243260800002645,0,285,285,285,84,1,1,60,1,0,0.214021070000058
s1_1000,S1-830083936,S2,India,selective_v1,0,66,3,10,0,13,0.04316766200008715,24,50,339,16,5.0,285,0.04494733100000303,0,289,289,289,80,1,1,60,1,0,0.11134412799992788
s1_1000,S1-830083936,S3,India,selective_v1,0,66,3,10,0,13,0.07136230500020702,24,50,626,22,2.0,504,0.07330366399992272,7,515,508,515,78,1,1,60,1,7,0.168578698000033
s1_1000,S1-439222980,S2,US,selective_v1,0,21,0,3,0,3,0.20320710500016048,18,36,473,15,1.0,438,0.2039754740000035,1,439,438,439,86,1,1,60,1,1,0.29310564699994757
s1_1000,S1-439222980,S3,US,selective_v1,0,21,0,3,0,3,0.2167316000000028,18,36,512,15,1.0,479,0.21753673900002468,3,482,479,482,86,1,1,60,1,3,0.3192069030000084
s1_1000,S1-402531107,S2,US,selective_v1,0,21,0,3,0,3,0.07954407200008973,18,36,456,15,1.0,417,0.08025311799997326,2,419,417,419,90,1,1,60,1,2,0.18417548700006137
s1_1000,S1-402531107,S3,US,selective_v1,0,21,0,4,0,4,0.07565802099998109,17,34,332,15,1.0,292,0.07628396299992346,0,292,292,292,89,1,1,60,2,0,0.12794063299998015
s1_1000,S1-100625394,S2,US,selective_v1,0,21,0,1,0,1,0.07203301700019438,20,40,260,17,3.0,224,0.07275641599994742,0,224,224,224,114,1,1,60,1,0,0.1261363749999873
s1_1000,S1-100625394,S3,US,selective_v1,0,21,0,2,0,2,0.08557809800004179,19,38,340,17,2.0,279,0.08632479300001705,2,281,279,281,111,1,1,60,2,2,0.14805640300005507
s1_1000,S1-877581624,S2,India,selective_v1,0,105,10,29,0,39,0.12026120799964701,24,49,868,17,7.0,777,0.12300276500002383,1,794,793,794,107,1,1,60,2,1,0.29473031199995603
s1_1000,S1-877581624,S3,India,selective_v1,0,105,6,31,0,37,0.1243944479996344,24,49,717,17,7.0,621,0.12703540000006797,0,644,644,644,104,1,1,60,2,0,0.25526099699993665
s1_1000,S1-403408940,S2,US,selective_v1,0,21,1,2,0,3,0.018418213000245487,18,37,212,11,2.0,81,0.018908533999933752,1,183,182,183,105,1,1,60,1,1,0.06344376799995644
s1_1000,S1-403408940,S3,US,selective_v1,0,21,1,2,0,3,0.01251107400003093,18,37,262,16,2.0,93,0.01301550400000906,4,208,204,208,102,1,1,60,1,4,0.055685251999989305
s1_1000,S1-817995330,S2,US,selective_v1,0,21,0,2,0,2,0.10313449200009472,19,39,313,15,2.0,255,0.10379882600000201,0,289,289,289,85,1,1,60,1,0,0.16180217999999513
s1_1000,S1-817995330,S3,US,selective_v1,0,21,1,2,0,3,0.21700185200006672,18,37,385,14,2.0,318,0.21783455400009188,0,351,351,351,95,1,1,60,0,0,0.28448864899996806
s1_1000,S1-76269912,S2,US,selective_v1,0,28,0,2,3,2,0.03695673100003205,23,46,229,15,2.0,206,0.03780134300006921,1,207,206,207,106,1,1,60,3,1,0.08062018999999054
s1_1000,S1-76269912,S3,US,selective_v1,0,28,1,4,2,5,0.045744566999815106,21,42,582,19,2.0,509,0.04671725700006846,1,510,509,510,108,1,1,60,1,1,0.1435375749999821
s1_1000,S1-849465705,S2,India,selective_v1,0,78,1,17,0,18,0.09086325299972486,24,49,369,9,11.0,298,0.09287687199991979,0,302,302,302,105,1,1,60,0,0,0.17259885299995403
s1_1000,S1-849465705,S3,India,selective_v1,0,78,1,10,0,11,0.105680035999967,24,49,980,18,6.0,390,0.10821108100003585,2,403,401,403,97,1,1,60,3,2,0.17994514600002276
s1_1000,S1-995508551,S2,US,selective_v1,0,28,0,0,4,0,0.02020137099987096,24,52,370,23,0.0,190,0.021096903000056955,1,270,269,270,79,1,1,60,3,1,0.08164288499995109
s1_1000,S1-995508551,S3,US,selective_v1,0,28,0,0,4,0,0.017684165999980905,24,52,404,20,0.0,237,0.018612893000067743,1,319,318,319,85,1,1,60,1,1,0.07893190400000094
s1_1000,S1-690122386,S2,India,selective_v1,0,66,10,5,0,15,0.06736626000031265,24,48,346,15,9.0,272,0.06915735200004747,0,272,272,272,91,1,1,60,1,0,0.1377039200000354
s1_1000,S1-690122386,S3,India,selective_v1,0,66,6,8,0,14,0.06984028900001249,24,48,339,15,6.0,278,0.07158449700000347,0,278,278,278,96,1,1,60,1,0,0.1219032660000039
s1_1000,S1-143958303,S2,India,selective_v1,0,91,36,18,19,54,0.1411980420001555,18,36,751,14,4.0,406,0.142529894000063,0,406,406,406,87,1,1,60,0,0,0.23368102699998872
s1_1000,S1-143958303,S3,India,selective_v1,0,91,21,28,19,49,0.15976344299986067,23,46,768,15,7.0,440,0.1614780920000385,0,440,440,440,96,1,1,60,0,0,0.2531354390000615
s1_1000,S1-738848231,S2,India,selective_v1,0,78,6,17,0,23,0.06990947499980393,24,49,559,22,1.0,473,0.07188058600002023,1,476,475,476,106,1,1,60,3,1,0.16820550500005993
s1_1000,S1-738848231,S3,India,selective_v1,0,78,3,17,0,20,0.053603217999807384,24,49,422,21,3.0,341,0.05552299900000435,0,344,344,344,108,1,1,60,2,0,0.11827476399992065
s1_1000,S1-157899985,S2,US,selective_v1,0,21,1,4,0,5,0.0151882779995276,16,34,341,16,0.0,96,0.015670763000002808,2,252,250,252,92,1,1,60,3,2,0.07017007199999625
s1_1000,S1-157899985,S3,US,selective_v1,0,15,1,4,0,5,0.014647662999664135,10,21,315,6,0.0,127,0.014995140999985779,0,275,275,275,106,1,1,60,0,0,0.060934869999982766
s1_1000,S1-107809366,S2,US,selective_v1,0,28,0,2,3,2,0.02075749199980237,23,49,680,17,0.0,175,0.021937883999953556,1,611,610,611,104,1,1,60,2,1,0.10433030100000451
s1_1000,S1-107809366,S3,US,selective_v1,0,28,0,3,3,3,0.038421748000246225,22,46,591,16,1.0,335,0.03929828000002544,0,556,556,556,112,1,1,60,1,0,0.13813727499996276
s1_1000,S1-256569351,S2,US,selective_v1,0,15,0,2,0,2,0.023076480000099764,13,26,257,9,1.0,250,0.0234906040000169,0,250,250,250,82,1,1,60,0,0,0.06922165000003133
s1_1000,S1-256569351,S3,US,selective_v1,0,21,0,2,0,2,0.026418192999699386,19,39,339,15,1.0,301,0.027044197999998687,1,303,302,303,78,1,1,60,1,1,0.08661595099999886
s1_1000,S1-878489591,S2,US,selective_v1,0,36,3,6,4,9,0.07118996600013361,23,46,420,14,9.0,388,0.07213375499998165,0,388,388,388,98,1,1,60,2,0,0.1388447739999492
s1_1000,S1-878489591,S3,US,selective_v1,0,36,3,6,4,9,0.07177047300024242,23,46,408,14,9.0,387,0.07276438199994573,0,387,387,387,111,1,1,60,1,0,0.1411438709999402
s1_1000,S1-369930027,S2,US,selective_v1,0,15,0,0,0,0,0.028763619999949697,15,30,122,14,1.0,103,0.029212207999989914,1,104,103,104,73,1,1,60,1,1,0.053164179999953376
s1_1000,S1-369930027,S3,US,selective_v1,0,15,0,1,0,1,0.02851956000017708,14,28,156,14,0.0,142,0.028940530999989278,1,143,142,143,79,1,1,60,1,1,0.05954813900007139
s1_1000,S1-588917480,S2,US,selective_v1,0,28,0,2,3,2,0.03084922000016377,23,46,187,19,4.0,116,0.03164348899997549,5,121,116,121,102,1,1,60,4,5,0.0590938579999829
s1_1000,S1-588917480,S3,US,selective_v1,0,28,0,2,3,2,0.026312810000035824,23,46,121,13,4.0,106,0.027002681999988454,0,106,106,106,94,1,1,60,1,0,0.04992929699994875
s1_1000,S1-915271485,S2,US,selective_v1,0,36,0,3,2,3,0.07553265399997144,24,50,296,23,1.0,213,0.07668922599998496,1,225,224,225,77,1,1,60,2,1,0.12271465699996043
s1_1000,S1-915271485,S3,US,selective_v1,0,36,0,3,2,3,0.07942255500017836,24,50,292,18,1.0,228,0.08052474800001619,0,239,239,239,79,1,1,60,1,0,0.13095484999996643
s1_1000,S1-491663549,S2,India,selective_v1,0,120,6,42,0,48,0.13095324000028086,24,48,789,12,12.0,573,0.13363177199994425,0,573,573,573,115,1,1,60,1,0,0.2444051259999469
s1_1000,S1-491663549,S3,India,selective_v1,0,120,3,44,0,47,0.15549862600005326,24,48,838,12,12.0,718,0.15825636900001427,0,718,718,718,116,1,1,60,1,0,0.28905505900002026
s1_1000,S1-837791612,S2,US,selective_v1,0,21,0,1,0,1,0.019499202999895715,20,42,383,9,0.0,185,0.020149288999959936,0,370,370,370,114,1,1,60,1,0,0.09346096300009776
s1_1000,S1-837791612,S3,US,selective_v1,0,21,0,1,0,1,0.020472622000170304,20,42,507,16,0.0,225,0.021157405000053586,2,454,452,454,108,1,1,60,4,2,0.0999579360000098
s1_1000,S1-708875578,S2,US,selective_v1,0,28,1,4,2,5,0.11224053099988396,21,42,457,13,6.0,451,0.11317978500005665,0,451,451,451,94,1,1,60,0,0,0.20579795499998
s1_1000,S1-708875578,S3,US,selective_v1,0,28,1,6,2,7,0.1200198679996447,19,38,334,11,5.0,334,0.12081734999992477,0,334,334,334,94,1,1,60,0,0,0.1902026489999571
s1_1000,S1-932863304,S2,India,selective_v1,0,78,6,19,0,25,0.07488236799997594,24,48,827,14,10.0,688,0.0769160859999829,0,688,688,688,107,1,1,60,1,0,0.22559477799995875
s1_1000,S1-932863304,S3,India,selective_v1,0,78,6,24,0,30,0.08815392600024552,24,48,840,15,8.0,677,0.09013780999998744,1,678,677,678,112,1,1,60,1,1,0.21797464300004776
s1_1000,S1-22592434,S2,India,selective_v1,0,78,15,27,16,42,0.0906934740004317,20,40,934,12,8.0,746,0.09225951799999166,10,756,746,756,114,1,1,60,2,10,0.24622077699996225
s1_1000,S1-22592434,S3,India,selective_v1,0,78,6,34,0,40,0.12926244700008738,24,48,1149,17,7.0,895,0.13104718099998536,15,910,895,910,115,1,1,60,2,15,0.29561707100003787
s1_1000,S1-753567061,S2,US,selective_v1,0,28,3,0,3,3,0.0430601180001986,22,45,384,12,2.0,372,0.04398622499991234,0,374,374,374,113,1,1,60,0,0,0.12516151300008005
s1_1000,S1-753567061,S3,US,selective_v1,0,28,3,0,3,3,0.04157659999953012,22,45,631,21,1.0,553,0.04258533500001249,2,558,556,558,113,1,1,60,3,2,0.1453837010000143
s1_1000,S1-920312712,S2,US,selective_v1,0,21,1,0,0,1,0.029097347000060836,20,40,194,15,5.0,175,0.02971349899996767,1,176,175,176,80,1,1,60,1,1,0.06598341799997343
s1_1000,S1-920312712,S3,US,selective_v1,0,21,1,2,0,3,0.024078439999811962,18,36,241,15,3.0,191,0.024685626999939814,3,194,191,194,77,1,1,60,4,3,0.06201460700003736
s1_1000,S1-588083504,S2,US,selective_v1,0,28,3,6,2,9,0.06263239200018234,17,36,269,14,2.0,219,0.06327463000002354,0,236,236,236,79,1,1,60,1,0,0.11299295499998152
s1_1000,S1-588083504,S3,US,selective_v1,0,28,3,6,2,9,0.06484484799977963,17,36,249,15,2.0,187,0.06550114399999529,1,208,207,208,79,1,1,60,1,1,0.10822648700002446
s1_1000,S1-564696590,S2,India,selective_v1,0,105,6,28,0,34,0.10510114899989276,24,49,432,17,7.0,360,0.10750040699997498,1,373,373,374,87,1,1,60,1,1,0.1817891979999331
s1_1000,S1-564696590,S3,India,selective_v1,0,105,1,31,0,32,0.17697147500018673,24,49,731,19,5.0,622,0.17972326400001748,0,634,634,634,91,1,1,60,2,0,0.27964799700009735
s1_1000,S1-526955963,S2,US,selective_v1,0,21,0,1,0,1,0.022687607999955617,20,40,156,19,1.0,124,0.023241693999921154,1,125,124,125,79,1,1,60,1,1,0.042805997999948886
s1_1000,S1-526955963,S3,US,selective_v1,0,21,0,1,0,1,0.021373291000031713,20,40,194,13,1.0,175,0.021915258000035465,2,177,175,177,82,1,1,60,3,2,0.05500777199995355
s1_1000,S1-607228456,S2,US,selective_v1,0,45,3,6,0,9,0.09938084699990668,24,49,498,18,4.0,455,0.10073955799998657,0,456,456,456,91,1,1,60,0,0,0.18577725099999043
s1_1000,S1-607228456,S3,US,selective_v1,0,45,3,6,0,9,0.1021760369999356,24,49,419,17,5.0,399,0.10357354699999632,0,400,400,400,99,1,1,60,1,0,0.1927105480000364
s1_1000,S1-294128890,S2,US,selective_v1,0,36,1,8,4,9,0.1536339729999554,23,46,653,15,3.0,617,0.1548171839999668,0,617,617,617,114,1,1,60,3,0,0.27031266599999526
s1_1000,S1-294128890,S3,US,selective_v1,0,36,3,11,4,14,0.1578256479999709,18,36,690,12,6.0,652,0.15883599699998285,0,652,652,652,112,1,1,60,1,0,0.2928464399999484
s1_1000,S1-324330374,S2,India,selective_v1,0,55,6,8,0,14,0.05689651700004106,24,50,614,19,5.0,432,0.05842916200003856,1,487,486,487,90,1,1,60,2,1,0.1603081639999573
s1_1000,S1-324330374,S3,India,selective_v1,0,55,1,11,0,12,0.06989592799993716,24,50,700,21,3.0,467,0.07158716500009632,0,530,530,530,106,1,1,60,1,0,0.1773703569999725
s1_1000,S1-876046208,S2,US,selective_v1,0,28,0,4,2,4,0.08001272700005302,22,46,822,21,1.0,631,0.08098057999995945,1,742,741,742,116,1,1,60,2,1,0.21036736300004577
s1_1000,S1-876046208,S3,US,selective_v1,0,28,0,4,2,4,0.08406665800009705,22,46,911,21,1.0,687,0.08530649199997242,3,820,817,820,113,1,1,60,3,3,0.23455243900002642
s1_1000,S1-2775762,S2,India,selective_v1,0,120,6,15,0,21,0.08653555699993376,24,48,866,21,3.0,778,0.08990940900002897,3,779,778,781,82,1,1,60,1,3,0.24767728000006173
s1_1000,S1-2775762,S3,India,selective_v1,0,120,3,14,0,17,0.09697357100003501,24,48,726,20,4.0,587,0.10062337900001239,8,588,587,595,84,1,1,60,3,8,0.20816338999998152
s1_1000,S1-912112234,S2,India,selective_v1,0,120,21,39,0,60,0.12848960799976794,24,49,928,18,6.0,759,0.13081870200005596,1,804,803,804,110,1,1,60,1,1,0.2797267959999772
s1_1000,S1-912112234,S3,India,selective_v1,0,120,10,33,0,43,0.09812723400000323,24,49,460,13,11.0,363,0.10079091799991602,0,412,412,412,103,1,1,60,2,0,0.16215972300005888
s1_1000,S1-874610060,S2,US,selective_v1,0,36,1,6,4,7,0.06225025599997025,24,49,806,22,2.0,456,0.06342331700000159,1,666,665,666,102,1,1,60,4,1,0.20242506400006732
s1_1000,S1-874610060,S3,US,selective_v1,0,36,1,6,4,7,0.06472956099992189,24,49,722,21,3.0,360,0.06581903699998293,2,583,581,583,100,1,1,60,3,2,0.15845150500001637
s1_1000,S1-525927764,S2,India,selective_v1,0,120,28,27,0,55,0.054739780000318206,24,48,447,18,5.0,370,0.05692879000002904,0,370,370,370,87,1,1,60,2,0,0.12515369100003682
s1_1000,S1-525927764,S3,India,selective_v1,0,120,21,32,0,53,0.04678370500039364,24,48,697,22,2.0,617,0.049425597999970705,0,617,617,617,85,1,1,60,2,0,0.1530859499999906
s1_1000,S1-856303483,S2,India,selective_v1,0,55,15,13,10,28,0.03564468900003703,17,35,474,12,5.0,388,0.03655273300000772,0,416,416,416,93,1,1,60,2,0,0.11422125900003266
s1_1000,S1-856303483,S3,India,selective_v1,0,55,15,13,10,28,0.046472111000298355,17,35,308,11,6.0,248,0.04735879599991222,0,269,269,269,81,1,1,60,1,0,0.10229201000004196
s1_1000,S1-325932018,S2,US,selective_v1,0,15,0,0,0,0,0.05204465700012406,15,31,166,15,0.0,102,0.052500154999961524,2,118,116,118,82,1,1,60,1,2,0.07913416799999595
s1_1000,S1-325932018,S3,US,selective_v1,0,21,0,0,0,0,0.05616433099999085,21,46,235,21,0.0,86,0.056865833999950155,2,155,153,155,83,1,1,60,2,2,0.09501544700003706
s1_1000,S1-822391359,S2,US,selective_v1,0,36,1,4,4,5,0.028660959999569968,24,49,267,16,2.0,215,0.029662575999964247,1,224,223,224,111,1,1,60,3,1,0.07601118599995971
s1_1000,S1-822391359,S3,US,selective_v1,0,36,3,6,4,9,0.03893955500029733,23,47,402,18,4.0,332,0.03994575900003383,0,345,345,345,113,1,1,60,3,0,0.10986976000003779
s1_1000,S1-774181170,S2,India,selective_v1,0,36,3,11,4,14,0.0431115190001492,18,37,656,10,4.0,605,0.043983457999956954,0,606,606,606,92,1,1,60,1,0,0.15507544499996584
s1_1000,S1-774181170,S3,India,selective_v1,0,36,3,13,4,16,0.05335691299967493,16,33,494,11,3.0,452,0.054138090000037664,2,456,454,456,95,1,1,60,1,2,0.1344432070000039
s1_1000,S1-22215156,S2,US,selective_v1,0,36,0,2,4,2,0.025715506000437927,24,49,557,15,2.0,424,0.02687978199992358,1,500,499,500,110,1,1,60,1,1,0.09762147399999321
s1_1000,S1-22215156,S3,US,selective_v1,0,36,1,4,4,5,0.03466002599998319,24,49,465,14,8.0,351,0.03575568999997358,0,428,428,428,115,1,1,60,2,0,0.10623515099996439
s1_1000,S1-615231492,S2,US,selective_v1,0,36,3,3,4,6,0.030429893999894375,24,49,530,22,2.0,393,0.031547442999908526,1,468,467,468,111,1,1,60,1,1,0.11015405700004521
s1_1000,S1-615231492,S3,US,selective_v1,0,36,3,3,5,6,0.03242752999994991,24,49,360,19,2.0,260,0.033374116000004506,0,333,333,333,110,1,1,60,2,0,0.08538996900006168
s1_1000,S1-294036444,S2,US,selective_v1,0,55,1,9,0,10,0.1406622779996951,24,48,466,16,3.0,460,0.14225371899999573,1,461,460,461,101,1,1,60,1,1,0.21902932800003327
s1_1000,S1-294036444,S3,US,selective_v1,0,55,3,15,7,18,0.15315070799977093,24,48,724,20,4.0,673,0.15474290899999232,0,673,673,673,108,1,1,60,1,0,0.2598752289999311
s1_1000,S1-850721810,S2,India,selective_v1,0,78,3,18,0,21,0.10215674500000205,24,50,761,20,3.0,645,0.10446383400005743,0,711,711,711,116,1,1,60,0,0,0.25527445099999113
s1_1000,S1-850721810,S3,India,selective_v1,0,78,0,17,0,17,0.09491119800020442,24,50,641,16,4.0,561,0.09711169000001973,0,610,610,610,108,1,1,60,3,0,0.19324119399993833
s1_1000,S1-113429852,S2,US,selective_v1,0,28,1,7,2,8,0.025405172999853676,18,37,324,14,1.0,220,0.026123963000031836,118,290,282,400,148,1,1,60,1,45,0.0894155910000336
s1_1000,S1-113429852,S3,US,selective_v1,0,28,6,4,2,10,0.07000666900034958,16,33,379,13,1.0,257,0.07078535899995586,112,336,314,426,133,1,1,60,2,41,0.13248460099998738
s1_1000,S1-804056563,S2,India,selective_v1,0,105,15,20,0,35,0.03981540299980679,24,49,668,18,6.0,523,0.04226139599995804,5,552,552,557,113,1,1,60,2,5,0.1445550449999473
s1_1000,S1-804056563,S3,India,selective_v1,0,105,15,23,0,38,0.05507191900005637,24,49,644,20,4.0,522,0.05740607099994577,13,564,551,564,93,1,1,60,1,13,0.14991131499994026
s1_1000,S1-337477995,S2,India,selective_v1,0,78,15,19,16,34,0.045176859999969565,24,48,566,15,7.0,479,0.04673831599995992,0,479,479,479,113,1,1,60,1,0,0.14114002100006928
s1_1000,S1-337477995,S3,India,selective_v1,0,78,6,25,0,31,0.051216827000303056,24,48,725,15,8.0,583,0.05306289999998626,1,584,583,584,109,1,1,60,4,1,0.15340029000003597
s1_1000,S1-923720466,S2,India,selective_v1,0,55,3,22,10,25,0.09066151300032743,20,40,641,14,4.0,502,0.09189236999998229,0,502,502,502,105,1,1,60,0,0,0.1885527889999139
s1_1000,S1-923720466,S3,India,selective_v1,0,55,1,17,8,18,0.05913499299981595,24,48,719,17,7.0,624,0.060833372999923085,2,626,624,626,113,1,1,60,2,2,0.14965775199993914
s1_1000,S1-109291552,S2,US,selective_v1,0,28,1,8,2,9,0.15500470900008168,17,34,475,17,0.0,424,0.15586098300002504,1,425,424,425,107,1,1,60,2,1,0.2360468970000511
s1_1000,S1-109291552,S3,US,selective_v1,0,28,1,8,2,9,0.15108163100001093,17,34,498,17,0.0,449,0.15185111900007087,0,449,449,449,115,1,1,60,1,0,0.22928325599991695
s1_1000,S1-832856617,S2,US,selective_v1,0,21,1,0,0,1,0.0653339460003508,20,41,496,9,6.0,196,0.06605349899996327,7,441,434,441,111,1,1,60,0,7,0.15332166799998959
s1_1000,S1-832856617,S3,US,selective_v1,0,21,1,2,0,3,0.06597009499989781,18,36,307,14,4.0,266,0.06661262000000079,9,275,266,275,105,1,1,60,3,9,0.11133007499995529
s1_1000,S1-854476336,S2,US,selective_v1,0,36,1,8,4,9,0.04936330800012456,23,47,751,17,5.0,470,0.05037755599994398,35,670,669,704,145,1,1,60,2,35,0.17699716099991747
s1_1000,S1-854476336,S3,US,selective_v1,0,36,3,6,4,9,0.05337221399997816,23,47,641,17,6.0,344,0.05436506199998803,38,529,524,562,133,1,1,60,2,38,0.15340251700001772
s1_1000,S1-934968490,S2,India,selective_v1,0,120,0,8,0,8,0.06179240700009814,24,50,470,19,2.0,359,0.06539220900003784,0,412,412,412,102,1,1,60,3,0,0.13708278800004337
s1_1000,S1-934968490,S3,India,selective_v1,0,120,0,1,0,1,0.10695029100031661,24,51,509,13,4.0,429,0.11078397200003565,0,496,496,496,91,1,1,60,0,0,0.20178222799995638
s1_1000,S1-121693037,S2,India,selective_v1,0,105,15,30,0,45,0.14360538500011444,24,49,536,18,6.0,501,0.14588244100002612,0,508,508,508,104,1,1,60,0,0,0.23986039099997924
s1_1000,S1-121693037,S3,India,selective_v1,0,105,10,33,0,43,0.14591380499996376,24,49,365,15,8.0,347,0.1481681860000208,0,350,350,350,100,1,1,60,0,0,0.2110496370000874
s1_1000,S1-542540887,S2,US,selective_v1,0,45,1,4,0,5,0.060972449000132656,24,49,261,21,3.0,181,0.06237463599995863,1,186,185,186,95,1,1,60,4,1,0.10575335099997574
s1_1000,S1-542540887,S3,US,selective_v1,0,45,1,6,0,7,0.06536992799999553,24,50,409,21,2.0,337,0.06672693600000912,1,377,376,377,97,1,1,60,1,1,0.1297014470000022
s1_1000,S1-706889130,S2,US,selective_v1,0,28,1,4,2,5,0.06308359800016206,21,42,419,12,9.0,375,0.06395142300004864,17,375,375,392,118,1,1,60,2,17,0.13669277599990437
s1_1000,S1-706889130,S3,US,selective_v1,0,28,1,6,2,7,0.05960448400003315,19,38,309,11,8.0,283,0.06031122299998515,16,283,283,299,114,1,1,60,1,16,0.10580455199999506
s1_1000,S1-587051623,S2,US,selective_v1,0,28,3,3,2,6,0.055406806999826586,20,41,331,14,6.0,285,0.05617725300010079,0,295,295,295,85,1,1,60,1,0,0.11906047999991642
s1_1000,S1-587051623,S3,US,selective_v1,0,28,3,3,2,6,0.05959870400010914,20,41,237,11,7.0,215,0.06030815399992662,0,220,220,220,89,1,1,60,1,0,0.09758416700003636
s1_1000,S1-648916840,S2,US,selective_v1,0,28,3,3,2,6,0.03151057299965032,20,40,543,18,2.0,493,0.03242223200004446,1,494,493,494,113,1,1,60,2,1,0.10929965299999367
s1_1000,S1-648916840,S3,US,selective_v1,0,28,3,3,2,6,0.027356940999766266,20,40,444,15,3.0,398,0.02822270900003332,0,398,398,398,111,1,1,60,1,0,0.08519741199995678
s1_1000,S1-216234074,S2,India,selective_v1,0,66,10,0,0,10,0.03912757600005534,24,51,343,19,3.0,250,0.04102719399998023,2,267,265,267,110,1,1,60,2,2,0.08844158000010793
s1_1000,S1-216234074,S3,India,selective_v1,0,66,3,6,0,9,0.040541013000279236,24,51,570,16,1.0,503,0.04254288300001008,0,522,522,522,106,1,1,60,1,0,0.13817866599993067
s1_1000,S1-4179197,S2,India,selective_v1,0,55,3,3,0,6,0.13065591800057064,24,50,225,16,8.0,156,0.13238240600003337,1,166,165,166,94,1,1,60,2,1,0.16856705599991528
s1_1000,S1-4179197,S3,India,selective_v1,0,45,1,5,0,6,0.13459982999995646,24,49,376,10,6.0,365,0.1359837239999706,0,370,370,370,81,1,1,60,0,0,0.19389125500003956
s1_1000,S1-874853634,S2,India,selective_v1,0,120,36,9,0,45,0.07541390899996259,24,50,374,15,9.0,257,0.07781527199995253,2,314,312,314,95,1,1,60,1,2,0.13918980300002204
s1_1000,S1-874853634,S3,India,selective_v1,0,120,36,17,0,53,0.07160155200006102,24,50,288,14,9.0,145,0.07382469700007732,1,195,194,195,79,1,1,60,2,1,0.11520196499998292
s1_1000,S1-830938274,S2,India,selective_v1,0,55,6,8,0,14,0.05935180999995282,24,49,712,16,8.0,448,0.06082619200003592,1,466,465,466,79,1,1,60,2,1,0.14697848200000863
s1_1000,S1-830938274,S3,India,selective_v1,0,55,3,9,0,12,0.10836636699980318,24,49,654,16,7.0,504,0.10996112500004074,3,527,524,527,79,1,1,60,1,3,0.205954571999996
s1_1000,S1-669173899,S2,India,selective_v1,0,91,21,39,14,60,0.12335543899996537,17,34,712,9,8.0,684,0.1245352369999182,6,684,684,690,115,1,1,60,2,6,0.24993259600000783
s1_1000,S1-669173899,S3,India,selective_v1,0,91,10,49,9,59,0.20339561999981015,23,46,1135,16,7.0,978,0.20493689600004927,8,978,978,986,120,1,1,60,1,8,0.3613699940000288
s1_1000,S1-890514147,S2,US,selective_v1,0,21,1,0,0,1,0.02169384200044533,20,41,580,10,2.0,540,0.022429116000012073,0,544,544,544,84,1,1,60,0,0,0.08730499000000691
s1_1000,S1-890514147,S3,US,selective_v1,0,21,1,2,0,3,0.016066397000145116,18,37,308,15,2.0,290,0.016671760999997787,1,294,293,294,84,1,1,60,2,1,0.06297721299995374
s1_1000,S1-977938386,S2,India,selective_v1,0,120,6,25,0,31,0.08252539700026773,24,49,909,18,6.0,609,0.08559202100002494,1,640,639,640,96,1,1,60,4,1,0.1961281850000205
s1_1000,S1-977938386,S3,India,selective_v1,0,120,3,25,0,28,0.06619312899999841,24,49,687,19,4.0,440,0.06948181500001738,0,482,482,482,116,1,1,60,3,0,0.152620451999951
s1_1000,S1-360570474,S2,India,selective_v1,0,78,1,13,0,14,0.04691778299991256,24,50,712,22,2.0,381,0.04909218199998122,2,413,411,413,75,1,1,60,2,2,0.1299467310000182
s1_1000,S1-360570474,S3,India,selective_v1,0,78,1,8,0,9,0.05180670600009307,24,50,488,22,2.0,216,0.054090013000063664,1,250,249,250,76,1,1,60,2,1,0.10748131200000444
s1_1000,S1-979234942,S2,US,selective_v1,0,21,1,0,0,1,0.05532529200013414,20,41,404,16,4.0,201,0.05604229300001862,1,359,358,359,113,1,1,60,2,1,0.11590251100005844
s1_1000,S1-979234942,S3,US,selective_v1,0,21,1,0,0,1,0.058661923000045135,20,41,475,16,4.0,238,0.05940260199997738,2,394,392,394,105,1,1,60,4,2,0.11864887800004453
s1_1000,S1-961832806,S2,India,selective_v1,0,45,15,0,8,15,0.025006909000012456,22,46,410,16,2.0,171,0.02598455700001523,1,221,220,221,90,1,1,60,1,1,0.07290428900000734
s1_1000,S1-961832806,S3,India,selective_v1,0,45,6,8,8,14,0.022956245000273157,23,48,342,14,3.0,151,0.023928637999915736,0,209,209,209,78,1,1,60,0,0,0.05623932599996806
s1_1000,S1-74403263,S2,India,selective_v1,0,66,3,0,0,3,0.019711074000042572,24,50,362,20,3.0,228,0.021730968000042594,1,264,263,264,84,1,1,60,1,1,0.08394466300001113
s1_1000,S1-74403263,S3,India,selective_v1,0,66,0,4,0,4,0.021318994000125713,24,50,348,20,2.0,238,0.023284169000021393,0,274,274,274,68,1,1,60,1,0,0.08219204300007732
s1_1000,S1-411939618,S2,India,selective_v1,0,66,21,15,13,36,0.012929668999959176,17,35,668,13,4.0,417,0.013927608999892982,0,462,462,462,100,1,1,60,1,0,0.09481818300002942
s1_1000,S1-411939618,S3,India,selective_v1,0,66,15,19,13,34,0.02673867099997551,19,39,799,15,3.0,473,0.027942925999923318,0,502,502,502,92,1,1,60,1,0,0.10675447200003418
s1_1000,S1-452329998,S2,India,selective_v1,0,120,6,33,0,39,0.09385177600029238,24,48,956,20,4.0,907,0.09683559899997363,1,907,907,908,96,1,1,60,2,1,0.24778323600003205
s1_1000,S1-452329998,S3,India,selective_v1,0,120,3,26,0,29,0.11093105400004788,24,48,937,18,6.0,855,0.1142451840000831,5,860,855,860,98,1,1,60,1,5,0.2198136810000051
s1_1000,S1-159760349,S2,US,selective_v1,0,21,0,0,0,0,0.028300845999865487,21,43,218,19,2.0,122,0.028934205000041402,1,177,176,177,75,1,1,60,2,1,0.06516814100007196
s1_1000,S1-159760349,S3,US,selective_v1,0,21,0,0,0,0,0.02803029800031709,21,42,186,18,2.0,167,0.028677562999973816,0,167,167,167,73,1,1,60,2,0,0.053893954999921334
s1_1000,S1-378702310,S2,India,selective_v1,0,105,6,18,0,24,0.0803793959998984,24,50,531,16,6.0,477,0.08304569900008119,4,489,489,493,84,1,1,60,2,4,0.16840164400002777
s1_1000,S1-378702310,S3,India,selective_v1,0,105,3,14,0,17,0.07217523799977243,24,50,506,12,5.0,474,0.0752029020000009,8,496,488,496,80,1,1,60,3,8,0.1507420269999784
s1_1000,S1-14088765,S2,India,selective_v1,0,120,10,24,0,34,0.07768544999987625,24,50,481,17,6.0,375,0.08064857800002301,0,405,405,405,95,1,1,60,2,0,0.15342031499994846
s1_1000,S1-14088765,S3,India,selective_v1,0,120,3,26,0,29,0.07001775700030066,24,51,1015,22,2.0,824,0.07327520900003037,0,889,889,889,108,1,1,60,1,0,0.2171241320000945
s1_1000,S1-245808112,S2,US,selective_v1,0,10,0,0,0,0,0.04155294600002435,10,20,168,10,0.0,131,0.04190059300003668,6,134,131,137,64,1,1,60,3,6,0.06512958099995103
s1_1000,S1-245808112,S3,US,selective_v1,0,10,0,0,0,0,0.042672492000065176,10,20,167,10,0.0,148,0.04299397099998714,4,149,148,152,53,0,0,53,2,4,0.06393024300007255
s1_1000,S1-522925958,S2,US,selective_v1,0,28,1,2,3,3,0.020672756000180925,22,46,275,20,2.0,177,0.021400508000056107,1,229,228,229,78,1,1,60,3,1,0.06393432100003338
s1_1000,S1-522925958,S3,US,selective_v1,0,28,1,2,3,3,0.018556763000106002,22,46,259,20,2.0,185,0.019304197999986172,0,230,230,230,79,1,1,60,2,0,0.060129419999952916
s1_1000,S1-409923771,S2,US,selective_v1,0,21,1,2,0,3,0.04804908500000238,18,38,440,15,3.0,124,0.048715915000002497,2,388,386,388,99,1,1,60,2,2,0.11756367299994963
s1_1000,S1-409923771,S3,US,selective_v1,0,21,1,4,0,5,0.04928860300015003,16,33,391,13,1.0,161,0.049908934999962185,2,346,344,346,98,1,1,60,2,2,0.102297435999958
s1_1000,S1-819898078,S2,US,selective_v1,0,28,1,12,2,13,0.034824593999928766,13,27,442,12,0.0,388,0.03541890099995726,0,415,415,415,103,1,1,60,1,0,0.10387117699997361
s1_1000,S1-819898078,S3,US,selective_v1,0,28,1,13,2,14,0.02482350800016775,12,25,311,7,0.0,261,0.025321240999915062,0,287,287,287,103,1,1,60,0,0,0.07437960000004296
s1_1000,S1-725933863,S2,India,selective_v1,0,120,15,18,0,33,0.0640836899997339,24,49,721,17,6.0,630,0.06713304999993852,1,643,642,643,114,1,1,60,1,1,0.16922059600005923
s1_1000,S1-725933863,S3,India,selective_v1,0,120,6,29,0,35,0.054633787000398115,24,49,439,19,5.0,384,0.05763580199993612,0,403,403,403,116,1,1,60,1,0,0.11603276899995763
s1_1000,S1-115173411,S2,India,selective_v1,0,45,3,11,8,14,0.05181132100017294,23,46,474,16,6.0,420,0.05292354999994586,0,420,420,420,118,1,1,60,2,0,0.12084780899999714
s1_1000,S1-115173411,S3,India,selective_v1,0,45,0,11,3,11,0.08322178299977168,24,48,708,18,6.0,601,0.08478745299998991,0,601,601,601,114,1,1,60,5,0,0.17278043299995716
s1_1000,S1-324695988,S2,US,selective_v1,0,15,0,2,0,2,0.04905533500004822,13,26,244,12,1.0,217,0.04953515800002606,2,218,217,219,86,1,1,60,2,2,0.08784183199998097
s1_1000,S1-324695988,S3,US,selective_v1,0,15,0,3,0,3,0.055273439999950824,12,24,281,8,0.0,265,0.05570398400004706,1,265,265,266,85,1,1,60,1,1,0.09774833500000568
s1_1000,S1-10393601,S2,US,selective_v1,0,28,0,3,2,3,0.15649741799961703,23,46,789,20,3.0,665,0.15759576000004927,50,715,665,715,106,1,1,60,4,42,0.2798036149999916
s1_1000,S1-10393601,S3,US,selective_v1,0,28,0,3,2,3,0.13959291899993787,23,46,999,21,2.0,894,0.14100174299994706,35,929,894,929,117,1,1,60,4,35,0.2696038749999161
s1_1000,S1-296672331,S2,India,selective_v1,0,120,15,38,0,53,0.06328629199992974,24,49,511,18,6.0,416,0.0656093579999606,6,437,431,437,90,1,1,60,1,6,0.129174216000024
s1_1000,S1-296672331,S3,India,selective_v1,0,120,15,30,0,45,0.06024323299993739,24,49,542,14,9.0,482,0.06278313999996499,4,499,495,499,90,1,1,60,2,4,0.1439209039999696
s1_1000,S1-897779097,S2,India,selective_v1,0,105,10,20,0,30,0.052849014999992505,24,49,450,15,9.0,376,0.055301192999991144,1,381,380,381,74,1,1,60,4,1,0.1185136629999306
s1_1000,S1-897779097,S3,India,selective_v1,0,105,6,21,0,27,0.06976020100012192,24,49,551,15,7.0,525,0.072428221999985,0,526,526,526,84,1,1,60,1,0,0.1508206460000565
s1_1000,S1-277198482,S2,India,selective_v1,0,66,6,24,0,30,0.1288129479997906,24,48,961,20,4.0,822,0.13039068999989922,3,824,822,825,105,1,1,60,3,3,0.23355839999999262
s1_1000,S1-277198482,S3,India,selective_v1,0,66,1,24,0,25,0.15055179799981033,24,48,933,21,3.0,869,0.1522395739999638,1,870,869,870,95,1,1,60,1,1,0.27933774499990704
s1_1000,S1-996291067,S2,India,selective_v1,0,78,45,18,6,63,0.00905256099986218,9,19,46,6,2.0,29,0.009357234000049175,1,32,32,33,33,0,0,33,3,1,0.01802506700005324
s1_1000,S1-996291067,S3,India,selective_v1,0,66,45,10,5,55,0.017083550000052128,6,12,86,2,4.0,86,0.017344115000014426,0,86,86,86,65,1,1,60,0,0,0.03398783399995864
s1_1000,S1-108923390,S2,US,selective_v1,0,10,0,2,0,2,0.019030938999890168,8,16,209,8,0.0,192,0.019348315000002003,1,193,192,193,86,1,1,60,3,1,0.050886946999980864
s1_1000,S1-108923390,S3,US,selective_v1,0,10,0,2,0,2,0.019002392999823314,8,16,241,7,0.0,234,0.019322698999985732,1,235,234,235,92,1,1,60,3,1,0.052601583000068786
s1_1000,S1-264329856,S2,India,selective_v1,0,105,10,31,0,41,0.08663818299999093,24,48,317,15,9.0,265,0.08879060599997501,1,266,265,266,92,1,1,60,2,1,0.13072378599997592
s1_1000,S1-264329856,S3,India,selective_v1,0,105,10,30,0,40,0.1035102619995314,24,48,510,15,9.0,463,0.10582931100009318,1,463,463,464,103,1,1,60,1,1,0.18213441400007468
s1_1000,S1-387200680,S2,India,selective_v1,0,105,15,24,0,39,0.09928269399995315,24,48,993,18,5.0,887,0.10187749900001108,5,888,887,892,110,1,1,60,2,5,0.2255437769999844
s1_1000,S1-387200680,S3,India,selective_v1,0,105,10,30,0,40,0.1205266899991102,24,48,836,20,4.0,698,0.12304951400005848,11,709,698,709,113,1,1,60,3,11,0.23052481700005956
s1_1000,S1-549608257,S2,US,selective_v1,0,15,0,0,0,0,0.03434877899996991,15,30,258,14,1.0,231,0.03486043899999913,40,233,231,271,120,1,1,60,3,40,0.08264892199997576
s1_1000,S1-549608257,S3,US,selective_v1,0,15,0,1,0,1,0.028475545999640417,14,28,128,13,1.0,95,0.028874728000005234,44,95,95,139,114,1,1,60,3,41,0.05672846799996023
s1_1000,S1-761867539,S2,US,selective_v1,0,36,0,0,2,0,0.08362584599967704,24,50,541,16,2.0,290,0.08499234200007777,1,308,307,308,79,1,1,60,2,1,0.13301609200004805
s1_1000,S1-761867539,S3,US,selective_v1,0,36,1,2,2,3,0.0974662039998293,24,50,829,18,4.0,500,0.09885886100005337,0,526,526,526,80,1,1,60,2,0,0.1801653150000675
s1_1000,S1-908747670,S2,US,selective_v1,0,28,0,1,3,1,0.047429045000171755,24,48,378,15,2.0,316,0.048403292999978476,36,352,316,352,101,1,1,60,2,36,0.11977726200007055
s1_1000,S1-908747670,S3,US,selective_v1,0,28,1,2,3,3,0.0632279449997668,22,44,666,16,4.0,551,0.06423089400004756,45,596,551,596,104,1,1,60,1,42,0.13519998900005703
s1_1000,S1-770172704,S2,US,selective_v1,0,21,0,4,0,4,0.0293212910002012,17,35,373,16,0.0,211,0.029894045999981245,2,344,342,344,116,1,1,60,2,2,0.09073236599999746
s1_1000,S1-770172704,S3,US,selective_v1,0,21,0,4,0,4,0.0273109539999723,17,35,394,17,0.0,214,0.027866850000009435,1,361,360,361,115,1,1,60,2,1,0.07781498600002124
s1_1000,S1-335715642,S2,India,selective_v1,0,78,21,22,16,43,0.025481770999704167,19,39,409,11,4.0,291,0.026587257999949543,0,302,302,302,101,1,1,60,1,0,0.07751009499997963
s1_1000,S1-335715642,S3,India,selective_v1,0,78,10,31,16,41,0.025921910999841202,21,43,458,18,3.0,351,0.02711845400006041,0,366,366,366,105,1,1,60,3,0,0.0810574900000347
s1_1000,S1-369919932,S2,India,selective_v1,0,78,3,17,0,20,0.032974095000099624,24,48,415,14,10.0,323,0.03494656500004112,0,323,323,323,97,1,1,60,1,0,0.085700557999985
s1_1000,S1-369919932,S3,India,selective_v1,0,78,3,14,0,17,0.04314005400010501,24,48,800,18,6.0,611,0.045379959999991115,2,613,611,613,95,1,1,60,4,2,0.12550339500000973
s1_1000,S1-97828965,S2,India,selective_v1,0,105,21,40,22,61,0.06305268199980674,22,44,551,13,9.0,470,0.0646341010000242,1,471,470,471,96,1,1,60,1,1,0.13334322799994425
s1_1000,S1-97828965,S3,India,selective_v1,0,105,15,36,0,51,0.06409791400028553,24,48,999,18,6.0,868,0.06620422499997858,4,868,868,872,106,1,1,60,3,4,0.17483237399994778
s1_1000,S1-967811540,S2,US,selective_v1,0,45,1,0,0,1,0.0329105440002877,24,49,477,15,2.0,447,0.03449648299999808,0,450,450,450,106,1,1,60,2,0,0.1076416660000632
s1_1000,S1-967811540,S3,US,selective_v1,0,45,3,0,0,3,0.03821347499967942,24,49,476,20,3.0,422,0.03978802899996481,1,426,425,426,115,1,1,60,2,1,0.0934943290000092
s1_1000,S1-160353666,S2,India,selective_v1,0,78,3,7,0,10,0.04418797800019547,24,49,306,22,2.0,192,0.04636577799999486,5,207,202,207,77,1,1,60,3,5,0.08927204700000857
s1_1000,S1-160353666,S3,India,selective_v1,0,78,1,8,0,9,0.05179775400017661,24,50,476,22,0.0,354,0.05407140799991339,0,398,398,398,79,1,1,60,0,0,0.11031103700008771
s1_1000,S1-32625238,S2,US,selective_v1,0,36,1,6,5,7,0.12345729900027891,24,48,496,19,5.0,457,0.12460458800001106,1,458,457,458,110,1,1,60,1,1,0.1914421390000598
s1_1000,S1-32625238,S3,US,selective_v1,0,36,1,6,5,7,0.09987204400033534,24,48,512,19,5.0,476,0.10104416100000435,2,478,476,478,111,1,1,60,2,2,0.17146328899991659
s1_1000,S1-529683926,S2,India,selective_v1,0,66,1,9,0,10,0.028335363999872243,24,50,552,17,3.0,394,0.03025600699993447,8,404,396,404,114,1,1,60,2,8,0.10338789299999007
s1_1000,S1-529683926,S3,India,selective_v1,0,66,1,7,0,8,0.05109652000010101,24,51,329,16,6.0,232,0.052977983000005224,9,270,270,279,113,1,1,60,2,9,0.09736676299996816
s1_1000,S1-783001297,S2,US,selective_v1,0,36,3,12,4,15,0.14171133000024838,17,34,366,16,1.0,270,0.14251740899999277,1,271,270,271,99,1,1,60,5,1,0.17924599499997385
s1_1000,S1-783001297,S3,US,selective_v1,0,36,3,12,4,15,0.12863616900028774,17,34,409,16,1.0,314,0.12944228300000304,2,316,314,316,97,1,1,60,1,2,0.17294476600000053
s1_1000,S1-2577240,S2,India,selective_v1,0,91,10,37,14,47,0.13810444900002494,24,48,702,11,13.0,687,0.13981887399995685,3,687,687,690,107,1,1,60,0,3,0.24625540799991086
s1_1000,S1-2577240,S3,India,selective_v1,0,91,10,42,14,52,0.17606686900001023,24,48,862,13,11.0,814,0.17774894100000438,14,828,814,828,113,1,1,60,2,14,0.2943309270000327
s1_1000,S1-309250937,S2,US,selective_v1,0,28,0,2,3,2,0.02590335800016419,23,47,625,19,0.0,424,0.026840354000000843,1,565,564,565,116,1,1,60,2,1,0.10936043499998505
s1_1000,S1-309250937,S3,US,selective_v1,0,28,1,4,2,5,0.03116356900000028,21,43,762,20,1.0,485,0.03212565900003028,4,631,627,631,94,1,1,60,4,4,0.11237032999997609
s1_1000,S1-933907524,S2,US,selective_v1,0,28,3,3,2,6,0.047322455999960766,20,41,559,16,4.0,264,0.04816761699999006,1,484,483,484,108,1,1,60,2,1,0.11894274600001609
s1_1000,S1-933907524,S3,US,selective_v1,0,28,3,6,2,9,0.044701677999910316,17,34,368,16,1.0,336,0.04540588100007881,0,336,336,336,108,1,1,60,1,0,0.09641601499993158
s1_1000,S1-874706415,S2,India,selective_v1,0,91,21,30,19,51,0.06465686600040499,21,43,546,15,6.0,415,0.06612687900008041,8,432,424,432,104,1,1,60,1,8,0.13647585700005038
s1_1000,S1-874706415,S3,India,selective_v1,0,91,15,38,7,53,0.09921485000029406,24,49,950,20,4.0,760,0.10091417600006025,7,777,770,777,112,1,1,60,2,7,0.20626497400007793
s1_1000,S1-394191447,S2,India,selective_v1,0,66,10,9,0,19,0.04770662900023126,24,49,1116,15,9.0,242,0.04954678100000365,1,271,270,271,67,1,1,60,2,1,0.09660788400003639
s1_1000,S1-394191447,S3,India,selective_v1,0,66,6,8,0,14,0.05260639400034961,24,49,927,17,7.0,387,0.05457213600004707,0,415,415,415,66,1,1,60,4,0,0.09994066499996279
s1_1000,S1-983260741,S2,India,selective_v1,0,120,10,35,0,45,0.13662156400016556,24,49,585,15,8.0,414,0.13930224000000635,0,451,451,451,79,1,1,60,1,0,0.2150029590000031
s1_1000,S1-983260741,S3,India,selective_v1,0,120,3,46,0,49,0.1440051210005322,24,48,568,17,7.0,403,0.1465551820000428,0,403,403,403,76,1,1,60,3,0,0.20409413699997003
s1_1000,S1-593018241,S2,US,selective_v1,0,28,1,2,3,3,0.04807073599988598,22,45,595,17,5.0,300,0.0489903590000722,4,485,481,485,107,1,1,60,4,4,0.11512659100003475
s1_1000,S1-593018241,S3,US,selective_v1,0,28,1,2,3,3,0.05083779300002789,22,45,661,17,5.0,302,0.05178220799996325,2,537,535,537,108,1,1,60,4,2,0.12743940200005
s1_1000,S1-783328051,S2,US,selective_v1,0,15,0,2,0,2,0.013269022000145014,13,26,172,11,0.0,129,0.01365174600005048,34,163,129,163,83,1,1,60,2,34,0.04106149799997638
s1_1000,S1-783328051,S3,US,selective_v1,0,15,0,2,0,2,0.014357683999946858,13,26,180,13,0.0,128,0.014738416999989568,32,160,128,160,86,1,1,60,2,32,0.04019287100004476
s1_1000,S1-177322486,S2,India,selective_v1,0,105,15,6,0,21,0.04159349199994722,24,49,265,15,8.0,197,0.04433047999998507,2,212,210,212,82,1,1,60,1,2,0.08496433799996339
s1_1000,S1-177322486,S3,India,selective_v1,0,105,10,10,0,20,0.04501649600024393,24,50,490,17,7.0,395,0.047841291999930036,0,427,427,427,103,1,1,60,1,0,0.11232414200003404
s1_1000,S1-327512522,S2,US,selective_v1,0,21,0,3,0,3,0.04704027599973415,18,36,212,16,1.0,180,0.047628463999899395,0,180,180,180,93,1,1,60,2,0,0.07748700199999803
s1_1000,S1-327512522,S3,US,selective_v1,0,21,0,3,0,3,0.04601447299978645,18,36,234,15,1.0,206,0.04660847799993917,2,208,206,208,80,1,1,60,1,2,0.08110964699994838
s1_1000,S1-17973952,S2,US,selective_v1,0,55,3,18,8,21,0.08773645400003716,24,50,509,22,1.0,403,0.08903007400010665,2,419,417,419,116,1,1,60,4,2,0.1604006819999313
s1_1000,S1-17973952,S3,US,selective_v1,0,55,6,15,8,21,0.09224833899975238,24,50,431,21,2.0,368,0.09349941400000716,1,379,378,379,117,1,1,60,1,1,0.14622598200003267
s1_1000,S1-176434763,S2,US,selective_v1,0,21,0,4,0,4,0.03825174999997216,17,34,629,16,1.0,555,0.0390093659999593,1,556,555,556,101,1,1,60,2,1,0.11660561500002586
s1_1000,S1-176434763,S3,US,selective_v1,0,21,0,4,0,4,0.03882811200003289,17,34,663,12,1.0,637,0.03999724499999502,1,638,637,638,101,1,1,60,0,1,0.13061102899996513
s1_1000,S1-679399812,S2,US,selective_v1,0,6,0,1,0,1,0.015464983999891047,5,10,96,4,1.0,93,0.015667116999907194,0,93,93,93,56,0,0,56,0,0,0.02976238100006867
s1_1000,S1-679399812,S3,US,selective_v1,0,10,0,1,0,1,0.016701105000038297,9,20,110,7,1.0,102,0.016984139999976833,2,103,102,104,52,0,0,52,2,2,0.039491750000024695
s1_1000,S1-300656903,S2,India,selective_v1,0,120,28,33,0,61,0.07452489099989634,24,49,931,21,3.0,807,0.07686085099999218,0,819,819,819,101,1,1,60,1,0,0.2005790230000457
s1_1000,S1-300656903,S3,India,selective_v1,0,120,15,44,0,59,0.09653683399994861,24,49,741,18,6.0,623,0.09882098700006736,2,642,641,643,106,1,1,60,2,2,0.19271469900002103
s1_1000,S1-360481865,S2,India,selective_v1,0,55,6,4,0,10,0.09815872900003342,24,49,300,15,9.0,223,0.09974123099993903,2,237,235,237,77,1,1,60,2,2,0.13649293799994666
s1_1000,S1-360481865,S3,India,selective_v1,0,55,3,9,0,12,0.10770968600013475,24,49,644,19,4.0,425,0.10936933200002841,1,436,435,436,75,1,1,60,5,1,0.1650188450000769
s1_1000,S1-866296885,S2,India,selective_v1,0,45,15,12,6,27,0.05352403900008085,12,24,280,6,6.0,242,0.054154970000013236,1,243,242,243,98,1,1,60,2,1,0.09944102200006455
s1_1000,S1-866296885,S3,India,selective_v1,0,45,6,19,6,25,0.08439855799986162,14,28,408,6,8.0,371,0.08519402199999604,0,371,371,371,115,1,1,60,2,0,0.14455863500006672
s1_1000,S1-492142313,S2,India,selective_v1,0,55,1,14,0,15,0.06139561000009053,24,48,697,16,8.0,631,0.06304959400006283,12,643,631,643,107,1,1,60,2,12,0.15147700300008182
s1_1000,S1-492142313,S3,India,selective_v1,0,55,1,11,0,12,0.08495229600021048,24,48,602,16,8.0,572,0.0865493390000438,14,572,572,586,128,1,1,60,2,14,0.15537414599998556
s1_1000,S1-32315181,S2,US,selective_v1,0,45,6,15,6,21,0.14313600899993162,18,36,532,14,3.0,463,0.14411587899996903,1,464,463,464,105,1,1,60,0,1,0.20925906500008296
s1_1000,S1-32315181,S3,US,selective_v1,0,45,6,15,6,21,0.15644493299987516,18,36,394,14,4.0,334,0.15736308400005328,1,335,334,335,101,1,1,60,2,1,0.2088751860000002
s1_1000,S1-719837826,S2,US,selective_v1,0,28,6,4,2,10,0.051347098000292135,16,34,494,15,0.0,375,0.052063331999988804,46,384,383,429,117,1,1,60,2,44,0.11697204999995847
s1_1000,S1-719837826,S3,US,selective_v1,0,28,6,4,2,10,0.04442641700018157,16,34,499,14,0.0,381,0.04513980900003389,41,390,389,430,114,1,1,60,0,41,0.09985605499991834
s1_1000,S1-674250113,S2,US,selective_v1,0,28,0,2,4,2,0.04084921000014674,22,45,496,15,3.0,313,0.04176464699992266,3,443,440,443,116,1,1,60,1,3,0.10004065400005402
s1_1000,S1-674250113,S3,US,selective_v1,0,28,0,2,4,2,0.03993480099984481,22,45,574,19,3.0,354,0.040857018999986394,2,504,502,504,115,1,1,60,2,2,0.10923215600007552
s1_1000,S1-848273416,S2,US,selective_v1,0,28,1,1,3,2,0.04447038999990127,23,46,398,17,2.0,362,0.04543238400003702,3,365,362,365,115,1,1,60,3,3,0.11608822599998803
s1_1000,S1-848273416,S3,US,selective_v1,0,28,3,6,2,9,0.05003117599983398,17,34,376,13,1.0,351,0.050725877999980185,4,355,351,355,94,1,1,60,1,4,0.0916047680000247
s1_1000,S1-190595971,S2,US,selective_v1,0,55,1,7,0,8,0.12231402899999466,24,51,494,14,0.0,387,0.12393391099999462,1,472,471,472,86,1,1,60,2,1,0.18815246100007244
s1_1000,S1-190595971,S3,US,selective_v1,0,55,3,10,0,13,0.1473828160001176,24,51,416,15,6.0,294,0.14887616700002582,0,341,341,341,111,1,1,60,1,0,0.19943789000001289
s1_1000,S1-712360582,S2,US,selective_v1,0,21,0,3,0,3,0.0845630470003016,18,36,237,15,3.0,183,0.08519186600005924,1,184,183,184,96,1,1,60,2,1,0.1076611230000708
s1_1000,S1-712360582,S3,US,selective_v1,0,21,0,3,0,3,0.08047143200008122,18,36,345,15,2.0,300,0.08117654800003038,0,300,300,300,109,1,1,60,2,0,0.12134558900004322
s1_1000,S1-866005166,S2,India,selective_v1,0,120,45,18,18,63,0.08258679099981237,24,49,606,15,9.0,539,0.08463828399999329,0,552,552,552,102,1,1,60,2,0,0.16130782799996268
s1_1000,S1-866005166,S3,India,selective_v1,0,120,28,27,0,55,0.07641023699977723,24,49,756,17,7.0,672,0.07885195900007602,0,691,691,691,96,1,1,60,0,0,0.16922933299997567
s1_1000,S1-210882477,S2,India,selective_v1,0,78,10,20,0,30,0.09394002399994861,24,48,851,13,11.0,665,0.09586826099996415,4,665,665,669,118,1,1,60,2,4,0.19214066499989713
s1_1000,S1-210882477,S3,India,selective_v1,0,78,6,24,0,30,0.14038234899987856,24,48,1013,17,7.0,776,0.1423552500000369,11,787,776,787,118,1,1,60,2,11,0.24835727699996824
s1_1000,S1-372012424,S2,US,selective_v1,0,28,1,0,4,1,0.03599200700000438,23,48,492,19,2.0,419,0.036993400999904225,0,439,439,439,79,1,1,60,1,0,0.09876325900006577
s1_1000,S1-372012424,S3,US,selective_v1,0,28,1,0,4,1,0.03441369199958899,23,48,518,15,2.0,456,0.03537061199995151,0,477,477,477,79,1,1,60,1,0,0.09334266100006516
s1_1000,S1-577087021,S2,India,selective_v1,0,45,1,5,0,6,0.02411329700009901,24,50,352,13,6.0,231,0.025409532000026047,3,240,237,240,80,1,1,60,2,3,0.06355518599991683
s1_1000,S1-577087021,S3,India,selective_v1,0,45,1,4,0,5,0.03422743200030709,24,50,490,21,3.0,371,0.03568000099994606,13,390,377,390,79,1,1,60,3,13,0.08899974099995234
s1_1000,S1-852610124,S2,US,selective_v1,0,36,3,7,4,10,0.08323908100010158,22,44,897,18,4.0,829,0.08480008699996233,6,835,829,835,94,1,1,60,3,6,0.1683313600000247
s1_1000,S1-852610124,S3,US,selective_v1,0,36,3,9,4,12,0.08550473899981625,20,40,706,16,4.0,643,0.08654679000005672,3,646,643,646,100,1,1,60,2,3,0.15727273499999228
s1_1000,S1-109175675,S2,US,selective_v1,0,21,0,1,0,1,0.018989895000004253,20,42,263,18,2.0,102,0.019611737999980505,2,196,194,196,112,1,1,60,3,2,0.051728352000054656
s1_1000,S1-109175675,S3,US,selective_v1,0,21,0,1,0,1,0.019670361000066805,20,42,326,18,2.0,121,0.020245239000018955,2,224,222,224,110,1,1,60,5,2,0.050910666999925525
s1_1000,S1-867725816,S2,India,selective_v1,0,66,10,32,10,42,0.07047683299992968,14,29,288,14,0.0,186,0.07121680799991736,3,206,203,206,110,1,1,60,2,3,0.11076950199992552
s1_1000,S1-867725816,S3,India,selective_v1,0,66,6,34,10,40,0.08024609100004909,16,33,357,15,1.0,302,0.08110688099998242,3,321,318,321,108,1,1,60,1,3,0.1246723720000773
s1_1000,S1-454337849,S2,US,selective_v1,0,36,3,0,4,3,0.04385122099995442,24,50,584,17,7.0,254,0.045022630999937974,1,468,467,468,81,1,1,60,2,1,0.10942227800001092
s1_1000,S1-454337849,S3,US,selective_v1,0,36,3,0,4,3,0.03992841899992072,24,50,586,17,7.0,254,0.041134080999995604,1,469,468,469,77,1,1,60,2,1,0.10292916200000946
s1_1000,S1-211263556,S2,US,selective_v1,0,66,3,13,0,16,0.11309877700011839,24,49,934,19,4.0,881,0.11514801399994212,0,900,900,900,95,1,1,60,2,0,0.23033196500000486
s1_1000,S1-211263556,S3,US,selective_v1,0,66,6,12,0,18,0.11237908799989782,24,49,523,16,8.0,481,0.11410158800003956,0,495,495,495,102,1,1,60,2,0,0.17327484099996582
s1_1000,S1-997499468,S2,US,selective_v1,0,21,0,2,0,2,0.08990188499990381,19,38,375,15,2.0,352,0.09065801799999917,1,353,352,353,104,1,1,60,3,1,0.15070040400007656
s1_1000,S1-997499468,S3,US,selective_v1,0,21,0,2,0,2,0.11364160400012224,19,38,312,16,3.0,284,0.11439839600006962,1,285,284,285,115,1,1,60,3,1,0.15724915700002384
s1_1000,S1-429307554,S2,US,selective_v1,0,15,1,0,0,1,0.051698216999852775,14,29,396,12,2.0,322,0.052268720000029134,2,370,368,370,89,1,1,60,1,2,0.10406396099995163
s1_1000,S1-429307554,S3,US,selective_v1,0,15,1,0,0,1,0.048718891999897096,14,29,296,11,3.0,209,0.04921813800001473,3,269,266,269,97,1,1,60,2,3,0.08850069599998278
s1_1000,S1-815423969,S2,India,selective_v1,0,66,6,20,0,26,0.21072060000005877,24,48,1104,19,5.0,882,0.2125357070000291,2,882,882,884,108,1,1,60,2,2,0.32332829000006313
s1_1000,S1-815423969,S3,India,selective_v1,0,66,3,21,0,24,0.22551504499972452,24,48,1029,22,1.0,914,0.22765114599997105,0,914,914,914,111,1,1,60,3,0,0.35549066500004756
s1_1000,S1-762754948,S2,US,selective_v1,0,15,1,0,0,1,0.01864693500010617,14,29,302,8,2.0,292,0.019151436000015565,5,298,293,298,71,1,1,60,0,5,0.061939479999978175
s1_1000,S1-762754948,S3,US,selective_v1,0,15,1,0,0,1,0.021320957000057206,14,29,166,8,3.0,156,0.021746210000060273,2,159,157,159,58,0,0,58,0,2,0.05488015000003088
s1_1000,S1-379677192,S2,US,selective_v1,0,36,0,5,4,5,0.09998499099992841,24,48,515,20,4.0,300,0.10116557599997122,24,324,300,324,93,1,1,60,1,24,0.14480199399997673
s1_1000,S1-379677192,S3,US,selective_v1,0,36,0,5,4,5,0.1005291010004612,24,48,496,17,5.0,318,0.10173393499997019,28,346,318,346,103,1,1,60,1,28,0.15069721899999422
s1_1000,S1-948932140,S2,US,selective_v1,0,36,0,1,2,1,0.06192879200000334,24,50,369,12,3.0,176,0.06309720699994159,3,333,330,333,99,1,1,60,5,3,0.11452626899995266
s1_1000,S1-948932140,S3,US,selective_v1,0,36,1,4,3,5,0.07339188100024785,24,50,495,18,3.0,287,0.07462861900000917,1,434,433,434,117,1,1,60,1,1,0.13320683799997823
s1_1000,S1-988952152,S2,India,selective_v1,0,21,3,6,0,9,0.022656084000118426,12,25,316,6,2.0,248,0.02310356199996022,0,301,301,301,92,1,1,60,0,0,0.05534968300003129
s1_1000,S1-988952152,S3,India,selective_v1,0,21,1,6,0,7,0.04323488200009251,14,29,395,11,2.0,315,0.043778741999972226,1,356,355,356,86,1,1,60,1,1,0.07689210499995625
s1_1000,S1-470150331,S2,India,selective_v1,0,78,10,5,0,15,0.0326069320001352,24,48,525,21,3.0,347,0.03484962100003486,0,347,347,347,78,1,1,60,2,0,0.08868288500002564
s1_1000,S1-470150331,S3,India,selective_v1,0,78,6,8,0,14,0.05751934499971867,24,48,522,17,3.0,411,0.059798588000035124,0,411,411,411,80,1,1,60,1,0,0.11039312200000495
s1_1000,S1-845086185,S2,US,selective_v1,0,45,3,15,7,18,0.05143873000008625,20,42,601,15,4.0,317,0.05240279300005568,0,509,509,509,117,1,1,60,1,0,0.12113530199997058
s1_1000,S1-845086185,S3,US,selective_v1,0,45,6,13,7,19,0.04137178299970401,19,40,582,15,4.0,232,0.04229267499999878,1,463,462,463,105,1,1,60,3,1,0.09758926200004225
s1_1000,S1-946706052,S2,India,selective_v1,0,105,21,33,28,54,0.24374883399980263,23,47,299,19,4.0,199,0.24544303499999387,1,226,225,226,103,1,1,60,3,1,0.28576937800005453
s1_1000,S1-946706052,S3,India,selective_v1,0,105,10,40,0,50,0.33004516900018643,24,49,301,15,7.0,244,0.33201666000002206,0,272,272,272,104,1,1,60,2,0,0.3797560519999479
s1_1000,S1-602193603,S2,India,selective_v1,0,45,1,20,7,21,0.006708086000003277,17,35,255,16,0.0,114,0.00737319600000319,2,135,133,135,82,1,1,60,4,2,0.0298097190000135
s1_1000,S1-602193603,S3,India,selective_v1,0,45,1,14,8,15,0.017974375999756376,22,45,419,18,3.0,312,0.018955495000000155,1,327,326,327,82,1,1,60,1,1,0.057428212000104395
s1_1000,S1-393117390,S2,US,selective_v1,0,36,0,2,2,2,0.09708483000031265,24,49,286,14,3.0,149,0.09823304799999732,1,241,240,241,92,1,1,60,0,1,0.12789609300000393
s1_1000,S1-393117390,S3,US,selective_v1,0,36,3,7,4,10,0.292436822000127,22,45,675,18,3.0,471,0.2935211349999918,5,559,554,559,94,1,1,60,1,5,0.35945688900005734
s1_1000,S1-974810743,S2,India,selective_v1,0,55,10,15,10,25,0.06041645499999504,20,40,770,11,9.0,613,0.061612818999947194,3,616,613,616,118,1,1,60,2,3,0.14628336700002365
s1_1000,S1-974810743,S3,India,selective_v1,0,55,10,20,8,30,0.0665258989998847,17,34,803,12,5.0,650,0.06757603500000187,4,654,650,654,118,1,1,60,1,4,0.15094994000003226
s1_1000,S1-485260947,S2,US,selective_v1,0,15,0,0,0,0,0.04307897400008187,15,30,214,15,0.0,190,0.04357258999993974,1,191,190,191,95,1,1,60,1,1,0.0733661750000465
s1_1000,S1-485260947,S3,US,selective_v1,0,15,0,0,0,0,0.03607774699969468,15,30,241,15,0.0,231,0.036568923999993785,1,232,231,232,82,1,1,60,1,1,0.06296192800004974
s1_1000,S1-209242212,S2,US,selective_v1,0,21,1,4,0,5,0.1462249270000484,16,32,255,7,6.0,242,0.14677440999992086,11,253,242,253,98,1,1,60,1,11,0.17853236400003425
s1_1000,S1-209242212,S3,US,selective_v1,0,21,1,4,0,5,0.15479813999991165,16,32,141,9,7.0,131,0.15534736299991891,10,131,131,141,89,1,1,60,1,10,0.17432294000002457
s1_1000,S1-444309469,S2,US,selective_v1,0,21,1,2,0,3,0.0224970660000281,18,37,270,17,1.0,232,0.023075132000030862,1,240,239,240,113,1,1,60,1,1,0.056995361999952365
s1_1000,S1-444309469,S3,US,selective_v1,0,21,1,2,0,3,0.018699273999800425,18,37,304,17,1.0,242,0.01931320500000311,2,257,255,257,111,1,1,60,2,2,0.055251105000024836
s1_1000,S1-701717394,S2,India,selective_v1,0,55,6,19,10,25,0.054213404999813974,20,41,587,13,7.0,537,0.05538158399997428,0,553,553,553,111,1,1,60,2,0,0.12885130000006484
s1_1000,S1-701717394,S3,India,selective_v1,0,55,6,19,10,25,0.05380297000010614,20,41,624,14,5.0,554,0.054948390000049585,0,570,570,570,115,1,1,60,2,0,0.12556253900004322
s1_1000,S1-432251644,S2,India,selective_v1,0,45,6,8,8,14,0.059707947999982025,23,47,766,16,6.0,645,0.0609896649999655,1,681,680,681,116,1,1,60,2,1,0.15375912699994387
s1_1000,S1-432251644,S3,India,selective_v1,0,45,3,12,7,15,0.07166088400026638,23,47,843,19,4.0,748,0.07316691299990907,6,782,776,782,112,1,1,60,0,6,0.15890868199994657
s1_1000,S1-239207420,S2,US,selective_v1,0,28,1,8,2,9,0.06989502900012212,17,34,606,15,2.0,498,0.07085964099997,73,500,498,571,157,1,1,60,2,46,0.13690604199996415
s1_1000,S1-239207420,S3,US,selective_v1,0,28,1,9,2,10,0.04689010000004146,16,32,650,15,1.0,564,0.04772754700002224,83,564,564,647,163,1,1,60,0,48,0.13619158799997422
s1_1000,S1-707620084,S2,India,selective_v1,0,78,15,39,6,54,0.09186307999993915,18,36,641,15,3.0,400,0.09279452599992055,0,400,400,400,114,1,1,60,1,0,0.1435074060000261
s1_1000,S1-707620084,S3,India,selective_v1,0,78,6,47,8,53,0.0814846110002918,17,34,422,9,6.0,395,0.08236362099989947,0,395,395,395,117,1,1,60,0,0,0.12831427199989776
s1_1000,S1-603393113,S2,India,selective_v1,0,45,15,6,7,21,0.032437635999713166,17,35,202,7,9.0,105,0.03312728500009143,7,157,156,163,104,1,1,60,2,7,0.053969975999962116
s1_1000,S1-603393113,S3,India,selective_v1,0,45,10,15,6,25,0.027346451999846977,14,29,328,7,4.0,239,0.02794514699996853,13,287,287,300,113,1,1,60,1,13,0.06786630199997035
s1_1000,S1-360368359,S2,US,selective_v1,0,28,0,4,2,4,0.029168437000180347,22,45,467,21,1.0,310,0.029999487000054614,0,372,372,372,111,1,1,60,3,0,0.085825323999984
s1_1000,S1-360368359,S3,US,selective_v1,0,28,1,4,2,5,0.0428531259999545,21,43,493,16,1.0,339,0.04373818700003085,0,416,416,416,110,1,1,60,2,0,0.10009079300004942
s1_1000,S1-144309050,S2,India,selective_v1,0,45,10,20,3,30,0.039872554999647036,12,24,362,10,2.0,268,0.04035066400001597,2,269,268,270,90,1,1,60,1,2,0.07574265599998853
s1_1000,S1-144309050,S3,India,selective_v1,0,45,6,22,3,28,0.0530994670000382,14,28,624,12,2.0,554,0.0538192669999944,8,554,554,562,104,1,1,60,1,8,0.11899730000004638
s1_1000,S1-71636676,S2,US,selective_v1,0,21,0,1,0,1,0.7930762240001741,20,40,268,16,4.0,195,0.7938779070000237,16,211,195,211,91,1,1,60,3,16,0.82523658599996
s1_1000,S1-71636676,S3,US,selective_v1,0,21,0,1,0,1,0.7888681749998341,20,40,224,16,4.0,183,0.7896450230000482,11,194,183,194,82,1,1,60,1,11,0.8108876950000194
s1_1000,S1-435158775,S2,India,selective_v1,0,78,15,25,16,40,0.05602731299995867,22,45,702,15,6.0,567,0.05749569600004634,8,602,594,602,119,1,1,60,0,8,0.1416536739999401
s1_1000,S1-435158775,S3,India,selective_v1,0,78,10,26,0,36,0.0934637049997491,24,49,1326,22,2.0,1149,0.09536605400001008,17,1179,1162,1179,111,1,1,60,3,17,0.2334454580000056
s1_1000,S1-636748811,S2,US,selective_v1,0,21,1,4,0,5,0.05053180800030077,16,33,91,13,2.0,56,0.050982022999960463,2,63,61,63,63,1,1,60,2,2,0.07097116799991454
s1_1000,S1-636748811,S3,US,selective_v1,0,21,1,4,0,5,0.04260019799994552,16,33,87,12,2.0,70,0.0430451689999245,0,75,75,75,74,1,1,60,1,0,0.0584343269999863
s1_1000,S1-65309853,S2,India,selective_v1,0,45,6,8,8,14,0.05408351600010519,23,46,633,16,6.0,577,0.05542177300003459,1,578,577,578,95,1,1,60,0,1,0.12651519300004566
s1_1000,S1-65309853,S3,India,selective_v1,0,45,3,12,7,15,0.0757201549997717,23,46,738,18,3.0,661,0.07729857599997558,0,661,661,661,114,1,1,60,1,0,0.15051441700006762
s1_1000,S1-426307047,S2,India,selective_v1,0,78,15,38,6,53,0.13219592799987367,19,38,1321,15,4.0,1073,0.13349056900005962,0,1073,1073,1073,114,1,1,60,2,0,0.26733973500006414
s1_1000,S1-426307047,S3,India,selective_v1,0,78,6,37,0,43,0.14700677200016798,24,48,1474,19,5.0,1170,0.1490713800000094,4,1174,1170,1174,114,1,1,60,1,4,0.27502678399991964
s1_1000,S1-152709472,S2,US,selective_v1,0,36,0,5,6,5,0.09434277100001509,24,49,704,17,3.0,405,0.0955695720000449,0,543,543,543,114,1,1,60,2,0,0.15874273600002198
s1_1000,S1-152709472,S3,US,selective_v1,0,36,0,5,6,5,0.09542445300007785,24,49,832,21,3.0,480,0.09665709900002639,0,618,618,618,108,1,1,60,2,0,0.16431758999999602
s1_1000,S1-114424830,S2,India,selective_v1,0,45,6,16,6,22,0.06368896900028176,17,35,466,17,0.0,326,0.06448291000003792,6,331,330,336,97,1,1,60,1,6,0.10807853999995132
s1_1000,S1-114424830,S3,India,selective_v1,0,45,1,15,6,16,0.09088237300011315,23,47,739,19,2.0,636,0.09204127999998946,13,638,637,650,109,1,1,60,2,13,0.1630540439999777
s1_1000,S1-128260204,S2,India,selective_v1,0,66,1,16,0,17,0.08080083899994861,24,48,865,17,7.0,625,0.08279319999996915,1,625,625,626,107,1,1,60,0,1,0.15856982299999345
s1_1000,S1-128260204,S3,India,selective_v1,0,66,1,13,0,14,0.08765449699978944,24,48,756,16,8.0,501,0.08957395100003396,2,501,501,503,92,1,1,60,0,2,0.14937875900000108
s1_1000,S1-756453021,S2,US,selective_v1,0,28,1,5,2,6,0.05217968199997358,20,41,308,14,3.0,111,0.05292248600005678,3,269,266,269,93,1,1,60,1,3,0.08610723200001758
s1_1000,S1-756453021,S3,US,selective_v1,0,28,1,5,2,6,0.04710624499989535,20,42,478,14,3.0,148,0.04783716800000093,1,409,408,409,81,1,1,60,2,1,0.09861246900004517
s1_1000,S1-997414477,S2,US,selective_v1,0,28,0,3,2,3,0.05950025100003131,23,47,382,20,0.0,372,0.06034148699995967,0,373,373,373,110,1,1,60,1,0,0.10506647800002611
s1_1000,S1-997414477,S3,US,selective_v1,0,28,0,3,2,3,0.06636265100019045,23,47,476,23,0.0,417,0.06727265799997895,0,420,420,420,103,1,1,60,3,0,0.11121320099994136
s1_1000,S1-587564473,S2,India,selective_v1,0,120,21,43,0,64,0.1278857589998097,24,48,1017,15,9.0,941,0.1300778590000391,0,941,941,941,106,1,1,60,0,0,0.23564607899993462
s1_1000,S1-587564473,S3,India,selective_v1,0,120,21,47,0,68,0.14317206300029284,24,48,1316,17,7.0,1233,0.1456024350000007,1,1234,1233,1234,112,1,1,60,1,1,0.28068106900002476
s1_1000,S1-949663673,S2,US,selective_v1,0,45,0,4,0,4,0.05816173900018384,24,49,535,15,3.0,442,0.05962167999996382,24,489,465,489,98,1,1,60,4,24,0.11847392699996817
s1_1000,S1-949663673,S3,US,selective_v1,0,45,1,11,5,12,0.08174734100020942,24,48,976,17,7.0,752,0.0832879800000228,26,754,752,778,138,1,1,60,4,26,0.16846204900002704
s1_1000,S1-886830433,S2,US,selective_v1,0,21,1,0,0,1,0.02533540299964443,20,41,454,17,3.0,339,0.026084655999966344,1,398,397,398,101,1,1,60,2,1,0.0837079340000173
s1_1000,S1-886830433,S3,US,selective_v1,0,21,1,0,0,1,0.025011488000131976,20,41,486,17,3.0,361,0.025758607000057054,1,416,415,416,107,1,1,60,2,1,0.07194347999995898
s1_1000,S1-620072179,S2,India,selective_v1,0,120,6,15,0,21,0.04286948600031337,24,48,697,17,6.0,547,0.0463122349999594,0,547,547,547,116,1,1,60,0,0,0.11785174999999981
s1_1000,S1-620072179,S3,India,selective_v1,0,120,3,18,0,21,0.04700623800010817,24,48,428,17,6.0,391,0.050201231000073676,1,392,391,392,119,1,1,60,1,1,0.09947273000000223
s1_1000,S1-937355747,S2,India,selective_v1,0,45,6,9,7,15,0.04083401100035644,23,47,486,11,7.0,438,0.04191643199999362,0,443,443,443,102,1,1,60,0,0,0.09771297599991158
s1_1000,S1-937355747,S3,India,selective_v1,0,45,3,7,0,10,0.0511953239996501,24,49,278,10,9.0,241,0.05236677499999587,0,245,245,245,80,1,1,60,1,0,0.08341723999990336
s1_1000,S1-130224322,S2,India,selective_v1,0,120,15,30,0,45,0.04981883400000697,24,49,445,17,7.0,368,0.05232806300000448,1,386,385,386,99,1,1,60,2,1,0.10309573999995791
s1_1000,S1-130224322,S3,India,selective_v1,0,120,6,39,0,45,0.07739635299992642,24,49,618,17,6.0,548,0.07993546900002002,0,565,565,565,112,1,1,60,1,0,0.142974750999997
s1_1000,S1-417827381,S2,US,selective_v1,0,36,0,4,4,4,0.04217223699970418,24,49,630,23,1.0,542,0.043485179000072094,1,584,583,584,116,1,1,60,2,1,0.09453696899993247
s1_1000,S1-417827381,S3,US,selective_v1,0,36,0,4,4,4,0.04641950599966549,24,50,671,22,1.0,550,0.04754873800004589,0,584,584,584,78,1,1,60,1,0,0.10055775499995434
s1_1000,S1-343417294,S2,India,selective_v1,0,78,10,15,0,25,0.052982549999683215,24,49,376,21,3.0,206,0.05482879099997717,5,218,218,223,96,1,1,60,2,5,0.0870055110000294
s1_1000,S1-343417294,S3,India,selective_v1,0,78,3,20,0,23,0.08962853000002724,24,50,580,20,2.0,429,0.0916125919999331,16,480,464,480,113,1,1,60,1,16,0.1547998539999753
s1_1000,S1-394632774,S2,India,selective_v1,0,91,28,8,0,36,0.023174670999992486,24,51,378,21,3.0,196,0.02489576899995427,2,259,257,259,92,1,1,60,3,2,0.06472341400001369
s1_1000,S1-394632774,S3,India,selective_v1,0,91,15,18,0,33,0.03573161399970104,24,51,513,21,3.0,364,0.03774165899994841,0,422,422,422,98,1,1,60,2,0,0.09247624800002541
s1_1000,S1-732592724,S2,US,selective_v1,0,36,1,2,4,3,0.036627036999902884,24,48,638,12,3.0,597,0.03782807799996135,0,597,597,597,120,1,1,60,0,0,0.09604795400002786
s1_1000,S1-732592724,S3,US,selective_v1,0,36,1,2,4,3,0.03276114399977814,24,48,421,19,5.0,389,0.03390282099996966,0,389,389,389,115,1,1,60,1,0,0.08011864299999161
s1_1000,S1-580748190,S2,US,selective_v1,0,21,0,1,0,1,0.02550827900040531,20,40,362,20,0.0,297,0.026209096999991743,3,300,297,300,104,1,1,60,3,3,0.05571005600006629
s1_1000,S1-580748190,S3,US,selective_v1,0,21,0,1,0,1,0.022183132000122896,20,40,356,20,0.0,312,0.022848447000001215,2,314,312,314,94,1,1,60,2,2,0.05927919099997325
s1_1000,S1-796458434,S2,India,selective_v1,0,120,15,42,0,57,0.06288316500013025,24,48,954,19,5.0,758,0.06522319800001242,1,759,758,759,105,1,1,60,1,1,0.17334074800010058
s1_1000,S1-796458434,S3,India,selective_v1,0,120,6,49,0,55,0.07393876600008298,24,48,918,18,6.0,707,0.07636912800001028,3,710,707,710,95,1,1,60,3,3,0.160283947000039
s1_1000,S1-765932516,S2,India,selective_v1,0,36,15,0,4,15,0.029961745999912637,17,35,368,11,6.0,315,0.030667674000028455,2,317,315,317,78,1,1,60,2,2,0.07184179599994422
s1_1000,S1-765932516,S3,India,selective_v1,0,36,6,8,4,14,0.03022056799989059,18,37,193,9,8.0,156,0.0308659180000177,0,157,157,157,76,1,1,60,2,0,0.0549988420000318
s1_1000,S1-384400545,S2,India,selective_v1,0,120,21,52,25,73,0.03221330699977898,22,45,807,17,5.0,436,0.03379169500010448,9,523,514,523,98,1,1,60,1,9,0.10033676200009722
s1_1000,S1-384400545,S3,India,selective_v1,0,120,21,47,0,68,0.05761855999969612,24,49,1238,20,4.0,927,0.05973063200008255,15,995,995,1010,122,1,1,60,0,15,0.15616683199993986
s1_1000,S1-444946012,S2,US,selective_v1,0,28,1,6,2,7,0.044156874999885076,19,39,455,17,2.0,168,0.04484639600002538,4,328,324,328,95,1,1,60,5,4,0.08484564200000477
s1_1000,S1-444946012,S3,US,selective_v1,0,28,1,6,2,7,0.04375439199986886,19,39,437,17,2.0,170,0.044403271999954086,2,347,345,347,103,1,1,60,2,2,0.07765974999995251
s1_1000,S1-835384598,S2,India,selective_v1,0,120,6,24,0,30,0.059759972999813726,24,50,400,19,5.0,348,0.06273420299999088,7,361,354,361,89,1,1,60,2,7,0.10346549799999138
s1_1000,S1-835384598,S3,India,selective_v1,0,120,6,23,0,29,0.05120742300027814,24,51,577,19,3.0,512,0.054242823999970824,6,552,552,558,110,1,1,60,2,6,0.1108736730000146
s1_1000,S1-172646617,S2,India,selective_v1,0,78,36,18,12,54,0.052656519000038315,12,24,367,7,5.0,310,0.05340509600000587,6,310,310,316,117,1,1,60,0,6,0.09399433400005819
s1_1000,S1-172646617,S3,India,selective_v1,0,78,36,26,6,62,0.06972838100000445,10,20,458,9,1.0,417,0.07036024000001362,6,423,417,423,90,1,1,60,1,6,0.11736013700010517
s1_1000,S1-163359447,S2,India,selective_v1,0,45,6,8,8,14,0.026230140000166102,23,48,268,15,7.0,135,0.027145024999981615,7,184,177,184,92,1,1,60,1,7,0.04884975800007396
s1_1000,S1-163359447,S3,India,selective_v1,0,45,3,13,7,16,0.03671687100006693,22,46,414,19,3.0,291,0.03770621299997856,12,335,323,335,102,1,1,60,2,12,0.07311992100005682
s1_1000,S1-707155052,S2,India,selective_v1,0,91,21,14,0,35,0.040529433999950015,24,48,807,15,9.0,474,0.0426000299999032,11,485,474,485,101,1,1,60,2,11,0.09740784900009203
s1_1000,S1-707155052,S3,India,selective_v1,0,91,10,20,0,30,0.06222875599996769,24,48,861,18,6.0,598,0.06438248599999952,13,611,598,611,114,1,1,60,2,13,0.1299694650000447
s1_1000,S1-967576249,S2,India,selective_v1,0,91,15,6,0,21,0.0375360489998684,24,50,337,12,6.0,226,0.0398482599999852,4,231,227,231,95,1,1,60,1,4,0.07584352100002434
s1_1000,S1-967576249,S3,India,selective_v1,0,91,10,15,0,25,0.04080743100030304,24,50,738,21,2.0,614,0.04335638899999594,6,623,617,623,102,1,1,60,1,6,0.10872862899998381
s1_1000,S1-383924373,S2,US,selective_v1,0,15,0,3,0,3,0.02399789199978386,12,24,303,9,1.0,289,0.024419523999995363,0,289,289,289,101,1,1,60,2,0,0.05446016899998085
s1_1000,S1-383924373,S3,US,selective_v1,0,15,0,3,0,3,0.024776406999990286,12,24,380,10,1.0,359,0.025263921000032497,0,359,359,359,108,1,1,60,2,0,0.05445530800000142
s1_1000,S1-145192696,S2,US,selective_v1,0,21,0,2,0,2,0.048504668999726164,19,38,232,16,0.0,224,0.04907336999997369,0,224,224,224,96,1,1,60,0,0,0.07783666000000267
s1_1000,S1-145192696,S3,US,selective_v1,0,21,0,2,0,2,0.05179070999986379,19,38,281,19,0.0,240,0.05238864500006457,0,240,240,240,104,1,1,60,5,0,0.07530377800003407
s1_1000,S1-120113863,S2,US,selective_v1,0,28,3,8,2,11,0.07479872299995804,15,30,381,12,2.0,356,0.0754565449999518,0,356,356,356,119,1,1,60,1,0,0.12342114800003401
s1_1000,S1-120113863,S3,US,selective_v1,0,28,3,8,2,11,0.07398415099999056,15,30,528,13,1.0,484,0.07474761000003127,2,486,484,486,118,1,1,60,1,2,0.12633329699997375
s1_1000,S1-579296771,S2,India,selective_v1,0,66,10,23,13,33,0.05958928200016089,20,40,824,18,2.0,702,0.06094892399994478,2,704,702,704,112,1,1,60,1,2,0.13540788199998133
s1_1000,S1-579296771,S3,India,selective_v1,0,66,6,24,13,30,0.0672884470001236,23,46,1141,18,3.0,999,0.0688061649999554,3,1002,999,1002,113,1,1,60,0,3,0.17972237200001473
s1_1000,S1-76600144,S2,US,selective_v1,0,45,6,9,8,15,0.052335064999851966,22,45,630,18,4.0,488,0.0534832540000707,1,544,543,544,105,1,1,60,2,1,0.11674370700006875
s1_1000,S1-76600144,S3,US,selective_v1,0,45,10,5,8,15,0.06371682500002862,22,45,612,17,5.0,489,0.064909762999946,1,540,539,540,111,1,1,60,1,1,0.122309730999973
s1_1000,S1-262956530,S2,US,selective_v1,0,21,0,2,0,2,0.06647085600002356,19,38,304,17,0.0,285,0.0671334730000126,1,286,285,286,84,1,1,60,1,1,0.09802009499992437
s1_1000,S1-262956530,S3,US,selective_v1,0,21,0,2,0,2,0.06331694200014226,19,38,316,19,0.0,289,0.06399305200000072,0,289,289,289,88,1,1,60,2,0,0.0958023809999986
s1_1000,S1-289224987,S2,India,selective_v1,0,78,6,13,0,19,0.04763961099979497,24,50,428,15,9.0,267,0.04967876700004581,2,325,323,325,85,1,1,60,3,2,0.10651840700006687
s1_1000,S1-289224987,S3,India,selective_v1,0,78,3,16,0,19,0.07256354500009365,24,50,865,21,3.0,731,0.07502744299995356,0,778,778,778,103,1,1,60,1,0,0.15217954899992492
s1_1000,S1-434671027,S2,India,selective_v1,0,120,3,32,0,35,0.1109211759999198,24,48,898,20,3.0,876,0.11414080999998077,0,876,876,876,111,1,1,60,1,0,0.21931583100001717
s1_1000,S1-434671027,S3,India,selective_v1,0,120,1,30,0,31,0.13602891499988345,24,48,1208,23,1.0,1155,0.13934902500000135,0,1155,1155,1155,101,1,1,60,2,0,0.2627799200000709
s1_1000,S1-874587325,S2,US,selective_v1,0,45,1,11,3,12,0.11433696599988252,24,48,785,18,6.0,740,0.11574342099993373,0,740,740,740,116,1,1,60,1,0,0.1914601160000302
s1_1000,S1-874587325,S3,US,selective_v1,0,45,1,13,4,14,0.12688367700002345,24,48,994,20,4.0,857,0.1282598609999468,2,859,857,859,108,1,1,60,4,2,0.20755135699994298
s1_1000,S1-386790184,S2,US,selective_v1,0,15,0,0,0,0,0.029807477999952425,15,30,119,15,0.0,72,0.030222679000075914,4,76,72,76,66,1,1,60,3,4,0.04433615099992494
s1_1000,S1-386790184,S3,US,selective_v1,0,15,0,0,0,0,0.03159055300034197,15,30,96,15,0.0,66,0.032010060999937195,0,66,66,66,65,1,1,60,1,0,0.047047165999970275
s1_1000,S1-309029909,S2,India,selective_v1,0,78,15,29,16,44,0.03373242300006041,18,37,520,14,4.0,367,0.03487838200010174,2,388,386,388,82,1,1,60,3,2,0.08193858200002069
s1_1000,S1-309029909,S3,India,selective_v1,0,78,6,38,12,44,0.08922207000023263,22,45,1097,20,1.0,978,0.0910826059999863,4,1001,997,1001,108,1,1,60,1,4,0.1861242319999974
s1_1000,S1-402701678,S2,US,selective_v1,0,21,0,4,0,4,0.05905658399967706,17,34,275,16,1.0,243,0.05963706700003968,0,243,243,243,86,1,1,60,0,0,0.0913394619999508
s1_1000,S1-402701678,S3,US,selective_v1,0,21,0,4,0,4,0.06731610999997883,17,34,293,12,1.0,278,0.06793144300002041,2,280,278,280,87,1,1,60,0,2,0.10147946100005356
s1_1000,S1-820304545,S2,India,selective_v1,0,78,15,33,12,48,0.058456622000221614,18,36,382,8,10.0,356,0.059446162999961416,4,360,356,360,107,1,1,60,1,4,0.10560170500002641
s1_1000,S1-820304545,S3,India,selective_v1,0,78,6,35,16,41,0.08224470600009681,21,42,855,11,10.0,819,0.08370974100000694,11,830,819,830,114,1,1,60,3,11,0.16474385999993046
s1_1000,S1-319446504,S2,US,selective_v1,0,10,0,0,0,0,0.02754544700042061,10,20,200,8,1.0,195,0.027951141000016833,1,196,195,196,78,1,1,60,1,1,0.051871724000079666
s1_1000,S1-319446504,S3,US,selective_v1,0,10,0,0,0,0,0.027695174999735173,10,20,239,9,1.0,218,0.028119388999925832,1,219,218,219,77,1,1,60,4,1,0.047487655000054474
s1_1000,S1-602660812,S2,India,selective_v1,0,55,1,2,0,3,0.02698547799991502,24,50,466,10,4.0,358,0.028822525999999016,0,385,385,385,79,1,1,60,1,0,0.07901098499996806
s1_1000,S1-602660812,S3,India,selective_v1,0,66,1,0,0,1,0.02738170699967668,24,51,334,20,2.0,199,0.029445630999930472,2,224,222,224,79,1,1,60,0,2,0.06295838999994885
s1_1000,S1-838816755,S2,US,selective_v1,0,45,6,12,7,18,0.03329474900021978,20,40,322,16,3.0,266,0.03416460800008281,20,266,266,286,108,1,1,60,0,20,0.06473464700002296
s1_1000,S1-838816755,S3,US,selective_v1,0,45,6,13,7,19,0.02760069299984025,19,38,547,16,1.0,476,0.028569738999976835,18,476,476,494,123,1,1,60,0,18,0.07347066800002722
s1_1000,S1-635610218,S2,US,selective_v1,0,28,0,8,2,8,0.0517519740002399,18,36,323,15,3.0,272,0.05241936800007352,5,277,272,277,111,1,1,60,3,5,0.08375344900002801
s1_1000,S1-635610218,S3,US,selective_v1,0,28,1,7,2,8,0.056416474999991806,18,36,408,15,3.0,344,0.057152025000050344,5,349,344,349,113,1,1,60,1,5,0.09448580499997661
s1_1000,S1-318608060,S2,India,selective_v1,0,45,3,6,0,9,0.043808044000002155,24,48,968,19,5.0,647,0.04529342299997552,2,649,647,649,106,1,1,60,3,2,0.11527933000002122
s1_1000,S1-318608060,S3,India,selective_v1,0,45,1,7,0,8,0.042716859999814005,24,49,586,13,6.0,506,0.044016394000095715,1,545,544,545,102,1,1,60,2,1,0.11986024899999848
s1_1000,S1-68824362,S2,India,selective_v1,0,91,15,19,0,34,0.025134658000411036,24,50,474,22,2.0,361,0.026913456999977825,1,384,383,384,104,1,1,60,2,1,0.0685260399999379
s1_1000,S1-68824362,S3,India,selective_v1,0,91,6,26,0,32,0.028729183999985253,24,50,381,21,3.0,290,0.03057836299990413,0,305,305,305,95,1,1,60,2,0,0.06959247899999355
s1_1000,S1-627898987,S2,India,selective_v1,0,55,3,11,0,14,0.03221589300028427,24,48,511,18,4.0,412,0.033652749999987464,0,412,412,412,105,1,1,60,0,0,0.07838537500003895
s1_1000,S1-627898987,S3,India,selective_v1,0,55,1,10,0,11,0.04735154100001182,24,48,754,22,2.0,545,0.04902225399996496,2,547,545,547,109,1,1,60,4,2,0.10541489899992484
s1_1000,S1-873224394,S2,US,selective_v1,0,28,0,0,5,0,0.034991209999930106,23,47,224,9,1.0,85,0.03578502200002731,0,171,171,171,78,1,1,60,1,0,0.06352496699992116
s1_1000,S1-873224394,S3,US,selective_v1,0,28,0,2,4,2,0.04651854099984121,22,45,669,20,1.0,401,0.047513346999949135,1,528,527,528,102,1,1,60,2,1,0.09951142900001742
s1_1000,S1-528038666,S2,US,selective_v1,0,55,0,2,0,2,0.052380914999957895,24,52,694,10,0.0,398,0.05443504300001223,1,625,624,625,102,1,1,60,1,1,0.12144319399999404
s1_1000,S1-528038666,S3,US,selective_v1,0,55,1,7,0,8,0.06893687300009788,24,52,1027,21,2.0,491,0.07073045000004186,1,719,718,719,97,1,1,60,1,1,0.14717793599993456
s1_1000,S1-993276054,S2,US,selective_v1,0,21,1,2,0,3,0.014043845000287547,18,38,330,11,1.0,202,0.014604875000031825,0,292,292,292,111,1,1,60,0,0,0.04862424699990697
s1_1000,S1-993276054,S3,US,selective_v1,0,21,1,2,0,3,0.011280547999945156,18,38,364,8,1.0,201,0.011884280000003855,0,321,321,321,104,1,1,60,0,0,0.048151798000048984
s1_1000,S1-625355978,S2,India,selective_v1,0,120,15,28,0,43,0.04800784599979124,24,48,801,19,5.0,649,0.05072958400000971,1,650,649,650,107,1,1,60,2,1,0.130651002000036
s1_1000,S1-625355978,S3,India,selective_v1,0,120,6,36,0,42,0.04293487399991136,24,48,687,22,2.0,602,0.0456417440000223,0,602,602,602,110,1,1,60,1,0,0.10557841100001042
s1_1000,S1-411428383,S2,India,selective_v1,0,120,15,29,0,44,0.06957391599985385,24,49,571,16,8.0,530,0.07211674399991352,0,535,535,535,114,1,1,60,1,0,0.13255440499995075
s1_1000,S1-411428383,S3,India,selective_v1,0,120,10,44,0,54,0.0937073710003915,24,49,965,17,6.0,865,0.09619449800004531,1,873,872,873,114,1,1,60,1,1,0.18324343799997678
s1_1000,S1-877756741,S2,US,selective_v1,0,28,1,0,4,1,0.060010860000261346,23,46,414,14,3.0,396,0.061046841999996104,1,397,396,397,86,1,1,60,2,1,0.10914007999997466
s1_1000,S1-877756741,S3,US,selective_v1,0,28,3,3,2,6,0.0625865109999495,20,40,924,19,1.0,804,0.06370173999994222,1,805,804,805,109,1,1,60,3,1,0.1428891929999736
s1_1000,S1-264105075,S2,India,selective_v1,0,78,6,20,0,26,0.06004275800023606,24,49,515,14,10.0,441,0.06191468999998051,2,471,469,471,97,1,1,60,1,2,0.11412374500002898
s1_1000,S1-264105075,S3,India,selective_v1,0,78,1,22,0,23,0.08342762800009496,24,49,1015,19,5.0,836,0.08559364799998548,1,874,873,874,99,1,1,60,3,1,0.16808923999997205
s1_1000,S1-364343116,S2,US,selective_v1,0,28,1,1,3,2,0.02756244300007893,23,47,622,18,0.0,350,0.028504540999961137,1,582,581,582,107,1,1,60,2,1,0.09387996600003135
s1_1000,S1-364343116,S3,US,selective_v1,0,28,3,3,2,6,0.02787391200035927,20,41,778,18,0.0,450,0.028758960999994088,0,699,699,699,99,1,1,60,1,0,0.08761646199991446
s1_1000,S1-708919835,S2,US,selective_v1,0,45,1,5,0,6,0.12829431200020736,24,48,363,15,5.0,335,0.12965528500001255,3,335,335,338,97,1,1,60,3,3,0.1666786939999838
s1_1000,S1-708919835,S3,US,selective_v1,0,45,3,10,7,13,0.10218881499997678,24,48,610,16,8.0,496,0.10357433100000435,3,499,496,499,99,1,1,60,5,3,0.15119606700000077
s1_1000,S1-424278368,S2,India,selective_v1,0,120,6,12,0,18,0.05624152499990487,24,51,539,20,4.0,322,0.05969507899999371,1,387,386,387,97,1,1,60,1,1,0.11616881700001613
s1_1000,S1-424278368,S3,India,selective_v1,0,120,3,9,0,12,0.05039938700008406,24,51,571,22,2.0,414,0.05422580699996615,2,470,468,470,96,1,1,60,2,2,0.10915247800005545
s1_1000,S1-350140550,S2,India,selective_v1,0,55,6,9,0,15,0.015447823999693355,24,51,348,14,5.0,288,0.016802159999997457,8,318,310,318,104,1,1,60,1,8,0.05662795399996412
s1_1000,S1-350140550,S3,India,selective_v1,0,45,1,11,3,12,0.039641991999928905,24,50,603,16,6.0,336,0.04081735099998696,15,355,355,370,101,1,1,60,1,15,0.07176907300004132
s1_1000,S1-224156764,S2,US,selective_v1,0,21,0,3,0,3,0.1659650730003932,18,36,268,15,3.0,237,0.16665132499997526,1,238,237,238,87,1,1,60,2,1,0.1984039940000457
s1_1000,S1-224156764,S3,US,selective_v1,0,21,0,3,0,3,0.16513725100026022,18,36,243,15,3.0,223,0.16580618199998298,0,223,223,223,89,1,1,60,1,0,0.19199540500005696
s1_1000,S1-991758781,S2,India,selective_v1,0,45,10,5,8,15,0.01901209499953893,22,47,597,19,3.0,473,0.020087557000010747,12,508,496,508,104,1,1,60,2,12,0.0823400289999654
s1_1000,S1-991758781,S3,India,selective_v1,0,45,10,10,7,20,0.021083164000060606,18,39,276,16,2.0,188,0.021854437999991205,35,205,203,238,111,1,1,60,2,35,0.050601306999965345
s1_1000,S1-253152547,S2,US,selective_v1,0,36,1,6,5,7,0.0711749949998648,24,50,528,14,2.0,491,0.07231372600006125,0,498,498,498,80,1,1,60,0,0,0.12540357099999255
s1_1000,S1-253152547,S3,US,selective_v1,0,36,1,6,5,7,0.07275511300031212,24,50,565,16,2.0,494,0.07388785899991035,1,500,499,500,77,1,1,60,2,1,0.12691160300005322
s1_1000,S1-349078782,S2,US,selective_v1,0,28,0,2,3,2,0.05758204700020997,23,46,352,19,0.0,345,0.05846439799995551,0,345,345,345,91,1,1,60,0,0,0.09452531299996281
s1_1000,S1-349078782,S3,US,selective_v1,0,28,0,2,3,2,0.05640537300030246,23,46,353,22,0.0,337,0.05738835600004677,0,337,337,337,94,1,1,60,0,0,0.08678084399991803
s1_1000,S1-755451588,S2,US,selective_v1,0,45,0,5,0,5,0.14186667799992847,24,49,286,18,0.0,234,0.1432445299999472,1,249,248,249,94,1,1,60,5,1,0.17236225399994964
s1_1000,S1-755451588,S3,US,selective_v1,0,45,1,10,3,11,0.1574338679996572,24,49,526,23,1.0,434,0.15879071899996688,1,448,447,448,93,1,1,60,5,1,0.21084631099995477
s1_1000,S1-253496965,S2,India,selective_v1,0,55,6,4,0,10,0.03244059500013918,24,50,551,16,8.0,433,0.03406524799993349,1,467,466,467,105,1,1,60,1,1,0.08870657700003903
s1_1000,S1-253496965,S3,India,selective_v1,0,55,1,8,0,9,0.05015368900001249,24,50,435,15,8.0,289,0.05176401200003511,1,315,314,315,110,1,1,60,1,1,0.08227411800010032
s1_1000,S1-586543605,S2,India,selective_v1,0,55,15,12,10,27,0.045362671999669146,18,36,294,7,11.0,275,0.046232863999989604,8,283,275,283,114,1,1,60,2,8,0.08083524799997122
s1_1000,S1-586543605,S3,India,selective_v1,0,55,6,22,8,28,0.06473125500019705,19,38,608,11,8.0,539,0.06581262300005619,11,550,539,550,108,1,1,60,1,11,0.11332892099994751
s1_1000,S1-309328944,S2,US,selective_v1,0,21,1,0,0,1,0.027533081000228776,20,41,571,18,1.0,447,0.028368867000040154,7,494,487,494,108,1,1,60,1,7,0.07570003299997552
s1_1000,S1-309328944,S3,US,selective_v1,0,21,1,0,0,1,0.019396374999928412,20,40,474,18,2.0,401,0.02018203500006166,9,410,401,410,99,1,1,60,3,9,0.05644727200001398
s1_1000,S1-877771962,S2,US,selective_v1,0,28,1,6,2,7,0.06924869500028308,19,38,672,18,0.0,636,0.07021960899999158,0,636,636,636,100,1,1,60,0,0,0.1370447179999701
s1_1000,S1-877771962,S3,US,selective_v1,0,28,1,6,2,7,0.06626835399981701,19,38,610,17,1.0,576,0.0671810449999839,0,576,576,576,109,1,1,60,2,0,0.11626729200008867
s1_1000,S1-881400809,S2,US,selective_v1,0,15,1,2,0,3,0.0032482680003340647,12,27,128,12,0.0,78,0.0035497100000156934,3,88,85,88,65,1,1,60,3,3,0.017165925999961473
s1_1000,S1-881400809,S3,US,selective_v1,0,15,1,2,0,3,0.003442712000037318,12,27,139,12,0.0,74,0.003748176000044623,1,86,85,86,73,1,1,60,3,1,0.01832475499998054
s1_1000,S1-252959475,S2,India,selective_v1,0,36,1,2,2,3,0.03340865399991344,24,49,371,14,5.0,227,0.034507562000044345,0,263,263,263,102,1,1,60,0,0,0.06423389199994745
s1_1000,S1-252959475,S3,India,selective_v1,0,36,0,2,2,2,0.04513577300031102,24,49,535,18,3.0,394,0.04642396799999915,0,420,420,420,99,1,1,60,0,0,0.08707175000006373
s1_1000,S1-106566816,S2,US,selective_v1,0,28,0,8,2,8,0.04269203199999083,18,37,635,14,3.0,416,0.043422525999972095,7,549,542,549,107,1,1,60,2,7,0.09822952500007887
s1_1000,S1-106566816,S3,US,selective_v1,0,28,0,8,2,8,0.04443211500006328,18,37,539,12,4.0,306,0.04510241200000564,7,446,439,446,99,1,1,60,2,7,0.08563048500002424
s1_1000,S1-657748914,S2,India,selective_v1,0,120,1,19,0,20,0.04872291499975745,24,52,307,23,1.0,168,0.05195895300005304,3,220,217,220,74,1,1,60,3,3,0.09366421900006117
s1_1000,S1-657748914,S3,India,selective_v1,0,120,1,13,0,14,0.054768588999877466,24,52,353,24,0.0,229,0.05815004400005819,1,297,296,297,77,1,1,60,3,1,0.09224226499998167
s1_1000,S1-452747502,S2,US,selective_v1,0,15,0,0,0,0,0.03500290899989977,15,31,329,13,2.0,242,0.03555696599994462,49,296,247,296,88,1,1,60,2,44,0.06837618599990947
s1_1000,S1-452747502,S3,US,selective_v1,0,15,0,0,0,0,0.03511344400044436,15,31,242,12,3.0,156,0.03567199199994775,49,211,162,211,80,1,1,60,2,41,0.06401102600000286
s1_1000,S1-339021665,S2,India,selective_v1,0,78,10,43,12,53,0.021070578999797362,13,27,329,11,0.0,285,0.02173683900002743,0,289,289,289,118,1,1,60,0,0,0.05561395100005484
s1_1000,S1-339021665,S3,India,selective_v1,0,78,3,47,12,50,0.046440296000014314,16,33,428,9,1.0,391,0.04730534399993758,0,394,394,394,102,1,1,60,0,0,0.09231172199997673
s1_1000,S1-927465777,S2,US,selective_v1,0,36,3,3,6,6,0.03368834900015827,24,49,497,18,2.0,448,0.034776444999920386,2,451,449,451,93,1,1,60,2,2,0.08758224600001085
s1_1000,S1-927465777,S3,US,selective_v1,0,36,6,4,4,10,0.04495784399966851,22,45,551,14,6.0,517,0.04600139400008629,0,518,518,518,64,1,1,60,2,0,0.0888189820000207
s1_1000,S1-275292755,S2,India,selective_v1,0,78,10,10,0,20,0.07603420400062078,24,50,637,19,5.0,456,0.07811322899999595,0,523,523,523,118,1,1,60,1,0,0.13482347100000425
s1_1000,S1-275292755,S3,India,selective_v1,0,78,6,16,0,22,0.09067140900015147,24,49,775,21,3.0,669,0.093198153000003,1,698,697,698,115,1,1,60,1,1,0.18692413799999485
s1_1000,S1-870147511,S2,India,selective_v1,0,120,3,26,0,29,0.039372222999872974,24,48,606,24,0.0,513,0.042418486999963534,0,513,513,513,82,1,1,60,3,0,0.10149267099995996
s1_1000,S1-870147511,S3,India,selective_v1,0,120,0,22,0,22,0.0517034849999618,24,49,729,22,1.0,637,0.05534919399997307,0,669,669,669,96,1,1,60,0,0,0.12002523099999962
s1_1000,S1-666016256,S2,US,selective_v1,0,28,0,4,3,4,0.032480036000038126,21,43,210,14,3.0,97,0.03321845899995424,2,175,173,175,113,1,1,60,1,2,0.0569055879999496
s1_1000,S1-666016256,S3,US,selective_v1,0,28,0,4,3,4,0.035768483000083506,21,43,245,18,3.0,117,0.03653668200001903,5,185,180,185,113,1,1,60,4,5,0.05549997900004655
s1_1000,S1-310651038,S2,US,selective_v1,0,45,1,4,0,5,0.13754499899971506,24,49,637,21,3.0,566,0.13902726899993922,1,609,608,609,118,1,1,60,1,1,0.19936111000004075
s1_1000,S1-310651038,S3,US,selective_v1,0,45,1,4,0,5,0.14480932699996174,24,49,648,18,3.0,546,0.14636954200000218,1,603,602,603,116,1,1,60,2,1,0.20699632599996676
s1_1000,S1-133609565,S2,India,selective_v1,0,66,6,12,0,18,0.06322011099996416,24,49,528,20,4.0,396,0.06498080699998354,8,433,425,433,108,1,1,60,3,8,0.11204773399992973
s1_1000,S1-133609565,S3,India,selective_v1,0,66,3,15,0,18,0.09245043600014924,24,49,682,19,4.0,501,0.09424593599999298,11,541,530,541,112,1,1,60,2,11,0.1469552889999477
s1_1000,S1-538988615,S2,US,selective_v1,0,21,0,4,0,4,0.029630942999801846,17,35,299,9,2.0,250,0.03014501999996355,0,294,294,294,90,1,1,60,0,0,0.06066643999997723
s1_1000,S1-538988615,S3,US,selective_v1,0,21,1,5,0,6,0.021131244999992305,15,31,177,12,3.0,99,0.021544785000060074,0,145,145,145,80,1,1,60,1,0,0.03921180700001514
s1_1000,S1-521533478,S2,US,selective_v1,0,21,1,0,0,1,0.028305585999760297,20,41,121,13,7.0,92,0.02888287800010403,0,103,103,103,73,1,1,60,1,0,0.041898144000015236
s1_1000,S1-521533478,S3,US,selective_v1,0,21,1,0,0,1,0.03344044399989343,20,41,149,11,7.0,109,0.03403358699995351,1,128,127,128,73,1,1,60,3,1,0.0514539869999453
s1_1000,S1-979640757,S2,US,selective_v1,0,21,0,2,0,2,0.029640320000225984,19,39,275,13,0.0,199,0.030226500000026135,0,257,257,257,117,1,1,60,1,0,0.05584449199989194
s1_1000,S1-979640757,S3,US,selective_v1,0,21,0,6,0,6,0.6033977360000335,15,31,186,10,1.0,92,0.6039205079999874,0,173,173,173,107,1,1,60,2,0,0.6187563510000018
s1_1000,S1-237040891,S2,India,selective_v1,0,105,21,33,28,54,0.06732291299988447,23,47,309,22,1.0,214,0.06894416000000092,1,223,222,223,86,1,1,60,1,1,0.0924671650000164
s1_1000,S1-237040891,S3,India,selective_v1,0,105,21,34,28,55,0.06935433999990437,22,45,219,22,0.0,145,0.07092777299999398,1,155,154,155,92,1,1,60,3,1,0.08988204800004951
s1_1000,S1-285122739,S2,US,selective_v1,0,36,1,4,3,5,0.058221397999886904,24,48,458,20,4.0,404,0.05945358999997552,1,405,404,405,97,1,1,60,1,1,0.10056908000001386
s1_1000,S1-285122739,S3,US,selective_v1,0,36,1,4,3,5,0.06357729200033191,24,48,351,18,5.0,302,0.06466934299999139,1,303,302,303,97,1,1,60,2,1,0.09737527099991894
s1_1000,S1-608905216,S2,US,selective_v1,0,28,1,6,2,7,0.07655335700030719,19,38,397,14,5.0,368,0.07738503900009164,0,368,368,368,89,1,1,60,2,0,0.11486277699998482
s1_1000,S1-608905216,S3,US,selective_v1,0,28,1,8,2,9,0.10121383799992145,17,34,329,13,4.0,325,0.10189645200000541,0,325,325,325,103,1,1,60,2,0,0.1328638539999929
s1_1000,S1-251563500,S2,India,selective_v1,0,55,0,3,0,3,0.03788106100034838,24,50,434,13,4.0,412,0.03961270699994657,0,421,421,421,116,1,1,60,1,0,0.08377886300002046
s1_1000,S1-251563500,S3,India,selective_v1,0,55,0,3,0,3,0.048980229000335385,24,50,318,16,3.0,274,0.050682230999996136,0,287,287,287,82,1,1,60,1,0,0.0833861489999208
s1_1000,S1-708368208,S2,US,selective_v1,0,21,0,3,0,3,0.05431262899980993,18,37,362,16,2.0,295,0.05497403499998654,2,312,310,312,104,1,1,60,4,2,0.09017412699995475
s1_1000,S1-708368208,S3,US,selective_v1,0,21,0,3,0,3,0.05387328600033925,18,37,368,16,2.0,315,0.054534052999997584,3,324,321,324,113,1,1,60,3,3,0.09109878799995386
s1_1000,S1-728715860,S2,US,selective_v1,0,36,1,2,2,3,0.044106237000050896,24,48,398,15,3.0,374,0.04525688800003991,1,375,374,375,97,1,1,60,1,1,0.07895490800001426
s1_1000,S1-728715860,S3,US,selective_v1,0,36,3,3,3,6,0.06019620800020675,24,48,680,18,6.0,594,0.06144305800000893,2,596,594,596,105,1,1,60,2,2,0.10927491999996164
s1_1000,S1-728437419,S2,India,selective_v1,0,45,6,4,3,10,0.0490799720000723,24,48,203,7,16.0,202,0.050206039999920904,0,202,202,202,80,1,1,60,0,0,0.07216885200000434
s1_1000,S1-728437419,S3,India,selective_v1,0,45,3,12,7,15,0.07581789899984415,23,46,619,13,8.0,601,0.0770436199999267,0,601,601,601,108,1,1,60,1,0,0.13110284599997613
s1_1000,S1-94056942,S2,US,selective_v1,0,45,3,7,0,10,0.058106765000047744,24,49,450,17,7.0,229,0.0593693710000025,1,390,389,390,103,1,1,60,1,1,0.10503606199995374
s1_1000,S1-94056942,S3,US,selective_v1,0,45,3,9,3,12,0.055676199999652454,24,49,534,18,6.0,295,0.056876803000022846,1,457,456,457,100,1,1,60,1,1,0.09397746899992399
s1_1000,S1-626087188,S2,US,selective_v1,0,28,1,6,2,7,0.037527074999843535,19,38,464,17,2.0,354,0.03828883500000302,64,356,354,418,156,1,1,60,1,42,0.07153132400003415
s1_1000,S1-626087188,S3,US,selective_v1,0,28,3,6,2,9,0.028172348000339298,17,34,325,14,3.0,265,0.02885800499996094,56,270,265,321,140,1,1,60,3,46,0.05489194800009045
s1_1000,S1-982554289,S2,India,selective_v1,0,66,6,23,10,29,0.08487651799987361,24,48,880,14,10.0,757,0.08649079799999981,2,759,757,759,113,1,1,60,3,2,0.16990293800006384
s1_1000,S1-982554289,S3,India,selective_v1,0,66,3,21,0,24,0.11612254100043629,24,48,902,14,9.0,829,0.11810281900000064,3,832,829,832,115,1,1,60,1,3,0.20801715499999318
s1_1000,S1-650945498,S2,US,selective_v1,0,28,1,4,2,5,0.02627435099975628,21,42,293,18,2.0,247,0.027052244999936192,2,249,247,249,79,1,1,60,2,2,0.05510114599996996
s1_1000,S1-650945498,S3,US,selective_v1,0,28,1,4,2,5,0.028844235999599732,21,42,316,11,2.0,298,0.029631233000031898,0,298,298,298,89,1,1,60,0,0,0.05890873800001373
s1_1000,S1-223141947,S2,US,selective_v1,0,21,0,3,0,3,0.027416229999857933,18,36,343,15,0.0,327,0.028054679999968357,0,327,327,327,87,1,1,60,1,0,0.05980931999999939
s1_1000,S1-223141947,S3,US,selective_v1,0,21,0,4,0,4,0.022627859999715838,17,34,379,14,0.0,369,0.023256650999996964,0,369,369,369,92,1,1,60,1,0,0.05518442300001425
s1_1000,S1-939186499,S2,US,selective_v1,0,15,0,1,0,1,0.023263175999886698,14,28,137,12,2.0,125,0.023716398000033223,1,126,125,126,78,1,1,60,1,1,0.04087275899996712
s1_1000,S1-939186499,S3,US,selective_v1,0,15,0,2,0,2,0.02297031200021138,13,26,188,12,1.0,167,0.023402569000040785,1,168,167,168,79,1,1,60,2,1,0.038839241999994556
s1_1000,S1-717657945,S2,US,selective_v1,0,21,0,3,0,3,0.04492728699995041,18,37,526,17,0.0,413,0.04566442000009374,0,482,482,482,102,1,1,60,1,0,0.0915728659999786
s1_1000,S1-717657945,S3,US,selective_v1,0,21,0,3,0,3,0.04751562399985687,18,37,500,18,0.0,374,0.048267318999933195,0,446,446,446,99,1,1,60,2,0,0.08813131299996257
s1_1000,S1-229514919,S2,US,selective_v1,0,28,0,4,2,4,0.1001994360003664,22,44,649,18,4.0,593,0.10149452400003156,0,593,593,593,112,1,1,60,1,0,0.15074460299990733
s1_1000,S1-229514919,S3,US,selective_v1,0,28,1,8,2,9,0.08288632000005691,17,34,344,13,4.0,330,0.08356090699999186,0,330,330,330,112,1,1,60,1,0,0.11303550900004211
s1_1000,S1-175958937,S2,India,selective_v1,0,55,6,12,4,18,0.044654746999754025,24,48,475,13,10.0,439,0.04599757700009377,3,442,439,442,100,1,1,60,0,3,0.09643851600003472
s1_1000,S1-175958937,S3,India,selective_v1,0,55,3,12,0,15,0.061350022999818066,24,48,760,14,9.0,731,0.06322747900003378,7,738,731,738,114,1,1,60,0,7,0.13294367699995746
s1_1000,S1-408524377,S2,India,selective_v1,0,78,10,11,0,21,0.029051116000005095,24,49,710,20,4.0,401,0.031069193000007544,5,419,414,419,104,1,1,60,1,5,0.07494981599995754
s1_1000,S1-408524377,S3,India,selective_v1,0,78,6,18,0,24,0.04255000400019071,24,49,704,21,2.0,539,0.04444002399998226,13,565,552,565,89,1,1,60,2,13,0.0932867729999316
s1_1000,S1-556310487,S2,US,selective_v1,0,15,0,0,0,0,0.03783410599999115,15,30,88,11,2.0,81,0.03825562099996205,0,81,81,81,71,1,1,60,1,0,0.04969114899995475
s1_1000,S1-556310487,S3,US,selective_v1,0,15,0,0,0,0,0.03463674700003594,15,30,134,10,2.0,124,0.035082310000007055,1,125,124,125,79,1,1,60,1,1,0.0542104889999564
s1_1000,S1-447515688,S2,India,selective_v1,0,78,21,7,0,28,0.03999625900007686,24,48,680,15,9.0,477,0.04179942600001141,7,484,477,484,87,1,1,60,2,7,0.0870555209999111
s1_1000,S1-447515688,S3,India,selective_v1,0,78,10,22,0,32,0.04952462500011734,24,48,596,14,10.0,510,0.051210192999974424,2,512,510,512,92,1,1,60,3,2,0.1025542539999833
s1_1000,S1-469262072,S2,US,selective_v1,0,36,1,2,4,3,0.017927024999607966,24,50,363,11,2.0,318,0.01901629500002855,0,333,333,333,82,1,1,60,0,0,0.05239248899999893
s1_1000,S1-469262072,S3,US,selective_v1,0,36,3,3,3,6,0.022046555000201806,24,50,624,19,2.0,495,0.023183052000035786,0,535,535,535,83,1,1,60,1,0,0.07333510000000842
s1_1000,S1-910511213,S2,India,selective_v1,0,66,10,22,13,32,0.055771212000422565,21,42,661,12,9.0,605,0.05699997500005338,2,605,605,607,105,1,1,60,1,2,0.11680838399990989
s1_1000,S1-910511213,S3,India,selective_v1,0,66,6,27,10,33,0.07720923299984861,23,46,980,16,7.0,892,0.07870443399997384,4,896,892,896,113,1,1,60,1,4,0.15134507599998415
s1_1000,S1-568262604,S2,India,selective_v1,0,120,21,14,0,35,0.013267370999756167,24,54,347,21,2.0,113,0.01589822800008278,1,212,211,212,80,1,1,60,2,1,0.045342129000005116
s1_1000,S1-568262604,S3,India,selective_v1,0,120,21,14,0,35,0.014486039000189521,24,54,367,20,2.0,135,0.017133757999999943,0,235,235,235,103,1,1,60,1,0,0.04845289499996852
s1_1000,S1-3965597,S2,India,selective_v1,0,120,28,37,32,65,0.055073842000183504,23,49,304,22,0.0,202,0.05681610999999975,0,243,243,243,88,1,1,60,2,0,0.08949305900000581
s1_1000,S1-3965597,S3,India,selective_v1,0,120,21,39,0,60,0.2173560550000957,24,51,598,24,0.0,523,0.21956836499998644,0,547,547,547,94,1,1,60,1,0,0.2765739510000458
s1_1000,S1-712267907,S2,US,selective_v1,0,36,3,6,4,9,0.0876173330001393,23,46,333,17,6.0,274,0.08855488399990463,0,274,274,274,93,1,1,60,2,0,0.11507120800001758
s1_1000,S1-712267907,S3,US,selective_v1,0,36,3,6,4,9,0.0488156930000514,23,46,199,16,7.0,151,0.04969429499999478,1,152,151,152,76,1,1,60,1,1,0.06649606999997104
s1_1000,S1-571269849,S2,US,selective_v1,0,45,6,12,7,18,0.04713106900032926,20,41,667,17,3.0,432,0.04815752199999679,1,511,510,511,104,1,1,60,2,1,0.09893373900001734
s1_1000,S1-571269849,S3,US,selective_v1,0,45,6,12,7,18,0.04827607100003206,20,41,715,17,3.0,461,0.04957929600004718,1,545,544,545,110,1,1,60,2,1,0.09522859800006245
s1_1000,S1-53898759,S2,US,selective_v1,0,15,1,4,0,5,0.03781588700030625,10,20,269,8,1.0,257,0.03820943599998827,33,258,257,290,125,1,1,60,2,33,0.0638316519999762
s1_1000,S1-53898759,S3,US,selective_v1,0,15,1,4,0,5,0.03720864299975801,10,20,156,8,2.0,139,0.037564459000009265,26,140,139,165,110,1,1,60,3,26,0.0553188679999721
s1_1000,S1-925577931,S2,US,selective_v1,0,36,1,7,4,8,0.09810885000013059,24,50,682,21,3.0,354,0.09938644499993643,0,592,592,592,108,1,1,60,1,0,0.1561082709999937
s1_1000,S1-925577931,S3,US,selective_v1,0,36,1,9,4,10,0.08681251299969972,22,46,704,21,1.0,388,0.08815039000000979,1,605,604,605,112,1,1,60,2,1,0.14804682599992702
s1_1000,S1-607322610,S2,India,selective_v1,0,45,3,12,8,15,0.011448639000036565,22,48,263,10,2.0,189,0.012338311000007707,2,209,207,209,80,1,1,60,0,2,0.035357083999997485
s1_1000,S1-607322610,S3,India,selective_v1,0,45,3,12,7,15,0.02978332699967723,23,50,552,20,1.0,391,0.030850846000021193,14,437,423,437,78,1,1,60,3,14,0.06748955099999421
s1_1000,S1-617480537,S2,US,selective_v1,0,36,0,2,4,2,0.043816620999905354,24,48,217,17,0.0,167,0.04489356299995961,3,170,167,170,83,1,1,60,3,3,0.06332172700001593
s1_1000,S1-617480537,S3,US,selective_v1,0,36,1,5,4,6,0.06272097799990206,24,49,499,24,0.0,397,0.06384161599999061,5,440,435,440,103,1,1,60,3,5,0.12091417400006321
s1_1000,S1-617714375,S2,US,selective_v1,0,21,1,0,0,1,0.02587575900020056,20,42,228,15,3.0,199,0.026512349000086033,0,212,212,212,93,1,1,60,1,0,0.04641417699997419
s1_1000,S1-617714375,S3,US,selective_v1,0,21,1,0,0,1,0.027503062000050704,20,42,277,13,3.0,247,0.02815858099995694,0,262,262,262,102,1,1,60,0,0,0.054737002000024404
s1_1000,S1-548687090,S2,India,selective_v1,0,66,6,14,0,20,0.010298268999918037,24,52,303,21,0.0,130,0.0117612569999892,1,192,191,192,102,1,1,60,1,1,0.03388145299993539
s1_1000,S1-548687090,S3,India,selective_v1,0,66,6,8,0,14,0.014161697000076856,24,52,294,18,2.0,139,0.015834842000003846,1,205,204,205,115,1,1,60,1,1,0.042312422000009065
s1_1000,S1-703174498,S2,India,selective_v1,0,66,6,17,0,23,0.0629833029998963,24,49,632,17,6.0,419,0.06457624300003317,10,468,458,468,110,1,1,60,0,10,0.11273684399998274
s1_1000,S1-703174498,S3,India,selective_v1,0,66,3,22,0,25,0.07614830099976189,24,50,958,21,3.0,716,0.07811993299992537,9,779,770,779,102,1,1,60,4,9,0.14661163900007068
s1_1000,S1-785764526,S2,India,selective_v1,0,55,1,7,0,8,0.04023033399960241,24,51,375,20,2.0,316,0.041753686999982165,1,318,317,318,78,1,1,60,1,1,0.07827646900000218
s1_1000,S1-785764526,S3,India,selective_v1,0,55,1,5,0,6,0.04480040099974758,24,51,623,21,2.0,572,0.04674819799993202,2,574,572,574,79,1,1,60,2,2,0.09528048499998931
s1_1000,S1-376767576,S2,US,selective_v1,0,28,1,2,3,3,0.041064000999767813,22,45,378,17,3.0,333,0.04192617299997892,0,348,348,348,89,1,1,60,2,0,0.0742232420000164
s1_1000,S1-376767576,S3,US,selective_v1,0,28,1,4,2,5,0.035275982000030126,21,43,257,19,2.0,197,0.03597712400005548,0,213,213,213,78,1,1,60,2,0,0.05824647700001151
s1_1000,S1-879036575,S2,US,selective_v1,0,15,0,1,0,1,0.1478791929999943,14,28,306,9,2.0,286,0.14843772200003968,91,302,286,377,128,1,1,60,1,35,0.18352779600002123
s1_1000,S1-879036575,S3,US,selective_v1,0,15,0,1,0,1,0.20766305499967075,14,28,338,12,2.0,313,0.20828053100001398,119,323,313,432,118,1,1,60,2,28,0.24687132899998687
s1_1000,S1-137109332,S2,India,selective_v1,0,55,21,0,12,21,0.010033751999912965,22,46,676,22,0.0,284,0.011160305000089465,1,302,301,302,86,1,1,60,2,1,0.0498992760000192
s1_1000,S1-137109332,S3,India,selective_v1,0,55,15,6,12,21,0.009669835000181592,22,46,477,19,0.0,245,0.010727935999966576,0,266,266,266,87,1,1,60,2,0,0.03726935500003492
s1_1000,S1-74161638,S2,US,selective_v1,0,55,1,6,0,7,0.05351985300023898,24,48,378,18,1.0,340,0.05510565399993084,0,340,340,340,110,1,1,60,1,0,0.08333698500007358
s1_1000,S1-74161638,S3,US,selective_v1,0,55,3,11,0,14,0.060009832000105234,24,48,657,24,0.0,591,0.061657877000016015,1,592,591,592,115,1,1,60,1,1,0.11350063299994417
s1_1000,S1-812960792,S2,India,selective_v1,0,105,21,36,0,57,0.05235846700065849,24,49,911,22,2.0,618,0.054263256000012916,2,627,625,627,100,1,1,60,3,2,0.10817582399999992
s1_1000,S1-812960792,S3,India,selective_v1,0,105,15,40,0,55,0.059998283999902924,24,49,674,21,3.0,551,0.06175768999992215,1,557,556,557,108,1,1,60,3,1,0.12109490900002129
s1_1000,S1-371328674,S2,India,selective_v1,0,55,6,14,12,20,0.13276177800037203,23,48,475,11,4.0,421,0.13402404199996454,0,430,430,430,54,0,0,54,0,0,0.18192324599999665
s1_1000,S1-371328674,S3,India,selective_v1,0,55,1,12,0,13,0.15094721699961156,24,50,384,14,7.0,287,0.1523404560000472,0,300,300,300,90,1,1,60,1,0,0.18594351499996264
s1_1000,S1-30617375,S2,India,selective_v1,0,105,15,21,0,36,0.05683443700013413,24,48,526,15,9.0,464,0.059171252000055574,2,466,464,466,111,1,1,60,2,2,0.10525750199997219
s1_1000,S1-30617375,S3,India,selective_v1,0,105,6,29,0,35,0.05461007000042173,24,49,672,14,7.0,565,0.05698503799999344,2,621,619,621,111,1,1,60,3,2,0.1144188009999425
s1_1000,S1-573726315,S2,US,selective_v1,0,10,0,2,0,2,0.039242355999817846,8,16,117,8,0.0,99,0.03954795499998909,84,110,99,183,97,1,1,60,1,20,0.059097514999962186
s1_1000,S1-573726315,S3,US,selective_v1,0,10,0,2,0,2,0.03842421599995305,8,16,123,6,0.0,107,0.03873384700000315,93,120,107,200,101,1,1,60,1,27,0.060533925000072486
s1_1000,S1-354085195,S2,India,selective_v1,0,105,21,21,0,42,0.05765149699959693,24,50,874,23,1.0,642,0.05999938899992685,1,653,652,653,110,1,1,60,1,1,0.12159015099996395
s1_1000,S1-354085195,S3,India,selective_v1,0,105,6,27,0,33,0.08604832700007137,24,50,960,21,3.0,719,0.08877049499994882,2,730,728,730,104,1,1,60,5,2,0.15669933899994248
s1_1000,S1-770102800,S2,US,selective_v1,0,15,0,4,0,4,0.07173527999987073,11,23,343,10,1.0,184,0.07213543800003208,0,314,314,314,113,1,1,60,2,0,0.09822465700005978
s1_1000,S1-770102800,S3,US,selective_v1,0,15,0,4,0,4,0.06619739600000685,11,23,380,10,1.0,186,0.06663825300006465,3,330,327,330,97,1,1,60,4,3,0.09186561199999232
s1_1000,S1-459488906,S2,US,selective_v1,0,21,1,4,0,5,0.08341027999983908,16,32,185,8,6.0,173,0.08398284199995487,12,185,173,185,93,1,1,60,0,12,0.10060488800002076
s1_1000,S1-459488906,S3,US,selective_v1,0,21,1,4,0,5,0.07305374599980041,16,32,240,10,6.0,214,0.07362914099996942,16,230,214,230,103,1,1,60,0,16,0.09477135700001327
s1_1000,S1-791044420,S2,US,selective_v1,0,21,0,3,0,3,0.1032341689998475,18,37,280,11,3.0,166,0.10385345400004553,33,250,217,250,119,1,1,60,1,33,0.12882532799994806
s1_1000,S1-791044420,S3,US,selective_v1,0,21,0,3,0,3,0.09370306300002085,18,38,333,10,3.0,191,0.09435292399996342,34,262,228,262,79,1,1,60,1,34,0.11790031100008491
s1_1000,S1-557931744,S2,US,selective_v1,0,45,1,2,0,3,0.020207489999847894,24,52,441,16,0.0,149,0.021515671000088332,1,369,368,369,95,1,1,60,3,1,0.059019604000013715
s1_1000,S1-557931744,S3,US,selective_v1,0,45,3,6,0,9,0.03689016800012723,24,51,674,18,2.0,350,0.038387413000009474,0,575,575,575,90,1,1,60,1,0,0.09006989600004545
s1_1000,S1-322467193,S2,US,selective_v1,0,21,0,2,0,2,0.055006280000270635,19,38,282,12,2.0,275,0.055654892999996264,0,275,275,275,100,1,1,60,0,0,0.08372947599991676
s1_1000,S1-322467193,S3,US,selective_v1,0,21,0,2,0,2,0.05652012600012313,19,38,203,14,3.0,194,0.057119367000041166,0,194,194,194,96,1,1,60,0,0,0.07351877700000387
s1_1000,S1-866419638,S2,India,selective_v1,0,55,6,8,0,14,0.010191224999971382,24,51,292,23,0.0,190,0.01139234699996905,1,209,208,209,115,1,1,60,0,1,0.03673552399993696
s1_1000,S1-866419638,S3,India,selective_v1,0,45,1,8,0,9,0.03188351799985867,24,50,511,19,1.0,319,0.03307321600004798,2,339,337,339,98,1,1,60,1,2,0.06520087199999125
s1_1000,S1-813797494,S2,India,selective_v1,0,105,10,20,0,30,0.053563675999726,24,49,809,17,7.0,621,0.056265359000008175,6,647,647,653,88,1,1,60,3,6,0.11688336200006688
s1_1000,S1-813797494,S3,India,selective_v1,0,105,3,25,0,28,0.05278993499985063,24,49,747,17,6.0,586,0.055374820999986696,10,610,600,610,107,1,1,60,1,10,0.11168883799996365
s1_1000,S1-955186399,S2,US,selective_v1,0,36,1,3,4,4,0.03977709799949025,24,49,369,22,2.0,298,0.04089464400010456,0,313,313,313,110,1,1,60,2,0,0.07363416900000175
s1_1000,S1-955186399,S3,US,selective_v1,0,36,1,3,4,4,0.034953566999661234,24,49,384,22,2.0,307,0.035996292000049834,1,322,321,322,106,1,1,60,1,1,0.0662810559999798
s1_1000,S1-520103019,S2,US,selective_v1,0,21,0,1,0,1,0.08433338200029539,20,40,554,14,1.0,394,0.08512743799997224,32,426,394,426,80,1,1,60,0,32,0.12503126699994027
s1_1000,S1-520103019,S3,US,selective_v1,0,21,0,1,0,1,0.06307597100044404,20,40,541,14,1.0,391,0.06385601900001348,29,420,391,420,83,1,1,60,0,29,0.10485869800004366
s1_1000,S1-258185803,S2,India,selective_v1,0,120,6,22,0,28,0.035380078999878606,24,50,525,20,4.0,303,0.03830041699995945,8,368,360,368,113,1,1,60,2,8,0.07818523399998867
s1_1000,S1-258185803,S3,India,selective_v1,0,120,3,27,0,30,0.040825498000231164,24,50,689,20,2.0,548,0.0438580049999473,12,609,597,609,112,1,1,60,1,12,0.1015682800000377
s1_1000,S1-773472108,S2,US,selective_v1,0,21,1,2,0,3,0.036917842000093515,18,37,361,13,1.0,180,0.03757256200003667,0,338,338,338,112,1,1,60,0,0,0.07119609699998364
s1_1000,S1-773472108,S3,US,selective_v1,0,21,1,2,0,3,0.027289808999967136,18,37,373,9,1.0,188,0.027863489000083064,0,355,355,355,113,1,1,60,0,0,0.058529568000039944
s1_1000,S1-790850301,S2,US,selective_v1,0,36,1,4,4,5,0.025726632000100835,24,50,369,19,5.0,257,0.026745590000018638,0,284,284,284,78,1,1,60,2,0,0.051355347000026086
s1_1000,S1-790850301,S3,US,selective_v1,0,36,1,4,4,5,0.028487403000326594,24,50,601,20,4.0,453,0.02959706499996173,0,482,482,482,77,1,1,60,2,0,0.07235623299993676
s1_1000,S1-588443658,S2,US,selective_v1,0,15,0,2,0,2,0.033519102000013845,13,26,203,12,1.0,172,0.03394732000003842,2,174,172,174,85,1,1,60,3,2,0.05217466199997034
s1_1000,S1-588443658,S3,US,selective_v1,0,15,0,2,0,2,0.037811042000043926,13,26,217,9,1.0,210,0.038265720000026704,2,212,210,212,87,1,1,60,4,2,0.06014996099997916
s1_1000,S1-480966375,S2,US,selective_v1,0,45,1,6,0,7,0.03235046199995395,24,50,455,22,2.0,94,0.033606879999979355,0,367,367,367,108,1,1,60,1,0,0.0687681590000011
s1_1000,S1-480966375,S3,US,selective_v1,0,45,1,6,0,7,0.03805214100043486,24,49,215,21,2.0,151,0.039240239000037036,0,178,178,178,107,1,1,60,1,0,0.05960723499993037
s1_1000,S1-843890090,S2,India,selective_v1,0,78,15,6,0,21,0.017068352000137565,24,51,215,18,5.0,84,0.01879425300001003,1,126,125,126,83,1,1,60,2,1,0.03472161000001961
s1_1000,S1-843890090,S3,India,selective_v1,0,66,10,9,0,19,0.03145108199976221,24,50,242,16,7.0,101,0.032935558000076526,2,140,138,140,96,1,1,60,3,2,0.049765169000011156
s1_1000,S1-61871677,S2,US,selective_v1,0,45,6,17,6,23,0.03725832700013143,16,34,563,15,1.0,294,0.03801762399996278,59,458,453,512,161,1,1,60,4,53,0.08328164099998503
s1_1000,S1-61871677,S3,US,selective_v1,0,36,6,17,2,23,0.04049331600026562,11,23,590,10,1.0,343,0.04105966700001318,53,510,508,561,164,1,1,60,1,51,0.08601944400004413
s1_1000,S1-260598709,S2,US,selective_v1,0,28,1,4,2,5,0.04602677900015806,21,42,666,18,3.0,605,0.04696756999999252,2,607,605,607,87,1,1,60,3,2,0.09704241300005378
s1_1000,S1-260598709,S3,US,selective_v1,0,28,3,3,2,6,0.04084720599962566,20,40,473,15,4.0,432,0.04169342900001993,1,433,432,433,83,1,1,60,2,1,0.080347469000003
s1_1000,S1-845153701,S2,US,selective_v1,0,45,1,11,0,12,0.06072300700031974,24,48,773,17,6.0,511,0.062094938999962324,1,511,511,512,103,1,1,60,1,1,0.11533147199997984
s1_1000,S1-845153701,S3,US,selective_v1,0,45,1,11,0,12,0.06622666899966134,24,48,632,16,7.0,382,0.067484041000057,2,383,382,384,112,1,1,60,1,2,0.10096434000001864
s1_1000,S1-849079218,S2,US,selective_v1,0,15,0,0,0,0,0.012198979999880066,15,30,102,13,0.0,85,0.012639813000077993,1,86,85,86,52,0,0,52,2,1,0.02720448699994904
s1_1000,S1-849079218,S3,US,selective_v1,0,15,0,0,0,0,0.009980819000020347,15,30,138,14,0.0,121,0.01036978199999794,0,121,121,121,57,0,0,57,1,0,0.022913465999977234
s1_1000,S1-182087716,S2,US,selective_v1,0,28,1,4,2,5,0.07059421299970836,21,42,412,15,2.0,386,0.07147114000008514,0,386,386,386,115,1,1,60,0,0,0.10950997999998435
s1_1000,S1-182087716,S3,US,selective_v1,0,28,1,4,2,5,0.06017451399975471,21,42,462,19,2.0,429,0.06107090800003334,1,430,429,430,113,1,1,60,1,1,0.0953330919999189
s1_1000,S1-143018597,S2,US,selective_v1,0,21,0,1,0,1,0.042395183999815345,20,40,317,20,0.0,260,0.04303425000000516,3,263,260,263,90,1,1,60,3,3,0.06672965899997507
s1_1000,S1-143018597,S3,US,selective_v1,0,21,0,2,0,2,0.035430075999784094,19,38,291,19,0.0,243,0.0360321110000541,1,244,243,244,95,1,1,60,2,1,0.05839013700006035
s1_1000,S1-497491595,S2,US,selective_v1,0,28,0,2,3,2,0.03873356599945055,23,49,332,12,2.0,160,0.03957725999998729,0,241,241,241,106,1,1,60,1,0,0.06267784099998153
s1_1000,S1-497491595,S3,US,selective_v1,0,28,0,2,3,2,0.042976971000257436,23,48,337,17,2.0,176,0.04380114200000662,1,204,203,204,78,1,1,60,3,1,0.06395710799995413
s1_1000,S1-840845463,S2,US,selective_v1,0,15,0,3,0,3,0.018280645000118056,12,24,241,10,1.0,219,0.0186760740000409,0,219,219,219,87,1,1,60,2,0,0.03978605499992227
s1_1000,S1-840845463,S3,US,selective_v1,0,15,0,3,0,3,0.01880347099984192,12,24,294,10,1.0,261,0.019219167000073867,1,262,261,262,87,1,1,60,1,1,0.03966811100008272
s1_1000,S1-514427791,S2,US,selective_v1,0,15,1,0,0,1,0.010675122000179726,14,31,434,13,1.0,70,0.011126754000088113,5,321,316,321,76,1,1,60,3,5,0.0472422349999988
s1_1000,S1-514427791,S3,US,selective_v1,0,15,1,0,0,1,0.010961023999698227,14,30,231,13,1.0,120,0.01138527900002373,2,148,146,148,76,1,1,60,1,2,0.02819922800006225
s1_1000,S1-707712795,S2,India,selective_v1,0,55,3,6,0,9,0.04096294500038766,24,51,484,23,1.0,403,0.042549112000074274,3,407,404,407,117,1,1,60,1,3,0.0883058900000151
s1_1000,S1-707712795,S3,India,selective_v1,0,55,1,7,0,8,0.05198794500006443,24,51,390,18,2.0,331,0.05367353899998761,4,337,333,337,114,1,1,60,3,4,0.10861560299997564
s1_1000,S1-566917738,S2,India,selective_v1,0,36,1,9,4,10,0.026454293999790934,22,45,332,19,2.0,251,0.027332307000051514,2,266,264,266,88,1,1,60,1,2,0.05609541499995885
s1_1000,S1-566917738,S3,India,selective_v1,0,36,0,7,4,7,0.04035488099975737,24,49,523,22,2.0,456,0.04144747600003029,3,474,471,474,104,1,1,60,1,3,0.07992114800003947
s1_1000,S1-959142386,S2,US,selective_v1,0,36,0,2,4,2,0.033215526999583744,24,49,138,15,3.0,117,0.0342423660000577,1,124,123,124,77,1,1,60,3,1,0.04707292199998392
s1_1000,S1-959142386,S3,US,selective_v1,0,45,0,3,0,3,0.04262735399993289,24,48,293,16,2.0,271,0.0440411499999982,1,272,271,272,82,1,1,60,2,1,0.06952841599991189
s1_1000,S1-635056779,S2,US,selective_v1,0,15,0,3,0,3,0.023960840000086137,12,25,408,12,0.0,282,0.024391272999991997,1,383,382,383,111,1,1,60,2,1,0.06058957700008705
s1_1000,S1-635056779,S3,US,selective_v1,0,15,0,3,0,3,0.024714533000405936,12,25,490,9,0.0,364,0.02517929499992988,0,467,467,467,113,1,1,60,2,0,0.06673362900005486
s1_1000,S1-918291535,S2,US,selective_v1,0,36,1,0,4,1,0.04276357500020822,24,51,558,20,4.0,426,0.04402300600008857,2,441,439,441,74,1,1,60,5,2,0.08242166599995926
s1_1000,S1-918291535,S3,US,selective_v1,0,36,3,0,4,3,0.43074617900003886,24,51,524,20,4.0,461,0.4321284669999841,1,466,465,466,78,1,1,60,2,1,0.4744827790000272
s1_1000,S1-232298053,S2,US,selective_v1,0,21,0,1,0,1,0.016143400999681035,20,43,410,19,1.0,177,0.016831743000011556,3,320,317,320,107,1,1,60,4,3,0.048322672999915994
s1_1000,S1-232298053,S3,US,selective_v1,0,21,0,1,0,1,0.015587161999746968,20,43,317,13,1.0,173,0.016212318000043524,1,297,296,297,111,1,1,60,2,1,0.041275963999964915
s1_1000,S1-972777978,S2,US,selective_v1,0,28,1,2,3,3,0.03782770700013316,22,45,423,18,3.0,385,0.03870503500002087,1,388,387,388,101,1,1,60,4,1,0.07320716399999583
s1_1000,S1-972777978,S3,US,selective_v1,0,28,1,2,3,3,0.041208928999708405,22,45,307,18,4.0,260,0.04205568299994411,1,263,262,263,93,1,1,60,2,1,0.06517117700002473
s1_1000,S1-939107867,S2,India,selective_v1,0,91,10,24,0,34,0.0494227389997377,24,50,1059,18,3.0,780,0.05160361099990496,5,786,781,786,115,1,1,60,3,5,0.13211076700008562
s1_1000,S1-939107867,S3,India,selective_v1,0,91,3,32,0,35,0.0656446830000732,24,50,945,20,3.0,839,0.06781182199995328,11,851,840,851,118,1,1,60,1,11,0.1414752990000352
s1_1000,S1-410986076,S2,US,selective_v1,0,36,1,12,4,13,0.08183968600042135,19,39,686,13,4.0,606,0.08277445899989289,44,667,666,710,157,1,1,60,0,44,0.1399347909999733
s1_1000,S1-410986076,S3,US,selective_v1,0,36,1,12,4,13,0.08710542800008625,19,39,729,11,4.0,642,0.08806919100004507,35,710,710,745,154,1,1,60,0,35,0.1442698550000614
s1_1000,S1-586341558,S2,India,selective_v1,0,91,15,29,24,44,0.03384309299985944,23,46,503,18,5.0,366,0.035456253000006654,36,368,366,402,129,1,1,60,4,36,0.0694751250000536
s1_1000,S1-586341558,S3,India,selective_v1,0,91,10,29,0,39,0.0614554770002087,24,48,687,17,7.0,616,0.0635682590000215,49,619,616,665,133,1,1,60,3,42,0.11951820699994187
s1_1000,S1-326725359,S2,US,selective_v1,0,36,1,10,4,11,0.07785272000012355,21,43,840,18,3.0,337,0.07884787800003323,13,592,579,592,108,1,1,60,1,13,0.12643362299991168
s1_1000,S1-326725359,S3,US,selective_v1,0,36,1,10,4,11,0.0810577319997492,21,43,941,18,3.0,388,0.08203384199998709,17,618,601,618,99,1,1,60,4,17,0.128552554999942
s1_1000,S1-353308813,S2,US,selective_v1,0,15,0,1,0,1,0.05010083900003792,14,28,74,11,3.0,67,0.050493524999978945,0,67,67,67,66,1,1,60,2,0,0.059640997999963474
s1_1000,S1-353308813,S3,US,selective_v1,0,15,0,1,0,1,0.04333475000021281,14,28,109,11,3.0,91,0.043729197000061504,1,92,91,92,78,1,1,60,3,1,0.05654716499998358
s1_1000,S1-132364004,S2,India,selective_v1,0,105,15,12,0,27,0.0402183429997649,24,52,749,16,3.0,379,0.04287396699999135,0,411,411,411,103,1,1,60,0,0,0.09034311099992465
s1_1000,S1-132364004,S3,India,selective_v1,0,105,10,16,0,26,0.03884405700023308,24,52,434,18,3.0,277,0.04147381100005987,1,306,305,306,109,1,1,60,1,1,0.07663095400005204
s1_1000,S1-198077365,S2,US,selective_v1,0,36,1,6,3,7,0.03338464600028601,24,49,517,14,4.0,237,0.03441660700002558,0,302,302,302,120,1,1,60,0,0,0.06270971399999326
s1_1000,S1-198077365,S3,US,selective_v1,0,36,1,6,3,7,0.031736789999968096,24,49,624,18,4.0,253,0.03276028400000541,1,338,337,338,117,1,1,60,1,1,0.060827922000044055
s1_1000,S1-272648186,S2,US,selective_v1,0,15,1,0,0,1,0.0109896389997175,14,31,151,12,2.0,69,0.011354930000038621,119,116,109,228,115,1,1,60,1,46,0.029092197999943892
s1_1000,S1-272648186,S3,US,selective_v1,0,10,1,0,0,1,0.012986038999883931,9,18,109,7,2.0,90,0.013297573000045304,112,98,90,202,116,1,1,60,2,47,0.027654514000005292
s1_1000,S1-20672382,S2,US,selective_v1,0,78,1,9,0,10,0.08521478299996943,24,48,496,15,6.0,460,0.08752984900002048,12,472,460,472,90,1,1,60,2,12,0.13189394300002277
s1_1000,S1-20672382,S3,US,selective_v1,0,78,3,17,0,20,0.09943269199993665,24,49,765,13,8.0,495,0.10152555399997709,6,727,727,733,115,1,1,60,0,6,0.1637358550000272
s1_1000,S1-835228831,S2,US,selective_v1,0,28,1,2,3,3,0.014356143000213706,22,46,404,20,2.0,142,0.015103897000017241,1,306,305,306,95,1,1,60,3,1,0.04600285000003623
s1_1000,S1-835228831,S3,US,selective_v1,0,28,1,2,3,3,0.01837621599997874,22,46,390,15,2.0,150,0.01917308999998113,0,305,305,305,97,1,1,60,2,0,0.0578037380000751
s1_1000,S1-851151897,S2,India,selective_v1,0,105,15,19,0,34,0.014036988000384554,24,53,423,21,3.0,150,0.016250730000024305,1,261,260,261,104,1,1,60,1,1,0.042943129999912344
s1_1000,S1-851151897,S3,India,selective_v1,0,105,10,18,0,28,0.016711647999727575,24,52,415,20,2.0,251,0.019058785999959582,1,315,314,315,105,1,1,60,3,1,0.05302247300005547
s1_1000,S1-423722776,S2,US,selective_v1,0,28,1,4,2,5,0.06969156600030146,21,42,483,15,3.0,467,0.0705740920000153,0,467,467,467,117,1,1,60,0,0,0.1143625400000019
s1_1000,S1-423722776,S3,US,selective_v1,0,28,1,4,2,5,0.05717276099994706,21,42,511,15,3.0,488,0.05807777300003636,0,488,488,488,112,1,1,60,2,0,0.09686059000000569
s1_1000,S1-542941807,S2,India,selective_v1,0,120,28,62,18,90,0.010398220999945806,12,25,98,11,1.0,33,0.011084655999979987,0,47,47,47,47,0,0,47,1,0,0.019787943000096675
s1_1000,S1-542941807,S3,India,selective_v1,0,120,15,70,18,85,0.04268966199981605,17,36,556,10,1.0,437,0.04379349700002422,0,498,498,498,103,1,1,60,0,0,0.08555336599999919
s1_1000,S1-77568999,S2,India,selective_v1,0,66,10,11,0,21,0.048949812000273596,24,48,622,15,9.0,573,0.05060528499996053,0,573,573,573,103,1,1,60,1,0,0.10000879099993654
s1_1000,S1-77568999,S3,India,selective_v1,0,66,6,21,13,27,0.07042632599996068,24,48,922,18,6.0,799,0.07207621399993513,4,799,799,803,98,1,1,60,1,4,0.1428484230000322
s1_1000,S1-281915633,S2,US,selective_v1,0,28,0,2,3,2,0.03528988700031732,23,47,758,23,0.0,576,0.03673687799994241,3,662,659,662,102,1,1,60,3,3,0.09929334299999937
s1_1000,S1-281915633,S3,US,selective_v1,0,28,0,2,3,2,0.03888945400001376,23,47,532,18,2.0,354,0.0398152459999892,2,447,445,447,106,1,1,60,2,2,0.08026184399989233
s1_1000,S1-431297138,S2,India,selective_v1,0,78,21,15,20,36,0.012565240999833804,22,45,621,22,0.0,363,0.013957371000060448,1,383,382,383,92,1,1,60,2,1,0.050085372000012285
s1_1000,S1-431297138,S3,India,selective_v1,0,78,15,21,20,36,0.011358655000435647,22,45,493,21,0.0,319,0.012709594000057223,0,334,334,334,104,1,1,60,1,0,0.044206250999991425
s1_1000,S1-612842808,S2,US,selective_v1,0,28,1,6,2,7,0.09428931299976284,19,38,433,16,3.0,416,0.0950892579999163,0,416,416,416,118,1,1,60,1,0,0.12761418100001265
s1_1000,S1-612842808,S3,US,selective_v1,0,28,1,6,2,7,0.07353681800032064,19,38,622,17,2.0,565,0.07442290400001639,1,566,565,566,114,1,1,60,3,1,0.1228220020000208
s1_1000,S1-520412269,S2,India,selective_v1,0,66,1,15,0,16,0.10481476599989037,24,49,774,23,1.0,624,0.10667560800004594,7,635,628,635,105,1,1,60,5,7,0.1698440830000436
s1_1000,S1-520412269,S3,India,selective_v1,0,66,0,10,0,10,0.09459298599995236,24,49,449,19,3.0,383,0.09653500100000656,8,392,384,392,103,1,1,60,3,8,0.127769345000047
s1_1000,S1-787210794,S2,US,selective_v1,0,21,1,4,0,5,0.022161315999824183,16,33,298,15,1.0,213,0.022681056000010358,2,238,236,238,96,1,1,60,3,2,0.04030796199992892
s1_1000,S1-787210794,S3,US,selective_v1,0,21,1,4,0,5,0.021116444999847772,16,33,257,13,1.0,209,0.02165688799993859,3,233,230,233,103,1,1,60,2,3,0.044389377000015884
s1_1000,S1-124462211,S2,US,selective_v1,0,45,1,7,0,8,0.022804143000030308,24,50,431,18,1.0,359,0.024123815000052673,0,402,402,402,90,1,1,60,1,0,0.06118306299993037
s1_1000,S1-124462211,S3,US,selective_v1,0,45,1,7,0,8,0.023550294000187932,24,50,398,22,2.0,288,0.024777317000030052,1,335,334,335,103,1,1,60,2,1,0.05217618400001811
s1_1000,S1-51865922,S2,US,selective_v1,0,21,0,1,0,1,0.012154679999866858,20,42,253,20,0.0,124,0.012765157999979238,0,195,195,195,111,1,1,60,3,0,0.032177721999914866
s1_1000,S1-51865922,S3,US,selective_v1,0,21,0,1,0,1,0.011462321999943015,20,42,241,20,0.0,146,0.012067586000057418,1,207,206,207,112,1,1,60,2,1,0.035171794999996564
s1_1000,S1-350834708,S2,India,selective_v1,0,91,21,14,0,35,0.05291328200019052,24,48,620,16,7.0,498,0.05494586200006779,3,501,498,501,114,1,1,60,0,3,0.10011171299993293
s1_1000,S1-350834708,S3,India,selective_v1,0,91,15,12,0,27,0.054417050999859384,24,48,402,12,11.0,370,0.056614177000028576,2,372,370,372,115,1,1,60,2,2,0.09488295999994989
s1_1000,S1-923292062,S2,US,selective_v1,0,78,1,15,0,16,0.0816547269998864,24,48,655,19,2.0,531,0.0840399300000172,7,531,531,538,123,1,1,60,4,7,0.12923856500003694
s1_1000,S1-923292062,S3,US,selective_v1,0,78,10,20,0,30,0.08053798099979304,24,48,975,21,2.0,699,0.08272506699995574,8,699,699,707,126,1,1,60,2,8,0.13135959800001729
s1_1000,S1-990218012,S2,US,selective_v1,0,15,0,1,0,1,0.01200823199997103,14,29,373,14,0.0,298,0.01247559299997647,1,352,351,352,81,1,1,60,1,1,0.04682767400004195
s1_1000,S1-990218012,S3,US,selective_v1,0,15,0,1,0,1,0.013578900999959842,14,29,400,11,0.0,325,0.014103223000006437,2,371,369,371,83,1,1,60,3,2,0.04664062900008048
s1_1000,S1-423224877,S2,US,selective_v1,0,21,0,2,0,2,0.07091857199986862,19,39,262,12,1.0,252,0.07154734400000962,0,253,253,253,103,1,1,60,1,0,0.09201399999994919
s1_1000,S1-423224877,S3,US,selective_v1,0,21,0,2,0,2,0.06581826100000399,19,39,206,17,2.0,164,0.06638157500003672,1,167,166,167,110,1,1,60,2,1,0.08117987499997525
s1_1000,S1-878547730,S2,India,selective_v1,0,91,10,22,0,32,0.028034448999733286,24,50,416,21,2.0,324,0.030002297999999428,1,329,328,329,92,1,1,60,0,1,0.06134755599998698
s1_1000,S1-878547730,S3,India,selective_v1,0,78,6,18,0,24,0.03941543900020861,24,49,646,20,4.0,525,0.041312165000022105,0,534,534,534,91,1,1,60,1,0,0.08639603200003876
s1_1000,S1-807591789,S2,US,selective_v1,0,28,1,2,3,3,0.01045708399999512,22,45,218,12,1.0,136,0.011186452000060854,94,161,159,253,128,1,1,60,4,44,0.028519420999941758
s1_1000,S1-807591789,S3,US,selective_v1,0,28,3,6,2,9,0.026038935000087804,17,34,347,11,3.0,318,0.026727119000042876,95,319,318,413,160,1,1,60,0,35,0.07335345100000268
s1_1000,S1-944458772,S2,India,selective_v1,0,120,15,33,0,48,0.08158504700008962,24,48,751,24,0.0,610,0.08423902399999861,1,611,610,611,107,1,1,60,4,1,0.1378645880000704
s1_1000,S1-944458772,S3,India,selective_v1,0,120,10,29,0,39,0.08126095700049518,24,48,656,22,2.0,608,0.08417153300001701,0,608,608,608,110,1,1,60,1,0,0.13328823300003023
s1_1000,S1-163959939,S2,India,selective_v1,0,120,10,25,0,35,0.1198102959994003,24,49,841,22,2.0,667,0.12293217800004186,0,674,674,674,110,1,1,60,3,0,0.184609149000039
s1_1000,S1-163959939,S3,India,selective_v1,0,120,1,23,0,24,0.16836571599992567,24,49,728,20,3.0,619,0.1717127319999463,0,623,623,623,108,1,1,60,1,0,0.23359329899994918
s1_1000,S1-853088463,S2,India,selective_v1,0,45,6,8,8,14,0.028445767000221167,23,47,640,18,1.0,449,0.029645587000004525,0,456,456,456,87,1,1,60,0,0,0.07134913000004417
s1_1000,S1-853088463,S3,India,selective_v1,0,45,6,8,8,14,0.03362069499996778,23,47,507,21,2.0,331,0.034782411999913165,1,342,341,342,85,1,1,60,1,1,0.06469284500008143
s1_1000,S1-419879346,S2,India,selective_v1,0,78,15,27,16,42,0.054003522999892084,20,40,606,14,6.0,558,0.055309308999994755,0,558,558,558,108,1,1,60,1,0,0.1105249189999995
s1_1000,S1-419879346,S3,India,selective_v1,0,78,15,26,16,41,0.053326758000252994,21,42,605,15,6.0,553,0.05472777800002859,1,553,553,554,101,1,1,60,2,1,0.10119285500002206
s1_1000,S1-614934580,S2,US,selective_v1,0,45,0,4,0,4,0.029953197999702752,24,50,263,13,4.0,205,0.03130090299998756,0,222,222,222,85,1,1,60,1,0,0.049003915000071174
s1_1000,S1-614934580,S3,US,selective_v1,0,45,1,7,0,8,0.04874508600005356,24,50,446,16,6.0,320,0.050073389000090174,0,341,341,341,108,1,1,60,1,0,0.07507928999996238
s1_1000,S1-151748140,S2,India,selective_v1,0,120,10,33,0,43,0.09670141699962187,24,48,633,18,6.0,548,0.09938423800008422,5,548,548,553,100,1,1,60,2,5,0.1558659610000177
s1_1000,S1-151748140,S3,India,selective_v1,0,120,6,34,0,40,0.11551242600000933,24,48,918,19,4.0,808,0.11869420600010017,11,819,808,819,79,1,1,60,1,11,0.18329161199994815
s1_1000,S1-150168984,S2,India,selective_v1,0,55,10,16,10,26,0.04698783299988918,19,38,416,12,7.0,385,0.04803506899997956,5,390,385,390,114,1,1,60,1,5,0.08262933799994698
s1_1000,S1-150168984,S3,India,selective_v1,0,55,10,15,10,25,0.0661126699998249,20,41,521,13,7.0,451,0.06724986000006083,7,492,485,492,104,1,1,60,1,7,0.11508764799998517
s1_1000,S1-905791445,S2,US,selective_v1,0,21,0,2,0,2,0.025977986000157216,19,39,384,18,1.0,261,0.026621611999985362,5,294,289,294,89,1,1,60,5,5,0.05256345399993734
s1_1000,S1-905791445,S3,US,selective_v1,0,21,0,2,0,2,0.025746382000306767,19,39,365,18,1.0,279,0.02637624200008304,4,310,306,310,97,1,1,60,3,4,0.05272406400001728
s1_1000,S1-945761456,S2,US,selective_v1,0,36,1,0,2,1,0.020047426000019186,24,48,272,15,2.0,250,0.021232238000038706,0,250,250,250,113,1,1,60,1,0,0.04302120600004855
s1_1000,S1-945761456,S3,US,selective_v1,0,36,3,0,4,3,0.02645964599958006,24,48,311,20,4.0,271,0.027573211999992964,1,272,271,272,116,1,1,60,1,1,0.04780770900003972
s1_1000,S1-321236077,S2,India,selective_v1,0,91,3,12,0,15,0.09471189600003527,24,50,450,21,3.0,320,0.09726909700009401,1,336,335,336,86,1,1,60,2,1,0.12850688699995771
s1_1000,S1-321236077,S3,India,selective_v1,0,91,0,11,0,11,0.028197906000059447,24,50,514,20,4.0,367,0.030912761999957183,1,383,382,383,90,1,1,60,2,1,0.0645467250000138
s1_1000,S1-174693204,S2,US,selective_v1,0,21,1,2,0,3,0.020876871999917057,18,38,241,16,2.0,159,0.021470669999985148,1,185,184,185,78,1,1,60,1,1,0.043551637999939885
s1_1000,S1-174693204,S3,US,selective_v1,0,21,1,2,0,3,0.023672148000173365,18,38,319,16,2.0,184,0.02433351100000891,3,214,211,214,75,1,1,60,5,3,0.04275792700002512
s1_1000,S1-320198412,S2,India,selective_v1,0,55,10,11,12,21,0.021224993999908293,22,45,586,17,5.0,431,0.022423848000016733,5,441,436,441,107,1,1,60,3,5,0.059835233000058
s1_1000,S1-320198412,S3,India,selective_v1,0,55,6,19,10,25,0.0278585670001803,20,41,509,17,3.0,399,0.028935415999967518,8,414,406,414,109,1,1,60,4,8,0.06699554400006491
s1_1000,S1-936476958,S2,US,selective_v1,0,15,0,1,0,1,0.02155149400027767,14,29,229,10,1.0,202,0.022034609999991517,1,217,216,217,81,1,1,60,2,1,0.040247206000003644
s1_1000,S1-936476958,S3,US,selective_v1,0,15,0,1,0,1,0.022792529000071227,14,29,249,10,1.0,231,0.023264268000048105,0,239,239,239,81,1,1,60,1,0,0.04152853200002937
s1_1000,S1-238039681,S2,US,selective_v1,0,15,3,3,0,6,0.02314119699974526,9,18,382,7,2.0,338,0.023612590999960048,53,338,338,391,151,1,1,60,1,48,0.05892428300001029
s1_1000,S1-238039681,S3,US,selective_v1,0,15,3,3,0,6,0.022456984999962515,9,18,265,6,3.0,245,0.02286879999996927,82,245,245,327,149,1,1,60,4,53,0.05245444199999838
s1_1000,S1-977335915,S2,India,selective_v1,0,28,3,7,2,10,0.012357857999973021,16,32,153,12,4.0,131,0.012852636999923561,0,131,131,131,79,1,1,60,2,0,0.026106842999979563
s1_1000,S1-977335915,S3,India,selective_v1,0,28,3,6,2,9,0.02137711000023046,17,34,301,13,4.0,231,0.022032652000007147,0,231,231,231,76,1,1,60,3,0,0.04291125899999315
s1_1000,S1-619845474,S2,India,selective_v1,0,78,15,18,12,33,0.028555456000390222,24,49,755,20,4.0,371,0.03027156300004208,0,375,375,375,93,1,1,60,3,0,0.07061037400001169
s1_1000,S1-619845474,S3,India,selective_v1,0,78,15,18,12,33,0.030715510999925755,24,49,720,21,2.0,438,0.032433025000045745,2,443,441,443,100,1,1,60,4,2,0.06928106999998818
s1_1000,S1-261965094,S2,US,selective_v1,0,21,0,0,0,0,0.0326666930002375,21,43,30,7,1.0,18,0.033232461000011426,4,20,20,24,24,0,0,24,1,4,0.03992048199995679
s1_1000,S1-261965094,S3,US,selective_v1,0,21,0,3,0,3,0.03464999899995291,18,37,137,11,3.0,109,0.0351855589999559,5,111,110,115,85,1,1,60,2,5,0.0501272210000252
s1_1000,S1-693690841,S2,US,selective_v1,0,21,1,4,0,5,0.02798769300022741,16,32,210,12,2.0,199,0.02855168999997204,0,199,199,199,101,1,1,60,3,0,0.046095539000020835
s1_1000,S1-693690841,S3,US,selective_v1,0,21,1,4,0,5,0.03031623399988348,16,33,264,14,2.0,195,0.0308875519999674,1,233,232,233,103,1,1,60,3,1,0.04921055499994509
s1_1000,S1-717391267,S2,US,selective_v1,0,28,1,4,2,5,0.04755273499995383,21,42,406,18,3.0,359,0.04843293800001902,11,359,359,370,104,1,1,60,1,11,0.07534197600000425
s1_1000,S1-717391267,S3,US,selective_v1,0,28,1,4,2,5,0.04861756600030276,21,42,441,15,3.0,409,0.04956085000003441,5,409,409,414,99,1,1,60,0,5,0.07875685399994836
s1_1000,S1-783653290,S2,India,selective_v1,0,120,10,15,0,25,0.05230897599983564,24,50,350,23,0.0,282,0.055450983000014276,1,289,288,289,93,1,1,60,1,1,0.08224664399995163
s1_1000,S1-783653290,S3,India,selective_v1,0,120,10,20,0,30,0.04587294700024813,24,49,447,18,0.0,424,0.04893458799995187,2,430,428,430,91,1,1,60,3,2,0.08350161299995307
s1_1000,S1-953535957,S2,US,selective_v1,0,28,0,8,2,8,0.09324205099972005,18,36,646,16,2.0,582,0.09407942899997579,18,600,582,600,101,1,1,60,3,18,0.1378156369999033
s1_1000,S1-953535957,S3,US,selective_v1,0,28,0,9,2,9,0.09131476200002453,17,34,693,15,2.0,610,0.09216995700001007,26,636,610,636,100,1,1,60,1,26,0.14636402300004647
s1_1000,S1-959204160,S2,US,selective_v1,0,28,1,4,2,5,0.08496604300012223,21,42,384,15,6.0,343,0.08587952099992435,2,345,343,345,108,1,1,60,3,2,0.118997228000012
s1_1000,S1-959204160,S3,US,selective_v1,0,28,1,6,2,7,0.08073930500017923,19,38,417,15,4.0,384,0.08154134699998394,1,385,384,385,115,1,1,60,3,1,0.1098268300000882
s1_1000,S1-511725706,S2,US,selective_v1,0,15,0,1,0,1,0.0398750139997901,14,29,329,12,2.0,215,0.04036251100001209,29,278,249,278,93,1,1,60,4,29,0.065296930000045
s1_1000,S1-511725706,S3,US,selective_v1,0,15,0,1,0,1,0.04502877400000216,14,28,155,11,3.0,107,0.04548643400005403,27,134,107,134,74,1,1,60,2,27,0.05885510100006286
s1_1000,S1-104251787,S2,US,selective_v1,0,36,1,2,2,3,0.016876466000098844,24,49,317,15,2.0,264,0.017941908000011608,0,283,283,283,107,1,1,60,2,0,0.043433092999976
s1_1000,S1-104251787,S3,US,selective_v1,0,36,3,3,4,6,0.02551440299987462,24,49,540,20,4.0,408,0.02664704900007564,4,435,431,435,107,1,1,60,3,4,0.058886764000021685
s1_1000,S1-961200002,S2,India,selective_v1,0,36,10,10,4,20,0.01863758200022403,12,24,303,10,2.0,228,0.019142626999951062,2,230,228,230,79,1,1,60,4,2,0.03804947199989783
s1_1000,S1-961200002,S3,India,selective_v1,0,45,10,15,6,25,0.0140877530002399,14,29,284,14,0.0,204,0.014641669000070578,6,211,205,211,78,1,1,60,2,6,0.03386118800005988
s1_1000,S1-18267845,S2,India,selective_v1,0,55,10,5,0,15,0.029399519000207874,24,50,190,9,14.0,146,0.03065920200003802,0,157,157,157,59,0,0,59,1,0,0.048818944000004194
s1_1000,S1-18267845,S3,India,selective_v1,0,55,10,15,10,25,0.028723806000130025,20,42,323,11,9.0,250,0.029667503000041506,0,265,265,265,70,1,1,60,2,0,0.05299768499992297
s1_1000,S1-104565081,S2,US,selective_v1,0,15,1,0,0,1,0.02442977700013671,14,28,447,13,1.0,384,0.025085762999992767,5,389,384,389,91,1,1,60,2,5,0.055368907000001855
s1_1000,S1-104565081,S3,US,selective_v1,0,15,1,0,0,1,0.02013336000027266,14,28,443,13,1.0,381,0.02078521000009914,6,387,381,387,98,1,1,60,3,6,0.05310277900002802
s1_1000,S1-820439105,S2,US,selective_v1,0,21,1,3,0,4,0.015308399000105055,17,35,165,11,1.0,96,0.015763312999979462,0,114,114,114,77,1,1,60,0,0,0.030022141000017655
s1_1000,S1-820439105,S3,US,selective_v1,0,21,1,4,0,5,0.013601053999991564,16,33,226,16,0.0,121,0.014065703000028407,3,138,135,138,80,1,1,60,2,3,0.028411320000031992
s1_1000,S1-957128444,S2,India,selective_v1,0,78,6,19,0,25,0.07058226399988143,24,49,732,16,7.0,583,0.07257793599990237,5,589,584,589,117,1,1,60,1,5,0.12477929300007418
s1_1000,S1-957128444,S3,India,selective_v1,0,78,3,21,0,24,0.0723878359997343,24,49,627,18,6.0,536,0.07437260800008971,2,543,541,543,83,1,1,60,4,2,0.1147670500000686
s1_1000,S1-556228489,S2,US,selective_v1,0,36,0,5,2,5,0.037828200000376455,24,48,455,21,3.0,392,0.03900720399997226,1,393,392,393,85,1,1,60,2,1,0.06672706699998798
s1_1000,S1-556228489,S3,US,selective_v1,0,36,0,5,2,5,0.03949873699980344,24,48,511,21,3.0,425,0.04074454700003116,1,426,425,426,85,1,1,60,1,1,0.07001706599999125
s1_1000,S1-459637274,S2,US,selective_v1,0,28,1,4,2,5,0.02550989699989259,21,43,359,18,2.0,308,0.02625910099993689,0,330,330,330,106,1,1,60,1,0,0.051683662999948865
s1_1000,S1-459637274,S3,US,selective_v1,0,28,1,4,2,5,0.026652131000219015,21,43,386,19,2.0,302,0.02748254900006941,1,326,325,326,110,1,1,60,3,1,0.053624711999987085
s1_1000,S1-359255885,S2,US,selective_v1,0,36,1,2,2,3,0.03723413999989589,24,48,473,21,2.0,428,0.0384938179998926,0,428,428,428,98,1,1,60,1,0,0.07800103199997466
s1_1000,S1-359255885,S3,US,selective_v1,0,36,1,2,2,3,0.041183328999977675,24,48,515,22,2.0,454,0.04244181900003241,0,454,454,454,94,1,1,60,2,0,0.07336142399992696
s1_1000,S1-154667224,S2,US,selective_v1,0,28,1,6,2,7,0.04630829899974742,19,38,484,16,1.0,449,0.04715184399992722,0,449,449,449,109,1,1,60,1,0,0.0828844110000091
s1_1000,S1-154667224,S3,US,selective_v1,0,28,1,6,2,7,0.045411256999955185,19,38,545,18,1.0,493,0.046267736000004334,3,496,493,496,112,1,1,60,1,3,0.08237768399999368
s1_1000,S1-261527017,S2,India,selective_v1,0,105,28,8,0,36,0.03961223300007077,24,50,583,19,5.0,474,0.04206976900002246,0,504,504,504,94,1,1,60,2,0,0.092601252999998
s1_1000,S1-261527017,S3,India,selective_v1,0,105,21,15,0,36,0.04677467900012289,24,50,585,20,3.0,501,0.049175398999977915,1,521,520,521,101,1,1,60,1,1,0.08786493200000223
s1_1000,S1-96504376,S2,India,selective_v1,0,78,21,14,20,35,0.05046242000037182,23,46,1019,18,5.0,817,0.05222499699993932,1,818,817,818,110,1,1,60,1,1,0.12450929700003144
s1_1000,S1-96504376,S3,India,selective_v1,0,78,15,25,16,40,0.060106172000132574,22,44,846,17,5.0,682,0.06164488199999596,11,693,682,693,109,1,1,60,3,11,0.13803447999998752
s1_1000,S1-876664844,S2,India,selective_v1,0,78,10,11,0,21,0.035400537000100485,24,50,503,15,9.0,338,0.037296489999903315,8,397,389,397,109,1,1,60,2,8,0.06898442699991847
s1_1000,S1-876664844,S3,India,selective_v1,0,78,6,17,0,23,0.0709867639999402,24,50,805,18,4.0,620,0.07312663499999417,13,667,654,667,113,1,1,60,2,13,0.12673901900006967
s1_1000,S1-563178896,S2,US,selective_v1,0,28,1,0,4,1,0.03512352500001725,23,47,320,14,5.0,285,0.036051050999958534,0,307,307,307,116,1,1,60,1,0,0.06312126600005286
s1_1000,S1-563178896,S3,US,selective_v1,0,28,1,0,4,1,0.03470917200002077,23,47,357,13,5.0,318,0.03570107899997765,2,330,328,330,111,1,1,60,2,2,0.06375406400002248
s1_1000,S1-797058141,S2,India,selective_v1,0,78,6,18,0,24,0.03487404500003777,24,51,763,20,3.0,342,0.0368466449999687,2,442,440,442,97,1,1,60,3,2,0.0807850439999811
s1_1000,S1-797058141,S3,India,selective_v1,0,78,3,19,0,22,0.04541372500023044,24,50,651,22,2.0,535,0.04747133800003667,1,564,563,564,94,1,1,60,2,1,0.08662101300001268
s1_1000,S1-339006820,S2,US,selective_v1,0,28,1,6,2,7,0.05691285500017784,19,38,534,18,1.0,509,0.05779804500002683,0,509,509,509,113,1,1,60,1,0,0.09460862200000975
s1_1000,S1-339006820,S3,US,selective_v1,0,28,1,6,2,7,0.061827681000181656,19,38,584,18,1.0,532,0.06272182999998677,0,532,532,532,115,1,1,60,4,0,0.10393110600000455
s1_1000,S1-869737087,S2,US,selective_v1,0,28,1,0,4,1,0.007353235000095992,23,50,447,18,1.0,12,0.008242785999982516,1,342,341,342,104,1,1,60,3,1,0.04186409500005084
s1_1000,S1-869737087,S3,US,selective_v1,0,28,1,0,4,1,0.007582740999737325,23,49,496,22,1.0,43,0.008449870999925224,1,345,344,345,110,1,1,60,4,1,0.03614461400002256
s1_1000,S1-435186502,S2,India,selective_v1,0,78,6,25,0,31,0.060140296000099625,24,49,699,16,8.0,607,0.06198389300004692,7,612,609,616,105,1,1,60,1,7,0.11415809099992202
s1_1000,S1-435186502,S3,India,selective_v1,0,78,6,22,0,28,0.06934193699999014,24,49,601,16,8.0,543,0.07112458899996454,13,561,548,561,114,1,1,60,1,13,0.11658363399999416
s1_1000,S1-441272693,S2,India,selective_v1,0,28,3,3,2,6,0.004267219999974259,20,43,156,20,0.0,49,0.004831377999948927,1,70,69,70,59,0,0,59,3,1,0.016579517999957716
s1_1000,S1-441272693,S3,India,selective_v1,0,28,1,4,2,5,0.010440162999884706,21,45,137,18,0.0,81,0.0110530160000053,0,98,98,98,77,1,1,60,3,0,0.02665305300001819
s1_1000,S1-30764726,S2,India,selective_v1,0,91,6,24,0,30,0.06167648399969039,24,51,515,14,7.0,419,0.06374714499997935,2,453,451,453,88,1,1,60,4,2,0.10447513300005085
s1_1000,S1-30764726,S3,India,selective_v1,0,91,6,21,0,27,0.08056824299978871,24,51,786,17,6.0,675,0.08294351400002142,1,715,714,715,94,1,1,60,1,1,0.1441570719999845
s1_1000,S1-790599481,S2,US,selective_v1,0,28,0,2,3,2,0.07115290599995205,23,48,257,15,3.0,162,0.07204599299996062,0,209,209,209,94,1,1,60,3,0,0.09363351399997555
s1_1000,S1-790599481,S3,US,selective_v1,0,28,3,0,3,3,0.2432164499996361,22,45,220,12,6.0,135,0.24417450399994323,0,139,139,139,71,1,1,60,2,0,0.2595198879999998
s1_1000,S1-487168388,S2,US,selective_v1,0,45,3,17,4,20,0.17762884400030998,21,42,902,18,3.0,691,0.17879883400007657,0,691,691,691,111,1,1,60,1,0,0.2263711359998979
s1_1000,S1-487168388,S3,US,selective_v1,0,45,3,17,4,20,0.16427734700005203,21,42,1067,17,3.0,813,0.16560311199998523,0,813,813,813,114,1,1,60,0,0,0.21766289499998948
s1_1000,S1-975764386,S2,US,selective_v1,0,36,0,3,2,3,0.05177061600011257,24,49,537,20,4.0,439,0.05305016600004819,0,464,464,464,105,1,1,60,3,0,0.09104312900001332
s1_1000,S1-975764386,S3,US,selective_v1,0,36,0,3,2,3,0.06193927300000723,24,49,680,19,4.0,560,0.0632965710000235,0,585,585,585,99,1,1,60,1,0,0.10876217899999574
s1_1000,S1-264595908,S2,US,selective_v1,0,21,1,4,0,5,0.09826786199982962,16,33,141,11,4.0,76,0.09876079399998616,0,124,124,124,90,1,1,60,1,0,0.11442241800000374
s1_1000,S1-264595908,S3,US,selective_v1,0,21,1,6,0,7,0.09485262800001237,14,29,159,7,2.0,109,0.09529593299998851,0,152,152,152,99,1,1,60,0,0,0.1138422700000774
s1_1000,S1-297094958,S2,US,selective_v1,0,28,0,3,3,3,0.044544027000483766,22,46,643,21,1.0,363,0.04561768500002472,1,567,566,567,107,1,1,60,1,1,0.08412293399999271
s1_1000,S1-297094958,S3,US,selective_v1,0,28,0,4,2,4,0.03669501899946681,22,46,652,21,1.0,327,0.03757286799998383,0,577,577,577,95,1,1,60,2,0,0.08237147900001673
s1_1000,S1-100276475,S2,US,selective_v1,0,21,0,3,0,3,0.010625018999689928,18,37,333,18,0.0,147,0.011220480000019961,2,243,241,243,112,1,1,60,2,2,0.038383268999950815
s1_1000,S1-100276475,S3,US,selective_v1,0,21,0,3,0,3,0.008623317000001407,18,37,344,18,0.0,174,0.009205145999999331,2,272,270,272,111,1,1,60,2,2,0.031653712999968775
s1_1000,S1-439825849,S2,US,selective_v1,0,21,0,0,0,0,0.02582625900004132,21,43,256,20,0.0,163,0.026477623000005224,1,207,206,207,77,1,1,60,4,1,0.04484838899998067
s1_1000,S1-439825849,S3,US,selective_v1,0,21,0,0,0,0,0.025776429999723405,21,43,249,21,0.0,177,0.026426560999993853,0,220,220,220,79,1,1,60,3,0,0.04493888899992271
s1_1000,S1-8781400,S2,US,selective_v1,0,28,1,6,2,7,0.07312541800024519,19,38,642,15,0.0,612,0.07425377300000946,0,612,612,612,109,1,1,60,2,0,0.1203159599999708
s1_1000,S1-8781400,S3,US,selective_v1,0,36,3,9,4,12,0.06815659800031426,20,42,663,17,2.0,611,0.06950280400008069,1,613,612,613,111,1,1,60,2,1,0.11586406699996132
s1_1000,S1-796931678,S2,US,selective_v1,0,28,3,0,3,3,0.04578492299992831,22,45,678,13,4.0,480,0.046823216999996475,0,571,571,571,119,1,1,60,0,0,0.08299021499999526
s1_1000,S1-796931678,S3,US,selective_v1,0,28,3,0,3,3,0.04434476400001586,22,45,665,15,4.0,477,0.045355736000033176,1,561,560,561,118,1,1,60,0,1,0.08405670899992401
s1_1000,S1-13128280,S2,India,selective_v1,0,120,36,19,0,55,0.05407461399988733,24,48,666,14,6.0,591,0.056501586999957,3,594,591,594,112,1,1,60,0,3,0.10393024699999387
s1_1000,S1-13128280,S3,India,selective_v1,0,120,21,35,0,56,0.07764545899965469,24,48,937,19,4.0,767,0.08023263200004749,7,774,767,774,108,1,1,60,1,7,0.14075442000000749
s1_1000,S1-1186347,S2,India,selective_v1,0,78,15,38,12,53,0.047743105000222386,13,26,599,11,2.0,522,0.048663465999993605,7,524,522,529,90,1,1,60,1,7,0.0957052469999553
s1_1000,S1-1186347,S3,India,selective_v1,0,78,6,44,12,50,0.07142110100005539,16,32,627,12,3.0,572,0.07254120900006455,5,572,572,577,93,1,1,60,1,5,0.11377080299996578
s1_1000,S1-108034941,S2,US,selective_v1,0,45,10,17,6,27,0.02527780399987023,12,24,369,9,2.0,355,0.02590073700002904,67,358,355,422,154,1,1,60,3,52,0.057209108000051856
s1_1000,S1-108034941,S3,US,selective_v1,0,45,15,15,3,30,0.034293866000098205,12,24,637,10,0.0,553,0.035212420999982896,47,556,553,600,144,1,1,60,2,46,0.07961312299994461
s1_1000,S1-116182582,S2,India,selective_v1,0,91,15,37,19,52,0.03850505000036719,20,41,551,14,5.0,447,0.03980490300000383,1,489,488,489,106,1,1,60,2,1,0.08878634499990312
s1_1000,S1-116182582,S3,India,selective_v1,0,91,10,36,7,46,0.056901598999729686,24,49,647,17,7.0,520,0.05864152999993166,1,568,567,568,100,1,1,60,3,1,0.10565520199997991
s1_1000,S1-442885636,S2,India,selective_v1,0,66,21,15,13,36,0.021184360999995988,17,34,445,10,5.0,321,0.02221897300000819,0,321,321,321,101,1,1,60,0,0,0.04883475199994791
s1_1000,S1-442885636,S3,India,selective_v1,0,66,15,21,13,36,0.01901871400013988,17,34,425,13,4.0,348,0.020043808999957946,0,348,348,348,106,1,1,60,1,0,0.0483847699999842
s1_1000,S1-102330347,S2,US,selective_v1,0,15,1,2,0,3,0.01693092699997578,12,25,196,9,1.0,125,0.017315877999976692,11,171,160,171,87,1,1,60,2,11,0.03130259700003535
s1_1000,S1-102330347,S3,US,selective_v1,0,15,1,2,0,3,0.016496858000095926,12,25,244,7,1.0,163,0.01692391399990356,21,221,200,221,99,1,1,60,1,21,0.03486574299995482
s1_1000,S1-311565031,S2,India,selective_v1,0,66,0,7,0,7,0.030381320000287815,24,49,492,22,2.0,407,0.032498344000032375,0,413,413,413,103,1,1,60,3,0,0.07161476800001765
s1_1000,S1-311565031,S3,India,selective_v1,0,66,0,3,0,3,0.03698331500004315,24,50,748,16,1.0,661,0.039314189000037914,0,696,696,696,106,1,1,60,1,0,0.09178557899997486
s1_1000,S1-789958686,S2,US,selective_v1,0,28,1,8,2,9,0.03427667299990844,17,35,529,13,0.0,259,0.035011370000006536,2,496,496,498,112,1,1,60,0,2,0.07213267400004497
s1_1000,S1-789958686,S3,US,selective_v1,0,28,3,6,2,9,0.03395095999997011,17,35,619,14,0.0,307,0.03474580200008859,2,557,557,559,102,1,1,60,0,2,0.07303676000003634
s1_1000,S1-699248674,S2,US,selective_v1,0,21,1,2,0,3,0.01823684300018158,18,38,272,10,3.0,158,0.01882837899995593,0,233,233,233,116,1,1,60,0,0,0.045933360000049106
s1_1000,S1-699248674,S3,US,selective_v1,0,21,1,2,0,3,0.016830830999538193,18,38,343,15,3.0,203,0.01743104599995604,1,279,278,279,111,1,1,60,2,1,0.03815445899999759
s1_1000,S1-144816753,S2,India,selective_v1,0,120,6,34,0,40,0.07117801699996562,24,48,831,16,8.0,630,0.07406510900000285,6,630,630,636,103,1,1,60,1,6,0.1278787649999913
s1_1000,S1-144816753,S3,India,selective_v1,0,120,6,38,0,44,0.08041411400006382,24,48,1015,19,5.0,745,0.08332421700004033,15,750,745,760,111,1,1,60,3,15,0.14098011600003701
s1_1000,S1-272137225,S2,US,selective_v1,0,36,0,0,2,0,0.026494511000237253,24,49,331,23,1.0,198,0.027674423000007664,1,236,235,236,95,1,1,60,3,1,0.05119883899999422
s1_1000,S1-272137225,S3,US,selective_v1,0,36,0,0,2,0,0.024673480000160453,24,49,299,18,1.0,226,0.025921726999968087,1,282,281,282,103,1,1,60,1,1,0.04917631600005734
s1_1000,S1-522017122,S2,US,selective_v1,0,28,3,8,2,11,0.028828092000367178,15,31,521,15,0.0,278,0.029462278999972114,5,433,428,433,112,1,1,60,2,5,0.07084221900004195
s1_1000,S1-522017122,S3,US,selective_v1,0,28,3,9,2,12,0.02449266000019179,14,29,372,13,0.0,182,0.02501607400006378,0,315,315,315,106,1,1,60,1,0,0.05109436200007167
s1_1000,S1-100167734,S2,US,selective_v1,0,28,0,3,3,3,0.07812346100001832,22,46,614,10,0.0,367,0.07906553100008296,0,587,587,587,117,1,1,60,0,0,0.12612317799994344
s1_1000,S1-100167734,S3,US,selective_v1,0,28,0,3,3,3,0.07923906199994235,22,46,462,20,2.0,127,0.08013342100002774,2,393,391,393,95,1,1,60,2,2,0.13808770400009962
s1_1000,S1-479725005,S2,US,selective_v1,0,21,0,0,0,0,0.026588804000198252,21,44,247,18,2.0,135,0.027306794000082846,0,171,171,171,76,1,1,60,3,0,0.04757268599996678
s1_1000,S1-479725005,S3,US,selective_v1,0,21,0,0,0,0,0.02567698399980145,21,44,253,14,2.0,148,0.02638350199993056,2,185,183,185,78,1,1,60,3,2,0.043444236999903296
s1_1000,S1-743531791,S2,US,selective_v1,0,45,3,15,7,18,0.05509932999996181,20,40,570,15,4.0,442,0.05622612599995591,1,443,442,443,106,1,1,60,2,1,0.09092734099999689
s1_1000,S1-743531791,S3,US,selective_v1,0,45,3,15,7,18,0.05435883799975727,20,40,566,16,4.0,434,0.055425271999979486,2,436,434,436,115,1,1,60,2,2,0.09252419400002054
s1_1000,S1-652207412,S2,US,selective_v1,0,15,0,1,0,1,0.032087629999864475,14,28,184,10,2.0,165,0.03255358699993849,13,178,165,178,79,1,1,60,1,13,0.048695652999981576
s1_1000,S1-652207412,S3,US,selective_v1,0,15,0,1,0,1,0.035931143000084376,14,28,255,11,2.0,232,0.036443838999957734,12,244,232,244,91,1,1,60,2,12,0.05548471299994162
s1_1000,S1-185985394,S2,US,selective_v1,0,36,0,2,4,2,0.06841432399971836,24,49,344,12,1.0,220,0.06951906000006147,0,328,328,328,94,1,1,60,0,0,0.09122388699995554
s1_1000,S1-185985394,S3,US,selective_v1,0,36,1,5,6,6,0.0761361439998609,24,49,620,18,2.0,448,0.07754310600000736,0,556,556,556,88,1,1,60,0,0,0.11387053300006755
s1_1000,S1-937018924,S2,US,selective_v1,0,28,0,3,3,3,0.045209135000277456,22,45,433,22,0.0,254,0.04606344199999057,2,372,370,372,105,1,1,60,2,2,0.07287896500008628
s1_1000,S1-937018924,S3,US,selective_v1,0,28,0,3,3,3,0.04860056000018176,22,45,460,19,0.0,276,0.04945810399999573,0,414,414,414,109,1,1,60,1,0,0.08485023999992336
s1_1000,S1-945498259,S2,India,selective_v1,0,120,3,11,0,14,0.06393036499980553,24,48,700,21,2.0,618,0.06750599399993007,0,618,618,618,118,1,1,60,1,0,0.12656174300002476
s1_1000,S1-945498259,S3,India,selective_v1,0,120,1,14,0,15,0.05772331499986194,24,48,673,24,0.0,581,0.061357959000019946,4,581,581,585,116,1,1,60,1,4,0.10879655399992316
s1_1000,S1-631614917,S2,India,selective_v1,0,105,10,22,0,32,0.05840012199985267,24,48,457,10,12.0,414,0.06088863100001163,7,421,414,421,80,1,1,60,0,7,0.10144228599995131
s1_1000,S1-631614917,S3,India,selective_v1,0,105,6,21,0,27,0.08401988299976892,24,48,794,15,9.0,693,0.0867989559999387,10,703,693,703,78,1,1,60,2,10,0.14379746400004478
s1_1000,S1-961548696,S2,India,selective_v1,0,105,10,28,0,38,0.05521048500008874,24,48,889,16,8.0,713,0.05774140900007296,1,714,713,714,115,1,1,60,2,1,0.11899819600000683
s1_1000,S1-961548696,S3,India,selective_v1,0,105,6,26,0,32,0.05808335399990483,24,48,709,15,9.0,619,0.06069780199993602,0,619,619,619,111,1,1,60,3,0,0.11333751100005429
s1_1000,S1-341514955,S2,US,selective_v1,0,21,1,2,0,3,0.04680960399969081,18,36,243,14,4.0,228,0.04743825699995341,0,228,228,228,99,1,1,60,2,0,0.06646231700005956
s1_1000,S1-341514955,S3,US,selective_v1,0,21,1,2,0,3,0.04841710799973953,18,36,142,13,5.0,110,0.04894702000001416,1,111,110,111,85,1,1,60,2,1,0.060341687999994065
s1_1000,S1-383744417,S2,US,selective_v1,0,45,3,12,8,15,0.052233827000009114,22,44,462,14,6.0,422,0.05328941699997358,53,424,422,475,144,1,1,60,2,49,0.08568121199994039
s1_1000,S1-383744417,S3,US,selective_v1,0,45,6,18,6,24,0.051982629999770325,15,30,531,10,5.0,455,0.05279796499996792,52,459,455,507,139,1,1,60,1,48,0.0869062589999885
s1_1000,S1-499340462,S2,India,selective_v1,0,66,10,10,0,20,0.03976665599986973,24,48,665,12,12.0,554,0.041387236999980814,6,560,554,560,115,1,1,60,2,6,0.08288976500000445
s1_1000,S1-499340462,S3,India,selective_v1,0,66,6,13,0,19,0.045768972000132635,24,48,550,12,11.0,425,0.04744524000000183,9,434,425,434,95,1,1,60,0,9,0.08123236999995243
s1_1000,S1-846958059,S2,US,selective_v1,0,55,3,3,0,6,0.04455311399999573,24,49,390,17,4.0,315,0.04627672399999483,1,346,345,346,111,1,1,60,2,1,0.07584003799991024
s1_1000,S1-846958059,S3,US,selective_v1,0,66,6,4,0,10,0.054071803000169893,24,50,574,21,3.0,421,0.056058757999949194,1,454,453,454,103,1,1,60,3,1,0.0920713309999428
s1_1000,S1-351883628,S2,India,selective_v1,0,36,1,2,4,3,0.02251231099967299,24,49,275,21,3.0,175,0.023601284000051237,1,185,184,185,78,1,1,60,2,1,0.04491248700003325
s1_1000,S1-351883628,S3,India,selective_v1,0,36,0,2,2,2,0.029302003999760018,24,49,333,24,0.0,256,0.030397362000030625,0,265,265,265,78,1,1,60,1,0,0.05630593000000772
s1_1000,S1-518262604,S2,India,selective_v1,0,55,3,7,0,10,0.023005372999705287,24,50,401,21,2.0,229,0.02448649600000863,0,261,261,261,79,1,1,60,1,0,0.04912637099994299
s1_1000,S1-518262604,S3,India,selective_v1,0,55,1,7,0,8,0.03639860100020087,24,50,442,19,2.0,312,0.037969920000023194,0,342,342,342,78,1,1,60,2,0,0.0664205729999594
s1_1000,S1-356624931,S2,US,selective_v1,0,36,3,3,4,6,0.03468890000033298,24,51,137,13,7.0,35,0.0355231039999353,2,75,73,75,75,1,1,60,1,2,0.04620484999998098
s1_1000,S1-356624931,S3,US,selective_v1,0,36,3,5,5,8,0.017446137000092676,23,49,139,18,5.0,29,0.018234344000006786,1,64,63,64,64,1,1,60,3,1,0.02801473600004556
s1_1000,S1-480729531,S2,US,selective_v1,0,28,1,2,3,3,0.030443047999824557,22,46,524,20,2.0,393,0.03139629600002536,1,426,425,426,97,1,1,60,2,1,0.061776024999971924
s1_1000,S1-480729531,S3,US,selective_v1,0,28,1,2,3,3,0.024964724000255956,22,46,388,19,3.0,276,0.025802477000070212,2,304,302,304,87,1,1,60,3,2,0.04576597300001595
s1_1000,S1-26256799,S2,US,selective_v1,0,36,1,4,2,5,0.09045753099985632,24,49,737,19,0.0,500,0.09169136299999536,0,674,674,674,97,1,1,60,0,0,0.14504020900005798
s1_1000,S1-26256799,S3,US,selective_v1,0,36,1,4,2,5,0.07997803199998543,24,49,689,23,1.0,426,0.08128824400000667,1,609,608,609,93,1,1,60,2,1,0.12401208700009647
s1_1000,S1-614260199,S2,US,selective_v1,0,28,1,4,3,5,0.05587837499967918,20,40,496,16,4.0,440,0.0567572840000139,7,447,440,447,105,1,1,60,3,7,0.087319535000006
s1_1000,S1-614260199,S3,US,selective_v1,0,28,1,4,2,5,0.06257567500006189,21,42,556,18,3.0,506,0.06352569099999528,10,516,506,516,112,1,1,60,2,10,0.10033543700001246
s1_1000,S1-942376087,S2,India,selective_v1,0,105,3,13,0,16,0.046941990000277656,24,51,639,21,3.0,558,0.050021888000060244,2,562,560,562,77,1,1,60,3,2,0.10186629300005734
s1_1000,S1-942376087,S3,India,selective_v1,0,105,3,9,0,12,0.05571280899971498,24,51,518,21,3.0,458,0.05891128500002196,2,462,460,462,77,1,1,60,4,2,0.09894554099992092
s1_1000,S1-369680649,S2,India,selective_v1,0,105,21,21,0,42,0.04880194599991228,24,49,584,17,5.0,503,0.051041968000049565,0,519,519,519,104,1,1,60,0,0,0.09787338600006024
s1_1000,S1-369680649,S3,India,selective_v1,0,105,21,21,0,42,0.04819143899987921,24,49,457,17,6.0,384,0.05042589200002112,0,402,402,402,106,1,1,60,0,0,0.08267570099997101
s1_1000,S1-214898305,S2,US,selective_v1,0,21,1,0,0,1,0.01610867799990956,20,41,279,20,0.0,234,0.016776089999893884,1,237,236,237,83,1,1,60,2,1,0.03521522500000174
s1_1000,S1-214898305,S3,US,selective_v1,0,21,1,0,0,1,0.013423465000187207,20,41,252,15,0.0,238,0.014016991000062262,0,239,239,239,81,1,1,60,1,0,0.030982491000031587
s1_1000,S1-991843051,S2,India,selective_v1,0,120,6,20,0,26,0.04963337500009857,24,50,768,24,0.0,654,0.05294976600009704,1,698,697,698,90,1,1,60,1,1,0.11135710199994264
s1_1000,S1-991843051,S3,India,selective_v1,0,120,0,21,0,21,0.05677682099997128,24,50,532,23,1.0,440,0.06004853800004639,1,498,497,498,113,1,1,60,2,1,0.1009552299999541
s1_1000,S1-494187676,S2,US,selective_v1,0,45,1,4,0,5,0.03379249599970535,24,50,749,18,1.0,424,0.03549427999996624,0,659,659,659,110,1,1,60,2,0,0.08472828799995114
s1_1000,S1-494187676,S3,US,selective_v1,0,45,1,6,3,7,0.04384155399998235,24,48,466,19,3.0,385,0.04525057499995455,4,389,385,389,100,1,1,60,3,4,0.07440820700003314
s1_1000,S1-380932102,S2,US,selective_v1,0,36,3,2,4,5,0.08083729599979961,24,50,1150,22,2.0,1034,0.08253315800004657,4,1038,1034,1038,77,1,1,60,2,4,0.14609690600002523
s1_1000,S1-380932102,S3,US,selective_v1,0,28,3,3,2,6,0.08564873999989686,20,40,1379,19,1.0,1285,0.08739365199994609,7,1292,1285,1292,80,1,1,60,1,7,0.1631871689999116
s1_1000,S1-37805904,S2,US,selective_v1,0,15,0,1,0,1,0.021616586999698484,14,29,144,13,1.0,90,0.021997806999934255,1,109,109,110,65,1,1,60,3,1,0.03378280399999767
s1_1000,S1-37805904,S3,US,selective_v1,0,15,0,1,0,1,0.024201144000130625,14,29,179,13,1.0,149,0.02464948400006506,0,162,162,162,89,1,1,60,1,0,0.039529300000026524
s1_1000,S1-482910661,S2,US,selective_v1,0,15,0,0,0,0,0.012095597999973506,15,31,169,10,2.0,78,0.012491885999907026,1,140,139,140,105,1,1,60,3,1,0.02478236599995398
s1_1000,S1-482910661,S3,US,selective_v1,0,15,0,0,0,0,0.01261095499990006,15,31,179,13,2.0,84,0.013008207000098082,2,151,149,151,105,1,1,60,4,2,0.028045468999948753
s1_1000,S1-761935587,S2,US,selective_v1,0,28,1,0,4,1,0.019317635000220434,23,48,279,17,5.0,140,0.02013857999997981,1,233,232,233,87,1,1,60,2,1,0.04453980700009197
s1_1000,S1-761935587,S3,US,selective_v1,0,28,1,0,4,1,0.016775044000155503,23,48,275,18,5.0,145,0.0175530039999785,0,228,228,228,88,1,1,60,2,0,0.03476837400000932
s1_1000,S1-862207745,S2,India,selective_v1,0,36,1,2,3,3,0.02883139699986259,24,51,513,19,2.0,411,0.02999792000002799,0,453,453,453,81,1,1,60,2,0,0.06795291999992514
s1_1000,S1-862207745,S3,India,selective_v1,0,36,0,3,3,3,0.038033956000163016,24,51,326,19,2.0,224,0.03913260100000571,0,270,270,270,76,1,1,60,2,0,0.06651398799999697
s1_1000,S1-41147272,S2,India,selective_v1,0,120,6,8,0,14,0.054462340000100085,24,50,598,22,2.0,527,0.057994038000060755,2,536,536,538,106,1,1,60,2,2,0.0958536200000708
s1_1000,S1-41147272,S3,India,selective_v1,0,120,6,12,0,18,0.04517386800011991,24,50,769,22,0.0,655,0.04866682499994113,3,666,663,666,108,1,1,60,1,3,0.10459214500008329
s1_1000,S1-291933980,S2,US,selective_v1,0,28,1,2,3,3,0.04173102199979439,22,44,188,19,3.0,158,0.04247908800005007,1,159,158,159,96,1,1,60,1,1,0.05749265299994022
s1_1000,S1-291933980,S3,US,selective_v1,0,28,1,4,2,5,0.04141218899997057,21,42,231,20,1.0,167,0.0421456719999469,1,168,167,168,92,1,1,60,4,1,0.05887607799991201
s1_1000,S1-465564443,S2,US,selective_v1,0,21,0,1,0,1,0.025173923999886938,20,41,310,14,0.0,272,0.02586291000000074,0,292,292,292,80,1,1,60,1,0,0.05036320900001101
s1_1000,S1-465564443,S3,US,selective_v1,0,21,0,1,0,1,0.025798471000030077,20,41,367,20,0.0,274,0.026458832000002985,1,295,294,295,78,1,1,60,4,1,0.04885942200007776
s1_1000,S1-716529185,S2,US,selective_v1,0,21,0,0,0,0,0.024483398000256784,21,42,213,11,1.0,204,0.025136746999919524,0,204,204,204,80,1,1,60,1,0,0.04423457900008998
s1_1000,S1-716529185,S3,US,selective_v1,0,21,0,0,0,0,0.024579047000088394,21,42,311,20,1.0,247,0.025260477999950126,2,249,247,249,80,1,1,60,3,2,0.04613619999997809
s1_1000,S1-252815076,S2,US,selective_v1,0,36,1,6,5,7,0.08077351999986604,24,49,687,24,0.0,603,0.08211034099997505,0,620,620,620,90,1,1,60,1,0,0.13271428300004118
s1_1000,S1-252815076,S3,US,selective_v1,0,36,1,6,5,7,0.07647963000022173,24,49,688,23,1.0,595,0.07769003199996405,1,611,610,611,113,1,1,60,3,1,0.13487408100002085
s1_1000,S1-741530614,S2,US,selective_v1,0,10,0,0,0,0,0.00993834800010518,10,22,267,10,0.0,0,0.010195059000011497,2,238,236,238,64,1,1,60,3,2,0.030228289999968183
s1_1000,S1-741530614,S3,US,selective_v1,0,10,0,0,0,0,0.007233404000089649,10,23,322,10,0.0,0,0.007514333000017359,2,306,304,306,79,1,1,60,1,2,0.034820663999994395
s1_1000,S1-264006576,S2,India,selective_v1,0,120,15,21,0,36,0.019777925999619583,24,51,387,20,4.0,165,0.022393087999944328,0,303,303,303,107,1,1,60,1,0,0.050272582000047805
s1_1000,S1-264006576,S3,India,selective_v1,0,120,15,20,0,35,0.02154561200018179,24,52,514,19,4.0,164,0.024282329000016034,1,361,360,361,107,1,1,60,3,1,0.053337681000016346
s1_1000,S1-703314149,S2,India,selective_v1,0,105,15,18,0,33,0.05128369300018676,24,49,794,17,5.0,734,0.05416695700000673,0,743,743,743,98,1,1,60,1,0,0.11216618399998879
s1_1000,S1-703314149,S3,India,selective_v1,0,105,6,27,0,33,0.06664570299994921,24,49,925,22,2.0,776,0.06952303000002757,2,795,793,795,98,1,1,60,2,2,0.12374395999995613
s1_1000,S1-889530437,S2,US,selective_v1,0,28,1,4,2,5,0.050215318999789815,21,43,636,16,5.0,584,0.05152863599994362,6,596,594,600,105,1,1,60,4,6,0.09349985100004687
s1_1000,S1-889530437,S3,US,selective_v1,0,28,1,4,2,5,0.0498530600000322,21,43,350,14,7.0,295,0.05065477899995585,3,309,307,310,78,1,1,60,3,3,0.0739748440000767
s1_1000,S1-950047153,S2,US,selective_v1,0,21,0,5,0,5,0.053355361999706474,16,32,553,14,2.0,481,0.05406048400004693,1,482,481,482,91,1,1,60,1,1,0.08693493299995225
s1_1000,S1-950047153,S3,US,selective_v1,0,21,0,5,0,5,0.054356482999992295,16,32,608,14,2.0,548,0.05508299000007355,0,548,548,548,88,1,1,60,1,0,0.08747807500003546
s1_1000,S1-718541486,S2,US,selective_v1,0,55,3,3,0,6,0.05636002800031292,24,49,771,18,3.0,710,0.058225140999979885,0,712,712,712,117,1,1,60,1,0,0.10606857699997363
s1_1000,S1-718541486,S3,US,selective_v1,0,55,3,3,0,6,0.05293379199974879,24,49,775,20,3.0,697,0.0548114189999751,0,700,700,700,116,1,1,60,3,0,0.10388655600002039
s1_1000,S1-19172434,S2,US,selective_v1,0,36,1,4,3,5,0.060955040000180816,24,50,663,19,5.0,516,0.062213514999939434,2,552,550,552,77,1,1,60,2,2,0.10590137300005154
s1_1000,S1-19172434,S3,US,selective_v1,0,36,1,4,3,5,0.05929426599982435,24,50,519,18,6.0,441,0.060485321999976804,1,467,466,467,79,1,1,60,1,1,0.09164105299998937
s1_1000,S1-531268470,S2,US,selective_v1,0,15,0,1,0,1,0.020328186999904574,14,29,249,9,2.0,144,0.02076296799998545,0,232,232,232,91,1,1,60,1,0,0.03956261300004371
s1_1000,S1-531268470,S3,US,selective_v1,0,15,0,1,0,1,0.019150477000039245,14,29,290,12,2.0,152,0.01959483099994941,2,243,241,243,92,1,1,60,2,2,0.03864122599998154
s1_1000,S1-56369002,S2,India,selective_v1,0,78,3,18,0,21,0.031492134000131955,24,50,604,17,7.0,403,0.033505561999959355,0,453,453,453,118,1,1,60,1,0,0.07553930700009914
s1_1000,S1-56369002,S3,India,selective_v1,0,78,3,18,0,21,0.03408230300021842,24,50,704,18,5.0,550,0.03623322599992207,0,597,597,597,119,1,1,60,3,0,0.08004723100009414
s1_1000,S1-851172257,S2,India,selective_v1,0,120,10,25,0,35,0.05275010699961058,24,49,734,22,2.0,549,0.056037464999917574,1,607,606,607,89,1,1,60,2,1,0.1034785079999665
s1_1000,S1-851172257,S3,India,selective_v1,0,120,6,26,0,32,0.06757514599974002,24,48,826,20,1.0,769,0.0711434710000276,0,769,769,769,102,1,1,60,1,0,0.1291493400000263
s1_1000,S1-839695817,S2,India,selective_v1,0,120,15,39,0,54,0.0457785479999302,24,49,813,21,3.0,678,0.048189385000000584,1,736,735,736,109,1,1,60,3,1,0.10384005100002014
s1_1000,S1-839695817,S3,India,selective_v1,0,120,6,54,0,60,0.06540955599984954,24,49,1046,22,0.0,921,0.06776975699995091,0,980,980,980,111,1,1,60,0,0,0.13403407800001332
s1_1000,S1-117184918,S2,US,selective_v1,0,36,3,12,4,15,0.05064526099988598,17,34,477,14,3.0,397,0.051490620999970815,2,399,397,399,102,1,1,60,1,2,0.07811345499999334
s1_1000,S1-117184918,S3,US,selective_v1,0,36,3,12,4,15,0.05130585400013388,17,34,513,14,3.0,449,0.052088054000023476,0,449,449,449,102,1,1,60,2,0,0.0839645720000135
s1_1000,S1-103120265,S2,India,selective_v1,0,55,6,8,0,14,0.03199436800014155,24,50,661,18,6.0,428,0.033455505999995694,0,489,489,489,79,1,1,60,0,0,0.07863709299999755
s1_1000,S1-103120265,S3,India,selective_v1,0,55,6,9,0,15,0.020363122000162548,24,50,370,17,7.0,223,0.02167382200002521,0,282,282,282,79,1,1,60,0,0,0.0470128230000455
s1_1000,S1-869535932,S2,US,selective_v1,0,21,0,1,0,1,0.012013407999802439,20,40,301,20,0.0,238,0.012612066999963645,0,238,238,238,108,1,1,60,2,0,0.02916143999993892
s1_1000,S1-869535932,S3,US,selective_v1,0,21,0,1,0,1,0.012869341999817152,20,40,292,20,0.0,252,0.013503257999900597,0,252,252,252,99,1,1,60,2,0,0.03389987800005656
s1_1000,S1-887169774,S2,US,selective_v1,0,21,1,2,0,3,0.04374010800006545,18,38,368,15,3.0,88,0.044316696999999294,1,329,328,329,101,1,1,60,2,1,0.07062536000000819
s1_1000,S1-887169774,S3,US,selective_v1,0,21,1,2,0,3,0.04618668000023263,18,37,150,13,3.0,118,0.0467292800000223,1,137,136,137,84,1,1,60,1,1,0.05701911999994991
s1_1000,S1-492543909,S2,India,selective_v1,0,36,1,4,4,5,0.03984403599986308,24,48,665,20,4.0,416,0.04102687300007801,2,416,416,418,80,1,1,60,2,2,0.07392461499989622
s1_1000,S1-492543909,S3,India,selective_v1,0,36,0,2,2,2,0.060295260000089,24,48,402,23,1.0,322,0.06150384000000031,2,323,322,324,79,1,1,60,1,2,0.08587950699995872
s1_1000,S1-94599318,S2,US,selective_v1,0,21,0,4,0,4,0.04580430900011834,17,35,340,16,1.0,198,0.04636560099993403,92,228,228,320,148,1,1,60,1,48,0.06982513799994194
s1_1000,S1-94599318,S3,US,selective_v1,0,21,0,4,0,4,0.0459118569998509,17,35,426,16,1.0,250,0.04655031600009352,88,284,284,372,157,1,1,60,3,45,0.07399418400007107
s1_1000,S1-677598357,S2,US,selective_v1,0,21,0,2,0,2,0.021364138000080857,19,41,211,12,0.0,179,0.021948862000044755,0,200,200,200,86,1,1,60,1,0,0.040371313000036935
s1_1000,S1-677598357,S3,US,selective_v1,0,21,0,2,0,2,0.021906534999857286,19,41,225,15,0.0,192,0.022462788999973782,0,205,205,205,82,1,1,60,1,0,0.041043356000045605
s1_1000,S1-730719207,S2,US,selective_v1,0,36,1,12,2,13,0.09819011600018257,21,42,612,18,3.0,567,0.09905107700001281,1,568,567,568,87,1,1,60,1,1,0.14338211999995565
s1_1000,S1-730719207,S3,US,selective_v1,0,36,1,12,2,13,0.10287067499984914,21,42,628,18,3.0,580,0.10377373599999373,2,582,580,582,86,1,1,60,2,2,0.14188910300003954
s1_1000,S1-369861184,S2,US,selective_v1,0,36,3,9,4,12,0.04834729899994272,20,41,442,20,0.0,369,0.0492028470000605,0,387,387,387,107,1,1,60,0,0,0.07564588699995056
s1_1000,S1-369861184,S3,US,selective_v1,0,36,3,9,4,12,0.0540131109999038,20,41,593,20,0.0,469,0.05498557800001436,3,491,488,491,109,1,1,60,4,3,0.0916942779999772
s1_1000,S1-295668361,S2,US,selective_v1,0,21,1,2,0,3,0.021472648999747435,18,39,120,13,3.0,91,0.021988317000023017,2,98,96,98,61,1,1,60,2,2,0.034082041000033314
s1_1000,S1-295668361,S3,US,selective_v1,0,21,1,2,0,3,0.02067830499993306,18,39,140,13,3.0,90,0.021205101000077775,1,107,106,107,71,1,1,60,1,1,0.03210981000006541
s1_1000,S1-858735224,S2,US,selective_v1,0,15,0,2,0,2,0.017097595999871373,13,28,327,9,0.0,210,0.017536238999923626,26,274,248,274,90,1,1,60,2,26,0.03799481700002616
s1_1000,S1-858735224,S3,US,selective_v1,0,15,0,2,0,2,0.01759359599986965,13,27,299,13,0.0,209,0.018039458999965063,19,272,253,272,111,1,1,60,2,19,0.03529101100002663
s1_1000,S1-563073325,S2,US,selective_v1,0,55,6,8,0,14,0.04873070599990115,24,49,542,19,5.0,391,0.05017376399996465,1,504,503,504,110,1,1,60,1,1,0.0890881249999893
s1_1000,S1-563073325,S3,US,selective_v1,0,55,6,8,0,14,0.04873946500015336,24,49,725,20,4.0,526,0.05031011400001262,0,634,634,634,113,1,1,60,3,0,0.09537643199996637
s1_1000,S1-816383534,S2,US,selective_v1,0,15,0,3,0,3,0.03064832100028525,12,25,422,7,1.0,149,0.031038922999982788,34,388,354,388,96,1,1,60,1,34,0.05999347499994201
s1_1000,S1-816383534,S3,US,selective_v1,0,15,0,4,0,4,0.03438247000008232,11,23,466,11,0.0,166,0.03480548000004546,24,404,380,404,96,1,1,60,3,24,0.06571219399995698
s1_1000,S1-79146097,S2,India,selective_v1,0,36,1,6,3,7,0.03563980499961872,24,49,452,16,4.0,415,0.03664608999997654,2,421,419,421,119,1,1,60,1,2,0.0680624839999382
s1_1000,S1-79146097,S3,India,selective_v1,0,36,0,7,5,7,0.03830533900031696,24,49,488,20,3.0,414,0.039418351999984225,5,420,420,425,98,1,1,60,2,5,0.07039310400000431
s1_1000,S1-241799543,S2,US,selective_v1,0,45,1,2,0,3,0.027093394000075932,24,51,366,11,1.0,94,0.028539563999970596,0,294,294,294,97,1,1,60,2,0,0.053817830999946636
s1_1000,S1-241799543,S3,US,selective_v1,0,45,3,7,0,10,0.03919246599980397,24,50,776,19,3.0,412,0.04057739799998217,0,618,618,618,101,1,1,60,1,0,0.08355424299998049
s1_1000,S1-814666931,S2,India,selective_v1,0,78,3,16,0,19,0.05555706900042878,24,49,914,18,5.0,617,0.05765659499991216,1,655,654,655,98,1,1,60,2,1,0.10787582399996154
s1_1000,S1-814666931,S3,India,selective_v1,0,78,1,17,0,18,0.05064305599967156,24,49,990,18,3.0,774,0.05291874700003518,0,813,813,813,104,1,1,60,2,0,0.11243074899994099
s1_1000,S1-434049818,S2,US,selective_v1,0,21,1,4,0,5,0.034214625999652526,16,32,305,15,1.0,266,0.034795368999994025,1,267,266,267,90,1,1,60,3,1,0.0519097190000366
s1_1000,S1-434049818,S3,US,selective_v1,0,21,1,4,0,5,0.035217720000105146,16,32,313,15,1.0,279,0.03579672099999698,0,279,279,279,91,1,1,60,2,0,0.053893870000024435
s1_1000,S1-879372595,S2,India,selective_v1,0,120,15,19,0,34,0.04714329699993414,24,49,477,17,7.0,305,0.049966896000000816,2,311,309,311,96,1,1,60,5,2,0.08064313499994569
s1_1000,S1-879372595,S3,India,selective_v1,0,120,6,20,0,26,0.0706238520003808,24,49,665,19,5.0,482,0.0738812179999968,1,485,484,485,103,1,1,60,3,1,0.1097580169999901
s1_1000,S1-248163870,S2,India,selective_v1,0,120,36,27,17,63,0.074978608999686,24,49,455,19,5.0,366,0.07699590499998976,1,386,385,386,80,1,1,60,2,1,0.11059130200010259
s1_1000,S1-248163870,S3,India,selective_v1,0,120,28,25,0,53,0.08109014900003331,24,49,378,17,7.0,289,0.08340842400002657,2,303,301,303,90,1,1,60,4,2,0.13740919499991833
s1_1000,S1-974558168,S2,US,selective_v1,0,36,1,0,2,1,0.017208343999868703,24,49,175,22,2.0,100,0.018357773000047928,1,144,143,144,108,1,1,60,2,1,0.0346685570000318
s1_1000,S1-974558168,S3,US,selective_v1,0,36,1,0,2,1,0.014948720000120375,24,49,212,22,2.0,128,0.01606745599997339,0,173,173,173,110,1,1,60,1,0,0.0326430900000787
s1_1000,S1-152580274,S2,India,selective_v1,0,55,10,17,10,27,0.03550218099985614,18,36,713,14,3.0,485,0.03655785900002684,2,487,485,487,99,1,1,60,0,2,0.06995898100001341
s1_1000,S1-152580274,S3,India,selective_v1,0,55,3,26,8,29,0.05215819599970928,18,36,787,16,1.0,615,0.05348163899998326,7,622,615,622,105,1,1,60,3,7,0.09870896100005666
s1_1000,S1-182285498,S2,US,selective_v1,0,28,1,6,2,7,0.03923065399965253,19,38,360,18,1.0,328,0.039956580000080066,2,330,328,330,109,1,1,60,1,2,0.06537983700002314
s1_1000,S1-182285498,S3,US,selective_v1,0,28,1,6,2,7,0.04316744399977779,19,38,487,18,1.0,421,0.04393325299997741,2,423,421,423,113,1,1,60,3,2,0.0743769229999316
s1_1000,S1-636219545,S2,US,selective_v1,0,36,0,2,3,2,0.051668987999960336,24,49,369,21,1.0,321,0.052884450999954424,1,339,338,339,110,1,1,60,1,1,0.08315841499995713
s1_1000,S1-636219545,S3,US,selective_v1,0,36,0,2,2,2,0.04527834499981509,24,49,369,22,1.0,325,0.04649038800005201,0,335,335,335,113,1,1,60,1,0,0.07653753399995367
s1_1000,S1-879828483,S2,India,selective_v1,0,105,15,6,0,21,0.04571729300039351,24,51,686,21,3.0,503,0.04854309999996076,0,580,580,580,96,1,1,60,2,0,0.09514865699998154
s1_1000,S1-879828483,S3,India,selective_v1,0,105,6,15,0,21,0.046363845000200854,24,51,740,23,1.0,582,0.049282192000077885,3,665,662,665,91,1,1,60,1,3,0.10015938800006552
s1_1000,S1-595976104,S2,US,selective_v1,0,21,1,4,0,5,0.02832742199996119,16,34,245,12,3.0,165,0.028801885999996557,1,198,197,198,79,1,1,60,1,1,0.04418859700001576
s1_1000,S1-595976104,S3,US,selective_v1,0,21,3,6,0,9,0.2800224449997586,12,26,323,10,2.0,206,0.28050156400001924,2,243,241,243,77,1,1,60,4,2,0.2995896710000352
s1_1000,S1-480646551,S2,India,selective_v1,0,91,28,36,14,64,0.050855091000130415,13,26,357,5,8.0,344,0.05163638099998025,21,345,344,365,102,1,1,60,2,21,0.08194184600006338
s1_1000,S1-480646551,S3,India,selective_v1,0,91,15,44,7,59,0.12531495700022788,24,48,920,16,8.0,658,0.12672477199998866,36,658,658,694,124,1,1,60,4,36,0.18126679399995282
s1_1000,S1-688071877,S2,US,selective_v1,0,6,0,0,0,0,0.006949720000079651,6,13,16,3,0.0,14,0.00710259999993923,0,15,15,15,15,0,0,15,0,0,0.016490496999949755
s1_1000,S1-688071877,S3,US,selective_v1,0,6,0,0,0,0,0.004244218000053479,6,13,18,5,0.0,14,0.004373708000002807,0,15,15,15,15,0,0,15,0,0,0.011479335999979412
s1_1000,S1-970146850,S2,US,selective_v1,0,21,0,2,0,2,0.0236941640000623,19,41,256,18,1.0,159,0.024257219999981317,2,188,186,188,80,1,1,60,2,2,0.040013695000084226
s1_1000,S1-970146850,S3,US,selective_v1,0,21,0,2,0,2,0.025187348999907044,19,42,281,12,1.0,163,0.025779712999906224,0,227,227,227,80,1,1,60,1,0,0.045480663999910576
s1_1000,S1-610757866,S2,US,selective_v1,0,36,1,4,2,5,0.03276882299974204,24,49,468,19,1.0,380,0.033884386000067934,1,417,416,417,101,1,1,60,2,1,0.06292535399995813
s1_1000,S1-610757866,S3,US,selective_v1,0,36,3,6,4,9,0.03965929900004994,23,47,520,21,2.0,431,0.04071211100006167,0,456,456,456,104,1,1,60,3,0,0.0733975210000608
s1_1000,S1-998147399,S2,India,selective_v1,0,91,15,26,7,41,0.040273751999734486,24,49,766,21,3.0,514,0.042086322000045584,1,554,553,554,100,1,1,60,3,1,0.08337482500007809
s1_1000,S1-998147399,S3,India,selective_v1,0,91,15,26,7,41,0.03747593299988239,24,49,773,21,3.0,487,0.03928645700000288,1,533,532,533,108,1,1,60,5,1,0.08215585400000691
s1_1000,S1-672064749,S2,US,selective_v1,0,28,1,2,3,3,0.021411252000348213,22,44,421,20,2.0,359,0.022283635999997387,4,363,359,363,94,1,1,60,2,4,0.04900901000007707
s1_1000,S1-672064749,S3,US,selective_v1,0,28,1,2,3,3,0.018535903000156395,22,44,235,19,3.0,189,0.019293866999987586,4,193,189,193,79,1,1,60,2,4,0.035213650000059715
s1_1000,S1-300594042,S2,US,selective_v1,0,28,1,4,2,5,0.02149850199964476,21,45,218,14,0.0,155,0.022145505000025878,1,181,180,181,79,1,1,60,1,1,0.03947983099999419
s1_1000,S1-300594042,S3,US,selective_v1,0,28,1,4,2,5,0.028291391000038857,21,45,325,21,0.0,173,0.028992954999921494,1,212,211,212,76,1,1,60,4,1,0.04818453600000794
s1_1000,S1-966899178,S2,India,selective_v1,0,105,28,35,22,63,0.04974558699962017,20,40,475,15,5.0,406,0.05112723000002006,1,407,406,407,111,1,1,60,2,1,0.08264219800003048
s1_1000,S1-966899178,S3,India,selective_v1,0,105,21,40,22,61,0.05718889500019486,22,44,418,14,7.0,372,0.058765113000049496,0,372,372,372,112,1,1,60,0,0,0.08858420299998215
s1_1000,S1-859410589,S2,India,selective_v1,0,45,3,10,6,13,0.06655390200035072,24,48,678,13,11.0,458,0.06783214900008261,8,466,458,466,78,1,1,60,4,8,0.09924159399997734
s1_1000,S1-859410589,S3,India,selective_v1,0,45,3,7,3,10,0.05297133300007317,24,48,379,13,11.0,254,0.0542030670000031,9,256,254,263,83,1,1,60,3,9,0.07676214699995398
s1_1000,S1-221830085,S2,US,selective_v1,0,36,1,4,3,5,0.02715949100013404,24,50,355,19,4.0,229,0.02820681200000763,1,285,284,285,109,1,1,60,4,1,0.05331805200000872
s1_1000,S1-221830085,S3,US,selective_v1,0,36,1,4,3,5,0.02983417100006136,24,50,428,20,4.0,268,0.030879131000006055,1,344,343,344,109,1,1,60,3,1,0.05897759699996641
s1_1000,S1-759154765,S2,US,selective_v1,0,21,0,2,0,2,0.0559052370003883,19,38,356,13,2.0,351,0.05664641499993195,0,351,351,351,97,1,1,60,0,0,0.0803303989999904
s1_1000,S1-759154765,S3,US,selective_v1,0,21,0,2,0,2,0.054578942999910396,19,38,386,14,2.0,371,0.055332012000008035,0,371,371,371,87,1,1,60,0,0,0.08474961600006736
s1_1000,S1-279768516,S2,India,selective_v1,0,45,1,12,3,13,0.04006876499943246,24,50,380,19,2.0,260,0.041136844999982713,2,283,281,283,94,1,1,60,1,2,0.06363008200003151
s1_1000,S1-279768516,S3,India,selective_v1,0,45,1,8,3,9,0.0668316340002093,24,50,323,18,4.0,233,0.06802588499999729,2,255,253,255,102,1,1,60,3,2,0.09172090699996716
s1_1000,S1-277795564,S2,India,selective_v1,0,91,15,6,0,21,0.04806406699958643,24,49,656,13,10.0,578,0.05048577000002297,1,587,586,587,110,1,1,60,2,1,0.09353692899992438
s1_1000,S1-277795564,S3,India,selective_v1,0,91,10,15,0,25,0.049650165000002744,24,49,384,13,10.0,314,0.05182056299997839,0,324,324,324,104,1,1,60,2,0,0.07647420399996463
s1_1000,S1-435179175,S2,India,selective_v1,0,66,6,18,5,24,0.02795449200004896,24,49,696,22,2.0,522,0.02947807099997135,1,554,553,554,89,1,1,60,3,1,0.07450605700000779
s1_1000,S1-435179175,S3,India,selective_v1,0,66,6,15,0,21,0.04492024199987554,24,50,550,20,4.0,352,0.046523933000003126,1,419,418,419,102,1,1,60,2,1,0.07985203999999158
s1_1000,S1-359821177,S2,US,selective_v1,0,21,1,0,0,1,0.03135053599987714,20,41,202,15,5.0,149,0.03194630400003007,2,162,160,162,77,1,1,60,2,2,0.043208113999980924
s1_1000,S1-359821177,S3,US,selective_v1,0,21,1,0,0,1,0.027422641000043768,20,41,205,15,5.0,161,0.028071952000004785,0,170,170,170,78,1,1,60,2,0,0.04145336800002042
s1_1000,S1-155407235,S2,US,selective_v1,0,15,1,4,0,5,0.03502567500004261,10,20,264,7,2.0,251,0.035425839000026826,0,251,251,251,86,1,1,60,0,0,0.05299205099993287
s1_1000,S1-155407235,S3,US,selective_v1,0,15,1,4,0,5,0.03167255200003183,10,20,138,6,3.0,133,0.0319914259999905,1,134,133,134,84,1,1,60,2,1,0.044537816999991264
s1_1000,S1-363640638,S2,US,selective_v1,0,36,1,2,2,3,0.027393550000169853,24,49,498,23,1.0,304,0.028579078999996455,1,399,398,399,107,1,1,60,4,1,0.06410967599993
s1_1000,S1-363640638,S3,US,selective_v1,0,36,1,2,2,3,0.023442289999820787,24,49,498,23,1.0,333,0.024548941000034574,1,438,437,438,114,1,1,60,1,1,0.05249668799990559
s1_1000,S1-630988943,S2,US,selective_v1,0,28,0,2,3,2,0.024369509000166545,23,47,440,14,3.0,248,0.02521507299991299,38,392,354,392,103,1,1,60,0,38,0.0501633189999211
s1_1000,S1-630988943,S3,US,selective_v1,0,28,1,4,2,5,0.02973193800005447,21,43,526,16,5.0,238,0.03052812399994309,42,370,370,412,125,1,1,60,1,41,0.06385413900000003
s1_1000,S1-492798500,S2,India,selective_v1,0,91,15,19,0,34,0.07577666700001373,24,50,977,16,2.0,736,0.07827348900002562,0,767,767,767,101,1,1,60,0,0,0.14261012199995093
s1_1000,S1-492798500,S3,India,selective_v1,0,91,3,24,0,27,0.07836152400022911,24,50,748,16,4.0,655,0.08067843799994989,0,692,692,692,98,1,1,60,0,0,0.1308532609999702
s1_1000,S1-750902604,S2,US,selective_v1,0,21,1,0,0,1,0.03018276200020864,20,41,298,16,4.0,104,0.0308612119999907,2,225,223,225,104,1,1,60,3,2,0.04679665699995894
s1_1000,S1-750902604,S3,US,selective_v1,0,21,1,0,0,1,0.027282428999797048,20,41,301,16,4.0,112,0.02794125000002623,0,232,232,232,99,1,1,60,4,0,0.045604101999970226
s1_1000,S1-832262633,S2,India,selective_v1,0,45,1,10,0,11,0.03806093800005783,24,49,511,17,5.0,465,0.03935341299995798,1,479,478,479,117,1,1,60,1,1,0.07534159499994075
s1_1000,S1-832262633,S3,India,selective_v1,0,45,0,7,0,7,0.055431401999726404,24,49,871,22,2.0,733,0.056997879999926226,11,749,749,760,98,1,1,60,5,11,0.10268512300001476
s1_1000,S1-494365737,S2,India,selective_v1,0,55,0,3,0,3,0.047865606000186744,24,49,396,22,2.0,290,0.04964511000002858,12,330,318,330,100,1,1,60,3,12,0.0770603010000741
s1_1000,S1-494365737,S3,India,selective_v1,0,55,0,0,0,0,0.056659228999933475,24,49,478,21,2.0,406,0.05848971399996117,3,438,435,438,108,1,1,60,3,3,0.08920955899998262
s1_1000,S1-317536058,S2,India,selective_v1,0,105,10,22,0,32,0.04145485099979851,24,50,603,19,5.0,475,0.044014248999928896,1,531,531,532,108,1,1,60,2,1,0.08929482399992139
s1_1000,S1-317536058,S3,India,selective_v1,0,105,6,21,0,27,0.036192317000086405,24,50,466,17,7.0,362,0.03872844299996814,0,408,408,408,93,1,1,60,1,0,0.07085618299993257
s1_1000,S1-862899562,S2,India,selective_v1,0,45,3,10,7,13,0.05428214700020817,24,48,593,10,14.0,448,0.055512432000000445,1,449,448,449,90,1,1,60,1,1,0.09093258399991555
s1_1000,S1-862899562,S3,India,selective_v1,0,45,1,12,6,13,0.07061333399997238,24,48,1082,17,7.0,755,0.07212739199997031,3,758,755,758,91,1,1,60,2,3,0.12699862499994197
s1_1000,S1-813952512,S2,US,selective_v1,0,21,0,0,0,0,0.1570857309998246,21,43,396,13,2.0,352,0.15789319199996044,0,365,365,365,99,1,1,60,1,0,0.18364467799995055
s1_1000,S1-813952512,S3,US,selective_v1,0,21,0,0,0,0,0.1226384520002739,21,43,512,19,2.0,418,0.1235816270000214,0,431,431,431,104,1,1,60,2,0,0.1498648949999506
s1_1000,S1-263815160,S2,India,selective_v1,0,78,6,39,16,45,0.02461994500004039,17,34,449,14,3.0,403,0.025661010000021633,4,407,403,407,111,1,1,60,2,4,0.05714988399995491
s1_1000,S1-263815160,S3,India,selective_v1,0,78,6,43,12,49,0.034209245000170085,17,34,580,14,1.0,523,0.0351854270001013,9,532,523,532,115,1,1,60,3,9,0.07045675200004098
s1_1000,S1-505316099,S2,US,selective_v1,0,21,0,4,0,4,0.050608420999537884,17,34,250,16,1.0,204,0.05118086400000266,2,206,204,206,87,1,1,60,2,2,0.06954688799999076
s1_1000,S1-505316099,S3,US,selective_v1,0,21,0,4,0,4,0.04865004999999201,17,34,208,15,1.0,186,0.049217528999975,1,187,186,187,91,1,1,60,0,1,0.061884243999998034
s1_1000,S1-442590532,S2,US,selective_v1,0,28,1,6,2,7,0.05794517300012103,19,38,194,14,3.0,179,0.05858866599999146,0,179,179,179,81,1,1,60,2,0,0.07699688099989999
s1_1000,S1-442590532,S3,US,selective_v1,0,28,1,6,2,7,0.04865626600030737,19,38,220,16,3.0,188,0.04931437699997332,2,190,188,190,89,1,1,60,2,2,0.0633030820000613
s1_1000,S1-520578486,S2,US,selective_v1,0,36,0,1,2,1,0.042283845000042675,24,49,377,17,2.0,294,0.04352453199999218,0,341,341,341,117,1,1,60,1,0,0.07104110199998104
s1_1000,S1-520578486,S3,US,selective_v1,0,36,0,1,2,1,0.032725891000040974,24,48,397,22,2.0,347,0.03393761400002404,0,347,347,347,91,1,1,60,2,0,0.05622647300003791
s1_1000,S1-373716962,S2,India,selective_v1,0,91,15,27,14,42,0.049481803999810836,24,48,851,20,4.0,747,0.05140668100000312,0,747,747,747,101,1,1,60,3,0,0.13229648300000463
s1_1000,S1-373716962,S3,India,selective_v1,0,91,10,29,0,39,0.05883327000015015,24,48,822,17,5.0,762,0.06088171600003989,2,764,762,764,107,1,1,60,0,2,0.11554019499999413
s1_1000,S1-221049359,S2,India,selective_v1,0,66,0,11,0,11,0.06231741199985663,24,49,787,20,4.0,702,0.06430212399993707,1,706,705,706,109,1,1,60,3,1,0.12183510099998784
s1_1000,S1-221049359,S3,India,selective_v1,0,66,0,4,0,4,0.04999943699999676,24,49,662,19,3.0,618,0.05208904500000244,0,623,623,623,112,1,1,60,1,0,0.09324677400002201
s1_1000,S1-595529200,S2,US,selective_v1,0,15,0,1,0,1,0.015691440000068724,14,29,315,9,1.0,75,0.016089848999968126,1,260,259,260,66,1,1,60,2,1,0.03511575699997138
s1_1000,S1-595529200,S3,US,selective_v1,0,15,0,1,0,1,0.017328346999875066,14,29,393,13,1.0,69,0.017746717000022727,1,302,301,302,53,0,0,53,2,1,0.04375002200004019
s1_1000,S1-448814176,S2,India,selective_v1,0,91,10,11,0,21,0.016612829000223428,24,51,344,20,3.0,275,0.01881867700001294,1,298,297,298,86,1,1,60,1,1,0.04976239099994473
s1_1000,S1-448814176,S3,India,selective_v1,0,91,6,13,0,19,0.027562902999989092,24,51,671,21,2.0,542,0.03015438299996731,1,566,565,566,104,1,1,60,4,1,0.07163823899998079
s1_1000,S1-382839290,S2,India,selective_v1,0,55,3,6,0,9,0.08208900000010999,24,50,674,20,3.0,499,0.08383227399997395,2,561,559,561,93,1,1,60,3,2,0.1299666329999809
s1_1000,S1-382839290,S3,India,selective_v1,0,55,3,9,0,12,0.11727697199989962,24,50,285,17,6.0,168,0.11872215999994751,0,228,228,228,108,1,1,60,2,0,0.14340840499994556
s1_1000,S1-437861953,S2,US,selective_v1,0,21,0,2,0,2,0.056911614000000554,19,38,296,16,3.0,282,0.057509509000055914,0,282,282,282,90,1,1,60,0,0,0.07773978499994882
s1_1000,S1-437861953,S3,US,selective_v1,0,21,0,2,0,2,0.06116750100045465,19,38,340,16,3.0,318,0.06185606799999732,0,318,318,318,88,1,1,60,1,0,0.08728191900002003
s1_1000,S1-801385283,S2,US,selective_v1,0,36,1,0,2,1,0.026067075999776534,24,49,487,14,3.0,234,0.027359981000017797,0,371,371,371,100,1,1,60,1,0,0.05681324800002585
s1_1000,S1-801385283,S3,US,selective_v1,0,36,3,0,4,3,0.03141903500011267,24,49,523,18,6.0,303,0.03272809099996721,1,430,429,430,105,1,1,60,1,1,0.060962858999914715
s1_1000,S1-62792559,S2,India,selective_v1,0,55,6,13,10,19,0.02696554900001047,24,50,507,17,7.0,248,0.02820047299996986,3,372,369,372,102,1,1,60,4,3,0.057802137999942715
s1_1000,S1-62792559,S3,India,selective_v1,0,55,6,13,10,19,0.028550728999903185,24,50,707,19,5.0,481,0.029808986000034565,0,619,619,619,116,1,1,60,2,0,0.07325716299999385
s1_1000,S1-429973350,S2,US,selective_v1,0,36,3,7,4,10,0.029183882999859634,22,45,465,16,4.0,426,0.03017557600003329,0,427,427,427,102,1,1,60,1,0,0.061956433999966976
s1_1000,S1-429973350,S3,US,selective_v1,0,36,3,9,4,12,0.03477153700009694,20,41,602,18,2.0,537,0.0357241530000465,0,540,540,540,107,1,1,60,2,0,0.07033020400001533
s1_1000,S1-959711921,S2,US,selective_v1,0,28,1,2,3,3,0.029401687000017773,22,45,342,15,4.0,183,0.03021428699992157,4,289,285,289,99,1,1,60,1,4,0.054937827999992805
s1_1000,S1-959711921,S3,US,selective_v1,0,28,1,2,3,3,0.023350070999867967,22,45,373,17,4.0,190,0.024198696999974345,2,309,307,309,103,1,1,60,2,2,0.04523082899993369
s1_1000,S1-645636967,S2,India,selective_v1,0,45,10,16,6,26,0.016002356000171858,13,26,360,12,1.0,254,0.01659495000001243,1,255,254,255,106,1,1,60,2,1,0.037017358000071
s1_1000,S1-645636967,S3,India,selective_v1,0,45,10,15,6,25,0.023848211999734303,14,28,355,12,1.0,318,0.024492753000004086,1,319,318,319,102,1,1,60,2,1,0.0467622379999284
s1_1000,S1-772318966,S2,US,selective_v1,0,36,1,2,4,3,0.026472849999549908,24,50,435,18,2.0,276,0.02759348899996894,3,309,306,309,84,1,1,60,1,3,0.046694892000004984
s1_1000,S1-772318966,S3,US,selective_v1,0,36,1,2,4,3,0.024048227000093902,24,50,494,21,2.0,288,0.02517609899996387,7,329,322,329,96,1,1,60,1,7,0.05031720399995265
s1_1000,S1-805666871,S2,India,selective_v1,0,91,28,16,24,44,0.03650389300014467,23,46,689,15,8.0,566,0.03822338999998465,7,573,566,573,101,1,1,60,1,7,0.0820970940000052
s1_1000,S1-805666871,S3,India,selective_v1,0,91,15,18,0,33,0.049638615999924696,24,48,628,13,11.0,524,0.052017264999904,5,525,524,529,112,1,1,60,1,5,0.09009891900007005
s1_1000,S1-89525072,S2,US,selective_v1,0,36,0,2,2,2,0.05959785900017778,24,50,362,17,1.0,303,0.060740592000001925,0,307,307,307,109,1,1,60,1,0,0.0836278479999919
s1_1000,S1-89525072,S3,US,selective_v1,0,36,0,2,2,2,0.06912534699972639,24,50,397,21,1.0,321,0.07028912099997342,0,326,326,326,102,1,1,60,0,0,0.09659267299991825
s1_1000,S1-334690933,S2,India,selective_v1,0,66,10,22,13,32,0.044855355999970925,21,42,570,11,10.0,357,0.04607422700007646,2,359,357,359,90,1,1,60,2,2,0.07383881700002348
s1_1000,S1-334690933,S3,India,selective_v1,0,66,10,23,13,33,0.040899235000210865,20,40,535,11,9.0,370,0.04205319499999405,3,373,370,373,90,1,1,60,1,3,0.06875183199997537
s1_1000,S1-306911649,S2,India,selective_v1,0,55,1,13,0,14,0.04318696500001806,24,49,664,15,7.0,613,0.04466539600002761,0,625,625,625,114,1,1,60,2,0,0.0848273720000634
s1_1000,S1-306911649,S3,India,selective_v1,0,55,1,10,0,11,0.0557584550001593,24,49,545,17,5.0,502,0.05737214800001311,0,515,515,515,85,1,1,60,1,0,0.09126899599993976
s1_1000,S1-189778694,S2,US,selective_v1,0,21,1,6,0,7,0.022308333999717433,14,30,362,14,0.0,217,0.022763994999991155,2,307,305,307,114,1,1,60,1,2,0.04459356600000319
s1_1000,S1-189778694,S3,US,selective_v1,0,21,1,6,0,7,0.02349992600022688,14,30,408,14,0.0,236,0.023959658999956446,8,314,306,314,101,1,1,60,4,8,0.04901009000002432
s1_1000,S1-264521464,S2,India,selective_v1,0,45,1,4,0,5,0.036538108999820906,24,50,493,14,6.0,264,0.03785826399996495,8,299,291,299,95,1,1,60,2,8,0.06419189700000061
s1_1000,S1-264521464,S3,India,selective_v1,0,45,0,5,0,5,0.0464490089998435,24,50,641,18,2.0,508,0.04791564100003143,0,531,531,531,93,1,1,60,0,0,0.0846584039999243
s1_1000,S1-109274691,S2,US,selective_v1,0,21,0,1,0,1,0.02055994399984229,20,40,99,12,5.0,79,0.021086785000079544,1,80,79,80,78,1,1,60,2,1,0.028947817000016585
s1_1000,S1-109274691,S3,US,selective_v1,0,21,0,1,0,1,0.019798484999910215,20,40,129,15,5.0,89,0.020294952000085686,1,90,89,90,75,1,1,60,3,1,0.028715905000012754
s1_1000,S1-241052906,S2,India,selective_v1,0,91,15,47,14,62,0.04378979100010838,15,30,625,10,4.0,535,0.04474326199999723,4,539,535,539,111,1,1,60,1,4,0.08590880099995957
s1_1000,S1-241052906,S3,India,selective_v1,0,91,10,49,10,59,0.09993599799986441,22,44,1313,20,2.0,1120,0.1014871290000201,6,1126,1120,1126,113,1,1,60,2,6,0.17335722600000736
s1_1000,S1-20912265,S2,India,selective_v1,0,105,28,41,16,69,0.06037288899972282,20,41,642,14,6.0,537,0.06192234900004223,1,562,561,562,110,1,1,60,2,1,0.10608293999996476
s1_1000,S1-20912265,S3,India,selective_v1,0,105,21,48,16,69,0.06161774700024125,20,41,725,16,4.0,594,0.06290591899994524,3,631,628,631,105,1,1,60,3,3,0.10386288500001228
s1_1000,S1-457236191,S2,India,selective_v1,0,45,6,12,7,18,0.034768888000144216,20,41,501,16,4.0,275,0.03566852400001608,4,306,302,306,103,1,1,60,1,4,0.05796317900001213
s1_1000,S1-457236191,S3,India,selective_v1,0,45,1,14,7,15,0.05067691199997171,23,47,811,19,3.0,604,0.051863866000076086,10,643,633,643,80,1,1,60,3,10,0.09564731700004359
s1_1000,S1-601233921,S2,US,selective_v1,0,15,1,2,0,3,0.00938748700002634,12,26,157,11,1.0,47,0.009720264999941719,82,123,116,198,127,1,1,60,1,45,0.024916451999956735
s1_1000,S1-601233921,S3,US,selective_v1,0,15,1,2,0,3,0.006453860000192435,12,26,206,11,1.0,60,0.006761241000049267,71,159,152,223,131,1,1,60,3,45,0.022241146000055778
s1_1000,S1-652724045,S2,US,selective_v1,0,36,3,9,4,12,0.027110937000429658,20,42,230,20,0.0,114,0.02779451899994001,1,146,145,146,76,1,1,60,4,1,0.040234729999951924
s1_1000,S1-652724045,S3,US,selective_v1,0,36,3,9,4,12,0.05159325100009937,20,43,346,20,0.0,187,0.05237046600007034,1,258,257,258,78,1,1,60,1,1,0.07123295699989285
s1_1000,S1-752926413,S2,US,selective_v1,0,28,1,8,2,9,0.03147706999982347,17,34,437,12,5.0,359,0.03214184299997669,52,362,359,411,137,1,1,60,4,46,0.053658380999991095
s1_1000,S1-752926413,S3,US,selective_v1,0,28,1,8,2,9,0.029983291999883477,17,34,443,12,5.0,370,0.03067074600005526,50,370,370,420,146,1,1,60,3,47,0.055947360000004664
s1_1000,S1-632381890,S2,India,selective_v1,0,91,10,0,0,10,0.02205588200024522,24,49,448,18,6.0,382,0.024705135999965933,0,384,384,384,105,1,1,60,1,0,0.05439886999999999
s1_1000,S1-632381890,S3,India,selective_v1,0,91,3,6,0,9,0.020933997999918574,24,49,342,20,3.0,281,0.023493609999945875,1,283,282,283,109,1,1,60,2,1,0.045956732999911765
s1_1000,S1-568024600,S2,US,selective_v1,0,36,1,4,3,5,0.02191300500021498,24,50,254,22,2.0,145,0.02287867500001539,1,200,199,200,116,1,1,60,2,1,0.04140605800000685
s1_1000,S1-568024600,S3,US,selective_v1,0,36,1,4,3,5,0.0223688870001979,24,50,250,21,2.0,143,0.02333256999997957,0,193,193,193,112,1,1,60,1,0,0.038255789999993794
s1_1000,S1-101003484,S2,India,selective_v1,0,105,10,25,0,35,0.09042994699996143,24,48,669,13,11.0,554,0.09292913299998418,4,557,554,558,109,1,1,60,3,4,0.12649891499995647
s1_1000,S1-101003484,S3,India,selective_v1,0,105,6,28,0,34,0.08362973599957968,24,48,572,13,11.0,530,0.08599520900008883,1,531,530,531,111,1,1,60,1,1,0.11986507399990387
s1_1000,S1-43499921,S2,India,selective_v1,0,120,15,37,0,52,0.05119651100039846,24,49,816,18,4.0,730,0.05371058799994444,7,740,733,740,111,1,1,60,1,7,0.10723401299992474
s1_1000,S1-43499921,S3,India,selective_v1,0,120,6,49,0,55,0.07132885299961345,24,49,827,18,5.0,661,0.07367678999992222,16,667,666,682,116,1,1,60,3,16,0.12085223700000824
s1_1000,S1-110256609,S2,US,selective_v1,0,21,0,1,0,1,0.024856943999907344,20,41,410,15,1.0,349,0.025537115999895832,1,363,362,363,117,1,1,60,2,1,0.04741256900001645
s1_1000,S1-110256609,S3,US,selective_v1,0,21,0,1,0,1,0.01968500899999981,20,41,281,11,2.0,246,0.02028574300004493,1,252,251,252,106,1,1,60,0,1,0.03752485699999397
s1_1000,S1-487458224,S2,India,selective_v1,0,120,6,30,0,36,0.15366052200010927,24,50,714,23,1.0,598,0.1566799050000327,2,635,633,635,98,1,1,60,1,2,0.211571246999938
s1_1000,S1-487458224,S3,India,selective_v1,0,120,3,27,0,30,0.16484862599997996,24,51,634,20,3.0,493,0.1684456489999775,1,567,566,567,102,1,1,60,3,1,0.24007247999998071
s1_1000,S1-929842045,S2,US,selective_v1,0,28,0,1,4,1,0.024883871999804796,23,46,281,13,1.0,270,0.0257547539999905,1,271,270,271,102,1,1,60,1,1,0.04536380000001827
s1_1000,S1-929842045,S3,US,selective_v1,0,28,3,3,2,6,0.047194805000344786,20,40,296,16,1.0,264,0.04797985899995183,0,264,264,264,102,1,1,60,1,0,0.06951545599997644
s1_1000,S1-281720430,S2,India,selective_v1,0,78,15,0,0,15,0.015561413000455104,24,52,225,17,4.0,90,0.017508559000020796,1,135,134,135,78,1,1,60,2,1,0.033748922999961906
s1_1000,S1-281720430,S3,India,selective_v1,0,78,10,5,0,15,0.019019797000169092,24,52,168,15,5.0,79,0.020874776999903588,0,111,111,111,78,1,1,60,0,0,0.03331255599994165
s1_1000,S1-721565573,S2,India,selective_v1,0,120,36,27,18,63,0.057313075000251956,24,49,871,16,8.0,733,0.05948651999995036,0,753,753,753,104,1,1,60,3,0,0.11552390299993931
s1_1000,S1-721565573,S3,India,selective_v1,0,120,28,32,0,60,0.059477857999695516,24,49,645,13,11.0,510,0.061712744000033126,1,534,533,534,106,1,1,60,4,1,0.10603247099993496
s1_1000,S1-388793139,S2,US,selective_v1,0,21,1,0,0,1,0.04068857099991874,20,41,391,16,4.0,292,0.04141808800000035,2,331,329,331,77,1,1,60,3,2,0.059800999000003685
s1_1000,S1-388793139,S3,US,selective_v1,0,21,1,0,0,1,0.03752021599973432,20,41,267,10,5.0,205,0.03817468899990217,1,243,242,243,80,1,1,60,2,1,0.05448903199999222
s1_1000,S1-332323893,S2,US,selective_v1,0,15,0,0,0,0,0.01222686800019801,15,33,92,6,0.0,84,0.01262251599996489,0,87,87,87,78,1,1,60,0,0,0.0208564419999675
s1_1000,S1-332323893,S3,US,selective_v1,0,10,0,0,0,0,0.013115786999946977,10,21,99,6,0.0,95,0.013404434999984005,0,96,96,96,74,1,1,60,0,0,0.02160819900007027
s1_1000,S1-841238498,S2,India,selective_v1,0,120,10,26,0,36,0.052391670999782036,24,49,720,15,9.0,625,0.05532163899999887,9,669,660,669,103,1,1,60,2,9,0.10719326000003093
s1_1000,S1-841238498,S3,India,selective_v1,0,120,6,30,0,36,0.04613729299990155,24,48,475,16,8.0,410,0.04899491699995906,8,418,410,418,103,1,1,60,3,8,0.07617798700005096
s1_1000,S1-604791387,S2,US,selective_v1,0,28,0,0,4,0,0.1388752660004684,24,48,552,22,0.0,454,0.13996711800007233,23,477,454,477,95,1,1,60,4,23,0.173952321999991
s1_1000,S1-604791387,S3,US,selective_v1,0,28,0,0,4,0,0.13275776900024994,24,48,448,21,1.0,373,0.1337529339999719,27,400,373,400,89,1,1,60,0,27,0.15978318300005867
s1_1000,S1-276163334,S2,India,selective_v1,0,120,6,34,0,40,0.10686678099989422,24,48,731,16,6.0,686,0.10968762800007426,0,686,686,686,89,1,1,60,0,0,0.16144406299997627
s1_1000,S1-276163334,S3,India,selective_v1,0,120,3,29,0,32,0.09658062900030018,24,48,847,19,3.0,808,0.09977504900007261,3,811,808,811,85,1,1,60,0,3,0.15297454300002755
s1_1000,S1-619648344,S2,India,selective_v1,0,91,21,7,0,28,0.03101992100005191,24,49,565,17,7.0,416,0.03322118199992019,0,428,428,428,99,1,1,60,4,0,0.06588819000000967
s1_1000,S1-619648344,S3,India,selective_v1,0,91,10,15,0,25,0.037931596000248646,24,50,493,16,7.0,329,0.040114156999948136,0,375,375,375,91,1,1,60,1,0,0.06757483299998057
s1_1000,S1-267645994,S2,US,selective_v1,0,45,6,16,6,22,0.05665413199994873,17,35,612,13,1.0,323,0.05749148799998238,67,554,553,620,136,1,1,60,0,50,0.09304449199998999
s1_1000,S1-267645994,S3,US,selective_v1,0,45,6,20,3,26,0.08494317599968326,16,32,557,14,2.0,492,0.08576061999997364,53,493,492,545,150,1,1,60,0,48,0.12313768100000289
s1_1000,S1-280004217,S2,US,selective_v1,0,21,1,0,0,1,0.02914063800005806,20,40,620,14,2.0,583,0.0299675590000561,0,583,583,583,110,1,1,60,0,0,0.0648323130000108
s1_1000,S1-280004217,S3,US,selective_v1,0,21,1,0,0,1,0.028744553000137785,20,40,356,16,4.0,332,0.02943885800004864,0,332,332,332,82,1,1,60,1,0,0.05018902800009073
s1_1000,S1-183479376,S2,India,selective_v1,0,66,21,24,10,45,0.034661858000049506,11,22,104,6,5.0,58,0.03514296900004865,2,60,58,60,40,0,0,40,2,2,0.04371356100000412
s1_1000,S1-183479376,S3,India,selective_v1,0,66,10,33,10,43,0.05019636099996205,13,26,484,8,4.0,450,0.05098957200004861,0,450,450,450,90,1,1,60,0,0,0.08182843400004458
s1_1000,S1-651332839,S2,India,selective_v1,0,78,21,14,20,35,0.02161743600004229,23,47,738,20,3.0,500,0.02315587299995059,0,548,548,548,109,1,1,60,3,0,0.06415567099998043
s1_1000,S1-651332839,S3,India,selective_v1,0,78,15,19,16,34,0.027544217999889042,24,49,857,20,4.0,589,0.029161023000028763,0,634,634,634,101,1,1,60,2,0,0.07369657399999596
s1_1000,S1-325262585,S2,US,selective_v1,0,28,1,6,2,7,0.06901823599991985,19,38,651,17,2.0,582,0.06992104500000096,2,584,582,584,98,1,1,60,3,2,0.10977869800001372
s1_1000,S1-325262585,S3,US,selective_v1,0,28,1,6,2,7,0.06694609200030754,19,38,361,15,4.0,314,0.06773760500004755,1,315,314,315,79,1,1,60,2,1,0.08852769300006003
s1_1000,S1-248093324,S2,India,selective_v1,0,78,15,24,16,39,0.04889232399989396,23,47,746,17,3.0,647,0.05029800699992393,0,650,650,650,94,1,1,60,1,0,0.09725176500000998
s1_1000,S1-248093324,S3,India,selective_v1,0,78,6,28,0,34,0.06390084499969362,24,49,1023,20,3.0,924,0.06567284699997344,1,927,926,927,95,1,1,60,1,1,0.12278117899995777
s1_1000,S1-714434823,S2,US,selective_v1,0,28,0,1,4,1,0.026329156999622683,23,47,134,16,4.0,41,0.027059251999958178,0,89,89,89,74,1,1,60,3,0,0.038169859000049655
s1_1000,S1-714434823,S3,US,selective_v1,0,28,0,1,4,1,0.02497891400014396,23,47,169,19,4.0,56,0.025767038000026332,1,107,106,107,79,1,1,60,2,1,0.03377787800002352
s1_1000,S1-319895908,S2,India,selective_v1,0,91,15,35,19,50,0.030648389999669234,22,45,813,21,1.0,538,0.032177215000047,1,573,572,573,99,1,1,60,3,1,0.07555782600002203
s1_1000,S1-319895908,S3,India,selective_v1,0,91,10,34,24,44,0.027312672999869392,23,47,292,12,5.0,230,0.02875122399996144,0,252,252,252,92,1,1,60,0,0,0.05277765599998929
s1_1000,S1-130312518,S2,India,selective_v1,0,55,21,15,8,36,0.006867651999982627,11,23,263,11,0.0,158,0.0073961560000270765,1,176,175,176,78,1,1,60,1,1,0.023803257999929883
s1_1000,S1-130312518,S3,India,selective_v1,0,55,21,15,8,36,0.007739420000007158,11,23,251,10,0.0,124,0.008216747999995277,1,135,134,135,76,1,1,60,2,1,0.022404407000067295
s1_1000,S1-337403716,S2,India,selective_v1,0,55,6,15,12,21,0.024217906999751904,22,46,328,16,6.0,277,0.025272386999972696,0,293,293,293,116,1,1,60,1,0,0.0463809670000046
s1_1000,S1-337403716,S3,India,selective_v1,0,55,6,23,8,29,0.03251730099987071,18,38,671,18,0.0,608,0.033461815000009665,1,617,616,617,116,1,1,60,2,1,0.07265245099995354
s1_1000,S1-927196959,S2,US,selective_v1,0,21,0,3,0,3,0.04041628000027231,18,37,360,16,1.0,339,0.041073713999935535,0,349,349,349,82,1,1,60,1,0,0.06191474399997787
s1_1000,S1-927196959,S3,US,selective_v1,0,21,0,4,0,4,0.03883479000000989,17,35,439,17,0.0,398,0.03944193500001347,2,416,414,416,79,1,1,60,2,2,0.06417085999999017
s1_1000,S1-634802275,S2,India,selective_v1,0,55,15,13,10,28,0.013048997000055351,17,35,344,13,4.0,228,0.013827385000013237,1,242,241,242,90,1,1,60,4,1,0.03468883999994432
s1_1000,S1-634802275,S3,India,selective_v1,0,55,10,11,12,21,0.027126404999876286,22,45,688,16,6.0,542,0.028365920000055667,0,548,548,548,99,1,1,60,1,0,0.06508515500001977
s1_1000,S1-610551902,S2,India,selective_v1,0,91,6,32,0,38,0.08792944599997554,24,48,637,12,12.0,552,0.0898560840000755,3,555,552,555,115,1,1,60,1,3,0.13064142500002163
s1_1000,S1-610551902,S3,India,selective_v1,0,91,6,27,0,33,0.11956632500039177,24,48,936,14,10.0,867,0.12191563099997893,1,868,867,868,116,1,1,60,1,1,0.17581361200006995
s1_1000,S1-763925165,S2,US,selective_v1,0,21,0,1,0,1,0.018266927000126998,20,40,425,16,1.0,342,0.018928876000018136,0,342,342,342,112,1,1,60,3,0,0.038667549999900075
s1_1000,S1-763925165,S3,US,selective_v1,0,21,0,1,0,1,0.019179796999992504,20,40,462,17,1.0,367,0.01989943699993546,0,367,367,367,97,1,1,60,1,0,0.044712829999980386
s1_1000,S1-809191477,S2,US,selective_v1,0,28,0,2,3,2,0.022126914999944347,23,46,209,12,1.0,193,0.022883578999994825,1,194,193,194,78,1,1,60,1,1,0.037426236999976936
s1_1000,S1-809191477,S3,US,selective_v1,0,28,1,4,2,5,0.02549582799986183,21,43,542,19,2.0,222,0.026261307000027045,3,472,469,472,81,1,1,60,3,3,0.05567799800007833
s1_1000,S1-589408855,S2,India,selective_v1,0,66,15,12,16,27,0.04006081199975142,23,48,596,18,5.0,483,0.04146651899998233,4,493,489,493,108,1,1,60,3,4,0.07698008800002754
s1_1000,S1-589408855,S3,India,selective_v1,0,66,15,18,13,33,0.0363867289999007,20,42,610,18,2.0,505,0.03754850500001794,10,525,515,525,108,1,1,60,3,10,0.07403673800001798
s1_1000,S1-206753882,S2,US,selective_v1,0,45,1,4,0,5,0.07753264399991622,24,49,198,12,5.0,136,0.07882194000001164,0,166,166,166,93,1,1,60,1,0,0.09354867199999717
s1_1000,S1-206753882,S3,US,selective_v1,0,45,3,6,0,9,0.10133830000017952,24,49,320,15,8.0,244,0.10261706300002515,0,280,280,280,93,1,1,60,0,0,0.12567519200001698
s1_1000,S1-878306771,S2,US,selective_v1,0,10,0,0,0,0,0.023380082000016955,10,20,30,6,0.0,27,0.023665090000008604,1,28,27,28,28,0,0,28,0,1,0.03139368099994044
s1_1000,S1-878306771,S3,US,selective_v1,0,10,0,0,0,0,0.024834328999872923,10,20,79,10,0.0,33,0.025112126000067292,4,37,33,37,37,0,0,37,2,4,0.030469824999954653
s1_1000,S1-328097241,S2,US,selective_v1,0,21,0,2,0,2,0.04897308899978725,19,38,526,19,0.0,517,0.04976590100000067,0,517,517,517,90,1,1,60,0,0,0.07673391100001936
s1_1000,S1-328097241,S3,US,selective_v1,0,21,0,2,0,2,0.050093138000192994,19,38,447,18,1.0,413,0.05081861800010756,1,414,413,414,84,1,1,60,2,1,0.07495080000001053
s1_1000,S1-829671154,S2,India,selective_v1,0,55,15,18,8,33,0.037355232000436445,14,28,333,8,6.0,309,0.037998991999984355,2,310,309,311,100,1,1,60,4,2,0.05741758699991806
s1_1000,S1-829671154,S3,India,selective_v1,0,55,10,28,4,38,0.045779409000260785,13,26,560,11,1.0,522,0.04643824799995855,4,526,522,526,117,1,1,60,0,4,0.07752627399997891
s1_1000,S1-631246874,S2,India,selective_v1,0,120,6,29,0,35,0.05785888299999442,24,50,581,20,4.0,496,0.06075906399996711,0,528,528,528,95,1,1,60,2,0,0.10427340100000038
s1_1000,S1-631246874,S3,India,selective_v1,0,120,1,23,0,24,0.07270008900013636,24,51,1049,24,0.0,904,0.07625922099998661,2,957,955,957,103,1,1,60,3,2,0.14090592600007312
s1_1000,S1-544759562,S2,US,selective_v1,0,15,0,1,0,1,0.03123859600009382,14,29,444,10,0.0,260,0.03175140400003329,32,427,395,427,117,1,1,60,0,32,0.06285989100001643
s1_1000,S1-544759562,S3,US,selective_v1,0,15,0,1,0,1,0.03202639699975407,14,29,476,14,0.0,269,0.03254235100007463,34,457,423,457,116,1,1,60,1,34,0.06395018399996388
s1_1000,S1-930744842,S2,India,selective_v1,0,91,10,34,0,44,0.0681255690000171,24,49,1165,22,2.0,962,0.07009085499998946,5,969,964,969,107,1,1,60,3,5,0.15938520999998218
s1_1000,S1-930744842,S3,India,selective_v1,0,91,6,31,0,37,0.07181831199966382,24,49,1110,19,4.0,982,0.07387093900001673,10,995,985,995,113,1,1,60,2,10,0.13580879100004495
s1_1000,S1-108161581,S2,US,selective_v1,0,21,1,4,0,5,0.03382390800004487,16,32,254,12,4.0,206,0.03435505299989927,28,234,206,234,88,1,1,60,1,28,0.0514388430000281
s1_1000,S1-108161581,S3,US,selective_v1,0,21,1,4,0,5,0.037628877999850374,16,32,260,9,4.0,228,0.03820366399997965,25,253,228,253,89,1,1,60,1,25,0.05744005500002913
s1_1000,S1-130260765,S2,India,selective_v1,0,36,3,10,4,13,0.04186008100032268,19,38,396,16,3.0,328,0.042699629999901845,1,329,328,329,108,1,1,60,2,1,0.0678044480000608
s1_1000,S1-130260765,S3,India,selective_v1,0,36,1,10,4,11,0.0615399029998116,21,42,388,17,4.0,338,0.06246655600000395,3,341,338,341,109,1,1,60,2,3,0.08589190199995755
s1_1000,S1-322705792,S2,US,selective_v1,0,36,0,3,4,3,0.03413664899994728,24,49,144,13,4.0,68,0.03504391600006329,0,121,121,121,97,1,1,60,2,0,0.045094455000025846
s1_1000,S1-322705792,S3,US,selective_v1,0,36,1,6,4,7,0.049994664999985616,24,49,302,18,6.0,199,0.05098339699998178,1,247,246,247,104,1,1,60,1,1,0.06530137400000058
s1_1000,S1-300047799,S2,US,selective_v1,0,15,1,2,0,3,0.012019674000157465,12,25,216,10,2.0,172,0.012422892000017782,3,192,189,192,83,1,1,60,2,3,0.02750557799993203
s1_1000,S1-300047799,S3,US,selective_v1,0,15,1,2,0,3,0.012370298000178082,12,25,224,10,2.0,170,0.012743591000003107,5,191,186,191,87,1,1,60,4,5,0.027388746000042374
s1_1000,S1-237606626,S2,US,selective_v1,0,15,0,3,0,3,0.01923049799972887,12,25,291,4,0.0,138,0.019580433999976776,33,283,250,283,112,1,1,60,0,33,0.03916755199998079
s1_1000,S1-237606626,S3,US,selective_v1,0,15,0,3,0,3,0.020476859999689623,12,25,331,12,0.0,156,0.020838554000079057,28,308,280,308,108,1,1,60,1,28,0.03983436899989101
s1_1000,S1-431860747,S2,India,selective_v1,0,28,3,0,3,3,0.015738890000079664,22,47,421,11,3.0,264,0.016503129000057015,0,309,309,309,90,1,1,60,0,0,0.0404321500000151
s1_1000,S1-431860747,S3,India,selective_v1,0,28,1,2,3,3,0.021459389999904488,22,47,711,21,1.0,358,0.02240127200002462,1,412,411,412,91,1,1,60,5,1,0.05008143600002768
s1_1000,S1-552437382,S2,US,selective_v1,0,36,3,6,4,9,0.030617228999972212,23,46,684,21,1.0,581,0.03172492900000634,0,581,581,581,114,1,1,60,0,0,0.06715146800002003
s1_1000,S1-552437382,S3,US,selective_v1,0,45,3,6,0,9,0.03181230200016216,24,49,693,20,1.0,597,0.03324164100001781,1,599,598,599,102,1,1,60,3,1,0.07114441099997748
s1_1000,S1-603435619,S2,India,selective_v1,0,66,10,10,0,20,0.04470976000004612,24,48,808,15,9.0,590,0.04643514400004278,4,594,590,594,114,1,1,60,2,4,0.08719863100009206
s1_1000,S1-603435619,S3,India,selective_v1,0,66,6,16,0,22,0.059581703999924684,24,48,886,17,6.0,615,0.06127102100003867,7,622,615,622,118,1,1,60,1,7,0.10153132499999629
s1_1000,S1-685335289,S2,US,selective_v1,0,21,1,2,0,3,0.011536019000004671,18,36,76,12,0.0,73,0.012028634999978749,0,73,73,73,73,1,1,60,0,0,0.0193663600000491
s1_1000,S1-685335289,S3,US,selective_v1,0,21,1,2,0,3,0.010147238000058678,18,36,88,10,0.0,85,0.010596179999993183,1,86,85,86,86,1,1,60,1,1,0.02157082399992305
s1_1000,S1-155779800,S2,US,selective_v1,0,45,1,6,0,7,0.06376472800002375,24,48,699,16,5.0,627,0.065208595999934,1,628,627,628,112,1,1,60,2,1,0.09681502299997646
s1_1000,S1-155779800,S3,US,selective_v1,0,45,3,9,5,12,0.07185786700006247,24,48,803,15,9.0,754,0.07320216300001903,1,755,754,755,117,1,1,60,1,1,0.11800339299998086
s1_1000,S1-501849627,S2,India,selective_v1,0,120,0,5,0,5,0.0761541210000587,24,48,489,22,1.0,399,0.0800511010000946,2,400,399,401,92,1,1,60,1,2,0.11443889500003479
s1_1000,S1-501849627,S3,India,selective_v1,0,120,0,1,0,1,0.08128238900008,24,48,436,22,1.0,365,0.08532501800004866,4,365,365,369,97,1,1,60,1,4,0.11355159400000048
s1_1000,S1-262004414,S2,US,selective_v1,0,21,0,0,0,0,0.024621990000014193,21,43,313,15,0.0,60,0.025222592999966764,0,290,290,290,78,1,1,60,2,0,0.0416356610001003
s1_1000,S1-262004414,S3,US,selective_v1,0,21,0,0,0,0,0.02369984699998895,21,42,190,20,1.0,95,0.0243138230000568,0,95,95,95,48,0,0,48,3,0,0.035692701000016314
s1_1000,S1-745903635,S2,US,selective_v1,0,28,1,6,2,7,0.06485342400003447,19,38,607,17,2.0,562,0.0657785649999596,3,565,562,565,110,1,1,60,1,3,0.10105241300004764
s1_1000,S1-745903635,S3,US,selective_v1,0,28,1,6,2,7,0.06317831300009402,19,38,553,16,3.0,516,0.06409129399992253,3,519,516,519,94,1,1,60,1,3,0.09627234699996734
s1_1000,S1-656765074,S2,India,selective_v1,0,78,21,20,16,41,0.03624946399986584,21,42,705,14,7.0,519,0.037567083999988427,1,520,519,520,117,1,1,60,3,1,0.0728278079999427
s1_1000,S1-656765074,S3,India,selective_v1,0,78,15,27,16,42,0.04123756899991804,20,40,1042,15,5.0,714,0.042677347999983795,3,717,714,717,116,1,1,60,1,3,0.08933044100001553
s1_1000,S1-904386702,S2,US,selective_v1,0,36,1,4,2,5,0.03728364300025078,24,49,531,17,5.0,399,0.03838352200000372,3,470,467,470,108,1,1,60,1,3,0.07070624900006806
s1_1000,S1-904386702,S3,US,selective_v1,0,36,1,5,4,6,0.035070281000116665,24,49,315,18,6.0,202,0.03610704799996256,1,269,268,269,111,1,1,60,1,1,0.05919699900005071
s1_1000,S1-337125619,S2,US,selective_v1,0,21,1,2,0,3,0.023707430000627028,18,37,591,16,1.0,540,0.024669199999948432,5,547,542,547,97,1,1,60,2,5,0.058005206000075304
s1_1000,S1-337125619,S3,US,selective_v1,0,21,1,2,0,3,0.0250970460000417,18,37,517,16,2.0,469,0.02584629299997232,2,474,472,474,95,1,1,60,2,2,0.05597637500000019
s1_1000,S1-514177496,S2,India,selective_v1,0,55,6,20,10,26,0.024327971999923648,19,38,433,19,0.0,314,0.02532091600005515,1,315,314,315,112,1,1,60,3,1,0.05139869399999952
s1_1000,S1-514177496,S3,India,selective_v1,0,55,3,20,10,23,0.04918888500003504,22,44,600,21,0.0,514,0.050373182000043926,0,514,514,514,105,1,1,60,1,0,0.08462057400004142
s1_1000,S1-395601309,S2,India,selective_v1,0,66,3,10,0,13,0.038582916000109435,24,48,607,18,6.0,472,0.040486264999913146,5,473,472,477,93,1,1,60,2,5,0.07299325899998621
s1_1000,S1-395601309,S3,India,selective_v1,0,66,3,9,0,12,0.04950718500003859,24,48,631,18,6.0,538,0.0514060470000004,8,546,538,546,113,1,1,60,4,8,0.08900905799998782
s1_1000,S1-577698852,S2,India,selective_v1,0,36,3,10,4,13,0.010629722000089714,19,41,276,19,0.0,205,0.011242991000017355,3,230,227,230,78,1,1,60,2,3,0.033850323999899956
s1_1000,S1-577698852,S3,India,selective_v1,0,36,0,9,4,9,0.03062228099975073,23,49,356,14,3.0,269,0.031453855999984626,1,296,295,296,76,1,1,60,3,1,0.0560666050000691
s1_1000,S1-874201682,S2,India,selective_v1,0,78,3,12,0,15,0.027469947999861688,24,51,226,18,4.0,152,0.02941175800003748,0,189,189,189,78,1,1,60,2,0,0.0485656390000031
s1_1000,S1-874201682,S3,India,selective_v1,0,78,0,12,0,12,0.02897266499996931,24,51,189,7,3.0,146,0.03095198200003324,0,183,183,183,80,1,1,60,0,0,0.049057096999945315
s1_1000,S1-126570986,S2,US,selective_v1,0,15,0,0,0,0,0.01427983800022048,15,31,181,14,0.0,109,0.014673221999942143,0,162,162,162,101,1,1,60,1,0,0.0252261370000042
s1_1000,S1-126570986,S3,US,selective_v1,0,15,0,0,0,0,0.014586974999815538,15,30,107,12,0.0,97,0.01499813299994912,1,98,97,98,95,1,1,60,1,1,0.02421904799996355
s1_1000,S1-671207789,S2,US,selective_v1,0,28,1,5,2,6,0.024315329000046404,20,42,566,16,1.0,327,0.0251290890000746,1,519,518,519,110,1,1,60,2,1,0.06025335200001791
s1_1000,S1-671207789,S3,US,selective_v1,0,28,1,4,2,5,0.034867295999902126,21,44,652,18,3.0,369,0.03593557800002145,1,574,573,574,112,1,1,60,2,1,0.07279128899995158
s1_1000,S1-708363043,S2,US,selective_v1,0,36,1,4,4,5,0.032095482999807246,24,48,303,22,2.0,235,0.03307782199999565,1,236,235,236,97,1,1,60,3,1,0.04921735000004901
s1_1000,S1-708363043,S3,US,selective_v1,0,36,1,4,4,5,0.03250873900026363,24,48,397,20,1.0,371,0.033582054000021344,0,371,371,371,92,1,1,60,2,0,0.05709445499996946
s1_1000,S1-614088401,S2,US,selective_v1,0,28,0,4,2,4,0.037878028999784874,22,45,441,18,3.0,218,0.038651521000019784,0,369,369,369,97,1,1,60,1,0,0.06713058299999375
s1_1000,S1-614088401,S3,US,selective_v1,0,28,1,6,2,7,0.02619102599976486,19,39,384,12,1.0,203,0.026833609000050274,0,342,342,342,106,1,1,60,0,0,0.047105785999974614
s1_1000,S1-569680730,S2,US,selective_v1,0,45,1,6,0,7,0.027200618000165377,24,49,382,22,2.0,243,0.02840463200004706,1,324,323,324,109,1,1,60,1,1,0.04960815200001889
s1_1000,S1-569680730,S3,US,selective_v1,0,45,1,6,0,7,0.0325286369998139,24,49,466,19,2.0,328,0.033807604000003266,1,408,407,408,113,1,1,60,2,1,0.059053886000015154
s1_1000,S1-767358074,S2,US,selective_v1,0,15,0,0,0,0,0.00870530300005612,15,32,252,10,1.0,16,0.009046463999993648,1,240,239,240,85,1,1,60,1,1,0.024500383000031434
s1_1000,S1-767358074,S3,US,selective_v1,0,15,0,1,0,1,0.004868222999448335,14,29,243,14,0.0,23,0.005196849999947517,1,212,211,212,63,1,1,60,2,1,0.019707024000013007
s1_1000,S1-322487719,S2,India,selective_v1,0,45,1,15,7,16,0.06317389800005913,22,44,942,15,7.0,571,0.06430915199996434,2,573,571,573,80,1,1,60,1,2,0.10359925199998088
s1_1000,S1-322487719,S3,India,selective_v1,0,55,1,21,5,22,0.08077932300022894,24,49,1229,21,3.0,760,0.08231535599998097,4,766,762,766,78,1,1,60,3,4,0.12913329699995302
s1_1000,S1-984079639,S2,US,selective_v1,0,15,0,2,0,2,0.033791085999610004,13,27,281,12,1.0,193,0.034221526999999696,2,241,239,241,114,1,1,60,2,2,0.05181287599998541
s1_1000,S1-984079639,S3,US,selective_v1,0,15,0,2,0,2,0.02905905399995845,13,27,332,12,1.0,204,0.029520450999939385,3,270,267,270,112,1,1,60,3,3,0.048474326000018664
s1_1000,S1-594866255,S2,US,selective_v1,0,21,0,1,0,1,0.022060386000021026,20,42,208,18,2.0,133,0.02263113300000441,1,179,178,179,89,1,1,60,1,1,0.0357534920000262
s1_1000,S1-594866255,S3,US,selective_v1,0,21,0,1,0,1,0.02664616699985345,20,42,208,17,2.0,123,0.027268341999956647,0,177,177,177,85,1,1,60,1,0,0.043244191999974646
s1_1000,S1-30108386,S2,US,selective_v1,0,15,0,1,0,1,0.03200655399984953,14,28,129,10,3.0,117,0.03242189000002327,4,121,117,121,75,1,1,60,2,4,0.04398937400003433
s1_1000,S1-30108386,S3,US,selective_v1,0,15,0,1,0,1,0.0349274959999093,14,28,134,9,3.0,125,0.03533426500007408,0,125,125,125,84,1,1,60,1,0,0.04572283200002403
