sample,source1_entity_id,source,country,intersection_scheduler,exact_overflow_passes,postings_looked_up,posting_ids_returned,intersection_pairs_considered,intersection_pairs_skipped_anchor,intersection_pairs_skipped_selectivity,intersection_pairs_skipped_term_quota,intersection_pairs_skipped_rules,intersection_sql_seconds,intersection_queries,intersection_nonempty_successes,intersection_overflows,intersection_unique_candidate_ids,intersection_total_seconds,exact_candidates,token_candidates,token_only_candidates,candidates_before_cap,eligible_before_final_cap,cap_hit,cap_truncated,selected_candidates,true_links_before_cap,selected_exact_candidates,query_seconds
s1_1000,S1-197826453,S2,US,selective_v1,0,51,1157,28,0,0,4,0,0.02002104199993937,24,15,1.0,60,0.020947852999938732,43,1118,1116,1159,142,1,1,60,3,40,0.07029752800008282
s1_1000,S1-197826453,S3,US,selective_v1,0,46,1535,28,0,2,4,2,0.030989854999916133,22,19,3.0,210,0.032104507999974885,56,1426,1425,1481,135,1,1,60,1,41,0.09631466199994065
s1_1000,S1-681233599,S2,India,selective_v1,0,41,546,91,21,31,19,52,0.02603807199966468,20,15,5.0,135,0.027213770999992448,0,188,188,188,77,1,1,60,1,0,0.03763255000001209
s1_1000,S1-681233599,S3,India,selective_v1,0,46,1001,91,21,29,19,50,0.035183433999918634,22,18,4.0,403,0.03681268800005455,0,646,646,646,96,1,1,60,1,0,0.06851292700002887
s1_1000,S1-910993346,S2,India,selective_v1,0,51,1137,55,3,11,0,14,0.029004632000010133,24,21,3.0,362,0.030504210000003695,1,674,673,674,114,1,1,60,3,1,0.0643744510000488
s1_1000,S1-910993346,S3,India,selective_v1,0,51,924,55,1,12,0,13,0.04219545500006916,24,22,2.0,445,0.04366161600000851,2,685,683,685,100,1,1,60,3,2,0.07788396199998715
s1_1000,S1-757945054,S2,India,selective_v1,0,52,290,120,10,15,0,25,0.014373730000102114,24,21,3.0,167,0.01720059299998411,14,220,206,220,78,1,1,60,2,14,0.02875733799999125
s1_1000,S1-757945054,S3,India,selective_v1,0,52,404,120,6,17,0,23,0.02279412499967748,24,22,2.0,257,0.02575892900006238,14,304,290,304,79,1,1,60,2,14,0.0410043740000674
s1_1000,S1-290854814,S2,India,selective_v1,0,53,959,66,6,8,0,14,0.014501585000061823,24,21,3.0,47,0.01627187999997659,4,620,620,624,115,1,1,60,3,4,0.0475261069999533
s1_1000,S1-290854814,S3,India,selective_v1,0,53,973,66,3,13,0,16,0.023349171999598184,24,20,1.0,194,0.024987303999978394,6,743,737,743,116,1,1,60,2,6,0.061310140000045976
s1_1000,S1-532135828,S2,US,selective_v1,0,50,1005,36,0,6,6,6,0.11888134500020442,24,18,3.0,894,0.12021686100001716,1,912,911,912,77,1,1,60,2,1,0.15731560299991543
s1_1000,S1-532135828,S3,US,selective_v1,0,48,930,36,0,9,4,9,0.11994362600046315,23,21,2.0,840,0.12101212199991096,0,855,855,855,78,1,1,60,2,0,0.1582039080000186
s1_1000,S1-489863972,S2,US,selective_v1,0,50,1460,55,3,9,0,12,0.03989994499988825,24,18,4.0,416,0.04141017799997826,2,1223,1221,1223,114,1,1,60,3,2,0.09017545599999721
s1_1000,S1-489863972,S3,US,selective_v1,0,50,1622,55,6,8,0,14,0.039953325000055884,24,19,5.0,462,0.04155063100006373,0,1465,1465,1465,106,1,1,60,2,0,0.10259300400002758
s1_1000,S1-127529460,S2,US,selective_v1,0,47,905,28,0,3,3,3,0.024390551999999843,22,19,3.0,198,0.025121922000039376,1,500,499,500,81,1,1,60,3,1,0.04657217299995864
s1_1000,S1-127529460,S3,US,selective_v1,0,47,843,28,0,3,3,3,0.025229497000054835,22,19,3.0,190,0.025954769000009037,0,472,472,472,78,1,1,60,2,0,0.04582103199993526
s1_1000,S1-148743364,S2,India,selective_v1,0,51,581,105,15,24,0,39,0.04705739400026232,24,19,5.0,341,0.04906962100005785,0,486,486,486,106,1,1,60,1,0,0.07469985300008375
s1_1000,S1-148743364,S3,India,selective_v1,0,51,633,105,10,26,0,36,0.04015413299998727,24,20,4.0,352,0.04234834099997897,0,488,488,488,112,1,1,60,1,0,0.06743560300003537
s1_1000,S1-348320286,S2,India,selective_v1,0,47,151,36,3,6,4,9,0.029360783000242918,23,11,10.0,110,0.030096810000031837,10,131,121,131,103,1,1,60,2,10,0.03730968300010318
s1_1000,S1-348320286,S3,India,selective_v1,0,45,350,36,1,9,4,10,0.04189497999993819,22,15,6.0,298,0.042654642999991665,5,319,314,319,112,1,1,60,1,5,0.058601693000014166
s1_1000,S1-188014924,S2,India,selective_v1,0,50,3931,120,10,20,0,30,0.050743090000310076,24,16,8.0,208,0.05419155399999909,3,3523,3523,3526,114,1,1,60,1,3,0.25507263300005434
s1_1000,S1-188014924,S3,India,selective_v1,0,50,4253,120,6,24,0,30,0.057604376999734086,24,18,6.0,389,0.06126879599992208,7,3691,3684,3691,113,1,1,60,2,7,0.2489209819999587
s1_1000,S1-787210237,S2,US,selective_v1,0,34,538,15,0,0,0,0,0.0027256399998805136,15,15,0.0,6,0.003076980000059848,2,351,349,351,106,1,1,60,2,2,0.019151207000049908
s1_1000,S1-787210237,S3,US,selective_v1,0,34,644,15,0,0,0,0,0.003207569000096555,15,15,0.0,14,0.0035616279999430844,0,418,418,418,117,1,1,60,1,0,0.021533101000045463
s1_1000,S1-477547538,S2,US,selective_v1,0,44,941,28,1,4,2,5,0.021579309000117064,21,18,2.0,273,0.02233246200000849,0,803,803,803,113,1,1,60,1,0,0.05430933200000254
s1_1000,S1-477547538,S3,US,selective_v1,0,44,1123,28,1,4,2,5,0.0225433029999067,21,19,2.0,280,0.023507071000040014,0,948,948,948,110,1,1,60,2,0,0.06368507499996667
s1_1000,S1-822441485,S2,India,selective_v1,0,49,1580,78,21,14,20,35,0.016758878999894478,23,21,1.0,132,0.018338838999966356,0,811,811,811,112,1,1,60,2,0,0.058825076999937664
s1_1000,S1-822441485,S3,India,selective_v1,0,49,1101,78,10,25,20,35,0.013638467999726345,23,18,3.0,121,0.014991687000019738,1,803,802,803,112,1,1,60,1,1,0.05382814999995844
s1_1000,S1-676890599,S2,US,selective_v1,0,26,306,15,1,2,0,3,0.011347410999974272,12,6,2.0,124,0.011653793999926165,15,209,209,224,111,1,1,60,0,15,0.021706289000007928
s1_1000,S1-676890599,S3,US,selective_v1,0,26,388,15,1,2,0,3,0.012071954999896661,12,10,2.0,142,0.01238742300006379,20,247,245,265,100,1,1,60,2,20,0.023768942000060633
s1_1000,S1-569158628,S2,US,selective_v1,0,28,2412,15,0,2,0,2,0.017418197999745644,13,11,1.0,114,0.01797294999994392,0,2383,2383,2383,113,1,1,60,1,0,0.12742570599993996
s1_1000,S1-569158628,S3,US,selective_v1,0,27,190,15,0,2,0,2,0.0184937929999478,13,12,1.0,129,0.018858405999935712,1,166,165,166,80,1,1,60,2,1,0.02737721899995904
s1_1000,S1-863311543,S2,US,selective_v1,0,45,725,28,3,2,2,5,0.013942890999828705,21,20,1.0,388,0.014884196999901178,1,554,553,554,91,1,1,60,2,1,0.03713582700004281
s1_1000,S1-863311543,S3,US,selective_v1,0,45,598,28,3,2,2,5,0.01413212999989355,21,18,2.0,251,0.01482162000002063,0,426,426,426,87,1,1,60,1,0,0.03295848800007661
s1_1000,S1-581141524,S2,India,selective_v1,0,51,3624,66,10,10,0,20,0.034862411999711185,24,15,8.0,431,0.036792353000009825,11,3300,3289,3300,119,1,1,60,2,11,0.20683670300002177
s1_1000,S1-581141524,S3,India,selective_v1,0,51,3448,66,6,19,9,25,0.031696725000074366,24,20,4.0,342,0.03531293600008212,13,3068,3055,3068,117,1,1,60,2,13,0.19831608399999823
s1_1000,S1-776008409,S2,US,selective_v1,0,30,1110,15,1,0,0,1,0.010992937999958485,14,10,1.0,220,0.011540443000058076,0,963,963,963,112,1,1,60,2,0,0.051346564000027684
s1_1000,S1-776008409,S3,US,selective_v1,0,30,1199,15,1,0,0,1,0.010830851000150687,14,13,1.0,247,0.011347924999995485,1,1023,1022,1023,109,1,1,60,4,1,0.07099076099996182
s1_1000,S1-125953774,S2,India,selective_v1,0,52,3296,66,6,8,0,14,0.023733657000320818,24,19,5.0,422,0.025856256999986726,0,2822,2822,2822,115,1,1,60,1,0,0.17826014499996745
s1_1000,S1-125953774,S3,India,selective_v1,0,52,3298,66,3,9,0,12,0.025395401000196216,24,17,5.0,319,0.02752700000007735,0,2842,2842,2842,119,1,1,60,1,0,0.17724580799995238
s1_1000,S1-711797056,S2,India,selective_v1,0,42,963,36,3,9,4,12,0.026336730000366515,20,16,4.0,192,0.02714544900004512,0,681,681,681,102,1,1,60,1,0,0.06184262600004331
s1_1000,S1-711797056,S3,India,selective_v1,0,42,891,36,3,9,4,12,0.023516212000117775,20,15,5.0,135,0.024310611000032623,2,576,574,576,84,1,1,60,3,2,0.052152054999965
s1_1000,S1-1713613,S2,India,selective_v1,0,51,1516,78,6,14,0,20,0.024507375000098364,24,20,3.0,498,0.02664462900008857,1,1414,1413,1414,110,1,1,60,1,1,0.09790916899999047
s1_1000,S1-1713613,S3,India,selective_v1,0,51,1342,78,3,17,0,20,0.021850233999998636,24,20,4.0,328,0.02374581499998385,2,1271,1269,1271,97,1,1,60,1,2,0.08642986400002428
s1_1000,S1-874244889,S2,US,selective_v1,0,51,2113,78,1,5,0,6,0.026037464000410182,24,10,9.0,162,0.0283396749999838,0,2037,2037,2037,106,1,1,60,1,0,0.11436348200004431
s1_1000,S1-874244889,S3,US,selective_v1,0,50,2870,78,1,11,0,12,0.045221098000070015,24,17,7.0,462,0.04768257199998516,1,2709,2708,2709,115,1,1,60,2,1,0.16660726800000702
s1_1000,S1-112485790,S2,US,selective_v1,0,50,589,45,1,10,3,11,0.04301216700025634,24,17,3.0,418,0.04417729299996154,4,531,527,531,105,1,1,60,1,4,0.06749902499996097
s1_1000,S1-112485790,S3,US,selective_v1,0,43,600,45,3,14,7,17,0.05036938099999588,21,17,4.0,508,0.05137380899998334,3,560,557,560,110,1,1,60,1,3,0.07591491499999847
s1_1000,S1-335303231,S2,US,selective_v1,0,49,499,28,0,3,2,3,0.03348666299996239,23,18,1.0,287,0.03425913199998831,1,465,464,465,114,1,1,60,1,1,0.05388541199999963
s1_1000,S1-335303231,S3,US,selective_v1,0,49,392,28,0,3,2,3,0.03564158600045175,23,16,2.0,143,0.03631576799989489,0,345,345,345,102,1,1,60,1,0,0.051428031000000374
s1_1000,S1-764425963,S2,India,selective_v1,0,52,1695,120,21,14,0,35,0.028636870999889652,24,23,1.0,276,0.031533437000007325,2,1121,1119,1121,103,1,1,60,2,2,0.09202529000003778
s1_1000,S1-764425963,S3,India,selective_v1,0,53,1387,120,10,15,0,25,0.03244663599991782,24,18,6.0,173,0.0356157420000045,0,939,939,939,97,1,1,60,1,0,0.08443622400000095
s1_1000,S1-211293205,S2,US,selective_v1,0,52,951,45,0,1,0,1,0.013394609999977547,24,10,1.0,155,0.014739736999899833,0,889,889,889,91,1,1,60,1,0,0.05183471199995893
s1_1000,S1-211293205,S3,US,selective_v1,0,50,1188,45,1,4,0,5,0.030443304000073113,24,20,2.0,317,0.03178484399995796,1,1041,1040,1041,97,1,1,60,2,1,0.07573136299993166
s1_1000,S1-138688101,S2,India,selective_v1,0,32,985,91,28,33,14,61,0.05538476499987155,16,11,5.0,931,0.05653118500003984,0,931,931,931,109,1,1,60,3,0,0.12019869400000971
s1_1000,S1-138688101,S3,India,selective_v1,0,30,762,91,28,48,0,76,0.06806801399989126,15,14,1.0,716,0.06873140899995178,0,716,716,716,80,1,1,60,0,0,0.10379892900004961
s1_1000,S1-538960854,S2,US,selective_v1,0,29,905,15,0,1,0,1,0.023996022000005723,14,10,4.0,58,0.024416900000005626,0,805,805,805,102,1,1,60,1,0,0.057892930999969394
s1_1000,S1-538960854,S3,US,selective_v1,0,29,992,15,0,1,0,1,0.025439071999812768,14,8,4.0,75,0.025891835000038554,1,883,882,883,96,1,1,60,1,1,0.06317071599994506
s1_1000,S1-281912479,S2,US,selective_v1,0,49,2531,28,0,0,5,0,0.03656840399980865,23,12,1.0,232,0.03771557400000347,0,2447,2447,2447,98,1,1,60,1,0,0.14200317400002405
s1_1000,S1-281912479,S3,US,selective_v1,0,48,2918,28,0,3,2,3,0.04680167399988022,23,20,2.0,251,0.047926209000024755,1,2551,2550,2551,106,1,1,60,3,1,0.15998388700006672
s1_1000,S1-30134334,S2,India,selective_v1,0,52,462,91,10,17,0,27,0.011523354999894764,24,12,5.0,130,0.013438229000030333,0,250,250,250,80,1,1,60,0,0,0.028214692000005925
s1_1000,S1-30134334,S3,India,selective_v1,0,53,727,91,10,15,0,25,0.013411603999998079,24,17,6.0,0,0.015398434000076122,2,371,369,371,77,1,1,60,3,2,0.03486187700002574
s1_1000,S1-773391278,S2,India,selective_v1,0,51,696,105,10,20,0,30,0.031080817999850296,24,17,5.0,221,0.03341710500001227,5,487,487,492,105,1,1,60,1,5,0.05905811800005267
s1_1000,S1-773391278,S3,India,selective_v1,0,51,907,105,6,24,0,30,0.03236126900026193,24,20,4.0,431,0.034834086999921965,11,692,681,692,107,1,1,60,1,11,0.06931579900003726
s1_1000,S1-967399237,S2,US,selective_v1,0,21,865,15,1,4,0,5,0.01644036900017909,10,9,0.0,244,0.017031959999940227,67,741,674,741,121,1,1,60,1,49,0.04702386700000716
s1_1000,S1-967399237,S3,US,selective_v1,0,19,804,15,3,3,0,6,0.011354398000207766,9,8,1.0,145,0.011896838999973625,77,639,630,707,143,1,1,60,4,40,0.041452655999933086
s1_1000,S1-100309770,S2,US,selective_v1,0,52,1088,36,1,4,2,5,0.013251548000198454,24,22,0.0,226,0.01438645500002167,0,764,764,764,102,1,1,60,3,0,0.04710164100004022
s1_1000,S1-100309770,S3,US,selective_v1,0,52,1112,36,1,4,2,5,0.015742110999667602,24,17,0.0,274,0.01686441999993349,0,837,837,837,85,1,1,60,0,0,0.05288608499995462
s1_1000,S1-727603875,S2,India,selective_v1,0,50,2588,91,3,19,0,22,0.04507820800029094,24,17,6.0,459,0.04774000600002637,0,2401,2401,2401,119,1,1,60,1,0,0.1709675120000611
s1_1000,S1-727603875,S3,India,selective_v1,0,50,3110,91,3,15,0,18,0.05321205500024462,24,21,3.0,859,0.056321429000036005,1,2788,2787,2788,116,1,1,60,3,1,0.19842044200004239
s1_1000,S1-415493702,S2,India,selective_v1,0,49,857,91,10,32,0,42,0.06810047900000882,24,16,6.0,717,0.06992934300001252,8,725,717,725,80,1,1,60,1,8,0.10751538500005609
s1_1000,S1-415493702,S3,India,selective_v1,0,49,794,91,6,32,0,38,0.06070357999999487,24,17,7.0,686,0.06255675800002791,10,692,692,702,86,1,1,60,5,10,0.09835028999998485
s1_1000,S1-456974070,S2,US,selective_v1,0,51,3135,36,1,2,4,3,0.02380095299986351,24,19,3.0,321,0.025400428000011743,1,2869,2868,2869,108,1,1,60,2,1,0.16978871200001322
s1_1000,S1-456974070,S3,US,selective_v1,0,51,3180,36,1,2,4,3,0.02413345100001152,24,18,4.0,311,0.02549376900003608,0,3042,3042,3042,117,1,1,60,1,0,0.15835213299999396
s1_1000,S1-461883442,S2,US,selective_v1,0,39,809,28,1,6,2,7,0.02889125699982742,19,17,2.0,298,0.029712451000023066,2,664,662,664,110,1,1,60,4,2,0.06034245599994392
s1_1000,S1-461883442,S3,US,selective_v1,0,39,728,28,1,6,2,7,0.03027445299971987,19,16,3.0,185,0.030973242999948525,3,559,556,559,106,1,1,60,3,3,0.05464925000001131
s1_1000,S1-141200697,S2,US,selective_v1,0,51,477,45,3,3,0,6,0.025753744000439838,24,13,2.0,348,0.026978360000043722,0,451,451,451,98,1,1,60,1,0,0.04605535600001076
s1_1000,S1-141200697,S3,US,selective_v1,0,47,676,45,6,8,8,14,0.04351405099953354,23,16,6.0,594,0.04456584400008978,1,602,601,602,108,1,1,60,2,1,0.07073886400007723
s1_1000,S1-531476391,S2,US,selective_v1,0,40,559,28,3,3,2,6,0.03432024000017009,20,16,4.0,500,0.03511886199999026,1,501,500,501,95,1,1,60,2,1,0.05629074399996625
s1_1000,S1-531476391,S3,US,selective_v1,0,40,660,28,3,3,2,6,0.037145691999512565,20,16,4.0,587,0.0379671219999409,1,588,587,588,92,1,1,60,3,1,0.0631599590000178
s1_1000,S1-841216992,S2,India,selective_v1,0,54,2819,55,3,0,0,3,0.012749375000112195,24,7,2.0,36,0.014588256000024558,0,2607,2607,2607,108,1,1,60,0,0,0.1528174750000062
s1_1000,S1-841216992,S3,India,selective_v1,0,54,2605,55,1,2,0,3,0.010738312999706068,24,21,2.0,25,0.012498484000047938,0,2476,2476,2476,113,1,1,60,1,0,0.1371712209999032
s1_1000,S1-195655668,S2,US,selective_v1,0,47,442,36,3,7,4,10,0.007803879999642049,22,17,0.0,214,0.008592926999995143,0,342,342,342,102,1,1,60,1,0,0.02425864300005287
s1_1000,S1-195655668,S3,US,selective_v1,0,47,294,36,3,7,4,10,0.0076769309998780955,22,16,1.0,90,0.008377104999908624,0,215,215,215,83,1,1,60,0,0,0.018120473999942988
s1_1000,S1-915817127,S2,US,selective_v1,0,52,1072,28,0,1,4,1,0.009123894999902404,23,13,1.0,83,0.009921058000031735,2,757,755,757,77,1,1,60,4,2,0.041278876999967906
s1_1000,S1-915817127,S3,US,selective_v1,0,49,1011,28,3,0,3,3,0.012302694000482006,22,19,3.0,0,0.013032833000011124,3,630,627,630,81,1,1,60,2,3,0.04293685599998298
s1_1000,S1-221516828,S2,India,selective_v1,0,51,562,66,15,0,0,15,0.019357265000053303,24,16,8.0,273,0.021084005000034267,0,383,383,383,79,1,1,60,3,0,0.040530741999987185
s1_1000,S1-221516828,S3,India,selective_v1,0,51,381,66,10,5,0,15,0.01795856300009291,24,13,8.0,210,0.019448939999961112,1,289,288,289,79,1,1,60,1,1,0.034366965999993226
s1_1000,S1-858438273,S2,India,selective_v1,0,45,371,78,28,8,20,36,0.017417329000068094,22,11,5.0,243,0.01865352200002235,2,254,252,254,91,1,1,60,0,2,0.03224165400001766
s1_1000,S1-858438273,S3,India,selective_v1,0,41,1301,78,21,22,16,43,0.016784037999855173,19,18,1.0,192,0.018107914999973218,8,732,724,732,79,1,1,60,2,8,0.0565017669999861
s1_1000,S1-879419565,S2,US,selective_v1,0,45,372,28,1,4,2,5,0.026983265999888317,21,17,4.0,122,0.02763618000005863,1,290,289,290,78,1,1,60,1,1,0.0404272560000436
s1_1000,S1-879419565,S3,US,selective_v1,0,45,448,28,1,4,2,5,0.027353845999755322,21,17,4.0,138,0.02803930200002469,1,327,326,327,78,1,1,60,3,1,0.042437967000068966
s1_1000,S1-783804493,S2,India,selective_v1,0,50,639,55,6,13,7,19,0.029553429999850778,24,18,5.0,345,0.03076101099998141,2,461,459,461,91,1,1,60,4,2,0.05388122200008638
s1_1000,S1-783804493,S3,India,selective_v1,0,50,727,55,3,13,0,16,0.051136710999799107,24,18,6.0,446,0.05261177400007,1,539,538,539,101,1,1,60,3,1,0.07887744300001032
s1_1000,S1-468160746,S2,US,selective_v1,0,28,311,15,0,2,0,2,0.010547434000045541,13,7,1.0,126,0.010893237000004774,48,236,188,236,96,1,1,60,0,43,0.021130723999931433
s1_1000,S1-468160746,S3,US,selective_v1,0,28,188,15,0,2,0,2,0.011145908000116833,13,11,2.0,53,0.011446991000070739,59,110,109,168,104,1,1,60,1,41,0.01883757500002048
s1_1000,S1-431232660,S2,India,selective_v1,0,47,293,66,10,20,13,30,0.05248662400003923,23,11,11.0,273,0.053531414999952176,1,276,275,276,113,1,1,60,1,1,0.06750353199993242
s1_1000,S1-431232660,S3,India,selective_v1,0,34,492,55,6,24,8,30,0.05281908999972984,17,7,10.0,468,0.05363224399991395,1,469,468,469,118,1,1,60,0,1,0.07757096600005298
s1_1000,S1-158405639,S2,US,selective_v1,0,49,1262,28,0,3,3,3,0.01674331499998516,22,20,1.0,47,0.01748190099999647,0,821,821,821,87,1,1,60,1,0,0.05337492299997848
s1_1000,S1-158405639,S3,US,selective_v1,0,49,1319,28,0,3,3,3,0.016893430000209264,22,11,1.0,59,0.01762273200006348,0,876,876,876,94,1,1,60,0,0,0.05593420100001367
s1_1000,S1-899768413,S2,India,selective_v1,0,48,745,66,10,11,0,21,0.05062368099993364,24,14,10.0,659,0.05229774700001144,1,660,659,660,103,1,1,60,2,1,0.08674025799996343
s1_1000,S1-899768413,S3,India,selective_v1,0,48,648,66,10,10,0,20,0.04451952700003403,24,13,10.0,604,0.046197739000035654,0,604,604,604,95,1,1,60,1,0,0.07606284899998172
s1_1000,S1-421253980,S2,India,selective_v1,0,53,2036,55,3,10,0,13,0.011839728999916588,24,18,3.0,0,0.013386397999965993,0,1752,1752,1752,88,1,1,60,1,0,0.12485832100003336
s1_1000,S1-421253980,S3,India,selective_v1,0,53,1992,55,3,7,0,10,0.011555913000051987,24,21,3.0,0,0.013138168000068617,1,1694,1693,1694,82,1,1,60,2,1,0.10104035799997746
s1_1000,S1-700204880,S2,US,selective_v1,0,51,1190,36,0,5,5,5,0.07583888400006344,24,21,3.0,440,0.07694773299999724,0,779,779,779,101,1,1,60,2,0,0.11091925699997773
s1_1000,S1-700204880,S3,US,selective_v1,0,51,1408,36,0,5,5,5,0.0779814590002843,24,21,3.0,559,0.07927829699997346,0,941,941,941,96,1,1,60,2,0,0.1202827240000488
s1_1000,S1-273482307,S2,US,selective_v1,0,53,759,45,0,11,3,11,0.019200007000222286,24,20,1.0,223,0.02020995899999889,1,543,542,543,115,1,1,60,1,1,0.04326130300000841
s1_1000,S1-273482307,S3,US,selective_v1,0,53,773,45,0,11,3,11,0.019847834000074727,24,16,1.0,232,0.02101184100001774,0,554,554,554,98,1,1,60,1,0,0.04455301899997721
s1_1000,S1-614569190,S2,US,selective_v1,0,47,1339,55,6,16,10,22,0.052033369999890056,23,16,7.0,297,0.053229481000016676,28,979,977,1005,130,1,1,60,1,28,0.09538962400006312
s1_1000,S1-614569190,S3,US,selective_v1,0,47,1428,55,6,16,10,22,0.0560496029999058,23,16,7.0,318,0.05732023099994876,40,1081,1080,1120,145,1,1,60,2,40,0.10597846600001049
s1_1000,S1-177222339,S2,India,selective_v1,0,49,662,66,3,19,0,22,0.051945913000395194,24,18,6.0,492,0.053478207000011935,1,514,513,514,112,1,1,60,1,1,0.07945629299990742
s1_1000,S1-177222339,S3,India,selective_v1,0,49,698,66,3,17,0,20,0.05269456599990008,24,16,7.0,576,0.05425397199996951,2,602,600,602,97,1,1,60,3,2,0.08346730599998864
s1_1000,S1-762724009,S2,India,selective_v1,0,50,480,91,15,18,0,33,0.030493370999920444,24,19,5.0,257,0.03228599899989604,6,383,377,383,79,1,1,60,1,6,0.051510193000012805
s1_1000,S1-762724009,S3,India,selective_v1,0,51,987,91,6,22,0,28,0.04202599799998552,24,17,6.0,257,0.044072180000057415,12,708,696,708,80,1,1,60,0,12,0.07819472099993163
s1_1000,S1-167019398,S2,US,selective_v1,0,45,447,21,1,0,0,1,0.007345230000623815,20,15,0.0,168,0.00791048899998259,0,340,340,340,82,1,1,60,3,0,0.022875850999980685
s1_1000,S1-167019398,S3,US,selective_v1,0,45,461,21,1,0,0,1,0.007590089999780503,20,15,0.0,186,0.008157968000091387,0,355,355,355,80,1,1,60,0,0,0.024125372999947103
s1_1000,S1-321797136,S2,India,selective_v1,0,50,1117,91,21,21,13,42,0.042329619000611274,24,16,7.0,444,0.044153545000085614,4,774,770,774,80,1,1,60,1,4,0.08306943299999148
s1_1000,S1-321797136,S3,India,selective_v1,0,50,1464,91,15,30,0,45,0.06666378700003861,24,21,3.0,762,0.06847045600000001,0,1077,1077,1077,78,1,1,60,1,0,0.12348092299998825
s1_1000,S1-514299264,S2,US,selective_v1,0,45,594,21,0,0,0,0,0.0075410920002241255,21,15,1.0,62,0.008097937000002275,0,539,539,539,104,1,1,60,2,0,0.030784785000037118
s1_1000,S1-514299264,S3,US,selective_v1,0,45,623,21,0,0,0,0,0.008143785999891406,21,20,1.0,55,0.008714300000065123,0,587,587,587,107,1,1,60,1,0,0.033895001000018965
s1_1000,S1-387363895,S2,US,selective_v1,0,45,544,28,1,4,2,5,0.022395807999942008,21,19,2.0,273,0.023078051999959825,2,366,364,366,85,1,1,60,2,2,0.038561482999966756
s1_1000,S1-387363895,S3,US,selective_v1,0,45,416,28,1,4,2,5,0.022006994000435043,21,15,3.0,163,0.02264669299995603,2,264,262,264,84,1,1,60,2,2,0.03402113999993617
s1_1000,S1-48122097,S2,US,selective_v1,0,32,1525,15,0,0,0,0,0.009202034000168169,15,12,0.0,50,0.009751860000051238,1,1496,1495,1496,109,1,1,60,2,1,0.07316033699999025
s1_1000,S1-48122097,S3,US,selective_v1,0,32,1690,15,0,0,0,0,0.00993420900010733,15,15,0.0,53,0.010443337999959112,1,1659,1658,1659,108,1,1,60,1,1,0.08261265999999523
s1_1000,S1-403142081,S2,US,selective_v1,0,23,824,15,1,4,0,5,0.008137640999848372,10,8,0.0,19,0.00846442699992167,94,505,503,597,134,1,1,60,1,44,0.034851518000095894
s1_1000,S1-403142081,S3,US,selective_v1,0,23,856,15,1,4,0,5,0.010380958000041574,10,9,0.0,32,0.010684837999974661,95,523,523,618,135,1,1,60,0,44,0.03858675300000414
s1_1000,S1-756082596,S2,India,selective_v1,0,52,2079,36,3,3,4,6,0.013951281999879939,24,20,4.0,4,0.01498756199998752,1,1853,1852,1853,99,1,1,60,2,1,0.10999603000004754
s1_1000,S1-756082596,S3,India,selective_v1,0,52,1957,36,0,3,2,3,0.015483543999948779,24,15,5.0,9,0.016615520000073047,1,1894,1893,1894,92,1,1,60,2,1,0.13735882699995727
s1_1000,S1-455236690,S2,India,selective_v1,0,33,205,28,3,7,2,10,0.017140807000259883,16,7,6.0,167,0.017617200000017874,0,192,192,192,86,1,1,60,0,0,0.0288425170000437
s1_1000,S1-455236690,S3,India,selective_v1,0,33,184,28,3,7,2,10,0.016660022000110075,16,9,7.0,122,0.017113973999926202,0,159,159,159,95,1,1,60,2,0,0.025324629000010646
s1_1000,S1-323308288,S2,India,selective_v1,0,49,1362,91,10,35,0,45,0.08886428099981458,24,16,8.0,968,0.09076668500006235,12,1156,1144,1156,100,1,1,60,1,12,0.15008470899999793
s1_1000,S1-323308288,S3,India,selective_v1,0,49,1151,91,10,32,0,42,0.08115920799991727,24,15,9.0,803,0.08308282299992698,9,964,964,973,108,1,1,60,2,9,0.13298402899999928
s1_1000,S1-318532201,S2,US,selective_v1,0,52,1308,36,0,0,4,0,0.009838075999937246,24,10,3.0,124,0.010945632000016303,1,1254,1253,1254,115,1,1,60,2,1,0.06387526200001048
s1_1000,S1-318532201,S3,US,selective_v1,0,51,1437,36,1,0,2,1,0.01693043299974306,24,14,5.0,172,0.01812477900000431,1,1315,1314,1315,111,1,1,60,1,1,0.07440135000001646
s1_1000,S1-149793766,S2,India,selective_v1,0,53,2487,120,0,8,0,8,0.02735214200026803,24,14,7.0,249,0.031035645000088152,1,2462,2462,2463,80,1,1,60,1,1,0.1644675190000271
s1_1000,S1-149793766,S3,India,selective_v1,0,53,3073,120,0,5,0,5,0.03234659100007775,24,21,3.0,494,0.0362361840000176,8,2762,2761,2769,123,1,1,60,3,8,0.18440980200000467
s1_1000,S1-654838535,S2,US,selective_v1,0,45,380,28,1,4,2,5,0.014174487999753183,21,20,1.0,124,0.014852508999979364,0,312,312,312,114,1,1,60,2,0,0.02937155199992958
s1_1000,S1-654838535,S3,US,selective_v1,0,45,437,28,1,4,2,5,0.015853953999794612,21,20,1.0,139,0.01652509400003055,1,354,353,354,116,1,1,60,1,1,0.0323695790000329
s1_1000,S1-867508332,S2,US,selective_v1,0,42,600,21,0,2,0,2,0.01784342000007655,19,13,1.0,51,0.018343945999959033,1,343,342,343,83,1,1,60,3,1,0.03343530200004352
s1_1000,S1-867508332,S3,US,selective_v1,0,42,593,21,0,2,0,2,0.017968930000392902,19,17,1.0,59,0.01846320199990714,2,343,341,343,85,1,1,60,1,2,0.03397296899993307
s1_1000,S1-181933717,S2,US,selective_v1,0,36,619,28,1,7,2,8,0.041840257999751884,18,16,2.0,567,0.042598764000103984,4,571,567,571,90,1,1,60,3,4,0.06631455600006575
s1_1000,S1-181933717,S3,US,selective_v1,0,38,720,28,1,6,2,7,0.05560619900018082,19,16,3.0,676,0.05637900800002171,1,677,676,677,102,1,1,60,2,1,0.08465926400003809
s1_1000,S1-492734844,S2,US,selective_v1,0,46,2552,28,0,3,3,3,0.0362955170000987,22,21,1.0,387,0.03733532500007186,1,2342,2341,2342,111,1,1,60,4,1,0.14203807900003085
s1_1000,S1-492734844,S3,US,selective_v1,0,46,2866,28,0,4,2,4,0.028535298000065268,22,20,1.0,362,0.029742927999905078,1,2643,2642,2643,113,1,1,60,3,1,0.15329668399999719
s1_1000,S1-412918045,S2,US,selective_v1,0,52,3617,36,1,4,4,5,0.026440145000037774,24,16,2.0,232,0.027824139000017567,171,3339,3334,3505,152,1,1,60,1,42,0.20129222299999583
s1_1000,S1-412918045,S3,US,selective_v1,0,48,1349,36,3,6,4,9,0.03375719400014532,23,19,4.0,221,0.03484391399990727,165,1082,1081,1246,142,1,1,60,3,43,0.0891779480000423
s1_1000,S1-130795020,S2,US,selective_v1,0,50,2383,28,1,0,3,1,0.02316295000014179,24,11,4.0,419,0.024367404000031456,0,2227,2227,2227,111,1,1,60,0,0,0.12152231499999289
s1_1000,S1-130795020,S3,US,selective_v1,0,46,2668,28,1,2,3,3,0.02004494400000567,22,19,3.0,490,0.021167235000007167,0,2579,2579,2579,110,1,1,60,4,0,0.13465229700000236
s1_1000,S1-818732511,S2,India,selective_v1,0,49,1394,120,15,40,0,55,0.07158027999969363,24,18,6.0,1110,0.07410677600000781,0,1295,1295,1295,105,1,1,60,1,0,0.1428512590000537
s1_1000,S1-818732511,S3,India,selective_v1,0,49,1137,120,10,41,0,51,0.07256675899986931,24,16,8.0,906,0.07512871500000529,0,1032,1032,1032,111,1,1,60,2,0,0.1294172369999842
s1_1000,S1-966769496,S2,India,selective_v1,0,52,888,78,3,9,0,12,0.02709995100042306,24,22,2.0,339,0.029562648000023728,0,522,522,522,114,1,1,60,3,0,0.05601949799995509
s1_1000,S1-966769496,S3,India,selective_v1,0,52,588,78,0,7,0,7,0.023978051999847594,24,17,4.0,184,0.02620402299999114,1,362,361,362,106,1,1,60,2,1,0.04490999799998008
s1_1000,S1-604234644,S2,India,selective_v1,0,51,775,45,0,8,0,8,0.04124146199978895,24,21,3.0,407,0.042520675999980995,1,541,540,541,97,1,1,60,1,1,0.0691767199999731
s1_1000,S1-604234644,S3,India,selective_v1,0,51,467,45,0,2,0,2,0.03939252099962687,24,19,5.0,260,0.04074020600000949,0,384,384,384,91,1,1,60,3,0,0.06002594300002784
s1_1000,S1-970543893,S2,US,selective_v1,0,46,1509,21,0,0,0,0,0.008537603999684507,21,8,1.0,91,0.00960106699994867,0,1344,1344,1344,89,1,1,60,0,0,0.06539105899992137
s1_1000,S1-970543893,S3,US,selective_v1,0,46,1487,21,0,0,0,0,0.00860376500008897,21,13,2.0,93,0.009387431000050128,0,1460,1460,1460,118,1,1,60,0,0,0.07284626499995284
s1_1000,S1-753418700,S2,India,selective_v1,0,52,430,120,3,20,0,23,0.030175964999898497,24,21,3.0,198,0.0331633169998895,2,336,334,336,86,1,1,60,3,2,0.051514452999981586
s1_1000,S1-753418700,S3,India,selective_v1,0,52,469,120,1,22,0,23,0.040451252000480054,24,18,5.0,245,0.04339986399997997,0,390,390,390,87,1,1,60,2,0,0.06354586500003734
s1_1000,S1-143815498,S2,US,selective_v1,0,47,760,28,0,3,3,3,0.04066285600026731,22,21,1.0,356,0.04149049600005128,0,525,525,525,88,1,1,60,2,0,0.06404982399999426
s1_1000,S1-143815498,S3,US,selective_v1,0,47,868,28,0,3,3,3,0.043131515000254694,22,21,1.0,389,0.04396065000003091,0,596,596,596,87,1,1,60,3,0,0.07031077700003152
s1_1000,S1-405331834,S2,US,selective_v1,0,41,828,28,1,6,2,7,0.02387340499990387,19,16,2.0,212,0.024540800999943713,1,471,470,471,105,1,1,60,0,1,0.04511206699999093
s1_1000,S1-405331834,S3,US,selective_v1,0,41,932,28,1,6,2,7,0.025964253999973153,19,17,2.0,230,0.02684426300004361,0,518,518,518,104,1,1,60,2,0,0.04978588200003742
s1_1000,S1-479745393,S2,US,selective_v1,0,43,429,21,1,0,0,1,0.01682811199975731,20,16,4.0,195,0.01739963300008185,1,312,311,312,79,1,1,60,4,1,0.030911427000091862
s1_1000,S1-479745393,S3,US,selective_v1,0,43,450,21,1,0,0,1,0.017660651999904076,20,16,4.0,206,0.01826726299998427,1,322,321,322,78,1,1,60,2,1,0.03256793299999572
s1_1000,S1-427745320,S2,US,selective_v1,0,46,781,28,0,4,2,4,0.06354319100023531,22,20,1.0,450,0.064370259000043,0,577,577,577,96,1,1,60,1,0,0.0887207529999614
s1_1000,S1-427745320,S3,US,selective_v1,0,46,851,28,0,4,2,4,0.06795472799990421,22,21,1.0,556,0.06883452700003545,1,670,669,670,98,1,1,60,2,1,0.09852766799997426
s1_1000,S1-878238472,S2,US,selective_v1,0,35,847,28,3,6,2,9,0.030774199999768825,17,15,2.0,294,0.03143009999996593,2,759,757,759,105,1,1,60,1,2,0.06339518599997973
s1_1000,S1-878238472,S3,US,selective_v1,0,29,929,28,3,9,2,12,0.04717947400013145,14,12,2.0,315,0.047789302000069256,1,853,852,853,105,1,1,60,1,1,0.08390336700006173
s1_1000,S1-177242080,S2,India,selective_v1,0,40,296,78,21,22,16,43,0.020066683999971247,19,15,4.0,246,0.021006327999998575,1,260,259,260,98,1,1,60,1,1,0.03512533399998574
s1_1000,S1-177242080,S3,India,selective_v1,0,42,434,78,10,36,12,46,0.03337627500002327,20,16,4.0,380,0.03441546200008361,0,388,388,388,101,1,1,60,3,0,0.053721162000101685
s1_1000,S1-514524433,S2,US,selective_v1,0,44,704,21,0,1,0,1,0.008561387000099785,20,20,0.0,194,0.009402400999988458,1,589,588,589,101,1,1,60,1,1,0.03438441699995565
s1_1000,S1-514524433,S3,US,selective_v1,0,44,595,21,0,1,0,1,0.00889471100015271,20,19,1.0,59,0.009451593999983743,1,468,467,468,106,1,1,60,1,1,0.02958014600005754
s1_1000,S1-368975208,S2,US,selective_v1,0,50,528,36,1,4,3,5,0.035762548999855426,24,19,5.0,295,0.036737570000013875,4,429,425,429,96,1,1,60,1,4,0.05514953500005504
s1_1000,S1-368975208,S3,US,selective_v1,0,50,604,36,1,4,3,5,0.037314435000098456,24,19,5.0,289,0.03830603800008703,6,450,444,450,97,1,1,60,3,6,0.057730736000053184
s1_1000,S1-416368005,S2,India,selective_v1,0,51,1053,91,6,15,0,21,0.03222978899975715,24,18,6.0,505,0.03457903299999998,0,782,782,782,108,1,1,60,1,0,0.07688286899997365
s1_1000,S1-416368005,S3,India,selective_v1,0,51,894,91,3,16,0,19,0.04692295800020929,24,19,5.0,309,0.04933370800006287,0,575,575,575,107,1,1,60,2,0,0.08017692100008844
s1_1000,S1-774688070,S2,US,selective_v1,0,52,3385,55,1,6,0,7,0.025028267999914533,24,11,6.0,9,0.02682336500004112,1,3175,3174,3175,109,1,1,60,2,1,0.16292583500001
s1_1000,S1-774688070,S3,US,selective_v1,0,51,3662,55,3,9,0,12,0.03830603200015048,24,15,9.0,74,0.039963090000014745,1,3374,3373,3374,109,1,1,60,2,1,0.1937620930000321
s1_1000,S1-154389957,S2,US,selective_v1,0,32,633,15,0,0,0,0,0.006815856000002896,15,15,0.0,98,0.007244161000016902,1,588,587,588,94,1,1,60,1,1,0.03477770299991789
s1_1000,S1-154389957,S3,US,selective_v1,0,32,634,15,0,0,0,0,0.007204002999969816,15,15,0.0,110,0.007599397999911162,1,582,581,582,91,1,1,60,3,1,0.031941018999987136
s1_1000,S1-619997739,S2,US,selective_v1,0,34,582,28,1,8,2,9,0.0632715049998751,17,16,1.0,522,0.06398270599993339,2,524,522,524,102,1,1,60,2,2,0.08600770800001101
s1_1000,S1-619997739,S3,US,selective_v1,0,34,669,28,1,8,2,9,0.07093746600003215,17,16,1.0,594,0.07168767199993908,2,596,594,596,110,1,1,60,3,2,0.0974133619999975
s1_1000,S1-337076534,S2,India,selective_v1,0,52,1531,55,15,0,0,15,0.017804424999781077,24,17,7.0,0,0.019309674000055566,2,962,960,962,111,1,1,60,2,2,0.06916714700003013
s1_1000,S1-337076534,S3,India,selective_v1,0,50,1385,55,10,10,12,20,0.01472090599997955,23,21,2.0,93,0.015896269999984725,1,969,968,969,108,1,1,60,5,1,0.06504261299994596
s1_1000,S1-107342523,S2,US,selective_v1,0,40,809,21,1,1,0,2,0.025690327999996043,19,12,4.0,221,0.026310661000024993,46,484,473,519,135,1,1,60,0,45,0.049513191000073675
s1_1000,S1-107342523,S3,US,selective_v1,0,40,993,21,1,1,0,2,0.028468908999911946,19,15,4.0,288,0.029140188999917882,40,593,583,623,121,1,1,60,3,40,0.05638379000004079
s1_1000,S1-996331863,S2,US,selective_v1,0,32,740,15,0,1,0,1,0.004776751999770568,14,11,0.0,42,0.005148262000034265,1,559,558,559,83,1,1,60,1,1,0.0288067989999945
s1_1000,S1-996331863,S3,US,selective_v1,0,31,477,15,0,1,0,1,0.005207071999961954,14,10,0.0,118,0.005597018000003118,2,342,340,342,81,1,1,60,2,2,0.020455661000028158
s1_1000,S1-218396099,S2,India,selective_v1,0,49,992,120,28,41,0,69,0.05238147800002935,24,20,4.0,515,0.05424235800001043,0,810,810,810,114,1,1,60,2,0,0.09721574100001362
s1_1000,S1-218396099,S3,India,selective_v1,0,50,1134,120,21,45,0,66,0.058307283000203824,24,19,5.0,433,0.06039935300009347,2,979,977,979,105,1,1,60,2,2,0.11111544499999582
s1_1000,S1-278891792,S2,India,selective_v1,0,50,899,120,6,23,0,29,0.0417381709997926,24,20,4.0,591,0.04472401500004253,3,769,766,769,101,1,1,60,5,3,0.08425299800001085
s1_1000,S1-278891792,S3,India,selective_v1,0,50,923,120,3,18,0,21,0.04390388599995276,24,23,0.0,705,0.04764253199994073,0,882,882,882,86,1,1,60,1,0,0.09321309400002065
s1_1000,S1-167735850,S2,India,selective_v1,0,52,1114,120,10,34,0,44,0.04392460999997638,24,20,4.0,428,0.04652209200003199,0,909,909,909,100,1,1,60,1,0,0.09446368400006122
s1_1000,S1-167735850,S3,India,selective_v1,0,52,1027,120,6,31,0,37,0.04766778800001248,24,21,3.0,477,0.05085854599997219,0,850,850,850,102,1,1,60,2,0,0.09517661900008534
s1_1000,S1-10023404,S2,US,selective_v1,0,43,1800,21,0,1,0,1,0.014307285000313641,20,8,3.0,6,0.015022584000007555,1,1691,1691,1692,59,0,0,59,1,1,0.08706804500002363
s1_1000,S1-10023404,S3,US,selective_v1,0,38,2216,21,1,2,0,3,0.023881995000010647,18,14,4.0,149,0.024732197000048473,0,1943,1943,1943,103,1,1,60,1,0,0.13060815799997272
s1_1000,S1-105174860,S2,US,selective_v1,0,44,590,28,0,5,2,5,0.02534529599972757,21,20,1.0,408,0.02613249299997733,1,520,519,520,100,1,1,60,1,1,0.04911101100003634
s1_1000,S1-105174860,S3,US,selective_v1,0,42,413,28,0,6,2,6,0.024095397000110097,20,16,2.0,250,0.024765475999970477,1,369,368,369,98,1,1,60,1,1,0.041216508000047725
s1_1000,S1-74282883,S2,US,selective_v1,0,24,452,15,1,2,0,3,0.020962423000014496,12,11,1.0,443,0.02143700700003137,0,443,443,443,114,1,1,60,1,0,0.040094416000101774
s1_1000,S1-74282883,S3,US,selective_v1,0,20,269,15,1,4,0,5,0.017873734000090735,10,9,1.0,251,0.018229964000056498,3,253,251,254,80,1,1,60,3,3,0.029402818999983538
s1_1000,S1-449905273,S2,India,selective_v1,0,51,850,36,1,5,3,6,0.01760600199986584,24,13,8.0,74,0.01852480500008369,4,712,712,716,119,1,1,60,1,4,0.05442536600003223
s1_1000,S1-449905273,S3,India,selective_v1,0,40,787,28,1,6,2,7,0.021057567999605453,19,10,7.0,50,0.02167520099999365,10,661,661,671,120,1,1,60,1,10,0.054644672000108585
s1_1000,S1-583248454,S2,US,selective_v1,0,49,3046,28,0,3,3,3,0.03389925899989521,22,11,1.0,94,0.034934808000002704,1,2662,2661,2662,113,1,1,60,1,1,0.15118186799998057
s1_1000,S1-583248454,S3,US,selective_v1,0,48,3931,28,0,4,2,4,0.06550128199990013,22,20,1.0,407,0.0668706999999813,1,3363,3362,3363,112,1,1,60,1,1,0.2268026030000101
s1_1000,S1-380737728,S2,India,selective_v1,0,43,1164,28,1,5,2,6,0.008639149000032376,20,18,2.0,98,0.00933101999999053,1,1016,1015,1016,102,1,1,60,1,1,0.06185005800000454
s1_1000,S1-380737728,S3,India,selective_v1,0,47,1250,28,0,3,3,3,0.015598564999777409,22,18,3.0,170,0.016387283999961255,1,1083,1082,1083,100,1,1,60,1,1,0.06859377700004643
s1_1000,S1-579315496,S2,India,selective_v1,0,52,2609,105,28,24,15,52,0.02509859500003131,24,20,3.0,71,0.027127360000008593,0,2094,2094,2094,111,1,1,60,1,0,0.13353193099999316
s1_1000,S1-579315496,S3,India,selective_v1,0,52,2410,105,21,29,0,50,0.025331868000307622,24,19,4.0,62,0.027323867999939466,2,2035,2033,2035,110,1,1,60,3,2,0.13191705999997794
s1_1000,S1-144692554,S2,US,selective_v1,0,46,1892,28,0,4,2,4,0.03414150600019639,22,17,2.0,400,0.035172219999935805,0,1791,1791,1791,117,1,1,60,0,0,0.11247120999996696
s1_1000,S1-144692554,S3,US,selective_v1,0,44,2105,28,1,4,2,5,0.027145616999973754,21,19,2.0,322,0.028125860999921315,0,1951,1951,1951,102,1,1,60,2,0,0.11477257900003224
s1_1000,S1-750911675,S2,US,selective_v1,0,39,653,21,0,3,0,3,0.032573310000088895,18,18,0.0,252,0.033150814999999056,1,596,595,596,109,1,1,60,1,1,0.060132076999934725
s1_1000,S1-750911675,S3,US,selective_v1,0,39,712,21,0,3,0,3,0.05156082599989986,18,12,0.0,278,0.052158138999971015,3,671,668,671,114,1,1,60,1,3,0.0812516629999891
s1_1000,S1-163567129,S2,US,selective_v1,0,52,661,45,1,6,0,7,0.01664949299993168,24,19,4.0,205,0.017800178999891614,0,474,474,474,85,1,1,60,1,0,0.03764160000002903
s1_1000,S1-163567129,S3,US,selective_v1,0,52,713,45,3,6,0,9,0.016239272999769128,24,18,3.0,209,0.017391731999964577,0,480,480,480,86,1,1,60,3,0,0.03838248500005648
s1_1000,S1-357016874,S2,India,selective_v1,0,51,704,55,3,7,0,10,0.01609012400001575,24,18,6.0,250,0.017495013999905495,1,519,518,519,78,1,1,60,2,1,0.04365251800004444
s1_1000,S1-357016874,S3,India,selective_v1,0,51,503,55,3,3,0,6,0.019795711000142546,24,19,5.0,103,0.021244371999955547,1,355,354,355,78,1,1,60,1,1,0.03918514200006484
s1_1000,S1-409176003,S2,US,selective_v1,0,42,1835,36,1,11,4,12,0.040378217000125005,20,17,3.0,263,0.04133711899999071,64,1690,1688,1752,164,1,1,60,2,53,0.11689255100009177
s1_1000,S1-409176003,S3,US,selective_v1,0,42,2139,36,3,9,4,12,0.04277897099996153,20,17,3.0,306,0.04389596700002585,49,1992,1991,2040,161,1,1,60,1,47,0.13538507000009758
s1_1000,S1-121010724,S2,US,selective_v1,0,46,253,28,0,2,3,2,0.04679437300001155,23,13,10.0,218,0.0475887300000295,30,219,218,248,131,1,1,60,1,30,0.0595515739998973
s1_1000,S1-121010724,S3,US,selective_v1,0,46,300,28,1,1,3,2,0.04840815699992618,23,12,10.0,250,0.04923998800006757,40,251,250,290,150,1,1,60,2,40,0.06215170300004047
s1_1000,S1-24665483,S2,India,selective_v1,0,55,4600,120,1,6,0,7,0.016017452000255616,24,21,3.0,204,0.020038407000015468,0,4464,4464,4464,117,1,1,60,1,0,0.25546428400002696
s1_1000,S1-24665483,S3,India,selective_v1,0,55,4277,120,0,6,0,6,0.014231540999730896,24,13,3.0,150,0.018166454000038357,0,4184,4184,4184,119,1,1,60,0,0,0.23779598500004795
s1_1000,S1-909373815,S2,US,selective_v1,0,45,626,28,1,4,2,5,0.02576599300016369,21,18,2.0,129,0.02646879999997509,0,371,371,371,91,1,1,60,1,0,0.04456941000000825
s1_1000,S1-909373815,S3,US,selective_v1,0,45,707,28,1,4,2,5,0.027761778000012782,21,19,2.0,168,0.028491835000068022,0,443,443,443,82,1,1,60,1,0,0.04841015400006654
s1_1000,S1-309786236,S2,US,selective_v1,0,53,1540,55,1,6,0,7,0.033668344000147954,24,16,3.0,253,0.035239617000002,2,1165,1163,1165,96,1,1,60,2,2,0.0850441420000152
s1_1000,S1-309786236,S3,US,selective_v1,0,52,1744,55,3,9,0,12,0.044976816000144026,24,20,4.0,235,0.04650505000006433,2,1221,1219,1221,96,1,1,60,2,2,0.1000561949999792
s1_1000,S1-687394374,S2,US,selective_v1,0,53,863,36,1,4,4,5,0.018006366999998136,24,23,0.0,284,0.01965366800004631,1,579,578,579,95,1,1,60,2,1,0.06454346599991823
s1_1000,S1-687394374,S3,US,selective_v1,0,53,815,36,1,4,4,5,0.018300183999713227,24,23,0.0,248,0.019406559000003654,2,524,522,524,101,1,1,60,2,2,0.042506292999973994
s1_1000,S1-680746477,S2,India,selective_v1,0,38,621,91,21,38,14,59,0.034197918999780086,18,13,4.0,183,0.03515440799992575,0,421,421,421,113,1,1,60,0,0,0.056865313999992395
s1_1000,S1-680746477,S3,India,selective_v1,0,36,566,91,10,50,14,60,0.02648340200016719,17,13,4.0,166,0.02736107299995183,1,410,409,410,103,1,1,60,4,1,0.048050912000007884
s1_1000,S1-585283089,S2,US,selective_v1,0,31,202,15,0,0,0,0,0.007443667000188725,15,15,0.0,0,0.007736966000038592,2,174,172,174,40,0,0,40,3,2,0.015285054000059972
s1_1000,S1-585283089,S3,US,selective_v1,0,31,194,15,0,0,0,0,0.00791094399994563,15,14,0.0,7,0.008215359000018907,0,175,175,175,46,0,0,46,1,0,0.015833995999969375
s1_1000,S1-879203325,S2,India,selective_v1,0,35,666,36,10,5,4,15,0.01165819199991347,17,15,2.0,446,0.01241664999997738,4,449,448,452,89,1,1,60,2,4,0.03469059999997626
s1_1000,S1-879203325,S3,India,selective_v1,0,37,567,36,6,8,4,14,0.01657174499962366,18,14,3.0,451,0.01730196400001205,8,455,455,463,92,1,1,60,4,8,0.04015946000004078
s1_1000,S1-844761107,S2,US,selective_v1,0,44,2095,28,1,4,2,5,0.029478494000272804,21,16,4.0,76,0.030371329999979935,0,1885,1885,1885,107,1,1,60,1,0,0.10996004699995865
s1_1000,S1-844761107,S3,US,selective_v1,0,44,2145,28,1,4,2,5,0.030682733999924494,21,16,5.0,77,0.03167786899996372,0,2056,2056,2056,113,1,1,60,1,0,0.12966059400002905
s1_1000,S1-304946100,S2,US,selective_v1,0,49,1615,55,1,13,0,14,0.06050328799972249,24,13,11.0,390,0.06215990400005467,49,1345,1343,1392,158,1,1,60,1,46,0.12280266699997355
s1_1000,S1-304946100,S3,US,selective_v1,0,49,1885,55,1,14,0,15,0.06259481900008268,24,14,10.0,607,0.06416601099999752,60,1714,1714,1774,160,1,1,60,2,47,0.14341191400001208
s1_1000,S1-515747615,S2,US,selective_v1,0,31,404,28,3,8,2,11,0.029908892999856107,15,12,3.0,313,0.03045280100002401,47,340,339,386,129,1,1,60,2,44,0.048326994000035484
s1_1000,S1-515747615,S3,US,selective_v1,0,29,425,28,3,10,1,13,0.030405514999756633,14,12,1.0,336,0.03092020200006118,63,363,362,425,136,1,1,60,1,46,0.049609873999997944
s1_1000,S1-384966707,S2,US,selective_v1,0,52,429,36,1,2,2,3,0.013594434000196998,24,15,5.0,7,0.014484399000025405,1,230,229,230,89,1,1,60,3,1,0.024705646000029446
s1_1000,S1-384966707,S3,US,selective_v1,0,52,581,36,3,0,2,3,0.016510771000184832,24,12,5.0,79,0.01747447499997179,0,344,344,344,96,1,1,60,0,0,0.03245366800001648
s1_1000,S1-744779380,S2,US,selective_v1,0,47,1176,28,0,2,4,2,0.020702779999851373,22,11,1.0,166,0.02154292499994881,1,1082,1081,1082,111,1,1,60,1,1,0.06601096599990797
s1_1000,S1-744779380,S3,US,selective_v1,0,47,1315,28,0,3,3,3,0.02153064699996321,22,16,0.0,180,0.022318164000012075,0,1210,1210,1210,87,1,1,60,1,0,0.07365623400005461
s1_1000,S1-894981152,S2,US,selective_v1,0,40,659,28,1,6,2,7,0.042212672000346174,19,14,3.0,455,0.0429444929999363,1,539,538,539,111,1,1,60,0,1,0.06587525999998434
s1_1000,S1-894981152,S3,US,selective_v1,0,40,519,28,1,6,2,7,0.04493290300024455,19,13,4.0,329,0.045626506000076006,1,404,403,404,99,1,1,60,1,1,0.06369638499995744
s1_1000,S1-599108848,S2,US,selective_v1,0,27,2220,15,0,2,0,2,0.022214827000311743,13,10,3.0,139,0.022825576999935038,24,2185,2161,2185,117,1,1,60,2,24,0.12010755699998299
s1_1000,S1-599108848,S3,US,selective_v1,0,27,2277,15,0,2,0,2,0.02338422000002538,13,10,3.0,144,0.023930040999971425,21,2260,2239,2260,117,1,1,60,2,21,0.12478317700004027
s1_1000,S1-265935406,S2,US,selective_v1,0,43,685,36,1,10,4,11,0.08609833900015929,21,19,2.0,498,0.08727628300005108,1,601,600,601,108,1,1,60,1,1,0.11321243500003675
s1_1000,S1-265935406,S3,US,selective_v1,0,43,882,36,1,12,2,13,0.09714388299971688,21,21,0.0,618,0.09805351800002882,1,747,746,747,105,1,1,60,2,1,0.1299946800000953
s1_1000,S1-384623955,S2,India,selective_v1,0,53,1064,105,10,20,0,30,0.03476157700015392,24,20,4.0,196,0.037212829999930364,0,573,573,573,93,1,1,60,3,0,0.06702718399992591
s1_1000,S1-384623955,S3,India,selective_v1,0,53,1035,105,10,16,0,26,0.027961449000144967,24,21,3.0,311,0.030640365999943242,1,648,648,649,101,1,1,60,1,1,0.0635739699999931
s1_1000,S1-642055972,S2,India,selective_v1,0,42,1317,55,10,15,10,25,0.02531319400020493,20,12,8.0,52,0.026243316999966737,0,1096,1096,1096,92,1,1,60,2,0,0.08322907799993118
s1_1000,S1-642055972,S3,India,selective_v1,0,48,1362,55,10,10,12,20,0.02948125899979459,23,13,9.0,192,0.030713611999999557,0,1239,1239,1239,115,1,1,60,1,0,0.11027024800000618
s1_1000,S1-841451402,S2,India,selective_v1,0,48,1634,91,21,23,24,44,0.030755301000340296,23,15,6.0,451,0.032597204000012425,0,1304,1304,1304,111,1,1,60,1,0,0.09946378400002232
s1_1000,S1-841451402,S3,India,selective_v1,0,50,1507,91,21,22,19,43,0.0292484730000524,24,17,7.0,363,0.030964467999979206,1,1142,1141,1142,106,1,1,60,5,1,0.08856078400003753
s1_1000,S1-909919632,S2,India,selective_v1,0,50,1222,55,10,5,0,15,0.028323094000256788,24,15,9.0,228,0.02978619099997104,1,779,778,779,115,1,1,60,1,1,0.06983248000005915
s1_1000,S1-909919632,S3,India,selective_v1,0,50,960,55,10,5,0,15,0.025941125000144893,24,13,11.0,223,0.02733632900003613,0,780,780,780,109,1,1,60,1,0,0.06706357399991703
s1_1000,S1-364947441,S2,US,selective_v1,0,25,160,15,0,3,0,3,0.015625112999941848,12,12,0.0,115,0.01593711499992878,0,127,127,127,81,1,1,60,3,0,0.02196614599995428
s1_1000,S1-364947441,S3,US,selective_v1,0,25,228,15,0,3,0,3,0.019783701000051224,12,12,0.0,186,0.020124947999988763,1,201,200,201,82,1,1,60,3,1,0.029108875000019907
s1_1000,S1-431196769,S2,India,selective_v1,0,53,922,105,21,21,0,42,0.02288853799973367,24,23,1.0,192,0.02490796299991871,1,581,580,581,114,1,1,60,3,1,0.055053606999990734
s1_1000,S1-431196769,S3,India,selective_v1,0,53,946,105,15,24,0,39,0.04586111100013568,24,23,1.0,391,0.048076585999979216,0,716,716,716,108,1,1,60,3,0,0.08489683300001616
s1_1000,S1-939078389,S2,US,selective_v1,0,45,992,28,1,4,2,5,0.02457605400002194,21,18,2.0,264,0.025376273999995647,4,729,725,729,78,1,1,60,2,4,0.05629724699997496
s1_1000,S1-939078389,S3,US,selective_v1,0,45,1104,28,1,4,2,5,0.026029956000229504,21,17,2.0,284,0.027149889000043004,6,782,776,782,80,1,1,60,2,6,0.06272871099997701
s1_1000,S1-804230106,S2,US,selective_v1,0,50,1707,55,0,4,0,4,0.05119828499994128,24,21,3.0,465,0.05313011999999162,1,1514,1513,1514,114,1,1,60,1,1,0.11855200299999069
s1_1000,S1-804230106,S3,US,selective_v1,0,50,1740,55,0,4,0,4,0.05461121899998034,24,20,4.0,501,0.05663504999995439,1,1632,1631,1632,110,1,1,60,3,1,0.1302399560000822
s1_1000,S1-81605219,S2,US,selective_v1,0,51,1339,45,0,2,0,2,0.025828910000541327,24,16,2.0,312,0.027332458999921982,0,1243,1243,1243,88,1,1,60,1,0,0.07898807599997326
s1_1000,S1-81605219,S3,US,selective_v1,0,50,1535,45,1,6,0,7,0.040454639000472525,24,20,4.0,320,0.04189659300004678,1,1335,1334,1335,109,1,1,60,2,1,0.09978412500004197
s1_1000,S1-669371909,S2,US,selective_v1,0,51,808,45,1,10,0,11,0.06918356100038636,24,20,2.0,467,0.07038463599997158,0,612,612,612,112,1,1,60,2,0,0.0972181660000615
s1_1000,S1-669371909,S3,US,selective_v1,0,51,885,45,1,10,0,11,0.07312044400009654,24,22,2.0,488,0.07429881799998839,0,656,656,656,100,1,1,60,1,0,0.1027532359998986
s1_1000,S1-722211742,S2,US,selective_v1,0,34,1041,21,1,4,0,5,0.02075472399985756,16,16,0.0,174,0.021306502000015826,0,923,923,923,105,1,1,60,1,0,0.05967135200000939
s1_1000,S1-722211742,S3,US,selective_v1,0,34,1144,21,1,4,0,5,0.02239103600004455,16,14,0.0,200,0.022980188000019552,1,1019,1018,1019,114,1,1,60,1,1,0.06631767299995772
s1_1000,S1-344389867,S2,India,selective_v1,0,51,405,36,1,4,4,5,0.014118104999965908,24,20,2.0,232,0.015060646000051747,3,260,257,260,80,1,1,60,1,3,0.028302285999984633
s1_1000,S1-344389867,S3,India,selective_v1,0,51,477,36,1,6,5,7,0.01755117599998357,24,20,1.0,363,0.018460357999970256,15,395,380,395,80,1,1,60,2,15,0.03701550900007078
s1_1000,S1-245158009,S2,India,selective_v1,0,37,770,91,28,26,19,54,0.03321201299979748,18,12,5.0,538,0.03442012899995461,0,609,609,609,112,1,1,60,1,0,0.06567741500009561
s1_1000,S1-245158009,S3,India,selective_v1,0,41,1165,91,15,45,11,60,0.07009095700016132,20,17,2.0,1020,0.07138317700002972,0,1062,1062,1062,115,1,1,60,1,0,0.1247880380000197
s1_1000,S1-20197629,S2,US,selective_v1,0,27,524,15,0,2,0,2,0.026456852000251274,13,10,2.0,322,0.026940362000004825,42,482,440,482,98,1,1,60,1,41,0.04716100199993889
s1_1000,S1-20197629,S3,US,selective_v1,0,27,434,15,0,2,0,2,0.02780723199998647,13,10,3.0,205,0.028242273999921963,47,350,349,396,130,1,1,60,4,41,0.04575911699998869
s1_1000,S1-207590961,S2,India,selective_v1,0,52,934,66,10,10,0,20,0.018469804999767803,24,22,2.0,256,0.02035565999995015,1,608,607,608,87,1,1,60,3,1,0.0523162179999872
s1_1000,S1-207590961,S3,India,selective_v1,0,52,899,66,6,13,0,19,0.02623526199988646,24,22,2.0,288,0.0278435669999908,1,661,660,661,96,1,1,60,3,1,0.060118776999956935
s1_1000,S1-526366343,S2,India,selective_v1,0,52,1080,66,0,9,0,9,0.04695164999998269,24,19,5.0,197,0.04882241500001783,1,810,809,810,89,1,1,60,2,1,0.08928190099993571
s1_1000,S1-526366343,S3,India,selective_v1,0,52,1224,66,0,5,0,5,0.04282106300047417,24,18,5.0,414,0.04509894499994971,0,1091,1091,1091,100,1,1,60,1,0,0.12029089800000747
s1_1000,S1-949007210,S2,US,selective_v1,0,40,864,21,0,2,0,2,0.02569796900002075,19,12,0.0,294,0.026429057000086686,0,802,802,802,94,1,1,60,0,0,0.060768326000015804
s1_1000,S1-949007210,S3,US,selective_v1,0,40,770,21,0,2,0,2,0.027561670000181948,19,18,1.0,190,0.028136823000068034,0,687,687,687,81,1,1,60,1,0,0.05755677399997694
s1_1000,S1-536563041,S2,US,selective_v1,0,41,422,28,1,6,2,7,0.0326934529995242,19,18,1.0,269,0.03331956399995306,2,320,318,320,77,1,1,60,3,2,0.047246745000052215
s1_1000,S1-536563041,S3,US,selective_v1,0,39,326,28,1,7,2,8,0.02945384999975431,18,11,1.0,259,0.030021966999925098,0,297,297,297,80,1,1,60,0,0,0.043146105000005264
s1_1000,S1-527878296,S2,India,selective_v1,0,27,2171,36,6,13,4,19,0.030363825000222278,13,8,5.0,229,0.031235872000024756,0,1839,1839,1839,98,1,1,60,1,0,0.12193443499995738
s1_1000,S1-527878296,S3,India,selective_v1,0,27,2104,36,6,13,4,19,0.03163078800025687,13,7,6.0,280,0.03235175299994353,4,1922,1918,1922,89,1,1,60,1,4,0.12575439900001584
s1_1000,S1-197999830,S2,US,selective_v1,0,42,394,36,1,10,4,11,0.059649916999887864,21,14,7.0,358,0.060464146000072105,1,359,358,359,109,1,1,60,1,1,0.07633677100000114
s1_1000,S1-197999830,S3,US,selective_v1,0,38,441,36,1,12,4,13,0.05883756100024584,19,14,5.0,401,0.05955204800000047,2,403,401,403,105,1,1,60,2,2,0.07690832700006922
s1_1000,S1-329046602,S2,US,selective_v1,0,22,770,15,1,4,0,5,0.008027648999927806,10,10,0.0,50,0.008375859000011587,138,686,686,824,152,1,1,60,1,44,0.0420894200000248
s1_1000,S1-329046602,S3,US,selective_v1,0,22,822,15,1,4,0,5,0.008624040999848148,10,10,0.0,60,0.008985241000004862,135,724,724,859,141,1,1,60,3,43,0.04620818299997609
s1_1000,S1-842422827,S2,India,selective_v1,0,47,528,78,28,8,20,36,0.007425857000271208,22,20,2.0,178,0.008671892999927877,0,258,258,258,48,0,0,48,1,0,0.023385334000067814
s1_1000,S1-842422827,S3,India,selective_v1,0,49,453,78,15,20,20,35,0.011260479000270607,23,20,1.0,186,0.012498709999931634,1,259,258,259,80,1,1,60,1,1,0.026689266000062162
s1_1000,S1-97576031,S2,US,selective_v1,0,47,953,28,0,2,4,2,0.016614975000038612,22,22,0.0,167,0.017475771000022178,7,720,713,720,94,1,1,60,3,7,0.047092443999986244
s1_1000,S1-97576031,S3,US,selective_v1,0,47,1021,28,0,2,4,2,0.016759165000053144,22,19,0.0,199,0.017689076000010573,4,815,811,815,86,1,1,60,2,4,0.05276868299995385
s1_1000,S1-244663723,S2,US,selective_v1,0,45,1911,28,0,3,3,3,0.04577573000005941,22,22,0.0,489,0.04697095099993476,2,1747,1745,1747,103,1,1,60,3,2,0.12247210399993946
s1_1000,S1-244663723,S3,US,selective_v1,0,45,2162,28,0,3,3,3,0.04914861300017037,22,22,0.0,571,0.05041371699996944,1,2002,2001,2002,90,1,1,60,1,1,0.14035010999998576
s1_1000,S1-827192339,S2,US,selective_v1,0,45,504,21,0,1,0,1,0.0052868230001195116,20,19,0.0,50,0.005823500000019521,1,416,415,416,79,1,1,60,2,1,0.02468771700000616
s1_1000,S1-827192339,S3,US,selective_v1,0,45,530,21,0,1,0,1,0.005922545000089485,20,11,0.0,50,0.006443451999984973,0,440,440,440,80,1,1,60,0,0,0.025414657999931478
s1_1000,S1-282340006,S2,US,selective_v1,0,50,2044,45,1,11,6,12,0.05998148200012565,24,21,3.0,471,0.06141913500005103,1,1768,1767,1768,112,1,1,60,1,1,0.13789408299999195
s1_1000,S1-282340006,S3,US,selective_v1,0,50,1887,45,1,12,7,13,0.0513306180004065,24,17,4.0,272,0.05266017400003875,4,1656,1652,1656,110,1,1,60,1,4,0.12879392299998926
s1_1000,S1-735626336,S2,US,selective_v1,0,53,668,78,3,17,0,20,0.03986035599996285,24,15,4.0,259,0.04171149000001151,46,512,512,558,138,1,1,60,1,43,0.06664037099994857
s1_1000,S1-735626336,S3,US,selective_v1,0,51,594,78,6,24,0,30,0.06545527299999776,24,14,7.0,222,0.06706625500009977,49,358,358,407,143,1,1,60,0,47,0.08584216099995956
s1_1000,S1-861072437,S2,US,selective_v1,0,42,761,21,1,0,0,1,0.01753525499987063,20,18,2.0,503,0.018278405999922143,1,589,588,589,103,1,1,60,2,1,0.042063550000079886
s1_1000,S1-861072437,S3,US,selective_v1,0,42,841,21,1,0,0,1,0.01783699200029787,20,18,2.0,556,0.018574145999991742,0,653,653,653,89,1,1,60,1,0,0.04688651000003574
s1_1000,S1-150446399,S2,US,selective_v1,0,53,1771,55,0,4,0,4,0.018639841999970486,24,17,2.0,137,0.020423926000034953,2,1628,1626,1628,85,1,1,60,3,2,0.08921704300007605
s1_1000,S1-150446399,S3,US,selective_v1,0,52,1858,55,1,8,0,9,0.022028248000083295,24,20,3.0,53,0.02365635699993618,1,1636,1635,1636,90,1,1,60,1,1,0.11411581999993814
s1_1000,S1-446119207,S2,India,selective_v1,0,51,2469,55,3,11,0,14,0.021796470999788653,24,14,8.0,188,0.02330615799996849,0,2236,2236,2236,110,1,1,60,1,0,0.13706412099998033
s1_1000,S1-446119207,S3,India,selective_v1,0,52,2535,55,3,6,0,9,0.02424790499969731,24,16,8.0,107,0.025891295999940667,2,2302,2300,2302,109,1,1,60,3,2,0.14282559200000833
s1_1000,S1-63291897,S2,US,selective_v1,0,30,392,15,0,0,0,0,0.04084332699960669,15,15,0.0,351,0.041358201999969424,31,382,351,382,108,1,1,60,1,31,0.05816865199994936
s1_1000,S1-63291897,S3,US,selective_v1,0,30,494,15,0,0,0,0,0.04728598200006218,15,15,0.0,430,0.04782369899999139,32,462,430,462,115,1,1,60,3,32,0.06814204900001641
s1_1000,S1-312045154,S2,India,selective_v1,0,48,529,78,15,24,16,39,0.028850056000010227,23,18,5.0,152,0.030126110999958655,2,306,304,306,93,1,1,60,3,2,0.046762212999965413
s1_1000,S1-312045154,S3,India,selective_v1,0,50,429,78,10,25,0,35,0.039014601000076254,24,16,8.0,209,0.04034556499993869,1,336,335,336,97,1,1,60,2,1,0.058272684000030495
s1_1000,S1-737773396,S2,US,selective_v1,0,18,841,10,0,2,0,2,0.007948977000182822,8,8,0.0,7,0.008218697000074826,4,769,765,769,98,1,1,60,4,4,0.04011649500000658
s1_1000,S1-737773396,S3,US,selective_v1,0,18,846,10,0,2,0,2,0.008243263999816008,8,8,0.0,13,0.008510365999995884,0,775,775,775,98,1,1,60,2,0,0.0412774310000259
s1_1000,S1-948556352,S2,US,selective_v1,0,31,515,15,0,1,0,1,0.006722802000126649,14,7,0.0,107,0.00711354999998548,0,345,345,345,107,1,1,60,0,0,0.021710420999966118
s1_1000,S1-948556352,S3,US,selective_v1,0,31,650,15,0,1,0,1,0.007571998000003077,14,11,0.0,151,0.007983662000015102,0,427,427,427,87,1,1,60,0,0,0.026360866000004535
s1_1000,S1-973146494,S2,India,selective_v1,0,41,414,105,28,35,22,63,0.03412854299949686,20,16,3.0,354,0.03539297700001498,0,366,366,366,93,1,1,60,0,0,0.05453479100003733
s1_1000,S1-973146494,S3,India,selective_v1,0,45,296,105,28,33,22,61,0.037755246999836345,22,16,6.0,244,0.0390767499999356,2,258,256,258,99,1,1,60,3,2,0.05288352800005214
s1_1000,S1-126889069,S2,US,selective_v1,0,43,1031,36,3,9,4,12,0.02983483799982878,20,18,2.0,63,0.030605180999941695,3,825,822,825,111,1,1,60,1,3,0.06647665600007713
s1_1000,S1-126889069,S3,US,selective_v1,0,43,1325,36,3,9,4,12,0.030555677000165815,20,18,2.0,67,0.03138900999999805,3,972,969,972,101,1,1,60,3,3,0.07367897299991455
s1_1000,S1-742486561,S2,US,selective_v1,0,40,595,28,1,5,2,6,0.04814850100012791,20,17,3.0,545,0.04892663900000116,3,548,545,548,94,1,1,60,1,3,0.07223757500003103
s1_1000,S1-742486561,S3,US,selective_v1,0,38,612,28,1,6,2,7,0.05832440199992561,19,14,3.0,581,0.05909351399998286,0,581,581,581,108,1,1,60,1,0,0.08443481500000871
s1_1000,S1-523035722,S2,US,selective_v1,0,49,1804,36,3,6,4,9,0.02579700400008278,23,21,2.0,311,0.02701705899994522,2,1539,1537,1539,105,1,1,60,1,2,0.0903739709999627
s1_1000,S1-523035722,S3,US,selective_v1,0,49,2074,36,6,3,4,9,0.026729233999844837,23,21,2.0,345,0.027906371999961266,1,1753,1752,1753,104,1,1,60,3,1,0.10688638399994943
s1_1000,S1-901533271,S2,India,selective_v1,0,46,806,36,3,7,4,10,0.017397943999867493,22,17,5.0,229,0.018313723000005666,0,475,475,475,108,1,1,60,2,0,0.04221187899997858
s1_1000,S1-901533271,S3,India,selective_v1,0,46,742,36,3,7,4,10,0.01606327099977989,22,18,4.0,185,0.016887167999925623,0,376,376,376,108,1,1,60,2,0,0.036428029999910905
s1_1000,S1-442961487,S2,US,selective_v1,0,31,603,15,0,1,0,1,0.013165731999947639,14,8,1.0,122,0.013557238000089455,0,467,467,467,80,1,1,60,0,0,0.03312221999999565
s1_1000,S1-442961487,S3,US,selective_v1,0,31,662,15,0,1,0,1,0.013634254999942641,14,13,1.0,134,0.014058096000098885,1,499,498,499,88,1,1,60,1,1,0.03539955500002634
s1_1000,S1-213948267,S2,US,selective_v1,0,38,422,21,0,3,0,3,0.051820689000010134,18,8,3.0,300,0.052361204000021644,11,366,355,366,81,1,1,60,0,11,0.0680794730000116
s1_1000,S1-213948267,S3,US,selective_v1,0,38,443,21,0,3,0,3,0.052311646000134715,18,9,3.0,316,0.052857280000012,11,377,366,377,81,1,1,60,0,11,0.06945048799991582
s1_1000,S1-814233542,S2,US,selective_v1,0,51,1144,36,0,3,4,3,0.07367715400005181,24,19,0.0,664,0.07493208800008233,25,932,907,932,106,1,1,60,1,25,0.11600214199995662
s1_1000,S1-814233542,S3,US,selective_v1,0,46,1451,36,0,10,4,10,0.09575141600009829,22,20,0.0,957,0.09712703299999248,23,1167,1144,1167,111,1,1,60,1,23,0.1483144500000435
s1_1000,S1-235133990,S2,US,selective_v1,0,30,2261,15,0,1,0,1,0.012813744000027327,14,9,1.0,189,0.013414780999937648,1,2230,2229,2230,117,1,1,60,3,1,0.10753085999999712
s1_1000,S1-235133990,S3,US,selective_v1,0,30,2666,15,0,1,0,1,0.013539460999709263,14,10,1.0,173,0.014148044000080517,1,2649,2648,2649,118,1,1,60,1,1,0.1521238310000399
s1_1000,S1-312881517,S2,India,selective_v1,0,48,1564,36,3,6,4,9,0.02418233899970801,23,18,5.0,199,0.025278899999989335,6,1357,1351,1357,110,1,1,60,4,6,0.09683153600008154
s1_1000,S1-312881517,S3,India,selective_v1,0,50,1480,36,1,4,4,5,0.03012725400049021,24,16,6.0,324,0.03129817399997137,5,1391,1386,1391,111,1,1,60,2,5,0.10012860299991644
s1_1000,S1-783743077,S2,US,selective_v1,0,46,275,28,0,3,3,3,0.024210456000105296,22,19,2.0,150,0.024884664999945016,0,224,224,224,102,1,1,60,1,0,0.03580680899995059
s1_1000,S1-783743077,S3,US,selective_v1,0,46,362,28,0,3,3,3,0.027186102000200663,22,20,2.0,203,0.02791229399997519,0,295,295,295,103,1,1,60,2,0,0.04129626700000699
s1_1000,S1-830888917,S2,US,selective_v1,0,49,584,36,0,7,4,7,0.07713162599986845,24,19,4.0,459,0.07811852999998337,1,541,540,541,106,1,1,60,2,1,0.10073225700000421
s1_1000,S1-830888917,S3,US,selective_v1,0,47,784,36,0,9,4,9,0.08459741299952839,23,19,2.0,652,0.08578162000003431,0,737,737,737,116,1,1,60,2,0,0.11749498999995467
s1_1000,S1-844492132,S2,India,selective_v1,0,50,692,105,3,19,0,22,0.03391253399968264,24,15,9.0,238,0.036466689000008046,4,440,439,443,81,1,1,60,3,4,0.05895977599993785
s1_1000,S1-844492132,S3,India,selective_v1,0,50,753,105,3,17,0,20,0.038227350000056504,24,19,5.0,389,0.040985654999985854,7,538,531,538,78,1,1,60,3,7,0.0681175650000796
s1_1000,S1-597189874,S2,US,selective_v1,0,48,211,28,0,2,3,2,0.031304259999728856,23,20,3.0,152,0.03205462699997952,1,175,174,175,90,1,1,60,1,1,0.040188305000015134
s1_1000,S1-597189874,S3,US,selective_v1,0,48,257,28,0,2,3,2,0.03283237600032862,23,20,3.0,162,0.0335748299999068,2,179,177,179,97,1,1,60,4,2,0.041617120999944746
s1_1000,S1-776450551,S2,US,selective_v1,0,47,1620,28,3,0,3,3,0.015200337000010222,22,19,3.0,185,0.016249996999931682,0,1408,1408,1408,106,1,1,60,5,0,0.0757556010000826
s1_1000,S1-776450551,S3,US,selective_v1,0,47,1666,28,3,0,3,3,0.016529184000205532,22,16,3.0,182,0.017480910000017502,0,1489,1489,1489,114,1,1,60,2,0,0.08109929800002647
s1_1000,S1-77076355,S2,India,selective_v1,0,35,513,45,6,16,6,22,0.043082592000132536,17,13,4.0,375,0.04382135399998788,0,449,449,449,94,1,1,60,4,0,0.06746630700001788
s1_1000,S1-77076355,S3,India,selective_v1,0,39,637,45,3,17,6,20,0.04625083399992036,19,16,3.0,458,0.04712605199995323,0,531,531,531,97,1,1,60,3,0,0.07304953799996383
s1_1000,S1-304871029,S2,India,selective_v1,0,22,305,55,28,8,8,36,0.024542854000060288,11,5,6.0,291,0.025052468000012595,4,295,291,295,93,1,1,60,3,4,0.040760810000051606
s1_1000,S1-304871029,S3,India,selective_v1,0,16,614,55,21,22,4,43,0.023719609000067976,8,6,2.0,513,0.024251717000083772,21,534,513,534,100,1,1,60,1,21,0.05099535600004401
s1_1000,S1-365107228,S2,India,selective_v1,0,52,1322,105,10,23,0,33,0.03248876800012113,24,20,4.0,403,0.03492261899998539,4,946,945,949,104,1,1,60,3,4,0.08342699000002085
s1_1000,S1-365107228,S3,India,selective_v1,0,52,1387,105,3,29,0,32,0.04426479699975516,24,19,3.0,577,0.04681317600000057,7,1047,1040,1047,115,1,1,60,1,7,0.09942719499997565
s1_1000,S1-645079990,S2,India,selective_v1,0,49,2396,91,10,34,0,44,0.0631744859997525,24,13,11.0,474,0.06514860499999031,0,2087,2087,2087,109,1,1,60,1,0,0.17540236000002096
s1_1000,S1-645079990,S3,India,selective_v1,0,49,2626,91,10,35,0,45,0.07326805600018815,24,15,9.0,773,0.07525867300000755,0,2402,2402,2402,114,1,1,60,1,0,0.2002400920000582
s1_1000,S1-766635811,S2,US,selective_v1,0,40,383,28,0,6,2,6,0.036064071000055264,20,16,4.0,300,0.03677830900005574,67,301,300,367,140,1,1,60,2,48,0.05357523400004993
s1_1000,S1-766635811,S3,US,selective_v1,0,40,359,28,1,5,2,6,0.039788999999700536,20,16,4.0,285,0.040506040000082066,76,286,285,361,142,1,1,60,2,46,0.05700252700000874
s1_1000,S1-944262355,S2,US,selective_v1,0,41,1107,21,0,2,0,2,0.011259853000069597,19,15,2.0,35,0.011800496999967436,1,1075,1074,1075,114,1,1,60,1,1,0.05587808099994618
s1_1000,S1-944262355,S3,US,selective_v1,0,41,1340,21,0,2,0,2,0.011752572999512267,19,17,2.0,26,0.012342627000066386,2,1284,1282,1284,111,1,1,60,3,2,0.07084457199994176
s1_1000,S1-999486252,S2,US,selective_v1,0,51,658,28,0,0,4,0,0.02495445500005644,24,19,1.0,191,0.02578939199997876,1,425,424,425,102,1,1,60,2,1,0.06232165699998404
s1_1000,S1-999486252,S3,US,selective_v1,0,51,664,28,0,0,4,0,0.027292621999663425,24,22,1.0,201,0.028127903000040533,1,428,427,428,84,1,1,60,1,1,0.047533343999930366
s1_1000,S1-311454962,S2,India,selective_v1,0,49,2144,105,28,26,28,54,0.03198056299959262,23,16,7.0,198,0.03377470899999935,10,1743,1733,1743,103,1,1,60,4,10,0.1264675160000479
s1_1000,S1-311454962,S3,India,selective_v1,0,51,2435,105,21,36,8,57,0.046901187000116806,24,16,3.0,447,0.04892162600003758,12,1974,1962,1974,113,1,1,60,1,12,0.14902925700005198
s1_1000,S1-219437331,S2,US,selective_v1,0,46,822,36,1,8,5,9,0.06758303900028295,22,17,2.0,775,0.06880177499999718,1,781,780,781,79,1,1,60,1,1,0.10366290299998582
s1_1000,S1-219437331,S3,US,selective_v1,0,46,767,36,1,8,5,9,0.07047399600014614,22,19,3.0,692,0.07157507399995211,1,699,698,699,77,1,1,60,2,1,0.10203784000009364
s1_1000,S1-381399100,S2,US,selective_v1,0,44,1281,28,1,4,2,5,0.02589129000000412,21,18,3.0,238,0.026703725999936978,3,1003,1000,1003,100,1,1,60,3,3,0.06850602700001218
s1_1000,S1-381399100,S3,US,selective_v1,0,44,1547,28,1,4,2,5,0.02840675499965073,21,16,3.0,292,0.029305926000006366,0,1227,1227,1227,108,1,1,60,1,0,0.08183350100000553
s1_1000,S1-265117089,S2,US,selective_v1,0,51,443,45,3,6,0,9,0.028385383999989244,24,19,5.0,92,0.02947752499994749,0,327,327,327,87,1,1,60,1,0,0.04421615199998996
s1_1000,S1-265117089,S3,US,selective_v1,0,51,483,45,3,9,5,12,0.027509816999781833,24,21,3.0,119,0.028507241000056638,1,352,351,352,84,1,1,60,1,1,0.04436319999990701
s1_1000,S1-992935020,S2,India,selective_v1,0,29,394,28,3,9,2,12,0.027540957000269373,14,10,3.0,212,0.02800572600006035,2,341,339,341,101,1,1,60,1,2,0.045435810999947535
s1_1000,S1-992935020,S3,India,selective_v1,0,37,1021,28,0,9,1,9,0.058929517000024134,18,15,1.0,710,0.060102679999999964,1,853,852,853,106,1,1,60,4,1,0.1016974310000478
s1_1000,S1-506161326,S2,US,selective_v1,0,35,572,21,1,4,0,5,0.015362908000156494,16,14,2.0,36,0.015779618000010487,2,260,258,260,103,1,1,60,3,2,0.027451758999973208
s1_1000,S1-506161326,S3,US,selective_v1,0,35,647,21,1,4,0,5,0.016869150000161426,16,11,2.0,58,0.017311329999984082,1,311,310,311,109,1,1,60,1,1,0.03115531799994642
s1_1000,S1-312504034,S2,India,selective_v1,0,50,2324,78,6,7,0,13,0.0426160089999712,24,19,3.0,557,0.04510753200008821,0,2037,2037,2037,116,1,1,60,2,0,0.15151699199998347
s1_1000,S1-312504034,S3,India,selective_v1,0,50,2398,78,3,9,0,12,0.04913377900015803,24,22,2.0,601,0.051855153999895265,1,2066,2065,2066,112,1,1,60,2,1,0.15891880899994248
s1_1000,S1-796436300,S2,US,selective_v1,0,42,1327,36,3,9,4,12,0.028222357999879932,20,17,1.0,458,0.02926922699998613,175,1158,1157,1332,136,1,1,60,4,43,0.08663558599994303
s1_1000,S1-796436300,S3,US,selective_v1,0,27,1410,36,6,13,4,19,0.024869442000408526,13,12,1.0,375,0.025644702000022335,206,1132,1131,1337,148,1,1,60,2,43,0.08265501500000028
s1_1000,S1-311421838,S2,US,selective_v1,0,38,239,21,0,3,0,3,0.021409852999909162,18,9,3.0,173,0.021910565999974096,56,188,187,243,127,1,1,60,1,50,0.03311364799992589
s1_1000,S1-311421838,S3,US,selective_v1,0,38,308,21,0,3,0,3,0.022912928999858195,18,15,3.0,227,0.02346559199997955,63,244,243,306,128,1,1,60,3,52,0.03669594900009088
s1_1000,S1-89277904,S2,US,selective_v1,0,27,173,15,1,2,0,3,0.005159601999707775,12,11,1.0,29,0.005431222000083835,96,105,103,199,100,1,1,60,3,41,0.01408582600004138
s1_1000,S1-89277904,S3,US,selective_v1,0,27,145,15,1,2,0,3,0.005437449000055494,12,11,1.0,26,0.005696161999935612,103,97,96,199,109,1,1,60,1,49,0.014596198000049299
s1_1000,S1-277847890,S2,US,selective_v1,0,50,842,28,0,2,3,2,0.02362770900015221,23,9,2.0,55,0.024325519000058193,0,537,537,537,91,1,1,60,0,0,0.046691358999964905
s1_1000,S1-277847890,S3,US,selective_v1,0,45,1045,28,1,4,2,5,0.032773588000509335,21,18,3.0,209,0.03378465900004812,1,642,641,642,81,1,1,60,2,1,0.06179080699996575
s1_1000,S1-239536988,S2,US,selective_v1,0,36,2661,15,0,0,0,0,0.00510987299981025,15,10,1.0,0,0.005693636000046354,0,2392,2392,2392,112,1,1,60,3,0,0.10655763199997637
s1_1000,S1-239536988,S3,US,selective_v1,0,36,2899,15,0,0,0,0,0.005316060999916772,15,14,1.0,0,0.005945059000055153,0,2618,2618,2618,115,1,1,60,1,0,0.14842743899998823
s1_1000,S1-543828787,S2,US,selective_v1,0,35,1119,21,0,4,0,4,0.03895888199997444,17,12,2.0,342,0.03972832499994183,2,997,995,997,89,1,1,60,2,2,0.08358973099996092
s1_1000,S1-543828787,S3,US,selective_v1,0,35,1173,21,0,4,0,4,0.04144126599965148,17,14,3.0,193,0.04207126800008609,2,1043,1041,1043,84,1,1,60,1,2,0.08671482099998684
s1_1000,S1-699857230,S2,India,selective_v1,0,16,122,15,1,6,0,7,0.01955058399983045,8,5,3.0,109,0.01978561600003559,3,111,109,112,76,1,1,60,2,3,0.026257820000068932
s1_1000,S1-699857230,S3,India,selective_v1,0,24,298,15,0,3,0,3,0.036761286000114524,12,9,3.0,239,0.03714193100006469,1,240,239,240,97,1,1,60,2,1,0.04902712499995232
s1_1000,S1-969181893,S2,US,selective_v1,0,43,476,21,0,1,0,1,0.01628090300016538,20,14,3.0,132,0.01683601699994597,1,312,311,312,96,1,1,60,3,1,0.030266016999917156
s1_1000,S1-969181893,S3,US,selective_v1,0,43,496,21,0,1,0,1,0.016236496999795236,20,17,3.0,155,0.016783096000040132,0,328,328,328,82,1,1,60,3,0,0.031346488000053796
s1_1000,S1-927504155,S2,India,selective_v1,0,52,965,120,10,24,0,34,0.027983758999766906,24,22,2.0,345,0.03089345199998661,0,821,821,821,113,1,1,60,1,0,0.07321700500006045
s1_1000,S1-927504155,S3,India,selective_v1,0,52,1160,120,6,25,0,31,0.03740280100009841,24,21,3.0,499,0.040414362000092297,1,995,994,995,89,1,1,60,2,1,0.09045812900001238
s1_1000,S1-110222779,S2,US,selective_v1,0,37,789,36,3,11,4,14,0.02546943499999088,18,15,2.0,327,0.02637253399996098,1,662,661,662,117,1,1,60,1,1,0.05441251199999897
s1_1000,S1-110222779,S3,US,selective_v1,0,37,714,36,3,11,4,14,0.02740642999992815,18,15,3.0,215,0.02812759100004314,1,593,592,593,113,1,1,60,2,1,0.05347242700008792
s1_1000,S1-118782634,S2,India,selective_v1,0,52,607,36,3,3,4,6,0.005890775999660036,24,22,1.0,180,0.006844724999950813,1,310,309,310,78,1,1,60,2,1,0.02237673900003756
s1_1000,S1-118782634,S3,India,selective_v1,0,52,398,36,1,5,4,6,0.006242692000114403,24,16,2.0,44,0.007082803999992393,0,197,197,197,79,1,1,60,1,0,0.01686348399994131
s1_1000,S1-790467803,S2,US,selective_v1,0,47,2950,45,3,12,7,15,0.05430323899997802,23,17,6.0,480,0.05575045500006581,2,2683,2682,2684,106,1,1,60,4,2,0.1720688060000839
s1_1000,S1-790467803,S3,US,selective_v1,0,43,3160,45,3,14,7,17,0.05763043900003595,21,16,5.0,523,0.05906634899997698,1,2913,2912,2913,116,1,1,60,2,1,0.19358053199994174
s1_1000,S1-629371829,S2,India,selective_v1,0,49,643,66,10,15,9,25,0.0371882230006122,24,14,10.0,364,0.0385644670000147,8,414,406,414,105,1,1,60,1,8,0.061021170999993046
s1_1000,S1-629371829,S3,India,selective_v1,0,49,922,66,6,20,0,26,0.06511090599985891,24,18,6.0,644,0.0666436919999569,19,698,679,698,118,1,1,60,1,19,0.10195979500008434
s1_1000,S1-217661413,S2,US,selective_v1,0,53,597,36,0,2,2,2,0.014275493000127426,24,20,0.0,138,0.01530280200006473,1,398,397,398,87,1,1,60,2,1,0.03310985600001004
s1_1000,S1-217661413,S3,US,selective_v1,0,52,735,36,1,4,4,5,0.020756022999876222,24,21,0.0,325,0.021788465999975415,0,526,526,526,82,1,1,60,2,0,0.044923621000066305
s1_1000,S1-402565372,S2,US,selective_v1,0,50,2071,45,3,9,5,12,0.04559831000005943,24,19,4.0,357,0.0469682410000587,0,1807,1807,1807,108,1,1,60,1,0,0.12389302899998711
s1_1000,S1-402565372,S3,US,selective_v1,0,50,2363,45,3,9,5,12,0.04898524600048404,24,20,4.0,345,0.05043511700000636,3,2020,2017,2020,110,1,1,60,2,3,0.14238542100008544
s1_1000,S1-855364465,S2,US,selective_v1,0,39,1513,21,0,3,0,3,0.02848449299983713,18,16,2.0,140,0.029266095999901154,2,1403,1401,1403,101,1,1,60,3,2,0.09145797700000458
s1_1000,S1-855364465,S3,US,selective_v1,0,39,1732,21,0,3,0,3,0.029723984000156634,18,16,2.0,193,0.030422361999967507,1,1666,1665,1666,109,1,1,60,1,1,0.12385308599994005
s1_1000,S1-360190920,S2,US,selective_v1,0,51,924,36,1,4,4,5,0.01844783099977576,24,20,0.0,315,0.019831507999924725,0,784,784,784,95,1,1,60,0,0,0.05358663100003014
s1_1000,S1-360190920,S3,US,selective_v1,0,51,1053,36,1,4,4,5,0.018900926999890544,24,18,0.0,344,0.02014307199999621,1,908,907,908,106,1,1,60,0,1,0.05906009199998152
s1_1000,S1-802949812,S2,US,selective_v1,0,38,1453,36,1,13,4,14,0.03722904500000368,18,16,2.0,223,0.03808845599996857,2,1185,1183,1185,110,1,1,60,1,2,0.08970415800001774
s1_1000,S1-802949812,S3,US,selective_v1,0,38,1637,36,1,13,4,14,0.040035078000073554,18,15,2.0,238,0.040998750999960976,1,1345,1344,1345,110,1,1,60,1,1,0.10067215899994153
s1_1000,S1-153755890,S2,US,selective_v1,0,41,396,36,3,10,4,13,0.023504543000171907,19,12,3.0,176,0.024173860000018976,3,300,300,303,95,1,1,60,1,3,0.03849125199997161
s1_1000,S1-153755890,S3,US,selective_v1,0,41,450,36,3,10,4,13,0.025604285999975218,19,16,3.0,181,0.026288055999998505,2,313,312,314,82,1,1,60,3,2,0.04056163200004903
s1_1000,S1-265118127,S2,US,selective_v1,0,47,1539,28,0,3,3,3,0.01888696399987566,22,16,2.0,207,0.019917630999998437,0,1408,1408,1408,113,1,1,60,1,0,0.07928657299999031
s1_1000,S1-265118127,S3,US,selective_v1,0,47,1726,28,0,4,2,4,0.018702425999890693,22,16,1.0,211,0.019628205999993042,0,1557,1557,1557,115,1,1,60,0,0,0.09004452600004242
s1_1000,S1-42128902,S2,India,selective_v1,0,44,2733,45,6,11,7,17,0.041185886999755894,21,11,7.0,249,0.04228066000007402,2,2697,2695,2697,119,1,1,60,1,2,0.18138976900002035
s1_1000,S1-42128902,S3,India,selective_v1,0,48,2829,45,3,12,7,15,0.0517790930002775,23,15,6.0,418,0.05301626799996484,2,2771,2769,2771,117,1,1,60,1,2,0.19081254900004296
s1_1000,S1-655665109,S2,US,selective_v1,0,47,619,28,0,4,2,4,0.03688594199979889,22,19,1.0,387,0.03774740799997289,0,489,489,489,109,1,1,60,1,0,0.061386516999959895
s1_1000,S1-655665109,S3,US,selective_v1,0,45,627,28,0,5,2,5,0.035515165999981946,21,20,1.0,328,0.03631714400000874,1,434,433,434,102,1,1,60,4,1,0.05627634000006765
s1_1000,S1-157773599,S2,US,selective_v1,0,51,665,36,1,5,4,6,0.01250244600021233,24,18,1.0,386,0.013515274999917892,0,541,541,541,82,1,1,60,1,0,0.036038140000073327
s1_1000,S1-157773599,S3,US,selective_v1,0,51,663,36,1,5,4,6,0.01318724200007182,24,18,1.0,408,0.014168525000059162,0,548,548,548,80,1,1,60,0,0,0.037612988999967456
s1_1000,S1-760840682,S2,US,selective_v1,0,51,929,36,1,6,5,7,0.04320574700000179,24,20,4.0,316,0.044203910000078395,2,602,600,602,103,1,1,60,2,2,0.06994179899993469
s1_1000,S1-760840682,S3,US,selective_v1,0,47,1005,36,1,8,5,9,0.04182859100001224,22,19,3.0,224,0.04314690799992604,1,581,580,581,102,1,1,60,4,1,0.06860423199998422
s1_1000,S1-162034320,S2,India,selective_v1,0,37,1090,55,6,23,8,29,0.043008335999957126,18,12,6.0,355,0.044009835999986535,1,730,729,730,109,1,1,60,2,1,0.08055099699993207
s1_1000,S1-162034320,S3,India,selective_v1,0,39,1267,55,6,22,8,28,0.04511096499993528,19,13,6.0,442,0.04619612599992706,2,861,859,861,103,1,1,60,2,2,0.08883076699999037
s1_1000,S1-96692956,S2,US,selective_v1,0,34,399,28,1,8,2,9,0.056214269000292916,17,15,2.0,383,0.05688181799996528,0,383,383,383,104,1,1,60,1,0,0.07425264799996967
s1_1000,S1-96692956,S3,US,selective_v1,0,34,354,28,1,8,2,9,0.05990122000025622,17,13,2.0,351,0.06053736499995921,0,351,351,351,112,1,1,60,1,0,0.07628205599996818
s1_1000,S1-434796515,S2,US,selective_v1,0,54,2667,36,1,0,4,1,0.0094485470001473,24,8,3.0,177,0.010702791999960937,2,2551,2549,2551,117,1,1,60,2,2,0.1397379179999234
s1_1000,S1-434796515,S3,US,selective_v1,0,51,605,36,3,3,3,6,0.026150766000228032,24,12,9.0,249,0.027152231999934884,1,383,382,383,105,1,1,60,1,1,0.04542931799994676
s1_1000,S1-610736130,S2,India,selective_v1,0,53,342,66,3,6,0,9,0.011200018000636192,24,20,1.0,277,0.012951323999914166,0,290,290,290,74,1,1,60,0,0,0.028253446999997323
s1_1000,S1-610736130,S3,India,selective_v1,0,38,512,28,1,7,2,8,0.016363788000148816,18,13,1.0,291,0.017033355999956257,0,440,440,440,80,1,1,60,0,0,0.04028316900007667
s1_1000,S1-996502126,S2,US,selective_v1,0,50,2192,36,1,4,3,5,0.037273424999966664,24,19,5.0,308,0.038574463000031756,6,1952,1946,1952,111,1,1,60,2,6,0.11872007099998427
s1_1000,S1-996502126,S3,US,selective_v1,0,50,2574,36,1,6,5,7,0.040213519999838354,24,20,4.0,289,0.041461474000016096,6,2298,2292,2298,113,1,1,60,3,6,0.14425424599994585
s1_1000,S1-796454810,S2,India,selective_v1,0,52,1655,105,6,21,0,27,0.042549046000203816,24,16,7.0,274,0.04527366499996788,12,1360,1360,1372,132,1,1,60,0,12,0.11652197599994452
s1_1000,S1-796454810,S3,India,selective_v1,0,52,1737,105,3,23,0,26,0.046834709000222574,24,17,5.0,361,0.04957135699999071,13,1500,1487,1500,116,1,1,60,2,13,0.12548645799995484
s1_1000,S1-969427771,S2,US,selective_v1,0,47,674,28,1,2,3,3,0.016083213999877444,22,14,2.0,391,0.017010302000016964,2,536,534,536,100,1,1,60,3,2,0.04053646199997729
s1_1000,S1-969427771,S3,US,selective_v1,0,36,585,28,3,6,2,9,0.01570166999988487,17,15,1.0,359,0.016365113000006204,0,427,427,427,107,1,1,60,1,0,0.03487831300003563
s1_1000,S1-189522612,S2,US,selective_v1,0,41,332,28,1,6,2,7,0.023216586000103234,19,15,1.0,159,0.02377623899997161,1,234,233,234,87,1,1,60,1,1,0.03410908700004711
s1_1000,S1-189522612,S3,US,selective_v1,0,41,446,28,1,6,2,7,0.024830186999679427,19,18,1.0,161,0.025417802999982086,0,268,268,268,84,1,1,60,4,0,0.037303403000009894
s1_1000,S1-825077757,S2,US,selective_v1,0,44,778,28,0,4,3,4,0.02775345600014134,21,17,0.0,393,0.028738218000057714,1,558,557,558,105,1,1,60,1,1,0.05160741700001381
s1_1000,S1-825077757,S3,US,selective_v1,0,44,906,28,0,4,3,4,0.029539860999761913,21,21,0.0,387,0.030719880999981797,1,610,609,610,88,1,1,60,1,1,0.05707484399999885
s1_1000,S1-498058980,S2,India,selective_v1,0,52,236,78,1,15,0,16,0.018002772000045297,24,21,3.0,80,0.01987234199998511,0,134,134,134,66,1,1,60,3,0,0.027771621000056257
s1_1000,S1-498058980,S3,India,selective_v1,0,53,488,78,1,9,0,10,0.01646981000044434,24,20,4.0,68,0.018515074999982062,0,429,429,429,67,1,1,60,2,0,0.039718445000062275
s1_1000,S1-460505313,S2,US,selective_v1,0,50,835,28,0,1,4,1,0.012166412000169657,23,23,0.0,282,0.012992400000030102,1,575,574,575,85,1,1,60,1,1,0.037373627999954806
s1_1000,S1-460505313,S3,US,selective_v1,0,50,660,28,0,1,4,1,0.013167623999834177,23,13,1.0,153,0.01395960100001048,1,434,433,434,85,1,1,60,1,1,0.03286860599996544
s1_1000,S1-623356040,S2,US,selective_v1,0,52,958,45,1,1,0,2,0.021121213999776955,24,14,1.0,375,0.0227226580000206,3,705,702,705,110,1,1,60,4,3,0.05247645500003273
s1_1000,S1-623356040,S3,US,selective_v1,0,50,1071,45,3,6,0,9,0.04011805299990101,24,20,4.0,498,0.04147702399995978,0,714,714,714,94,1,1,60,2,0,0.07231663100003516
s1_1000,S1-252619131,S2,US,selective_v1,0,39,1555,28,1,6,2,7,0.050924087000112195,19,13,5.0,428,0.05182983899999272,7,1223,1216,1223,106,1,1,60,4,7,0.10275820899994415
s1_1000,S1-252619131,S3,US,selective_v1,0,35,1373,28,3,6,2,9,0.03924855600007504,17,10,6.0,207,0.040010618999986036,4,1039,1035,1039,100,1,1,60,0,4,0.08370709999996961
s1_1000,S1-655931201,S2,India,selective_v1,0,52,2815,36,6,0,5,6,0.015080380999847876,24,15,8.0,0,0.016132334999952036,1,2534,2533,2534,118,1,1,60,1,1,0.14472861400008696
s1_1000,S1-655931201,S3,India,selective_v1,0,52,2906,36,3,3,5,6,0.017041321999499814,24,12,7.0,0,0.018214956999941023,0,2647,2647,2647,120,1,1,60,0,0,0.1776302029999215
s1_1000,S1-780423580,S2,US,selective_v1,0,43,788,21,0,2,0,2,0.008944231999862495,19,13,1.0,87,0.009498177000068608,40,494,454,494,96,1,1,60,1,40,0.032499304999987544
s1_1000,S1-780423580,S3,US,selective_v1,0,43,942,21,0,2,0,2,0.009612776000494705,19,18,1.0,83,0.010305108000011387,32,558,526,558,90,1,1,60,2,32,0.03462123799999972
s1_1000,S1-377560297,S2,US,selective_v1,0,44,730,21,1,0,0,1,0.009561665999967772,20,17,1.0,185,0.010136723999949027,0,548,548,548,115,1,1,60,2,0,0.03365717500003029
s1_1000,S1-377560297,S3,US,selective_v1,0,44,783,21,1,0,0,1,0.010103783000204203,20,19,1.0,193,0.010709404999943217,2,555,553,555,104,1,1,60,4,2,0.035425115999942136
s1_1000,S1-382849428,S2,US,selective_v1,0,22,2644,10,0,0,0,0,0.016040452999732224,10,7,3.0,5,0.016505026999993788,0,2614,2614,2614,85,1,1,60,2,0,0.1268994729999804
s1_1000,S1-382849428,S3,US,selective_v1,0,21,250,10,0,0,0,0,0.016099607000001015,10,7,3.0,8,0.016335479000076703,2,225,223,225,47,0,0,47,2,2,0.02736307699990448
s1_1000,S1-707985814,S2,India,selective_v1,0,39,768,55,6,22,8,28,0.048432533000095646,19,11,8.0,284,0.04933467700004712,0,612,612,612,94,1,1,60,2,0,0.07900185200003307
s1_1000,S1-707985814,S3,India,selective_v1,0,37,829,55,6,23,8,29,0.0460284779999256,18,12,6.0,386,0.04691281500004152,3,707,704,707,91,1,1,60,3,3,0.0818819059999214
s1_1000,S1-34034222,S2,India,selective_v1,0,53,3978,105,21,7,0,28,0.026921035999635023,24,13,5.0,182,0.029770686999995633,0,3732,3732,3732,118,1,1,60,1,0,0.22804849100009505
s1_1000,S1-34034222,S3,India,selective_v1,0,53,4007,105,15,18,0,33,0.025280987000087407,24,15,5.0,143,0.027911822999953984,3,3713,3710,3713,116,1,1,60,4,3,0.21820871300008093
s1_1000,S1-513269657,S2,India,selective_v1,0,44,223,28,1,4,2,5,0.02094931200008432,21,13,5.0,207,0.021672973000022466,0,209,209,209,80,1,1,60,2,0,0.03435802899991813
s1_1000,S1-513269657,S3,India,selective_v1,0,40,315,28,1,6,2,7,0.020529932000158624,19,15,2.0,295,0.0211271680000209,2,299,297,299,80,1,1,60,1,2,0.036443325999925946
s1_1000,S1-177954343,S2,US,selective_v1,0,36,1365,21,0,4,0,4,0.030072520999851804,17,16,1.0,325,0.030759162999970613,0,1219,1219,1219,98,1,1,60,1,0,0.0832284499999787
s1_1000,S1-177954343,S3,US,selective_v1,0,36,1439,21,0,4,0,4,0.03204731500022717,17,13,2.0,177,0.032757562000028884,0,1275,1275,1275,96,1,1,60,2,0,0.0871803520000185
s1_1000,S1-178459407,S2,US,selective_v1,0,33,533,21,0,5,0,5,0.030311287000131415,16,14,2.0,258,0.030845967000004748,63,468,467,530,143,1,1,60,3,51,0.05393620099994223
s1_1000,S1-178459407,S3,US,selective_v1,0,33,576,21,0,5,0,5,0.03361526999992748,16,14,2.0,314,0.034184205000087786,55,526,524,579,145,1,1,60,0,48,0.05923022100000708
s1_1000,S1-606275527,S2,India,selective_v1,0,54,3009,120,15,19,0,34,0.03814036399990073,24,19,2.0,333,0.04137882700001683,0,2338,2338,2338,116,1,1,60,0,0,0.1905999730000758
s1_1000,S1-606275527,S3,India,selective_v1,0,54,3040,120,10,22,0,32,0.029916093999872828,24,20,4.0,316,0.03323804900003324,0,2372,2372,2372,112,1,1,60,3,0,0.15686268499996459
s1_1000,S1-887719275,S2,US,selective_v1,0,38,573,21,0,2,0,2,0.04215414200018586,19,16,3.0,545,0.04288959099994827,1,546,545,546,117,1,1,60,1,1,0.06648087100006705
s1_1000,S1-887719275,S3,US,selective_v1,0,38,573,21,1,1,0,2,0.04510116400024344,19,15,3.0,548,0.045840446000056545,2,550,548,550,118,1,1,60,3,2,0.06958303999999771
s1_1000,S1-192732186,S2,US,selective_v1,0,28,472,21,1,6,0,7,0.03562866899994788,14,12,2.0,451,0.03615447499998936,5,456,451,456,116,1,1,60,1,5,0.05529255900000862
s1_1000,S1-192732186,S3,US,selective_v1,0,28,378,21,1,6,0,7,0.03803991600022982,14,11,3.0,350,0.038536950000093384,5,355,350,355,113,1,1,60,2,5,0.054419234999954824
s1_1000,S1-608967414,S2,US,selective_v1,0,50,913,28,0,2,3,2,0.02022480000050564,23,14,2.0,129,0.021086506000074223,45,637,592,637,115,1,1,60,1,40,0.04811326899994128
s1_1000,S1-608967414,S3,US,selective_v1,0,45,1033,28,1,4,2,5,0.03154767000012271,21,13,3.0,179,0.03227848200003791,41,666,625,666,109,1,1,60,0,41,0.06087629499995728
s1_1000,S1-788669533,S2,US,selective_v1,0,26,234,15,0,2,0,2,0.012744731999873693,13,12,0.0,222,0.013104573999953573,1,223,222,223,112,1,1,60,1,1,0.02309171599995352
s1_1000,S1-788669533,S3,US,selective_v1,0,26,292,15,0,2,0,2,0.014604089000386011,13,11,0.0,284,0.015016137000088747,0,284,284,284,114,1,1,60,1,0,0.027146203999905083
s1_1000,S1-828214924,S2,US,selective_v1,0,50,1123,45,3,3,0,6,0.030198548999919694,24,18,5.0,509,0.031810035000034986,1,764,763,764,107,1,1,60,1,1,0.06402262599999631
s1_1000,S1-828214924,S3,US,selective_v1,0,50,1187,45,3,3,0,6,0.03152047200023844,24,19,5.0,553,0.03324383200003922,1,808,807,808,107,1,1,60,3,1,0.06841627599999356
s1_1000,S1-497411990,S2,US,selective_v1,0,36,327,21,0,3,0,3,0.033700064000072416,18,17,1.0,299,0.034251724999990074,0,299,299,299,113,1,1,60,1,0,0.04724342200006504
s1_1000,S1-497411990,S3,US,selective_v1,0,36,351,21,0,3,0,3,0.037315324000019245,18,15,1.0,340,0.03789025000003221,0,340,340,340,117,1,1,60,1,0,0.052761331999931826
s1_1000,S1-526632358,S2,India,selective_v1,0,52,1639,120,21,27,0,48,0.04251789399995687,24,18,4.0,320,0.04515908899998067,0,1139,1139,1139,112,1,1,60,3,0,0.10534056100004818
s1_1000,S1-526632358,S3,India,selective_v1,0,52,1472,120,6,29,0,35,0.040682541999785826,24,18,6.0,298,0.043763183999999455,1,1005,1004,1005,90,1,1,60,2,1,0.09586745800004337
s1_1000,S1-349678557,S2,India,selective_v1,0,51,990,55,3,6,0,9,0.022700935000102618,24,17,5.0,294,0.02438032899999598,6,889,888,894,123,1,1,60,2,6,0.0698103600000195
s1_1000,S1-349678557,S3,India,selective_v1,0,50,938,45,1,8,3,9,0.03923290700038251,24,11,7.0,312,0.04042956600005709,12,878,878,890,131,1,1,60,0,12,0.08436656799995035
s1_1000,S1-515678303,S2,US,selective_v1,0,42,1189,28,3,3,2,6,0.028920049000475956,20,18,2.0,345,0.029921071999979176,0,1000,1000,1000,101,1,1,60,1,0,0.07266031500000736
s1_1000,S1-515678303,S3,US,selective_v1,0,42,1347,28,3,3,2,6,0.032223507999788126,20,17,2.0,386,0.03308525800002826,0,1138,1138,1138,97,1,1,60,1,0,0.08242461100007858
s1_1000,S1-745006607,S2,US,selective_v1,0,48,983,36,1,8,4,9,0.06918237700006102,23,21,2.0,599,0.07052516600003855,1,746,745,746,104,1,1,60,1,1,0.10282254200001262
s1_1000,S1-745006607,S3,US,selective_v1,0,48,830,36,1,8,4,9,0.07214035300023625,23,20,3.0,520,0.07315650599991841,2,638,636,638,93,1,1,60,2,2,0.10227390900001865
s1_1000,S1-371904317,S2,India,selective_v1,0,47,3149,55,15,6,12,21,0.021427132000098936,22,15,7.0,115,0.022960512000054223,1,2750,2749,2750,118,1,1,60,1,1,0.16596015799996167
s1_1000,S1-371904317,S3,India,selective_v1,0,47,3100,55,15,6,12,21,0.02227892600001269,22,14,7.0,130,0.023621531000003415,1,2664,2663,2664,116,1,1,60,1,1,0.18426366599999255
s1_1000,S1-622658111,S2,US,selective_v1,0,26,498,15,0,3,0,3,0.03469498799995563,12,11,0.0,311,0.035219088999951964,151,399,397,548,143,1,1,60,1,41,0.059302469999920504
s1_1000,S1-622658111,S3,US,selective_v1,0,26,513,15,0,3,0,3,0.03668426599983832,12,9,0.0,353,0.03746018799995454,169,430,428,597,137,1,1,60,1,37,0.06324659899996732
s1_1000,S1-337946117,S2,India,selective_v1,0,50,720,120,21,29,0,50,0.0521719599997823,24,13,11.0,264,0.05444624400001885,0,470,470,470,112,1,1,60,4,0,0.07985672400002386
s1_1000,S1-337946117,S3,India,selective_v1,0,50,837,120,10,43,0,53,0.050305491000017355,24,15,9.0,524,0.05256640699997206,0,719,719,719,107,1,1,60,2,0,0.08964618700008486
s1_1000,S1-625817119,S2,US,selective_v1,0,51,669,28,1,0,4,1,0.007418465999535329,23,23,0.0,152,0.008210522000013043,1,434,433,434,116,1,1,60,1,1,0.02642834200003108
s1_1000,S1-625817119,S3,US,selective_v1,0,51,719,28,1,0,4,1,0.007850035999695137,23,23,0.0,184,0.008695379999949182,1,472,471,472,87,1,1,60,2,1,0.028783209999915016
s1_1000,S1-295078193,S2,US,selective_v1,0,43,615,28,0,6,2,6,0.025701929000092605,20,17,1.0,202,0.026374069000098643,0,430,430,430,111,1,1,60,1,0,0.04468370300003244
s1_1000,S1-295078193,S3,US,selective_v1,0,43,650,28,0,6,2,6,0.02716923600030441,20,12,1.0,208,0.027841363999982605,0,460,460,460,101,1,1,60,0,0,0.04794505000006666
s1_1000,S1-444041166,S2,US,selective_v1,0,51,1761,45,1,4,0,5,0.0232122579998304,24,11,6.0,39,0.024591970999949808,1,1635,1634,1635,106,1,1,60,1,1,0.09428982400004315
s1_1000,S1-444041166,S3,US,selective_v1,0,49,2572,45,3,10,7,13,0.05648797499986813,24,17,7.0,541,0.05797870600008537,1,2240,2239,2240,111,1,1,60,2,1,0.15482682200001818
s1_1000,S1-644909060,S2,India,selective_v1,0,49,887,120,10,49,0,59,0.0806361720001405,24,18,6.0,832,0.08289890699995794,0,841,841,841,95,1,1,60,1,0,0.13085702500006846
s1_1000,S1-644909060,S3,India,selective_v1,0,50,852,120,6,42,0,48,0.06903098999964641,24,17,7.0,355,0.07146112400005222,2,631,629,631,86,1,1,60,4,2,0.10643608800000948
s1_1000,S1-361137897,S2,India,selective_v1,0,51,1348,120,15,27,0,42,0.03788310099980663,24,23,1.0,777,0.040685853000013594,1,1172,1171,1172,97,1,1,60,2,1,0.1011894340000481
s1_1000,S1-361137897,S3,India,selective_v1,0,51,1015,120,6,34,0,40,0.03369490200020664,24,17,2.0,587,0.036438375999978234,1,920,919,920,90,1,1,60,0,1,0.08360697699993125
s1_1000,S1-41317566,S2,India,selective_v1,0,43,1083,55,3,21,10,24,0.04883765600004608,21,17,4.0,670,0.05032142400000339,3,894,891,894,101,1,1,60,4,3,0.09438926699999683
s1_1000,S1-41317566,S3,India,selective_v1,0,49,1019,55,3,15,7,18,0.05251265800006877,24,17,6.0,627,0.053938657999992756,1,859,858,859,112,1,1,60,2,1,0.09587112299993805
s1_1000,S1-708966187,S2,India,selective_v1,0,41,868,66,15,18,13,33,0.037328594000427984,20,10,10.0,158,0.03841682300003413,6,538,532,538,107,1,1,60,2,6,0.06639485400000922
s1_1000,S1-708966187,S3,India,selective_v1,0,43,1449,66,6,29,10,35,0.05622242200001892,21,15,5.0,595,0.057539041000040925,13,979,966,979,119,1,1,60,1,13,0.10536877499998809
s1_1000,S1-800315369,S2,US,selective_v1,0,41,1598,28,1,6,2,7,0.02605684699972244,19,18,1.0,115,0.02694291600005272,0,1421,1421,1421,112,1,1,60,1,0,0.08979095600000164
s1_1000,S1-800315369,S3,US,selective_v1,0,41,1874,28,1,6,2,7,0.028521754999928817,19,18,1.0,126,0.02934403699998711,1,1632,1631,1632,113,1,1,60,1,1,0.10129828900005577
s1_1000,S1-743238002,S2,US,selective_v1,0,45,648,21,0,0,0,0,0.02008307299979606,21,19,2.0,219,0.020745478999970146,1,419,418,419,91,1,1,60,1,1,0.03961297299997568
s1_1000,S1-743238002,S3,US,selective_v1,0,45,654,21,0,0,0,0,0.020304350000401428,21,19,2.0,253,0.020948067999938758,1,434,433,434,82,1,1,60,2,1,0.03980828900000688
s1_1000,S1-75477466,S2,US,selective_v1,0,45,374,28,1,4,2,5,0.014986141999656866,21,15,2.0,97,0.015591341000003922,6,313,307,313,81,1,1,60,1,6,0.029327663999993092
s1_1000,S1-75477466,S3,US,selective_v1,0,36,309,28,3,6,2,9,0.019058146999782366,17,13,3.0,118,0.019550815999991755,5,257,252,257,99,1,1,60,2,5,0.031216834000019844
s1_1000,S1-327462179,S2,US,selective_v1,0,44,754,28,1,4,2,5,0.02262940899993282,21,15,3.0,221,0.023596980999968764,0,658,658,658,114,1,1,60,1,0,0.0505291810000017
s1_1000,S1-327462179,S3,US,selective_v1,0,44,619,28,1,4,2,5,0.022971983999923395,21,14,4.0,78,0.02362726000001203,1,527,526,527,107,1,1,60,1,1,0.04657860199995412
s1_1000,S1-374066313,S2,US,selective_v1,0,38,430,28,1,7,2,8,0.036528644999748394,18,14,4.0,315,0.03718890300001476,5,350,345,350,77,1,1,60,3,5,0.05237350499999138
s1_1000,S1-374066313,S3,US,selective_v1,0,34,425,28,3,7,2,10,0.033556209000039416,16,13,2.0,323,0.0341154180000558,1,359,358,359,77,1,1,60,2,1,0.04999330700002247
s1_1000,S1-406521568,S2,India,selective_v1,0,38,1161,45,10,10,7,20,0.02456576000008681,18,13,4.0,278,0.025485501000048316,3,746,743,746,113,1,1,60,2,3,0.06394499700002143
s1_1000,S1-406521568,S3,India,selective_v1,0,35,1394,45,6,17,6,23,0.030909462000295207,16,15,1.0,264,0.03173259599998346,14,691,677,691,113,1,1,60,2,14,0.06688744800010227
s1_1000,S1-111906316,S2,US,selective_v1,0,34,1149,28,3,7,2,10,0.012452163000148175,16,14,2.0,129,0.013089048999972874,48,871,869,917,131,1,1,60,3,47,0.05122331600000507
s1_1000,S1-111906316,S3,US,selective_v1,0,34,1166,28,6,4,2,10,0.013259912999615153,16,13,2.0,128,0.013929694000012205,63,906,906,969,151,1,1,60,1,51,0.07304357199996048
s1_1000,S1-529891305,S2,US,selective_v1,0,43,1981,21,1,0,0,1,0.01165203700031725,20,13,4.0,89,0.012326845000075082,1,1933,1932,1933,115,1,1,60,3,1,0.09581093099995996
s1_1000,S1-529891305,S3,US,selective_v1,0,43,2630,21,1,0,0,1,0.01189393399988603,20,10,4.0,116,0.012612902000000759,0,2589,2589,2589,120,1,1,60,0,0,0.12939443200002643
s1_1000,S1-231036087,S2,India,selective_v1,0,43,683,91,21,30,19,51,0.039226414000154364,21,11,10.0,379,0.040499483000076,1,466,465,466,106,1,1,60,2,1,0.06659480799999073
s1_1000,S1-231036087,S3,India,selective_v1,0,49,786,91,15,31,0,46,0.05537193600014234,24,14,10.0,522,0.05696627800000442,2,615,613,615,111,1,1,60,2,2,0.08920057499994982
s1_1000,S1-800917539,S2,India,selective_v1,0,52,845,120,3,7,0,10,0.019153005000248413,24,21,3.0,388,0.022884287000010772,0,681,681,681,90,1,1,60,1,0,0.059412046000034024
s1_1000,S1-800917539,S3,India,selective_v1,0,52,723,120,0,6,0,6,0.02977239999984249,24,11,4.0,288,0.03330947099993864,0,528,528,528,78,1,1,60,0,0,0.06171096999992187
s1_1000,S1-462223675,S2,US,selective_v1,0,52,1000,55,0,2,0,2,0.024795911000296655,24,19,0.0,242,0.026467943000056948,1,660,659,660,101,1,1,60,2,1,0.05486435599993911
s1_1000,S1-462223675,S3,US,selective_v1,0,51,816,55,1,4,0,5,0.036747398999864345,24,20,4.0,104,0.038300260000028175,1,457,456,457,95,1,1,60,2,1,0.05864262600005077
s1_1000,S1-703195062,S2,India,selective_v1,0,50,731,120,36,27,18,63,0.02831515100001525,24,16,8.0,217,0.030129162999969594,1,631,630,631,111,1,1,60,3,1,0.06307001400000445
s1_1000,S1-703195062,S3,India,selective_v1,0,50,971,120,15,39,0,54,0.029299532000209183,24,16,8.0,405,0.03162588500003949,2,836,834,836,114,1,1,60,3,2,0.07353062499998941
s1_1000,S1-910549892,S2,India,selective_v1,0,52,748,55,0,3,0,3,0.03087632699975984,24,19,2.0,377,0.032744847000003574,1,610,609,610,80,1,1,60,1,1,0.06381475799992131
s1_1000,S1-910549892,S3,India,selective_v1,0,52,842,55,0,1,0,1,0.04069059500022831,24,20,3.0,502,0.04243755899994994,1,732,731,732,77,1,1,60,2,1,0.07891575600001488
s1_1000,S1-277955334,S2,US,selective_v1,0,52,659,36,0,2,3,2,0.017140574000109154,24,13,0.0,194,0.018196585000055165,0,531,531,531,94,1,1,60,0,0,0.04109817400001248
s1_1000,S1-277955334,S3,US,selective_v1,0,50,549,36,1,6,4,7,0.03599455900018711,24,22,2.0,302,0.03690675999996529,0,390,390,390,100,1,1,60,3,0,0.054087112000047455
s1_1000,S1-510267170,S2,India,selective_v1,0,52,591,66,0,9,0,9,0.03846475499983626,24,16,4.0,406,0.04031786800010195,5,555,550,555,93,1,1,60,1,5,0.06868786399991222
s1_1000,S1-510267170,S3,India,selective_v1,0,52,741,66,0,6,0,6,0.048564870000291194,24,16,4.0,527,0.050626433000047655,3,682,679,682,112,1,1,60,1,3,0.08524531700004445
s1_1000,S1-958682608,S2,India,selective_v1,0,52,810,105,10,11,0,21,0.0192885959997966,24,20,3.0,278,0.02199659600000814,1,537,537,538,79,1,1,60,2,1,0.049474619999955394
s1_1000,S1-958682608,S3,India,selective_v1,0,51,525,105,3,15,0,18,0.025338768999972672,24,14,4.0,445,0.028151976999993167,2,479,477,479,80,1,1,60,1,2,0.05177710999998908
s1_1000,S1-485348225,S2,US,selective_v1,0,54,2695,66,6,0,0,6,0.018850678999910997,24,8,10.0,0,0.02083433799998602,0,2536,2536,2536,113,1,1,60,3,0,0.12904213600006642
s1_1000,S1-485348225,S3,US,selective_v1,0,52,3012,66,10,6,0,16,0.020774468000126944,24,10,9.0,143,0.022607816000004277,1,2803,2802,2803,116,1,1,60,4,1,0.14626498899997387
s1_1000,S1-860341006,S2,India,selective_v1,0,51,1186,105,28,16,0,44,0.01589897400015161,24,19,5.0,168,0.017848122000032163,0,903,903,903,106,1,1,60,2,0,0.06406671500008088
s1_1000,S1-860341006,S3,India,selective_v1,0,51,1199,105,21,21,0,42,0.026847817999964718,24,19,5.0,254,0.028929738999977417,2,1020,1018,1020,109,1,1,60,3,2,0.09745362000001023
s1_1000,S1-44958416,S2,US,selective_v1,0,51,1124,45,1,4,0,5,0.024879515000407082,24,23,1.0,542,0.026291933000038625,1,794,793,794,101,1,1,60,2,1,0.060716807000062545
s1_1000,S1-44958416,S3,US,selective_v1,0,51,1212,45,1,4,0,5,0.025151755999672787,24,23,1.0,537,0.026730292000024747,2,821,819,821,106,1,1,60,3,2,0.061457117999907496
s1_1000,S1-197625875,S2,US,selective_v1,0,45,369,28,1,4,2,5,0.028264455000226008,21,16,4.0,107,0.028862444999958825,0,293,293,293,80,1,1,60,1,0,0.04157103700003972
s1_1000,S1-197625875,S3,US,selective_v1,0,45,397,28,1,4,2,5,0.029984754999986762,21,15,4.0,105,0.03060838099997909,0,307,307,307,78,1,1,60,1,0,0.04388747499990586
s1_1000,S1-933004961,S2,US,selective_v1,0,43,1024,28,0,4,3,4,0.05990132299996276,21,19,2.0,482,0.06108915300001172,2,922,920,922,103,1,1,60,2,2,0.09930438899993987
s1_1000,S1-933004961,S3,US,selective_v1,0,45,1086,28,0,4,2,4,0.06510274099957769,22,20,2.0,527,0.06625689999998485,0,964,964,964,102,1,1,60,1,0,0.10721890999991501
s1_1000,S1-609612010,S2,US,selective_v1,0,52,363,45,1,4,0,5,0.014629603000230418,24,23,1.0,115,0.01575231399999666,1,227,226,227,78,1,1,60,5,1,0.026168758000039816
s1_1000,S1-609612010,S3,US,selective_v1,0,52,274,45,1,4,0,5,0.01620962000004056,24,23,1.0,135,0.01737321600000996,1,216,215,216,86,1,1,60,1,1,0.02728381300005367
s1_1000,S1-24789070,S2,US,selective_v1,0,41,2852,28,1,6,2,7,0.028301980000264848,19,17,2.0,215,0.02926371000000927,3,2700,2697,2700,115,1,1,60,3,3,0.14021495999998024
s1_1000,S1-24789070,S3,US,selective_v1,0,41,3099,28,1,6,2,7,0.03013851199978035,19,17,2.0,237,0.031038138999974763,0,2952,2952,2952,115,1,1,60,3,0,0.15573971699996036
s1_1000,S1-694967517,S2,India,selective_v1,0,50,1654,120,10,29,0,39,0.04538904599962734,24,13,11.0,396,0.04819831600002544,0,1378,1378,1378,117,1,1,60,2,0,0.11997584499999903
s1_1000,S1-694967517,S3,India,selective_v1,0,50,1879,120,10,29,0,39,0.05416601100000662,24,14,10.0,579,0.057078625000031025,1,1590,1589,1590,116,1,1,60,4,1,0.13637900899993838
s1_1000,S1-919660109,S2,India,selective_v1,0,37,1005,45,10,11,7,21,0.007622465000054035,17,16,0.0,0,0.008358756000006906,0,565,565,565,105,1,1,60,1,0,0.03734734700003628
s1_1000,S1-919660109,S3,India,selective_v1,0,37,1047,45,10,11,7,21,0.007920508999973208,17,14,0.0,0,0.008619654999961313,1,595,594,595,109,1,1,60,2,1,0.03716447400006473
s1_1000,S1-954562808,S2,US,selective_v1,0,45,902,36,1,9,4,10,0.05820581499983746,22,22,0.0,704,0.05952406100004737,0,821,821,821,113,1,1,60,3,0,0.09403394299999945
s1_1000,S1-954562808,S3,US,selective_v1,0,45,861,36,1,9,4,10,0.06685740800025997,22,20,1.0,672,0.06817799099997046,0,799,799,799,119,1,1,60,0,0,0.10251078900000721
s1_1000,S1-28896124,S2,US,selective_v1,0,54,880,28,0,0,4,0,0.00812195600008181,24,22,1.0,79,0.008883837000098538,1,726,725,726,79,1,1,60,1,1,0.03955307499995797
s1_1000,S1-28896124,S3,US,selective_v1,0,54,994,28,0,0,4,0,0.008668009999723836,24,23,1.0,70,0.009463589999995747,1,761,760,761,77,1,1,60,3,1,0.04301345199996831
s1_1000,S1-557319843,S2,India,selective_v1,0,49,219,66,15,12,16,27,0.01085506699985217,23,22,1.0,150,0.01187686200000826,1,163,162,163,108,1,1,60,2,1,0.02074820699999691
s1_1000,S1-557319843,S3,India,selective_v1,0,51,700,66,6,16,0,22,0.03492910700003904,24,20,2.0,470,0.03638538699999572,0,482,482,482,57,0,0,57,1,0,0.059975627999961034
s1_1000,S1-516290105,S2,US,selective_v1,0,52,766,36,1,0,2,1,0.020060496999917632,24,12,4.0,174,0.021097601999940707,0,438,438,438,102,1,1,60,1,0,0.0394783039999993
s1_1000,S1-516290105,S3,US,selective_v1,0,51,929,36,1,2,4,3,0.022799255999871093,24,16,6.0,184,0.023829807999959485,3,491,488,491,81,1,1,60,5,3,0.04521221599998171
s1_1000,S1-101840713,S2,US,selective_v1,0,52,347,36,1,4,4,5,0.013632140999902731,24,19,1.0,133,0.014488216000017928,0,228,228,228,100,1,1,60,0,0,0.024814006000042355
s1_1000,S1-101840713,S3,US,selective_v1,0,52,347,36,1,4,4,5,0.015414020999855893,24,23,1.0,134,0.01629762999994,2,232,230,232,90,1,1,60,1,2,0.027339088999951855
s1_1000,S1-807273946,S2,US,selective_v1,0,39,1093,36,3,10,4,13,0.04021044799981155,19,14,4.0,451,0.04107506100001501,1,951,950,951,111,1,1,60,2,1,0.08056211899997834
s1_1000,S1-807273946,S3,US,selective_v1,0,39,1254,36,3,10,4,13,0.043451476000086586,19,14,4.0,510,0.044404780000036226,1,1089,1088,1089,113,1,1,60,0,1,0.0909866139999167
s1_1000,S1-362815713,S2,US,selective_v1,0,28,305,15,0,2,0,2,0.011793749000162279,13,13,0.0,209,0.012174587999993491,1,244,243,244,78,1,1,60,3,1,0.022993269000039618
s1_1000,S1-362815713,S3,US,selective_v1,0,28,349,15,0,2,0,2,0.012786699000002955,13,13,0.0,240,0.01315948000001299,1,282,281,282,80,1,1,60,2,1,0.025286284000003434
s1_1000,S1-118188739,S2,US,selective_v1,0,51,718,36,3,3,4,6,0.023978404000445153,24,15,4.0,143,0.024932251999985056,0,410,410,410,112,1,1,60,0,0,0.06045146200006002
s1_1000,S1-118188739,S3,US,selective_v1,0,51,791,36,3,3,4,6,0.024282384000230195,24,20,4.0,182,0.025221088000080272,0,445,445,445,106,1,1,60,1,0,0.04497944299998835
s1_1000,S1-503223139,S2,India,selective_v1,0,37,668,120,45,32,25,77,0.02940415100010796,18,13,5.0,470,0.030807890999994925,1,561,560,561,106,1,1,60,2,1,0.06050489099993683
s1_1000,S1-503223139,S3,India,selective_v1,0,37,641,120,45,32,25,77,0.02664706800010208,18,13,5.0,402,0.027949056000011296,2,498,496,498,104,1,1,60,4,2,0.054786555999953634
s1_1000,S1-64197487,S2,US,selective_v1,0,44,494,28,1,2,3,3,0.022864920000074562,22,16,2.0,469,0.02374904400005562,0,469,469,469,94,1,1,60,1,0,0.04419947600001706
s1_1000,S1-64197487,S3,US,selective_v1,0,44,617,28,1,2,3,3,0.02455690300007518,22,20,2.0,553,0.02547579899999164,0,553,553,553,99,1,1,60,3,0,0.04888237399995887
s1_1000,S1-88249277,S2,India,selective_v1,0,52,471,78,3,11,0,14,0.031048779000116156,24,22,2.0,379,0.03310366199991677,0,401,401,401,77,1,1,60,2,0,0.05333499900007155
s1_1000,S1-88249277,S3,India,selective_v1,0,52,536,78,0,11,0,11,0.028622268999924927,24,21,1.0,477,0.030809449000003042,0,494,494,494,79,1,1,60,1,0,0.054937875000064196
s1_1000,S1-225047892,S2,US,selective_v1,0,31,856,15,1,0,0,1,0.012733453999999256,14,11,3.0,139,0.01315834599995469,6,472,466,472,108,1,1,60,2,6,0.03286444399998345
s1_1000,S1-225047892,S3,US,selective_v1,0,31,824,15,1,0,0,1,0.012881992000075115,14,11,3.0,140,0.013303166000014244,1,473,472,473,110,1,1,60,1,1,0.0338354299999537
s1_1000,S1-208289868,S2,India,selective_v1,0,50,1137,91,10,33,0,43,0.055170466999697965,24,18,6.0,583,0.057020129999955316,2,864,862,864,110,1,1,60,2,2,0.10336590999997952
s1_1000,S1-208289868,S3,India,selective_v1,0,50,1268,91,6,33,0,39,0.06677203200001713,24,16,7.0,741,0.06881190100000367,3,1010,1007,1010,112,1,1,60,3,3,0.12172910700007833
s1_1000,S1-378019168,S2,India,selective_v1,0,52,538,78,10,11,0,21,0.02046412999993663,24,18,5.0,64,0.022240038000063578,0,238,238,238,98,1,1,60,0,0,0.03556378999996923
s1_1000,S1-378019168,S3,India,selective_v1,0,52,730,78,3,16,0,19,0.030571639000186224,24,16,4.0,286,0.03243040400002428,0,430,430,430,97,1,1,60,0,0,0.054279158000099414
s1_1000,S1-117416889,S2,US,selective_v1,0,53,2631,66,1,4,0,5,0.018398267999828022,24,17,2.0,246,0.020596457999999984,1,2397,2396,2397,100,1,1,60,2,1,0.12193679899996823
s1_1000,S1-117416889,S3,US,selective_v1,0,52,2892,66,3,6,0,9,0.024926109999910295,24,21,3.0,214,0.027137978999917323,1,2468,2467,2468,110,1,1,60,2,1,0.1369882860000189
s1_1000,S1-1039410,S2,India,selective_v1,0,50,1451,91,6,15,0,21,0.029346634000262384,24,12,12.0,407,0.031773703999988356,3,1295,1292,1295,105,1,1,60,5,3,0.09863360099996044
s1_1000,S1-1039410,S3,India,selective_v1,0,50,1441,91,6,13,0,19,0.03620975799969983,24,16,8.0,531,0.038778847000003225,2,1357,1355,1357,106,1,1,60,3,2,0.10661817499999415
s1_1000,S1-787831972,S2,India,selective_v1,0,52,3192,91,10,30,0,40,0.041847278000204824,24,21,3.0,370,0.044062273000008645,1,2525,2524,2525,111,1,1,60,4,1,0.1772589509999989
s1_1000,S1-787831972,S3,India,selective_v1,0,52,3171,91,3,34,0,37,0.04204541099977632,24,22,2.0,321,0.044384403999970345,0,2504,2504,2504,115,1,1,60,1,0,0.1742045790000475
s1_1000,S1-574008304,S2,US,selective_v1,0,32,570,15,0,0,0,0,0.017516913999770622,15,6,3.0,41,0.017938020000087818,26,547,521,547,106,1,1,60,0,26,0.041838813000026676
s1_1000,S1-574008304,S3,US,selective_v1,0,32,578,15,0,0,0,0,0.017119251999929475,15,12,3.0,45,0.017529764999949293,23,529,506,529,103,1,1,60,3,23,0.040103780999970695
s1_1000,S1-970581623,S2,US,selective_v1,0,40,401,21,0,2,0,2,0.017133248999925854,19,17,1.0,351,0.017770486000017627,2,363,361,363,88,1,1,60,3,2,0.03383790999998837
s1_1000,S1-970581623,S3,US,selective_v1,0,38,268,21,0,3,0,3,0.009789291000174671,18,11,1.0,238,0.010298284999976204,0,248,248,248,79,1,1,60,0,0,0.04073008500006381
s1_1000,S1-951410198,S2,India,selective_v1,0,45,954,55,6,17,10,23,0.04861027800006923,22,13,8.0,511,0.04998866400001134,9,769,767,776,112,1,1,60,2,9,0.08884112600003391
s1_1000,S1-951410198,S3,India,selective_v1,0,49,1034,55,3,20,4,23,0.06844798400049967,24,18,6.0,538,0.06972493399996438,5,790,785,790,104,1,1,60,4,5,0.1108450479999874
s1_1000,S1-56436840,S2,India,selective_v1,0,33,962,78,15,35,12,50,0.031114106000018182,16,12,4.0,419,0.03207376900002146,2,617,615,617,117,1,1,60,0,2,0.065464082999938
s1_1000,S1-56436840,S3,India,selective_v1,0,39,1071,78,10,37,12,47,0.05652211699975851,19,13,6.0,595,0.05777662599996347,11,764,753,764,87,1,1,60,1,11,0.09750398999995014
s1_1000,S1-919740289,S2,US,selective_v1,0,46,511,28,0,2,3,2,0.05796459999976378,23,18,5.0,483,0.058877685999959795,16,499,483,499,101,1,1,60,0,16,0.08089632700000493
s1_1000,S1-919740289,S3,US,selective_v1,0,44,705,28,0,3,3,3,0.06041101800008164,22,17,5.0,651,0.061390920999997434,8,659,651,659,107,1,1,60,1,8,0.09068335300003127
s1_1000,S1-72039349,S2,India,selective_v1,0,47,1022,105,10,54,18,64,0.05916864399955557,23,17,6.0,746,0.060679708999941795,0,912,912,912,114,1,1,60,0,0,0.10748232899993582
s1_1000,S1-72039349,S3,India,selective_v1,0,49,1024,105,6,40,0,46,0.06404073400028665,24,16,8.0,768,0.06618940799990014,1,908,907,908,112,1,1,60,3,1,0.11258734700004425
s1_1000,S1-131745165,S2,US,selective_v1,0,47,1644,28,1,3,2,4,0.01956087200028378,22,22,0.0,273,0.020440084999904684,29,1320,1291,1320,119,1,1,60,1,29,0.0746412580000424
s1_1000,S1-131745165,S3,US,selective_v1,0,47,1687,28,1,3,2,4,0.020368862999703197,22,21,1.0,156,0.021342559000004258,21,1332,1311,1332,111,1,1,60,2,21,0.08050706799997442
s1_1000,S1-527220147,S2,US,selective_v1,0,53,786,36,1,2,4,3,0.008945408000272437,24,23,1.0,179,0.00992673799999011,1,510,509,510,95,1,1,60,3,1,0.03238808599996901
s1_1000,S1-527220147,S3,US,selective_v1,0,53,849,36,1,2,4,3,0.009510614999726386,24,23,1.0,186,0.010808982999947148,1,560,559,560,99,1,1,60,2,1,0.03529071000002659
s1_1000,S1-810076304,S2,US,selective_v1,0,50,801,36,1,6,5,7,0.04610897800012026,24,20,4.0,489,0.04722938300005808,0,516,516,516,101,1,1,60,3,0,0.06947698900000887
s1_1000,S1-810076304,S3,US,selective_v1,0,50,590,36,1,6,5,7,0.04711421299987251,24,18,6.0,393,0.048140150999984144,0,413,413,413,75,1,1,60,2,0,0.0666856979999011
s1_1000,S1-355916990,S2,India,selective_v1,0,52,338,91,15,21,0,36,0.01870204600015768,24,22,2.0,157,0.02045524300001489,1,256,255,256,110,1,1,60,1,1,0.034688041999970665
s1_1000,S1-355916990,S3,India,selective_v1,0,47,266,78,10,26,20,36,0.019035237000025518,22,14,2.0,166,0.0202474100000245,0,228,228,228,107,1,1,60,1,0,0.03279241500001717
s1_1000,S1-603830615,S2,India,selective_v1,0,52,697,66,6,4,0,10,0.01713310099978571,24,19,5.0,69,0.018967444000054456,2,542,540,542,79,1,1,60,2,2,0.047414903000003505
s1_1000,S1-603830615,S3,India,selective_v1,0,52,574,66,1,8,0,9,0.01993771699972058,24,11,5.0,113,0.021729001000039716,0,479,479,479,86,1,1,60,0,0,0.04624226499993256
s1_1000,S1-203874762,S2,India,selective_v1,0,52,2892,78,10,5,0,15,0.019804832000204442,24,19,4.0,224,0.022164489000033427,0,2569,2569,2569,113,1,1,60,2,0,0.15629920900005345
s1_1000,S1-203874762,S3,India,selective_v1,0,53,3154,78,6,8,0,14,0.020824531999892315,24,20,2.0,193,0.023407447999943543,0,2797,2797,2797,115,1,1,60,1,0,0.17237709500000165
s1_1000,S1-834983529,S2,US,selective_v1,0,48,2757,28,1,2,3,3,0.016839058999948975,22,15,0.0,59,0.017870615999981965,12,2504,2502,2514,102,1,1,60,2,12,0.12694335499998033
s1_1000,S1-834983529,S3,US,selective_v1,0,43,3277,28,3,3,2,6,0.025819576000003508,20,18,2.0,68,0.027159034000078464,11,2715,2714,2725,116,1,1,60,3,11,0.17622128299990436
s1_1000,S1-225919167,S2,US,selective_v1,0,45,672,28,1,4,2,5,0.01948171800017917,21,12,2.0,246,0.02019595499996285,0,437,437,437,106,1,1,60,0,0,0.04059120099998381
s1_1000,S1-225919167,S3,US,selective_v1,0,45,760,28,1,4,2,5,0.020684263000134706,21,18,2.0,262,0.02138366799999858,0,486,486,486,105,1,1,60,0,0,0.04333260800001426
s1_1000,S1-272522928,S2,US,selective_v1,0,52,2068,36,0,3,3,3,0.023818075000122008,24,20,0.0,294,0.025192883999920923,0,1787,1787,1787,118,1,1,60,2,0,0.09947832199998174
s1_1000,S1-272522928,S3,US,selective_v1,0,52,2145,36,0,3,3,3,0.025173334999863073,24,23,1.0,158,0.026392921000024216,2,1802,1800,1802,105,1,1,60,3,2,0.10556630600001427
s1_1000,S1-124849120,S2,India,selective_v1,0,47,610,78,21,15,20,36,0.008842368999580685,22,21,1.0,172,0.010094099999946593,0,366,366,366,84,1,1,60,1,0,0.029437312000027305
s1_1000,S1-124849120,S3,India,selective_v1,0,49,716,78,21,14,20,35,0.013978294999787977,23,21,0.0,276,0.01537991800000782,0,483,483,483,108,1,1,60,2,0,0.03940376300010939
s1_1000,S1-230964033,S2,India,selective_v1,0,48,472,120,21,35,0,56,0.07102084400037256,24,12,12.0,393,0.0732453059999898,0,393,393,393,79,1,1,60,1,0,0.09517497499996352
s1_1000,S1-230964033,S3,India,selective_v1,0,49,1565,120,15,47,0,62,0.09160548900013055,24,21,3.0,881,0.09410506300002908,0,1142,1142,1142,79,1,1,60,2,0,0.153963603999955
s1_1000,S1-613113880,S2,India,selective_v1,0,50,977,91,10,25,0,35,0.046899473000166836,24,20,3.0,824,0.04890343399995345,8,883,882,890,109,1,1,60,2,8,0.09391178499993202
s1_1000,S1-613113880,S3,India,selective_v1,0,50,1085,91,3,27,0,30,0.05549779099999341,24,22,2.0,963,0.057767123000076026,7,1004,1003,1010,114,1,1,60,2,7,0.108702133999941
s1_1000,S1-396803331,S2,India,selective_v1,0,52,1951,78,10,0,0,10,0.015492061000031754,24,16,8.0,113,0.01779813199993896,1,1719,1718,1719,109,1,1,60,1,1,0.10637807599994176
s1_1000,S1-396803331,S3,India,selective_v1,0,51,2031,66,3,6,0,9,0.021408229000144274,24,12,11.0,194,0.02338918600003126,1,1858,1857,1858,102,1,1,60,1,1,0.11719579500004329
s1_1000,S1-357644530,S2,India,selective_v1,0,43,674,78,6,39,12,45,0.06741019300000062,21,15,6.0,577,0.06860453799993138,0,611,611,611,106,1,1,60,1,0,0.10176628600004278
s1_1000,S1-357644530,S3,India,selective_v1,0,49,1196,78,3,35,6,38,0.08296269500010567,24,18,6.0,1058,0.08465539799999533,1,1098,1097,1098,113,1,1,60,2,1,0.14174851499990382
s1_1000,S1-212885975,S2,US,selective_v1,0,35,670,28,3,6,2,9,0.027030907999915144,17,10,5.0,249,0.02799668699992708,7,575,574,581,120,1,1,60,0,7,0.05365552000000662
s1_1000,S1-212885975,S3,US,selective_v1,0,35,640,28,3,6,2,9,0.02741449300003751,17,11,6.0,168,0.028034458999968592,10,490,490,500,116,1,1,60,1,10,0.0498925379999946
s1_1000,S1-146611329,S2,US,selective_v1,0,33,167,15,0,0,0,0,0.004155864999916048,15,14,0.0,41,0.004499881000015193,2,122,120,122,82,1,1,60,3,2,0.01013876199999686
s1_1000,S1-146611329,S3,US,selective_v1,0,33,176,15,0,0,0,0,0.004363261000207785,15,10,0.0,54,0.004679588000044532,1,144,143,144,79,1,1,60,2,1,0.011273135999999795
s1_1000,S1-362088672,S2,India,selective_v1,0,52,451,55,6,8,0,14,0.016053531000125076,24,22,2.0,258,0.017307092000010016,1,315,314,315,78,1,1,60,2,1,0.03322775700007696
s1_1000,S1-362088672,S3,India,selective_v1,0,52,489,55,1,11,0,12,0.03162688499958222,24,19,1.0,341,0.033001391999960106,1,391,390,391,78,1,1,60,2,1,0.053037333999895964
s1_1000,S1-831406252,S2,India,selective_v1,0,38,689,55,15,12,10,27,0.020376230000010764,18,13,2.0,246,0.021286732000021402,1,371,370,371,96,1,1,60,1,1,0.04048250400001052
s1_1000,S1-831406252,S3,India,selective_v1,0,38,404,55,15,12,10,27,0.016882386000247607,18,15,2.0,153,0.017633355000043593,1,255,254,255,90,1,1,60,1,1,0.030527787999972134
s1_1000,S1-603113105,S2,India,selective_v1,0,51,2302,120,1,8,0,9,0.034786357999905704,24,22,1.0,530,0.03860328799999024,1,1993,1992,1993,114,1,1,60,4,1,0.14508714999999484
s1_1000,S1-603113105,S3,India,selective_v1,0,51,2132,120,0,10,0,10,0.03453998000009051,24,22,1.0,450,0.03832931199997347,0,1920,1920,1920,116,1,1,60,1,0,0.14224181800000224
s1_1000,S1-449694081,S2,US,selective_v1,0,48,1132,28,0,2,3,2,0.02198605700027656,23,18,1.0,161,0.022894596000014644,2,1034,1032,1034,90,1,1,60,4,2,0.08971342899997126
s1_1000,S1-449694081,S3,US,selective_v1,0,45,1049,28,0,3,3,3,0.033941867000294224,22,16,2.0,247,0.034737258000063775,0,960,960,960,100,1,1,60,2,0,0.07592827700000271
s1_1000,S1-134935361,S2,US,selective_v1,0,29,1435,15,0,2,0,2,0.008748975999765207,13,12,1.0,19,0.009186038999928314,7,1334,1327,1334,101,1,1,60,4,7,0.06659956900000452
s1_1000,S1-134935361,S3,US,selective_v1,0,29,1598,15,0,2,0,2,0.009260489999974197,13,12,1.0,16,0.009705416999963745,3,1526,1523,1526,106,1,1,60,1,3,0.07606751599996642
s1_1000,S1-270589272,S2,US,selective_v1,0,51,1574,36,3,3,4,6,0.022606498999834912,24,20,3.0,292,0.023786567000001924,0,1209,1209,1209,112,1,1,60,3,0,0.0748055110000223
s1_1000,S1-270589272,S3,US,selective_v1,0,51,1695,36,3,3,4,6,0.024606064999602495,24,21,3.0,317,0.026710211000022355,1,1323,1322,1323,99,1,1,60,2,1,0.08426980199999434
s1_1000,S1-896456699,S2,US,selective_v1,0,27,219,15,0,2,0,2,0.011671710000200619,13,13,0.0,159,0.012040942999988147,2,189,187,189,99,1,1,60,2,2,0.021059206000018094
s1_1000,S1-896456699,S3,US,selective_v1,0,27,198,15,0,2,0,2,0.01323280400015392,13,10,0.0,167,0.013598705999925187,1,189,188,189,113,1,1,60,2,1,0.022040575000005447
s1_1000,S1-302337739,S2,US,selective_v1,0,35,487,28,3,6,2,9,0.028854958000124498,17,13,4.0,226,0.029461415000014313,4,368,364,368,108,1,1,60,2,4,0.04503113400005532
s1_1000,S1-302337739,S3,US,selective_v1,0,33,524,28,3,7,2,10,0.023492856999837386,16,12,4.0,228,0.024070970000025227,5,382,377,382,99,1,1,60,2,5,0.04092361800007893
s1_1000,S1-391402138,S2,US,selective_v1,0,36,401,28,1,8,2,9,0.03933107099987865,17,15,2.0,271,0.039916747999996005,1,323,322,323,116,1,1,60,1,1,0.05402477000006911
s1_1000,S1-391402138,S3,US,selective_v1,0,36,497,28,1,8,2,9,0.041712230000030104,17,15,2.0,308,0.042291417000001275,1,378,377,378,102,1,1,60,3,1,0.058985882000001766
s1_1000,S1-281598141,S2,US,selective_v1,0,44,659,28,1,4,2,5,0.021967574999848694,21,16,3.0,114,0.022643102000074578,1,547,546,547,81,1,1,60,1,1,0.045391105000021525
s1_1000,S1-281598141,S3,US,selective_v1,0,44,771,28,1,4,2,5,0.02296589499997026,21,18,3.0,137,0.02382089700006418,1,637,636,637,76,1,1,60,3,1,0.05110193799998797
s1_1000,S1-132547250,S2,US,selective_v1,0,32,715,15,1,0,0,1,0.006038413000055698,14,9,0.0,174,0.006464639000000716,1,516,515,516,86,1,1,60,1,1,0.028064081000025
s1_1000,S1-132547250,S3,US,selective_v1,0,32,717,15,1,0,0,1,0.006063459000074545,14,13,0.0,198,0.00651714200000697,1,506,505,506,88,1,1,60,2,1,0.02867852600002152
s1_1000,S1-619795965,S2,US,selective_v1,0,51,615,36,1,6,5,7,0.032397714999547134,24,21,2.0,290,0.03329831600001398,0,468,468,468,105,1,1,60,2,0,0.053464139999960025
s1_1000,S1-619795965,S3,US,selective_v1,0,51,744,36,1,6,5,7,0.034098266000000876,24,18,2.0,358,0.03513865499996882,4,539,535,539,99,1,1,60,5,4,0.05865928100001838
s1_1000,S1-649285755,S2,US,selective_v1,0,48,2968,28,0,3,2,3,0.04403396299983342,23,16,1.0,382,0.045269375000088985,21,2746,2725,2746,100,1,1,60,1,21,0.1616185640000367
s1_1000,S1-649285755,S3,US,selective_v1,0,28,485,28,3,9,2,12,0.03784270199969342,14,11,3.0,434,0.03845723100005216,30,464,434,464,99,1,1,60,1,30,0.0596051960000068
s1_1000,S1-430030189,S2,India,selective_v1,0,50,1262,120,10,21,0,31,0.031055242000206817,24,16,6.0,569,0.03418084600002658,0,1120,1120,1120,114,1,1,60,2,0,0.09394150100001752
s1_1000,S1-430030189,S3,India,selective_v1,0,50,1029,120,10,20,0,30,0.030578467000054843,24,15,8.0,406,0.03356542200003787,0,960,960,960,116,1,1,60,2,0,0.08343353500004014
s1_1000,S1-908464095,S2,US,selective_v1,0,51,729,45,0,3,0,3,0.0454063839997616,24,22,2.0,329,0.04679417199997715,2,566,564,566,90,1,1,60,3,2,0.07106169500002579
s1_1000,S1-908464095,S3,US,selective_v1,0,51,704,45,0,4,0,4,0.047855429000037475,24,22,2.0,219,0.04922095899996748,2,445,443,445,92,1,1,60,5,2,0.0693022350000092
s1_1000,S1-439426602,S2,US,selective_v1,0,43,525,28,1,4,2,5,0.023722772999803965,21,18,3.0,282,0.024468540000043504,5,398,393,398,99,1,1,60,2,5,0.04102125499991871
s1_1000,S1-439426602,S3,US,selective_v1,0,43,431,28,1,4,2,5,0.027195758000516435,21,16,4.0,217,0.02788019699994493,3,340,337,340,110,1,1,60,1,3,0.04290147499989416
s1_1000,S1-632127045,S2,US,selective_v1,0,43,536,21,0,1,0,1,0.012418874000104552,20,17,1.0,198,0.013003300000036688,1,443,442,443,77,1,1,60,2,1,0.031674500000008265
s1_1000,S1-632127045,S3,US,selective_v1,0,43,615,21,0,1,0,1,0.013028078999695936,20,19,1.0,208,0.013628980000021329,3,481,478,481,78,1,1,60,3,3,0.03414416800001163
s1_1000,S1-698552884,S2,US,selective_v1,0,44,571,28,1,4,2,5,0.01711688000000322,21,18,1.0,334,0.017872940000074777,0,496,496,496,109,1,1,60,3,0,0.03876929300008669
s1_1000,S1-698552884,S3,US,selective_v1,0,44,529,28,1,4,2,5,0.019937660000096002,21,19,2.0,262,0.02067790499995681,0,456,456,456,111,1,1,60,2,0,0.04040204399996128
s1_1000,S1-774996232,S2,India,selective_v1,0,35,439,66,21,15,13,36,0.022237883999650876,17,11,6.0,294,0.023057405000031395,4,349,345,349,102,1,1,60,2,4,0.04071912900008101
s1_1000,S1-774996232,S3,India,selective_v1,0,39,757,66,15,19,13,34,0.03264777499998672,19,14,5.0,577,0.033736253999904875,2,636,634,636,108,1,1,60,2,2,0.06547789900002954
s1_1000,S1-452456543,S2,US,selective_v1,0,39,877,28,1,6,2,7,0.04320149099999071,19,16,2.0,314,0.043962210000017876,0,766,766,766,109,1,1,60,1,0,0.07582987499995397
s1_1000,S1-452456543,S3,US,selective_v1,0,39,938,28,1,6,2,7,0.04466443199964942,19,15,2.0,324,0.045405556999980945,0,825,825,825,117,1,1,60,0,0,0.0810120049999341
s1_1000,S1-585894096,S2,India,selective_v1,0,50,471,66,10,20,13,30,0.02721808899991629,23,19,1.0,198,0.028303318000098443,5,280,275,280,80,1,1,60,3,5,0.043182100999956674
s1_1000,S1-585894096,S3,India,selective_v1,0,49,662,55,3,19,10,22,0.05585749399995166,23,14,6.0,434,0.05699393999998392,5,517,512,517,80,1,1,60,2,5,0.10292785800004367
s1_1000,S1-454927333,S2,India,selective_v1,0,50,3679,120,10,40,0,50,0.06066309999971509,24,13,11.0,559,0.06353125999999065,5,3272,3271,3276,119,1,1,60,0,5,0.24116330300000755
s1_1000,S1-454927333,S3,India,selective_v1,0,50,3643,120,10,40,0,50,0.060408102999872426,24,13,11.0,563,0.06510268600004565,8,3324,3316,3324,114,1,1,60,0,8,0.23701829999993151
s1_1000,S1-724124543,S2,US,selective_v1,0,41,775,28,3,3,2,6,0.024000560000104088,20,13,5.0,261,0.02475229300000592,1,657,656,657,106,1,1,60,1,1,0.05594072500002767
s1_1000,S1-724124543,S3,US,selective_v1,0,41,985,28,3,3,2,6,0.026835057000084817,20,15,5.0,301,0.027640802999940206,1,814,813,814,96,1,1,60,1,1,0.0626129879999553
s1_1000,S1-373841520,S2,US,selective_v1,0,35,398,21,1,4,0,5,0.009529798999778905,16,12,0.0,110,0.009958816999983355,0,231,231,231,97,1,1,60,0,0,0.020449479000035353
s1_1000,S1-373841520,S3,US,selective_v1,0,35,474,21,1,4,0,5,0.00993262099984804,16,11,0.0,122,0.010361264000039228,0,273,273,273,105,1,1,60,0,0,0.022741836000022886
s1_1000,S1-478665448,S2,India,selective_v1,0,48,1998,66,15,12,16,27,0.039989062000131526,23,9,12.0,137,0.04137557800004288,2,1865,1863,1865,116,1,1,60,2,2,0.13538588200003687
s1_1000,S1-478665448,S3,India,selective_v1,0,48,2314,66,6,27,10,33,0.06256880299986278,23,17,6.0,481,0.06394381699999485,4,2184,2180,2184,113,1,1,60,4,4,0.17361925699992753
s1_1000,S1-31916694,S2,US,selective_v1,0,42,1766,21,1,0,0,1,0.01511106500004189,20,13,2.0,307,0.015894490999926347,1,1694,1693,1694,115,1,1,60,2,1,0.0874011309999787
s1_1000,S1-31916694,S3,US,selective_v1,0,37,2085,21,3,0,0,3,0.021752645999981723,18,15,3.0,401,0.022653366999975333,6,1868,1864,1870,106,1,1,60,5,6,0.10444345100006558
s1_1000,S1-178240398,S2,India,selective_v1,0,50,1065,120,10,25,0,35,0.05537011900003108,24,18,6.0,666,0.05831775799993011,2,906,904,906,107,1,1,60,3,2,0.10820389100001648
s1_1000,S1-178240398,S3,India,selective_v1,0,50,732,120,6,25,0,31,0.04614550799976769,24,18,5.0,492,0.04904347000001508,1,681,680,681,106,1,1,60,3,1,0.08687953699995887
s1_1000,S1-805720916,S2,India,selective_v1,0,38,160,36,6,8,4,14,0.011517523000179608,18,14,4.0,34,0.012044335000041428,1,111,110,111,83,1,1,60,2,1,0.018450784000037856
s1_1000,S1-805720916,S3,India,selective_v1,0,42,189,36,3,9,4,12,0.021922837000033724,20,13,4.0,76,0.022543144999985998,0,154,154,154,96,1,1,60,3,0,0.03059270699998251
s1_1000,S1-785012599,S2,US,selective_v1,0,55,1296,66,3,3,0,6,0.02201457900002879,24,16,1.0,329,0.02400965599997562,0,840,840,840,100,1,1,60,2,0,0.06036681700004465
s1_1000,S1-785012599,S3,US,selective_v1,0,53,1017,66,6,4,0,10,0.02274960000011106,24,19,1.0,343,0.02497489199993197,0,833,833,833,100,1,1,60,1,0,0.061378009000009115
s1_1000,S1-570330505,S2,US,selective_v1,0,30,752,15,1,0,0,1,0.011048602000073515,14,14,0.0,520,0.011903031999963787,1,600,599,600,107,1,1,60,2,1,0.037301135999996404
s1_1000,S1-570330505,S3,US,selective_v1,0,30,547,15,1,0,0,1,0.01127070800009733,14,12,2.0,363,0.011759649000055106,1,432,431,432,93,1,1,60,2,1,0.04837307399998281
s1_1000,S1-580407687,S2,US,selective_v1,0,35,1416,28,1,8,2,9,0.053907467999692926,17,15,2.0,270,0.05469016799997917,17,1232,1215,1232,105,1,1,60,2,17,0.10691664600005879
s1_1000,S1-580407687,S3,US,selective_v1,0,33,1508,28,1,10,1,11,0.05733468000016728,16,14,0.0,287,0.058059132000039426,15,1349,1334,1349,109,1,1,60,0,15,0.11661311299997124
s1_1000,S1-195964451,S2,US,selective_v1,0,47,1066,28,1,2,3,3,0.012080265999998119,22,22,0.0,308,0.012984380000034434,1,862,861,862,110,1,1,60,2,1,0.04955379299997276
s1_1000,S1-195964451,S3,US,selective_v1,0,47,1129,28,1,2,3,3,0.012593785000149182,22,21,0.0,343,0.013469328000041969,2,916,914,916,106,1,1,60,1,2,0.05226856599995244
s1_1000,S1-863383578,S2,India,selective_v1,0,50,453,105,15,20,0,35,0.03674115399985567,24,15,9.0,425,0.03905515400003878,0,427,427,427,79,1,1,60,1,0,0.061679942999944615
s1_1000,S1-863383578,S3,India,selective_v1,0,51,753,105,15,33,0,48,0.04227294700001494,24,18,6.0,343,0.044231933999981266,0,635,635,635,97,1,1,60,2,0,0.07810106900001301
s1_1000,S1-398966822,S2,India,selective_v1,0,50,1058,55,6,12,4,18,0.028002577000052042,24,22,2.0,478,0.0293250250000483,7,566,563,570,113,1,1,60,1,7,0.05923537599994688
s1_1000,S1-398966822,S3,India,selective_v1,0,50,920,55,3,12,0,15,0.048422576000234585,24,19,2.0,628,0.050231574999997974,8,675,675,683,119,1,1,60,1,8,0.08455564099995172
s1_1000,S1-47693061,S2,US,selective_v1,0,32,344,15,0,1,0,1,0.00784581799996431,14,7,1.0,15,0.008162800999912179,1,228,227,228,73,1,1,60,2,1,0.018232861999990746
s1_1000,S1-47693061,S3,US,selective_v1,0,30,391,15,0,2,0,2,0.005187368000179049,13,13,0.0,26,0.005474508000020251,0,235,235,235,79,1,1,60,2,0,0.015731000000073436
s1_1000,S1-901993448,S2,US,selective_v1,0,52,1649,36,1,0,2,1,0.013787463999733518,24,9,5.0,146,0.014983372999950006,0,1626,1626,1626,109,1,1,60,1,0,0.08221399499996096
s1_1000,S1-901993448,S3,US,selective_v1,0,50,2250,36,3,3,3,6,0.026760864000266338,24,18,6.0,493,0.028069581000067956,3,2027,2024,2027,107,1,1,60,3,3,0.11513114299998506
s1_1000,S1-360702411,S2,US,selective_v1,0,51,867,28,0,1,3,1,0.017614012000080947,24,16,2.0,251,0.018759702000011202,2,565,563,565,91,1,1,60,3,2,0.04372142399995482
s1_1000,S1-360702411,S3,US,selective_v1,0,46,949,28,1,2,3,3,0.023379453000188732,22,16,3.0,377,0.024232533000031253,4,617,613,617,87,1,1,60,5,4,0.05103195599997434
s1_1000,S1-773565090,S2,India,selective_v1,0,51,2646,45,6,4,3,10,0.026738353000268944,24,18,5.0,288,0.028321882000000187,3,1830,1827,1830,117,1,1,60,1,3,0.12215156899992508
s1_1000,S1-773565090,S3,India,selective_v1,0,52,2449,45,1,8,0,9,0.03325982100011515,24,21,3.0,212,0.03469634300006419,5,1859,1854,1859,112,1,1,60,2,5,0.12733607899997423
s1_1000,S1-585207831,S2,India,selective_v1,0,48,360,66,10,17,16,27,0.024622695000175554,23,15,7.0,265,0.025750747999950363,4,297,296,300,81,1,1,60,1,4,0.041851436999991165
s1_1000,S1-585207831,S3,India,selective_v1,0,50,457,66,3,21,0,24,0.04074442399985401,24,18,6.0,324,0.04205825100007132,4,347,343,347,80,1,1,60,2,4,0.05975797600001442
s1_1000,S1-531136752,S2,India,selective_v1,0,51,1171,91,15,18,0,33,0.036189339999509684,24,19,5.0,452,0.03829486799997994,1,896,895,896,114,1,1,60,1,1,0.08377326099991933
s1_1000,S1-531136752,S3,India,selective_v1,0,51,1408,91,10,21,0,31,0.03981405899992296,24,19,3.0,713,0.04212042099993596,1,1111,1110,1111,112,1,1,60,3,1,0.09907926200003203
s1_1000,S1-442467030,S2,India,selective_v1,0,49,907,55,10,10,12,20,0.014075322999815398,23,19,3.0,105,0.01520452199997635,0,343,343,343,117,1,1,60,2,0,0.03340850999995837
s1_1000,S1-442467030,S3,India,selective_v1,0,51,834,55,10,8,7,18,0.02117842500013012,24,19,3.0,175,0.022441328000013527,1,392,391,392,113,1,1,60,1,1,0.041513981999969474
s1_1000,S1-92482405,S2,India,selective_v1,0,51,1162,45,3,7,3,10,0.018731460000140032,24,15,4.0,243,0.02003646100001788,5,765,760,765,114,1,1,60,2,5,0.05884016899995004
s1_1000,S1-92482405,S3,India,selective_v1,0,52,951,55,3,6,0,9,0.027260514000090552,24,19,3.0,229,0.028785932000005232,14,681,667,681,110,1,1,60,1,14,0.0634489899999835
s1_1000,S1-199571794,S2,India,selective_v1,0,49,636,66,3,17,0,20,0.025533582000321076,24,17,7.0,420,0.027047003000006953,2,506,504,506,77,1,1,60,2,2,0.05308407699999407
s1_1000,S1-199571794,S3,India,selective_v1,0,51,1271,66,3,11,0,14,0.024815048999698774,24,18,6.0,360,0.026611036999952375,1,1064,1063,1064,78,1,1,60,2,1,0.07867692199999965
s1_1000,S1-595727822,S2,US,selective_v1,0,42,558,28,1,3,3,4,0.039917611999953806,21,17,3.0,535,0.04074737999997069,0,535,535,535,102,1,1,60,1,0,0.08518724500004282
s1_1000,S1-595727822,S3,US,selective_v1,0,42,653,28,1,4,2,5,0.04159300900039398,21,18,3.0,603,0.04248094399997626,0,603,603,603,107,1,1,60,2,0,0.06887470699996356
s1_1000,S1-364678319,S2,US,selective_v1,0,48,550,21,0,0,0,0,0.004015164999714216,21,18,0.0,104,0.004575188999979218,1,484,483,484,78,1,1,60,2,1,0.025673196000070675
s1_1000,S1-364678319,S3,US,selective_v1,0,48,561,21,0,0,0,0,0.004284063999989485,21,15,0.0,114,0.004858155999954761,0,498,498,498,78,1,1,60,0,0,0.026946562000034646
s1_1000,S1-872214081,S2,India,selective_v1,0,33,907,55,10,21,8,31,0.036534201000108624,16,12,4.0,497,0.03771977600001719,6,617,611,617,115,1,1,60,1,6,0.06950845199992273
s1_1000,S1-872214081,S3,India,selective_v1,0,39,1091,55,3,28,5,31,0.057708740999942165,19,16,3.0,797,0.058793986999944536,10,890,880,890,113,1,1,60,2,10,0.10317615999997543
s1_1000,S1-377086058,S2,US,selective_v1,0,46,527,28,1,2,3,3,0.017945117000067512,22,17,2.0,418,0.018776900000034402,0,472,472,472,90,1,1,60,2,0,0.038739751999969485
s1_1000,S1-377086058,S3,US,selective_v1,0,46,470,28,1,2,3,3,0.018656916999930218,22,19,3.0,316,0.019433938000020134,2,393,391,393,95,1,1,60,3,2,0.03655118100004984
s1_1000,S1-990461902,S2,US,selective_v1,0,40,249,36,6,8,4,14,0.004356911999821023,18,16,1.0,0,0.00485788200001025,2,149,147,149,76,1,1,60,4,2,0.011415449000082845
s1_1000,S1-990461902,S3,US,selective_v1,0,40,285,36,6,8,4,14,0.004604841000286797,18,11,1.0,0,0.005096689000083643,0,193,193,193,80,1,1,60,0,0,0.013544491000061498
s1_1000,S1-967594427,S2,India,selective_v1,0,30,549,66,10,32,10,42,0.016086300000097253,14,12,2.0,96,0.016690154999992046,1,372,371,372,90,1,1,60,2,1,0.03492582800004129
s1_1000,S1-967594427,S3,India,selective_v1,0,42,873,66,6,30,10,36,0.03585996899960264,20,12,4.0,373,0.0371522030000051,0,681,681,681,105,1,1,60,0,0,0.06969116100003703
s1_1000,S1-824991198,S2,US,selective_v1,0,25,784,15,0,4,0,4,0.012140233999957672,11,9,0.0,133,0.012490864000028523,4,506,502,506,105,1,1,60,3,4,0.03432064800006174
s1_1000,S1-824991198,S3,US,selective_v1,0,25,824,15,1,3,0,4,0.012840600000117774,11,9,0.0,158,0.01327332200003184,8,541,533,541,101,1,1,60,3,8,0.03591508700003487
s1_1000,S1-623746049,S2,US,selective_v1,0,32,755,21,3,3,0,6,0.019225036000307227,15,14,1.0,315,0.019775496999955067,90,494,494,584,134,1,1,60,1,51,0.04531624200001261
s1_1000,S1-623746049,S3,US,selective_v1,0,32,725,21,3,3,0,6,0.020606290999694465,15,12,1.0,302,0.02125246299999617,85,474,474,559,130,1,1,60,1,46,0.045641873000022315
s1_1000,S1-635266124,S2,India,selective_v1,0,49,1127,91,10,32,13,42,0.045660250999731034,24,18,6.0,764,0.04753736800000752,0,874,874,874,116,1,1,60,2,0,0.09093339999992622
s1_1000,S1-635266124,S3,India,selective_v1,0,49,1122,91,6,38,0,44,0.059221657000080086,24,19,5.0,898,0.061083517000042775,1,994,993,994,111,1,1,60,2,1,0.11054562300000725
s1_1000,S1-12615942,S2,US,selective_v1,0,38,2252,21,1,2,0,3,0.01699282500010213,18,14,1.0,424,0.017895712000040476,1,2009,2008,2009,107,1,1,60,1,1,0.10087165499999173
s1_1000,S1-12615942,S3,US,selective_v1,0,38,2235,21,1,2,0,3,0.017455204999805574,18,15,3.0,200,0.019268296000063856,0,2017,2017,2017,112,1,1,60,2,0,0.10429531500005851
s1_1000,S1-468418914,S2,US,selective_v1,0,36,679,28,1,8,2,9,0.03789652899979501,17,16,0.0,176,0.038481859999933477,0,554,554,554,113,1,1,60,4,0,0.0625728429999981
s1_1000,S1-468418914,S3,US,selective_v1,0,35,327,28,1,8,2,9,0.04144313899973895,17,11,0.0,256,0.041991808000034325,0,309,309,309,120,1,1,60,0,0,0.05568433600001299
s1_1000,S1-717312031,S2,India,selective_v1,0,28,331,36,6,13,4,19,0.020351820000087173,13,12,1.0,83,0.02076773199996751,1,157,156,157,95,1,1,60,1,1,0.02903441799992379
s1_1000,S1-717312031,S3,India,selective_v1,0,28,309,36,3,16,4,19,0.019777510000153598,13,10,1.0,106,0.020187195999938012,3,188,185,188,104,1,1,60,2,3,0.02978778599992893
s1_1000,S1-292535402,S2,India,selective_v1,0,21,154,45,15,17,3,32,0.009261578000064219,10,7,3.0,92,0.009553290999974706,0,125,125,125,62,1,1,60,2,0,0.01604617300006339
s1_1000,S1-292535402,S3,India,selective_v1,0,23,107,45,10,18,6,28,0.007511431000011726,11,5,4.0,73,0.007862122999995336,0,99,99,99,63,1,1,60,0,0,0.013164141000061136
s1_1000,S1-959890049,S2,India,selective_v1,0,35,1063,66,15,24,10,39,0.04514748799965673,17,11,6.0,442,0.04612136199989436,1,874,873,874,109,1,1,60,3,1,0.08928238900000451
s1_1000,S1-959890049,S3,India,selective_v1,0,35,918,66,15,24,10,39,0.042869592999863926,17,10,6.0,355,0.043790817999934006,1,781,780,781,104,1,1,60,1,1,0.0827851170000713
s1_1000,S1-256737973,S2,US,selective_v1,0,53,859,55,1,4,0,5,0.018011085000125604,24,12,2.0,18,0.019476007999969625,0,782,782,782,101,1,1,60,1,0,0.05357318100004704
s1_1000,S1-256737973,S3,US,selective_v1,0,51,940,55,3,10,0,13,0.03671600700056388,24,15,5.0,157,0.0382453690000375,0,828,828,828,104,1,1,60,1,0,0.0735117930000797
s1_1000,S1-159212707,S2,India,selective_v1,0,49,800,120,21,42,9,63,0.049775413999896045,24,14,10.0,454,0.05167413899994244,12,509,509,521,113,1,1,60,0,12,0.0801701119999052
s1_1000,S1-159212707,S3,India,selective_v1,0,49,999,120,15,47,0,62,0.059120299999790404,24,16,7.0,670,0.06120209599998816,18,716,716,734,118,1,1,60,1,18,0.10016806900000574
s1_1000,S1-580580616,S2,India,selective_v1,0,51,520,120,6,24,0,30,0.04253960000028201,24,19,4.0,333,0.04537623999999596,7,438,438,445,96,1,1,60,0,7,0.06922436199999993
s1_1000,S1-580580616,S3,India,selective_v1,0,51,558,120,3,21,0,24,0.043602359000033175,24,19,4.0,402,0.046595117000038044,9,516,516,525,106,1,1,60,0,9,0.07410046099994361
s1_1000,S1-386088143,S2,India,selective_v1,0,49,1449,120,21,47,0,68,0.0780069069998035,24,21,3.0,862,0.08017462099996919,8,980,974,982,94,1,1,60,0,8,0.13355361200001425
s1_1000,S1-386088143,S3,India,selective_v1,0,49,1336,120,15,51,0,66,0.08666558399977475,24,22,2.0,944,0.08899509599996236,7,1056,1049,1056,99,1,1,60,0,7,0.14470369200000732
s1_1000,S1-994360372,S2,US,selective_v1,0,50,1494,45,0,4,0,4,0.042261024999902475,24,16,3.0,330,0.04377300999999534,0,1356,1356,1356,107,1,1,60,1,0,0.1220570420000513
s1_1000,S1-994360372,S3,US,selective_v1,0,49,1795,45,1,8,0,9,0.07689788899995165,24,17,7.0,637,0.07839789399997699,0,1619,1619,1619,109,1,1,60,2,0,0.14951940700007071
s1_1000,S1-417824853,S2,US,selective_v1,0,52,1296,45,1,2,0,3,0.012334086999999272,24,14,1.0,139,0.013772791999940637,0,1016,1016,1016,112,1,1,60,1,0,0.056679067999994004
s1_1000,S1-417824853,S3,US,selective_v1,0,50,1654,45,3,6,0,9,0.028476925000063602,24,21,2.0,449,0.030017022999913934,1,1278,1277,1278,111,1,1,60,3,1,0.08598292800002127
s1_1000,S1-57586886,S2,US,selective_v1,0,52,3635,45,1,4,0,5,0.027609333999976116,24,16,4.0,52,0.02923369300003742,16,3360,3359,3375,119,1,1,60,2,16,0.17575010000007296
s1_1000,S1-57586886,S3,US,selective_v1,0,51,3898,45,3,6,0,9,0.036653783000133444,24,14,8.0,176,0.03832600399994135,10,3639,3639,3649,126,1,1,60,0,10,0.20280543500007298
s1_1000,S1-417823242,S2,US,selective_v1,0,52,760,66,0,4,0,4,0.035467619000087325,24,21,3.0,254,0.03747163299999556,0,464,464,464,113,1,1,60,2,0,0.05945911200001319
s1_1000,S1-417823242,S3,US,selective_v1,0,52,918,66,0,4,0,4,0.03677434699989135,24,21,3.0,273,0.03874327699998048,0,526,526,526,110,1,1,60,3,0,0.06199365099996612
s1_1000,S1-651379105,S2,US,selective_v1,0,44,673,36,1,8,5,9,0.05955069600020124,22,18,4.0,617,0.06051181199995881,1,618,617,618,107,1,1,60,2,1,0.08673305699994671
s1_1000,S1-651379105,S3,US,selective_v1,0,34,358,36,3,12,4,15,0.04449266199981139,17,12,3.0,344,0.045174601999974584,0,344,344,344,112,1,1,60,0,0,0.060020466999958444
s1_1000,S1-575249679,S2,US,selective_v1,0,51,1450,45,1,8,0,9,0.053967279000289636,24,19,4.0,470,0.05554217899998548,1,1055,1054,1055,88,1,1,60,1,1,0.09983166799997889
s1_1000,S1-575249679,S3,US,selective_v1,0,51,1633,45,1,9,3,10,0.050378805999798715,24,16,5.0,668,0.05183045699993727,0,1262,1262,1262,90,1,1,60,1,0,0.10742418400002407
s1_1000,S1-393317943,S2,US,selective_v1,0,52,1674,45,0,3,0,3,0.03298780499994791,24,17,2.0,132,0.03461502499999369,1,1396,1395,1396,114,1,1,60,2,1,0.0961756479999849
s1_1000,S1-393317943,S3,US,selective_v1,0,51,1645,45,1,6,0,7,0.04309157799991681,24,19,5.0,162,0.04534269900000254,0,1417,1417,1417,116,1,1,60,2,0,0.10634935200005202
s1_1000,S1-584163881,S2,India,selective_v1,0,36,3054,120,28,50,25,78,0.030911881000179164,17,15,2.0,287,0.03253516999996009,0,2593,2593,2593,112,1,1,60,2,0,0.17447627700005341
s1_1000,S1-584163881,S3,India,selective_v1,0,36,3124,120,28,57,18,85,0.03991552200000115,17,15,2.0,291,0.04147416000000703,1,2622,2621,2622,110,1,1,60,3,1,0.19949639599997226
s1_1000,S1-982163117,S2,India,selective_v1,0,53,399,66,3,12,0,15,0.008932136999874274,24,15,6.0,28,0.01051799000003939,1,200,199,200,95,1,1,60,1,1,0.02246186000002126
s1_1000,S1-982163117,S3,India,selective_v1,0,53,498,66,1,9,0,10,0.01615240800003903,24,17,7.0,181,0.01783524999996189,0,338,338,338,95,1,1,60,2,0,0.034657551000009335
s1_1000,S1-839782760,S2,US,selective_v1,0,44,749,21,0,1,0,1,0.005575692999855164,20,7,1.0,5,0.0062183929999264365,0,680,680,680,100,1,1,60,0,0,0.03455748199996833
s1_1000,S1-839782760,S3,US,selective_v1,0,44,857,21,0,1,0,1,0.0059899460001133775,20,19,1.0,1,0.006535763999977462,2,737,735,737,87,1,1,60,4,2,0.03871533200003796
s1_1000,S1-900544442,S2,US,selective_v1,0,49,2229,55,1,10,0,11,0.06714832099999057,24,21,3.0,640,0.06892213300000094,3,2101,2098,2101,107,1,1,60,2,3,0.15807752599994274
s1_1000,S1-900544442,S3,US,selective_v1,0,49,2334,55,1,10,0,11,0.06995854099943699,24,20,4.0,547,0.07173987099997703,1,2182,2181,2182,103,1,1,60,4,1,0.16741424300005292
s1_1000,S1-877625799,S2,US,selective_v1,0,53,1166,45,1,5,0,6,0.011768918999564448,24,17,0.0,98,0.013035293999905662,0,880,880,880,108,1,1,60,2,0,0.050641970000015135
s1_1000,S1-877625799,S3,US,selective_v1,0,52,1252,45,3,7,0,10,0.01782175200025904,24,20,1.0,212,0.01903564400004143,0,929,929,929,108,1,1,60,0,0,0.05959871300001396
s1_1000,S1-479499953,S2,US,selective_v1,0,51,513,55,1,3,0,4,0.028574033999916537,24,15,4.0,95,0.030130320000012034,0,390,390,390,99,1,1,60,0,0,0.04780162599990945
s1_1000,S1-479499953,S3,US,selective_v1,0,51,615,55,1,4,0,5,0.03284332400050971,24,17,4.0,156,0.0343861950000246,0,447,447,447,89,1,1,60,3,0,0.05408931299996311
s1_1000,S1-240192562,S2,India,selective_v1,0,52,739,120,28,16,0,44,0.022421377999535252,24,19,3.0,481,0.024946417000023757,4,566,566,570,100,1,1,60,1,4,0.05445358400004352
s1_1000,S1-240192562,S3,India,selective_v1,0,52,559,120,15,29,0,44,0.021684474999574377,24,11,4.0,305,0.024067789000014272,5,390,390,395,108,1,1,60,0,5,0.04572828999994272
s1_1000,S1-67984413,S2,US,selective_v1,0,39,517,21,1,2,0,3,0.011411101000021517,18,11,2.0,274,0.01196691000006922,0,375,375,375,93,1,1,60,2,0,0.028448959000002105
s1_1000,S1-67984413,S3,US,selective_v1,0,39,543,21,1,2,0,3,0.011806200000364697,18,14,2.0,301,0.012382638999952178,0,399,399,399,91,1,1,60,1,0,0.02947094199998901
s1_1000,S1-929709760,S2,India,selective_v1,0,50,1237,105,3,18,0,21,0.03141320199983966,24,17,6.0,531,0.034237179999990985,1,1062,1061,1062,107,1,1,60,1,1,0.08785091199990802
s1_1000,S1-929709760,S3,India,selective_v1,0,50,1239,105,3,16,0,19,0.03645728300000428,24,19,5.0,518,0.039292546999945444,0,1048,1048,1048,106,1,1,60,1,0,0.09164649700005612
s1_1000,S1-645580244,S2,US,selective_v1,0,45,1406,21,0,0,0,0,0.020628104000024905,21,13,1.0,125,0.021240627999986827,3,1189,1186,1189,116,1,1,60,2,3,0.07101184500004365
s1_1000,S1-645580244,S3,US,selective_v1,0,45,1564,21,0,0,0,0,0.0220426710003494,21,16,1.0,149,0.022827280000001338,2,1308,1306,1308,112,1,1,60,3,2,0.079833714000074
s1_1000,S1-379116236,S2,US,selective_v1,0,35,436,21,1,4,0,5,0.0202588200000946,16,11,1.0,188,0.02074871799993616,4,307,303,307,83,1,1,60,3,4,0.03526552999994692
s1_1000,S1-379116236,S3,US,selective_v1,0,35,445,21,1,4,0,5,0.02078264999977364,16,15,1.0,203,0.0212745389999327,3,311,308,311,82,1,1,60,1,3,0.03503963500008922
s1_1000,S1-859902423,S2,India,selective_v1,0,50,400,91,6,16,0,22,0.03114996099986911,24,15,8.0,356,0.03332443199997215,4,368,367,371,106,1,1,60,2,4,0.05340950000004341
s1_1000,S1-859902423,S3,India,selective_v1,0,50,646,91,3,19,0,22,0.038489907000098356,24,16,7.0,484,0.04087319400002798,10,504,494,504,97,1,1,60,1,10,0.06687532399996599
s1_1000,S1-625988141,S2,India,selective_v1,0,52,1937,55,3,6,0,9,0.018847476999440005,24,18,4.0,20,0.020527609999930974,0,1464,1464,1464,93,1,1,60,1,0,0.09715172900007474
s1_1000,S1-625988141,S3,India,selective_v1,0,52,1716,55,1,6,0,7,0.022425163000093562,24,16,6.0,175,0.024094078999951307,0,1588,1588,1588,98,1,1,60,2,0,0.10319320500002505
s1_1000,S1-419938998,S2,US,selective_v1,0,32,2466,15,0,0,0,0,0.011924971999860645,15,10,0.0,226,0.012696478999941974,0,2315,2315,2315,94,1,1,60,0,0,0.13272215300003154
s1_1000,S1-419938998,S3,US,selective_v1,0,31,354,15,0,0,0,0,0.012814476000130526,15,6,1.0,256,0.013282801000059408,0,348,348,348,80,1,1,60,0,0,0.03016979699998501
s1_1000,S1-772622400,S2,US,selective_v1,0,40,1043,28,1,6,2,7,0.03971699100020487,19,17,2.0,216,0.04039941499991073,1,905,904,905,105,1,1,60,2,1,0.07851432900008604
s1_1000,S1-772622400,S3,US,selective_v1,0,40,1037,28,1,6,2,7,0.04065299799992772,19,17,2.0,221,0.041351598999995076,0,922,922,922,98,1,1,60,1,0,0.083188729000085
s1_1000,S1-830083936,S2,India,selective_v1,0,52,725,66,3,10,0,13,0.017325778999975228,24,16,5.0,201,0.019076217000019824,0,580,580,580,80,1,1,60,1,0,0.048431970000024194
s1_1000,S1-830083936,S3,India,selective_v1,0,51,740,66,3,10,0,13,0.025535906000072828,24,22,2.0,445,0.027677144999984193,7,568,561,568,78,1,1,60,1,7,0.055589969000038764
s1_1000,S1-439222980,S2,US,selective_v1,0,37,1018,21,0,3,0,3,0.04171180099990579,18,15,1.0,401,0.04242092699996647,1,947,946,947,96,1,1,60,1,1,0.08211104999998042
s1_1000,S1-439222980,S3,US,selective_v1,0,37,1130,21,0,3,0,3,0.04448721699998259,18,15,1.0,432,0.045204809999972895,3,1052,1049,1052,86,1,1,60,1,3,0.09056206800005384
s1_1000,S1-402531107,S2,US,selective_v1,0,38,1038,21,0,3,0,3,0.030014285999868662,18,15,1.0,377,0.030655677000027026,2,670,668,670,92,1,1,60,1,2,0.0592236549999825
s1_1000,S1-402531107,S3,US,selective_v1,0,35,664,21,0,4,0,4,0.0294968699997753,17,15,1.0,239,0.030087707000006958,0,571,571,571,89,1,1,60,2,0,0.0547041290000152
s1_1000,S1-100625394,S2,US,selective_v1,0,41,2199,21,0,1,0,1,0.02453096999988702,20,17,3.0,211,0.02534493299992846,0,2150,2150,2150,114,1,1,60,1,0,0.11858001799998874
s1_1000,S1-100625394,S3,US,selective_v1,0,39,2503,21,0,2,0,2,0.02750482499982354,19,17,2.0,266,0.02832981300002757,2,2429,2427,2429,114,1,1,60,2,2,0.13796758600005887
s1_1000,S1-877581624,S2,India,selective_v1,0,51,3924,105,10,29,0,39,0.051756164000266836,24,17,7.0,507,0.05444753999995555,1,3564,3563,3564,108,1,1,60,2,1,0.24384460999999646
s1_1000,S1-877581624,S3,India,selective_v1,0,51,3638,105,6,31,0,37,0.054644105999841486,24,17,7.0,472,0.05727922500000204,0,3399,3399,3399,106,1,1,60,2,0,0.2577982040000961
s1_1000,S1-403408940,S2,US,selective_v1,0,39,388,21,1,2,0,3,0.00959050100004788,18,11,2.0,66,0.01004128599993237,1,243,242,243,89,1,1,60,1,1,0.022635304999994332
s1_1000,S1-403408940,S3,US,selective_v1,0,39,440,21,1,2,0,3,0.009887538999578283,18,16,2.0,74,0.010364458000026389,4,254,250,254,80,1,1,60,1,4,0.021843331000013677
s1_1000,S1-817995330,S2,US,selective_v1,0,40,1032,21,0,2,0,2,0.025919546999944032,19,15,2.0,233,0.026537576999999146,0,985,985,985,112,1,1,60,1,0,0.06833753700004763
s1_1000,S1-817995330,S3,US,selective_v1,0,38,1193,21,1,2,0,3,0.021009715999866785,18,14,2.0,209,0.021669500000029984,0,1050,1050,1050,95,1,1,60,0,0,0.06654177300003994
s1_1000,S1-76269912,S2,US,selective_v1,0,48,671,28,0,2,3,2,0.01870717900010277,23,15,2.0,148,0.019494831999963935,1,590,589,590,106,1,1,60,3,1,0.04536196599997311
s1_1000,S1-76269912,S3,US,selective_v1,0,43,993,28,1,4,2,5,0.02668743499998527,21,19,2.0,426,0.02756777100000818,1,837,836,837,108,1,1,60,1,1,0.06356707699990238
s1_1000,S1-849465705,S2,India,selective_v1,0,53,1599,78,1,17,0,18,0.03704156200024045,24,9,11.0,131,0.03900072699991597,0,890,890,890,100,1,1,60,0,0,0.0856415210000705
s1_1000,S1-849465705,S3,India,selective_v1,0,53,2132,78,1,10,0,11,0.04118348700046681,24,18,6.0,225,0.04354872900000828,2,1001,999,1001,99,1,1,60,3,2,0.09355020099997091
s1_1000,S1-995508551,S2,US,selective_v1,0,54,2458,28,0,0,4,0,0.005484919999844351,24,23,0.0,75,0.006470620000072813,1,2235,2234,2235,95,1,1,60,3,1,0.1028493649999973
s1_1000,S1-995508551,S3,US,selective_v1,0,54,2921,28,0,0,4,0,0.00636758900031964,24,20,0.0,86,0.00758581000002323,1,2679,2678,2679,85,1,1,60,1,1,0.12464736300000823
s1_1000,S1-690122386,S2,India,selective_v1,0,50,512,66,10,5,0,15,0.021942561999708232,24,15,9.0,165,0.023592910999923333,0,330,330,330,91,1,1,60,1,0,0.04222967399994104
s1_1000,S1-690122386,S3,India,selective_v1,0,50,492,66,6,8,0,14,0.021942671000033442,24,15,6.0,181,0.02355267999996613,0,334,334,334,96,1,1,60,1,0,0.04095787300002485
s1_1000,S1-143958303,S2,India,selective_v1,0,38,1063,91,36,18,19,54,0.018083253999748194,18,14,4.0,162,0.01921599700006027,0,473,473,473,87,1,1,60,0,0,0.044059182000069086
s1_1000,S1-143958303,S3,India,selective_v1,0,48,1049,91,21,28,19,49,0.03779485000018212,23,15,7.0,205,0.03926213200008988,0,486,486,486,96,1,1,60,0,0,0.06351673599999685
s1_1000,S1-738848231,S2,India,selective_v1,0,51,848,78,6,17,0,23,0.03416432400001668,24,22,1.0,394,0.03609841399998004,1,682,681,682,106,1,1,60,3,1,0.07162688200003231
s1_1000,S1-738848231,S3,India,selective_v1,0,51,769,78,3,17,0,20,0.04138490499985892,24,21,3.0,243,0.043309277999924234,0,590,590,590,108,1,1,60,2,0,0.0739538770000081
s1_1000,S1-157899985,S2,US,selective_v1,0,36,728,21,1,4,0,5,0.012166403000037462,16,16,0.0,57,0.012611558000003242,2,442,440,442,94,1,1,60,3,2,0.031648929999960274
s1_1000,S1-157899985,S3,US,selective_v1,0,23,697,15,1,4,0,5,0.013313805000052525,10,6,0.0,83,0.013615097999945647,0,465,465,465,99,1,1,60,0,0,0.03465753799991944
s1_1000,S1-107809366,S2,US,selective_v1,0,50,878,28,0,2,3,2,0.016320897999889894,23,17,0.0,175,0.01737753099996553,1,611,610,611,92,1,1,60,2,1,0.04300084400006199
s1_1000,S1-107809366,S3,US,selective_v1,0,47,810,28,0,3,3,3,0.035845300999994834,22,16,1.0,335,0.03667544000006728,0,556,556,556,112,1,1,60,1,0,0.06161159099997349
s1_1000,S1-256569351,S2,US,selective_v1,0,27,602,15,0,2,0,2,0.01956955800005744,13,9,1.0,228,0.01998000600008254,0,573,573,573,105,1,1,60,0,0,0.044551170999966416
s1_1000,S1-256569351,S3,US,selective_v1,0,40,823,21,0,2,0,2,0.021223041999974157,19,15,1.0,265,0.021844083999894792,1,751,750,751,82,1,1,60,1,1,0.05382481000003736
s1_1000,S1-878489591,S2,US,selective_v1,0,47,844,36,3,6,4,9,0.051429494000217346,23,14,9.0,277,0.05235441299998911,0,701,701,701,98,1,1,60,2,0,0.08234344699997109
s1_1000,S1-878489591,S3,US,selective_v1,0,47,937,36,3,6,4,9,0.05419729499999448,23,14,9.0,242,0.05517484200004219,0,771,771,771,111,1,1,60,1,0,0.0885804490000055
s1_1000,S1-369930027,S2,US,selective_v1,0,33,478,15,0,0,0,0,0.006769109999595457,15,14,1.0,69,0.007175834999998187,1,421,420,421,78,1,1,60,1,1,0.026311761999977534
s1_1000,S1-369930027,S3,US,selective_v1,0,31,543,15,0,1,0,1,0.004625454999882095,14,14,0.0,102,0.005007847000001675,1,487,486,487,79,1,1,60,1,1,0.026442104000011568
s1_1000,S1-588917480,S2,US,selective_v1,0,49,2810,28,0,2,3,2,0.023471976999871913,23,19,4.0,46,0.024406405000036102,5,2663,2658,2663,107,1,1,60,4,5,0.13573092900003303
s1_1000,S1-588917480,S3,US,selective_v1,0,49,2908,28,0,2,3,2,0.024288330000103997,23,13,4.0,44,0.025263963999918815,0,2829,2829,2829,117,1,1,60,1,0,0.1675694470000053
s1_1000,S1-915271485,S2,US,selective_v1,0,52,428,36,0,3,2,3,0.026885289999540873,24,23,1.0,189,0.027927212000008694,1,330,329,330,77,1,1,60,2,1,0.04373380599997745
s1_1000,S1-915271485,S3,US,selective_v1,0,52,430,36,0,3,2,3,0.028149549000204388,24,18,1.0,199,0.02914421200000561,0,347,347,347,79,1,1,60,1,0,0.04472685000007459
s1_1000,S1-491663549,S2,India,selective_v1,0,49,1077,120,6,42,0,48,0.05801575199961917,24,12,12.0,399,0.06060956199996781,0,687,687,687,115,1,1,60,1,0,0.09825728600003458
s1_1000,S1-491663549,S3,India,selective_v1,0,49,1050,120,3,44,0,47,0.07098382700019101,24,12,12.0,594,0.07365457600008085,0,806,806,806,116,1,1,60,1,0,0.1176351420000401
s1_1000,S1-837791612,S2,US,selective_v1,0,43,538,21,0,1,0,1,0.01100514799998109,20,9,0.0,185,0.011573247000001174,0,370,370,370,83,1,1,60,1,0,0.028202523000004476
s1_1000,S1-837791612,S3,US,selective_v1,0,43,698,21,0,1,0,1,0.011620021000339875,20,16,0.0,225,0.01221236100002443,2,454,452,454,86,1,1,60,4,2,0.03200661699997909
s1_1000,S1-708875578,S2,US,selective_v1,0,42,457,28,1,4,2,5,0.04133940500025801,21,13,6.0,451,0.042104902000005495,0,451,451,451,94,1,1,60,0,0,0.06143312500000775
s1_1000,S1-708875578,S3,US,selective_v1,0,38,334,28,1,6,2,7,0.04050107100010791,19,11,5.0,334,0.0411721939999552,0,334,334,334,94,1,1,60,0,0,0.05578708099994856
s1_1000,S1-932863304,S2,India,selective_v1,0,50,2519,78,6,19,0,25,0.04540840200002094,24,14,10.0,373,0.047629123999968215,0,2064,2064,2064,113,1,1,60,1,0,0.1549616080000078
s1_1000,S1-932863304,S3,India,selective_v1,0,50,2464,78,6,24,0,30,0.046937592999938715,24,15,8.0,354,0.0490168949999088,1,1978,1977,1978,117,1,1,60,1,1,0.14971063899997716
s1_1000,S1-22592434,S2,India,selective_v1,0,40,934,78,15,27,16,42,0.06355931200005216,20,12,8.0,746,0.06497614300008081,10,756,746,756,114,1,1,60,2,10,0.10531853600002705
s1_1000,S1-22592434,S3,India,selective_v1,0,48,1149,78,6,34,0,40,0.08329066700036947,24,17,7.0,895,0.0849804670000367,15,910,895,910,115,1,1,60,2,15,0.13148896899997453
s1_1000,S1-753567061,S2,US,selective_v1,0,46,1769,28,3,0,3,3,0.02321465999978045,22,12,2.0,231,0.024190372000020943,0,1618,1618,1618,113,1,1,60,0,0,0.09504664600001433
s1_1000,S1-753567061,S3,US,selective_v1,0,46,2138,28,3,0,3,3,0.02440280000007533,22,21,1.0,391,0.025537524000014855,2,1901,1899,1901,113,1,1,60,3,2,0.11047778200008906
s1_1000,S1-920312712,S2,US,selective_v1,0,41,256,21,1,0,0,1,0.016197666999914873,20,15,5.0,164,0.01679583800000728,1,226,225,226,80,1,1,60,1,1,0.02738395699998364
s1_1000,S1-920312712,S3,US,selective_v1,0,37,307,21,1,2,0,3,0.01309341499961647,18,15,3.0,172,0.013599718000023131,3,238,235,238,77,1,1,60,4,3,0.024392604000013307
s1_1000,S1-588083504,S2,US,selective_v1,0,37,386,28,3,6,2,9,0.020515618000217728,17,14,2.0,199,0.02105236900001728,0,332,332,332,79,1,1,60,1,0,0.03547626199997467
s1_1000,S1-588083504,S3,US,selective_v1,0,37,376,28,3,6,2,9,0.022494418999940535,17,15,2.0,170,0.023042271999997865,1,317,316,317,79,1,1,60,1,1,0.03737489699994967
s1_1000,S1-564696590,S2,India,selective_v1,0,51,973,105,6,28,0,34,0.056053375999908894,24,17,7.0,274,0.058333543000003374,1,824,823,824,89,1,1,60,1,1,0.10014434400000027
s1_1000,S1-564696590,S3,India,selective_v1,0,51,1264,105,1,31,0,32,0.05921435800019026,24,19,5.0,503,0.061892087999922296,0,1046,1046,1046,91,1,1,60,2,0,0.11312503700003163
s1_1000,S1-526955963,S2,US,selective_v1,0,43,946,21,0,1,0,1,0.0128725099998519,20,19,1.0,91,0.013437367999927119,1,566,565,566,90,1,1,60,1,1,0.03797898400000577
s1_1000,S1-526955963,S3,US,selective_v1,0,42,775,21,0,1,0,1,0.014118285000222386,20,13,1.0,117,0.014705357999901025,2,698,696,698,99,1,1,60,3,2,0.04505424700005278
s1_1000,S1-607228456,S2,US,selective_v1,0,49,498,45,3,6,0,9,0.05336166800020692,24,18,4.0,455,0.054618831000084356,0,456,456,456,91,1,1,60,0,0,0.07459211499997309
s1_1000,S1-607228456,S3,US,selective_v1,0,49,419,45,3,6,0,9,0.05606032800039884,24,17,5.0,399,0.057254138999951465,0,400,400,400,99,1,1,60,1,0,0.075137955999935
s1_1000,S1-294128890,S2,US,selective_v1,0,47,725,36,1,8,4,9,0.04977831300016078,23,15,3.0,606,0.05081398899994838,0,678,678,678,114,1,1,60,3,0,0.07945342699997582
s1_1000,S1-294128890,S3,US,selective_v1,0,36,690,36,3,11,4,14,0.05475999599957504,18,12,6.0,652,0.05564225099999476,0,652,652,652,112,1,1,60,1,0,0.1064905020000424
s1_1000,S1-324330374,S2,India,selective_v1,0,51,741,55,6,8,0,14,0.024629989000118258,24,19,5.0,352,0.02597610500004066,1,533,532,533,90,1,1,60,2,1,0.05345441299994036
s1_1000,S1-324330374,S3,India,selective_v1,0,51,829,55,1,11,0,12,0.03617736699970919,24,21,3.0,409,0.03768361899994943,0,599,599,599,106,1,1,60,1,0,0.06738713400000051
s1_1000,S1-876046208,S2,US,selective_v1,0,47,918,28,0,4,2,4,0.06398056999967139,22,21,1.0,631,0.06526009499998509,1,742,741,742,90,1,1,60,2,1,0.09718540099993334
s1_1000,S1-876046208,S3,US,selective_v1,0,47,1027,28,0,4,2,4,0.06846968800027753,22,21,1.0,687,0.06964871699995001,3,820,817,820,100,1,1,60,3,3,0.10513747200002399
s1_1000,S1-2775762,S2,India,selective_v1,0,50,1307,120,6,15,0,21,0.03549273999999514,24,21,3.0,703,0.03892629699998906,3,1138,1137,1140,82,1,1,60,1,3,0.09942168600002788
s1_1000,S1-2775762,S3,India,selective_v1,0,50,1107,120,3,14,0,17,0.03030886999977156,24,20,4.0,517,0.0338626690000865,8,886,885,893,84,1,1,60,3,8,0.08101183099995524
s1_1000,S1-912112234,S2,India,selective_v1,0,50,1014,120,21,39,0,60,0.04779297399988991,24,18,6.0,716,0.0499344799999335,1,846,845,846,110,1,1,60,1,1,0.0948821650000582
s1_1000,S1-912112234,S3,India,selective_v1,0,50,538,120,10,33,0,43,0.04684636299998601,24,13,11.0,333,0.04922139099994638,0,457,457,457,103,1,1,60,2,0,0.07309784699998545
s1_1000,S1-874610060,S2,US,selective_v1,0,52,1259,36,1,6,4,7,0.026945940000132396,24,22,2.0,366,0.028121854999994866,1,812,811,812,98,1,1,60,4,1,0.06281459799993172
s1_1000,S1-874610060,S3,US,selective_v1,0,52,1235,36,1,6,4,7,0.029544149000344078,24,21,3.0,261,0.03082517600000756,2,768,766,768,99,1,1,60,3,2,0.06428368399997453
s1_1000,S1-525927764,S2,India,selective_v1,0,49,500,120,28,27,0,55,0.02379510599985224,24,18,5.0,367,0.025883927999984735,0,420,420,420,87,1,1,60,2,0,0.048499858000013774
s1_1000,S1-525927764,S3,India,selective_v1,0,49,746,120,21,32,0,53,0.026827603999890925,24,22,2.0,590,0.029364908000047762,0,639,639,639,85,1,1,60,2,0,0.06147931599991807
s1_1000,S1-856303483,S2,India,selective_v1,0,36,1352,55,15,13,10,28,0.021381565000069713,17,12,5.0,223,0.022261052000089876,0,1127,1127,1127,100,1,1,60,2,0,0.07989437899993845
s1_1000,S1-856303483,S3,India,selective_v1,0,36,1255,55,15,13,10,28,0.02311238599997978,17,11,6.0,115,0.023915076999969642,0,1082,1082,1082,92,1,1,60,1,0,0.07708404900006371
s1_1000,S1-325932018,S2,US,selective_v1,0,33,350,15,0,0,0,0,0.012096660999873166,15,15,0.0,96,0.012470411999970565,2,286,284,286,82,1,1,60,1,2,0.02496237800005474
s1_1000,S1-325932018,S3,US,selective_v1,0,47,343,21,0,0,0,0,0.013474486000177421,21,21,0.0,82,0.013982359999999971,2,257,255,257,83,1,1,60,2,2,0.02567236499999126
s1_1000,S1-822391359,S2,US,selective_v1,0,52,2152,36,1,4,4,5,0.01857122800038269,24,16,2.0,140,0.0196895729999369,1,2029,2028,2029,115,1,1,60,3,1,0.10196354499998961
s1_1000,S1-822391359,S3,US,selective_v1,0,49,2516,36,3,6,4,9,0.028342832000134877,23,18,4.0,278,0.029364536999992197,0,2399,2399,2399,114,1,1,60,3,0,0.13574402200003988
s1_1000,S1-774181170,S2,India,selective_v1,0,37,656,36,3,11,4,14,0.033872117999862894,18,10,4.0,605,0.03467231799993442,0,606,606,606,92,1,1,60,1,0,0.06485191600006601
s1_1000,S1-774181170,S3,India,selective_v1,0,33,494,36,3,13,4,16,0.03463501599992469,16,11,3.0,452,0.03528331799998341,2,456,454,456,95,1,1,60,1,2,0.05817538000007971
s1_1000,S1-22215156,S2,US,selective_v1,0,52,2977,36,0,2,4,2,0.022788622999996733,24,15,2.0,270,0.024131562999968992,1,2690,2689,2690,110,1,1,60,1,1,0.13531265599999642
s1_1000,S1-22215156,S3,US,selective_v1,0,50,542,36,1,4,4,5,0.03332973999999922,24,14,8.0,351,0.034390209999969557,0,428,428,428,115,1,1,60,2,0,0.05566525900007946
s1_1000,S1-615231492,S2,US,selective_v1,0,52,722,36,3,3,4,6,0.02158792800014453,24,22,2.0,378,0.022774227000013525,1,567,566,567,84,1,1,60,1,1,0.04632569499995043
s1_1000,S1-615231492,S3,US,selective_v1,0,52,560,36,3,3,5,6,0.020462681999902088,24,19,2.0,245,0.021365792999972655,0,442,442,442,80,1,1,60,2,0,0.04126495299999533
s1_1000,S1-294036444,S2,US,selective_v1,0,51,2886,55,1,9,0,10,0.04795349200026067,24,16,3.0,273,0.049787368000011156,1,2694,2693,2694,113,1,1,60,1,1,0.18527232799999638
s1_1000,S1-294036444,S3,US,selective_v1,0,50,3328,55,3,15,7,18,0.056322977999684554,24,20,4.0,341,0.058016554999994696,0,2944,2944,2944,112,1,1,60,1,0,0.19519368299995676
s1_1000,S1-850721810,S2,India,selective_v1,0,51,843,78,3,18,0,21,0.0661439440001459,24,20,3.0,628,0.06812372500007768,0,775,775,775,116,1,1,60,0,0,0.1093582470000456
s1_1000,S1-850721810,S3,India,selective_v1,0,51,709,78,0,17,0,17,0.058228045000419115,24,16,4.0,552,0.06025636399999712,0,669,669,669,108,1,1,60,3,0,0.09473715299998275
s1_1000,S1-113429852,S2,US,selective_v1,0,39,554,28,1,7,2,8,0.022429794000231595,18,14,1.0,174,0.023031388999925184,118,412,404,522,119,1,1,60,1,45,0.04428328500000589
s1_1000,S1-113429852,S3,US,selective_v1,0,35,617,28,6,4,2,10,0.01149540900030388,16,13,1.0,200,0.012059837999913725,112,460,438,550,108,1,1,60,2,42,0.035323081000001366
s1_1000,S1-804056563,S2,India,selective_v1,0,52,2177,105,15,20,0,35,0.0323893440000802,24,18,6.0,350,0.035002140999949916,5,1875,1875,1880,115,1,1,60,2,5,0.13298297500000444
s1_1000,S1-804056563,S3,India,selective_v1,0,52,2117,105,15,23,0,38,0.04337080800041804,24,20,4.0,427,0.045946050999987165,13,1929,1916,1929,113,1,1,60,1,13,0.1470282259999749
s1_1000,S1-337477995,S2,India,selective_v1,0,50,696,78,15,19,16,34,0.03429089699989163,24,15,7.0,401,0.035761145000037686,0,531,531,531,113,1,1,60,1,0,0.06442425299997012
s1_1000,S1-337477995,S3,India,selective_v1,0,50,868,78,6,25,0,31,0.03858222200005912,24,15,8.0,528,0.04035293399999773,1,666,665,666,109,1,1,60,4,1,0.07422108299999763
s1_1000,S1-923720466,S2,India,selective_v1,0,42,2442,55,3,22,10,25,0.04522286700000677,20,14,4.0,351,0.0465394909999759,0,2152,2152,2152,118,1,1,60,0,0,0.155713105000018
s1_1000,S1-923720466,S3,India,selective_v1,0,50,2566,55,1,17,8,18,0.048249406999843814,24,17,7.0,401,0.049857223000003614,2,2246,2244,2246,115,1,1,60,2,2,0.1601263969999991
s1_1000,S1-109291552,S2,US,selective_v1,0,35,622,28,1,8,2,9,0.03657016699980886,17,17,0.0,397,0.03725437299999612,1,544,543,544,107,1,1,60,2,1,0.06245484999999462
s1_1000,S1-109291552,S3,US,selective_v1,0,35,655,28,1,8,2,9,0.03818144300021231,17,17,0.0,409,0.03884442100002161,0,566,566,566,115,1,1,60,1,0,0.06310304500004804
s1_1000,S1-832856617,S2,US,selective_v1,0,43,968,21,1,0,0,1,0.022479820999819822,20,9,6.0,122,0.02310065200003919,7,601,594,601,101,1,1,60,0,7,0.04814433199999257
s1_1000,S1-832856617,S3,US,selective_v1,0,39,1101,21,1,2,0,3,0.02023886400002084,18,14,4.0,137,0.020770552999920255,9,674,665,674,99,1,1,60,3,9,0.04988366700001734
s1_1000,S1-854476336,S2,US,selective_v1,0,48,950,36,1,8,4,9,0.03556513000023642,23,17,5.0,470,0.036521626999956425,35,670,669,704,127,1,1,60,2,35,0.06611645899999985
s1_1000,S1-854476336,S3,US,selective_v1,0,48,822,36,3,6,4,9,0.03511761200013552,23,17,6.0,344,0.035995635000062975,38,529,524,562,129,1,1,60,2,38,0.06053200500002731
s1_1000,S1-934968490,S2,India,selective_v1,0,51,511,120,0,8,0,8,0.04337641999995867,24,19,2.0,354,0.04692436200002703,0,441,441,441,102,1,1,60,3,0,0.07144988699997157
s1_1000,S1-934968490,S3,India,selective_v1,0,51,509,120,0,1,0,1,0.054367842999909044,24,13,4.0,429,0.058193492999976115,0,496,496,496,91,1,1,60,0,0,0.08487158999992062
s1_1000,S1-121693037,S2,India,selective_v1,0,50,773,105,15,30,0,45,0.06542545499996777,24,18,6.0,459,0.06753331400000206,0,702,702,702,104,1,1,60,0,0,0.12622760700003255
s1_1000,S1-121693037,S3,India,selective_v1,0,50,578,105,10,33,0,43,0.06200037400026304,24,15,8.0,314,0.06395652599996993,0,529,529,529,100,1,1,60,0,0,0.09161195199999383
s1_1000,S1-542540887,S2,US,selective_v1,0,51,799,45,1,4,0,5,0.027312337000353182,24,21,3.0,115,0.02852137100001073,1,651,650,651,95,1,1,60,4,1,0.05639921299996331
s1_1000,S1-542540887,S3,US,selective_v1,0,50,409,45,1,6,0,7,0.02335982899978717,24,21,2.0,337,0.02458427599992774,1,377,376,377,97,1,1,60,1,1,0.041566136000028564
s1_1000,S1-706889130,S2,US,selective_v1,0,43,1258,28,1,4,2,5,0.04215246500007197,21,12,9.0,118,0.042999487000088266,17,957,957,974,118,1,1,60,2,17,0.08339036899997154
s1_1000,S1-706889130,S3,US,selective_v1,0,39,1254,28,1,6,2,7,0.04080327600013334,19,11,8.0,126,0.04154378600003383,16,1071,1071,1087,114,1,1,60,1,16,0.08812914700001784
s1_1000,S1-587051623,S2,US,selective_v1,0,41,331,28,3,3,2,6,0.027223285999980362,20,14,6.0,285,0.02789963700001863,0,295,295,295,85,1,1,60,1,0,0.04107956000007107
s1_1000,S1-587051623,S3,US,selective_v1,0,41,237,28,3,3,2,6,0.02946535699982178,20,11,7.0,215,0.03009361799990984,0,220,220,220,89,1,1,60,1,0,0.04028017899997849
s1_1000,S1-648916840,S2,US,selective_v1,0,42,1038,28,3,3,2,6,0.018210910999982843,20,18,2.0,363,0.019064346000050136,1,856,855,856,113,1,1,60,2,1,0.054138572999931966
s1_1000,S1-648916840,S3,US,selective_v1,0,42,987,28,3,3,2,6,0.01825766599972667,20,15,3.0,249,0.01928228700001,0,792,792,792,111,1,1,60,1,0,0.053340857999955915
s1_1000,S1-216234074,S2,India,selective_v1,0,53,1170,66,10,0,0,10,0.017343284000162384,24,19,3.0,176,0.01912670199999411,2,1019,1017,1019,110,1,1,60,2,2,0.07066248900002847
s1_1000,S1-216234074,S3,India,selective_v1,0,52,1123,66,3,6,0,9,0.017647725000074388,24,16,1.0,418,0.019529700000020966,0,989,989,989,106,1,1,60,1,0,0.06861611499994069
s1_1000,S1-4179197,S2,India,selective_v1,0,52,2606,55,3,3,0,6,0.021573724999825572,24,16,8.0,71,0.02326567900001919,1,2455,2454,2455,113,1,1,60,2,1,0.151857752000069
s1_1000,S1-4179197,S3,India,selective_v1,0,51,2657,45,1,5,0,6,0.029005182999753742,24,10,6.0,258,0.030492388999959985,0,2542,2542,2542,115,1,1,60,0,0,0.1618854390000024
s1_1000,S1-874853634,S2,India,selective_v1,0,51,540,120,36,9,0,45,0.02734522000025663,24,15,9.0,203,0.029691291000062847,2,426,424,426,95,1,1,60,1,2,0.05295308899997053
s1_1000,S1-874853634,S3,India,selective_v1,0,51,469,120,36,17,0,53,0.02137398599984408,24,14,9.0,54,0.02338062199999058,1,284,283,284,79,1,1,60,2,1,0.03784242099993662
s1_1000,S1-830938274,S2,India,selective_v1,0,50,851,55,6,8,0,14,0.02465611100001297,24,16,8.0,339,0.026099497000018346,1,491,490,491,79,1,1,60,2,1,0.050020053000025655
s1_1000,S1-830938274,S3,India,selective_v1,0,50,796,55,3,9,0,12,0.035388526999895475,24,16,7.0,454,0.03683724000006805,3,616,613,616,79,1,1,60,1,3,0.06697753099990678
s1_1000,S1-669173899,S2,India,selective_v1,0,34,712,91,21,39,14,60,0.05042037299983804,17,9,8.0,684,0.05145775100004357,6,684,684,690,115,1,1,60,2,6,0.08674433600003795
s1_1000,S1-669173899,S3,India,selective_v1,0,46,1135,91,10,49,9,59,0.0795704219997333,23,16,7.0,978,0.08097205100000338,8,978,978,986,120,1,1,60,1,8,0.12990352400004213
s1_1000,S1-890514147,S2,US,selective_v1,0,41,580,21,1,0,0,1,0.01734698000007029,20,10,2.0,540,0.018055709999998726,0,544,544,544,84,1,1,60,0,0,0.04039154800000233
s1_1000,S1-890514147,S3,US,selective_v1,0,37,308,21,1,2,0,3,0.014368466000064473,18,15,2.0,290,0.014901788999964083,1,294,293,294,84,1,1,60,2,1,0.02753890400003911
s1_1000,S1-977938386,S2,India,selective_v1,0,52,1477,120,6,25,0,31,0.036641999999801556,24,18,6.0,363,0.039580205999982354,1,908,907,908,96,1,1,60,4,1,0.08877442300001803
s1_1000,S1-977938386,S3,India,selective_v1,0,52,1156,120,3,25,0,28,0.02579949199980547,24,19,4.0,267,0.028866338000057112,0,739,739,739,116,1,1,60,3,0,0.06739913499995964
s1_1000,S1-360570474,S2,India,selective_v1,0,53,1364,78,1,13,0,14,0.01201769400017838,24,22,2.0,79,0.014146401000061815,2,750,748,750,75,1,1,60,2,2,0.0529756250000446
s1_1000,S1-360570474,S3,India,selective_v1,0,53,1045,78,1,8,0,9,0.014737882000076752,24,22,2.0,92,0.016881467999951383,1,671,670,671,76,1,1,60,2,1,0.050120645999982116
s1_1000,S1-979234942,S2,US,selective_v1,0,43,769,21,1,0,0,1,0.016821766000362004,20,16,4.0,160,0.017398092000007637,1,524,523,524,93,1,1,60,2,1,0.039215306000073724
s1_1000,S1-979234942,S3,US,selective_v1,0,43,876,21,1,0,0,1,0.018225196999765103,20,16,4.0,187,0.018883466000033877,2,585,583,585,99,1,1,60,4,2,0.043860240000071826
s1_1000,S1-961832806,S2,India,selective_v1,0,47,604,45,15,0,8,15,0.022214905999931034,22,16,2.0,66,0.023166137000089293,1,310,309,310,90,1,1,60,1,1,0.03919385000006059
s1_1000,S1-961832806,S3,India,selective_v1,0,49,568,45,6,8,8,14,0.018691858000238426,23,14,3.0,31,0.019600666000087585,0,314,314,314,78,1,1,60,0,0,0.0351062219999676
s1_1000,S1-74403263,S2,India,selective_v1,0,54,924,66,3,0,0,3,0.02776316499978293,24,20,3.0,109,0.02970940000000155,1,677,676,677,96,1,1,60,1,1,0.0633166349999783
s1_1000,S1-74403263,S3,India,selective_v1,0,54,909,66,0,4,0,4,0.009816628000180572,24,20,2.0,159,0.011749933000032797,0,724,724,724,99,1,1,60,1,0,0.04682720400001017
s1_1000,S1-411939618,S2,India,selective_v1,0,36,953,66,21,15,13,36,0.011032027000283051,17,13,4.0,224,0.011951479000003928,0,552,552,552,100,1,1,60,1,0,0.040723705000004884
s1_1000,S1-411939618,S3,India,selective_v1,0,40,1056,66,15,19,13,34,0.021899072999644886,19,15,3.0,286,0.02294014500000685,0,572,572,572,92,1,1,60,1,0,0.052846300000055635
s1_1000,S1-452329998,S2,India,selective_v1,0,49,1146,120,6,33,0,39,0.07083724799997526,24,20,4.0,881,0.07402682500003266,1,1071,1071,1072,96,1,1,60,2,1,0.13365676900002654
s1_1000,S1-452329998,S3,India,selective_v1,0,50,1349,120,3,26,0,29,0.0691747020002822,24,18,6.0,731,0.07239386999992803,5,1145,1140,1145,98,1,1,60,1,5,0.1339770460000409
s1_1000,S1-159760349,S2,US,selective_v1,0,45,1548,21,0,0,0,0,0.01016944799994235,21,19,2.0,108,0.010927781999953368,1,1488,1487,1488,115,1,1,60,2,1,0.072278036000057
s1_1000,S1-159760349,S3,US,selective_v1,0,45,1784,21,0,0,0,0,0.01025853799944798,21,18,2.0,142,0.010977599000057126,0,1737,1737,1737,116,1,1,60,2,0,0.08792576600001212
s1_1000,S1-378702310,S2,India,selective_v1,0,50,531,105,6,18,0,24,0.03273089099980098,24,16,6.0,477,0.03526568600000246,4,489,489,493,84,1,1,60,2,4,0.06135053799994239
s1_1000,S1-378702310,S3,India,selective_v1,0,50,506,105,3,14,0,17,0.03229495500011126,24,12,5.0,474,0.03515054499996495,8,496,488,496,80,1,1,60,3,8,0.059619881999992685
s1_1000,S1-14088765,S2,India,selective_v1,0,53,3065,120,10,24,0,34,0.03144011800031876,24,17,6.0,86,0.03444348999994418,0,2694,2694,2694,109,1,1,60,2,0,0.17754755599992222
s1_1000,S1-14088765,S3,India,selective_v1,0,53,3542,120,3,26,0,29,0.03488695000032749,24,22,2.0,440,0.038436708999938674,0,3029,3029,3029,112,1,1,60,1,0,0.19864289199995255
s1_1000,S1-245808112,S2,US,selective_v1,0,21,267,10,0,0,0,0,0.008010554999941633,10,10,0.0,123,0.008298004999915065,6,222,216,222,90,1,1,60,3,6,0.019193125000015243
s1_1000,S1-245808112,S3,US,selective_v1,0,21,264,10,0,0,0,0,0.008756339999990814,10,10,0.0,142,0.009031685999957517,4,239,235,239,83,1,1,60,2,4,0.01917402900005527
s1_1000,S1-522925958,S2,US,selective_v1,0,47,415,28,1,2,3,3,0.010412574000156383,22,20,2.0,150,0.011110225999914292,1,339,338,339,78,1,1,60,3,1,0.025329331000079947
s1_1000,S1-522925958,S3,US,selective_v1,0,47,432,28,1,2,3,3,0.01096243000006325,22,20,2.0,141,0.011689358000012362,0,357,357,357,79,1,1,60,2,0,0.027373070000066946
s1_1000,S1-409923771,S2,US,selective_v1,0,39,645,21,1,2,0,3,0.016973645999996734,18,15,3.0,124,0.017484177000028467,2,388,386,388,95,1,1,60,2,2,0.03422293500000251
s1_1000,S1-409923771,S3,US,selective_v1,0,35,645,21,1,4,0,5,0.013357887999973173,16,13,1.0,154,0.013825707000023613,2,406,404,406,85,1,1,60,2,2,0.031847966000100314
s1_1000,S1-819898078,S2,US,selective_v1,0,28,1445,28,1,12,2,13,0.027735702999962086,13,12,0.0,195,0.028410322000013366,0,1225,1225,1225,103,1,1,60,1,0,0.08010554099996625
s1_1000,S1-819898078,S3,US,selective_v1,0,26,1407,28,1,13,2,14,0.019252861000040866,12,7,0.0,62,0.01980641000000105,0,1184,1184,1184,103,1,1,60,0,0,0.07145691400000942
s1_1000,S1-725933863,S2,India,selective_v1,0,52,2448,120,15,18,0,33,0.04020859899969764,24,17,6.0,330,0.043317225000009785,1,2066,2065,2066,117,1,1,60,1,1,0.17331881400002658
s1_1000,S1-725933863,S3,India,selective_v1,0,52,2097,120,6,29,0,35,0.028016628000045785,24,19,5.0,206,0.030955195000046842,0,1880,1880,1880,118,1,1,60,1,0,0.12639800799991008
s1_1000,S1-115173411,S2,India,selective_v1,0,48,1443,45,3,11,8,14,0.038545008999903985,23,16,6.0,280,0.03975577099993188,0,1249,1249,1249,118,1,1,60,2,0,0.1044829600000412
s1_1000,S1-115173411,S3,India,selective_v1,0,50,1740,45,0,11,3,11,0.05583704000025591,24,18,6.0,473,0.057223474000011265,0,1502,1502,1502,117,1,1,60,5,0,0.1309969370000772
s1_1000,S1-324695988,S2,US,selective_v1,0,27,315,15,0,2,0,2,0.01755525199996555,13,12,1.0,173,0.017937713999913285,2,244,243,245,86,1,1,60,2,2,0.02907050600003913
s1_1000,S1-324695988,S3,US,selective_v1,0,25,360,15,0,3,0,3,0.0203176610001492,12,8,0.0,218,0.020677277000004324,1,297,297,298,85,1,1,60,1,1,0.03353674899994985
s1_1000,S1-10393601,S2,US,selective_v1,0,46,789,28,0,3,2,3,0.07991014500009896,23,20,3.0,665,0.08090726800003267,50,715,665,715,106,1,1,60,4,42,0.11032662299999174
s1_1000,S1-10393601,S3,US,selective_v1,0,46,999,28,0,3,2,3,0.08696142299993426,23,21,2.0,894,0.08836505499994018,35,929,894,929,117,1,1,60,4,35,0.12807865699994636
s1_1000,S1-296672331,S2,India,selective_v1,0,49,511,120,15,38,0,53,0.05607036500009599,24,18,6.0,416,0.058343313000023045,6,437,431,437,90,1,1,60,1,6,0.08219192799992925
s1_1000,S1-296672331,S3,India,selective_v1,0,49,542,120,15,30,0,45,0.05274699499943836,24,14,9.0,482,0.05521358800001508,4,499,495,499,90,1,1,60,2,4,0.08158896099996582
s1_1000,S1-897779097,S2,India,selective_v1,0,49,450,105,10,20,0,30,0.041687662999834174,24,15,9.0,376,0.04417464000005111,1,381,380,381,74,1,1,60,4,1,0.06567190299995218
s1_1000,S1-897779097,S3,India,selective_v1,0,49,551,105,6,21,0,27,0.04777020100027585,24,15,7.0,525,0.05037593500003368,0,526,526,526,84,1,1,60,1,0,0.07898409999995692
s1_1000,S1-277198482,S2,India,selective_v1,0,49,1555,66,6,24,0,30,0.09085955900013687,24,20,4.0,577,0.09242671699996663,3,1171,1169,1172,105,1,1,60,3,3,0.15137108400006127
s1_1000,S1-277198482,S3,India,selective_v1,0,49,1542,66,1,24,0,25,0.10067890699986037,24,21,3.0,776,0.1025868830000718,1,1386,1385,1386,108,1,1,60,1,1,0.17068526599996403
s1_1000,S1-996291067,S2,India,selective_v1,0,19,46,78,45,18,6,63,0.008853910000084397,9,6,2.0,29,0.009158815999967374,1,32,32,33,33,0,0,33,3,1,0.01185056799999984
s1_1000,S1-996291067,S3,India,selective_v1,0,12,86,66,45,10,5,55,0.01648238199993557,6,2,4.0,86,0.016715644999976575,0,86,86,86,65,1,1,60,0,0,0.021427654000035545
s1_1000,S1-108923390,S2,US,selective_v1,0,17,1300,10,0,2,0,2,0.010787859000174649,8,8,0.0,99,0.0111701539999558,1,1190,1189,1190,103,1,1,60,3,1,0.06074419799995212
s1_1000,S1-108923390,S3,US,selective_v1,0,17,1409,10,0,2,0,2,0.01185033999990992,8,7,0.0,126,0.012241351000056966,1,1295,1294,1295,98,1,1,60,3,1,0.06853944900001352
s1_1000,S1-264329856,S2,India,selective_v1,0,49,435,105,10,31,0,41,0.03637093300005745,24,15,9.0,180,0.03841763599996284,1,299,298,299,92,1,1,60,2,1,0.055399215000079494
s1_1000,S1-264329856,S3,India,selective_v1,0,49,609,105,10,30,0,40,0.040221426000357496,24,15,9.0,423,0.04238476399996216,1,522,522,523,103,1,1,60,1,1,0.06919067700005144
s1_1000,S1-387200680,S2,India,selective_v1,0,51,1594,105,15,24,0,39,0.048267711999983476,24,18,5.0,592,0.05072029099994779,5,1186,1185,1190,110,1,1,60,2,5,0.11481336200006353
s1_1000,S1-387200680,S3,India,selective_v1,0,51,1296,105,10,30,0,40,0.04952012600017497,24,20,4.0,443,0.05177176300003339,11,909,898,909,113,1,1,60,3,11,0.10079111099992133
s1_1000,S1-549608257,S2,US,selective_v1,0,33,1608,15,0,0,0,0,0.01558621999981824,15,14,1.0,210,0.01620684199997413,40,1554,1552,1592,147,1,1,60,3,40,0.0829222510000136
s1_1000,S1-549608257,S3,US,selective_v1,0,31,1562,15,0,1,0,1,0.011225020999972912,14,13,1.0,64,0.011721674999989773,44,1491,1491,1535,135,1,1,60,3,41,0.07493214400005854
s1_1000,S1-761867539,S2,US,selective_v1,0,51,613,36,0,0,2,0,0.025692180999840275,24,16,2.0,290,0.026841020999995635,1,380,379,380,79,1,1,60,2,1,0.0441522520000035
s1_1000,S1-761867539,S3,US,selective_v1,0,50,829,36,1,2,2,3,0.039357096999879104,24,18,4.0,500,0.04050559399991016,0,526,526,526,80,1,1,60,2,0,0.06309269300004416
s1_1000,S1-908747670,S2,US,selective_v1,0,50,877,28,0,1,3,1,0.02318586499995945,24,15,2.0,249,0.024057141999946907,36,783,747,783,101,1,1,60,2,36,0.05599877800000286
s1_1000,S1-908747670,S3,US,selective_v1,0,45,1162,28,1,2,3,3,0.03323675100057244,22,16,4.0,454,0.03439202499998828,45,995,950,995,104,1,1,60,1,42,0.07582716199999595
s1_1000,S1-770172704,S2,US,selective_v1,0,37,583,21,0,4,0,4,0.022457416000179364,17,16,0.0,200,0.022952379999992445,2,409,407,409,82,1,1,60,2,2,0.041009781999946426
s1_1000,S1-770172704,S3,US,selective_v1,0,37,623,21,0,4,0,4,0.023034806000282515,17,17,0.0,207,0.02352703899998687,1,434,433,434,78,1,1,60,2,1,0.06223042000010537
s1_1000,S1-335715642,S2,India,selective_v1,0,41,1003,78,21,22,16,43,0.02251515900013601,19,11,4.0,0,0.023490897999977278,0,605,605,605,113,1,1,60,1,0,0.053359387000000424
s1_1000,S1-335715642,S3,India,selective_v1,0,46,1294,78,10,31,16,41,0.02107145299999047,21,18,3.0,118,0.022201361999918845,0,659,659,659,106,1,1,60,3,0,0.054046643999981825
s1_1000,S1-369919932,S2,India,selective_v1,0,50,653,78,3,17,0,20,0.017674568999723306,24,14,10.0,164,0.019438151000031212,0,401,401,401,97,1,1,60,1,0,0.04066184699991027
s1_1000,S1-369919932,S3,India,selective_v1,0,51,1495,78,3,14,0,17,0.029891439999914837,24,18,6.0,445,0.03214105999995809,2,1131,1129,1131,96,1,1,60,4,2,0.08910594500002844
s1_1000,S1-97828965,S2,India,selective_v1,0,44,551,105,21,40,22,61,0.056173970000145346,22,13,9.0,470,0.05758993299991744,1,471,470,471,96,1,1,60,1,1,0.08289019799997277
s1_1000,S1-97828965,S3,India,selective_v1,0,48,999,105,15,36,0,51,0.054096139999614934,24,18,6.0,868,0.05616547800002536,4,868,868,872,106,1,1,60,3,4,0.10136079100004736
s1_1000,S1-967811540,S2,US,selective_v1,0,52,1798,45,1,0,0,1,0.01645006800004012,24,15,2.0,246,0.018183591000024535,0,1569,1569,1569,106,1,1,60,2,0,0.08553498599997056
s1_1000,S1-967811540,S3,US,selective_v1,0,51,1782,45,3,0,0,3,0.02015727900015918,24,20,3.0,247,0.021729050999965693,1,1554,1553,1554,115,1,1,60,2,1,0.08989632100008293
s1_1000,S1-160353666,S2,India,selective_v1,0,52,697,78,3,7,0,10,0.01817961400047352,24,22,2.0,160,0.020314078999945195,5,553,548,553,77,1,1,60,3,5,0.04838861099995029
s1_1000,S1-160353666,S3,India,selective_v1,0,52,802,78,1,8,0,9,0.024206975999959468,24,22,0.0,274,0.02669231899994884,0,639,639,639,79,1,1,60,0,0,0.05862842399994861
s1_1000,S1-32625238,S2,US,selective_v1,0,49,873,36,1,6,5,7,0.04789590900008989,24,19,5.0,367,0.04937533700001495,1,744,743,744,110,1,1,60,1,1,0.08153504300003078
s1_1000,S1-32625238,S3,US,selective_v1,0,49,839,36,1,6,5,7,0.04878458800010321,24,19,5.0,413,0.05001409700003023,2,741,739,741,111,1,1,60,2,2,0.08193564900000183
s1_1000,S1-529683926,S2,India,selective_v1,0,52,1172,66,1,9,0,10,0.01456319400006123,24,17,3.0,145,0.016631500000016786,8,771,763,771,114,1,1,60,2,8,0.05587347499999851
s1_1000,S1-529683926,S3,India,selective_v1,0,52,921,66,1,7,0,8,0.02781817100014905,24,16,6.0,215,0.02963143600004514,9,843,843,852,115,1,1,60,2,9,0.07349460099999305
s1_1000,S1-783001297,S2,US,selective_v1,0,36,918,36,3,12,4,15,0.03947382699971058,17,16,1.0,225,0.04019549400004507,1,501,500,501,97,1,1,60,5,1,0.06232230300008723
s1_1000,S1-783001297,S3,US,selective_v1,0,36,947,36,3,12,4,15,0.04180141800043202,17,16,1.0,267,0.04249741499995707,2,537,535,537,98,1,1,60,1,2,0.06653980000010051
s1_1000,S1-2577240,S2,India,selective_v1,0,48,702,91,10,37,14,47,0.07599585599984948,24,11,13.0,687,0.07761875199992119,3,687,687,690,107,1,1,60,0,3,0.11370231499995498
s1_1000,S1-2577240,S3,India,selective_v1,0,48,862,91,10,42,14,52,0.09483008499989865,24,13,11.0,814,0.09635319199992409,14,828,814,828,113,1,1,60,2,14,0.13907271099992613
s1_1000,S1-309250937,S2,US,selective_v1,0,51,2007,28,0,2,3,2,0.01827247899973372,23,19,0.0,216,0.019362310000019534,1,1590,1589,1590,115,1,1,60,2,1,0.0876023289999921
s1_1000,S1-309250937,S3,US,selective_v1,0,46,2188,28,1,4,2,5,0.024460217000182638,21,20,1.0,271,0.02547078700001748,4,1683,1679,1683,106,1,1,60,4,4,0.09989929999994729
s1_1000,S1-933907524,S2,US,selective_v1,0,43,886,28,3,3,2,6,0.02478099299992209,20,16,4.0,236,0.02552242199999455,1,562,561,562,107,1,1,60,2,1,0.051493544999971164
s1_1000,S1-933907524,S3,US,selective_v1,0,37,997,28,3,6,2,9,0.01926531000003706,17,16,1.0,247,0.020184863000054065,0,621,621,621,108,1,1,60,1,0,0.0478972009999552
s1_1000,S1-874706415,S2,India,selective_v1,0,43,546,91,21,30,19,51,0.039909567999984574,21,15,6.0,415,0.04119764400002168,8,432,424,432,104,1,1,60,1,8,0.0633300640000698
s1_1000,S1-874706415,S3,India,selective_v1,0,49,950,91,15,38,7,53,0.0671743900003321,24,20,4.0,760,0.06872581199991146,7,777,770,777,112,1,1,60,2,7,0.10661956800004191
s1_1000,S1-394191447,S2,India,selective_v1,0,50,1300,66,10,9,0,19,0.01918517299998257,24,15,9.0,83,0.020778667000058704,1,293,292,293,67,1,1,60,2,1,0.03751813100006984
s1_1000,S1-394191447,S3,India,selective_v1,0,50,1086,66,6,8,0,14,0.025283353000418174,24,17,7.0,259,0.027036751999958142,0,444,444,444,66,1,1,60,4,0,0.05058266100002129
s1_1000,S1-983260741,S2,India,selective_v1,0,51,1049,120,10,35,0,45,0.043044208000196704,24,15,8.0,258,0.04553686499991727,0,757,757,757,80,1,1,60,1,0,0.08443905699994048
s1_1000,S1-983260741,S3,India,selective_v1,0,51,1183,120,3,46,0,49,0.055814215999703265,24,17,7.0,202,0.05822224999997161,0,809,809,809,77,1,1,60,4,0,0.09806452199995874
s1_1000,S1-593018241,S2,US,selective_v1,0,46,779,28,1,2,3,3,0.02211678200001188,22,17,5.0,300,0.022960789999956432,4,485,481,485,98,1,1,60,4,4,0.044219506999979785
s1_1000,S1-593018241,S3,US,selective_v1,0,46,895,28,1,2,3,3,0.0225678300000709,22,17,5.0,302,0.023422128999982306,2,537,535,537,104,1,1,60,4,2,0.06855479700004707
s1_1000,S1-783328051,S2,US,selective_v1,0,29,911,15,0,2,0,2,0.008473751999986234,13,11,0.0,71,0.008886489000019537,34,840,806,840,90,1,1,60,2,34,0.04424886999993305
s1_1000,S1-783328051,S3,US,selective_v1,0,29,955,15,0,2,0,2,0.008742385000005015,13,13,0.0,74,0.009139415999925404,32,875,843,875,87,1,1,60,2,32,0.04688426600000639
s1_1000,S1-177322486,S2,India,selective_v1,0,52,754,105,15,6,0,21,0.022541711000030773,24,15,8.0,47,0.025142170999970403,2,536,534,536,82,1,1,60,1,2,0.0536456840000028
s1_1000,S1-177322486,S3,India,selective_v1,0,51,633,105,10,10,0,20,0.022392032000084328,24,17,7.0,362,0.025121641999930944,0,528,528,528,103,1,1,60,1,0,0.052337577000002966
s1_1000,S1-327512522,S2,US,selective_v1,0,37,579,21,0,3,0,3,0.022015200999703666,18,16,1.0,148,0.022561415000041052,0,515,515,515,104,1,1,60,2,0,0.04513787200005481
s1_1000,S1-327512522,S3,US,selective_v1,0,37,632,21,0,3,0,3,0.023612355999603096,18,15,1.0,175,0.024195308000003024,2,575,573,575,89,1,1,60,1,2,0.04979519200003324
s1_1000,S1-17973952,S2,US,selective_v1,0,50,509,55,3,18,8,21,0.04294636299994181,24,22,1.0,403,0.04418167300002551,2,419,417,419,116,1,1,60,4,2,0.06285932999992383
s1_1000,S1-17973952,S3,US,selective_v1,0,50,431,55,6,15,8,21,0.04801996700007294,24,21,2.0,368,0.04913996400000542,1,379,378,379,117,1,1,60,1,1,0.06653919699999733
s1_1000,S1-176434763,S2,US,selective_v1,0,36,1805,21,0,4,0,4,0.030629985000018678,17,16,1.0,366,0.031567115000029844,1,1532,1531,1532,103,1,1,60,2,1,0.09567976499999986
s1_1000,S1-176434763,S3,US,selective_v1,0,36,1930,21,0,4,0,4,0.03047434800009796,17,12,1.0,426,0.031382017000055384,1,1694,1693,1694,102,1,1,60,0,1,0.10639563799998086
s1_1000,S1-679399812,S2,US,selective_v1,0,10,96,6,0,1,0,1,0.006905565000010938,5,4,1.0,93,0.007078334999960134,0,93,93,93,56,0,0,56,0,0,0.011768496999934541
s1_1000,S1-679399812,S3,US,selective_v1,0,20,110,10,0,1,0,1,0.007382923000022856,9,7,1.0,102,0.007609287000036602,2,103,102,104,52,0,0,52,2,2,0.012147129000027235
s1_1000,S1-300656903,S2,India,selective_v1,0,50,1111,120,28,33,0,61,0.04670433399951435,24,21,3.0,669,0.04888325900003565,0,859,859,859,101,1,1,60,1,0,0.09418806999997287
s1_1000,S1-300656903,S3,India,selective_v1,0,50,896,120,15,44,0,59,0.06260413299992251,24,18,6.0,482,0.06473885600007634,2,654,653,655,106,1,1,60,2,2,0.10013086900005419
s1_1000,S1-360481865,S2,India,selective_v1,0,50,490,55,6,4,0,10,0.020802038999931938,24,15,9.0,167,0.022198766999963482,2,368,366,368,77,1,1,60,2,2,0.041331357999979446
s1_1000,S1-360481865,S3,India,selective_v1,0,50,836,55,3,9,0,12,0.030749408999895422,24,19,4.0,323,0.03230182699996931,1,521,520,521,75,1,1,60,5,1,0.059077410999975655
s1_1000,S1-866296885,S2,India,selective_v1,0,24,280,45,15,12,6,27,0.020723004999922523,12,6,6.0,242,0.021219910000013442,1,243,242,243,98,1,1,60,2,1,0.03420852500005367
s1_1000,S1-866296885,S3,India,selective_v1,0,28,408,45,6,19,6,25,0.03201275399987935,14,6,8.0,371,0.03263104900008784,0,371,371,371,115,1,1,60,2,0,0.05076505800002451
s1_1000,S1-492142313,S2,India,selective_v1,0,49,911,55,1,14,0,15,0.03371926699969663,24,16,8.0,525,0.03520240600005309,12,750,738,750,107,1,1,60,2,12,0.07307539699991139
s1_1000,S1-492142313,S3,India,selective_v1,0,49,800,55,1,11,0,12,0.04239811399952487,24,16,8.0,503,0.04390881699998772,14,701,701,715,128,1,1,60,2,14,0.08002628400004141
s1_1000,S1-32315181,S2,US,selective_v1,0,37,959,45,6,15,6,21,0.046728609999718174,18,14,3.0,359,0.0475439849999475,1,787,786,787,108,1,1,60,0,1,0.08004786899994087
s1_1000,S1-32315181,S3,US,selective_v1,0,37,890,45,6,15,6,21,0.05274797200036119,18,14,4.0,239,0.053573391999975684,1,736,735,736,101,1,1,60,2,1,0.08636293600000045
s1_1000,S1-719837826,S2,US,selective_v1,0,34,494,28,6,4,2,10,0.010627882999870053,16,15,0.0,375,0.011249851000002309,46,384,383,429,117,1,1,60,2,44,0.029342079999992166
s1_1000,S1-719837826,S3,US,selective_v1,0,34,499,28,6,4,2,10,0.010950215999741886,16,14,0.0,381,0.011579204999975445,41,390,389,430,114,1,1,60,0,41,0.03019729700008611
s1_1000,S1-674250113,S2,US,selective_v1,0,47,756,28,0,2,4,2,0.02589313700002549,22,15,3.0,286,0.026901026000018646,3,549,546,549,108,1,1,60,1,3,0.04964172300003611
s1_1000,S1-674250113,S3,US,selective_v1,0,47,870,28,0,2,4,2,0.027862620000064453,22,19,3.0,326,0.028685945999995965,2,622,620,622,95,1,1,60,2,2,0.05505221999999321
s1_1000,S1-848273416,S2,US,selective_v1,0,48,735,28,1,1,3,2,0.02207656600012342,23,17,2.0,311,0.022954232999950364,3,649,646,649,115,1,1,60,3,3,0.05009487999996054
s1_1000,S1-848273416,S3,US,selective_v1,0,35,667,28,3,6,2,9,0.020985342999892964,17,13,1.0,286,0.02164458199990804,4,581,577,581,94,1,1,60,1,4,0.04674121499999728
s1_1000,S1-190595971,S2,US,selective_v1,0,53,608,55,1,7,0,8,0.027368853000325544,24,14,0.0,387,0.028938232999962565,1,544,543,544,86,1,1,60,2,1,0.05256752000002507
s1_1000,S1-190595971,S3,US,selective_v1,0,51,416,55,3,10,0,13,0.03756671099995401,24,15,6.0,294,0.03887352499998542,0,341,341,341,111,1,1,60,1,0,0.05449840400001449
s1_1000,S1-712360582,S2,US,selective_v1,0,39,2208,21,0,3,0,3,0.01634566500024448,18,15,3.0,34,0.017044770000097742,1,1980,1979,1980,99,1,1,60,2,1,0.10015940200003115
s1_1000,S1-712360582,S3,US,selective_v1,0,39,2427,21,0,3,0,3,0.017850271000042994,18,15,2.0,47,0.018727242999943883,0,2119,2119,2119,109,1,1,60,2,0,0.11379653899996356
s1_1000,S1-866005166,S2,India,selective_v1,0,50,904,120,45,18,18,63,0.04132472300011614,24,15,9.0,483,0.043313047000083316,0,792,792,792,103,1,1,60,2,0,0.08521287399992161
s1_1000,S1-866005166,S3,India,selective_v1,0,50,1012,120,28,27,0,55,0.0353775690001612,24,17,7.0,555,0.03769876100000147,0,829,829,829,96,1,1,60,0,0,0.10180315399998108
s1_1000,S1-210882477,S2,India,selective_v1,0,49,1121,78,10,20,0,30,0.04719537199957813,24,13,11.0,468,0.048959208000042054,4,738,738,742,118,1,1,60,2,4,0.08830119599997488
s1_1000,S1-210882477,S3,India,selective_v1,0,49,1241,78,6,24,0,30,0.06418752600040989,24,17,7.0,588,0.06599795300007827,11,825,814,825,118,1,1,60,2,11,0.1097743629999286
s1_1000,S1-372012424,S2,US,selective_v1,0,49,716,28,1,0,4,1,0.019099564000157443,23,19,2.0,374,0.020004652000011447,0,618,618,618,79,1,1,60,1,0,0.046329366999998456
s1_1000,S1-372012424,S3,US,selective_v1,0,49,770,28,1,0,4,1,0.020713055999863172,23,15,2.0,410,0.02164254600006643,0,682,682,682,79,1,1,60,1,0,0.050623547999975926
s1_1000,S1-577087021,S2,India,selective_v1,0,51,573,45,1,5,0,6,0.012299494000330924,24,13,6.0,52,0.013457827000024736,3,280,277,280,80,1,1,60,2,3,0.027690059999940786
s1_1000,S1-577087021,S3,India,selective_v1,0,51,737,45,1,4,0,5,0.02117797999983395,24,21,3.0,264,0.022500580000041737,13,526,513,526,79,1,1,60,3,13,0.047994269000014356
s1_1000,S1-852610124,S2,US,selective_v1,0,45,1125,36,3,7,4,10,0.05215916999975434,22,18,4.0,775,0.05352034100008041,6,1004,998,1004,94,1,1,60,3,6,0.09558695900000203
s1_1000,S1-852610124,S3,US,selective_v1,0,41,948,36,3,9,4,12,0.04791557399994417,20,16,4.0,597,0.048891335999996954,3,839,836,839,100,1,1,60,2,3,0.08565254699999514
s1_1000,S1-109175675,S2,US,selective_v1,0,43,344,21,0,1,0,1,0.010887583999988237,20,18,2.0,102,0.011406191999981274,2,196,194,196,107,1,1,60,3,2,0.02043801800004985
s1_1000,S1-109175675,S3,US,selective_v1,0,43,423,21,0,1,0,1,0.011528789999943001,20,18,2.0,121,0.012048628000002282,2,224,222,224,83,1,1,60,5,2,0.02223508600002333
s1_1000,S1-867725816,S2,India,selective_v1,0,30,381,66,10,32,10,42,0.021363847999850805,14,14,0.0,119,0.021974873999965894,3,230,227,230,110,1,1,60,2,3,0.03433373399991524
s1_1000,S1-867725816,S3,India,selective_v1,0,34,426,66,6,34,10,40,0.03166307899994081,16,15,1.0,273,0.032403444000010495,3,360,357,360,108,1,1,60,1,3,0.05101086700005908
s1_1000,S1-454337849,S2,US,selective_v1,0,51,795,36,3,0,4,3,0.02415660499968908,24,17,7.0,254,0.025228501000015058,1,468,467,468,79,1,1,60,2,1,0.045475102000068546
s1_1000,S1-454337849,S3,US,selective_v1,0,51,797,36,3,0,4,3,0.022723510000105307,24,17,7.0,254,0.0238212870000325,1,469,468,469,77,1,1,60,2,1,0.04490172999999231
s1_1000,S1-211263556,S2,US,selective_v1,0,49,934,66,3,13,0,16,0.06499981599995408,24,19,4.0,881,0.06696379699997124,0,900,900,900,95,1,1,60,2,0,0.10604267500002607
s1_1000,S1-211263556,S3,US,selective_v1,0,49,523,66,6,12,0,18,0.053316693999931886,24,16,8.0,481,0.05496178099997451,0,495,495,495,102,1,1,60,2,0,0.07686683899999025
s1_1000,S1-997499468,S2,US,selective_v1,0,39,2703,21,0,2,0,2,0.02931299499960005,19,15,2.0,188,0.030192765999913718,1,2516,2515,2516,104,1,1,60,3,1,0.138221804000068
s1_1000,S1-997499468,S3,US,selective_v1,0,38,312,21,0,2,0,2,0.03293215699977736,19,16,3.0,284,0.03354369700002735,1,285,284,285,115,1,1,60,3,1,0.047256382000000485
s1_1000,S1-429307554,S2,US,selective_v1,0,29,396,15,1,0,0,1,0.017785482000135744,14,12,2.0,322,0.01827870400006759,2,370,368,370,89,1,1,60,1,2,0.034053077999942616
s1_1000,S1-429307554,S3,US,selective_v1,0,29,296,15,1,0,0,1,0.018907936999767117,14,11,3.0,209,0.01931758599994282,3,269,266,269,97,1,1,60,2,3,0.030892260999962673
s1_1000,S1-815423969,S2,India,selective_v1,0,50,1556,66,6,20,0,26,0.07821599800024615,24,19,5.0,602,0.07989202700002807,2,1052,1052,1054,108,1,1,60,2,2,0.13190990799989777
s1_1000,S1-815423969,S3,India,selective_v1,0,49,1154,66,3,21,0,24,0.08195256199951473,24,22,1.0,843,0.0836210759999858,0,968,968,968,111,1,1,60,3,0,0.13216130800003612
s1_1000,S1-762754948,S2,US,selective_v1,0,31,2665,15,1,0,0,1,0.01151683000000503,14,8,2.0,132,0.012176678999935575,5,2495,2490,2495,115,1,1,60,0,5,0.11509101100000407
s1_1000,S1-762754948,S3,US,selective_v1,0,30,246,15,1,0,0,1,0.01148255800012521,14,8,3.0,140,0.011883458999932373,2,220,218,220,80,1,1,60,0,2,0.02247319199989306
s1_1000,S1-379677192,S2,US,selective_v1,0,48,515,36,0,5,4,5,0.06503871899985825,24,20,4.0,300,0.06606456199995137,24,324,300,324,93,1,1,60,1,24,0.0800848930000484
s1_1000,S1-379677192,S3,US,selective_v1,0,48,496,36,0,5,4,5,0.06469365599991761,24,17,5.0,318,0.06572718799998256,28,346,318,346,103,1,1,60,1,28,0.08121886699996139
s1_1000,S1-948932140,S2,US,selective_v1,0,53,2806,36,0,1,2,1,0.018543939000096543,24,12,3.0,169,0.01990689299998394,3,2626,2623,2626,115,1,1,60,5,3,0.13304818699998577
s1_1000,S1-948932140,S3,US,selective_v1,0,51,613,36,1,4,3,5,0.025229650000028414,24,18,3.0,287,0.026268675999972402,1,434,433,434,102,1,1,60,1,1,0.04613007600005403
s1_1000,S1-988952152,S2,India,selective_v1,0,25,316,21,3,6,0,9,0.01011900799983323,12,6,2.0,248,0.010491619000049468,0,301,301,301,92,1,1,60,0,0,0.026218298000003415
s1_1000,S1-988952152,S3,India,selective_v1,0,29,395,21,1,6,0,7,0.01636141600022256,14,11,2.0,315,0.01680018799993377,1,356,355,356,86,1,1,60,1,1,0.03522754300001907
s1_1000,S1-470150331,S2,India,selective_v1,0,53,1068,78,10,5,0,15,0.013450894000015978,24,21,3.0,35,0.015441301999999268,0,570,570,570,78,1,1,60,2,0,0.043803973999956725
s1_1000,S1-470150331,S3,India,selective_v1,0,53,1022,78,6,8,0,14,0.018901282999991054,24,17,3.0,127,0.021242547999918315,0,625,625,625,80,1,1,60,1,0,0.05200422799998705
s1_1000,S1-845086185,S2,US,selective_v1,0,44,794,45,3,15,7,18,0.031551494000268576,20,15,4.0,317,0.032470636999960334,0,509,509,509,115,1,1,60,1,0,0.07706024599997363
s1_1000,S1-845086185,S3,US,selective_v1,0,42,816,45,6,13,7,19,0.024412163999727454,19,15,4.0,232,0.025163368999983504,1,463,462,463,101,1,1,60,3,1,0.04576274699991245
s1_1000,S1-946706052,S2,India,selective_v1,0,49,1140,105,21,33,28,54,0.019572993000110728,23,19,4.0,46,0.02118186699999569,1,905,904,905,106,1,1,60,3,1,0.06821031099991615
s1_1000,S1-946706052,S3,India,selective_v1,0,51,1168,105,10,40,0,50,0.027650760999904378,24,15,7.0,66,0.029510278999964612,0,953,953,953,109,1,1,60,2,0,0.07660272500004339
s1_1000,S1-602193603,S2,India,selective_v1,0,37,620,45,1,20,7,21,0.004871808000075362,17,16,0.0,0,0.005506949999926292,2,381,379,381,83,1,1,60,4,2,0.0247041210000134
s1_1000,S1-602193603,S3,India,selective_v1,0,46,519,45,1,14,8,15,0.01585429899967039,22,18,3.0,277,0.01675473999989663,1,390,389,390,88,1,1,60,1,1,0.035822162000044955
s1_1000,S1-393117390,S2,US,selective_v1,0,52,1600,36,0,2,2,2,0.0281970349999483,24,14,3.0,97,0.02936161299999185,1,1412,1411,1412,91,1,1,60,0,1,0.08825425699990319
s1_1000,S1-393117390,S3,US,selective_v1,0,47,2102,36,3,7,4,10,0.046139921000076356,22,18,3.0,301,0.047294302000068456,5,1733,1728,1733,97,1,1,60,1,5,0.12466050899990933
s1_1000,S1-974810743,S2,India,selective_v1,0,41,1281,55,10,15,10,25,0.04357105400015371,20,11,9.0,321,0.045017368000003444,3,834,831,834,118,1,1,60,2,3,0.08910873500008165
s1_1000,S1-974810743,S3,India,selective_v1,0,35,1262,55,10,20,8,30,0.045702819999974054,17,12,5.0,383,0.0470215369999778,4,846,842,846,118,1,1,60,1,4,0.09122712400005639
s1_1000,S1-485260947,S2,US,selective_v1,0,32,397,15,0,0,0,0,0.011718254000129491,15,15,0.0,183,0.012191060999953152,1,364,363,364,103,1,1,60,1,1,0.027778856000054475
s1_1000,S1-485260947,S3,US,selective_v1,0,32,414,15,0,0,0,0,0.012465709000139213,15,15,0.0,225,0.01291125899990675,1,397,396,397,85,1,1,60,1,1,0.03021994099992753
s1_1000,S1-209242212,S2,US,selective_v1,0,33,1553,21,1,4,0,5,0.034501583000064784,16,7,6.0,221,0.03515005700000984,11,1530,1519,1530,119,1,1,60,1,11,0.10126164600001175
s1_1000,S1-209242212,S3,US,selective_v1,0,33,1752,21,1,4,0,5,0.03489003199979379,16,9,7.0,110,0.03548692499998651,10,1721,1721,1731,113,1,1,60,1,10,0.11364976899994872
s1_1000,S1-444309469,S2,US,selective_v1,0,39,856,21,1,2,0,3,0.010502139000095667,18,17,1.0,183,0.011045901999978014,1,483,482,483,111,1,1,60,1,1,0.033904778000078295
s1_1000,S1-444309469,S3,US,selective_v1,0,38,677,21,1,2,0,3,0.011800183999980618,18,17,1.0,179,0.01237419200003842,2,565,563,565,111,1,1,60,2,2,0.036901553999996395
s1_1000,S1-701717394,S2,India,selective_v1,0,41,587,55,6,19,10,25,0.03320266899993385,20,13,7.0,537,0.03423527200004628,0,553,553,553,111,1,1,60,2,0,0.06276804199990238
s1_1000,S1-701717394,S3,India,selective_v1,0,41,624,55,6,19,10,25,0.0339688839998189,20,14,5.0,554,0.03502024299996265,0,570,570,570,115,1,1,60,2,0,0.06399281799997425
s1_1000,S1-432251644,S2,India,selective_v1,0,47,766,45,6,8,8,14,0.045003059999999095,23,16,6.0,645,0.04660138500003086,1,681,680,681,116,1,1,60,2,1,0.08191910400000779
s1_1000,S1-432251644,S3,India,selective_v1,0,47,843,45,3,12,7,15,0.05224878600017746,23,19,4.0,748,0.0537808069999528,6,782,776,782,112,1,1,60,0,6,0.093392404000042
s1_1000,S1-239207420,S2,US,selective_v1,0,35,1260,28,1,8,2,9,0.0390704299996969,17,15,2.0,460,0.03987702899996748,73,1115,1113,1186,158,1,1,60,2,46,0.09002462199998718
s1_1000,S1-239207420,S3,US,selective_v1,0,33,1412,28,1,9,2,10,0.03356688600001689,16,15,1.0,507,0.03451635899989469,83,1269,1269,1352,163,1,1,60,0,48,0.09331524499998523
s1_1000,S1-707620084,S2,India,selective_v1,0,37,719,78,15,39,6,54,0.06609444299999723,18,15,3.0,348,0.06700900600003479,0,426,426,426,114,1,1,60,1,0,0.09077552700000524
s1_1000,S1-707620084,S3,India,selective_v1,0,35,512,78,6,47,8,53,0.05987669600006029,17,9,6.0,340,0.060674382999991394,0,430,430,430,117,1,1,60,0,0,0.08327834900001108
s1_1000,S1-603393113,S2,India,selective_v1,0,36,254,45,15,6,7,21,0.02085356400004912,17,7,9.0,105,0.02146518200004266,7,157,156,163,87,1,1,60,2,7,0.03013056699990102
s1_1000,S1-603393113,S3,India,selective_v1,0,30,376,45,10,15,6,25,0.017271407999942312,14,7,4.0,239,0.017812047000006714,13,287,287,300,113,1,1,60,1,13,0.03297846500004198
s1_1000,S1-360368359,S2,US,selective_v1,0,48,920,28,0,4,2,4,0.02497681200009083,22,21,1.0,211,0.026077353999994557,0,657,657,657,99,1,1,60,3,0,0.05404384700000264
s1_1000,S1-360368359,S3,US,selective_v1,0,46,996,28,1,4,2,5,0.018952688999888778,21,16,1.0,196,0.019965339000009408,0,697,697,697,108,1,1,60,2,0,0.05106063700009145
s1_1000,S1-144309050,S2,India,selective_v1,0,25,495,45,10,20,3,30,0.03791190200035999,12,10,2.0,198,0.03839543499998399,2,332,331,333,90,1,1,60,1,2,0.056055245999914405
s1_1000,S1-144309050,S3,India,selective_v1,0,29,743,45,6,22,3,28,0.04918270699999994,14,12,2.0,481,0.04983295299996371,8,600,600,608,104,1,1,60,1,8,0.08057789400004367
s1_1000,S1-71636676,S2,US,selective_v1,0,41,1129,21,0,1,0,1,0.021186252999996213,20,16,4.0,109,0.021847819999948115,16,983,967,983,91,1,1,60,3,16,0.06229492499994649
s1_1000,S1-71636676,S3,US,selective_v1,0,41,1214,21,0,1,0,1,0.022868750000043292,20,16,4.0,99,0.02352339399999437,11,1099,1088,1099,82,1,1,60,1,11,0.07195209299993621
s1_1000,S1-435158775,S2,India,selective_v1,0,46,983,78,15,25,16,40,0.0684105149999823,22,15,6.0,407,0.06987967000009121,8,722,714,722,119,1,1,60,0,8,0.10772124200002509
s1_1000,S1-435158775,S3,India,selective_v1,0,50,1517,78,10,26,0,36,0.08200076699995407,24,22,2.0,1037,0.08401912700003322,17,1255,1238,1255,111,1,1,60,3,17,0.14876419500001248
s1_1000,S1-636748811,S2,US,selective_v1,0,35,2174,21,1,4,0,5,0.014207632000079684,16,13,2.0,12,0.014774910999904023,2,2098,2096,2098,108,1,1,60,2,2,0.10521762799999124
s1_1000,S1-636748811,S3,US,selective_v1,0,35,2395,21,1,4,0,5,0.015109832999996797,16,12,2.0,12,0.01571617700005845,0,2323,2323,2323,115,1,1,60,1,0,0.11931736500002899
s1_1000,S1-65309853,S2,India,selective_v1,0,46,633,45,6,8,8,14,0.03679906300021685,23,16,6.0,577,0.03791240900000048,1,578,577,578,95,1,1,60,0,1,0.06795146600006774
s1_1000,S1-65309853,S3,India,selective_v1,0,46,738,45,3,12,7,15,0.0474193160005143,23,18,3.0,661,0.04885194299993145,0,661,661,661,114,1,1,60,1,0,0.08051433700006783
s1_1000,S1-426307047,S2,India,selective_v1,0,38,1321,78,15,38,6,53,0.10247842100000071,19,15,4.0,1073,0.10373816899993926,0,1073,1073,1073,114,1,1,60,2,0,0.15941666100002294
s1_1000,S1-426307047,S3,India,selective_v1,0,48,1474,78,6,37,0,43,0.11538016499980586,24,19,5.0,1170,0.11703580000005331,4,1174,1170,1174,114,1,1,60,1,4,0.17923061999999845
s1_1000,S1-152709472,S2,US,selective_v1,0,51,1015,36,0,5,6,5,0.08259762599993792,24,17,3.0,402,0.08375176900005954,0,712,712,712,113,1,1,60,2,0,0.11458490999996229
s1_1000,S1-152709472,S3,US,selective_v1,0,51,1196,36,0,5,6,5,0.08386958599976424,24,21,3.0,469,0.08524688600004993,0,831,831,831,101,1,1,60,2,0,0.12185165200003212
s1_1000,S1-114424830,S2,India,selective_v1,0,36,587,45,6,16,6,22,0.030319266000105927,17,17,0.0,241,0.03106383800002277,6,366,365,371,97,1,1,60,1,6,0.0503526890000785
s1_1000,S1-114424830,S3,India,selective_v1,0,48,866,45,1,15,6,16,0.06043366900019009,23,19,2.0,560,0.061806725999986156,13,687,686,699,109,1,1,60,2,13,0.09581730200000038
s1_1000,S1-128260204,S2,India,selective_v1,0,49,1026,66,1,16,0,17,0.05821241499950247,24,17,7.0,611,0.060096251000004486,1,772,771,772,108,1,1,60,0,1,0.09865473500008193
s1_1000,S1-128260204,S3,India,selective_v1,0,49,930,66,1,13,0,14,0.0523896449996073,24,16,8.0,473,0.05419645700010278,2,647,645,647,93,1,1,60,0,2,0.08751623399996333
s1_1000,S1-756453021,S2,US,selective_v1,0,43,512,28,1,5,2,6,0.01069727100059481,20,14,3.0,100,0.011309341000014683,3,307,304,307,84,1,1,60,1,3,0.025328027000000475
s1_1000,S1-756453021,S3,US,selective_v1,0,43,700,28,1,5,2,6,0.011581390000173997,20,14,3.0,148,0.012293424000063169,1,409,408,409,81,1,1,60,2,1,0.03009492599994701
s1_1000,S1-997414477,S2,US,selective_v1,0,47,382,28,0,3,2,3,0.04798516099970129,23,20,0.0,372,0.0488076030000002,0,373,373,373,110,1,1,60,1,0,0.06510320100005629
s1_1000,S1-997414477,S3,US,selective_v1,0,47,476,28,0,3,2,3,0.05453050599987819,23,23,0.0,417,0.05536663700002009,0,420,420,420,103,1,1,60,3,0,0.07403341799999907
s1_1000,S1-587564473,S2,India,selective_v1,0,48,1017,120,21,43,0,64,0.10089586600020084,24,15,9.0,941,0.10312633000000915,0,941,941,941,106,1,1,60,0,0,0.15186897500007035
s1_1000,S1-587564473,S3,India,selective_v1,0,48,1316,120,21,47,0,68,0.11203012400017087,24,17,7.0,1233,0.11439120599993657,1,1234,1233,1234,112,1,1,60,1,1,0.17754957499994362
s1_1000,S1-949663673,S2,US,selective_v1,0,51,1807,45,0,4,0,4,0.026989045000277656,24,15,3.0,297,0.028497340000058102,24,1616,1592,1616,99,1,1,60,4,24,0.09757747999992716
s1_1000,S1-949663673,S3,US,selective_v1,0,49,2414,45,1,11,5,12,0.05327960400006759,24,17,7.0,448,0.05485194000004867,26,1887,1885,1911,138,1,1,60,4,26,0.1396985889999769
s1_1000,S1-886830433,S2,US,selective_v1,0,43,1136,21,1,0,0,1,0.013600265000491163,20,17,3.0,144,0.014312044999996942,1,881,880,881,101,1,1,60,2,1,0.05130945899998096
s1_1000,S1-886830433,S3,US,selective_v1,0,43,1234,21,1,0,0,1,0.01404342400007863,20,17,3.0,138,0.014731234999999288,1,937,936,937,107,1,1,60,2,1,0.0763889749999862
s1_1000,S1-620072179,S2,India,selective_v1,0,51,3140,120,6,15,0,21,0.02406913999993776,24,17,6.0,229,0.027576251000027696,0,2671,2671,2671,118,1,1,60,0,0,0.16853644199989049
s1_1000,S1-620072179,S3,India,selective_v1,0,52,3161,120,3,18,0,21,0.021236242999862043,24,17,6.0,138,0.024580267000033018,1,2865,2864,2865,119,1,1,60,1,1,0.16880341899991436
s1_1000,S1-937355747,S2,India,selective_v1,0,48,783,45,6,9,7,15,0.01803834099962387,23,11,7.0,270,0.019069606000016392,0,572,572,572,102,1,1,60,0,0,0.049226481999994576
s1_1000,S1-937355747,S3,India,selective_v1,0,50,534,45,3,7,0,10,0.02161074300022392,24,10,9.0,97,0.022650299000019913,0,357,357,357,81,1,1,60,1,0,0.04005343800008632
s1_1000,S1-130224322,S2,India,selective_v1,0,51,792,120,15,30,0,45,0.042303243000105795,24,17,7.0,325,0.044680992999929,1,685,684,685,106,1,1,60,2,1,0.08113621200004673
s1_1000,S1-130224322,S3,India,selective_v1,0,51,910,120,6,39,0,45,0.05368762000011884,24,17,6.0,472,0.056232641999940824,0,780,780,780,114,1,1,60,1,0,0.09717686800001957
s1_1000,S1-417827381,S2,US,selective_v1,0,52,992,36,0,4,4,4,0.04111220700019658,24,23,1.0,487,0.04266773500000909,1,844,843,844,79,1,1,60,2,1,0.07783382699994945
s1_1000,S1-417827381,S3,US,selective_v1,0,52,996,36,0,4,4,4,0.043488008000053924,24,22,1.0,496,0.04497639400005937,0,852,852,852,78,1,1,60,1,0,0.08120727100003933
s1_1000,S1-343417294,S2,India,selective_v1,0,52,550,78,10,15,0,25,0.02026264899996022,24,21,3.0,104,0.0218445770000244,5,277,277,282,96,1,1,60,2,5,0.03699134899989076
s1_1000,S1-343417294,S3,India,selective_v1,0,52,693,78,3,20,0,23,0.03579762300012135,24,20,2.0,372,0.03765679999992244,16,527,511,527,113,1,1,60,1,16,0.06389624399992044
s1_1000,S1-394632774,S2,India,selective_v1,0,52,569,91,28,8,0,36,0.0182620000003908,24,21,3.0,144,0.020016273999999612,2,395,393,395,92,1,1,60,3,2,0.041258490000018355
s1_1000,S1-394632774,S3,India,selective_v1,0,52,703,91,15,18,0,33,0.029502274000037687,24,21,3.0,304,0.03139517799991154,0,551,551,551,98,1,1,60,2,0,0.05888061199993899
s1_1000,S1-732592724,S2,US,selective_v1,0,50,1772,36,1,2,4,3,0.02118008899981305,24,12,3.0,348,0.022520108999970034,0,1482,1482,1482,120,1,1,60,0,0,0.0836115829999926
s1_1000,S1-732592724,S3,US,selective_v1,0,50,1633,36,1,2,4,3,0.021460359999878165,24,19,5.0,276,0.022750233000010667,0,1487,1487,1487,114,1,1,60,1,0,0.08674544299992704
s1_1000,S1-580748190,S2,US,selective_v1,0,43,2195,21,0,1,0,1,0.00855040800001916,20,20,0.0,136,0.009357311000030677,3,1964,1961,1964,104,1,1,60,3,3,0.09171587399998771
s1_1000,S1-580748190,S3,US,selective_v1,0,43,2441,21,0,1,0,1,0.009283514000230753,20,20,0.0,134,0.010099514999978965,2,2216,2214,2216,94,1,1,60,2,2,0.10589115800007676
s1_1000,S1-796458434,S2,India,selective_v1,0,51,1565,120,15,42,0,57,0.05814400999997815,24,19,5.0,535,0.060748948999957975,1,1131,1130,1131,106,1,1,60,1,1,0.12118981700007225
s1_1000,S1-796458434,S3,India,selective_v1,0,51,1498,120,6,49,0,55,0.0696921509997992,24,18,6.0,640,0.07209822200002236,3,1200,1197,1200,101,1,1,60,3,3,0.13226009899995006
s1_1000,S1-765932516,S2,India,selective_v1,0,35,368,36,15,0,4,15,0.013934174000041821,17,11,6.0,315,0.014609594000035031,2,317,315,317,78,1,1,60,2,2,0.03068904700000985
s1_1000,S1-765932516,S3,India,selective_v1,0,37,193,36,6,8,4,14,0.01702746200032834,18,9,8.0,156,0.017602169000042522,0,157,157,157,76,1,1,60,2,0,0.025655975999939074
s1_1000,S1-384400545,S2,India,selective_v1,0,47,1155,120,21,52,25,73,0.02931305499987502,22,17,5.0,357,0.030862452999940615,9,671,662,671,98,1,1,60,1,9,0.0868292750000137
s1_1000,S1-384400545,S3,India,selective_v1,0,52,1832,120,21,47,0,68,0.052195105000123476,24,20,4.0,833,0.05436124800007747,15,1378,1378,1393,122,1,1,60,0,15,0.127032702000065
s1_1000,S1-444946012,S2,US,selective_v1,0,41,869,28,1,6,2,7,0.04202130199985277,19,17,2.0,102,0.042691172999980154,4,512,508,512,86,1,1,60,5,4,0.06528151700001672
s1_1000,S1-444946012,S3,US,selective_v1,0,41,854,28,1,6,2,7,0.04319768400034718,19,17,2.0,99,0.04384474799996951,2,515,513,515,99,1,1,60,2,2,0.06655268500003331
s1_1000,S1-835384598,S2,India,selective_v1,0,51,454,120,6,24,0,30,0.04171120500018333,24,19,5.0,328,0.04456083699994906,7,392,385,392,90,1,1,60,2,7,0.06560833000003186
s1_1000,S1-835384598,S3,India,selective_v1,0,51,577,120,6,23,0,29,0.03563075900001422,24,19,3.0,512,0.038537487000098736,6,552,552,558,110,1,1,60,2,6,0.06826963000003161
s1_1000,S1-172646617,S2,India,selective_v1,0,24,367,78,36,18,12,54,0.020517760999723578,12,7,5.0,310,0.021225864000030015,6,310,310,316,117,1,1,60,0,6,0.037970806999965134
s1_1000,S1-172646617,S3,India,selective_v1,0,20,458,78,36,26,6,62,0.025156638999874303,10,9,1.0,417,0.025704969000003075,6,423,417,423,90,1,1,60,1,6,0.04737569600001734
s1_1000,S1-163359447,S2,India,selective_v1,0,48,268,45,6,8,8,14,0.02171376200033137,23,15,7.0,135,0.02260211700001946,7,184,177,184,92,1,1,60,1,7,0.03269353600001068
s1_1000,S1-163359447,S3,India,selective_v1,0,46,414,45,3,13,7,16,0.03339179800036618,22,19,3.0,291,0.03427056399993944,12,335,323,335,102,1,1,60,2,12,0.050632496999924115
s1_1000,S1-707155052,S2,India,selective_v1,0,51,2312,91,21,14,0,35,0.02934984699970755,24,15,9.0,114,0.03144033399996715,11,1626,1615,1626,112,1,1,60,2,11,0.11636861800002407
s1_1000,S1-707155052,S3,India,selective_v1,0,51,2296,91,10,20,0,30,0.051686164000216195,24,18,6.0,329,0.05415945000004285,13,1771,1758,1771,116,1,1,60,2,13,0.14565731800007597
s1_1000,S1-967576249,S2,India,selective_v1,0,52,732,91,15,6,0,21,0.019774886000277547,24,12,6.0,63,0.021989100000041617,4,461,457,461,105,1,1,60,1,4,0.04680200600000717
s1_1000,S1-967576249,S3,India,selective_v1,0,52,1086,91,10,15,0,25,0.026620863000061945,24,21,2.0,450,0.028949186999966514,6,803,797,803,102,1,1,60,1,6,0.06930424000006496
s1_1000,S1-383924373,S2,US,selective_v1,0,25,2186,15,0,3,0,3,0.0203283170000077,12,9,1.0,162,0.021061885999984042,0,2045,2045,2045,101,1,1,60,2,0,0.10448905199996261
s1_1000,S1-383924373,S3,US,selective_v1,0,25,2606,15,0,3,0,3,0.022232233999943674,12,10,1.0,175,0.02289063900002475,0,2401,2401,2401,108,1,1,60,2,0,0.12591355799997928
s1_1000,S1-145192696,S2,US,selective_v1,0,38,232,21,0,2,0,2,0.020760911000024862,19,16,0.0,224,0.02130300199996782,0,224,224,224,96,1,1,60,0,0,0.032199169000023176
s1_1000,S1-145192696,S3,US,selective_v1,0,38,281,21,0,2,0,2,0.0221984820001353,19,19,0.0,240,0.022790115000020705,0,240,240,240,104,1,1,60,5,0,0.033433792999971956
s1_1000,S1-120113863,S2,US,selective_v1,0,30,381,28,3,8,2,11,0.03617158099973494,15,12,2.0,356,0.03676149499995063,0,356,356,356,119,1,1,60,1,0,0.05208863699999711
s1_1000,S1-120113863,S3,US,selective_v1,0,30,528,28,3,8,2,11,0.040621705000035035,15,13,1.0,484,0.04130057600002601,2,486,484,486,118,1,1,60,1,2,0.06266391199994814
s1_1000,S1-579296771,S2,India,selective_v1,0,41,971,66,10,23,13,33,0.04934142899980998,20,18,2.0,652,0.0506235039999865,2,801,799,801,112,1,1,60,1,2,0.09186449399999219
s1_1000,S1-579296771,S3,India,selective_v1,0,47,1278,66,6,24,13,30,0.06364169299990863,23,18,3.0,865,0.065159574000063,3,1005,1002,1005,113,1,1,60,1,3,0.11499196199997641
s1_1000,S1-76600144,S2,US,selective_v1,0,46,2768,45,6,9,8,15,0.02736078400016595,22,18,4.0,319,0.028577816000051826,1,2512,2511,2512,110,1,1,60,2,1,0.13314361599998392
s1_1000,S1-76600144,S3,US,selective_v1,0,46,2965,45,10,5,8,15,0.03056657399974938,22,17,5.0,288,0.031880562999958784,1,2692,2691,2692,111,1,1,60,1,1,0.1751638160000084
s1_1000,S1-262956530,S2,US,selective_v1,0,40,2016,21,0,2,0,2,0.020351649000190264,19,17,0.0,130,0.021082431999957407,1,1841,1840,1841,100,1,1,60,1,1,0.10154234900005576
s1_1000,S1-262956530,S3,US,selective_v1,0,40,2301,21,0,2,0,2,0.023011563000181923,19,19,0.0,148,0.023806242999967253,0,2132,2132,2132,114,1,1,60,2,0,0.11741752099999303
s1_1000,S1-289224987,S2,India,selective_v1,0,50,428,78,6,13,0,19,0.03373389199987287,24,15,9.0,267,0.0355399769999849,2,325,323,325,85,1,1,60,3,2,0.0540546769999537
s1_1000,S1-289224987,S3,India,selective_v1,0,50,865,78,3,16,0,19,0.0519724649999489,24,21,3.0,731,0.054062957000041933,0,778,778,778,103,1,1,60,1,0,0.09479875700003504
s1_1000,S1-434671027,S2,India,selective_v1,0,49,970,120,3,32,0,35,0.06994391200009886,24,20,3.0,868,0.07285761499997534,0,940,940,940,111,1,1,60,1,0,0.12012622200006717
s1_1000,S1-434671027,S3,India,selective_v1,0,49,1281,120,1,30,0,31,0.06829810800013547,24,23,1.0,1131,0.07136132400000861,0,1204,1204,1204,102,1,1,60,2,0,0.13364586299996972
s1_1000,S1-874587325,S2,US,selective_v1,0,49,2618,45,1,11,3,12,0.06151824900007341,24,18,6.0,688,0.06308359199999813,0,2521,2521,2521,116,1,1,60,1,0,0.1704525239999839
s1_1000,S1-874587325,S3,US,selective_v1,0,49,3009,45,1,13,4,14,0.07596463499999118,24,20,4.0,752,0.07752763899998172,2,2767,2765,2767,109,1,1,60,4,2,0.20112069399999655
s1_1000,S1-386790184,S2,US,selective_v1,0,31,2215,15,0,0,0,0,0.013233704999834117,15,15,0.0,55,0.013776696000036281,4,2153,2149,2153,88,1,1,60,3,4,0.10501259900001969
s1_1000,S1-386790184,S3,US,selective_v1,0,31,2583,15,0,0,0,0,0.014943621999577772,15,15,0.0,45,0.015490653000028942,0,2532,2532,2532,84,1,1,60,1,0,0.12496279999993476
s1_1000,S1-309029909,S2,India,selective_v1,0,37,520,78,15,29,16,44,0.027804195000044274,18,14,4.0,367,0.028848769000092034,2,388,386,388,82,1,1,60,3,2,0.049352384000030725
s1_1000,S1-309029909,S3,India,selective_v1,0,45,1097,78,6,38,12,44,0.07725089600000956,22,20,1.0,978,0.07868269999994482,4,1001,997,1001,108,1,1,60,1,4,0.12895662999994784
s1_1000,S1-402701678,S2,US,selective_v1,0,36,663,21,0,4,0,4,0.04027354700019714,17,16,1.0,189,0.04080133599995861,0,576,576,576,98,1,1,60,0,0,0.06556031800005258
s1_1000,S1-402701678,S3,US,selective_v1,0,36,731,21,0,4,0,4,0.04244932499977949,17,12,1.0,221,0.042975501000000804,2,659,657,659,88,1,1,60,0,2,0.07210080200002267
s1_1000,S1-820304545,S2,India,selective_v1,0,36,382,78,15,33,12,48,0.043954837000001135,18,8,10.0,356,0.0448613909999267,4,360,356,360,107,1,1,60,1,4,0.06368520299997726
s1_1000,S1-820304545,S3,India,selective_v1,0,42,855,78,6,35,16,41,0.06515291899995646,21,11,10.0,819,0.06649440499995762,11,830,819,830,114,1,1,60,3,11,0.12877655199997662
s1_1000,S1-319446504,S2,US,selective_v1,0,21,347,10,0,0,0,0,0.008604242000046725,10,8,1.0,192,0.008914395000033437,1,339,338,339,78,1,1,60,1,1,0.02329343299993525
s1_1000,S1-319446504,S3,US,selective_v1,0,21,406,10,0,0,0,0,0.00900265300015235,10,9,1.0,211,0.009346814000082304,1,378,377,378,77,1,1,60,4,1,0.02669277899997269
s1_1000,S1-602660812,S2,India,selective_v1,0,52,921,55,1,2,0,3,0.012182791000100224,24,10,4.0,171,0.01386790000003657,0,651,651,651,79,1,1,60,1,0,0.04623407200006113
s1_1000,S1-602660812,S3,India,selective_v1,0,53,774,66,1,0,0,1,0.009087161000138622,24,20,2.0,25,0.011036486999955741,2,484,482,484,79,1,1,60,0,2,0.03439286599996194
s1_1000,S1-838816755,S2,US,selective_v1,0,43,1071,45,6,12,7,18,0.028487302000485215,20,16,3.0,174,0.029327051999985088,20,617,617,637,108,1,1,60,0,20,0.056786150999982965
s1_1000,S1-838816755,S3,US,selective_v1,0,40,1071,45,6,13,7,19,0.023647711999842613,19,16,1.0,352,0.02457745899994279,18,876,876,894,123,1,1,60,0,18,0.06298228299999664
s1_1000,S1-635610218,S2,US,selective_v1,0,36,323,28,0,8,2,8,0.0464671229999567,18,15,3.0,272,0.04708612100000664,5,277,272,277,111,1,1,60,3,5,0.05976368699998602
s1_1000,S1-635610218,S3,US,selective_v1,0,36,408,28,1,7,2,8,0.05009248499993646,18,15,3.0,344,0.050738432999992256,5,349,344,349,113,1,1,60,1,5,0.06596539199995277
s1_1000,S1-318608060,S2,India,selective_v1,0,51,2502,45,3,6,0,9,0.03287513600002967,24,19,5.0,308,0.03443955299997015,2,1835,1833,1835,106,1,1,60,3,2,0.12653696100005618
s1_1000,S1-318608060,S3,India,selective_v1,0,51,2017,45,1,7,0,8,0.028910593999967205,24,13,6.0,338,0.030282217000035416,1,1806,1805,1806,105,1,1,60,2,1,0.11932866100005413
s1_1000,S1-68824362,S2,India,selective_v1,0,53,2891,91,15,19,0,34,0.023753227000156585,24,22,2.0,152,0.025775279999947998,1,2585,2584,2585,114,1,1,60,2,1,0.16037641200000508
s1_1000,S1-68824362,S3,India,selective_v1,0,53,2743,91,6,26,0,32,0.02688909000005424,24,21,3.0,113,0.02908052600002975,0,2484,2484,2484,114,1,1,60,2,0,0.15520143100002315
s1_1000,S1-627898987,S2,India,selective_v1,0,50,832,55,3,11,0,14,0.02933750499994403,24,18,4.0,329,0.030819067000038558,0,630,630,630,105,1,1,60,0,0,0.06337689899999077
s1_1000,S1-627898987,S3,India,selective_v1,0,51,1313,55,1,10,0,11,0.037501474000350754,24,22,2.0,344,0.03910423599995738,2,830,828,830,109,1,1,60,4,2,0.08072429699996064
s1_1000,S1-873224394,S2,US,selective_v1,0,50,938,28,0,0,5,0,0.015583989999981895,23,9,1.0,68,0.016443076999962614,0,782,782,782,74,1,1,60,1,0,0.05067376600004536
s1_1000,S1-873224394,S3,US,selective_v1,0,47,1512,28,0,2,4,2,0.02477131900002405,22,20,1.0,298,0.025717053999983364,1,1140,1139,1140,102,1,1,60,2,1,0.07493000800002392
s1_1000,S1-528038666,S2,US,selective_v1,0,54,827,55,0,2,0,2,0.018431588999874293,24,10,0.0,397,0.02011873799995101,1,757,756,757,102,1,1,60,1,1,0.052224154999976236
s1_1000,S1-528038666,S3,US,selective_v1,0,53,1230,55,1,7,0,8,0.033926335000273866,24,21,2.0,491,0.035589677999951164,1,719,718,719,94,1,1,60,1,1,0.06762435400003142
s1_1000,S1-993276054,S2,US,selective_v1,0,39,418,21,1,2,0,3,0.007742604000100073,18,11,1.0,202,0.008245129999977507,0,292,292,292,96,1,1,60,0,0,0.020698582000022725
s1_1000,S1-993276054,S3,US,selective_v1,0,39,483,21,1,2,0,3,0.00788943400016251,18,8,1.0,201,0.008397268999942753,0,321,321,321,90,1,1,60,0,0,0.02221175600004699
s1_1000,S1-625355978,S2,India,selective_v1,0,50,1055,120,15,28,0,43,0.03165360700018027,24,19,5.0,507,0.034240518000046904,1,759,758,759,107,1,1,60,2,1,0.07305443699999614
s1_1000,S1-625355978,S3,India,selective_v1,0,51,1230,120,6,36,0,42,0.034369581000305516,24,22,2.0,393,0.037256999000078395,0,933,933,933,110,1,1,60,1,0,0.08563138500005607
s1_1000,S1-411428383,S2,India,selective_v1,0,49,571,120,15,29,0,44,0.04514752600016436,24,16,8.0,530,0.0476668180000388,0,535,535,535,114,1,1,60,1,0,0.07550322999998116
s1_1000,S1-411428383,S3,India,selective_v1,0,49,965,120,10,44,0,54,0.05951952999998866,24,17,6.0,865,0.06184141500000351,1,873,872,873,114,1,1,60,1,1,0.10526942500007408
s1_1000,S1-877756741,S2,US,selective_v1,0,48,1032,28,1,0,4,1,0.01967137999974966,23,14,3.0,342,0.020623715999931846,1,960,959,960,111,1,1,60,2,1,0.0832506229999126
s1_1000,S1-877756741,S3,US,selective_v1,0,41,1507,28,3,3,2,6,0.023774645999765198,20,19,1.0,640,0.02478295799994612,1,1223,1222,1223,109,1,1,60,3,1,0.07786986300004628
s1_1000,S1-264105075,S2,India,selective_v1,0,49,515,78,6,20,0,26,0.049434269000016684,24,14,10.0,441,0.05120939500000077,2,471,469,471,97,1,1,60,1,2,0.07534301800001231
s1_1000,S1-264105075,S3,India,selective_v1,0,49,1015,78,1,22,0,23,0.06638828000006924,24,19,5.0,836,0.06842091500004699,1,874,873,874,99,1,1,60,3,1,0.11186924499997986
s1_1000,S1-364343116,S2,US,selective_v1,0,50,1063,28,1,1,3,2,0.015799581999658585,23,18,0.0,320,0.01668622099998629,1,760,759,760,100,1,1,60,2,1,0.04930331100001695
s1_1000,S1-364343116,S3,US,selective_v1,0,43,1172,28,3,3,2,6,0.017251861000090685,20,18,0.0,407,0.01842919900002471,0,800,800,800,95,1,1,60,1,0,0.053400992999968366
s1_1000,S1-708919835,S2,US,selective_v1,0,50,2536,45,1,5,0,6,0.03285710799946173,24,15,5.0,266,0.034399541000084355,3,2439,2439,2442,114,1,1,60,3,3,0.14004190000002836
s1_1000,S1-708919835,S3,US,selective_v1,0,49,2933,45,3,10,7,13,0.04474005600036435,24,16,8.0,445,0.046251338000047326,3,2769,2766,2769,108,1,1,60,5,3,0.16831942700002855
s1_1000,S1-424278368,S2,India,selective_v1,0,53,2573,120,6,12,0,18,0.026659124000047996,24,20,4.0,141,0.030153480999956628,1,2215,2214,2215,103,1,1,60,1,1,0.1476432859999477
s1_1000,S1-424278368,S3,India,selective_v1,0,53,2536,120,3,9,0,12,0.026628830000390735,24,22,2.0,261,0.030361824999999953,2,2257,2255,2257,111,1,1,60,2,2,0.14873426300005121
s1_1000,S1-350140550,S2,India,selective_v1,0,51,348,55,6,9,0,15,0.014144678000207023,24,14,5.0,288,0.015406111999936911,8,318,310,318,104,1,1,60,1,8,0.033081620999951156
s1_1000,S1-350140550,S3,India,selective_v1,0,50,603,45,1,11,3,12,0.03826753500004543,24,16,6.0,336,0.03945315099997515,15,355,355,370,101,1,1,60,1,15,0.05787279599996964
s1_1000,S1-224156764,S2,US,selective_v1,0,37,1066,21,0,3,0,3,0.047435527000061484,18,15,3.0,169,0.04805967200002215,1,967,966,967,101,1,1,60,2,1,0.08852205999994567
s1_1000,S1-224156764,S3,US,selective_v1,0,37,1134,21,0,3,0,3,0.050181086000179675,18,15,3.0,151,0.05080335100001321,0,1042,1042,1042,96,1,1,60,1,0,0.09582501700003832
s1_1000,S1-991758781,S2,India,selective_v1,0,47,597,45,10,5,8,15,0.01570299599984537,22,19,3.0,473,0.01673312299999452,12,508,496,508,104,1,1,60,2,12,0.04274560100009239
s1_1000,S1-991758781,S3,India,selective_v1,0,39,276,45,10,10,7,20,0.008862691999979688,18,16,2.0,188,0.009538762000033785,35,205,203,238,111,1,1,60,2,35,0.021997126999963257
s1_1000,S1-253152547,S2,US,selective_v1,0,51,711,36,1,6,5,7,0.047853874999645996,24,14,2.0,455,0.048878645000058896,0,645,645,645,80,1,1,60,0,0,0.0757605200000171
s1_1000,S1-253152547,S3,US,selective_v1,0,51,721,36,1,6,5,7,0.04896074999965094,24,16,2.0,455,0.04996568399997159,1,616,615,616,77,1,1,60,2,1,0.07647137099991141
s1_1000,S1-349078782,S2,US,selective_v1,0,47,2157,28,0,2,3,2,0.042752024000037636,23,19,0.0,304,0.043788306999999804,0,2109,2109,2109,112,1,1,60,0,0,0.1331301400000484
s1_1000,S1-349078782,S3,US,selective_v1,0,47,2329,28,0,2,3,2,0.04650367499982622,23,22,0.0,298,0.04752117499992892,0,2274,2274,2274,103,1,1,60,0,0,0.1737961339999856
s1_1000,S1-755451588,S2,US,selective_v1,0,51,1155,45,0,5,0,5,0.039090101999818216,24,18,0.0,181,0.04041217799999686,1,1060,1059,1060,96,1,1,60,5,1,0.08824714499996844
s1_1000,S1-755451588,S3,US,selective_v1,0,50,1462,45,1,10,3,11,0.0554614530001345,24,23,1.0,294,0.05677425299995775,1,1240,1239,1240,94,1,1,60,5,1,0.11214732600001298
s1_1000,S1-253496965,S2,India,selective_v1,0,51,2164,55,6,4,0,10,0.02190092400019239,24,16,8.0,270,0.023613549999936367,1,1915,1914,1915,114,1,1,60,1,1,0.12043544799996653
s1_1000,S1-253496965,S3,India,selective_v1,0,51,2064,55,1,8,0,9,0.02471403599997757,24,15,8.0,239,0.026371891999929176,1,1893,1892,1893,118,1,1,60,1,1,0.1195813829999679
s1_1000,S1-586543605,S2,India,selective_v1,0,37,2097,55,15,12,10,27,0.03638794500000131,18,7,11.0,241,0.03741756800002349,8,2051,2043,2051,117,1,1,60,2,8,0.14558083199995053
s1_1000,S1-586543605,S3,India,selective_v1,0,39,2351,55,6,22,8,28,0.05397789999960878,19,11,8.0,457,0.055302568000001884,11,2211,2200,2211,116,1,1,60,1,11,0.16699227499998415
s1_1000,S1-309328944,S2,US,selective_v1,0,43,1302,21,1,0,0,1,0.010701914999685869,20,18,1.0,247,0.011488050000025396,7,1022,1015,1022,108,1,1,60,1,7,0.05471789099999569
s1_1000,S1-309328944,S3,US,selective_v1,0,43,1337,21,1,0,0,1,0.011517834999722254,20,18,2.0,131,0.012251930999923388,9,991,982,991,111,1,1,60,3,9,0.055314666999947804
s1_1000,S1-877771962,S2,US,selective_v1,0,39,1102,28,1,6,2,7,0.03367111700026726,19,18,0.0,554,0.034533541999962836,0,984,984,984,102,1,1,60,0,0,0.07531724099999337
s1_1000,S1-877771962,S3,US,selective_v1,0,39,1111,28,1,6,2,7,0.035010224999723505,19,17,1.0,466,0.035858684999993784,0,967,967,967,109,1,1,60,2,0,0.0773988810000219
s1_1000,S1-881400809,S2,US,selective_v1,0,28,337,15,1,2,0,3,0.0016397809996533397,12,12,0.0,0,0.001912158999971325,3,216,213,216,74,1,1,60,3,3,0.011598715999980413
s1_1000,S1-881400809,S3,US,selective_v1,0,28,373,15,1,2,0,3,0.001877299000284438,12,12,0.0,0,0.002158985999926699,1,242,241,242,75,1,1,60,3,1,0.012831356999981836
s1_1000,S1-252959475,S2,India,selective_v1,0,51,1193,36,1,2,2,3,0.01741338400006498,24,14,5.0,159,0.01852082900006735,0,1017,1017,1017,105,1,1,60,0,0,0.07034027200006676
s1_1000,S1-252959475,S3,India,selective_v1,0,51,1402,36,0,2,2,2,0.02501419600025656,24,18,3.0,328,0.02625528700002633,0,1218,1218,1218,104,1,1,60,1,0,0.08808472400005485
s1_1000,S1-106566816,S2,US,selective_v1,0,38,762,28,0,8,2,8,0.042766571000015574,18,14,3.0,416,0.04349819900005514,7,549,542,549,99,1,1,60,2,7,0.067590440999993
s1_1000,S1-106566816,S3,US,selective_v1,0,38,672,28,0,8,2,8,0.04400206699995124,18,12,4.0,306,0.044658948000005694,7,446,439,446,82,1,1,60,2,7,0.0643979760000093
s1_1000,S1-657748914,S2,India,selective_v1,0,54,547,120,1,19,0,20,0.0261375620001445,24,23,1.0,156,0.029218255999921894,3,437,434,437,74,1,1,60,3,3,0.05355122800006029
s1_1000,S1-657748914,S3,India,selective_v1,0,54,568,120,1,13,0,14,0.02422418399964954,24,24,0.0,226,0.027577410000048985,1,504,503,504,77,1,1,60,3,1,0.054562966999924356
s1_1000,S1-452747502,S2,US,selective_v1,0,32,2085,15,0,0,0,0,0.016574671999933344,15,13,2.0,144,0.01724485599993386,49,1953,1904,1953,90,1,1,60,2,44,0.09907766100002391
s1_1000,S1-452747502,S3,US,selective_v1,0,32,2628,15,0,0,0,0,0.01890125199997783,15,12,3.0,149,0.019527306999975735,49,2588,2539,2588,115,1,1,60,2,41,0.15902763199994752
s1_1000,S1-339021665,S2,India,selective_v1,0,28,419,78,10,43,12,53,0.020891301000006024,13,11,0.0,223,0.021600380999984736,0,317,317,317,118,1,1,60,0,0,0.039516101999993225
s1_1000,S1-339021665,S3,India,selective_v1,0,34,504,78,3,47,12,50,0.04521810000005644,16,9,1.0,343,0.04605776099992909,0,422,422,422,102,1,1,60,0,0,0.0681434180000906
s1_1000,S1-927465777,S2,US,selective_v1,0,51,1787,36,3,3,6,6,0.025411734999579494,24,18,2.0,251,0.026813188999994964,2,1542,1540,1542,93,1,1,60,2,2,0.09056584000006751
s1_1000,S1-927465777,S3,US,selective_v1,0,46,1951,36,6,4,4,10,0.034114501999965796,22,14,6.0,333,0.03524861599998985,0,1733,1733,1733,75,1,1,60,2,0,0.10931581199997709
s1_1000,S1-275292755,S2,India,selective_v1,0,51,2184,78,10,10,0,20,0.03867353599969192,24,19,5.0,377,0.04080329300006724,0,1990,1990,1990,118,1,1,60,1,0,0.14585252100005164
s1_1000,S1-275292755,S3,India,selective_v1,0,51,2281,78,6,16,0,22,0.04949149199967451,24,21,3.0,416,0.051845367000055376,1,1949,1948,1949,115,1,1,60,1,1,0.15191592400003628
s1_1000,S1-870147511,S2,India,selective_v1,0,52,1107,120,3,26,0,29,0.03119640000011259,24,24,0.0,456,0.034174779999943894,0,947,947,947,83,1,1,60,3,0,0.08509368499994707
s1_1000,S1-870147511,S3,India,selective_v1,0,52,1120,120,0,22,0,22,0.04578946499987069,24,22,1.0,627,0.049370346000046084,0,1046,1046,1046,96,1,1,60,1,0,0.10395767500006059
s1_1000,S1-666016256,S2,US,selective_v1,0,45,352,28,0,4,3,4,0.02452136599958976,21,14,3.0,86,0.02515495100010412,2,228,226,228,117,1,1,60,1,2,0.0360667759999842
s1_1000,S1-666016256,S3,US,selective_v1,0,45,390,28,0,4,3,4,0.025880755999764915,21,18,3.0,104,0.026549951999982113,5,246,241,246,87,1,1,60,4,5,0.03777425700002368
s1_1000,S1-310651038,S2,US,selective_v1,0,50,680,45,1,4,0,5,0.03981413600013184,24,21,3.0,566,0.041272372999969775,1,609,608,609,118,1,1,60,1,1,0.06722381500003394
s1_1000,S1-310651038,S3,US,selective_v1,0,50,704,45,1,4,0,5,0.042021938000175396,24,18,3.0,546,0.04336168600002566,1,603,602,603,115,1,1,60,2,1,0.06963475800000651
s1_1000,S1-133609565,S2,India,selective_v1,0,50,729,66,6,12,0,18,0.03216723199977878,24,20,4.0,298,0.03376071899992894,8,535,527,535,109,1,1,60,3,8,0.061699797999949624
s1_1000,S1-133609565,S3,India,selective_v1,0,50,846,66,3,15,0,18,0.04416450200005784,24,19,4.0,422,0.045809549999944466,11,624,613,624,113,1,1,60,2,11,0.07720681399996465
s1_1000,S1-538988615,S2,US,selective_v1,0,35,299,21,0,4,0,4,0.0282801810002411,17,9,2.0,250,0.028777696000020114,0,294,294,294,90,1,1,60,0,0,0.042040836999944986
s1_1000,S1-538988615,S3,US,selective_v1,0,31,177,21,1,5,0,6,0.018268176000447056,15,12,3.0,99,0.018644617999939328,0,145,145,145,80,1,1,60,1,0,0.025545643999976164
s1_1000,S1-521533478,S2,US,selective_v1,0,41,121,21,1,0,0,1,0.01650690900032714,20,13,7.0,92,0.01698143800001617,0,103,103,103,73,1,1,60,1,0,0.021759537999969325
s1_1000,S1-521533478,S3,US,selective_v1,0,41,149,21,1,0,0,1,0.01665520900030515,20,11,7.0,109,0.017162734999942586,1,128,127,128,73,1,1,60,3,1,0.02284351000002971
s1_1000,S1-979640757,S2,US,selective_v1,0,40,333,21,0,2,0,2,0.02265106899994862,19,13,0.0,199,0.023153606000050786,0,257,257,257,96,1,1,60,1,0,0.034346842999980254
s1_1000,S1-979640757,S3,US,selective_v1,0,32,267,21,0,6,0,6,0.009665336999887586,15,10,1.0,92,0.010025665999933153,0,173,173,173,81,1,1,60,2,0,0.018057511999927556
s1_1000,S1-237040891,S2,India,selective_v1,0,50,1187,105,21,33,28,54,0.019383051000090745,23,22,1.0,0,0.020985009000014543,1,882,881,882,95,1,1,60,1,1,0.06565441400005056
s1_1000,S1-237040891,S3,India,selective_v1,0,48,1036,105,21,34,28,55,0.008959399000218582,22,22,0.0,0,0.010454100000060862,1,821,820,821,102,1,1,60,3,1,0.050856738000106816
s1_1000,S1-285122739,S2,US,selective_v1,0,51,2500,36,1,4,3,5,0.02849688500020875,24,20,4.0,224,0.029740678000052867,1,2264,2263,2264,111,1,1,60,1,1,0.1282155579999653
s1_1000,S1-285122739,S3,US,selective_v1,0,51,2644,36,1,4,3,5,0.030262132000075326,24,18,5.0,98,0.031484008000006725,1,2388,2387,2388,109,1,1,60,2,1,0.13519077800003743
s1_1000,S1-608905216,S2,US,selective_v1,0,39,2852,28,1,6,2,7,0.04641843000035806,19,14,5.0,351,0.04754027899991797,0,2806,2806,2806,114,1,1,60,2,0,0.1953981469999917
s1_1000,S1-608905216,S3,US,selective_v1,0,34,329,28,1,8,2,9,0.054108343999928366,17,13,4.0,325,0.05471176000003197,0,325,325,325,103,1,1,60,2,0,0.07062504599991826
s1_1000,S1-251563500,S2,India,selective_v1,0,52,1161,55,0,3,0,3,0.021210622999774387,24,13,4.0,240,0.02284943300003306,0,976,976,976,116,1,1,60,1,0,0.07192828600000212
s1_1000,S1-251563500,S3,India,selective_v1,0,52,1078,55,0,3,0,3,0.02966782999988027,24,16,3.0,260,0.031349664999993365,0,1033,1033,1033,119,1,1,60,1,0,0.08367157899999711
s1_1000,S1-708368208,S2,US,selective_v1,0,39,1673,21,0,3,0,3,0.0267359630000783,18,16,2.0,114,0.027475773999981357,2,1433,1431,1433,104,1,1,60,4,2,0.0874020040000687
s1_1000,S1-708368208,S3,US,selective_v1,0,39,1852,21,0,3,0,3,0.028176950000101897,18,16,2.0,110,0.028941532999965602,3,1598,1595,1598,113,1,1,60,3,3,0.09903839000003245
s1_1000,S1-728715860,S2,US,selective_v1,0,51,3004,36,1,2,2,3,0.021363332000078117,24,15,3.0,218,0.0228259010000329,1,2825,2824,2825,110,1,1,60,1,1,0.1422642850000102
s1_1000,S1-728715860,S3,US,selective_v1,0,50,3579,36,3,3,3,6,0.03228850900006819,24,18,6.0,400,0.033772084999895924,2,3297,3295,3297,107,1,1,60,2,2,0.17965275500000644
s1_1000,S1-728437419,S2,India,selective_v1,0,49,1219,45,6,4,3,10,0.0345792660002644,24,7,16.0,199,0.0357293980000577,0,1215,1215,1215,118,1,1,60,0,0,0.09896644499997365
s1_1000,S1-728437419,S3,India,selective_v1,0,47,1628,45,3,12,7,15,0.05459997800016936,23,13,8.0,454,0.055852041999969515,0,1463,1463,1463,108,1,1,60,1,0,0.1297532170000295
s1_1000,S1-94056942,S2,US,selective_v1,0,51,922,45,3,7,0,10,0.04337686999997459,24,17,7.0,166,0.04450461300007191,1,637,636,637,98,1,1,60,1,1,0.07211538800004291
s1_1000,S1-94056942,S3,US,selective_v1,0,50,696,45,3,9,3,12,0.04380809500014493,24,18,6.0,295,0.04491577100009181,1,457,456,457,97,1,1,60,1,1,0.06589473500002896
s1_1000,S1-626087188,S2,US,selective_v1,0,41,1494,28,1,6,2,7,0.031737828999780504,19,17,2.0,262,0.032503982999969594,64,1039,1037,1101,156,1,1,60,1,42,0.07881902300005095
s1_1000,S1-626087188,S3,US,selective_v1,0,37,1448,28,3,6,2,9,0.020555963999754567,17,14,3.0,98,0.021251461000019845,56,933,928,984,140,1,1,60,3,46,0.06418784899994989
s1_1000,S1-982554289,S2,India,selective_v1,0,49,1192,66,6,23,10,29,0.049551456000017424,24,14,10.0,615,0.05103622099989025,2,929,927,929,113,1,1,60,3,2,0.12453055199989649
s1_1000,S1-982554289,S3,India,selective_v1,0,49,1161,66,3,21,0,24,0.061771659000100954,24,14,9.0,674,0.06339876599997751,3,936,933,936,115,1,1,60,1,3,0.11334220300000197
s1_1000,S1-650945498,S2,US,selective_v1,0,44,521,28,1,4,2,5,0.020148554999991575,21,18,2.0,195,0.020841079999968315,2,420,418,420,79,1,1,60,2,2,0.03943078300005709
s1_1000,S1-650945498,S3,US,selective_v1,0,44,564,28,1,4,2,5,0.020707103999939136,21,11,2.0,236,0.021413515000062944,0,484,484,484,89,1,1,60,0,0,0.04214694600000257
s1_1000,S1-223141947,S2,US,selective_v1,0,38,662,21,0,3,0,3,0.01890103000016552,18,15,0.0,270,0.019734533000018928,0,587,587,587,87,1,1,60,1,0,0.04433650999999372
s1_1000,S1-223141947,S3,US,selective_v1,0,36,765,21,0,4,0,4,0.017131720999941535,17,14,0.0,293,0.017832244000032915,0,678,678,678,92,1,1,60,1,0,0.047716410000020915
s1_1000,S1-939186499,S2,US,selective_v1,0,29,356,15,0,1,0,1,0.015640820999919924,14,12,2.0,91,0.016054740000072343,1,310,309,310,82,1,1,60,1,1,0.02992002999997112
s1_1000,S1-939186499,S3,US,selective_v1,0,27,397,15,0,2,0,2,0.015154288000189808,13,12,1.0,141,0.015551961000028314,1,350,349,350,82,1,1,60,2,1,0.030995281999935287
s1_1000,S1-717657945,S2,US,selective_v1,0,38,595,21,0,3,0,3,0.03533686699961436,18,17,0.0,413,0.035999543999992056,0,482,482,482,98,1,1,60,1,0,0.05613688599999023
s1_1000,S1-717657945,S3,US,selective_v1,0,38,572,21,0,3,0,3,0.03734170499967604,18,18,0.0,374,0.03795804499998212,0,446,446,446,86,1,1,60,2,0,0.05769564999991417
s1_1000,S1-229514919,S2,US,selective_v1,0,44,649,28,0,4,2,4,0.06204942700014726,22,18,4.0,593,0.06325110900002073,0,593,593,593,112,1,1,60,1,0,0.08813110299990967
s1_1000,S1-229514919,S3,US,selective_v1,0,34,344,28,1,8,2,9,0.04456865600002402,17,13,4.0,330,0.04513351600007809,0,330,330,330,112,1,1,60,1,0,0.05998800199995458
s1_1000,S1-175958937,S2,India,selective_v1,0,50,2623,55,6,12,4,18,0.040040061999889076,24,13,10.0,234,0.04163316200003919,3,2385,2382,2385,114,1,1,60,0,3,0.16697991199998796
s1_1000,S1-175958937,S3,India,selective_v1,0,50,2770,55,3,12,0,15,0.05637854099950346,24,14,9.0,544,0.058086643000024196,7,2561,2554,2561,118,1,1,60,0,7,0.19391369599998143
s1_1000,S1-408524377,S2,India,selective_v1,0,52,1109,78,10,11,0,21,0.01950700700001562,24,20,4.0,224,0.021434257999999318,5,597,592,597,104,1,1,60,1,5,0.05537013399998614
s1_1000,S1-408524377,S3,India,selective_v1,0,52,1015,78,6,18,0,24,0.032445167999981095,24,21,2.0,413,0.034399641000049996,13,726,713,726,89,1,1,60,2,13,0.07237474800001564
s1_1000,S1-556310487,S2,US,selective_v1,0,32,2452,15,0,0,0,0,0.014331162999837943,15,11,2.0,71,0.014950840000096832,0,2434,2434,2434,118,1,1,60,1,0,0.12114476100009597
s1_1000,S1-556310487,S3,US,selective_v1,0,31,204,15,0,0,0,0,0.014832031000310053,15,10,2.0,116,0.015244361999975808,1,186,185,186,80,1,1,60,1,1,0.024983300000030795
s1_1000,S1-447515688,S2,India,selective_v1,0,49,819,78,21,7,0,28,0.03459459099974538,24,15,9.0,404,0.03650465800001257,7,548,541,548,87,1,1,60,2,7,0.06477433300005941
s1_1000,S1-447515688,S3,India,selective_v1,0,49,745,78,10,22,0,32,0.041931504999865865,24,14,10.0,427,0.04356121999990137,2,576,574,576,92,1,1,60,3,2,0.07265261100008047
s1_1000,S1-469262072,S2,US,selective_v1,0,51,435,36,1,2,4,3,0.013714232999859632,24,11,2.0,315,0.014728963000038675,0,402,402,402,82,1,1,60,0,0,0.0327558690000842
s1_1000,S1-469262072,S3,US,selective_v1,0,50,624,36,3,3,3,6,0.020569253000189747,24,19,2.0,495,0.02163295000002563,0,535,535,535,83,1,1,60,1,0,0.04551881500003674
s1_1000,S1-910511213,S2,India,selective_v1,0,42,661,66,10,22,13,32,0.05141224600026817,21,12,9.0,605,0.05260975500004861,2,605,605,607,105,1,1,60,1,2,0.08312158999990515
s1_1000,S1-910511213,S3,India,selective_v1,0,46,980,66,6,27,10,33,0.06868691999989096,23,16,7.0,892,0.07014839199996459,4,896,892,896,113,1,1,60,1,4,0.11493944900007591
s1_1000,S1-568262604,S2,India,selective_v1,0,54,347,120,21,14,0,35,0.010565772000177276,24,21,2.0,113,0.013215853000019706,1,212,211,212,80,1,1,60,2,1,0.02452591200005827
s1_1000,S1-568262604,S3,India,selective_v1,0,54,367,120,21,14,0,35,0.012135454000031132,24,20,2.0,135,0.014801828000031492,0,235,235,235,103,1,1,60,1,0,0.026939658999936
s1_1000,S1-3965597,S2,India,selective_v1,0,50,612,120,28,37,32,65,0.011673561000520749,23,22,0.0,101,0.01328905900004429,0,448,448,448,88,1,1,60,2,0,0.03699731699998665
s1_1000,S1-3965597,S3,India,selective_v1,0,52,876,120,21,39,0,60,0.03765531000021838,24,24,0.0,469,0.04015967299994827,0,770,770,770,94,1,1,60,1,0,0.08126112799993734
s1_1000,S1-712267907,S2,US,selective_v1,0,48,662,36,3,6,4,9,0.03169555700003457,23,17,6.0,185,0.03256706199999826,0,511,511,511,101,1,1,60,2,0,0.05465736199994353
s1_1000,S1-712267907,S3,US,selective_v1,0,48,534,36,3,6,4,9,0.033202595000147994,23,16,7.0,30,0.03404315000000224,1,364,363,364,80,1,1,60,1,1,0.05028282799992212
s1_1000,S1-571269849,S2,US,selective_v1,0,42,746,45,6,12,7,18,0.0442767949998597,20,17,3.0,432,0.04521959399994557,1,511,510,511,104,1,1,60,2,1,0.06779935400004433
s1_1000,S1-571269849,S3,US,selective_v1,0,42,799,45,6,12,7,18,0.04716206500017961,20,17,3.0,461,0.048332388000062565,1,545,544,545,110,1,1,60,2,1,0.07276592300001994
s1_1000,S1-53898759,S2,US,selective_v1,0,20,269,15,1,4,0,5,0.027395113999887144,10,8,1.0,257,0.027758164000033503,33,258,257,290,125,1,1,60,2,33,0.04093381400002727
s1_1000,S1-53898759,S3,US,selective_v1,0,20,156,15,1,4,0,5,0.030776145000004362,10,8,2.0,139,0.031082420000075217,26,140,139,165,110,1,1,60,3,26,0.03852413000004162
s1_1000,S1-925577931,S2,US,selective_v1,0,51,892,36,1,7,4,8,0.03291056300031414,24,21,3.0,354,0.05765269300002274,0,592,592,592,101,1,1,60,1,0,0.08323745299992424
s1_1000,S1-925577931,S3,US,selective_v1,0,47,901,36,1,9,4,10,0.02844788299978518,22,21,1.0,388,0.029642846000001555,1,605,604,605,107,1,1,60,2,1,0.05690036200007853
s1_1000,S1-607322610,S2,India,selective_v1,0,48,263,45,3,12,8,15,0.011442017999797827,22,10,2.0,189,0.012328454999988026,2,209,207,209,80,1,1,60,0,2,0.0232809389999602
s1_1000,S1-607322610,S3,India,selective_v1,0,50,552,45,3,12,7,15,0.028608121000388564,23,20,1.0,391,0.029598266999983025,14,437,423,437,78,1,1,60,3,14,0.05184562699992057
s1_1000,S1-617480537,S2,US,selective_v1,0,51,772,36,0,2,4,2,0.01922179299981508,24,17,0.0,140,0.02055864700002985,3,696,693,696,84,1,1,60,3,3,0.05013812299989695
s1_1000,S1-617480537,S3,US,selective_v1,0,50,946,36,1,5,4,6,0.03317163400026857,24,24,0.0,349,0.03454705900003319,5,837,832,837,103,1,1,60,3,5,0.0708608859999913
s1_1000,S1-617714375,S2,US,selective_v1,0,44,2420,21,1,0,0,1,0.01296956599992427,20,15,3.0,0,0.01380272899996271,0,2203,2203,2203,105,1,1,60,1,0,0.1063480969999091
s1_1000,S1-617714375,S3,US,selective_v1,0,44,2813,21,1,0,0,1,0.012905457000101705,20,13,3.0,0,0.013728318000062245,0,2550,2550,2550,105,1,1,60,0,0,0.1275070899999946
s1_1000,S1-548687090,S2,India,selective_v1,0,54,492,66,6,14,0,20,0.00810670399926039,24,21,0.0,40,0.009482293000019126,1,240,239,240,87,1,1,60,1,1,0.023629335999999057
s1_1000,S1-548687090,S3,India,selective_v1,0,54,476,66,6,8,0,14,0.011901650000027075,24,18,2.0,76,0.013516299999992043,1,272,271,272,84,1,1,60,1,1,0.027408988999923167
s1_1000,S1-703174498,S2,India,selective_v1,0,51,1219,66,6,17,0,23,0.03717872300012459,24,17,6.0,280,0.038804148999929566,10,906,896,906,113,1,1,60,0,10,0.08597852699995201
s1_1000,S1-703174498,S3,India,selective_v1,0,51,1418,66,3,22,0,25,0.05164073099979305,24,21,3.0,576,0.053555215000073986,9,1091,1082,1091,102,1,1,60,4,9,0.10903956900006051
s1_1000,S1-785764526,S2,India,selective_v1,0,52,586,55,1,7,0,8,0.023281655000118917,24,20,2.0,281,0.024749788000008266,1,492,491,492,78,1,1,60,1,1,0.05053428700000495
s1_1000,S1-785764526,S3,India,selective_v1,0,52,818,55,1,5,0,6,0.027836427999886837,24,21,2.0,551,0.029639068999927076,2,747,745,747,79,1,1,60,2,2,0.06680713699995522
s1_1000,S1-376767576,S2,US,selective_v1,0,46,445,28,1,2,3,3,0.02123599699996248,22,17,3.0,323,0.022077974000012546,0,404,404,404,89,1,1,60,2,0,0.03977600899997924
s1_1000,S1-376767576,S3,US,selective_v1,0,44,323,28,1,4,2,5,0.019646627000156514,21,19,2.0,186,0.020330531000013252,0,265,265,265,78,1,1,60,2,0,0.032311297000092054
s1_1000,S1-879036575,S2,US,selective_v1,0,28,306,15,0,1,0,1,0.014320011999870985,14,9,2.0,286,0.014783881999960613,91,302,286,377,128,1,1,60,1,35,0.030731682999999066
s1_1000,S1-879036575,S3,US,selective_v1,0,28,338,15,0,1,0,1,0.016027323999878718,14,12,2.0,313,0.016503393999983018,119,323,313,432,118,1,1,60,2,28,0.03471486500006904
s1_1000,S1-137109332,S2,India,selective_v1,0,49,1211,55,21,0,12,21,0.007666593999829274,22,22,0.0,0,0.008766139000044859,1,546,545,546,86,1,1,60,2,1,0.03616121999993993
s1_1000,S1-137109332,S3,India,selective_v1,0,49,1018,55,15,6,12,21,0.007433360000391076,22,19,0.0,0,0.00844673699998566,0,559,559,559,87,1,1,60,2,0,0.03593678599997929
s1_1000,S1-74161638,S2,US,selective_v1,0,52,1614,55,1,6,0,7,0.04212823299997126,24,18,1.0,251,0.04403435599999739,0,1474,1474,1474,110,1,1,60,1,0,0.10708845300007397
s1_1000,S1-74161638,S3,US,selective_v1,0,51,1838,55,3,11,0,14,0.052235787999734384,24,24,0.0,420,0.05386805099999492,1,1590,1589,1590,115,1,1,60,1,1,0.1226723539999739
s1_1000,S1-812960792,S2,India,selective_v1,0,50,1021,105,21,36,0,57,0.05022726200024863,24,22,2.0,524,0.052185828999995465,2,639,637,639,100,1,1,60,3,2,0.08728232099997513
s1_1000,S1-812960792,S3,India,selective_v1,0,50,787,105,15,40,0,55,0.05939697700011948,24,21,3.0,465,0.06120598899997276,1,582,581,582,108,1,1,60,3,1,0.09315483800003221
s1_1000,S1-371328674,S2,India,selective_v1,0,48,475,55,6,14,12,20,0.03011215500009712,23,11,4.0,421,0.031344843000056244,0,430,430,430,54,0,0,54,0,0,0.05354508799996438
s1_1000,S1-371328674,S3,India,selective_v1,0,50,384,55,1,12,0,13,0.04763137500015091,24,14,7.0,287,0.04894082199996319,0,300,300,300,90,1,1,60,1,0,0.0640821680000272
s1_1000,S1-30617375,S2,India,selective_v1,0,49,593,105,15,21,0,36,0.031071033999864994,24,15,9.0,451,0.0333043399999724,2,519,517,519,111,1,1,60,2,2,0.060392217999947206
s1_1000,S1-30617375,S3,India,selective_v1,0,49,672,105,6,29,0,35,0.035053523999749814,24,14,7.0,565,0.03737337400002616,2,621,619,621,111,1,1,60,3,2,0.06914660600000389
s1_1000,S1-573726315,S2,US,selective_v1,0,17,166,10,0,2,0,2,0.00856272000021363,8,8,0.0,97,0.008798130000059246,84,157,146,230,108,1,1,60,1,30,0.01846455599991259
s1_1000,S1-573726315,S3,US,selective_v1,0,17,166,10,0,2,0,2,0.010034786000119311,8,6,0.0,102,0.010261088999982348,93,158,145,238,108,1,1,60,1,32,0.020405311999979858
s1_1000,S1-354085195,S2,India,selective_v1,0,52,1426,105,21,21,0,42,0.031061410999882355,24,23,1.0,380,0.033341382999992675,1,936,935,936,110,1,1,60,1,1,0.08003325599997879
s1_1000,S1-354085195,S3,India,selective_v1,0,52,1554,105,6,27,0,33,0.04559796400008054,24,21,3.0,412,0.048230833000047824,2,1006,1004,1006,104,1,1,60,5,2,0.09876078599995708
s1_1000,S1-770102800,S2,US,selective_v1,0,24,473,15,0,4,0,4,0.03298326800018003,11,10,1.0,184,0.033338705999995,0,314,314,314,89,1,1,60,2,0,0.07106289199998628
s1_1000,S1-770102800,S3,US,selective_v1,0,24,524,15,0,4,0,4,0.03553204100012408,11,10,1.0,186,0.03590729600000486,3,330,327,330,87,1,1,60,4,3,0.05099065199999586
s1_1000,S1-459488906,S2,US,selective_v1,0,32,185,21,1,4,0,5,0.036425748000056046,16,8,6.0,173,0.03686331100004736,12,185,173,185,93,1,1,60,0,12,0.045036246000108804
s1_1000,S1-459488906,S3,US,selective_v1,0,32,240,21,1,4,0,5,0.03735540599996057,16,10,6.0,214,0.037810513999943396,16,230,214,230,103,1,1,60,0,16,0.048138290999986566
s1_1000,S1-791044420,S2,US,selective_v1,0,38,331,21,0,3,0,3,0.031594399999903544,18,11,3.0,166,0.0320941390000371,33,250,217,250,93,1,1,60,1,33,0.043182160000014846
s1_1000,S1-791044420,S3,US,selective_v1,0,38,333,21,0,3,0,3,0.03386167100006787,18,10,3.0,191,0.03437979699992866,34,262,228,262,79,1,1,60,1,34,0.045967382999947404
s1_1000,S1-557931744,S2,US,selective_v1,0,54,587,45,1,2,0,3,0.007627075999835142,24,16,0.0,123,0.008916558999999324,1,484,483,484,95,1,1,60,3,1,0.030060715999979948
s1_1000,S1-557931744,S3,US,selective_v1,0,53,935,45,3,6,0,9,0.027863706000289312,24,18,2.0,326,0.029448988000012832,0,631,631,631,90,1,1,60,1,0,0.057879783999965184
s1_1000,S1-322467193,S2,US,selective_v1,0,39,351,21,0,2,0,2,0.03799646500010567,19,12,2.0,267,0.03858333599998787,0,336,336,336,101,1,1,60,0,0,0.053326358999925105
s1_1000,S1-322467193,S3,US,selective_v1,0,39,273,21,0,2,0,2,0.04009448399995108,19,14,3.0,183,0.04063235499995699,0,253,253,253,96,1,1,60,0,0,0.05223789600006512
s1_1000,S1-866419638,S2,India,selective_v1,0,53,639,55,6,8,0,14,0.008633511999619259,24,23,0.0,50,0.009914748999904077,1,412,411,412,115,1,1,60,0,1,0.03051679800000784
s1_1000,S1-866419638,S3,India,selective_v1,0,52,902,45,1,8,0,9,0.027371255999810273,24,19,1.0,168,0.028534092999962013,2,572,570,572,98,1,1,60,1,2,0.05696227299995371
s1_1000,S1-813797494,S2,India,selective_v1,0,51,1762,105,10,20,0,30,0.04685762499980228,24,17,7.0,573,0.049584536999986994,6,1530,1530,1536,120,1,1,60,3,6,0.13267564599993875
s1_1000,S1-813797494,S3,India,selective_v1,0,51,1692,105,3,25,0,28,0.04614484700016419,24,17,6.0,427,0.04900981299999785,10,1389,1379,1389,118,1,1,60,1,10,0.1210758720000058
s1_1000,S1-955186399,S2,US,selective_v1,0,51,1112,36,1,3,4,4,0.02349489300024743,24,22,2.0,241,0.024563937000039004,0,989,989,989,110,1,1,60,2,0,0.06584604199997557
s1_1000,S1-955186399,S3,US,selective_v1,0,51,1177,36,1,3,4,4,0.024317389000657386,24,22,2.0,226,0.02545795300000009,1,1021,1020,1021,107,1,1,60,1,1,0.07048915699999725
s1_1000,S1-520103019,S2,US,selective_v1,0,42,1087,21,0,1,0,1,0.017180057999894416,20,14,1.0,368,0.017929249999951935,32,933,901,933,109,1,1,60,0,32,0.057051741000009315
s1_1000,S1-520103019,S3,US,selective_v1,0,42,1070,21,0,1,0,1,0.017928457999914826,20,14,1.0,365,0.018664691000026323,29,923,894,923,100,1,1,60,0,29,0.05834253299997272
s1_1000,S1-258185803,S2,India,selective_v1,0,52,1154,120,6,22,0,28,0.02275833600003807,24,20,4.0,268,0.025980104999916875,8,928,920,928,115,1,1,60,2,8,0.07511738400000922
s1_1000,S1-258185803,S3,India,selective_v1,0,52,1322,120,3,27,0,30,0.029255460999934257,24,20,2.0,496,0.03251158800003395,12,1174,1162,1174,117,1,1,60,1,12,0.09302078000007441
s1_1000,S1-773472108,S2,US,selective_v1,0,39,901,21,1,2,0,3,0.012250635999976112,18,13,1.0,134,0.012812724000013986,0,674,674,674,84,1,1,60,0,0,0.041104836000045
s1_1000,S1-773472108,S3,US,selective_v1,0,39,958,21,1,2,0,3,0.012784571999759464,18,9,1.0,135,0.013317156999960389,0,720,720,720,85,1,1,60,0,0,0.044226025000057234
s1_1000,S1-790850301,S2,US,selective_v1,0,50,369,36,1,4,4,5,0.021855921999986094,24,19,5.0,257,0.022778158999926745,0,284,284,284,78,1,1,60,2,0,0.035429678000014064
s1_1000,S1-790850301,S3,US,selective_v1,0,50,601,36,1,4,4,5,0.022391880999862224,24,20,4.0,453,0.023444554999969114,0,482,482,482,77,1,1,60,2,0,0.04410490899999786
s1_1000,S1-588443658,S2,US,selective_v1,0,27,872,15,0,2,0,2,0.018389499999898362,13,12,1.0,130,0.01895854200006397,2,799,797,799,96,1,1,60,3,2,0.05131960399990021
s1_1000,S1-588443658,S3,US,selective_v1,0,27,920,15,0,2,0,2,0.020065000999920812,13,9,1.0,149,0.020534281999971427,2,854,852,854,87,1,1,60,4,2,0.0568941269999641
s1_1000,S1-480966375,S2,US,selective_v1,0,53,849,45,1,6,0,7,0.023163580999835176,24,22,2.0,71,0.02425220600002831,0,490,490,490,100,1,1,60,1,0,0.045573377999971854
s1_1000,S1-480966375,S3,US,selective_v1,0,53,876,45,1,6,0,7,0.024226859000123113,24,21,2.0,81,0.025364770999999564,0,514,514,514,105,1,1,60,1,0,0.04797699799996735
s1_1000,S1-843890090,S2,India,selective_v1,0,53,959,78,15,6,0,21,0.011007652999637685,24,18,5.0,0,0.012750025999935133,1,777,776,777,113,1,1,60,2,1,0.05197689800002081
s1_1000,S1-843890090,S3,India,selective_v1,0,52,923,66,10,9,0,19,0.015551839000181644,24,16,7.0,0,0.01696080199997141,2,709,707,709,105,1,1,60,3,2,0.05190576199993302
s1_1000,S1-61871677,S2,US,selective_v1,0,35,722,45,6,17,6,23,0.035095848999958434,16,15,1.0,294,0.03577681800004484,59,458,453,512,158,1,1,60,4,53,0.05807868099998359
s1_1000,S1-61871677,S3,US,selective_v1,0,24,755,36,6,17,2,23,0.0383794360001275,11,10,1.0,343,0.03891520800004855,53,510,508,561,159,1,1,60,1,51,0.06334400800005824
s1_1000,S1-260598709,S2,US,selective_v1,0,43,2178,28,1,4,2,5,0.03365928699986398,21,18,3.0,467,0.034791512999959195,2,1979,1977,1979,93,1,1,60,3,2,0.11726396200003819
s1_1000,S1-260598709,S3,US,selective_v1,0,41,2209,28,3,3,2,6,0.028807911000058084,20,15,4.0,405,0.029811098999971364,1,2142,2141,2142,108,1,1,60,2,1,0.14877655300006154
s1_1000,S1-845153701,S2,US,selective_v1,0,50,1116,45,1,11,0,12,0.04715085500004079,24,17,6.0,449,0.04847589899998184,1,790,790,791,103,1,1,60,1,1,0.08292830699997467
s1_1000,S1-845153701,S3,US,selective_v1,0,50,972,45,1,11,0,12,0.04935826000007637,24,16,7.0,336,0.05053805000000011,2,675,674,676,112,1,1,60,1,2,0.08086020700000063
s1_1000,S1-849079218,S2,US,selective_v1,0,34,2257,15,0,0,0,0,0.005299528000136888,15,13,0.0,26,0.005852642000036212,1,2176,2175,2176,112,1,1,60,2,1,0.09515120900005059
s1_1000,S1-849079218,S3,US,selective_v1,0,34,2969,15,0,0,0,0,0.005932800999744359,15,14,0.0,44,0.0065549970000802205,0,2867,2867,2867,112,1,1,60,1,0,0.1320590400000583
s1_1000,S1-182087716,S2,US,selective_v1,0,44,1279,28,1,4,2,5,0.030714728000248215,21,15,2.0,187,0.03157408800007033,0,1054,1054,1054,115,1,1,60,0,0,0.07603142899995419
s1_1000,S1-182087716,S3,US,selective_v1,0,44,1344,28,1,4,2,5,0.032241218999729426,21,19,2.0,214,0.03315507999991496,1,1095,1094,1095,113,1,1,60,1,1,0.08193576500002564
s1_1000,S1-143018597,S2,US,selective_v1,0,42,524,21,0,1,0,1,0.03643693600008646,20,20,0.0,256,0.03703137100001186,3,460,457,460,114,1,1,60,3,3,0.05694553399996494
s1_1000,S1-143018597,S3,US,selective_v1,0,40,514,21,0,2,0,2,0.0306291010001587,19,19,0.0,235,0.031209837999995216,1,452,451,452,117,1,1,60,2,1,0.05099335400007021
s1_1000,S1-497491595,S2,US,selective_v1,0,49,332,28,0,2,3,2,0.01843388500014953,23,12,2.0,160,0.01914307100003043,0,241,241,241,106,1,1,60,1,0,0.02960772000005818
s1_1000,S1-497491595,S3,US,selective_v1,0,49,399,28,0,2,3,2,0.018823921000375776,23,17,2.0,176,0.019561194000061732,1,264,263,264,87,1,1,60,3,1,0.031096337000008134
s1_1000,S1-840845463,S2,US,selective_v1,0,25,310,15,0,3,0,3,0.016055385999720784,12,10,1.0,199,0.016412466000019776,0,268,268,268,87,1,1,60,2,0,0.028005415999928118
s1_1000,S1-840845463,S3,US,selective_v1,0,25,382,15,0,3,0,3,0.01749591399993733,12,10,1.0,237,0.017880880000006982,1,325,324,325,87,1,1,60,1,1,0.031816004000006615
s1_1000,S1-514427791,S2,US,selective_v1,0,32,668,15,1,0,0,1,0.005642162999947686,14,13,1.0,70,0.006029358999967371,5,321,316,321,76,1,1,60,3,5,0.020223284999929092
s1_1000,S1-514427791,S3,US,selective_v1,0,32,755,15,1,0,0,1,0.00591268100004072,14,13,1.0,70,0.006312617000048704,2,353,351,353,76,1,1,60,1,2,0.02164259200003471
s1_1000,S1-707712795,S2,India,selective_v1,0,51,484,55,3,6,0,9,0.027036842999905275,24,23,1.0,403,0.028520194000066112,3,407,404,407,117,1,1,60,1,3,0.04916717899993728
s1_1000,S1-707712795,S3,India,selective_v1,0,51,390,55,1,7,0,8,0.03276337700026488,24,18,2.0,331,0.034264894999978424,4,337,333,337,114,1,1,60,3,4,0.05124246499997298
s1_1000,S1-566917738,S2,India,selective_v1,0,46,397,36,1,9,4,10,0.020778748999873642,22,19,2.0,195,0.02153967599997486,2,274,272,274,88,1,1,60,1,2,0.03543784999999389
s1_1000,S1-566917738,S3,India,selective_v1,0,50,577,36,0,7,4,7,0.03676561600036621,24,22,2.0,451,0.03774941599999693,3,522,519,522,104,1,1,60,1,3,0.06390054799999234
s1_1000,S1-959142386,S2,US,selective_v1,0,51,874,36,0,2,4,2,0.015959594000264588,24,15,3.0,30,0.01697645299998385,1,772,771,772,93,1,1,60,3,1,0.04948178600000119
s1_1000,S1-959142386,S3,US,selective_v1,0,51,1193,45,0,3,0,3,0.02168293999989146,24,16,2.0,179,0.023022918000037862,1,1079,1078,1079,85,1,1,60,2,1,0.07056202899991604
s1_1000,S1-635056779,S2,US,selective_v1,0,27,614,15,0,3,0,3,0.02191053399997145,12,12,0.0,273,0.02231280399996649,1,477,476,477,87,1,1,60,2,1,0.0429112309999482
s1_1000,S1-635056779,S3,US,selective_v1,0,27,729,15,0,3,0,3,0.02306363299987879,12,9,0.0,347,0.023785146000022905,0,586,586,586,87,1,1,60,2,0,0.048314817999994375
s1_1000,S1-918291535,S2,US,selective_v1,0,51,558,36,1,0,4,1,0.021024418000024525,24,20,4.0,426,0.022258050000004914,2,441,439,441,74,1,1,60,5,2,0.04129702800003088
s1_1000,S1-918291535,S3,US,selective_v1,0,51,524,36,3,0,4,3,0.024529688999678,24,20,4.0,461,0.02560057699997742,1,466,465,466,78,1,1,60,2,1,0.04617314500001157
s1_1000,S1-232298053,S2,US,selective_v1,0,44,549,21,0,1,0,1,0.0072716089998721145,20,19,1.0,177,0.007853021999949306,3,320,317,320,107,1,1,60,4,3,0.021889905999955772
s1_1000,S1-232298053,S3,US,selective_v1,0,44,431,21,0,1,0,1,0.007442196000056356,20,13,1.0,173,0.00796094500003619,1,297,296,297,88,1,1,60,2,1,0.020924733000015294
s1_1000,S1-972777978,S2,US,selective_v1,0,46,592,28,1,2,3,3,0.022649460000138788,22,18,3.0,343,0.023469112000043424,1,512,511,512,101,1,1,60,4,1,0.04570785900000374
s1_1000,S1-972777978,S3,US,selective_v1,0,46,480,28,1,2,3,3,0.02444455200009088,22,18,4.0,215,0.025275737000015397,1,388,387,388,93,1,1,60,2,1,0.042182208999975046
s1_1000,S1-939107867,S2,India,selective_v1,0,51,1135,91,10,24,0,34,0.03561443800060715,24,18,3.0,712,0.03766959299991868,5,793,788,793,115,1,1,60,3,5,0.0785271819999025
s1_1000,S1-939107867,S3,India,selective_v1,0,51,999,91,3,32,0,35,0.05159571100011817,24,20,3.0,793,0.053633358000070075,11,858,847,858,118,1,1,60,1,11,0.09555574900002739
s1_1000,S1-410986076,S2,US,selective_v1,0,40,746,36,1,12,4,13,0.0693569530003515,19,13,4.0,606,0.07020534599996608,44,667,666,710,138,1,1,60,0,44,0.10047492000001057
s1_1000,S1-410986076,S3,US,selective_v1,0,40,797,36,1,12,4,13,0.07314624999946773,19,11,4.0,642,0.07401670199999444,35,710,710,745,122,1,1,60,0,35,0.1074079879999772
s1_1000,S1-586341558,S2,India,selective_v1,0,48,759,91,15,29,24,44,0.021530412999823056,23,18,5.0,229,0.022985045000041282,36,481,479,515,129,1,1,60,4,36,0.0510962749999635
s1_1000,S1-586341558,S3,India,selective_v1,0,50,882,91,10,29,0,39,0.04015519799986578,24,17,7.0,529,0.042035100000020975,49,724,721,770,134,1,1,60,3,42,0.08158522999997331
s1_1000,S1-326725359,S2,US,selective_v1,0,44,1082,36,1,10,4,11,0.07546175999982552,21,18,3.0,337,0.07635027300000274,13,592,579,592,101,1,1,60,1,13,0.10198506300002919
s1_1000,S1-326725359,S3,US,selective_v1,0,44,1156,36,1,10,4,11,0.10044634800021868,21,18,3.0,388,0.1014187480000146,17,618,601,618,97,1,1,60,4,17,0.1286966669999856
s1_1000,S1-353308813,S2,US,selective_v1,0,30,2251,15,0,1,0,1,0.01725057399983143,14,11,3.0,47,0.01780906600004073,0,2222,2222,2222,114,1,1,60,2,0,0.11122942600002261
s1_1000,S1-353308813,S3,US,selective_v1,0,30,2688,15,0,1,0,1,0.01855235899984109,14,11,3.0,51,0.019138151999982256,1,2627,2626,2627,111,1,1,60,3,1,0.13292240199996286
s1_1000,S1-132364004,S2,India,selective_v1,0,55,1241,105,15,12,0,27,0.014863826999658158,24,16,3.0,130,0.017524638000054438,0,581,581,581,103,1,1,60,0,0,0.05067294400009814
s1_1000,S1-132364004,S3,India,selective_v1,0,55,827,105,10,16,0,26,0.014029788000016197,24,18,3.0,111,0.016612288000033004,1,485,484,485,110,1,1,60,1,1,0.04318002900004103
s1_1000,S1-198077365,S2,US,selective_v1,0,51,679,36,1,6,3,7,0.027691706000155136,24,14,4.0,209,0.028627346000007492,0,371,371,371,120,1,1,60,0,0,0.04511272899992491
s1_1000,S1-198077365,S3,US,selective_v1,0,51,820,36,1,6,3,7,0.029687713000271287,24,18,4.0,233,0.03069232000007105,1,428,427,428,117,1,1,60,1,1,0.049378695999962474
s1_1000,S1-272648186,S2,US,selective_v1,0,31,151,15,1,0,0,1,0.007509937999884642,14,12,2.0,69,0.007848828999954094,119,116,109,228,115,1,1,60,1,46,0.017408509000006234
s1_1000,S1-272648186,S3,US,selective_v1,0,19,154,10,1,0,0,1,0.007216135999897233,9,7,2.0,75,0.007453889999965213,112,126,118,230,116,1,1,60,2,47,0.017076695000014297
s1_1000,S1-20672382,S2,US,selective_v1,0,52,1131,78,1,9,0,10,0.03839321699979337,24,15,6.0,403,0.040764017000014974,12,789,777,789,109,1,1,60,2,12,0.07458527199992204
s1_1000,S1-20672382,S3,US,selective_v1,0,51,1039,78,3,17,0,20,0.058624626000096214,24,13,8.0,478,0.060578862999932426,6,752,752,758,113,1,1,60,0,6,0.09462020700004814
s1_1000,S1-835228831,S2,US,selective_v1,0,48,616,28,1,2,3,3,0.010176096000122925,22,20,2.0,129,0.010873126999968008,1,343,342,343,88,1,1,60,3,1,0.02591816899996502
s1_1000,S1-835228831,S3,US,selective_v1,0,48,602,28,1,2,3,3,0.010502708000217353,22,15,2.0,135,0.011217110999950819,0,346,346,346,97,1,1,60,2,0,0.02654646700000285
s1_1000,S1-851151897,S2,India,selective_v1,0,53,423,105,15,19,0,34,0.013775295999948867,24,21,3.0,150,0.015870916999915607,1,261,260,261,104,1,1,60,1,1,0.030311434999930498
s1_1000,S1-851151897,S3,India,selective_v1,0,53,461,105,10,18,0,28,0.01606331599987243,24,20,2.0,213,0.01843251600007534,1,320,319,320,105,1,1,60,3,1,0.03579237400003876
s1_1000,S1-423722776,S2,US,selective_v1,0,44,1096,28,1,4,2,5,0.03461528000036651,21,15,3.0,325,0.03544325200005005,0,938,938,938,117,1,1,60,0,0,0.07532155700005205
s1_1000,S1-423722776,S3,US,selective_v1,0,44,1146,28,1,4,2,5,0.035783937999667614,21,15,3.0,346,0.036651979999987816,0,981,981,981,112,1,1,60,2,0,0.08009230599998318
s1_1000,S1-542941807,S2,India,selective_v1,0,26,145,120,28,62,18,90,0.010171424000077423,12,11,1.0,0,0.010761099999967882,0,59,59,59,51,0,0,51,1,0,0.014998241000057533
s1_1000,S1-542941807,S3,India,selective_v1,0,36,556,120,15,70,18,85,0.040879548999782855,17,10,1.0,437,0.04192388299998129,0,498,498,498,103,1,1,60,0,0,0.06811271900005522
s1_1000,S1-77568999,S2,India,selective_v1,0,48,622,66,10,11,0,21,0.03413405500009503,24,15,9.0,573,0.03564789099993959,0,573,573,573,103,1,1,60,1,0,0.06416272499996012
s1_1000,S1-77568999,S3,India,selective_v1,0,48,922,66,6,21,13,27,0.0345315339999388,24,18,6.0,799,0.036033619000022554,4,799,799,803,98,1,1,60,1,4,0.07639194000000771
s1_1000,S1-281915633,S2,US,selective_v1,0,49,1084,28,0,2,3,2,0.026443178000363332,23,23,0.0,558,0.027435354999965966,3,883,880,883,90,1,1,60,3,3,0.0640628779999588
s1_1000,S1-281915633,S3,US,selective_v1,0,49,859,28,0,2,3,2,0.02745645299989974,23,18,2.0,336,0.028308186000003843,2,663,661,663,91,1,1,60,2,2,0.057229442999982894
s1_1000,S1-431297138,S2,India,selective_v1,0,48,1435,78,21,15,20,36,0.009291979999829891,22,22,0.0,0,0.010735782999972798,1,823,822,823,92,1,1,60,2,1,0.05414754499997798
s1_1000,S1-431297138,S3,India,selective_v1,0,48,1300,78,15,21,20,36,0.008761842000467368,22,21,0.0,0,0.010076927000000069,0,810,810,810,105,1,1,60,1,0,0.05087476699998206
s1_1000,S1-612842808,S2,US,selective_v1,0,39,536,28,1,6,2,7,0.030666852999956973,19,16,3.0,388,0.031398843000033594,0,491,491,491,118,1,1,60,1,0,0.05220847199996115
s1_1000,S1-612842808,S3,US,selective_v1,0,39,745,28,1,6,2,7,0.03371178999975655,19,17,2.0,536,0.0347827129999132,1,659,658,659,114,1,1,60,3,1,0.06261269200001607
s1_1000,S1-520412269,S2,India,selective_v1,0,51,3036,66,1,15,0,16,0.05444098599969038,24,23,1.0,412,0.05652100200006771,7,2674,2667,2674,107,1,1,60,5,7,0.19181060900007196
s1_1000,S1-520412269,S3,India,selective_v1,0,51,2474,66,0,10,0,10,0.052226100000098086,24,19,3.0,318,0.05428713699996024,8,2346,2338,2346,113,1,1,60,3,8,0.19985993900002086
s1_1000,S1-787210794,S2,US,selective_v1,0,35,934,21,1,4,0,5,0.015849162000108663,16,15,1.0,114,0.01637355699995169,2,454,452,454,94,1,1,60,3,2,0.037853667000035784
s1_1000,S1-787210794,S3,US,selective_v1,0,34,598,21,1,4,0,5,0.016233465999903274,16,13,1.0,121,0.016722512999990613,3,484,481,484,104,1,1,60,2,3,0.038144803000022875
s1_1000,S1-124462211,S2,US,selective_v1,0,52,741,45,1,7,0,8,0.01717756499999723,24,18,1.0,293,0.018415312000001904,0,644,644,644,90,1,1,60,1,0,0.04495976500004417
s1_1000,S1-124462211,S3,US,selective_v1,0,52,740,45,1,7,0,8,0.01883378099989841,24,22,2.0,223,0.02026767799998197,1,606,605,606,104,1,1,60,2,1,0.04649211799994646
s1_1000,S1-51865922,S2,US,selective_v1,0,44,375,21,0,1,0,1,0.00471087800008263,20,20,0.0,113,0.00523075700004938,0,236,236,236,89,1,1,60,3,0,0.015599754999925608
s1_1000,S1-51865922,S3,US,selective_v1,0,44,351,21,0,1,0,1,0.005092259999742055,20,20,0.0,130,0.005587697000009939,1,243,242,243,81,1,1,60,2,1,0.01630089200000384
s1_1000,S1-350834708,S2,India,selective_v1,0,50,964,91,21,14,0,35,0.02971367699979055,24,16,7.0,340,0.03178137700001571,3,686,683,686,115,1,1,60,0,3,0.06703279900000325
s1_1000,S1-350834708,S3,India,selective_v1,0,50,750,91,15,12,0,27,0.02703399800009265,24,12,11.0,194,0.029046769999922617,2,542,540,542,116,1,1,60,2,2,0.05796083199993518
s1_1000,S1-923292062,S2,US,selective_v1,0,53,1908,78,1,15,0,16,0.06540419400062092,24,19,2.0,351,0.06767795899997964,7,1554,1554,1561,123,1,1,60,4,7,0.13355995199992776
s1_1000,S1-923292062,S3,US,selective_v1,0,52,2328,78,10,20,0,30,0.05870894399993176,24,21,2.0,276,0.060653838000007454,8,1574,1574,1582,126,1,1,60,2,8,0.13064683300001434
s1_1000,S1-990218012,S2,US,selective_v1,0,30,950,15,0,1,0,1,0.009415015999707066,14,14,0.0,253,0.009894665000047098,1,883,882,883,98,1,1,60,1,1,0.045900997999979154
s1_1000,S1-990218012,S3,US,selective_v1,0,30,1034,15,0,1,0,1,0.009718399999997018,14,11,0.0,266,0.010204973999975664,2,946,944,946,91,1,1,60,3,2,0.050156174999983705
s1_1000,S1-423224877,S2,US,selective_v1,0,39,262,21,0,2,0,2,0.03477744199994959,19,12,1.0,252,0.035329798000020673,0,253,253,253,103,1,1,60,1,0,0.046808694999981526
s1_1000,S1-423224877,S3,US,selective_v1,0,39,206,21,0,2,0,2,0.03706881999971756,19,17,2.0,164,0.03757672000006096,1,167,166,167,110,1,1,60,2,1,0.04519441699994786
s1_1000,S1-878547730,S2,India,selective_v1,0,52,978,91,10,22,0,32,0.02531378599985601,24,21,2.0,189,0.027244921000033173,1,753,752,753,93,1,1,60,0,1,0.06535786999995707
s1_1000,S1-878547730,S3,India,selective_v1,0,51,1242,78,6,18,0,24,0.03456795100009913,24,20,4.0,280,0.036393714000041655,0,876,876,876,91,1,1,60,1,0,0.08076158200003647
s1_1000,S1-807591789,S2,US,selective_v1,0,48,809,28,1,2,3,3,0.008286502999908407,22,12,1.0,23,0.009024007999983041,94,633,631,725,128,1,1,60,4,44,0.040167656000107854
s1_1000,S1-807591789,S3,US,selective_v1,0,36,937,28,3,6,2,9,0.021714954000003672,17,11,3.0,157,0.022354875000019092,95,748,747,842,160,1,1,60,0,35,0.057854966000036256
s1_1000,S1-944458772,S2,India,selective_v1,0,52,1282,120,15,33,0,48,0.04544000700002471,24,24,0.0,476,0.047905432000106885,1,995,994,995,112,1,1,60,4,1,0.09948079999992387
s1_1000,S1-944458772,S3,India,selective_v1,0,52,1110,120,10,29,0,39,0.044793454999762616,24,22,2.0,483,0.04753795200008426,0,934,934,934,112,1,1,60,1,0,0.09460070700004053
s1_1000,S1-163959939,S2,India,selective_v1,0,51,2863,120,10,25,0,35,0.06102120300056413,24,22,2.0,592,0.06414161099996818,0,2609,2609,2609,113,1,1,60,3,0,0.19968520399993395
s1_1000,S1-163959939,S3,India,selective_v1,0,51,2602,120,1,23,0,24,0.06792442899995876,24,20,3.0,481,0.07135264099997585,0,2353,2353,2353,113,1,1,60,1,0,0.19123748499998783
s1_1000,S1-853088463,S2,India,selective_v1,0,48,786,45,6,8,8,14,0.01553226800012908,23,18,1.0,338,0.01658085700000811,0,491,491,491,87,1,1,60,0,0,0.0412237240000195
s1_1000,S1-853088463,S3,India,selective_v1,0,48,687,45,6,8,8,14,0.013240180000138935,23,21,2.0,213,0.014281933999996,1,402,401,402,85,1,1,60,1,1,0.033826129999965815
s1_1000,S1-419879346,S2,India,selective_v1,0,42,3007,78,15,27,16,42,0.04683307699986017,20,14,6.0,311,0.0482941090000395,0,2711,2711,2711,113,1,1,60,1,0,0.20727220599997054
s1_1000,S1-419879346,S3,India,selective_v1,0,44,2949,78,15,26,16,41,0.04544659500027137,21,15,6.0,310,0.04689328199992815,1,2652,2651,2652,104,1,1,60,3,1,0.18214661900003648
s1_1000,S1-614934580,S2,US,selective_v1,0,53,2395,45,0,4,0,4,0.015517965999833905,24,13,4.0,80,0.016967602000022453,0,2228,2228,2228,116,1,1,60,1,0,0.11428240400005052
s1_1000,S1-614934580,S3,US,selective_v1,0,52,2807,45,1,7,0,8,0.03451863799989496,24,16,6.0,292,0.03591858999993747,0,2673,2673,2673,118,1,1,60,1,0,0.1519013920000134
s1_1000,S1-151748140,S2,India,selective_v1,0,51,1210,120,10,33,0,43,0.053525903999798174,24,18,6.0,405,0.05609352399994805,5,975,975,980,100,1,1,60,2,5,0.11067439999999351
s1_1000,S1-151748140,S3,India,selective_v1,0,51,1341,120,6,34,0,40,0.05908543900011409,24,19,4.0,616,0.06198072300003332,11,1047,1036,1047,79,1,1,60,1,11,0.1149828829999251
s1_1000,S1-150168984,S2,India,selective_v1,0,39,457,55,10,16,10,26,0.02624459800006207,19,12,7.0,373,0.027096470000060435,5,419,414,419,114,1,1,60,1,5,0.04799797700002273
s1_1000,S1-150168984,S3,India,selective_v1,0,41,521,55,10,15,10,25,0.03584003000003122,20,13,7.0,451,0.036740393999934895,7,492,485,492,104,1,1,60,1,7,0.060570341000016015
s1_1000,S1-905791445,S2,US,selective_v1,0,40,2189,21,0,2,0,2,0.022746476999714105,19,18,1.0,182,0.02346936599997207,5,2017,2012,2017,98,1,1,60,5,5,0.10391771299998709
s1_1000,S1-905791445,S3,US,selective_v1,0,40,2341,21,0,2,0,2,0.024173748999714917,19,18,1.0,176,0.02494625300005282,4,2180,2176,2180,97,1,1,60,3,4,0.11631287300008353
s1_1000,S1-945761456,S2,US,selective_v1,0,53,2989,36,1,0,2,1,0.015124465000212695,24,15,2.0,101,0.0164363690000755,0,2815,2815,2815,113,1,1,60,1,0,0.13182115000006434
s1_1000,S1-945761456,S3,US,selective_v1,0,51,2887,36,3,0,4,3,0.02108258399971419,24,20,4.0,97,0.022314953999966747,1,2671,2670,2671,116,1,1,60,1,1,0.15801473800001986
s1_1000,S1-321236077,S2,India,selective_v1,0,53,781,91,3,12,0,15,0.015726401000051737,24,21,3.0,189,0.01810712999997577,1,515,514,515,96,1,1,60,2,1,0.043580416000054356
s1_1000,S1-321236077,S3,India,selective_v1,0,53,777,91,0,11,0,11,0.020803651000051104,24,20,4.0,284,0.02337682200004565,1,547,546,547,92,1,1,60,2,1,0.05029634699997132
s1_1000,S1-174693204,S2,US,selective_v1,0,39,303,21,1,2,0,3,0.012098186000457645,18,16,2.0,149,0.012568935999979658,1,236,235,236,79,1,1,60,1,1,0.02277675100003762
s1_1000,S1-174693204,S3,US,selective_v1,0,39,399,21,1,2,0,3,0.012070119000213708,18,16,2.0,164,0.01261642400004348,3,270,267,270,75,1,1,60,5,3,0.024636065999970924
s1_1000,S1-320198412,S2,India,selective_v1,0,47,1389,55,10,11,12,21,0.019647684999995363,22,17,5.0,105,0.020865759999992406,5,911,906,911,109,1,1,60,3,5,0.06620927200003734
s1_1000,S1-320198412,S3,India,selective_v1,0,43,1270,55,6,19,10,25,0.0239905840001029,20,17,3.0,196,0.025001481999993302,8,962,954,962,109,1,1,60,4,8,0.07182081300004484
s1_1000,S1-936476958,S2,US,selective_v1,0,29,229,15,0,1,0,1,0.012086365999948612,14,10,1.0,202,0.012444634999951631,1,217,216,217,81,1,1,60,2,1,0.021797964000029424
s1_1000,S1-936476958,S3,US,selective_v1,0,29,249,15,0,1,0,1,0.013275324000233013,14,10,1.0,231,0.013647782000020925,0,239,239,239,81,1,1,60,1,0,0.024360844000057114
s1_1000,S1-238039681,S2,US,selective_v1,0,19,1808,15,3,3,0,6,0.014538930000185246,9,7,2.0,270,0.015093918000047779,53,1696,1696,1749,157,1,1,60,1,48,0.08789612800001123
s1_1000,S1-238039681,S3,US,selective_v1,0,19,1954,15,3,3,0,6,0.015253008999934536,9,6,3.0,161,0.01574632599999859,82,1850,1850,1932,154,1,1,60,4,53,0.09740721299999677
s1_1000,S1-977335915,S2,India,selective_v1,0,34,366,28,3,7,2,10,0.007923926999978903,16,12,4.0,21,0.008358573000009528,0,233,233,233,79,1,1,60,2,0,0.020504823999999644
s1_1000,S1-977335915,S3,India,selective_v1,0,36,524,28,3,6,2,9,0.012981543999558198,17,13,4.0,122,0.013542179000069154,0,342,342,342,76,1,1,60,3,0,0.03031571899998653
s1_1000,S1-619845474,S2,India,selective_v1,0,51,1032,78,15,18,12,33,0.02714036199995462,24,20,4.0,151,0.02865208499997607,0,424,424,424,93,1,1,60,3,0,0.04992005600001903
s1_1000,S1-619845474,S3,India,selective_v1,0,51,951,78,15,18,12,33,0.026993208000362756,24,21,2.0,272,0.028523426999981893,2,499,497,499,100,1,1,60,4,2,0.05283405100010441
s1_1000,S1-261965094,S2,US,selective_v1,0,46,538,21,0,0,0,0,0.005746980000139956,21,7,1.0,16,0.0062642629999345445,4,526,526,530,95,1,1,60,1,4,0.02804957499995453
s1_1000,S1-261965094,S3,US,selective_v1,0,38,552,21,0,3,0,3,0.011270496999713941,18,11,3.0,59,0.011774397000067438,5,476,475,480,87,1,1,60,2,5,0.03189955400000599
s1_1000,S1-693690841,S2,US,selective_v1,0,33,263,21,1,4,0,5,0.016099553000003652,16,12,2.0,188,0.01654445000008309,0,241,241,241,101,1,1,60,3,0,0.026456519000021217
s1_1000,S1-693690841,S3,US,selective_v1,0,33,264,21,1,4,0,5,0.017467693999947187,16,14,2.0,195,0.017898393999985274,1,233,232,233,103,1,1,60,3,1,0.027591556000061246
s1_1000,S1-717391267,S2,US,selective_v1,0,42,406,28,1,4,2,5,0.027001760999723956,21,18,3.0,359,0.027706944999977168,11,359,359,370,104,1,1,60,1,11,0.04335812599993005
s1_1000,S1-717391267,S3,US,selective_v1,0,42,441,28,1,4,2,5,0.028723463000233096,21,15,3.0,409,0.02945906599995851,5,409,409,414,99,1,1,60,0,5,0.04757670699996197
s1_1000,S1-783653290,S2,India,selective_v1,0,55,3273,120,10,15,0,25,0.019025382999871,24,23,0.0,28,0.022285841999973854,1,2911,2910,2911,114,1,1,60,1,1,0.17248301200004335
s1_1000,S1-783653290,S3,India,selective_v1,0,55,3638,120,10,20,0,30,0.028321286999698714,24,18,0.0,122,0.03154211399998985,2,3293,3291,3293,117,1,1,60,3,2,0.19614607799996975
s1_1000,S1-953535957,S2,US,selective_v1,0,37,3016,28,0,8,2,8,0.06975843999987319,18,16,2.0,514,0.07082077600000503,18,2902,2884,2902,114,1,1,60,3,18,0.21925750699995206
s1_1000,S1-953535957,S3,US,selective_v1,0,34,693,28,0,9,2,9,0.06593798599988077,17,15,2.0,610,0.06669955400002436,26,636,610,636,100,1,1,60,1,26,0.09545046699997783
s1_1000,S1-959204160,S2,US,selective_v1,0,42,384,28,1,4,2,5,0.05038821999960419,21,15,6.0,343,0.05111836600008246,2,345,343,345,108,1,1,60,3,2,0.06658479899999747
s1_1000,S1-959204160,S3,US,selective_v1,0,38,417,28,1,6,2,7,0.05048116199998276,19,15,4.0,384,0.05119527500005461,1,385,384,385,115,1,1,60,3,1,0.06866898700002366
s1_1000,S1-511725706,S2,US,selective_v1,0,29,329,15,0,1,0,1,0.014847110999994584,14,12,2.0,215,0.015257386000030237,29,278,249,278,93,1,1,60,4,29,0.027331420999985312
s1_1000,S1-511725706,S3,US,selective_v1,0,29,201,15,0,1,0,1,0.01604162099977202,14,11,3.0,90,0.016410857000096257,27,162,135,162,94,1,1,60,2,27,0.02373560000000907
s1_1000,S1-104251787,S2,US,selective_v1,0,52,1154,36,1,2,2,3,0.01091295200035347,24,15,2.0,67,0.012036005999902954,0,919,919,919,107,1,1,60,2,0,0.050020882000012534
s1_1000,S1-104251787,S3,US,selective_v1,0,51,1407,36,3,3,4,6,0.0212284669996734,24,20,4.0,130,0.022306307999997443,4,1016,1012,1016,107,1,1,60,3,4,0.06678905000001123
s1_1000,S1-961200002,S2,India,selective_v1,0,25,389,36,10,10,4,20,0.01681671300002563,12,10,2.0,149,0.017274104999955853,2,236,234,236,79,1,1,60,4,2,0.029675347999955193
s1_1000,S1-961200002,S3,India,selective_v1,0,30,338,45,10,15,6,25,0.012944774000061443,14,14,0.0,151,0.013473909000026651,6,211,205,211,78,1,1,60,2,6,0.024028282000017498
s1_1000,S1-18267845,S2,India,selective_v1,0,50,190,55,10,5,0,15,0.020111296999857586,24,9,14.0,146,0.02121104999991985,0,157,157,157,59,0,0,59,1,0,0.029499624999971275
s1_1000,S1-18267845,S3,India,selective_v1,0,42,323,55,10,15,10,25,0.02220086000011179,20,11,9.0,250,0.02303898599996046,0,265,265,265,70,1,1,60,2,0,0.03571708000004037
s1_1000,S1-104565081,S2,US,selective_v1,0,30,897,15,1,0,0,1,0.010542576000034387,14,13,1.0,269,0.01108104499996898,5,717,712,717,105,1,1,60,2,5,0.04017068100006327
s1_1000,S1-104565081,S3,US,selective_v1,0,30,865,15,1,0,0,1,0.01085959699992145,14,13,1.0,275,0.011375872999906278,6,694,688,694,106,1,1,60,3,6,0.04020226600005117
s1_1000,S1-820439105,S2,US,selective_v1,0,37,678,21,1,3,0,4,0.013266069999758656,17,11,1.0,13,0.01372791899996173,0,530,530,530,92,1,1,60,0,0,0.0352690120000716
s1_1000,S1-820439105,S3,US,selective_v1,0,35,754,21,1,4,0,5,0.010407371999917814,16,16,0.0,29,0.010839304999990418,3,558,555,558,102,1,1,60,2,3,0.034851769999932
s1_1000,S1-957128444,S2,India,selective_v1,0,50,945,78,6,19,0,25,0.045207638999613664,24,16,7.0,455,0.04713780100007625,5,672,667,672,117,1,1,60,1,5,0.08140199900003608
s1_1000,S1-957128444,S3,India,selective_v1,0,50,783,78,3,21,0,24,0.052621995000322386,24,18,6.0,465,0.054446892999976626,2,623,621,623,83,1,1,60,4,2,0.08644529000002876
s1_1000,S1-556228489,S2,US,selective_v1,0,50,2985,36,0,5,2,5,0.02278884600013953,24,21,3.0,313,0.02419601100007185,1,2842,2841,2842,102,1,1,60,2,1,0.1429614710000351
s1_1000,S1-556228489,S3,US,selective_v1,0,49,782,36,0,5,2,5,0.02395273600029668,24,21,3.0,395,0.025090551000062078,1,667,666,667,85,1,1,60,1,1,0.05414525599996978
s1_1000,S1-459637274,S2,US,selective_v1,0,44,781,28,1,4,2,5,0.01977828799965664,21,18,2.0,224,0.02048261899994941,0,667,667,667,106,1,1,60,1,0,0.04863281200005076
s1_1000,S1-459637274,S3,US,selective_v1,0,44,833,28,1,4,2,5,0.02076351600021553,21,19,2.0,231,0.021476839000001746,1,700,699,700,110,1,1,60,3,1,0.05060478499990495
s1_1000,S1-359255885,S2,US,selective_v1,0,51,1668,36,1,2,2,3,0.015069564000214086,24,21,2.0,249,0.016369155000006685,0,1443,1443,1443,102,1,1,60,1,0,0.07810117700000774
s1_1000,S1-359255885,S3,US,selective_v1,0,51,1849,36,1,2,2,3,0.015902997000011965,24,22,2.0,259,0.017129638000028535,0,1588,1588,1588,95,1,1,60,2,0,0.08524308100004419
s1_1000,S1-154667224,S2,US,selective_v1,0,39,874,28,1,6,2,7,0.03532637899968449,19,16,1.0,339,0.036073881999982405,0,729,729,729,109,1,1,60,1,0,0.06660578299999997
s1_1000,S1-154667224,S3,US,selective_v1,0,39,937,28,1,6,2,7,0.036019966000026216,19,18,1.0,393,0.03676405800001703,3,787,784,787,112,1,1,60,1,3,0.0697083699999439
s1_1000,S1-261527017,S2,India,selective_v1,0,52,812,105,28,8,0,36,0.01983231199972124,24,19,5.0,406,0.022064574999944853,0,659,659,659,94,1,1,60,2,0,0.055916703999969286
s1_1000,S1-261527017,S3,India,selective_v1,0,52,778,105,21,15,0,36,0.018526895999912085,24,20,3.0,456,0.02099790599993412,1,667,666,667,101,1,1,60,1,1,0.05439950400000271
s1_1000,S1-96504376,S2,India,selective_v1,0,48,3035,78,21,14,20,35,0.04000926400033222,23,18,5.0,383,0.04198546600002828,1,2398,2397,2398,116,1,1,60,1,1,0.16258421500003806
s1_1000,S1-96504376,S3,India,selective_v1,0,46,2829,78,15,25,16,40,0.03899452000018755,22,17,5.0,390,0.04067939000003662,11,2380,2369,2380,115,1,1,60,3,11,0.18870386699995834
s1_1000,S1-876664844,S2,India,selective_v1,0,52,2158,78,10,11,0,21,0.02127351799981625,24,15,9.0,68,0.0232681180000327,8,1771,1763,1771,115,1,1,60,4,8,0.11583982299998752
s1_1000,S1-876664844,S3,India,selective_v1,0,52,2333,78,6,17,0,23,0.03627111200012223,24,18,4.0,319,0.038375914000084776,13,1887,1874,1887,114,1,1,60,2,13,0.13628260300004058
s1_1000,S1-563178896,S2,US,selective_v1,0,49,952,28,1,0,4,1,0.016155342999809363,23,14,5.0,216,0.016984000999968885,0,554,554,554,116,1,1,60,1,0,0.040549380000015844
s1_1000,S1-563178896,S3,US,selective_v1,0,49,975,28,1,0,4,1,0.015549386999850867,23,13,5.0,241,0.016391677000001437,2,562,560,562,111,1,1,60,2,2,0.04012938200003191
s1_1000,S1-797058141,S2,India,selective_v1,0,53,2576,78,6,18,0,24,0.031177066999589442,24,20,3.0,42,0.033222845999944184,2,1944,1942,1944,104,1,1,60,3,2,0.1324519390000205
s1_1000,S1-797058141,S3,India,selective_v1,0,53,2558,78,3,19,0,22,0.03966497199985497,24,22,2.0,293,0.041716512999983024,1,2217,2216,2217,100,1,1,60,2,1,0.15273336100005963
s1_1000,S1-339006820,S2,US,selective_v1,0,39,694,28,1,6,2,7,0.043259244000068975,19,18,1.0,468,0.04402225700005147,0,628,628,628,113,1,1,60,1,0,0.0712477490000083
s1_1000,S1-339006820,S3,US,selective_v1,0,39,755,28,1,6,2,7,0.04934286100001373,19,18,1.0,484,0.05051218800008428,0,655,655,655,115,1,1,60,4,0,0.0786619040000005
s1_1000,S1-869737087,S2,US,selective_v1,0,52,882,28,1,0,4,1,0.00494872300021143,23,18,1.0,0,0.005690997999977299,1,514,513,514,97,1,1,60,3,1,0.02725796699996863
s1_1000,S1-869737087,S3,US,selective_v1,0,52,993,28,1,0,4,1,0.005124870000031478,23,22,1.0,0,0.005903559999978825,1,550,549,550,108,1,1,60,4,1,0.028777738000030695
s1_1000,S1-435186502,S2,India,selective_v1,0,50,990,78,6,25,0,31,0.05371635300025446,24,16,8.0,487,0.055452142000035565,7,780,777,784,108,1,1,60,1,7,0.09576785800004473
s1_1000,S1-435186502,S3,India,selective_v1,0,50,846,78,6,22,0,28,0.06174785300026997,24,16,8.0,530,0.06354631800002153,13,789,776,789,113,1,1,60,1,13,0.10407737700006692
s1_1000,S1-441272693,S2,India,selective_v1,0,43,156,28,3,3,2,6,0.0034239999999954307,20,20,0.0,49,0.003943429999935688,1,70,69,70,59,0,0,59,3,1,0.00813978100006807
s1_1000,S1-441272693,S3,India,selective_v1,0,46,456,28,1,4,2,5,0.009284961999696861,21,18,0.0,37,0.009892915000023095,0,372,372,372,77,1,1,60,3,0,0.028282637999950566
s1_1000,S1-30764726,S2,India,selective_v1,0,51,515,91,6,24,0,30,0.041510852999863346,24,14,7.0,419,0.043423828999948455,2,453,451,453,88,1,1,60,4,2,0.06704547099991487
s1_1000,S1-30764726,S3,India,selective_v1,0,51,786,91,6,21,0,27,0.05571970599976339,24,17,6.0,675,0.057848269000032815,1,715,714,715,94,1,1,60,1,1,0.09431279699992956
s1_1000,S1-790599481,S2,US,selective_v1,0,49,2615,28,0,2,3,2,0.018214924999938376,23,15,3.0,128,0.019147048000036193,0,2533,2533,2533,109,1,1,60,3,0,0.12525143100003788
s1_1000,S1-790599481,S3,US,selective_v1,0,46,289,28,3,0,3,3,0.018290718999878663,22,12,6.0,131,0.019005638000066938,0,202,202,202,80,1,1,60,2,0,0.029064138000080675
s1_1000,S1-487168388,S2,US,selective_v1,0,42,902,45,3,17,4,20,0.10777952599994478,21,18,3.0,691,0.10880362999989757,0,691,691,691,111,1,1,60,1,0,0.13777119799999582
s1_1000,S1-487168388,S3,US,selective_v1,0,42,1067,45,3,17,4,20,0.11404178799989495,21,17,3.0,813,0.11508698700004061,0,813,813,813,114,1,1,60,0,0,0.15030259200000273
s1_1000,S1-975764386,S2,US,selective_v1,0,50,1814,36,0,3,2,3,0.02596066600017366,24,20,4.0,290,0.027242769000054068,0,1592,1592,1592,105,1,1,60,3,0,0.09245524100003877
s1_1000,S1-975764386,S3,US,selective_v1,0,50,2092,36,0,3,2,3,0.038284727999780443,24,19,4.0,404,0.039659057999983816,0,1840,1840,1840,99,1,1,60,1,0,0.14255796600002668
s1_1000,S1-264595908,S2,US,selective_v1,0,33,141,21,1,4,0,5,0.03316870200012545,16,11,4.0,76,0.03355093899995154,0,124,124,124,90,1,1,60,1,0,0.04024440900002446
s1_1000,S1-264595908,S3,US,selective_v1,0,29,159,21,1,6,0,7,0.031431758999929116,14,7,2.0,109,0.03178448500000286,0,152,152,152,99,1,1,60,0,0,0.03890723600000001
s1_1000,S1-297094958,S2,US,selective_v1,0,48,989,28,0,3,3,3,0.03749880500015479,22,21,1.0,289,0.03830233799999405,1,677,676,677,105,1,1,60,1,1,0.06788593500004936
s1_1000,S1-297094958,S3,US,selective_v1,0,48,1058,28,0,4,2,4,0.030401638000284947,22,21,1.0,234,0.031533932000002096,0,686,686,686,85,1,1,60,2,0,0.061689158000035604
s1_1000,S1-100276475,S2,US,selective_v1,0,40,620,21,0,3,0,3,0.0050484180004559676,18,18,0.0,48,0.005539467000062359,2,331,329,331,112,1,1,60,2,2,0.019897716000059518
s1_1000,S1-100276475,S3,US,selective_v1,0,40,632,21,0,3,0,3,0.005441411000219887,18,18,0.0,68,0.005951652000021568,2,353,351,353,111,1,1,60,2,2,0.02130994699996336
s1_1000,S1-439825849,S2,US,selective_v1,0,46,2654,21,0,0,0,0,0.009481092999862994,21,20,0.0,83,0.01026268999999047,1,2515,2514,2515,101,1,1,60,4,1,0.11504257499996129
s1_1000,S1-439825849,S3,US,selective_v1,0,45,625,21,0,0,0,0,0.010383362999732526,21,21,0.0,162,0.011005902999954742,0,577,577,577,79,1,1,60,3,0,0.036944016999996165
s1_1000,S1-8781400,S2,US,selective_v1,0,40,2720,28,1,6,2,7,0.035075585000299725,19,15,0.0,360,0.03616195400002198,0,2436,2436,2436,109,1,1,60,2,0,0.14002011899992794
s1_1000,S1-8781400,S3,US,selective_v1,0,42,663,36,3,9,4,12,0.04234162900013416,20,17,2.0,611,0.04451464900000701,1,613,612,613,111,1,1,60,2,1,0.07149965899998278
s1_1000,S1-796931678,S2,US,selective_v1,0,47,916,28,3,0,3,3,0.019937803000175336,22,13,4.0,412,0.021043473999952766,0,650,650,650,91,1,1,60,0,0,0.048687076999954115
s1_1000,S1-796931678,S3,US,selective_v1,0,47,894,28,3,0,3,3,0.020990031000224008,22,15,4.0,412,0.021852621999983057,1,641,640,641,91,1,1,60,0,1,0.04973391700002594
s1_1000,S1-13128280,S2,India,selective_v1,0,50,1062,120,36,19,0,55,0.027601109999864093,24,14,6.0,498,0.029783580999946935,3,897,894,897,112,1,1,60,0,3,0.0761049999999841
s1_1000,S1-13128280,S3,India,selective_v1,0,50,1272,120,21,35,0,56,0.045079799999939496,24,19,4.0,620,0.04739119199996367,7,961,954,961,108,1,1,60,1,7,0.09573360499996397
s1_1000,S1-1186347,S2,India,selective_v1,0,27,864,78,15,38,12,53,0.025593105999632826,13,11,2.0,340,0.026375440000037997,7,605,603,610,90,1,1,60,1,7,0.057311022000021694
s1_1000,S1-1186347,S3,India,selective_v1,0,33,846,78,6,44,12,50,0.048259606999863536,16,12,3.0,425,0.04921651999995902,5,644,644,649,93,1,1,60,1,5,0.081538556000055
s1_1000,S1-108034941,S2,US,selective_v1,0,25,507,45,10,17,6,27,0.02376371299976654,12,9,2.0,317,0.024321298000018032,67,458,455,522,154,1,1,60,3,52,0.04692226700001356
s1_1000,S1-108034941,S3,US,selective_v1,0,25,776,45,15,15,3,30,0.032597753999993984,12,10,0.0,495,0.033410634999995636,47,637,634,681,144,1,1,60,2,46,0.06291522499998337
s1_1000,S1-116182582,S2,India,selective_v1,0,42,1139,91,15,37,19,52,0.03550858500034337,20,14,5.0,269,0.03675145900001553,1,898,897,898,108,1,1,60,2,1,0.08266107599990846
s1_1000,S1-116182582,S3,India,selective_v1,0,50,1221,91,10,36,7,46,0.05218289799995546,24,17,7.0,334,0.053812617000062346,1,953,952,953,108,1,1,60,3,1,0.10120526200000768
s1_1000,S1-442885636,S2,India,selective_v1,0,37,2062,66,21,15,13,36,0.015303010999673461,17,10,5.0,0,0.016352506000089306,0,1586,1586,1586,108,1,1,60,0,0,0.09510335000004488
s1_1000,S1-442885636,S3,India,selective_v1,0,37,1948,66,15,21,13,36,0.013765150999915932,17,13,4.0,0,0.014732856000023276,0,1497,1497,1497,111,1,1,60,1,0,0.08738815300000624
s1_1000,S1-102330347,S2,US,selective_v1,0,27,1944,15,1,2,0,3,0.007749083000135215,12,9,1.0,0,0.008255437999991955,11,1781,1770,1781,110,1,1,60,2,11,0.08261368300009053
s1_1000,S1-102330347,S3,US,selective_v1,0,27,2278,15,1,2,0,3,0.007941284999901654,12,7,1.0,0,0.008572039000000586,21,2071,2050,2071,111,1,1,60,1,21,0.1188521880000053
s1_1000,S1-311565031,S2,India,selective_v1,0,52,996,66,0,7,0,7,0.02619794899999306,24,22,2.0,337,0.028486260000022412,0,819,819,819,103,1,1,60,3,0,0.07194670900003075
s1_1000,S1-311565031,S3,India,selective_v1,0,53,1432,66,0,3,0,3,0.029792490999966503,24,16,1.0,636,0.03202838899994731,0,1332,1332,1332,106,1,1,60,1,0,0.100798118000057
s1_1000,S1-789958686,S2,US,selective_v1,0,36,766,28,1,8,2,9,0.022757808000051227,17,13,0.0,259,0.023382308999998713,2,496,496,498,96,1,1,60,0,2,0.04555293900000379
s1_1000,S1-789958686,S3,US,selective_v1,0,36,869,28,3,6,2,9,0.02419983300023887,17,14,0.0,307,0.024826475999930153,2,557,557,559,99,1,1,60,0,2,0.049796248000006926
s1_1000,S1-699248674,S2,US,selective_v1,0,39,314,21,1,2,0,3,0.012640617999977621,18,10,3.0,158,0.013111321000110365,0,233,233,233,99,1,1,60,0,0,0.023488037999982225
s1_1000,S1-699248674,S3,US,selective_v1,0,39,392,21,1,2,0,3,0.01291968399993948,18,15,3.0,203,0.013414004999958706,1,279,278,279,92,1,1,60,2,1,0.025747055000010732
s1_1000,S1-144816753,S2,India,selective_v1,0,50,1986,120,6,34,0,40,0.0624534029999495,24,16,8.0,371,0.0653733489999695,6,1501,1501,1507,103,1,1,60,1,6,0.1450868580000133
s1_1000,S1-144816753,S3,India,selective_v1,0,50,2202,120,6,38,0,44,0.0680301799998233,24,19,5.0,554,0.07104209099998116,15,1728,1723,1738,111,1,1,60,3,15,0.15865092399997138
s1_1000,S1-272137225,S2,US,selective_v1,0,53,1143,36,0,0,2,0,0.010524347000227863,24,23,1.0,170,0.011639258000059272,1,1005,1004,1005,112,1,1,60,3,1,0.05541604300003655
s1_1000,S1-272137225,S3,US,selective_v1,0,53,1160,36,0,0,2,0,0.011045651000131329,24,18,1.0,187,0.012161610000021028,1,1101,1100,1101,119,1,1,60,1,1,0.05853624700000637
s1_1000,S1-522017122,S2,US,selective_v1,0,33,835,28,3,8,2,11,0.024778137999987848,15,15,0.0,221,0.025310160000003634,5,535,530,535,104,1,1,60,2,5,0.04849300399996537
s1_1000,S1-522017122,S3,US,selective_v1,0,31,660,28,3,9,2,12,0.021823187999757465,14,13,0.0,106,0.02227092000009634,0,392,392,392,98,1,1,60,1,0,0.039857014999938656
s1_1000,S1-100167734,S2,US,selective_v1,0,48,869,28,0,3,3,3,0.028162315000258786,22,10,0.0,362,0.02911027200002536,0,645,645,645,117,1,1,60,0,0,0.05578773599995657
s1_1000,S1-100167734,S3,US,selective_v1,0,48,771,28,0,3,3,3,0.02855791100012084,22,20,2.0,118,0.02924137399998017,2,451,449,451,79,1,1,60,2,2,0.04868687500004398
s1_1000,S1-479725005,S2,US,selective_v1,0,45,312,21,0,0,0,0,0.008603236999874753,21,18,2.0,127,0.009144534000029125,0,226,226,226,76,1,1,60,3,0,0.019291425000005802
s1_1000,S1-479725005,S3,US,selective_v1,0,45,316,21,0,0,0,0,0.009284039000021949,21,14,2.0,142,0.009813775999987229,2,240,238,240,78,1,1,60,3,2,0.020128451999994468
s1_1000,S1-743531791,S2,US,selective_v1,0,42,1072,45,3,15,7,18,0.04046420400015904,20,15,4.0,387,0.04139079000003676,1,638,637,638,104,1,1,60,2,1,0.06863647000000128
s1_1000,S1-743531791,S3,US,selective_v1,0,42,1096,45,3,15,7,18,0.04096901400032493,20,16,4.0,376,0.0418815910001058,2,643,641,643,114,1,1,60,2,2,0.06923184400000082
s1_1000,S1-652207412,S2,US,selective_v1,0,29,602,15,0,1,0,1,0.015657289000273522,14,10,2.0,134,0.016095722000045498,13,564,551,564,96,1,1,60,1,13,0.038898513999924944
s1_1000,S1-652207412,S3,US,selective_v1,0,29,778,15,0,1,0,1,0.016201705999833393,14,11,2.0,182,0.016649766000000454,12,716,704,716,91,1,1,60,2,12,0.046954752000033295
s1_1000,S1-185985394,S2,US,selective_v1,0,52,2034,36,0,2,4,2,0.026178797000397935,24,12,1.0,179,0.027353335000043444,0,1869,1869,1869,106,1,1,60,0,0,0.10539991300004203
s1_1000,S1-185985394,S3,US,selective_v1,0,51,2464,36,1,5,6,6,0.04220421599973179,24,18,2.0,252,0.04340211900000668,0,2096,2096,2096,88,1,1,60,0,0,0.13229081500003304
s1_1000,S1-937018924,S2,US,selective_v1,0,46,550,28,0,3,3,3,0.03861589100006313,22,22,0.0,254,0.03937342200003968,2,372,370,372,101,1,1,60,2,2,0.05716294400008337
s1_1000,S1-937018924,S3,US,selective_v1,0,46,598,28,0,3,3,3,0.040304826999886245,22,19,0.0,276,0.041074043999969945,0,414,414,414,89,1,1,60,1,0,0.05887477700002819
s1_1000,S1-945498259,S2,India,selective_v1,0,51,2051,120,3,11,0,14,0.029718760000037037,24,21,2.0,386,0.03341864100002567,0,1737,1737,1737,118,1,1,60,1,0,0.12269527200010089
s1_1000,S1-945498259,S3,India,selective_v1,0,52,2177,120,1,14,0,15,0.028282606999823656,24,24,0.0,360,0.03207821300009073,4,1557,1557,1561,118,1,1,60,1,4,0.13820147599994925
s1_1000,S1-631614917,S2,India,selective_v1,0,49,655,105,10,22,0,32,0.03520284900014303,24,10,12.0,338,0.03763997399994423,7,543,536,543,80,1,1,60,0,7,0.06677570199997263
s1_1000,S1-631614917,S3,India,selective_v1,0,49,974,105,6,21,0,27,0.048696273999780715,24,15,9.0,601,0.0513875699999744,10,791,781,791,78,1,1,60,2,10,0.09210946700000022
s1_1000,S1-961548696,S2,India,selective_v1,0,49,1105,105,10,28,0,38,0.03921496700013449,24,16,8.0,590,0.041586624999922606,1,806,805,806,115,1,1,60,2,1,0.0837813499999811
s1_1000,S1-961548696,S3,India,selective_v1,0,50,1200,105,6,26,0,32,0.039022111999884146,24,15,9.0,413,0.04140148500005125,0,898,898,898,113,1,1,60,3,0,0.08595575000003919
s1_1000,S1-341514955,S2,US,selective_v1,0,37,375,21,1,2,0,3,0.02199852300020666,18,14,4.0,186,0.022506085999907555,0,318,318,318,99,1,1,60,2,0,0.03604353500008983
s1_1000,S1-341514955,S3,US,selective_v1,0,37,309,21,1,2,0,3,0.02304244899994501,18,13,5.0,57,0.023481625000044914,1,224,223,224,85,1,1,60,2,1,0.033228654000026836
s1_1000,S1-383744417,S2,US,selective_v1,0,45,534,45,3,12,8,15,0.042139474000009614,22,14,6.0,410,0.043074683999975605,53,484,482,535,144,1,1,60,2,49,0.0650722959999257
s1_1000,S1-383744417,S3,US,selective_v1,0,30,531,45,6,18,6,24,0.045085650000146416,15,10,5.0,455,0.04578810900000008,52,459,455,507,139,1,1,60,1,48,0.06763501499995073
s1_1000,S1-499340462,S2,India,selective_v1,0,49,820,66,10,10,0,20,0.03224174500007848,24,12,12.0,453,0.033878519999916534,6,613,607,613,115,1,1,60,2,6,0.06360319399993841
s1_1000,S1-499340462,S3,India,selective_v1,0,49,658,66,6,13,0,19,0.03452018599989515,24,12,11.0,357,0.03600425699994503,9,474,465,474,95,1,1,60,0,9,0.05842981199998576
s1_1000,S1-846958059,S2,US,selective_v1,0,51,550,55,3,3,0,6,0.02198476799992477,24,17,4.0,297,0.02348194399996828,1,481,480,481,112,1,1,60,2,1,0.04331729299997278
s1_1000,S1-846958059,S3,US,selective_v1,0,51,663,66,6,4,0,10,0.025494611000567602,24,21,3.0,410,0.027211480000005395,1,521,520,521,103,1,1,60,3,1,0.049126871999988
s1_1000,S1-351883628,S2,India,selective_v1,0,51,805,36,1,2,4,3,0.010335170000189464,24,21,3.0,109,0.011270744000057675,1,644,643,644,78,1,1,60,2,1,0.04253081900003508
s1_1000,S1-351883628,S3,India,selective_v1,0,52,1131,36,0,2,2,2,0.016128657000194835,24,24,0.0,191,0.017214071000012154,0,993,993,993,78,1,1,60,1,0,0.06426859400005469
s1_1000,S1-518262604,S2,India,selective_v1,0,52,625,55,3,7,0,10,0.009218608000082895,24,21,2.0,79,0.010511567999969884,0,333,333,333,79,1,1,60,1,0,0.026718626000047152
s1_1000,S1-518262604,S3,India,selective_v1,0,52,651,55,1,7,0,8,0.020329387000174393,24,19,2.0,173,0.021785384000054364,0,409,409,409,78,1,1,60,2,0,0.04125663000002078
s1_1000,S1-356624931,S2,US,selective_v1,0,52,308,36,3,3,4,6,0.020737236999934794,24,13,7.0,24,0.021524315999954524,2,233,231,233,84,1,1,60,1,2,0.031502856999964024
s1_1000,S1-356624931,S3,US,selective_v1,0,50,349,36,3,5,5,8,0.013408338999965963,23,18,5.0,16,0.0141562779999731,1,258,257,258,78,1,1,60,3,1,0.02523298000005525
s1_1000,S1-480729531,S2,US,selective_v1,0,47,2841,28,1,2,3,3,0.014933136999957242,22,20,2.0,239,0.015938471999902504,1,2585,2584,2585,104,1,1,60,2,1,0.1216141620000144
s1_1000,S1-480729531,S3,US,selective_v1,0,46,388,28,1,2,3,3,0.01567663799971797,22,19,3.0,276,0.016432292999979836,2,304,302,304,87,1,1,60,3,2,0.03088698800002021
s1_1000,S1-26256799,S2,US,selective_v1,0,51,1034,36,1,4,2,5,0.02708947799987982,24,19,0.0,460,0.02820139499999641,0,757,757,757,97,1,1,60,0,0,0.05973361400003796
s1_1000,S1-26256799,S3,US,selective_v1,0,51,1070,36,1,4,2,5,0.02931138099972941,24,23,1.0,379,0.03037566099999367,1,758,757,758,93,1,1,60,2,1,0.06249033699998563
s1_1000,S1-614260199,S2,US,selective_v1,0,40,496,28,1,4,3,5,0.04406233700012763,20,16,4.0,440,0.04484447100003308,7,447,440,447,105,1,1,60,3,7,0.06376096700000744
s1_1000,S1-614260199,S3,US,selective_v1,0,42,556,28,1,4,2,5,0.05052824600022632,21,18,3.0,506,0.051303727000004073,10,516,506,516,112,1,1,60,2,10,0.0739147319999347
s1_1000,S1-942376087,S2,India,selective_v1,0,52,692,105,3,13,0,16,0.02638282899999922,24,21,3.0,543,0.02937261199997465,2,597,595,597,77,1,1,60,3,2,0.05851457300002494
s1_1000,S1-942376087,S3,India,selective_v1,0,52,574,105,3,9,0,12,0.022956145000307515,24,21,3.0,448,0.025845447000051536,2,504,502,504,77,1,1,60,4,2,0.051229933999934474
s1_1000,S1-369680649,S2,India,selective_v1,0,51,1612,105,21,21,0,42,0.027552233000051274,24,17,5.0,341,0.029788797000037448,0,1382,1382,1382,116,1,1,60,0,0,0.09852178899996034
s1_1000,S1-369680649,S3,India,selective_v1,0,51,1416,105,21,21,0,42,0.024395900999593323,24,17,6.0,205,0.026540608000004795,0,1180,1180,1180,111,1,1,60,0,0,0.08389548799993918
s1_1000,S1-214898305,S2,US,selective_v1,0,45,1272,21,1,0,0,1,0.006431053999904179,20,20,0.0,150,0.007038996999995106,1,851,850,851,84,1,1,60,2,1,0.04262510099999872
s1_1000,S1-214898305,S3,US,selective_v1,0,45,1308,21,1,0,0,1,0.006852981999941221,20,15,0.0,145,0.007460448999950131,0,884,884,884,85,1,1,60,1,0,0.04465865500003474
s1_1000,S1-991843051,S2,India,selective_v1,0,52,1104,120,6,20,0,26,0.039925610000068446,24,24,0.0,517,0.042963519999943856,1,893,892,893,90,1,1,60,1,1,0.08695319800006018
s1_1000,S1-991843051,S3,India,selective_v1,0,52,800,120,0,21,0,21,0.04376126199997543,24,23,1.0,412,0.04681919100005416,1,735,734,735,113,1,1,60,2,1,0.10533973700000843
s1_1000,S1-494187676,S2,US,selective_v1,0,52,1095,45,1,4,0,5,0.021920412999861583,24,18,1.0,384,0.023331940000048235,0,736,736,736,104,1,1,60,2,0,0.05400812099992436
s1_1000,S1-494187676,S3,US,selective_v1,0,51,1124,45,1,6,3,7,0.03425542599995879,24,19,3.0,278,0.035612407000030544,4,677,673,677,97,1,1,60,3,4,0.06512692800004061
s1_1000,S1-380932102,S2,US,selective_v1,0,50,1150,36,3,2,4,5,0.048632359000293945,24,22,2.0,1034,0.050150013000006766,4,1038,1034,1038,77,1,1,60,2,4,0.09278612299999622
s1_1000,S1-380932102,S3,US,selective_v1,0,40,1379,28,3,3,2,6,0.05619017700018958,20,19,1.0,1285,0.05762252099998477,7,1292,1285,1292,80,1,1,60,1,7,0.11135367700001098
s1_1000,S1-37805904,S2,US,selective_v1,0,30,2178,15,0,1,0,1,0.008671788999777164,14,13,1.0,36,0.009167595000008077,1,2087,2087,2088,87,1,1,60,3,1,0.0942259070000091
s1_1000,S1-37805904,S3,US,selective_v1,0,30,2435,15,0,1,0,1,0.009900932000050489,14,13,1.0,60,0.010434262999979182,0,2328,2328,2328,96,1,1,60,1,0,0.10823057300001437
s1_1000,S1-482910661,S2,US,selective_v1,0,33,327,15,0,0,0,0,0.008852201000195237,15,10,2.0,74,0.009240237000085472,1,232,231,232,107,1,1,60,3,1,0.020180987999992794
s1_1000,S1-482910661,S3,US,selective_v1,0,33,356,15,0,0,0,0,0.009228494999774739,15,13,2.0,78,0.009585526000023492,2,254,252,254,85,1,1,60,4,2,0.02069093900001917
s1_1000,S1-761935587,S2,US,selective_v1,0,50,427,28,1,0,4,1,0.013796542000250156,23,17,5.0,135,0.014525607999985368,1,287,286,287,81,1,1,60,2,1,0.027490327999998954
s1_1000,S1-761935587,S3,US,selective_v1,0,50,410,28,1,0,4,1,0.013656722000064292,23,18,5.0,142,0.014442185999996582,0,282,282,282,84,1,1,60,2,0,0.027131343999940327
s1_1000,S1-862207745,S2,India,selective_v1,0,53,889,36,1,2,3,3,0.01657064799996988,24,19,2.0,228,0.01766261700004179,0,642,642,642,81,1,1,60,2,0,0.04939605100003064
s1_1000,S1-862207745,S3,India,selective_v1,0,53,671,36,0,3,3,3,0.017975328000147783,24,19,2.0,208,0.01898011600007976,0,594,594,594,78,1,1,60,2,0,0.04832838200002243
s1_1000,S1-41147272,S2,India,selective_v1,0,52,2443,120,6,8,0,14,0.037869242999931885,24,22,2.0,424,0.04144733800001177,2,2274,2274,2276,119,1,1,60,2,2,0.1611810260000084
s1_1000,S1-41147272,S3,India,selective_v1,0,52,2557,120,6,12,0,18,0.03269086700072421,24,22,0.0,416,0.03750232999993841,3,2214,2211,2214,118,1,1,60,1,3,0.1516483650000282
s1_1000,S1-291933980,S2,US,selective_v1,0,47,709,28,1,2,3,3,0.01898691400003827,22,19,3.0,40,0.01973071300005813,1,557,556,557,96,1,1,60,1,1,0.04358663400000751
s1_1000,S1-291933980,S3,US,selective_v1,0,45,810,28,1,4,2,5,0.014262091999967197,21,20,1.0,40,0.014933899999959976,1,608,607,608,92,1,1,60,4,1,0.04110965099994246
s1_1000,S1-465564443,S2,US,selective_v1,0,42,892,21,0,1,0,1,0.011353607999922133,20,14,0.0,222,0.011954175000028044,0,824,824,824,91,1,1,60,1,0,0.044820641999990585
s1_1000,S1-465564443,S3,US,selective_v1,0,42,991,21,0,1,0,1,0.012343105000013566,20,20,0.0,209,0.012997421000022769,1,852,851,852,78,1,1,60,4,1,0.048809731999995165
s1_1000,S1-716529185,S2,US,selective_v1,0,46,1123,21,0,0,0,0,0.010725856999897587,21,11,1.0,98,0.011361806000081742,0,1002,1002,1002,97,1,1,60,1,0,0.052516606000040156
s1_1000,S1-716529185,S3,US,selective_v1,0,46,1316,21,0,0,0,0,0.01156957699981831,21,20,1.0,109,0.012245930999938537,2,1099,1097,1099,89,1,1,60,3,2,0.059096796999938306
s1_1000,S1-252815076,S2,US,selective_v1,0,50,2034,36,1,6,5,7,0.05259714200030885,24,24,0.0,554,0.053852184999982455,0,1917,1917,1917,95,1,1,60,1,0,0.13237626599993746
s1_1000,S1-252815076,S3,US,selective_v1,0,50,2208,36,1,6,5,7,0.0545626500003209,24,23,1.0,507,0.05590924399996311,1,2040,2039,2040,113,1,1,60,3,1,0.1673356059999378
s1_1000,S1-741530614,S2,US,selective_v1,0,25,1035,10,0,0,0,0,0.0009680640000624408,10,10,0.0,0,0.0012035590000323282,2,783,781,783,107,1,1,60,3,2,0.03407969800002775
s1_1000,S1-741530614,S3,US,selective_v1,0,25,1029,10,0,0,0,0,0.0009082449998913944,10,10,0.0,0,0.0011395039999797518,2,783,781,783,116,1,1,60,1,2,0.03340383500005828
s1_1000,S1-264006576,S2,India,selective_v1,0,54,680,120,15,21,0,36,0.012556740999571048,24,20,4.0,100,0.015112275999968006,0,394,394,394,111,1,1,60,1,0,0.035609217999990506
s1_1000,S1-264006576,S3,India,selective_v1,0,54,739,120,15,20,0,35,0.01351453699976446,24,19,4.0,122,0.016076493000014125,1,403,402,403,107,1,1,60,3,1,0.03607398500003001
s1_1000,S1-703314149,S2,India,selective_v1,0,50,873,105,15,18,0,33,0.039434755999991467,24,17,5.0,706,0.04211073400006171,0,794,794,794,98,1,1,60,1,0,0.08161903899997469
s1_1000,S1-703314149,S3,India,selective_v1,0,50,982,105,6,27,0,33,0.05086141000003863,24,22,2.0,764,0.05334937899999659,2,838,836,838,98,1,1,60,2,2,0.09496284699991975
s1_1000,S1-889530437,S2,US,selective_v1,0,43,636,28,1,4,2,5,0.03457166800001232,21,16,5.0,584,0.03553668199992899,6,596,594,600,105,1,1,60,4,6,0.0612754239999731
s1_1000,S1-889530437,S3,US,selective_v1,0,43,350,28,1,4,2,5,0.03482354199991278,21,14,7.0,295,0.03556303100003788,3,309,307,310,78,1,1,60,3,3,0.049709209999946324
s1_1000,S1-950047153,S2,US,selective_v1,0,33,1438,21,0,5,0,5,0.04418555200004448,16,14,2.0,356,0.044931863999977395,1,1241,1240,1241,91,1,1,60,1,1,0.09588340699997389
s1_1000,S1-950047153,S3,US,selective_v1,0,34,2084,21,0,5,0,5,0.046770228999889696,16,14,2.0,321,0.04756945799999812,0,1796,1796,1796,88,1,1,60,1,0,0.12609203899990007
s1_1000,S1-718541486,S2,US,selective_v1,0,51,1758,55,3,3,0,6,0.028999187999943388,24,18,3.0,390,0.030837635000011687,0,1376,1376,1376,117,1,1,60,1,0,0.08774125900004037
s1_1000,S1-718541486,S3,US,selective_v1,0,51,1838,55,3,3,0,6,0.03137988900004984,24,20,3.0,372,0.0332497389999844,0,1432,1432,1432,116,1,1,60,3,0,0.09425096099994335
s1_1000,S1-19172434,S2,US,selective_v1,0,50,663,36,1,4,3,5,0.03350647300021592,24,19,5.0,516,0.034557553000013286,2,552,550,552,77,1,1,60,2,2,0.05774060400005965
s1_1000,S1-19172434,S3,US,selective_v1,0,50,519,36,1,4,3,5,0.035176296999679835,24,18,6.0,441,0.03618266900002709,1,467,466,467,79,1,1,60,1,1,0.05602312400003484
s1_1000,S1-531268470,S2,US,selective_v1,0,31,1906,15,0,1,0,1,0.012147840999773507,14,9,2.0,129,0.012670199000012872,0,1785,1785,1785,116,1,1,60,1,0,0.08522795699991548
s1_1000,S1-531268470,S3,US,selective_v1,0,31,2209,15,0,1,0,1,0.012694416999693203,14,12,2.0,141,0.013361484000029122,2,2058,2056,2058,113,1,1,60,2,2,0.09832704400002967
s1_1000,S1-56369002,S2,India,selective_v1,0,51,1752,78,3,18,0,21,0.020871547000638202,24,17,7.0,303,0.02289411900005689,0,1500,1500,1500,118,1,1,60,1,0,0.10165054499998405
s1_1000,S1-56369002,S3,India,selective_v1,0,51,1776,78,3,18,0,21,0.023003826000035588,24,18,5.0,446,0.02507667899999433,0,1565,1565,1565,119,1,1,60,3,0,0.10228819900009967
s1_1000,S1-851172257,S2,India,selective_v1,0,52,1138,120,10,25,0,35,0.02318443100045897,24,22,2.0,389,0.026137522999988505,1,844,843,844,89,1,1,60,2,1,0.06905478400005904
s1_1000,S1-851172257,S3,India,selective_v1,0,52,1329,120,6,26,0,32,0.030102800000463503,24,20,1.0,566,0.03320183400001042,0,1067,1067,1067,102,1,1,60,1,0,0.10916063199999826
s1_1000,S1-839695817,S2,India,selective_v1,0,52,1211,120,15,39,0,54,0.042243880999990324,24,21,3.0,620,0.04451153200000135,1,1014,1013,1014,103,1,1,60,3,1,0.09715324000001146
s1_1000,S1-839695817,S3,India,selective_v1,0,52,1407,120,6,54,0,60,0.058360298999900806,24,22,0.0,851,0.06088990300008845,0,1210,1210,1210,110,1,1,60,0,0,0.12233060899995962
s1_1000,S1-117184918,S2,US,selective_v1,0,35,941,36,3,12,4,15,0.04117508200010889,17,14,3.0,285,0.042033182999944074,2,750,748,750,108,1,1,60,1,2,0.07391143200004535
s1_1000,S1-117184918,S3,US,selective_v1,0,35,1082,36,3,12,4,15,0.044268061999900965,17,14,3.0,294,0.045013580000045295,0,863,863,863,103,1,1,60,2,0,0.08133016300007512
s1_1000,S1-103120265,S2,India,selective_v1,0,50,661,55,6,8,0,14,0.02905239600022469,24,18,6.0,428,0.03041930299991691,0,489,489,489,79,1,1,60,0,0,0.05468021999990924
s1_1000,S1-103120265,S3,India,selective_v1,0,50,370,55,6,9,0,15,0.018493304000230637,24,17,7.0,223,0.019690272000048026,0,282,282,282,79,1,1,60,0,0,0.033810396000035325
s1_1000,S1-869535932,S2,US,selective_v1,0,45,3174,21,0,1,0,1,0.008553997000149138,20,20,0.0,0,0.009404798999980812,0,2859,2859,2859,112,1,1,60,2,0,0.12476713699993525
s1_1000,S1-869535932,S3,US,selective_v1,0,44,2914,21,0,1,0,1,0.009494122999967658,20,20,0.0,27,0.010276399000076708,0,2643,2643,2643,109,1,1,60,2,0,0.12209997299999031
s1_1000,S1-887169774,S2,US,selective_v1,0,39,590,21,1,2,0,3,0.01616707200014389,18,15,3.0,88,0.016688664999946923,1,329,328,329,86,1,1,60,2,1,0.031956211999954576
s1_1000,S1-887169774,S3,US,selective_v1,0,39,672,21,1,2,0,3,0.017002173999912884,18,13,3.0,88,0.01751918399997976,1,367,366,367,83,1,1,60,2,1,0.03391129400006321
s1_1000,S1-492543909,S2,India,selective_v1,0,51,1355,36,1,4,4,5,0.02060424800004057,24,20,4.0,121,0.021728634999931273,2,804,804,806,80,1,1,60,2,2,0.06069651600000725
s1_1000,S1-492543909,S3,India,selective_v1,0,51,1041,36,0,2,2,2,0.029532732999882683,24,23,1.0,249,0.030615999000019656,2,879,878,880,79,1,1,60,1,2,0.07334754599992266
s1_1000,S1-94599318,S2,US,selective_v1,0,35,340,21,0,4,0,4,0.037372865000179445,17,16,1.0,198,0.03786775900005068,92,228,228,320,148,1,1,60,1,48,0.051798851000057766
s1_1000,S1-94599318,S3,US,selective_v1,0,35,426,21,0,4,0,4,0.04105683900013446,17,16,1.0,250,0.04158907900000486,88,284,284,372,157,1,1,60,3,45,0.057684901000016
s1_1000,S1-677598357,S2,US,selective_v1,0,43,763,21,0,2,0,2,0.015461119000065082,19,12,0.0,149,0.015981422999971073,0,445,445,445,87,1,1,60,1,0,0.0351309449999917
s1_1000,S1-677598357,S3,US,selective_v1,0,43,811,21,0,2,0,2,0.01671430799990503,19,15,0.0,164,0.0172455000000582,0,468,468,468,86,1,1,60,1,0,0.03746163699997851
s1_1000,S1-730719207,S2,US,selective_v1,0,43,2495,36,1,12,2,13,0.09329449200004092,21,18,3.0,547,0.09435692199997447,1,2430,2429,2430,112,1,1,60,1,1,0.19465239699991344
s1_1000,S1-730719207,S3,US,selective_v1,0,43,2854,36,1,12,2,13,0.0963845719999199,21,18,3.0,542,0.09745691499995246,2,2769,2767,2769,107,1,1,60,2,2,0.21779770199998438
s1_1000,S1-369861184,S2,US,selective_v1,0,42,1914,36,3,9,4,12,0.03564195599983577,20,20,0.0,176,0.03660148999995272,0,1666,1666,1666,110,1,1,60,0,0,0.10806255099998907
s1_1000,S1-369861184,S3,US,selective_v1,0,42,2428,36,3,9,4,12,0.040286804999595915,20,20,0.0,195,0.041395318000013503,3,2049,2046,2049,109,1,1,60,4,3,0.15463738400001148
s1_1000,S1-295668361,S2,US,selective_v1,0,39,120,21,1,2,0,3,0.011463655000284234,18,13,3.0,91,0.011892952000039259,2,98,96,98,61,1,1,60,2,2,0.016916962000095737
s1_1000,S1-295668361,S3,US,selective_v1,0,39,140,21,1,2,0,3,0.01114313100003983,18,13,3.0,90,0.011569888000053652,1,107,106,107,71,1,1,60,1,1,0.016338423999968654
s1_1000,S1-858735224,S2,US,selective_v1,0,29,602,15,0,2,0,2,0.01148604300021816,13,9,0.0,196,0.011877117999915754,26,535,509,535,90,1,1,60,2,26,0.032746444000054
s1_1000,S1-858735224,S3,US,selective_v1,0,29,653,15,0,2,0,2,0.012516576999814788,13,13,0.0,189,0.013099801999942429,19,559,540,559,80,1,1,60,2,19,0.03676622199998292
s1_1000,S1-563073325,S2,US,selective_v1,0,51,861,55,6,8,0,14,0.028716555000187327,24,19,5.0,346,0.030295929999965665,1,664,663,664,97,1,1,60,1,1,0.05843065600004138
s1_1000,S1-563073325,S3,US,selective_v1,0,51,1114,55,6,8,0,14,0.03092001500033348,24,20,4.0,475,0.032414476999974795,0,861,861,861,102,1,1,60,3,0,0.06988496100007069
s1_1000,S1-816383534,S2,US,selective_v1,0,26,627,15,0,3,0,3,0.028886210000109713,12,7,1.0,149,0.029251695999960248,34,388,354,388,94,1,1,60,1,34,0.04612088900000799
s1_1000,S1-816383534,S3,US,selective_v1,0,24,682,15,0,4,0,4,0.03200698800003465,11,11,0.0,166,0.03236625699992146,24,404,380,404,95,1,1,60,3,24,0.04969008900002336
s1_1000,S1-79146097,S2,India,selective_v1,0,51,993,36,1,6,3,7,0.029463154999916696,24,16,4.0,186,0.03061519200002749,2,731,729,731,119,1,1,60,1,2,0.0657991169999832
s1_1000,S1-79146097,S3,India,selective_v1,0,50,714,36,0,7,5,7,0.02718968599992877,24,20,3.0,323,0.028121123000005355,5,552,552,557,98,1,1,60,2,5,0.05536657400000422
s1_1000,S1-241799543,S2,US,selective_v1,0,54,765,45,1,2,0,3,0.009172149999812973,24,11,1.0,55,0.010378048000006856,0,494,494,494,96,1,1,60,2,0,0.03167348099998435
s1_1000,S1-241799543,S3,US,selective_v1,0,52,1176,45,3,7,0,10,0.0217223500004593,24,19,3.0,317,0.022990971000012905,0,734,734,734,101,1,1,60,1,0,0.05521414800000457
s1_1000,S1-814666931,S2,India,selective_v1,0,51,2415,78,3,16,0,19,0.0480948469996747,24,18,5.0,444,0.05026866000002883,1,1963,1962,1963,98,1,1,60,2,1,0.14897595100001126
s1_1000,S1-814666931,S3,India,selective_v1,0,51,2309,78,1,17,0,18,0.04178997899964543,24,18,3.0,521,0.044177170000011756,0,1869,1869,1869,103,1,1,60,2,0,0.13751933899993674
s1_1000,S1-434049818,S2,US,selective_v1,0,33,908,21,1,4,0,5,0.024549462999857496,16,15,1.0,173,0.025096367999935865,1,776,775,776,90,1,1,60,3,1,0.05731797299995378
s1_1000,S1-434049818,S3,US,selective_v1,0,33,973,21,1,4,0,5,0.02706486199997471,16,15,1.0,187,0.0276330809999763,0,847,847,847,91,1,1,60,2,0,0.06303256299997884
s1_1000,S1-879372595,S2,India,selective_v1,0,52,1865,120,15,19,0,34,0.030899280000539875,24,17,7.0,123,0.0338095820000035,2,1499,1497,1499,103,1,1,60,5,2,0.11152992999996059
s1_1000,S1-879372595,S3,India,selective_v1,0,52,2070,120,6,20,0,26,0.044519115000184684,24,19,5.0,258,0.047792572000048494,1,1655,1654,1655,110,1,1,60,3,1,0.13319192999995266
s1_1000,S1-248163870,S2,India,selective_v1,0,50,563,120,36,27,17,63,0.02887303899979088,24,19,5.0,333,0.030725648000043293,1,459,458,459,80,1,1,60,2,1,0.05579150099993058
s1_1000,S1-248163870,S3,India,selective_v1,0,51,729,120,28,25,0,53,0.031553837000160456,24,17,7.0,208,0.03368802600004983,2,565,563,565,95,1,1,60,4,2,0.06250137400002131
s1_1000,S1-974558168,S2,US,selective_v1,0,54,1166,36,1,0,2,1,0.010083350999593677,24,22,2.0,32,0.011101456999995207,1,780,779,780,106,1,1,60,2,1,0.04324468499999057
s1_1000,S1-974558168,S3,US,selective_v1,0,53,1032,36,1,0,2,1,0.010811412000975906,24,22,2.0,30,0.011854202999984409,0,888,888,888,111,1,1,60,1,0,0.05041940900002828
s1_1000,S1-152580274,S2,India,selective_v1,0,38,1407,55,10,17,10,27,0.03148486899976888,18,14,3.0,323,0.03252898499999901,2,1019,1017,1019,99,1,1,60,0,2,0.08393863000003421
s1_1000,S1-152580274,S3,India,selective_v1,0,38,1455,55,3,26,8,29,0.046234414999617,18,16,1.0,471,0.04729756599999746,7,1146,1139,1146,105,1,1,60,3,7,0.10529133499994714
s1_1000,S1-182285498,S2,US,selective_v1,0,39,623,28,1,6,2,7,0.02980995500024619,19,18,1.0,296,0.030471452000028876,2,560,558,560,109,1,1,60,1,2,0.05417943199995534
s1_1000,S1-182285498,S3,US,selective_v1,0,39,765,28,1,6,2,7,0.03742534399998476,19,18,1.0,376,0.03840742600004887,2,654,652,654,113,1,1,60,3,2,0.06633242199995948
s1_1000,S1-636219545,S2,US,selective_v1,0,52,5496,36,0,2,3,2,0.02666605100000652,24,21,1.0,116,0.028751157999977295,1,5257,5256,5257,110,1,1,60,1,1,0.2731394449999698
s1_1000,S1-636219545,S3,US,selective_v1,0,51,3618,36,0,2,2,2,0.029859249999844906,24,22,1.0,206,0.031267344999946545,0,3463,3463,3463,113,1,1,60,1,0,0.18707182200000716
s1_1000,S1-879828483,S2,India,selective_v1,0,53,1047,105,15,6,0,21,0.023957682000286695,24,21,3.0,362,0.0267673810000133,0,790,790,790,96,1,1,60,2,0,0.06883729899993796
s1_1000,S1-879828483,S3,India,selective_v1,0,53,1036,105,6,15,0,21,0.02331615899981898,24,23,1.0,491,0.026321762000065974,3,861,858,861,91,1,1,60,1,3,0.07012518099998033
s1_1000,S1-595976104,S2,US,selective_v1,0,34,245,21,1,4,0,5,0.021804253999903267,16,12,3.0,165,0.022229586999969797,1,198,197,198,79,1,1,60,1,1,0.031581974000005175
s1_1000,S1-595976104,S3,US,selective_v1,0,26,323,21,3,6,0,9,0.020360066000080224,12,10,2.0,206,0.020718838999982836,2,243,241,243,77,1,1,60,4,2,0.03127588499989997
s1_1000,S1-480646551,S2,India,selective_v1,0,26,357,91,28,36,14,64,0.034147702999916874,13,5,8.0,344,0.03484546700008195,21,345,344,365,102,1,1,60,2,21,0.05434054600004856
s1_1000,S1-480646551,S3,India,selective_v1,0,48,920,91,15,44,7,59,0.09571033800023088,24,16,8.0,658,0.09702414399998815,36,658,658,694,124,1,1,60,4,36,0.1326377830000638
s1_1000,S1-688071877,S2,US,selective_v1,0,14,107,6,0,0,0,0,0.0019016489999330588,6,3,0.0,8,0.0020314500000040425,0,100,100,100,48,0,0,48,0,0,0.006865125999979682
s1_1000,S1-688071877,S3,US,selective_v1,0,14,112,6,0,0,0,0,0.001811384000234284,6,5,0.0,8,0.0019256780000205254,0,102,102,102,48,0,0,48,0,0,0.006594464000045264
s1_1000,S1-970146850,S2,US,selective_v1,0,42,300,21,0,2,0,2,0.014890950999642882,19,18,1.0,140,0.015381292000029134,2,208,206,208,80,1,1,60,2,2,0.02444659800005411
s1_1000,S1-970146850,S3,US,selective_v1,0,42,281,21,0,2,0,2,0.015840860000025714,19,12,1.0,163,0.016317390999915915,0,227,227,227,80,1,1,60,1,0,0.026477178000050117
s1_1000,S1-610757866,S2,US,selective_v1,0,51,860,36,1,4,2,5,0.02795133700021779,24,19,1.0,307,0.029205187999991722,1,734,733,734,101,1,1,60,2,1,0.059716503000004195
s1_1000,S1-610757866,S3,US,selective_v1,0,48,816,36,3,6,4,9,0.03351134899992303,23,21,2.0,381,0.034611453000024994,0,698,698,698,104,1,1,60,3,0,0.06469079800001509
s1_1000,S1-998147399,S2,India,selective_v1,0,51,1063,91,15,26,7,41,0.030620037000176126,24,21,3.0,335,0.0323438120000219,1,660,659,660,100,1,1,60,3,1,0.0664087830000426
s1_1000,S1-998147399,S3,India,selective_v1,0,51,1042,91,15,26,7,41,0.029254220000211717,24,21,3.0,322,0.03097270800003571,1,631,630,631,108,1,1,60,5,1,0.06392384299999776
s1_1000,S1-672064749,S2,US,selective_v1,0,48,3164,28,1,2,3,3,0.014710301000377513,22,20,2.0,63,0.015795750000052067,4,2798,2794,2798,111,1,1,60,2,4,0.13269399999990128
s1_1000,S1-672064749,S3,US,selective_v1,0,47,743,28,1,2,3,3,0.01504620800039902,22,19,3.0,66,0.01579453600004399,4,570,566,570,79,1,1,60,2,4,0.040773657000045205
s1_1000,S1-300594042,S2,US,selective_v1,0,46,338,28,1,4,2,5,0.010685944999636376,21,14,0.0,136,0.011291934000041692,1,281,280,281,79,1,1,60,1,1,0.023478213999965192
s1_1000,S1-300594042,S3,US,selective_v1,0,46,472,28,1,4,2,5,0.01222226000027149,21,21,0.0,155,0.012851913999952558,1,334,333,334,76,1,1,60,4,1,0.027033037000023796
s1_1000,S1-966899178,S2,India,selective_v1,0,42,1069,105,28,35,22,63,0.05749144700007491,20,15,5.0,228,0.058814082999901984,1,820,819,820,111,1,1,60,2,1,0.10060314700001527
s1_1000,S1-966899178,S3,India,selective_v1,0,46,1002,105,21,40,22,61,0.039280805999624135,22,14,7.0,222,0.04073944100002791,0,806,806,806,115,1,1,60,0,0,0.08110752000004595
s1_1000,S1-859410589,S2,India,selective_v1,0,49,791,45,3,10,6,13,0.03841168500002823,24,13,11.0,351,0.03954793200000495,8,469,461,469,78,1,1,60,4,8,0.06201589600004809
s1_1000,S1-859410589,S3,India,selective_v1,0,49,495,45,3,7,3,10,0.024648176999221505,24,13,11.0,162,0.02565397200010011,9,278,276,285,83,1,1,60,3,9,0.039602309999963836
s1_1000,S1-221830085,S2,US,selective_v1,0,51,970,36,1,4,3,5,0.02246195199950307,24,19,4.0,69,0.0235545830000774,1,736,735,736,109,1,1,60,4,1,0.0534607849999702
s1_1000,S1-221830085,S3,US,selective_v1,0,51,1101,36,1,4,3,5,0.02462988699971902,24,20,4.0,105,0.025638580000077127,1,851,850,851,109,1,1,60,3,1,0.06258922300003178
s1_1000,S1-759154765,S2,US,selective_v1,0,39,1198,21,0,2,0,2,0.029515744999571325,19,13,2.0,213,0.030163055000002714,0,1055,1055,1055,104,1,1,60,0,0,0.07425713100019493
s1_1000,S1-759154765,S3,US,selective_v1,0,39,1437,21,0,2,0,2,0.0323561050004173,19,14,2.0,219,0.03309015700006057,0,1270,1270,1270,88,1,1,60,0,0,0.08914437099997485
s1_1000,S1-279768516,S2,India,selective_v1,0,51,495,45,1,12,3,13,0.029987129999653916,24,19,2.0,168,0.03097526800002015,2,304,302,304,94,1,1,60,1,2,0.047415382000053796
s1_1000,S1-279768516,S3,India,selective_v1,0,51,426,45,1,8,3,9,0.037716618999866114,24,18,4.0,204,0.03881736700009242,2,328,326,328,102,1,1,60,3,2,0.0551934769998752
s1_1000,S1-277795564,S2,India,selective_v1,0,49,656,91,15,6,0,21,0.03663501799974256,24,13,10.0,578,0.03900856400014163,1,587,586,587,110,1,1,60,2,1,0.06942640300007952
s1_1000,S1-277795564,S3,India,selective_v1,0,49,384,91,10,15,0,25,0.0400071219999063,24,13,10.0,314,0.04204026499996871,0,324,324,324,104,1,1,60,2,0,0.05956315200000972
s1_1000,S1-435179175,S2,India,selective_v1,0,51,1055,66,6,18,5,24,0.025409098000409358,24,22,2.0,309,0.026868900999943435,1,694,693,694,89,1,1,60,3,1,0.06286883699999635
s1_1000,S1-435179175,S3,India,selective_v1,0,51,770,66,6,15,0,21,0.03669316099944808,24,20,4.0,262,0.038214243000084025,1,546,545,546,103,1,1,60,2,1,0.0662661379999463
s1_1000,S1-359821177,S2,US,selective_v1,0,43,1354,21,1,0,0,1,0.014696678000063912,20,15,5.0,0,0.015350532999946154,2,1161,1159,1161,115,1,1,60,2,2,0.06335112600004322
s1_1000,S1-359821177,S3,US,selective_v1,0,43,1431,21,1,0,0,1,0.015092554001057579,20,15,5.0,0,0.015736845999981597,0,1232,1232,1232,113,1,1,60,2,0,0.06820305199994436
s1_1000,S1-155407235,S2,US,selective_v1,0,21,2487,15,1,4,0,5,0.020311978000108866,10,7,2.0,227,0.020868506999931924,0,2450,2450,2450,111,1,1,60,0,0,0.12404365899988079
s1_1000,S1-155407235,S3,US,selective_v1,0,20,138,15,1,4,0,5,0.022014590000480894,10,6,3.0,133,0.0223075350002091,1,134,133,134,84,1,1,60,2,1,0.0298135089999505
s1_1000,S1-363640638,S2,US,selective_v1,0,53,1291,36,1,2,2,3,0.012114250999729848,24,23,1.0,239,0.013258586999882027,1,1020,1019,1020,102,1,1,60,4,1,0.055482822999920245
s1_1000,S1-363640638,S3,US,selective_v1,0,53,1319,36,1,2,2,3,0.01289892900013001,24,23,1.0,244,0.013999262000197632,1,1062,1061,1062,90,1,1,60,1,1,0.05935091700007433
s1_1000,S1-630988943,S2,US,selective_v1,0,50,1579,28,0,2,3,2,0.016331550999893807,23,14,3.0,163,0.017203309000024092,38,1340,1302,1340,103,1,1,60,0,38,0.07256039100002454
s1_1000,S1-630988943,S3,US,selective_v1,0,45,1736,28,1,4,2,5,0.023180103000186136,21,16,5.0,88,0.024158076000048823,42,1297,1297,1339,125,1,1,60,1,41,0.08514343799993185
s1_1000,S1-492798500,S2,India,selective_v1,0,50,977,91,15,19,0,34,0.036665456000264385,24,16,2.0,736,0.03918602999988252,0,767,767,767,101,1,1,60,0,0,0.07931024600020464
s1_1000,S1-492798500,S3,India,selective_v1,0,50,748,91,3,24,0,27,0.044830879999835815,24,16,4.0,655,0.04702487600002314,0,692,692,692,98,1,1,60,0,0,0.0826198590000331
s1_1000,S1-750902604,S2,US,selective_v1,0,44,813,21,1,0,0,1,0.01468867299968224,20,16,4.0,3,0.015229190000127346,2,511,509,511,94,1,1,60,3,2,0.03677605100006076
s1_1000,S1-750902604,S3,US,selective_v1,0,44,805,21,1,0,0,1,0.014338876999545391,20,16,4.0,2,0.014888000999917494,0,501,501,501,88,1,1,60,4,0,0.03678741899989291
s1_1000,S1-832262633,S2,India,selective_v1,0,50,741,45,1,10,0,11,0.03175791999933608,24,17,5.0,353,0.03294096900003751,1,596,595,596,117,1,1,60,1,1,0.06208721100006187
s1_1000,S1-832262633,S3,India,selective_v1,0,50,1075,45,0,7,0,7,0.038182397000355195,24,22,2.0,649,0.039603936000048634,11,863,863,874,98,1,1,60,5,11,0.08211823200008439
s1_1000,S1-494365737,S2,India,selective_v1,0,50,507,55,0,3,0,3,0.025982793001048776,24,22,2.0,279,0.027669775000049412,12,427,415,427,100,1,1,60,3,12,0.050139033000050404
s1_1000,S1-494365737,S3,India,selective_v1,0,51,807,55,0,0,0,0,0.05810386999974071,24,21,2.0,401,0.05987591800021619,3,758,755,758,108,1,1,60,3,3,0.09766663200002768
s1_1000,S1-317536058,S2,India,selective_v1,0,50,603,105,10,22,0,32,0.03803969199975654,24,19,5.0,475,0.04052599999999984,1,531,531,532,108,1,1,60,2,1,0.06914422600016223
s1_1000,S1-317536058,S3,India,selective_v1,0,51,746,105,6,21,0,27,0.03407887700041101,24,17,7.0,231,0.03658374900010131,0,555,555,555,94,1,1,60,1,0,0.06646676600007595
s1_1000,S1-862899562,S2,India,selective_v1,0,48,593,45,3,10,7,13,0.03811526999993475,24,10,14.0,448,0.039217450000023746,1,449,448,449,90,1,1,60,1,1,0.0622433840001122
s1_1000,S1-862899562,S3,India,selective_v1,0,49,1401,45,1,12,6,13,0.05492821800021375,24,17,7.0,574,0.05628230100001019,3,895,892,895,91,1,1,60,2,3,0.10115886099993077
s1_1000,S1-813952512,S2,US,selective_v1,0,44,2238,21,0,0,0,0,0.06572991899929548,21,13,2.0,324,0.06661776100008865,0,2179,2179,2179,115,1,1,60,1,0,0.1587851919998684
s1_1000,S1-813952512,S3,US,selective_v1,0,44,2653,21,0,0,0,0,0.06945743199980825,21,19,2.0,378,0.07041148500002237,0,2530,2530,2530,112,1,1,60,2,0,0.17999954200013235
s1_1000,S1-263815160,S2,India,selective_v1,0,35,526,78,6,39,16,45,0.02304890200025511,17,14,3.0,385,0.02404548099980275,4,465,461,465,111,1,1,60,2,4,0.049876644000050874
s1_1000,S1-263815160,S3,India,selective_v1,0,35,647,78,6,43,12,49,0.03272938299960515,17,14,1.0,506,0.0336746560001302,9,580,571,580,115,1,1,60,3,9,0.06305825899994488
s1_1000,S1-505316099,S2,US,selective_v1,0,36,1887,21,0,4,0,4,0.03597669899977518,17,16,1.0,136,0.03662458299982063,2,1770,1768,1770,111,1,1,60,2,2,0.10940732200015191
s1_1000,S1-505316099,S3,US,selective_v1,0,36,2112,21,0,4,0,4,0.0389092289999553,17,15,1.0,122,0.03957562899995537,1,2027,2026,2027,117,1,1,60,0,1,0.12638340100011192
s1_1000,S1-442590532,S2,US,selective_v1,0,39,298,28,1,6,2,7,0.03076524499988409,19,14,3.0,160,0.03135873300016101,0,264,264,264,81,1,1,60,2,0,0.043842394999956014
s1_1000,S1-442590532,S3,US,selective_v1,0,39,327,28,1,6,2,7,0.033310862000007546,19,16,3.0,175,0.033907220999935817,2,282,280,282,89,1,1,60,2,2,0.04658993599991845
s1_1000,S1-520578486,S2,US,selective_v1,0,51,1839,36,0,1,2,1,0.014087655000821542,24,17,2.0,184,0.015388205000135713,0,1691,1691,1691,117,1,1,60,1,0,0.08420091699986187
s1_1000,S1-520578486,S3,US,selective_v1,0,51,2131,36,0,1,2,1,0.01539496699956544,24,22,2.0,233,0.016808832999913648,0,1959,1959,1959,112,1,1,60,2,0,0.10249787999987348
s1_1000,S1-373716962,S2,India,selective_v1,0,50,1302,91,15,27,14,42,0.04392620399971747,24,20,4.0,483,0.045734230000107345,0,931,931,931,103,1,1,60,3,0,0.09434146300009161
s1_1000,S1-373716962,S3,India,selective_v1,0,50,1250,91,10,29,0,39,0.050484031999985746,24,17,5.0,644,0.05284930799984977,2,1072,1070,1072,107,1,1,60,0,2,0.1069680299999618
s1_1000,S1-221049359,S2,India,selective_v1,0,51,1197,66,0,11,0,11,0.05390566600067359,24,20,4.0,579,0.0557938849999573,1,985,984,985,109,1,1,60,3,1,0.10529531499992117
s1_1000,S1-221049359,S3,India,selective_v1,0,51,1109,66,0,4,0,4,0.04653904100018735,24,19,3.0,416,0.048635431000093376,0,862,862,862,112,1,1,60,1,0,0.09080489699999816
s1_1000,S1-595529200,S2,US,selective_v1,0,30,499,15,0,1,0,1,0.01001064199931534,14,9,1.0,75,0.010370201999876372,1,260,259,260,64,1,1,60,2,1,0.021930849999989732
s1_1000,S1-595529200,S3,US,selective_v1,0,30,626,15,0,1,0,1,0.010350809999181365,14,13,1.0,69,0.010709608000070148,1,302,301,302,53,0,0,53,2,1,0.023910227999976996
s1_1000,S1-448814176,S2,India,selective_v1,0,53,651,91,10,11,0,21,0.014036454000688536,24,20,3.0,181,0.016230437000103848,1,509,508,509,90,1,1,60,1,1,0.042324753999992026
s1_1000,S1-448814176,S3,India,selective_v1,0,53,936,91,6,13,0,19,0.024227630000723366,24,21,2.0,482,0.02650695099987388,1,763,762,763,104,1,1,60,4,1,0.0895880999999008
s1_1000,S1-382839290,S2,India,selective_v1,0,52,2167,55,3,6,0,9,0.019850751000149103,24,20,3.0,343,0.021698476999972627,2,1891,1889,1891,105,1,1,60,3,2,0.11778022299995428
s1_1000,S1-382839290,S3,India,selective_v1,0,52,1629,55,3,9,0,12,0.012341250000417858,24,17,6.0,12,0.013789570999961143,0,1412,1412,1412,114,1,1,60,2,0,0.08497525500001757
s1_1000,S1-437861953,S2,US,selective_v1,0,39,1498,21,0,2,0,2,0.04255225900010373,19,16,3.0,182,0.04327328699991995,0,1384,1384,1384,102,1,1,60,0,0,0.10168834299997798
s1_1000,S1-437861953,S3,US,selective_v1,0,39,1767,21,0,2,0,2,0.045707615999845075,19,16,3.0,190,0.046507242999950904,0,1617,1617,1617,88,1,1,60,1,0,0.11640488300008656
s1_1000,S1-801385283,S2,US,selective_v1,0,53,1167,36,1,0,2,1,0.01413263499898676,24,14,3.0,106,0.015461931999880107,0,776,776,776,100,1,1,60,1,0,0.05032889299991439
s1_1000,S1-801385283,S3,US,selective_v1,0,52,1114,36,3,0,4,3,0.020912815000428964,24,18,6.0,142,0.021979332000000795,1,724,723,724,105,1,1,60,1,1,0.05359971300003963
s1_1000,S1-62792559,S2,India,selective_v1,0,51,578,55,6,13,10,19,0.02703464799969879,24,17,7.0,248,0.02816151299998637,3,372,369,372,84,1,1,60,4,3,0.04765751399986584
s1_1000,S1-62792559,S3,India,selective_v1,0,51,786,55,6,13,10,19,0.027845671999784827,24,19,5.0,481,0.029066583000030732,0,619,619,619,116,1,1,60,2,0,0.05991744500011009
s1_1000,S1-429973350,S2,US,selective_v1,0,45,465,36,3,7,4,10,0.027738719000126366,22,16,4.0,426,0.028616365000061705,0,427,427,427,102,1,1,60,1,0,0.04756884800008265
s1_1000,S1-429973350,S3,US,selective_v1,0,41,602,36,3,9,4,12,0.03305655100052718,20,18,2.0,537,0.033965716000011525,0,540,540,540,107,1,1,60,2,0,0.058276145000036195
s1_1000,S1-959711921,S2,US,selective_v1,0,48,840,28,1,2,3,3,0.013339710999616727,22,15,4.0,87,0.01405099099997642,4,584,580,584,95,1,1,60,1,4,0.03804828400006954
s1_1000,S1-959711921,S3,US,selective_v1,0,48,910,28,1,2,3,3,0.013032091999320983,22,17,4.0,89,0.013780385000018214,2,623,621,623,93,1,1,60,2,2,0.04012700500015853
s1_1000,S1-645636967,S2,India,selective_v1,0,28,927,45,10,16,6,26,0.013727869000604187,13,12,1.0,75,0.014521552000132942,1,639,638,639,106,1,1,60,2,1,0.0464969250001559
s1_1000,S1-645636967,S3,India,selective_v1,0,29,679,45,10,15,6,25,0.021327651000092374,14,12,1.0,230,0.021950014000140072,1,554,553,554,102,1,1,60,3,1,0.0502706219999709
s1_1000,S1-772318966,S2,US,selective_v1,0,52,1060,36,1,2,4,3,0.012124303999826225,24,18,2.0,208,0.01326053899992985,3,845,842,845,104,1,1,60,1,3,0.04813766800020858
s1_1000,S1-772318966,S3,US,selective_v1,0,52,1152,36,1,2,4,3,0.01212365500055057,24,21,2.0,224,0.013254755000161822,7,892,885,892,104,1,1,60,1,7,0.05036487600000328
s1_1000,S1-805666871,S2,India,selective_v1,0,47,945,91,28,16,24,44,0.031496772999844325,23,15,8.0,461,0.0331871759999558,7,723,716,723,101,1,1,60,1,7,0.07049779799990574
s1_1000,S1-805666871,S3,India,selective_v1,0,49,815,91,15,18,0,33,0.04177635499945609,24,13,11.0,364,0.04371805499999937,5,552,551,556,112,1,1,60,1,5,0.0720267369999874
s1_1000,S1-89525072,S2,US,selective_v1,0,52,771,36,0,2,2,2,0.0208344880002187,24,17,1.0,192,0.021878522000179146,0,494,494,494,109,1,1,60,1,0,0.044386637000116025
s1_1000,S1-89525072,S3,US,selective_v1,0,52,775,36,0,2,2,2,0.025127400999963356,24,21,1.0,221,0.026233693999984098,0,505,505,505,102,1,1,60,0,0,0.048740460000090025
s1_1000,S1-334690933,S2,India,selective_v1,0,43,708,66,10,22,13,32,0.030008835000217005,21,11,10.0,224,0.031098935000045458,2,364,362,364,90,1,1,60,2,2,0.049889092000057644
s1_1000,S1-334690933,S3,India,selective_v1,0,41,630,66,10,23,13,33,0.030162011000584243,20,11,9.0,281,0.031189447000087966,3,378,375,378,90,1,1,60,1,3,0.05013401899987002
s1_1000,S1-306911649,S2,India,selective_v1,0,50,899,55,1,13,0,14,0.03053187599971352,24,15,7.0,599,0.03192400199986878,0,844,844,844,114,1,1,60,2,0,0.07449563900013345
s1_1000,S1-306911649,S3,India,selective_v1,0,50,716,55,1,10,0,11,0.03947162400027082,24,17,5.0,431,0.040931052999894746,0,614,614,614,87,1,1,60,1,0,0.07207577500003026
s1_1000,S1-189778694,S2,US,selective_v1,0,31,416,21,1,6,0,7,0.02152551900007893,14,14,0.0,217,0.02193966899994848,2,307,305,307,87,1,1,60,1,2,0.03535314000009748
s1_1000,S1-189778694,S3,US,selective_v1,0,31,456,21,1,6,0,7,0.02285275700000966,14,14,0.0,236,0.023285853000061252,8,314,306,314,79,1,1,60,4,8,0.03713632499989217
s1_1000,S1-264521464,S2,India,selective_v1,0,51,2739,45,1,4,0,5,0.029718104999801653,24,14,6.0,160,0.03124269199997798,8,2427,2419,2427,98,1,1,60,2,8,0.15424462400005723
s1_1000,S1-264521464,S3,India,selective_v1,0,52,3134,45,0,5,0,5,0.04049533500051439,24,18,2.0,375,0.04227753099985421,0,2860,2860,2860,100,1,1,60,0,0,0.21303503299986914
s1_1000,S1-109274691,S2,US,selective_v1,0,41,304,21,0,1,0,1,0.01809392299992396,20,12,5.0,54,0.018659254000112924,1,259,258,259,85,1,1,60,2,1,0.03124461600009454
s1_1000,S1-109274691,S3,US,selective_v1,0,41,336,21,0,1,0,1,0.018893352999839408,20,15,5.0,45,0.019420347000050242,1,253,252,253,75,1,1,60,3,1,0.03061796199995115
s1_1000,S1-241052906,S2,India,selective_v1,0,31,812,91,15,47,14,62,0.04124678999937714,15,10,4.0,382,0.042159602000083396,4,572,568,572,111,1,1,60,1,4,0.07155455699989943
s1_1000,S1-241052906,S3,India,selective_v1,0,45,1474,91,10,49,10,59,0.09292111900003874,22,20,2.0,983,0.09437040700004218,6,1150,1144,1150,113,1,1,60,2,6,0.15314349400000538
s1_1000,S1-20912265,S2,India,selective_v1,0,42,2035,105,28,41,16,69,0.056753802000002906,20,14,6.0,342,0.05825617400000738,1,1758,1757,1758,112,1,1,60,2,1,0.1481877590001659
s1_1000,S1-20912265,S3,India,selective_v1,0,42,2078,105,21,48,16,69,0.05874623199974849,20,16,4.0,445,0.06025328600003377,3,1832,1829,1832,105,1,1,60,3,3,0.1540376949999427
s1_1000,S1-457236191,S2,India,selective_v1,0,42,1490,45,6,12,7,18,0.028781700000536148,20,16,4.0,179,0.029753307999953904,4,1198,1194,1198,110,1,1,60,1,4,0.0913258789998963
s1_1000,S1-457236191,S3,India,selective_v1,0,48,1825,45,1,14,7,15,0.045586265000338244,23,19,3.0,587,0.04700882200017986,10,1640,1630,1640,118,1,1,60,3,10,0.1285874039999726
s1_1000,S1-601233921,S2,US,selective_v1,0,27,224,15,1,2,0,3,0.0054521930005648755,12,11,1.0,47,0.005738740999959191,82,123,116,198,122,1,1,60,1,45,0.014699414999995497
s1_1000,S1-601233921,S3,US,selective_v1,0,27,297,15,1,2,0,3,0.005710702000442325,12,11,1.0,60,0.005994856000143045,71,159,152,223,126,1,1,60,3,45,0.015479852999987997
s1_1000,S1-652724045,S2,US,selective_v1,0,44,470,36,3,9,4,12,0.01413410800046222,20,20,0.0,76,0.014750503000186654,1,341,340,341,76,1,1,60,4,1,0.029132876999938162
s1_1000,S1-652724045,S3,US,selective_v1,0,44,586,36,3,9,4,12,0.020116950000101497,20,20,0.0,149,0.020787550000022748,1,458,457,458,78,1,1,60,1,1,0.04050861100017755
s1_1000,S1-752926413,S2,US,selective_v1,0,35,1128,28,1,8,2,9,0.02141508100021383,17,12,5.0,185,0.02210893999995278,52,877,874,926,137,1,1,60,4,46,0.05980426999985866
s1_1000,S1-752926413,S3,US,selective_v1,0,35,1206,28,1,8,2,9,0.02189318600039769,17,12,5.0,151,0.022567228000070827,50,914,914,964,146,1,1,60,3,47,0.06317832800004908
s1_1000,S1-632381890,S2,India,selective_v1,0,52,2449,91,10,0,0,10,0.01826891099972272,24,18,6.0,221,0.021582435000027544,0,2218,2218,2218,109,1,1,60,1,0,0.1331088990000353
s1_1000,S1-632381890,S3,India,selective_v1,0,52,2334,91,3,6,0,9,0.014022431999137552,24,20,3.0,195,0.016884148999906756,1,2182,2181,2182,112,1,1,60,2,1,0.1246584250000069
s1_1000,S1-568024600,S2,US,selective_v1,0,53,922,36,1,4,3,5,0.019856442999980572,24,22,2.0,62,0.02079790600009801,1,491,490,491,113,1,1,60,2,1,0.04281791399989743
s1_1000,S1-568024600,S3,US,selective_v1,0,53,899,36,1,4,3,5,0.01856755000017074,24,21,2.0,57,0.019450323000000935,0,465,465,465,110,1,1,60,1,0,0.03957259500020882
s1_1000,S1-101003484,S2,India,selective_v1,0,48,669,105,10,25,0,35,0.0683709820009426,24,13,11.0,554,0.07065557900000385,4,557,554,558,109,1,1,60,3,4,0.09827724699994178
s1_1000,S1-101003484,S3,India,selective_v1,0,48,572,105,6,28,0,34,0.06410625700004857,24,13,11.0,530,0.06644518799998878,1,531,530,531,111,1,1,60,1,1,0.0923671570001261
s1_1000,S1-43499921,S2,India,selective_v1,0,51,1540,120,15,37,0,52,0.04608678999966287,24,18,4.0,456,0.04852117499990527,7,1188,1181,1188,115,1,1,60,1,7,0.10935696899991854
s1_1000,S1-43499921,S3,India,selective_v1,0,51,1584,120,6,49,0,55,0.06063095799959228,24,18,5.0,486,0.06297195599995575,16,1245,1244,1260,124,1,1,60,3,16,0.12854108800001995
s1_1000,S1-110256609,S2,US,selective_v1,0,42,1073,21,0,1,0,1,0.013603156999806743,20,15,1.0,260,0.03649915400001191,1,937,936,937,117,1,1,60,2,1,0.07493360300009044
s1_1000,S1-110256609,S3,US,selective_v1,0,42,1031,21,0,1,0,1,0.014087281999763945,20,11,2.0,144,0.014731167000036294,1,895,894,895,106,1,1,60,0,1,0.05245185000012498
s1_1000,S1-487458224,S2,India,selective_v1,0,52,942,120,6,30,0,36,0.03492411999968681,24,23,1.0,544,0.03776837599980354,2,805,803,805,98,1,1,60,1,2,0.08196468100004495
s1_1000,S1-487458224,S3,India,selective_v1,0,52,776,120,3,27,0,30,0.03575885500026743,24,20,3.0,461,0.038773988000002646,1,676,675,676,102,1,1,60,3,1,0.07687898399990445
s1_1000,S1-929842045,S2,US,selective_v1,0,51,2299,28,0,1,4,1,0.00968838600010713,23,13,1.0,107,0.01088423999999577,1,2122,2121,2122,115,1,1,60,1,1,0.10057726700006242
s1_1000,S1-929842045,S3,US,selective_v1,0,45,2828,28,3,3,2,6,0.01478190999932849,20,16,1.0,0,0.015713277000031667,0,2235,2235,2235,104,1,1,60,1,0,0.11571767899999941
s1_1000,S1-281720430,S2,India,selective_v1,0,53,383,78,15,0,0,15,0.011980400999846097,24,17,4.0,24,0.013892793999957576,1,226,225,226,78,1,1,60,2,1,0.0263362270000016
s1_1000,S1-281720430,S3,India,selective_v1,0,53,324,78,10,5,0,15,0.01258169499988071,24,15,5.0,27,0.014371687999982896,0,214,214,214,78,1,1,60,0,0,0.02509234799981641
s1_1000,S1-721565573,S2,India,selective_v1,0,51,4333,120,36,27,18,63,0.04962804500019047,24,16,8.0,324,0.05214661799982423,0,3751,3751,3751,105,1,1,60,3,0,0.25017336299993076
s1_1000,S1-721565573,S3,India,selective_v1,0,51,3909,120,28,32,0,60,0.050980748000256426,24,13,11.0,245,0.05339061299991954,1,3479,3478,3479,108,1,1,60,4,1,0.23437081500014756
s1_1000,S1-388793139,S2,US,selective_v1,0,41,391,21,1,0,0,1,0.017833568000014566,20,16,4.0,292,0.01850397700013673,2,331,329,331,77,1,1,60,3,2,0.03407279699990795
s1_1000,S1-388793139,S3,US,selective_v1,0,41,267,21,1,0,0,1,0.018499691000215535,20,10,5.0,205,0.019088767000084772,1,243,242,243,80,1,1,60,2,1,0.03000493799981996
s1_1000,S1-332323893,S2,US,selective_v1,0,33,92,15,0,0,0,0,0.005137783999998646,15,6,0.0,84,0.005474197000012282,0,87,87,87,78,1,1,60,0,0,0.009778814000128477
s1_1000,S1-332323893,S3,US,selective_v1,0,21,99,10,0,0,0,0,0.0052239550002468604,10,6,0.0,95,0.005458781000015733,0,96,96,96,74,1,1,60,0,0,0.009902636000106213
s1_1000,S1-841238498,S2,India,selective_v1,0,50,3078,120,10,26,0,36,0.0378343259999383,24,15,9.0,581,0.04094269000006534,9,2981,2972,2981,115,1,1,60,2,9,0.19994365499997002
s1_1000,S1-841238498,S3,India,selective_v1,0,50,2849,120,6,30,0,36,0.03712718200017662,24,16,8.0,281,0.04020525000009911,8,2658,2650,2658,113,1,1,60,3,8,0.20356550199994672
s1_1000,S1-604791387,S2,US,selective_v1,0,49,2057,28,0,0,4,0,0.051718468000672146,24,22,0.0,428,0.05299616600018453,23,1956,1933,1956,116,1,1,60,4,23,0.13939807999986442
s1_1000,S1-604791387,S3,US,selective_v1,0,49,2244,28,0,0,4,0,0.05492871400019794,24,21,1.0,347,0.056210456999906455,27,2170,2143,2170,103,1,1,60,0,27,0.15288542500002222
s1_1000,S1-276163334,S2,India,selective_v1,0,49,824,120,6,34,0,40,0.07604855599970506,24,16,6.0,624,0.07880047999992712,0,717,717,717,89,1,1,60,0,0,0.11674169000002621
s1_1000,S1-276163334,S3,India,selective_v1,0,49,901,120,3,29,0,32,0.07199654800024291,24,19,3.0,770,0.07497870400015927,3,827,824,827,85,1,1,60,0,3,0.11789553299990985
s1_1000,S1-619648344,S2,India,selective_v1,0,50,613,91,21,7,0,28,0.02789055700031895,24,17,7.0,377,0.03000414300004195,0,436,436,436,99,1,1,60,4,0,0.05347000899996601
s1_1000,S1-619648344,S3,India,selective_v1,0,51,802,91,10,15,0,25,0.03232701399997495,24,16,7.0,241,0.03455467399999179,0,594,594,594,91,1,1,60,1,0,0.0657769060001101
s1_1000,S1-267645994,S2,US,selective_v1,0,35,612,45,6,16,6,22,0.05136439399916526,17,13,1.0,323,0.05213788699984434,67,554,553,620,136,1,1,60,0,50,0.07828910600005656
s1_1000,S1-267645994,S3,US,selective_v1,0,32,557,45,6,20,3,26,0.07934044499961601,16,14,2.0,492,0.08008730500000638,53,493,492,545,150,1,1,60,0,48,0.10435804200005805
s1_1000,S1-280004217,S2,US,selective_v1,0,42,1538,21,1,0,0,1,0.017596184999774778,20,14,2.0,400,0.018979210999987117,0,1318,1318,1318,110,1,1,60,0,0,0.07321784299983847
s1_1000,S1-280004217,S3,US,selective_v1,0,42,1395,21,1,0,0,1,0.019081703999745514,20,16,4.0,257,0.019870952000019315,0,1295,1295,1295,109,1,1,60,1,0,0.07663385699993341
s1_1000,S1-183479376,S2,India,selective_v1,0,22,104,66,21,24,10,45,0.019476174999908835,11,6,5.0,58,0.019942808999985573,2,60,58,60,40,0,0,40,2,2,0.02421989399999802
s1_1000,S1-183479376,S3,India,selective_v1,0,26,484,66,10,33,10,43,0.038253296000448245,13,8,4.0,450,0.03900769799997761,0,450,450,450,90,1,1,60,0,0,0.06130201900009524
s1_1000,S1-651332839,S2,India,selective_v1,0,50,3545,78,21,14,20,35,0.018503144000078464,23,20,3.0,0,0.020287283000016032,0,2836,2836,2836,111,1,1,60,3,0,0.16681828600007975
s1_1000,S1-651332839,S3,India,selective_v1,0,52,3663,78,15,19,16,34,0.01956800099992506,24,20,4.0,0,0.021468668000125035,0,2841,2841,2841,104,1,1,60,2,0,0.16579904000013812
s1_1000,S1-325262585,S2,US,selective_v1,0,40,2052,28,1,6,2,7,0.03778910699975313,19,17,2.0,216,0.038867506999849866,2,1612,1610,1612,98,1,1,60,3,2,0.13769017200002054
s1_1000,S1-325262585,S3,US,selective_v1,0,40,1910,28,1,6,2,7,0.03982954100001734,19,15,4.0,198,0.04065971299996818,1,1743,1742,1743,113,1,1,60,2,1,0.11687866099987332
s1_1000,S1-248093324,S2,India,selective_v1,0,48,953,78,15,24,16,39,0.04718000600041705,23,17,3.0,554,0.04903002299988657,0,762,762,762,94,1,1,60,1,0,0.08984168500001033
s1_1000,S1-248093324,S3,India,selective_v1,0,50,1195,78,6,28,0,34,0.06269297699986964,24,20,3.0,825,0.0645204659999763,1,999,998,999,95,1,1,60,1,1,0.11667210400014483
s1_1000,S1-714434823,S2,US,selective_v1,0,50,2613,28,0,1,4,1,0.01670938499910335,23,16,4.0,12,0.017645928999854732,0,2532,2532,2532,104,1,1,60,3,0,0.1256233770000108
s1_1000,S1-714434823,S3,US,selective_v1,0,50,2875,28,0,1,4,1,0.016727328999650126,23,19,4.0,18,0.01772813100001258,1,2763,2762,2763,113,1,1,60,2,1,0.1399578160001056
s1_1000,S1-319895908,S2,India,selective_v1,0,46,926,91,15,35,19,50,0.02714445000037813,22,21,1.0,486,0.028705990999924325,1,630,629,630,99,1,1,60,3,1,0.06252185299990742
s1_1000,S1-319895908,S3,India,selective_v1,0,48,405,91,10,34,24,44,0.02274346199988031,23,12,5.0,196,0.024134832000072493,0,331,331,331,94,1,1,60,0,0,0.04159592800010614
s1_1000,S1-130312518,S2,India,selective_v1,0,23,263,55,21,15,8,36,0.006605660999866814,11,11,0.0,158,0.00707540100006554,1,176,175,176,78,1,1,60,1,1,0.01600171700010833
s1_1000,S1-130312518,S3,India,selective_v1,0,23,251,55,21,15,8,36,0.006691434000458685,11,10,0.0,124,0.007148589000053107,1,135,134,135,76,1,1,60,2,1,0.014163312000164296
s1_1000,S1-337403716,S2,India,selective_v1,0,46,328,55,6,15,12,21,0.023310349999746904,22,16,6.0,277,0.024312449000035485,0,293,293,293,116,1,1,60,1,0,0.03938892699989083
s1_1000,S1-337403716,S3,India,selective_v1,0,38,671,55,6,23,8,29,0.032393884999919464,18,18,0.0,608,0.033352345000139394,1,617,616,617,116,1,1,60,2,1,0.06429501699994944
s1_1000,S1-927196959,S2,US,selective_v1,0,38,711,21,0,3,0,3,0.03692642200098817,18,16,1.0,311,0.03751840300014919,0,671,671,671,93,1,1,60,1,0,0.06553016099996967
s1_1000,S1-927196959,S3,US,selective_v1,0,36,823,21,0,4,0,4,0.03852734100041744,17,17,0.0,365,0.03915845599999557,2,766,764,766,85,1,1,60,2,2,0.07190670700015289
s1_1000,S1-634802275,S2,India,selective_v1,0,35,344,55,15,13,10,28,0.0109747119995518,17,13,4.0,228,0.011718093999888879,1,242,241,242,90,1,1,60,4,1,0.024646522000011828
s1_1000,S1-634802275,S3,India,selective_v1,0,45,688,55,10,11,12,21,0.023439073000190547,22,16,6.0,542,0.02465913800006092,0,548,548,548,99,1,1,60,1,0,0.0516501120000612
s1_1000,S1-610551902,S2,India,selective_v1,0,49,887,91,6,32,0,38,0.06907423800021206,24,12,12.0,421,0.07097277200000462,3,671,668,671,115,1,1,60,1,3,0.1060134989998005
s1_1000,S1-610551902,S3,India,selective_v1,0,49,1207,91,6,27,0,33,0.09101471200028755,24,14,10.0,743,0.09325167499991949,1,1014,1013,1014,116,1,1,60,1,1,0.1451102250000531
s1_1000,S1-763925165,S2,US,selective_v1,0,42,1147,21,0,1,0,1,0.012347377000423876,20,16,1.0,279,0.013085269000157496,0,1001,1001,1001,112,1,1,60,3,0,0.05631386599998223
s1_1000,S1-763925165,S3,US,selective_v1,0,42,1298,21,0,1,0,1,0.01381709200018122,20,17,1.0,285,0.014539606000198546,0,1121,1121,1121,98,1,1,60,1,0,0.06404790200008392
s1_1000,S1-809191477,S2,US,selective_v1,0,51,1038,28,0,2,3,2,0.01778236600080163,23,12,1.0,152,0.018772518999867316,1,721,720,721,80,1,1,60,1,1,0.05026265499986948
s1_1000,S1-809191477,S3,US,selective_v1,0,46,1042,28,1,4,2,5,0.024028137000414063,21,19,2.0,178,0.024744836999843756,3,674,671,674,81,1,1,60,3,3,0.05485733499995149
s1_1000,S1-589408855,S2,India,selective_v1,0,49,860,66,15,12,16,27,0.03679497499933859,23,18,5.0,422,0.038303498000004765,4,694,690,694,108,1,1,60,3,4,0.07444377999991048
s1_1000,S1-589408855,S3,India,selective_v1,0,42,610,66,15,18,13,33,0.03540961100020468,20,18,2.0,505,0.03653009499998916,10,525,515,525,108,1,1,60,3,10,0.06389034900007573
s1_1000,S1-206753882,S2,US,selective_v1,0,51,1617,45,1,4,0,5,0.023656602000301064,24,12,5.0,30,0.025086593999958495,0,1479,1479,1479,107,1,1,60,1,0,0.0872986150000088
s1_1000,S1-206753882,S3,US,selective_v1,0,50,1840,45,3,6,0,9,0.04100858600031643,24,15,8.0,137,0.04235670000002756,0,1693,1693,1693,111,1,1,60,0,0,0.14345897400016838
s1_1000,S1-878306771,S2,US,selective_v1,0,22,455,10,0,0,0,0,0.0044327159996555565,10,6,0.0,18,0.004687471000124788,1,443,442,443,98,1,1,60,0,1,0.024477227000033963
s1_1000,S1-878306771,S3,US,selective_v1,0,22,566,10,0,0,0,0,0.004806618000202434,10,10,0.0,18,0.005054652999888276,4,503,499,503,96,1,1,60,2,4,0.027179652000086207
s1_1000,S1-328097241,S2,US,selective_v1,0,39,1576,21,0,2,0,2,0.034492043000000194,19,19,0.0,419,0.03544896199991854,0,1469,1469,1469,93,1,1,60,0,0,0.09628773700001148
s1_1000,S1-328097241,S3,US,selective_v1,0,39,1605,21,0,2,0,2,0.03792078700030288,19,18,1.0,296,0.03886337500011905,1,1454,1453,1454,84,1,1,60,2,1,0.10124060700013615
s1_1000,S1-829671154,S2,India,selective_v1,0,28,333,55,15,18,8,33,0.03351421299953472,14,8,6.0,309,0.034138902999984566,2,310,309,311,100,1,1,60,4,2,0.05080010200003926
s1_1000,S1-829671154,S3,India,selective_v1,0,27,875,55,10,28,4,38,0.04386710799985849,13,11,1.0,414,0.044538552999938474,4,733,729,733,117,1,1,60,0,4,0.08110146700005316
s1_1000,S1-631246874,S2,India,selective_v1,0,52,2579,120,6,29,0,35,0.054250447000640634,24,20,4.0,365,0.057797637000021496,0,2391,2391,2391,115,1,1,60,2,0,0.18215722400009327
s1_1000,S1-631246874,S3,India,selective_v1,0,52,3010,120,1,23,0,24,0.06650241800025469,24,24,0.0,781,0.06995797399986259,2,2791,2789,2791,108,1,1,60,3,2,0.21292093200008821
s1_1000,S1-544759562,S2,US,selective_v1,0,30,579,15,0,1,0,1,0.011640824000323846,14,10,0.0,260,0.012109545999919646,32,427,395,427,91,1,1,60,0,32,0.030578325999840672
s1_1000,S1-544759562,S3,US,selective_v1,0,30,631,15,0,1,0,1,0.012557537999327906,14,14,0.0,269,0.012999592999904053,34,457,423,457,81,1,1,60,1,34,0.03221944300003088
s1_1000,S1-930744842,S2,India,selective_v1,0,49,1165,91,10,34,0,44,0.062429177999092644,24,22,2.0,962,0.06422319800003606,5,969,964,969,107,1,1,60,3,5,0.11390193900001577
s1_1000,S1-930744842,S3,India,selective_v1,0,50,1426,91,6,31,0,37,0.06530047500018554,24,19,4.0,870,0.06757545300001766,10,1196,1186,1196,113,1,1,60,2,10,0.13026414999990266
s1_1000,S1-108161581,S2,US,selective_v1,0,34,810,21,1,4,0,5,0.02805846400019618,16,12,4.0,169,0.028558601999975508,28,474,446,474,90,1,1,60,1,28,0.04908191300000908
s1_1000,S1-108161581,S3,US,selective_v1,0,33,592,21,1,4,0,5,0.03034036200006085,16,9,4.0,171,0.030874182999923505,25,528,503,528,89,1,1,60,1,25,0.05364712400000826
s1_1000,S1-130260765,S2,India,selective_v1,0,40,813,36,3,10,4,13,0.0255330660004347,19,16,3.0,220,0.026280776999783484,1,632,631,632,108,1,1,60,2,1,0.05747784400000455
s1_1000,S1-130260765,S3,India,selective_v1,0,44,811,36,1,10,4,11,0.031943170000431564,21,17,4.0,245,0.03276699999992161,3,662,659,662,109,1,1,60,2,3,0.0652869450000253
s1_1000,S1-322705792,S2,US,selective_v1,0,51,2439,36,0,3,4,3,0.025113106999697266,24,13,4.0,46,0.026245072999927288,0,2394,2394,2394,101,1,1,60,2,0,0.12866619900000842
s1_1000,S1-322705792,S3,US,selective_v1,0,49,302,36,1,6,4,7,0.036470189000283426,24,18,6.0,199,0.03740237000010893,1,247,246,247,104,1,1,60,1,1,0.04997717100013688
s1_1000,S1-300047799,S2,US,selective_v1,0,26,2533,15,1,2,0,3,0.010759529999859296,12,10,2.0,44,0.011351257000114856,3,2379,2376,2379,95,1,1,60,2,3,0.11198381200006224
s1_1000,S1-300047799,S3,US,selective_v1,0,25,224,15,1,2,0,3,0.011445786000194857,12,10,2.0,170,0.011813308000000688,5,191,186,191,87,1,1,60,4,5,0.02184723599998506
s1_1000,S1-237606626,S2,US,selective_v1,0,27,453,15,0,3,0,3,0.01889930699985598,12,4,0.0,138,0.019228481000027386,33,333,300,333,80,1,1,60,0,33,0.03313456499995482
s1_1000,S1-237606626,S3,US,selective_v1,0,27,510,15,0,3,0,3,0.019786462999718424,12,12,0.0,155,0.020147187000020494,28,360,332,360,79,1,1,60,1,28,0.03607713499991405
s1_1000,S1-431860747,S2,India,selective_v1,0,48,565,28,3,0,3,3,0.009434335999003451,22,11,3.0,223,0.010212401999979193,0,412,412,412,92,1,1,60,0,0,0.053946811000059824
s1_1000,S1-431860747,S3,India,selective_v1,0,48,869,28,1,2,3,3,0.012096226999801729,22,21,1.0,332,0.012950010999929873,1,540,539,540,93,1,1,60,5,1,0.03901237499985655
s1_1000,S1-552437382,S2,US,selective_v1,0,49,1605,36,3,6,4,9,0.025484898000513567,23,21,1.0,364,0.026559356999996453,0,980,980,980,113,1,1,60,0,0,0.06970091899984254
s1_1000,S1-552437382,S3,US,selective_v1,0,50,1029,45,3,6,0,9,0.024187751000454227,24,20,1.0,513,0.02575618600008056,1,849,848,849,102,1,1,60,3,1,0.06266366399995604
s1_1000,S1-603435619,S2,India,selective_v1,0,50,2051,66,10,10,0,20,0.03542053899923303,24,15,9.0,229,0.037241330999904676,4,1471,1467,1471,116,1,1,60,2,4,0.1115366559999984
s1_1000,S1-603435619,S3,India,selective_v1,0,50,2079,66,6,16,0,22,0.049155542000789865,24,17,6.0,420,0.05096294800000578,7,1618,1611,1618,118,1,1,60,2,7,0.13121369400005278
s1_1000,S1-685335289,S2,US,selective_v1,0,40,1252,21,1,2,0,3,0.0064563490000182355,18,12,0.0,0,0.006980024999847956,0,1174,1174,1174,117,1,1,60,0,0,0.056169691000150124
s1_1000,S1-685335289,S3,US,selective_v1,0,40,1332,21,1,2,0,3,0.0067586190000383795,18,10,0.0,0,0.007325153000010687,1,1244,1243,1244,111,1,1,60,1,1,0.06029894100015554
s1_1000,S1-155779800,S2,US,selective_v1,0,49,771,45,1,6,0,7,0.05111284599956889,24,16,5.0,613,0.05248614200013435,1,686,685,686,112,1,1,60,2,1,0.0823547579998376
s1_1000,S1-155779800,S3,US,selective_v1,0,48,803,45,3,9,5,12,0.06344168800001171,24,15,9.0,754,0.06472230500003207,1,755,754,755,117,1,1,60,1,1,0.09838531400009742
s1_1000,S1-501849627,S2,India,selective_v1,0,50,857,120,0,5,0,5,0.05074696300107462,24,22,1.0,380,0.05442025399997874,2,732,731,733,95,1,1,60,1,2,0.09389630600003329
s1_1000,S1-501849627,S3,India,selective_v1,0,51,1040,120,0,1,0,1,0.04933953199952157,24,22,1.0,343,0.05316541599995617,4,921,921,925,101,1,1,60,1,4,0.10399167099990336
s1_1000,S1-262004414,S2,US,selective_v1,0,45,801,21,0,0,0,0,0.006984843999816803,21,15,0.0,58,0.007548604000021442,0,774,774,774,116,1,1,60,2,0,0.04047304100004112
s1_1000,S1-262004414,S3,US,selective_v1,0,44,735,21,0,0,0,0,0.01214837300040017,21,20,1.0,91,0.012729115999945861,0,634,634,634,111,1,1,60,3,0,0.04041179699993336
s1_1000,S1-745903635,S2,US,selective_v1,0,39,1305,28,1,6,2,7,0.03571186700037288,19,17,2.0,392,0.03663604200005466,3,1093,1090,1093,110,1,1,60,1,3,0.083305024000083
s1_1000,S1-745903635,S3,US,selective_v1,0,39,1374,28,1,6,2,7,0.03903798900023503,19,16,3.0,441,0.03994594200003121,3,1264,1261,1264,111,1,1,60,1,3,0.09555994000015744
s1_1000,S1-656765074,S2,India,selective_v1,0,43,1606,78,21,20,16,41,0.03320380299987846,21,14,7.0,271,0.034618371000078696,1,1173,1172,1173,117,1,1,60,3,1,0.09665594599982796
s1_1000,S1-656765074,S3,India,selective_v1,0,41,2003,78,15,27,16,42,0.03759672500018496,20,15,5.0,468,0.03927727599989339,3,1432,1429,1432,116,1,1,60,1,3,0.1110145669999838
s1_1000,S1-904386702,S2,US,selective_v1,0,51,725,36,1,4,2,5,0.03319924499987792,24,17,5.0,357,0.034286656999938714,3,552,549,552,83,1,1,60,1,3,0.05891976799989607
s1_1000,S1-904386702,S3,US,selective_v1,0,51,513,36,1,5,4,6,0.022845314999585753,24,18,6.0,168,0.023827385000004142,1,366,365,366,82,1,1,60,1,1,0.04019881399995029
s1_1000,S1-337125619,S2,US,selective_v1,0,38,2291,21,1,2,0,3,0.015320574000043052,18,16,1.0,395,0.016191847000072812,5,2100,2095,2100,107,1,1,60,2,5,0.1036050200000318
s1_1000,S1-337125619,S3,US,selective_v1,0,38,2519,21,1,2,0,3,0.017291700999976456,18,16,2.0,326,0.018152152999846294,2,2331,2329,2331,105,1,1,60,2,2,0.1460707219998767
s1_1000,S1-514177496,S2,India,selective_v1,0,40,718,55,6,20,10,26,0.021662132000301426,19,19,0.0,208,0.022560736000059478,1,490,489,490,112,1,1,60,3,1,0.04865000599988889
s1_1000,S1-514177496,S3,India,selective_v1,0,46,889,55,3,20,10,23,0.04387922699993396,22,21,0.0,402,0.04504607700005181,0,691,691,691,105,1,1,60,1,0,0.08048887499990087
s1_1000,S1-395601309,S2,India,selective_v1,0,49,767,66,3,10,0,13,0.03412695999963944,24,18,6.0,352,0.03590026300003046,5,512,511,516,93,1,1,60,2,5,0.06245943399994758
s1_1000,S1-395601309,S3,India,selective_v1,0,49,784,66,3,9,0,12,0.04197530499982349,24,18,6.0,467,0.0440072040000814,8,628,620,628,113,1,1,60,4,8,0.07521293099989634
s1_1000,S1-577698852,S2,India,selective_v1,0,41,276,36,3,10,4,13,0.010672520998923574,19,19,0.0,205,0.011274597999999969,3,230,227,230,78,1,1,60,2,3,0.02282855499993275
s1_1000,S1-577698852,S3,India,selective_v1,0,49,356,36,0,9,4,9,0.03052541200054293,23,14,3.0,269,0.03132133899998735,1,296,295,296,76,1,1,60,3,1,0.04612634499994783
s1_1000,S1-874201682,S2,India,selective_v1,0,52,326,78,3,12,0,15,0.023466973999802576,24,18,4.0,144,0.0253324310001517,0,279,279,279,79,1,1,60,2,0,0.04007034300002488
s1_1000,S1-874201682,S3,India,selective_v1,0,52,296,78,0,12,0,12,0.022189365999338406,24,7,3.0,136,0.02408731900004568,0,279,279,279,79,1,1,60,0,0,0.038823024999828704
s1_1000,S1-126570986,S2,US,selective_v1,0,33,3013,15,0,0,0,0,0.011244089000228996,15,14,0.0,77,0.011864321999837557,0,2959,2959,2959,109,1,1,60,1,0,0.13621024899998702
s1_1000,S1-126570986,S3,US,selective_v1,0,32,612,15,0,0,0,0,0.01193763100036449,15,12,0.0,92,0.012331698000025426,1,596,595,596,101,1,1,60,1,1,0.039094064999972034
s1_1000,S1-671207789,S2,US,selective_v1,0,43,728,28,1,5,2,6,0.020243382000217025,20,16,1.0,327,0.020948185999941416,1,519,518,519,95,1,1,60,2,1,0.043502775999968435
s1_1000,S1-671207789,S3,US,selective_v1,0,45,829,28,1,4,2,5,0.0284157270009473,21,18,3.0,369,0.02940971099997114,1,574,573,574,112,1,1,60,2,1,0.054072862000111854
s1_1000,S1-708363043,S2,US,selective_v1,0,51,991,36,1,4,4,5,0.0283221720005713,24,22,2.0,200,0.02929008099999919,1,581,580,581,95,1,1,60,3,1,0.054132005999917965
s1_1000,S1-708363043,S3,US,selective_v1,0,50,822,36,1,4,4,5,0.030025553999848853,24,20,1.0,330,0.031141388999913033,0,754,754,754,108,1,1,60,2,0,0.06321950799997467
s1_1000,S1-614088401,S2,US,selective_v1,0,47,751,28,0,4,2,4,0.030616707999797654,22,18,3.0,178,0.031338226000116265,0,488,488,488,92,1,1,60,1,0,0.05251946399994267
s1_1000,S1-614088401,S3,US,selective_v1,0,41,694,28,1,6,2,7,0.023806590000049255,19,12,1.0,159,0.024456394000026194,0,469,469,469,84,1,1,60,0,0,0.044985493000012866
s1_1000,S1-569680730,S2,US,selective_v1,0,52,619,45,1,6,0,7,0.023411320000150226,24,22,2.0,217,0.024586503000136872,1,451,450,451,99,1,1,60,1,1,0.043907242000159385
s1_1000,S1-569680730,S3,US,selective_v1,0,52,713,45,1,6,0,7,0.030138696999756576,24,19,2.0,297,0.03166478200000711,1,542,541,542,98,1,1,60,2,1,0.055721458999869355
s1_1000,S1-767358074,S2,US,selective_v1,0,34,550,15,0,0,0,0,0.007268379000606728,15,10,1.0,16,0.007619901999987633,1,351,350,351,89,1,1,60,1,1,0.022773577999942063
s1_1000,S1-767358074,S3,US,selective_v1,0,32,579,15,0,1,0,1,0.002654643999903783,14,14,0.0,22,0.003008079999972324,1,353,352,353,81,1,1,60,2,1,0.018689064000000144
s1_1000,S1-322487719,S2,India,selective_v1,0,44,942,45,1,15,7,16,0.0571138929992685,22,15,7.0,571,0.05819493299986789,2,573,571,573,80,1,1,60,1,2,0.08635204999995949
s1_1000,S1-322487719,S3,India,selective_v1,0,50,1476,55,1,21,5,22,0.06656709699950625,24,21,3.0,604,0.06800321100013207,4,855,851,855,78,1,1,60,3,4,0.10947696900007031
s1_1000,S1-984079639,S2,US,selective_v1,0,28,329,15,0,2,0,2,0.019743397000183904,13,12,1.0,193,0.02012885199997072,2,241,239,241,113,1,1,60,2,2,0.030747244999929535
s1_1000,S1-984079639,S3,US,selective_v1,0,28,397,15,0,2,0,2,0.020323530999576178,13,12,1.0,204,0.020694794000064576,3,270,267,270,107,1,1,60,3,3,0.032360190999952465
s1_1000,S1-594866255,S2,US,selective_v1,0,44,993,21,0,1,0,1,0.007632470999396901,20,18,2.0,0,0.008212075999836088,1,829,828,829,89,1,1,60,1,1,0.04230059800011077
s1_1000,S1-594866255,S3,US,selective_v1,0,44,1148,21,0,1,0,1,0.00822902099980638,20,17,2.0,0,0.008815605999870968,0,991,991,991,85,1,1,60,1,0,0.050696930999947654
s1_1000,S1-30108386,S2,US,selective_v1,0,30,2115,15,0,1,0,1,0.017740554000056363,14,10,3.0,30,0.018275231000188796,4,2019,2015,2019,78,1,1,60,2,4,0.10224497899980634
s1_1000,S1-30108386,S3,US,selective_v1,0,30,2209,15,0,1,0,1,0.018501788999628843,14,9,3.0,41,0.019150763000197912,0,2116,2116,2116,86,1,1,60,1,0,0.11255404500002442
