source1_entity_id,candidate_entity_id,source,country,retrieved_before_cap,survived_final_selection,classification,current_total_per_source,pool_source_rank,final_source_candidate_rank,pass_budget_blocked,provenance,best_retrieval_score,exact_name_rank,exact_address_rank,name_signature_rank,name_token_rank,address_token_rank,numeric_address_rank,char_name_rank,exact_name_score,exact_address_score,name_signature_score,name_token_score,address_token_score,numeric_address_score,char_name_score,target_country,country_equal,normalized_name_equal,normalized_address_equal,name_signature_equal,shared_name_token_count,shared_address_token_count,shared_numeric_token_count,name_token_jaccard,address_token_jaccard,numeric_overlap,min_shared_name_token_df,min_shared_address_token_df,min_shared_numeric_token_df,shared_name_tokens_json,shared_address_tokens_json,shared_numeric_tokens_json,current_rare_df_eligible,current_rare_rule_retrievable,rare_term_limit_blocked,intersection_reasons,intersection_evidence_json,intersection_term_omitted,intersection_anchor_df_exceeded,intersection_pair_budget_exceeded,intersection_intersection_overflow,intersection_no_usable_combination,intersection_other_unresolved,name_60_eligible,name_60_retrievable,name_120_eligible,name_120_retrievable,name_250_eligible,name_250_retrievable,name_500_eligible,name_500_retrievable,name_1000_eligible,name_1000_retrievable,address_40_eligible,address_40_retrievable,address_80_eligible,address_80_retrievable,address_160_eligible,address_160_retrievable,address_320_eligible,address_320_retrievable,address_640_eligible,address_640_retrievable,numeric_250_eligible,numeric_250_retrievable,numeric_500_eligible,numeric_500_retrievable,numeric_1000_eligible,numeric_1000_retrievable,numeric_2500_eligible,numeric_2500_retrievable,numeric_5000_eligible,numeric_5000_retrievable,cap_total_only_40,cap_total_only_50,cap_total_only_60,cap_total_only_80,cap_total_only_100,cap_total_only_120,cap_widen_pass_limits_40,cap_widen_pass_limits_50,cap_widen_pass_limits_60,cap_widen_pass_limits_80,cap_widen_pass_limits_100,cap_widen_pass_limits_120
S1-100321167,S3-467641543,S3,US,True,False,cap_ranking_miss,40,142,45,False,address_token,68.5654234335,0,0,0,0,9,0,0,0,0,0,0,68.5654234335,0,0,,,,,,,,,,,,,,,,,,,,,,,,,,,,,,,,,,,,,,,,,,,,,,,,,,,,,,,,,,,False,True,True,True,True,True,False,False,False,False,False,False
S1-101329822,S3-643210573,S3,US,True,False,cap_ranking_miss,40,189,44,False,name_token|address_token,66.2668996438,0,0,0,4,10,0,0,0,0,0,66.2668996438,58.3888497892,0,0,,,,,,,,,,,,,,,,,,,,,,,,,,,,,,,,,,,,,,,,,,,,,,,,,,,,,,,,,,,False,True,True,True,True,True,False,False,False,False,False,False
S1-101329822,S3-82095441,S3,US,True,False,cap_ranking_miss,40,190,45,False,name_token|address_token,66.2668996438,0,0,0,5,11,0,0,0,0,0,66.2668996438,58.3888497892,0,0,,,,,,,,,,,,,,,,,,,,,,,,,,,,,,,,,,,,,,,,,,,,,,,,,,,,,,,,,,,False,True,True,True,True,True,False,False,False,False,False,False
S1-101329822,S3-907836171,S3,US,True,False,cap_ranking_miss,40,188,43,False,name_token|address_token,79.2436119274,0,0,0,3,8,0,0,0,0,0,79.2436119274,69.4479515137,0,0,,,,,,,,,,,,,,,,,,,,,,,,,,,,,,,,,,,,,,,,,,,,,,,,,,,,,,,,,,,False,True,True,True,True,True,False,False,False,False,False,False
S1-102330347,S3-676032492,S3,US,True,False,cap_ranking_miss,40,48,48,False,name_token|address_token,46.7455589365,0,0,0,37,12,0,0,0,0,0,26.2639071503,46.7455589365,0,0,,,,,,,,,,,,,,,,,,,,,,,,,,,,,,,,,,,,,,,,,,,,,,,,,,,,,,,,,,,False,True,True,True,True,True,False,True,True,True,True,True
S1-10393601,S3-174873239,S3,US,True,False,cap_ranking_miss,40,64,64,False,address_token,85.8729131513,0,0,0,0,1,0,0,0,0,0,0,85.8729131513,0,0,,,,,,,,,,,,,,,,,,,,,,,,,,,,,,,,,,,,,,,,,,,,,,,,,,,,,,,,,,,False,False,False,True,True,True,False,False,False,True,True,True
S1-10393601,S3-483715878,S3,US,True,False,cap_ranking_miss,40,83,83,False,address_token,84.7820040604,0,0,0,0,3,0,0,0,0,0,0,84.7820040604,0,0,,,,,,,,,,,,,,,,,,,,,,,,,,,,,,,,,,,,,,,,,,,,,,,,,,,,,,,,,,,False,False,False,False,True,True,False,False,False,False,True,True
S1-10393601,S3-608489097,S3,US,True,False,cap_ranking_miss,40,65,65,False,address_token,85.8729131513,0,0,0,0,2,0,0,0,0,0,0,85.8729131513,0,0,,,,,,,,,,,,,,,,,,,,,,,,,,,,,,,,,,,,,,,,,,,,,,,,,,,,,,,,,,,False,False,False,True,True,True,False,False,False,True,True,True
S1-108161581,S3-482017628,S3,US,True,False,cap_ranking_miss,40,86,75,False,name_token|address_token,61.2656576948,0,0,0,1,73,0,0,0,0,0,61.2656576948,42.2858712889,0,0,,,,,,,,,,,,,,,,,,,,,,,,,,,,,,,,,,,,,,,,,,,,,,,,,,,,,,,,,,,False,False,False,True,True,True,False,False,False,False,True,True
S1-108923390,S3-512195578,S3,US,True,False,cap_ranking_miss,40,123,,True,address_token,52.2590621119,0,0,0,0,122,0,0,0,0,0,0,52.2590621119,0,0,,,,,,,,,,,,,,,,,,,,,,,,,,,,,,,,,,,,,,,,,,,,,,,,,,,,,,,,,,,False,False,False,False,False,False,False,False,False,False,False,False
S1-108923390,S3-899166480,S3,US,True,False,cap_ranking_miss,40,125,,True,address_token,52.2590621119,0,0,0,0,124,0,0,0,0,0,0,52.2590621119,0,0,,,,,,,,,,,,,,,,,,,,,,,,,,,,,,,,,,,,,,,,,,,,,,,,,,,,,,,,,,,False,False,False,False,False,False,False,False,False,False,False,False
S1-111906316,S3-409297273,S3,US,True,False,cap_ranking_miss,40,65,53,False,name_token|address_token,94.531408286,0,0,0,2,1,0,0,0,0,0,94.531408286,77.7204834617,0,0,,,,,,,,,,,,,,,,,,,,,,,,,,,,,,,,,,,,,,,,,,,,,,,,,,,,,,,,,,,False,False,True,True,True,True,False,False,False,True,True,True
S1-113429852,S3-11233401,S3,US,True,False,cap_ranking_miss,40,172,89,False,address_token,71.6462661739,0,0,0,0,1,0,0,0,0,0,0,71.6462661739,0,0,,,,,,,,,,,,,,,,,,,,,,,,,,,,,,,,,,,,,,,,,,,,,,,,,,,,,,,,,,,False,False,False,False,True,True,False,False,False,False,False,False
S1-120991979,S3-390324615,S3,US,True,False,cap_ranking_miss,40,108,50,False,address_token|numeric_address,88.8888888889,0,0,0,0,3,4,0,0,0,0,0,84.7167172704,88.8888888889,0,,,,,,,,,,,,,,,,,,,,,,,,,,,,,,,,,,,,,,,,,,,,,,,,,,,,,,,,,,,False,True,True,True,True,True,False,False,False,False,False,True
S1-121010724,S3-961566008,S3,US,True,False,cap_ranking_miss,40,44,44,False,name_token|address_token,84.6058963164,0,0,0,2,1,0,0,0,0,0,84.6058963164,67.0864284235,0,0,,,,,,,,,,,,,,,,,,,,,,,,,,,,,,,,,,,,,,,,,,,,,,,,,,,,,,,,,,,False,True,True,True,True,True,False,True,True,True,True,True
S1-123083667,S2-79036928,S2,US,True,False,cap_ranking_miss,40,52,44,False,name_token|address_token|numeric_address,96.6666666667,0,0,0,5,2,2,0,0,0,0,52.7011794831,89.5322687227,96.6666666667,0,,,,,,,,,,,,,,,,,,,,,,,,,,,,,,,,,,,,,,,,,,,,,,,,,,,,,,,,,,,False,True,True,True,True,True,False,False,True,True,True,True
S1-123083667,S3-969429192,S3,US,True,False,cap_ranking_miss,40,76,63,False,name_token|address_token,66.521174629,0,0,0,10,2,0,0,0,0,0,52.8009060347,66.521174629,0,0,,,,,,,,,,,,,,,,,,,,,,,,,,,,,,,,,,,,,,,,,,,,,,,,,,,,,,,,,,,False,False,False,True,True,True,False,False,False,True,True,True
S1-131848260,S3-441839782,S3,US,True,False,cap_ranking_miss,40,91,44,False,address_token|numeric_address,96.7247773915,0,0,0,0,1,9,0,0,0,0,0,96.7247773915,87.5,0,,,,,,,,,,,,,,,,,,,,,,,,,,,,,,,,,,,,,,,,,,,,,,,,,,,,,,,,,,,False,True,True,True,True,True,False,False,False,False,True,True
S1-132547250,S3-243694609,S3,US,True,False,cap_ranking_miss,40,83,43,False,address_token,64.9165799073,0,0,0,0,2,0,0,0,0,0,0,64.9165799073,0,0,,,,,,,,,,,,,,,,,,,,,,,,,,,,,,,,,,,,,,,,,,,,,,,,,,,,,,,,,,,False,True,True,True,True,True,False,False,False,False,True,True
S1-161231430,S3-197562724,S3,US,True,False,cap_ranking_miss,40,133,62,False,address_token,64.0841856321,0,0,0,0,18,0,0,0,0,0,0,64.0841856321,0,0,,,,,,,,,,,,,,,,,,,,,,,,,,,,,,,,,,,,,,,,,,,,,,,,,,,,,,,,,,,False,False,False,True,True,True,False,False,False,False,False,False
S1-161231430,S3-799947608,S3,US,True,False,cap_ranking_miss,40,124,53,False,address_token,85.9629460332,0,0,0,0,12,0,0,0,0,0,0,85.9629460332,0,0,,,,,,,,,,,,,,,,,,,,,,,,,,,,,,,,,,,,,,,,,,,,,,,,,,,,,,,,,,,False,False,True,True,True,True,False,False,False,False,False,False
S1-162104807,S2-172011203,S2,US,True,False,cap_ranking_miss,40,98,53,False,name_token|address_token,86.3485511184,0,0,0,4,1,0,0,0,0,0,81.5170586683,86.3485511184,0,0,,,,,,,,,,,,,,,,,,,,,,,,,,,,,,,,,,,,,,,,,,,,,,,,,,,,,,,,,,,False,False,True,True,True,True,False,False,False,False,True,True
S1-162104807,S2-574629775,S2,US,True,False,cap_ranking_miss,40,99,54,False,name_token|address_token,86.3485511184,0,0,0,5,3,0,0,0,0,0,42.510133355,86.3485511184,0,0,,,,,,,,,,,,,,,,,,,,,,,,,,,,,,,,,,,,,,,,,,,,,,,,,,,,,,,,,,,False,False,True,True,True,True,False,False,False,False,True,True
S1-162333129,S3-827116953,S3,US,True,False,cap_ranking_miss,40,267,88,False,name_token|address_token,56.1872971915,0,0,0,3,15,0,0,0,0,0,32.9790118273,56.1872971915,0,0,,,,,,,,,,,,,,,,,,,,,,,,,,,,,,,,,,,,,,,,,,,,,,,,,,,,,,,,,,,False,False,False,False,True,True,False,False,False,False,False,False
S1-163567129,S3-224225637,S3,US,True,False,cap_ranking_miss,40,65,43,False,name_token|address_token,70.2038798821,0,0,0,2,3,0,0,0,0,0,70.2038798821,69.5142553761,0,0,,,,,,,,,,,,,,,,,,,,,,,,,,,,,,,,,,,,,,,,,,,,,,,,,,,,,,,,,,,False,True,True,True,True,True,False,False,False,True,True,True
S1-163567129,S3-563373754,S3,US,True,False,cap_ranking_miss,40,64,42,False,name_token|address_token,78.3321958127,0,0,0,3,1,0,0,0,0,0,70.2038798821,78.3321958127,0,0,,,,,,,,,,,,,,,,,,,,,,,,,,,,,,,,,,,,,,,,,,,,,,,,,,,,,,,,,,,False,True,True,True,True,True,False,False,False,True,True,True
S1-163871896,S2-526435982,S2,US,True,False,cap_ranking_miss,40,128,69,False,name_token|address_token,70.4611638145,0,0,0,5,7,0,0,0,0,0,59.6955823416,70.4611638145,0,0,,,,,,,,,,,,,,,,,,,,,,,,,,,,,,,,,,,,,,,,,,,,,,,,,,,,,,,,,,,False,False,False,True,True,True,False,False,False,False,False,False
S1-169386202,S2-124922873,S2,US,True,False,cap_ranking_miss,40,57,43,False,name_token|address_token,83.0834121306,0,0,0,3,8,0,0,0,0,0,66.4068327427,83.0834121306,0,0,,,,,,,,,,,,,,,,,,,,,,,,,,,,,,,,,,,,,,,,,,,,,,,,,,,,,,,,,,,False,True,True,True,True,True,False,False,True,True,True,True
S1-169603011,S2-316332518,S2,US,True,False,cap_ranking_miss,40,161,102,False,name_token|address_token,80.2134922059,0,0,0,2,4,0,0,0,0,0,80.2134922059,69.8731403215,0,0,,,,,,,,,,,,,,,,,,,,,,,,,,,,,,,,,,,,,,,,,,,,,,,,,,,,,,,,,,,False,False,False,False,False,True,False,False,False,False,False,False
S1-169603011,S2-609166475,S2,US,True,False,cap_ranking_miss,40,162,103,False,name_token|address_token,80.2134922059,0,0,0,3,39,0,0,0,0,0,80.2134922059,41.6060289884,0,0,,,,,,,,,,,,,,,,,,,,,,,,,,,,,,,,,,,,,,,,,,,,,,,,,,,,,,,,,,,False,False,False,False,False,True,False,False,False,False,False,False
S1-169603011,S3-961242016,S3,US,True,False,cap_ranking_miss,40,121,53,False,name_token|address_token|numeric_address,100,0,0,0,6,1,1,0,0,0,0,85.4576542191,99.9549499423,100,0,,,,,,,,,,,,,,,,,,,,,,,,,,,,,,,,,,,,,,,,,,,,,,,,,,,,,,,,,,,False,False,True,True,True,True,False,False,False,False,False,False
S1-17322833,S3-30135990,S3,US,True,False,cap_ranking_miss,40,44,44,False,name_token|address_token,77.6508625829,0,0,0,6,3,0,0,0,0,0,77.6508625829,53.3463222498,0,0,,,,,,,,,,,,,,,,,,,,,,,,,,,,,,,,,,,,,,,,,,,,,,,,,,,,,,,,,,,False,True,True,True,True,True,False,True,True,True,True,True
S1-173552005,S3-256803841,S3,US,True,False,cap_ranking_miss,40,67,52,False,address_token|numeric_address,98.4434983359,0,0,0,0,1,1,0,0,0,0,0,98.4434983359,91.1111111111,0,,,,,,,,,,,,,,,,,,,,,,,,,,,,,,,,,,,,,,,,,,,,,,,,,,,,,,,,,,,False,False,True,True,True,True,False,False,False,True,True,True
S1-175575135,S3-956252940,S3,US,True,False,cap_ranking_miss,40,85,47,False,name_token|address_token|numeric_address,96.5714285714,0,0,0,2,1,2,0,0,0,0,75.9208323868,87.3805357621,96.5714285714,0,,,,,,,,,,,,,,,,,,,,,,,,,,,,,,,,,,,,,,,,,,,,,,,,,,,,,,,,,,,False,True,True,True,True,True,False,False,False,False,True,True
S1-178459407,S2-294639779,S2,US,True,False,cap_ranking_miss,40,65,53,False,name_token|address_token,94.8613041001,0,0,0,2,10,0,0,0,0,0,94.8613041001,74.1682319456,0,0,,,,,,,,,,,,,,,,,,,,,,,,,,,,,,,,,,,,,,,,,,,,,,,,,,,,,,,,,,,False,False,True,True,True,True,False,False,False,True,True,True
S1-178801902,S3-589728675,S3,US,True,False,cap_ranking_miss,40,133,45,False,address_token,62.0113114615,0,0,0,0,6,0,0,0,0,0,0,62.0113114615,0,0,,,,,,,,,,,,,,,,,,,,,,,,,,,,,,,,,,,,,,,,,,,,,,,,,,,,,,,,,,,False,True,True,True,True,True,False,False,False,False,False,False
S1-186562421,S2-907511015,S2,US,True,False,cap_ranking_miss,40,260,124,False,name_token|address_token,82.0791416606,0,0,0,3,75,0,0,0,0,0,82.0791416606,48.7435141587,0,0,,,,,,,,,,,,,,,,,,,,,,,,,,,,,,,,,,,,,,,,,,,,,,,,,,,,,,,,,,,False,False,False,False,False,False,False,False,False,False,False,False
S1-192132555,S2-300926425,S2,US,True,False,cap_ranking_miss,40,182,50,False,name_token,70.6981726892,0,0,0,7,0,0,0,0,0,0,70.6981726892,0,0,0,,,,,,,,,,,,,,,,,,,,,,,,,,,,,,,,,,,,,,,,,,,,,,,,,,,,,,,,,,,False,True,True,True,True,True,False,False,False,False,False,False
S1-192179954,S3-925420890,S3,US,True,False,cap_ranking_miss,40,81,43,False,address_token,70.492859038,0,0,0,0,4,0,0,0,0,0,0,70.492859038,0,0,,,,,,,,,,,,,,,,,,,,,,,,,,,,,,,,,,,,,,,,,,,,,,,,,,,,,,,,,,,False,True,True,True,True,True,False,False,False,False,True,True
S1-193050570,S3-603219429,S3,US,True,False,cap_ranking_miss,40,108,41,False,name_token|address_token,81.9063605035,0,0,0,3,3,0,0,0,0,0,81.9063605035,62.3227344034,0,0,,,,,,,,,,,,,,,,,,,,,,,,,,,,,,,,,,,,,,,,,,,,,,,,,,,,,,,,,,,False,True,True,True,True,True,False,False,False,False,False,True
S1-193537794,S3-717808395,S3,US,True,False,cap_ranking_miss,40,69,65,False,name_token|address_token,73.3906035787,0,0,0,6,4,0,0,0,0,0,73.3906035787,65.9114515247,0,0,,,,,,,,,,,,,,,,,,,,,,,,,,,,,,,,,,,,,,,,,,,,,,,,,,,,,,,,,,,False,False,False,True,True,True,False,False,False,True,True,True
S1-196105274,S2-29022066,S2,US,True,False,cap_ranking_miss,40,48,41,False,name_token|address_token,78.5160708663,0,0,0,1,1,0,0,0,0,0,21.3612714341,78.5160708663,0,0,,,,,,,,,,,,,,,,,,,,,,,,,,,,,,,,,,,,,,,,,,,,,,,,,,,,,,,,,,,False,True,True,True,True,True,False,True,True,True,True,True
S1-196342448,S3-509033017,S3,US,True,False,cap_ranking_miss,40,120,51,False,name_token|address_token,85.3296453865,0,0,0,1,1,0,0,0,0,0,85.3296453865,63.4096397595,0,0,,,,,,,,,,,,,,,,,,,,,,,,,,,,,,,,,,,,,,,,,,,,,,,,,,,,,,,,,,,False,False,True,True,True,True,False,False,False,False,False,True
S1-197010175,S2-668371412,S2,US,True,False,cap_ranking_miss,40,59,43,False,name_token|address_token|numeric_address,95.2380952381,0,0,0,2,2,2,0,0,0,0,56.4453367901,90.8096235226,95.2380952381,0,,,,,,,,,,,,,,,,,,,,,,,,,,,,,,,,,,,,,,,,,,,,,,,,,,,,,,,,,,,False,True,True,True,True,True,False,False,True,True,True,True
S1-197191775,S3-420861486,S3,US,True,False,cap_ranking_miss,40,92,45,False,name_token|address_token,70.1677463695,0,0,0,9,5,0,0,0,0,0,67.344842149,70.1677463695,0,0,,,,,,,,,,,,,,,,,,,,,,,,,,,,,,,,,,,,,,,,,,,,,,,,,,,,,,,,,,,False,True,True,True,True,True,False,False,False,False,True,True
S1-197826453,S2-488640764,S2,US,True,False,cap_ranking_miss,40,44,41,False,address_token|numeric_address,103.333333333,0,0,0,0,1,3,0,0,0,0,0,82.4838957283,103.333333333,0,,,,,,,,,,,,,,,,,,,,,,,,,,,,,,,,,,,,,,,,,,,,,,,,,,,,,,,,,,,False,True,True,True,True,True,False,True,True,True,True,True
S1-199153104,S2-620348328,S2,US,True,False,cap_ranking_miss,40,64,42,False,name_token|address_token|numeric_address,97.7777777778,0,0,0,2,2,2,0,0,0,0,55.7848793859,95.0974463024,97.7777777778,0,,,,,,,,,,,,,,,,,,,,,,,,,,,,,,,,,,,,,,,,,,,,,,,,,,,,,,,,,,,False,True,True,True,True,True,False,False,False,True,True,True
S1-199394804,S2-115944039,S2,US,True,False,cap_ranking_miss,40,94,91,False,name_token|address_token,54.6705894852,0,0,0,3,12,0,0,0,0,0,54.6705894852,54.2017503678,0,0,,,,,,,,,,,,,,,,,,,,,,,,,,,,,,,,,,,,,,,,,,,,,,,,,,,,,,,,,,,False,False,False,False,True,True,False,False,False,False,True,True
S1-202344242,S3-406574619,S3,US,True,False,cap_ranking_miss,40,242,44,False,name_token|address_token,79.4597988416,0,0,0,4,8,0,0,0,0,0,79.4597988416,65.5764129122,0,0,,,,,,,,,,,,,,,,,,,,,,,,,,,,,,,,,,,,,,,,,,,,,,,,,,,,,,,,,,,False,True,True,True,True,True,False,False,False,False,False,False
S1-202344242,S3-887309383,S3,US,True,False,cap_ranking_miss,40,243,45,False,name_token|address_token,79.4597988416,0,0,0,5,6,0,0,0,0,0,79.4597988416,66.465301801,0,0,,,,,,,,,,,,,,,,,,,,,,,,,,,,,,,,,,,,,,,,,,,,,,,,,,,,,,,,,,,False,True,True,True,True,True,False,False,False,False,False,False
S1-205327311,S2-262481559,S2,US,True,False,cap_ranking_miss,40,80,43,False,name_token|address_token,58.4193120072,0,0,0,3,1,0,0,0,0,0,58.4193120072,48.3873428774,0,0,,,,,,,,,,,,,,,,,,,,,,,,,,,,,,,,,,,,,,,,,,,,,,,,,,,,,,,,,,,False,True,True,True,True,True,False,False,False,True,True,True
S1-205682178,S2-157387016,S2,US,True,False,cap_ranking_miss,40,70,45,False,name_token|address_token|numeric_address,95.2380952381,0,0,0,2,2,2,0,0,0,0,81.7333481628,84.4211996602,95.2380952381,0,,,,,,,,,,,,,,,,,,,,,,,,,,,,,,,,,,,,,,,,,,,,,,,,,,,,,,,,,,,False,True,True,True,True,True,False,False,False,True,True,True
S1-205906502,S3-441692173,S3,US,True,False,cap_ranking_miss,40,91,49,False,address_token,67.7332316386,0,0,0,0,2,0,0,0,0,0,0,67.7332316386,0,0,,,,,,,,,,,,,,,,,,,,,,,,,,,,,,,,,,,,,,,,,,,,,,,,,,,,,,,,,,,False,True,True,True,True,True,False,False,False,False,True,True
S1-205906502,S3-588360389,S3,US,True,False,cap_ranking_miss,40,95,53,False,address_token,49.182971297,0,0,0,0,8,0,0,0,0,0,0,49.182971297,0,0,,,,,,,,,,,,,,,,,,,,,,,,,,,,,,,,,,,,,,,,,,,,,,,,,,,,,,,,,,,False,False,True,True,True,True,False,False,False,False,True,True
S1-205906502,S3-865674764,S3,US,True,False,cap_ranking_miss,40,96,54,False,address_token,49.182971297,0,0,0,0,10,0,0,0,0,0,0,49.182971297,0,0,,,,,,,,,,,,,,,,,,,,,,,,,,,,,,,,,,,,,,,,,,,,,,,,,,,,,,,,,,,False,False,True,True,True,True,False,False,False,False,True,True
S1-20850883,S2-312279293,S2,US,True,False,cap_ranking_miss,40,86,,True,numeric_address,65.3333333333,0,0,0,0,0,86,0,0,0,0,0,0,65.3333333333,0,,,,,,,,,,,,,,,,,,,,,,,,,,,,,,,,,,,,,,,,,,,,,,,,,,,,,,,,,,,False,False,False,False,False,False,False,False,False,False,True,True
S1-20850883,S2-999396965,S2,US,True,False,cap_ranking_miss,40,87,,True,numeric_address,54.0909090909,0,0,0,0,0,87,0,0,0,0,0,0,54.0909090909,0,,,,,,,,,,,,,,,,,,,,,,,,,,,,,,,,,,,,,,,,,,,,,,,,,,,,,,,,,,,False,False,False,False,False,False,False,False,False,False,True,True
S1-21187652,S3-375685598,S3,US,True,False,cap_ranking_miss,40,272,,True,address_token|numeric_address,52.8859673243,0,0,0,0,48,177,0,0,0,0,0,52.8859673243,45,0,,,,,,,,,,,,,,,,,,,,,,,,,,,,,,,,,,,,,,,,,,,,,,,,,,,,,,,,,,,False,False,False,False,False,False,False,False,False,False,False,False
S1-21187652,S3-607667031,S3,US,True,False,cap_ranking_miss,40,178,109,False,name_token|address_token|numeric_address,83.613608871,0,0,0,4,8,138,0,0,0,0,83.613608871,78.1768889783,59.0909090909,0,,,,,,,,,,,,,,,,,,,,,,,,,,,,,,,,,,,,,,,,,,,,,,,,,,,,,,,,,,,False,False,False,False,False,True,False,False,False,False,False,False
S1-212434211,S3-9092268,S3,US,True,False,cap_ranking_miss,40,102,46,False,name_token|address_token|numeric_address,94.1666666667,0,0,0,3,3,3,0,0,0,0,69.8129669024,82.114667857,94.1666666667,0,,,,,,,,,,,,,,,,,,,,,,,,,,,,,,,,,,,,,,,,,,,,,,,,,,,,,,,,,,,False,True,True,True,True,True,False,False,False,False,False,True
S1-2126064,S3-931518501,S3,US,True,False,cap_ranking_miss,40,114,43,False,name_token|address_token,69.7381303718,0,0,0,3,6,0,0,0,0,0,69.7381303718,52.2725780385,0,0,,,,,,,,,,,,,,,,,,,,,,,,,,,,,,,,,,,,,,,,,,,,,,,,,,,,,,,,,,,False,True,True,True,True,True,False,False,False,False,False,True
S1-212745211,S2-96793618,S2,US,True,False,cap_ranking_miss,40,50,46,False,name_token|address_token,83.359165071,0,0,0,5,75,0,0,0,0,0,83.359165071,63.8879114285,0,0,,,,,,,,,,,,,,,,,,,,,,,,,,,,,,,,,,,,,,,,,,,,,,,,,,,,,,,,,,,False,True,True,True,True,True,False,True,True,True,True,True
S1-233911671,S2-377421669,S2,US,True,False,cap_ranking_miss,40,114,47,False,name_token|address_token,79.2603775872,0,0,0,9,7,0,0,0,0,0,79.2603775872,64.0808517004,0,0,,,,,,,,,,,,,,,,,,,,,,,,,,,,,,,,,,,,,,,,,,,,,,,,,,,,,,,,,,,False,True,True,True,True,True,False,False,False,False,False,True
S1-235159167,S3-501583213,S3,US,True,False,cap_ranking_miss,40,65,43,False,address_token,75.4319689332,0,0,0,0,1,0,0,0,0,0,0,75.4319689332,0,0,,,,,,,,,,,,,,,,,,,,,,,,,,,,,,,,,,,,,,,,,,,,,,,,,,,,,,,,,,,False,True,True,True,True,True,False,False,False,True,True,True
S1-238039681,S3-642588062,S3,US,True,False,cap_ranking_miss,40,89,60,False,name_token|address_token,91.4238999122,0,0,0,2,22,0,0,0,0,0,91.4238999122,51.9701891647,0,0,,,,,,,,,,,,,,,,,,,,,,,,,,,,,,,,,,,,,,,,,,,,,,,,,,,,,,,,,,,False,False,True,True,True,True,False,False,False,False,True,True
S1-238039681,S3-684730998,S3,US,True,False,cap_ranking_miss,40,85,56,False,name_token|address_token|numeric_address,98.5714285714,0,0,0,6,3,2,0,0,0,0,76.362716192,98.3231547988,98.5714285714,0,,,,,,,,,,,,,,,,,,,,,,,,,,,,,,,,,,,,,,,,,,,,,,,,,,,,,,,,,,,False,False,True,True,True,True,False,False,False,False,True,True
S1-239207420,S3-240421738,S3,US,True,False,cap_ranking_miss,40,147,112,False,address_token,39.8636891928,0,0,0,0,23,0,0,0,0,0,0,39.8636891928,0,0,,,,,,,,,,,,,,,,,,,,,,,,,,,,,,,,,,,,,,,,,,,,,,,,,,,,,,,,,,,False,False,False,False,False,True,False,False,False,False,False,False
S1-240842286,S2-930432798,S2,US,True,False,cap_ranking_miss,40,139,42,False,name_token|address_token,75.0031171587,0,0,0,2,2,0,0,0,0,0,75.0031171587,38.6765345803,0,0,,,,,,,,,,,,,,,,,,,,,,,,,,,,,,,,,,,,,,,,,,,,,,,,,,,,,,,,,,,False,True,True,True,True,True,False,False,False,False,False,False
S1-242787830,S3-24179063,S3,US,True,False,cap_ranking_miss,40,84,56,False,name_token|address_token|numeric_address,98.5714285714,0,0,0,9,1,2,0,0,0,0,85.0569749278,97.423459484,98.5714285714,0,,,,,,,,,,,,,,,,,,,,,,,,,,,,,,,,,,,,,,,,,,,,,,,,,,,,,,,,,,,False,False,True,True,True,True,False,False,False,False,True,True
S1-243304930,S3-207218084,S3,US,True,False,cap_ranking_miss,40,139,,True,address_token,54.8150246714,0,0,0,0,136,0,0,0,0,0,0,54.8150246714,0,0,,,,,,,,,,,,,,,,,,,,,,,,,,,,,,,,,,,,,,,,,,,,,,,,,,,,,,,,,,,False,False,False,False,False,False,False,False,False,False,False,False
S1-243982787,S3-299198666,S3,US,True,False,cap_ranking_miss,40,60,51,False,name_token|address_token|numeric_address,102.40528619,0,0,0,4,1,3,0,0,0,0,42.9463393686,102.40528619,95.2380952381,0,,,,,,,,,,,,,,,,,,,,,,,,,,,,,,,,,,,,,,,,,,,,,,,,,,,,,,,,,,,False,False,True,True,True,True,False,False,True,True,True,True
S1-243982787,S3-548091426,S3,US,True,False,cap_ranking_miss,40,62,53,False,address_token|numeric_address,102.40528619,0,0,0,0,3,8,0,0,0,0,0,102.40528619,88.5714285714,0,,,,,,,,,,,,,,,,,,,,,,,,,,,,,,,,,,,,,,,,,,,,,,,,,,,,,,,,,,,False,False,True,True,True,True,False,False,False,True,True,True
S1-243982787,S3-686562130,S3,US,True,False,cap_ranking_miss,40,61,52,False,name_token|address_token|numeric_address,102.40528619,0,0,0,5,4,4,0,0,0,0,40.9115436883,102.40528619,92.5714285714,0,,,,,,,,,,,,,,,,,,,,,,,,,,,,,,,,,,,,,,,,,,,,,,,,,,,,,,,,,,,False,False,True,True,True,True,False,False,False,True,True,True
S1-247829407,S2-706146219,S2,US,True,False,cap_ranking_miss,40,51,49,False,address_token|numeric_address,90,0,0,0,0,1,2,0,0,0,0,0,84.6062092652,90,0,,,,,,,,,,,,,,,,,,,,,,,,,,,,,,,,,,,,,,,,,,,,,,,,,,,,,,,,,,,False,True,True,True,True,True,False,False,True,True,True,True
S1-247829407,S2-734241291,S2,US,True,False,cap_ranking_miss,40,50,48,False,name_token|address_token|numeric_address,103.333333333,0,0,0,1,2,1,0,0,0,0,91.4133697041,84.6062092652,103.333333333,0,,,,,,,,,,,,,,,,,,,,,,,,,,,,,,,,,,,,,,,,,,,,,,,,,,,,,,,,,,,False,True,True,True,True,True,False,True,True,True,True,True
S1-247829407,S3-744946135,S3,US,True,False,cap_ranking_miss,40,43,43,False,address_token|numeric_address,91.2533611613,0,0,0,0,1,2,0,0,0,0,0,91.2533611613,88.3333333333,0,,,,,,,,,,,,,,,,,,,,,,,,,,,,,,,,,,,,,,,,,,,,,,,,,,,,,,,,,,,False,True,True,True,True,True,False,True,True,True,True,True
S1-248843790,S3-442181489,S3,US,True,False,cap_ranking_miss,40,296,89,False,name_token|address_token,70.8374996487,0,0,0,4,3,0,0,0,0,0,62.5512289797,70.8374996487,0,0,,,,,,,,,,,,,,,,,,,,,,,,,,,,,,,,,,,,,,,,,,,,,,,,,,,,,,,,,,,False,False,False,False,True,True,False,False,False,False,False,False
S1-248843790,S3-638449527,S3,US,True,False,cap_ranking_miss,40,143,50,False,name_token|address_token|numeric_address,98.6666666667,0,0,0,3,2,2,0,0,0,0,84.5742734115,86.5791352013,98.6666666667,0,,,,,,,,,,,,,,,,,,,,,,,,,,,,,,,,,,,,,,,,,,,,,,,,,,,,,,,,,,,False,True,True,True,True,True,False,False,False,False,False,False
S1-251458101,S2-978098304,S2,US,True,False,cap_ranking_miss,40,104,41,False,name_token|address_token|numeric_address,111.471112305,0,0,0,119,4,2,0,0,0,0,85.4476262537,111.471112305,103.333333333,0,,,,,,,,,,,,,,,,,,,,,,,,,,,,,,,,,,,,,,,,,,,,,,,,,,,,,,,,,,,False,True,True,True,True,True,False,False,False,False,False,True
S1-251458101,S3-201150428,S3,US,True,False,cap_ranking_miss,40,83,44,False,name_token|address_token|numeric_address,103.186641147,0,0,0,102,5,2,0,0,0,0,82.1795603872,103.186641147,100,0,,,,,,,,,,,,,,,,,,,,,,,,,,,,,,,,,,,,,,,,,,,,,,,,,,,,,,,,,,,False,True,True,True,True,True,False,False,False,False,True,True
S1-255724863,S3-723747998,S3,US,True,False,cap_ranking_miss,40,67,48,False,name_token,73.1384442253,0,0,0,10,0,0,0,0,0,0,73.1384442253,0,0,0,,,,,,,,,,,,,,,,,,,,,,,,,,,,,,,,,,,,,,,,,,,,,,,,,,,,,,,,,,,False,True,True,True,True,True,False,False,False,True,True,True
S1-256272454,S3-150666674,S3,US,True,False,cap_ranking_miss,40,150,41,False,name_token|address_token,70.0487043021,0,0,0,2,2,0,0,0,0,0,70.0487043021,33.9694382481,0,0,,,,,,,,,,,,,,,,,,,,,,,,,,,,,,,,,,,,,,,,,,,,,,,,,,,,,,,,,,,False,True,True,True,True,True,False,False,False,False,False,False
S1-257060601,S3-210527013,S3,US,True,False,cap_ranking_miss,40,117,42,False,name_token|address_token|numeric_address,103.065354811,0,0,0,130,2,2,0,0,0,0,56.460437071,103.065354811,96.6666666667,0,,,,,,,,,,,,,,,,,,,,,,,,,,,,,,,,,,,,,,,,,,,,,,,,,,,,,,,,,,,False,True,True,True,True,True,False,False,False,False,False,True
S1-265935406,S2-549343296,S2,US,True,False,cap_ranking_miss,40,53,47,False,name_token|address_token,83.6304025897,0,0,0,1,3,0,0,0,0,0,82.5829007862,83.6304025897,0,0,,,,,,,,,,,,,,,,,,,,,,,,,,,,,,,,,,,,,,,,,,,,,,,,,,,,,,,,,,,False,True,True,True,True,True,False,False,True,True,True,True
S1-266270821,S3-404430564,S3,US,True,False,cap_ranking_miss,40,112,93,False,name_token|address_token,71.3260867079,0,0,0,64,9,0,0,0,0,0,71.3260867079,62.0391181298,0,0,,,,,,,,,,,,,,,,,,,,,,,,,,,,,,,,,,,,,,,,,,,,,,,,,,,,,,,,,,,False,False,False,False,True,True,False,False,False,False,False,True
S1-266270821,S3-443000469,S3,US,True,False,cap_ranking_miss,40,125,98,False,name_token|address_token,67.9927533746,0,0,0,77,10,0,0,0,0,0,67.9927533746,47.4636388293,0,0,,,,,,,,,,,,,,,,,,,,,,,,,,,,,,,,,,,,,,,,,,,,,,,,,,,,,,,,,,,False,False,False,False,True,True,False,False,False,False,False,False
S1-270872841,S2-388950933,S2,US,True,False,cap_ranking_miss,40,41,41,False,name_token|address_token|numeric_address,97.231113962,0,0,0,20,6,4,0,0,0,0,54.0220402875,97.231113962,94.1666666667,0,,,,,,,,,,,,,,,,,,,,,,,,,,,,,,,,,,,,,,,,,,,,,,,,,,,,,,,,,,,False,True,True,True,True,True,False,True,True,True,True,True
S1-28895207,S2-256343226,S2,US,True,False,cap_ranking_miss,40,121,48,False,name_token|address_token,91.1728332499,0,0,0,36,2,0,0,0,0,0,83.5895354354,91.1728332499,0,0,,,,,,,,,,,,,,,,,,,,,,,,,,,,,,,,,,,,,,,,,,,,,,,,,,,,,,,,,,,False,True,True,True,True,True,False,False,False,False,False,False
S1-28895207,S2-935928534,S2,US,True,False,cap_ranking_miss,40,199,85,False,name_token|address_token,76.7997343073,0,0,0,85,16,0,0,0,0,0,29.7437978979,76.7997343073,0,0,,,,,,,,,,,,,,,,,,,,,,,,,,,,,,,,,,,,,,,,,,,,,,,,,,,,,,,,,,,False,False,False,False,True,True,False,False,False,False,False,False
S1-293314511,S2-804758330,S2,US,True,False,cap_ranking_miss,40,76,64,False,name_token|address_token,72.6781075757,0,0,0,1,4,0,0,0,0,0,68.8259889555,72.6781075757,0,0,,,,,,,,,,,,,,,,,,,,,,,,,,,,,,,,,,,,,,,,,,,,,,,,,,,,,,,,,,,False,False,False,True,True,True,False,False,False,True,True,True
S1-294849152,S2-224208364,S2,US,True,False,cap_ranking_miss,40,110,43,False,name_token|address_token,71.9144387482,0,0,0,2,3,0,0,0,0,0,64.3172327522,71.9144387482,0,0,,,,,,,,,,,,,,,,,,,,,,,,,,,,,,,,,,,,,,,,,,,,,,,,,,,,,,,,,,,False,True,True,True,True,True,False,False,False,False,False,True
S1-294849152,S2-986419780,S2,US,True,False,cap_ranking_miss,40,111,44,False,name_token|address_token,71.9144387482,0,0,0,4,5,0,0,0,0,0,64.3172327522,71.9144387482,0,0,,,,,,,,,,,,,,,,,,,,,,,,,,,,,,,,,,,,,,,,,,,,,,,,,,,,,,,,,,,False,True,True,True,True,True,False,False,False,False,False,True
S1-297025852,S3-931740599,S3,US,True,False,cap_ranking_miss,40,45,,True,name_token|address_token,110,0,0,0,45,59,0,0,0,0,0,110,41.8681777472,0,0,,,,,,,,,,,,,,,,,,,,,,,,,,,,,,,,,,,,,,,,,,,,,,,,,,,,,,,,,,,False,False,False,False,False,False,False,True,True,True,True,True
S1-299399231,S2-151893526,S2,US,True,False,cap_ranking_miss,40,323,82,False,name_token|address_token,75.7216398506,0,0,0,3,4,0,0,0,0,0,66.7828847395,75.7216398506,0,0,,,,,,,,,,,,,,,,,,,,,,,,,,,,,,,,,,,,,,,,,,,,,,,,,,,,,,,,,,,False,False,False,False,True,True,False,False,False,False,False,False
S1-300047799,S3-91690291,S3,US,True,False,cap_ranking_miss,40,75,,True,address_token,64.2358338911,0,0,0,0,55,0,0,0,0,0,0,64.2358338911,0,0,,,,,,,,,,,,,,,,,,,,,,,,,,,,,,,,,,,,,,,,,,,,,,,,,,,,,,,,,,,False,False,False,False,False,False,False,False,False,True,True,True
S1-300978753,S3-572332039,S3,US,True,False,cap_ranking_miss,40,45,44,False,name_token|address_token|numeric_address,100,0,0,0,2,2,2,0,0,0,0,75.7351217405,98.4183645597,100,0,,,,,,,,,,,,,,,,,,,,,,,,,,,,,,,,,,,,,,,,,,,,,,,,,,,,,,,,,,,False,True,True,True,True,True,False,True,True,True,True,True
S1-306162386,S3-624980186,S3,US,True,False,cap_ranking_miss,40,75,50,False,name_token|address_token,93.6268769124,0,0,0,1,18,0,0,0,0,0,93.6268769124,54.243017251,0,0,,,,,,,,,,,,,,,,,,,,,,,,,,,,,,,,,,,,,,,,,,,,,,,,,,,,,,,,,,,False,True,True,True,True,True,False,False,False,True,True,True
S1-308938587,S3-402493692,S3,US,True,False,cap_ranking_miss,40,58,47,False,name_token|address_token|numeric_address,101.904761905,0,0,0,3,1,2,0,0,0,0,71.7054847625,97.5560415915,101.904761905,0,,,,,,,,,,,,,,,,,,,,,,,,,,,,,,,,,,,,,,,,,,,,,,,,,,,,,,,,,,,False,True,True,True,True,True,False,False,True,True,True,True
S1-308938587,S3-857049526,S3,US,True,False,cap_ranking_miss,40,59,48,False,address_token|numeric_address,97.5560415915,0,0,0,0,2,3,0,0,0,0,0,97.5560415915,88.5714285714,0,,,,,,,,,,,,,,,,,,,,,,,,,,,,,,,,,,,,,,,,,,,,,,,,,,,,,,,,,,,False,True,True,True,True,True,False,False,True,True,True,True
S1-312782574,S2-48633449,S2,US,True,False,cap_ranking_miss,40,113,43,False,address_token,68.7751021929,0,0,0,0,2,0,0,0,0,0,0,68.7751021929,0,0,,,,,,,,,,,,,,,,,,,,,,,,,,,,,,,,,,,,,,,,,,,,,,,,,,,,,,,,,,,False,True,True,True,True,True,False,False,False,False,False,True
S1-312782574,S3-666058253,S3,US,True,False,cap_ranking_miss,40,106,42,False,name_token|address_token,71.4806102495,0,0,0,1,2,0,0,0,0,0,71.4806102495,63.7523353477,0,0,,,,,,,,,,,,,,,,,,,,,,,,,,,,,,,,,,,,,,,,,,,,,,,,,,,,,,,,,,,False,True,True,True,True,True,False,False,False,False,False,True
S1-319175901,S3-947892440,S3,US,True,False,cap_ranking_miss,40,48,46,False,name_token|address_token|numeric_address,92.6666666667,0,0,0,6,5,4,0,0,0,0,57.0484494251,82.0284461249,92.6666666667,0,,,,,,,,,,,,,,,,,,,,,,,,,,,,,,,,,,,,,,,,,,,,,,,,,,,,,,,,,,,False,True,True,True,True,True,False,True,True,True,True,True
S1-322487719,S2-60663410,S2,India,True,False,cap_ranking_miss,40,58,41,False,address_token,82.5257543355,0,0,0,0,1,0,0,0,0,0,0,82.5257543355,0,0,,,,,,,,,,,,,,,,,,,,,,,,,,,,,,,,,,,,,,,,,,,,,,,,,,,,,,,,,,,False,True,True,True,True,True,False,False,True,True,True,True
S1-323185397,S2-770274919,S2,US,True,False,cap_ranking_miss,40,237,43,False,name_token|address_token,70.6381533461,0,0,0,14,2,0,0,0,0,0,70.6381533461,63.4491679479,0,0,,,,,,,,,,,,,,,,,,,,,,,,,,,,,,,,,,,,,,,,,,,,,,,,,,,,,,,,,,,False,True,True,True,True,True,False,False,False,False,False,False
S1-330745723,S2-876339462,S2,US,True,False,cap_ranking_miss,40,296,91,False,address_token,71.9557466142,0,0,0,0,22,0,0,0,0,0,0,71.9557466142,0,0,,,,,,,,,,,,,,,,,,,,,,,,,,,,,,,,,,,,,,,,,,,,,,,,,,,,,,,,,,,False,False,False,False,True,True,False,False,False,False,False,False
S1-334233271,S2-489667881,S2,US,True,False,cap_ranking_miss,40,109,42,False,name_token|address_token,72.5312154292,0,0,0,2,2,0,0,0,0,0,72.5312154292,72.271718472,0,0,,,,,,,,,,,,,,,,,,,,,,,,,,,,,,,,,,,,,,,,,,,,,,,,,,,,,,,,,,,False,True,True,True,True,True,False,False,False,False,False,True
S1-334233271,S3-169238337,S3,US,True,False,cap_ranking_miss,40,117,47,False,address_token,52.5268353222,0,0,0,0,9,0,0,0,0,0,0,52.5268353222,0,0,,,,,,,,,,,,,,,,,,,,,,,,,,,,,,,,,,,,,,,,,,,,,,,,,,,,,,,,,,,False,True,True,True,True,True,False,False,False,False,False,True
S1-334233271,S3-864906570,S3,US,True,False,cap_ranking_miss,40,116,46,False,name_token|address_token,72.4891444449,0,0,0,2,10,0,0,0,0,0,72.4891444449,52.5268353222,0,0,,,,,,,,,,,,,,,,,,,,,,,,,,,,,,,,,,,,,,,,,,,,,,,,,,,,,,,,,,,False,True,True,True,True,True,False,False,False,False,False,True
S1-360368359,S3-551255377,S3,US,True,False,cap_ranking_miss,40,78,41,False,name_token,69.8613581241,0,0,0,1,0,0,0,0,0,0,69.8613581241,0,0,0,,,,,,,,,,,,,,,,,,,,,,,,,,,,,,,,,,,,,,,,,,,,,,,,,,,,,,,,,,,False,True,True,True,True,True,False,False,False,True,True,True
S1-360702411,S3-219101190,S3,US,True,False,cap_ranking_miss,40,161,45,False,address_token|numeric_address,77.0385509095,0,0,0,0,3,160,0,0,0,0,0,77.0385509095,55.5555555556,0,,,,,,,,,,,,,,,,,,,,,,,,,,,,,,,,,,,,,,,,,,,,,,,,,,,,,,,,,,,False,True,True,True,True,True,False,False,False,False,False,False
S1-362815713,S3-953760072,S3,US,True,False,cap_ranking_miss,40,47,45,False,name_token|address_token,68.002737421,0,0,0,6,4,0,0,0,0,0,68.002737421,59.5272643419,0,0,,,,,,,,,,,,,,,,,,,,,,,,,,,,,,,,,,,,,,,,,,,,,,,,,,,,,,,,,,,False,True,True,True,True,True,False,True,True,True,True,True
S1-363359945,S3-114782521,S3,US,True,False,cap_ranking_miss,40,95,62,False,name_token|address_token,65.7031391793,0,0,0,24,3,0,0,0,0,0,61.1519357011,65.7031391793,0,0,,,,,,,,,,,,,,,,,,,,,,,,,,,,,,,,,,,,,,,,,,,,,,,,,,,,,,,,,,,False,False,False,True,True,True,False,False,False,False,True,True
S1-364479701,S2-476226350,S2,US,True,False,cap_ranking_miss,40,149,47,False,name_token|address_token,72.7166311558,0,0,0,8,2,0,0,0,0,0,66.8903446276,72.7166311558,0,0,,,,,,,,,,,,,,,,,,,,,,,,,,,,,,,,,,,,,,,,,,,,,,,,,,,,,,,,,,,False,True,True,True,True,True,False,False,False,False,False,False
S1-368235397,S3-252152150,S3,US,True,False,cap_ranking_miss,40,74,46,False,name_token|address_token|numeric_address,101.871621236,0,0,0,1,1,1,0,0,0,0,80.2958324067,101.871621236,99.1666666667,0,,,,,,,,,,,,,,,,,,,,,,,,,,,,,,,,,,,,,,,,,,,,,,,,,,,,,,,,,,,False,True,True,True,True,True,False,False,False,True,True,True
S1-368820270,S2-152658452,S2,US,True,False,cap_ranking_miss,40,140,47,False,address_token,57.9597633512,0,0,0,0,9,0,0,0,0,0,0,57.9597633512,0,0,,,,,,,,,,,,,,,,,,,,,,,,,,,,,,,,,,,,,,,,,,,,,,,,,,,,,,,,,,,False,True,True,True,True,True,False,False,False,False,False,False
S1-37149795,S3-179505244,S3,US,True,False,cap_ranking_miss,40,235,50,False,name_token|address_token,70.3474185046,0,0,0,1,16,0,0,0,0,0,70.3474185046,52.2829895876,0,0,,,,,,,,,,,,,,,,,,,,,,,,,,,,,,,,,,,,,,,,,,,,,,,,,,,,,,,,,,,False,True,True,True,True,True,False,False,False,False,False,False
S1-375669649,S3-297755037,S3,US,True,False,cap_ranking_miss,40,64,42,False,name_token|address_token,73.442590316,0,0,0,3,3,0,0,0,0,0,73.442590316,65.8501153691,0,0,,,,,,,,,,,,,,,,,,,,,,,,,,,,,,,,,,,,,,,,,,,,,,,,,,,,,,,,,,,False,True,True,True,True,True,False,False,False,True,True,True
S1-377560297,S3-421613973,S3,US,True,False,cap_ranking_miss,40,129,42,False,name_token|address_token,75.9214474499,0,0,0,4,6,0,0,0,0,0,75.9214474499,42.7691894284,0,0,,,,,,,,,,,,,,,,,,,,,,,,,,,,,,,,,,,,,,,,,,,,,,,,,,,,,,,,,,,False,True,True,True,True,True,False,False,False,False,False,False
S1-377560297,S3-796222468,S3,US,True,False,cap_ranking_miss,40,130,43,False,name_token|address_token,75.9214474499,0,0,0,5,8,0,0,0,0,0,75.9214474499,39.4677517484,0,0,,,,,,,,,,,,,,,,,,,,,,,,,,,,,,,,,,,,,,,,,,,,,,,,,,,,,,,,,,,False,True,True,True,True,True,False,False,False,False,False,False
S1-379116236,S2-493953594,S2,US,True,False,cap_ranking_miss,40,99,48,False,address_token,78.9818971173,0,0,0,0,5,0,0,0,0,0,0,78.9818971173,0,0,,,,,,,,,,,,,,,,,,,,,,,,,,,,,,,,,,,,,,,,,,,,,,,,,,,,,,,,,,,False,True,True,True,True,True,False,False,False,False,True,True
S1-383744417,S2-586601789,S2,US,True,False,cap_ranking_miss,40,54,50,False,name_token|address_token|numeric_address,98.8888888889,0,0,0,3,4,2,0,0,0,0,70.3198184873,81.8342329403,98.8888888889,0,,,,,,,,,,,,,,,,,,,,,,,,,,,,,,,,,,,,,,,,,,,,,,,,,,,,,,,,,,,False,True,True,True,True,True,False,False,True,True,True,True
S1-387363895,S3-403908632,S3,US,True,False,cap_ranking_miss,40,98,45,False,address_token,65.8902815474,0,0,0,0,1,0,0,0,0,0,0,65.8902815474,0,0,,,,,,,,,,,,,,,,,,,,,,,,,,,,,,,,,,,,,,,,,,,,,,,,,,,,,,,,,,,False,True,True,True,True,True,False,False,False,False,True,True
S1-38907587,S3-544944742,S3,US,True,False,cap_ranking_miss,40,78,57,False,name_token|address_token,89.2559610114,0,0,0,2,114,0,0,0,0,0,89.2559610114,38.2727495479,0,0,,,,,,,,,,,,,,,,,,,,,,,,,,,,,,,,,,,,,,,,,,,,,,,,,,,,,,,,,,,False,False,True,True,True,True,False,False,False,True,True,True
S1-391169887,S3-400069653,S3,US,True,False,cap_ranking_miss,40,76,55,False,name_token|address_token,81.7968965831,0,0,0,11,4,0,0,0,0,0,81.7968965831,70.5698811165,0,0,,,,,,,,,,,,,,,,,,,,,,,,,,,,,,,,,,,,,,,,,,,,,,,,,,,,,,,,,,,False,False,True,True,True,True,False,False,False,True,True,True
S1-391169887,S3-417848227,S3,US,True,False,cap_ranking_miss,40,67,46,False,address_token,88.4403103014,0,0,0,0,1,0,0,0,0,0,0,88.4403103014,0,0,,,,,,,,,,,,,,,,,,,,,,,,,,,,,,,,,,,,,,,,,,,,,,,,,,,,,,,,,,,False,True,True,True,True,True,False,False,False,True,True,True
S1-39277442,S3-608012306,S3,US,True,False,cap_ranking_miss,40,111,45,False,name_token|address_token|numeric_address,65.605757866,0,0,0,4,5,110,0,0,0,0,60.4115836481,65.605757866,56.6666666667,0,,,,,,,,,,,,,,,,,,,,,,,,,,,,,,,,,,,,,,,,,,,,,,,,,,,,,,,,,,,False,True,True,True,True,True,False,False,False,False,False,True
S1-394191447,S3-662605769,S3,India,True,False,cap_ranking_miss,40,67,41,False,name_token|address_token,81.5159481966,0,0,0,2,121,0,0,0,0,0,81.5159481966,27.2352434967,0,0,,,,,,,,,,,,,,,,,,,,,,,,,,,,,,,,,,,,,,,,,,,,,,,,,,,,,,,,,,,False,True,True,True,True,True,False,False,False,True,True,True
S1-395613655,S3-267388900,S3,US,True,False,cap_ranking_miss,40,118,55,False,name_token|address_token|numeric_address,99.927307651,0,0,0,6,6,2,0,0,0,0,78.2329319922,99.927307651,98.5714285714,0,,,,,,,,,,,,,,,,,,,,,,,,,,,,,,,,,,,,,,,,,,,,,,,,,,,,,,,,,,,False,False,True,True,True,True,False,False,False,False,False,True
S1-395613655,S3-870325922,S3,US,True,False,cap_ranking_miss,40,119,56,False,name_token|address_token|numeric_address,99.927307651,0,0,0,7,13,7,0,0,0,0,45.1283667895,99.927307651,92.5714285714,0,,,,,,,,,,,,,,,,,,,,,,,,,,,,,,,,,,,,,,,,,,,,,,,,,,,,,,,,,,,False,False,True,True,True,True,False,False,False,False,False,True
S1-404612498,S3-713238053,S3,US,True,False,cap_ranking_miss,40,87,82,False,name_token|address_token,56.9610364639,0,0,0,3,23,0,0,0,0,0,56.9610364639,56.9003480785,0,0,,,,,,,,,,,,,,,,,,,,,,,,,,,,,,,,,,,,,,,,,,,,,,,,,,,,,,,,,,,False,False,False,False,True,True,False,False,False,False,True,True
S1-409176003,S2-411217144,S2,US,True,False,cap_ranking_miss,40,66,55,False,name_token|address_token,100.863407624,0,0,0,1,2,0,0,0,0,0,100.863407624,97.3890749788,0,0,,,,,,,,,,,,,,,,,,,,,,,,,,,,,,,,,,,,,,,,,,,,,,,,,,,,,,,,,,,False,False,True,True,True,True,False,False,False,True,True,True
S1-409176003,S3-665112967,S3,US,True,False,cap_ranking_miss,40,51,49,False,name_token|address_token|numeric_address,95.9917110156,0,0,0,1,2,1,0,0,0,0,95.9917110156,84.3010796921,95,0,,,,,,,,,,,,,,,,,,,,,,,,,,,,,,,,,,,,,,,,,,,,,,,,,,,,,,,,,,,False,True,True,True,True,True,False,False,True,True,True,True
S1-409932012,S3-643110962,S3,US,True,False,cap_ranking_miss,40,63,51,False,name_token|address_token|numeric_address,60.5639254813,0,0,0,8,4,53,0,0,0,0,60.5639254813,56.3952779049,55,0,,,,,,,,,,,,,,,,,,,,,,,,,,,,,,,,,,,,,,,,,,,,,,,,,,,,,,,,,,,False,False,True,True,True,True,False,False,False,True,True,True
S1-412918045,S2-233428969,S2,US,True,False,cap_ranking_miss,40,174,45,False,address_token,55.3726456705,0,0,0,0,3,0,0,0,0,0,0,55.3726456705,0,0,,,,,,,,,,,,,,,,,,,,,,,,,,,,,,,,,,,,,,,,,,,,,,,,,,,,,,,,,,,False,True,True,True,True,True,False,False,False,False,False,False
S1-412918045,S3-578091336,S3,US,True,False,cap_ranking_miss,40,167,45,False,name_token|address_token|numeric_address,103.942798791,0,0,0,3,2,2,0,0,0,0,69.5552146513,103.942798791,102,0,,,,,,,,,,,,,,,,,,,,,,,,,,,,,,,,,,,,,,,,,,,,,,,,,,,,,,,,,,,False,True,True,True,True,True,False,False,False,False,False,False
S1-412918045,S3-662038702,S3,US,True,False,cap_ranking_miss,40,168,46,False,address_token|numeric_address,100.290335077,0,0,0,0,3,3,0,0,0,0,0,100.290335077,90.9090909091,0,,,,,,,,,,,,,,,,,,,,,,,,,,,,,,,,,,,,,,,,,,,,,,,,,,,,,,,,,,,False,True,True,True,True,True,False,False,False,False,False,False
S1-420298538,S3-349881104,S3,US,True,False,cap_ranking_miss,40,174,68,False,address_token,74.3934375336,0,0,0,0,2,0,0,0,0,0,0,74.3934375336,0,0,,,,,,,,,,,,,,,,,,,,,,,,,,,,,,,,,,,,,,,,,,,,,,,,,,,,,,,,,,,False,False,False,True,True,True,False,False,False,False,False,False
S1-451182942,S3-247759212,S3,US,True,False,cap_ranking_miss,40,186,66,False,name_token|address_token,52.3160015951,0,0,0,2,6,0,0,0,0,0,52.3160015951,50.6545670723,0,0,,,,,,,,,,,,,,,,,,,,,,,,,,,,,,,,,,,,,,,,,,,,,,,,,,,,,,,,,,,False,False,False,True,True,True,False,False,False,False,False,False
S1-452747502,S2-4288875,S2,US,True,False,cap_ranking_miss,40,117,50,False,name_token|numeric_address,95.2380952381,0,0,0,175,0,2,0,0,0,0,55.7059618481,0,95.2380952381,0,,,,,,,,,,,,,,,,,,,,,,,,,,,,,,,,,,,,,,,,,,,,,,,,,,,,,,,,,,,False,True,True,True,True,True,False,False,False,False,False,True
S1-452747502,S3-616450774,S3,US,True,False,cap_ranking_miss,40,109,43,False,name_token|address_token|numeric_address,98.9661572604,0,0,0,173,2,2,0,0,0,0,55.6017755461,98.9661572604,94.1666666667,0,,,,,,,,,,,,,,,,,,,,,,,,,,,,,,,,,,,,,,,,,,,,,,,,,,,,,,,,,,,False,True,True,True,True,True,False,False,False,False,False,True
S1-45571887,S3-949982146,S3,US,True,False,cap_ranking_miss,40,52,52,False,name_token,55.3638088996,0,0,0,25,0,0,0,0,0,0,55.3638088996,0,0,0,,,,,,,,,,,,,,,,,,,,,,,,,,,,,,,,,,,,,,,,,,,,,,,,,,,,,,,,,,,False,False,True,True,True,True,False,False,True,True,True,True
S1-456586073,S2-727893663,S2,US,True,False,cap_ranking_miss,40,142,91,False,address_token,84.1673946786,0,0,0,0,1,0,0,0,0,0,0,84.1673946786,0,0,,,,,,,,,,,,,,,,,,,,,,,,,,,,,,,,,,,,,,,,,,,,,,,,,,,,,,,,,,,False,False,False,False,True,True,False,False,False,False,False,False
S1-457170041,S3-51038443,S3,US,True,False,cap_ranking_miss,40,45,45,False,name_token|numeric_address,92.380952381,0,0,0,6,0,5,0,0,0,0,59.2686528385,0,92.380952381,0,,,,,,,,,,,,,,,,,,,,,,,,,,,,,,,,,,,,,,,,,,,,,,,,,,,,,,,,,,,False,True,True,True,True,True,False,True,True,True,True,True
S1-458832112,S2-600501071,S2,US,True,False,cap_ranking_miss,40,41,41,False,name_token|address_token|numeric_address,108.536035533,0,0,0,50,2,2,0,0,0,0,78.5381453579,108.536035533,101.428571429,0,,,,,,,,,,,,,,,,,,,,,,,,,,,,,,,,,,,,,,,,,,,,,,,,,,,,,,,,,,,False,True,True,True,True,True,False,True,True,True,True,True
S1-458832112,S3-900655687,S3,US,True,False,cap_ranking_miss,40,107,,True,name_token|address_token,74.8188181812,0,0,0,72,41,0,0,0,0,0,74.8188181812,23.3392512895,0,0,,,,,,,,,,,,,,,,,,,,,,,,,,,,,,,,,,,,,,,,,,,,,,,,,,,,,,,,,,,False,False,False,False,False,False,False,False,False,False,False,True
S1-464365131,S3-838372676,S3,US,True,False,cap_ranking_miss,40,126,42,False,name_token|address_token|numeric_address,105.726068797,0,0,0,137,2,1,0,0,0,0,75.0149088979,105.726068797,99.1111111111,0,,,,,,,,,,,,,,,,,,,,,,,,,,,,,,,,,,,,,,,,,,,,,,,,,,,,,,,,,,,False,True,True,True,True,True,False,False,False,False,False,False
S1-471496158,S2-758109536,S2,US,True,False,cap_ranking_miss,40,118,42,False,address_token,72.7388823977,0,0,0,0,2,0,0,0,0,0,0,72.7388823977,0,0,,,,,,,,,,,,,,,,,,,,,,,,,,,,,,,,,,,,,,,,,,,,,,,,,,,,,,,,,,,False,True,True,True,True,True,False,False,False,False,False,True
S1-476011358,S2-315337412,S2,US,True,False,cap_ranking_miss,40,99,41,False,address_token|numeric_address,77.4785686415,0,0,0,0,6,99,0,0,0,0,0,77.4785686415,59.0909090909,0,,,,,,,,,,,,,,,,,,,,,,,,,,,,,,,,,,,,,,,,,,,,,,,,,,,,,,,,,,,False,True,True,True,True,True,False,False,False,False,True,True
S1-476060655,S3-461391899,S3,US,True,False,cap_ranking_miss,40,129,45,False,address_token,69.0178186719,0,0,0,0,4,0,0,0,0,0,0,69.0178186719,0,0,,,,,,,,,,,,,,,,,,,,,,,,,,,,,,,,,,,,,,,,,,,,,,,,,,,,,,,,,,,False,True,True,True,True,True,False,False,False,False,False,False
S1-476060655,S3-575713249,S3,US,True,False,cap_ranking_miss,40,130,46,False,address_token,69.0178186719,0,0,0,0,5,0,0,0,0,0,0,69.0178186719,0,0,,,,,,,,,,,,,,,,,,,,,,,,,,,,,,,,,,,,,,,,,,,,,,,,,,,,,,,,,,,False,True,True,True,True,True,False,False,False,False,False,False
S1-47693061,S3-564381893,S3,US,True,False,cap_ranking_miss,40,87,41,False,name_token|address_token,70.6758146581,0,0,0,3,3,0,0,0,0,0,70.6758146581,63.829726479,0,0,,,,,,,,,,,,,,,,,,,,,,,,,,,,,,,,,,,,,,,,,,,,,,,,,,,,,,,,,,,False,True,True,True,True,True,False,False,False,False,True,True
S1-478823764,S3-126814729,S3,US,True,False,cap_ranking_miss,40,147,44,False,name_token|address_token,81.4087799883,0,0,0,3,1,0,0,0,0,0,81.4087799883,48.8052659715,0,0,,,,,,,,,,,,,,,,,,,,,,,,,,,,,,,,,,,,,,,,,,,,,,,,,,,,,,,,,,,False,True,True,True,True,True,False,False,False,False,False,False
S1-482910661,S3-804794686,S3,US,True,False,cap_ranking_miss,40,69,43,False,name_token|address_token,62.0855154897,0,0,0,4,6,0,0,0,0,0,62.0855154897,45.3886905485,0,0,,,,,,,,,,,,,,,,,,,,,,,,,,,,,,,,,,,,,,,,,,,,,,,,,,,,,,,,,,,False,True,True,True,True,True,False,False,False,True,True,True
S1-482910661,S3-86091781,S3,US,True,False,cap_ranking_miss,40,70,44,False,name_token|address_token,62.0855154897,0,0,0,5,5,0,0,0,0,0,62.0855154897,58.4516971272,0,0,,,,,,,,,,,,,,,,,,,,,,,,,,,,,,,,,,,,,,,,,,,,,,,,,,,,,,,,,,,False,True,True,True,True,True,False,False,False,True,True,True
S1-487663741,S3-472208587,S3,US,True,False,cap_ranking_miss,40,46,46,False,name_token|address_token|numeric_address,99.0696268625,0,0,0,1,5,1,0,0,0,0,76.3582993251,99.0696268625,98.5714285714,0,,,,,,,,,,,,,,,,,,,,,,,,,,,,,,,,,,,,,,,,,,,,,,,,,,,,,,,,,,,False,True,True,True,True,True,False,True,True,True,True,True
S1-487806556,S3-969987196,S3,US,True,False,cap_ranking_miss,40,61,43,False,name_token|address_token,75.3559908361,0,0,0,3,1,0,0,0,0,0,75.3559908361,64.080409975,0,0,,,,,,,,,,,,,,,,,,,,,,,,,,,,,,,,,,,,,,,,,,,,,,,,,,,,,,,,,,,False,True,True,True,True,True,False,False,False,True,True,True
S1-489489327,S3-900931052,S3,US,True,False,cap_ranking_miss,40,56,52,False,name_token|address_token|numeric_address,95.2380952381,0,0,0,5,3,3,0,0,0,0,71.2915427946,78.2980833984,95.2380952381,0,,,,,,,,,,,,,,,,,,,,,,,,,,,,,,,,,,,,,,,,,,,,,,,,,,,,,,,,,,,False,False,True,True,True,True,False,False,True,True,True,True
S1-490334579,S3-57354969,S3,US,True,False,cap_ranking_miss,40,84,52,False,name_token|address_token,61.1394933522,0,0,0,5,77,0,0,0,0,0,61.1394933522,47.8507180778,0,0,,,,,,,,,,,,,,,,,,,,,,,,,,,,,,,,,,,,,,,,,,,,,,,,,,,,,,,,,,,False,False,True,True,True,True,False,False,False,False,True,True
S1-490411548,S3-983902372,S3,US,True,False,cap_ranking_miss,40,82,55,False,name_token|address_token|numeric_address,102.5,0,0,0,2,3,2,0,0,0,0,101.571575536,100.660794087,102.5,0,,,,,,,,,,,,,,,,,,,,,,,,,,,,,,,,,,,,,,,,,,,,,,,,,,,,,,,,,,,False,False,True,True,True,True,False,False,False,False,True,True
S1-493000099,S2-887726615,S2,US,True,False,cap_ranking_miss,40,91,46,False,name_token|address_token|numeric_address,104.616913465,0,0,0,2,1,1,0,0,0,0,79.791310918,104.616913465,103.333333333,0,,,,,,,,,,,,,,,,,,,,,,,,,,,,,,,,,,,,,,,,,,,,,,,,,,,,,,,,,,,False,True,True,True,True,True,False,False,False,False,True,True
S1-493000099,S3-608500401,S3,US,True,False,cap_ranking_miss,40,83,49,False,name_token|address_token|numeric_address,98.5714285714,0,0,0,2,2,1,0,0,0,0,79.7616206452,82.3164033698,98.5714285714,0,,,,,,,,,,,,,,,,,,,,,,,,,,,,,,,,,,,,,,,,,,,,,,,,,,,,,,,,,,,False,True,True,True,True,True,False,False,False,False,True,True
S1-494661181,S3-129640605,S3,US,True,False,cap_ranking_miss,40,168,42,False,name_token|address_token,60.0294395989,0,0,0,2,1,0,0,0,0,0,58.0106790047,60.0294395989,0,0,,,,,,,,,,,,,,,,,,,,,,,,,,,,,,,,,,,,,,,,,,,,,,,,,,,,,,,,,,,False,True,True,True,True,True,False,False,False,False,False,False
S1-497524434,S3-246200154,S3,US,True,False,cap_ranking_miss,40,49,49,False,name_token|address_token|numeric_address,100.571428571,0,0,0,5,3,2,0,0,0,0,86.1127593976,82.7347325837,100.571428571,0,,,,,,,,,,,,,,,,,,,,,,,,,,,,,,,,,,,,,,,,,,,,,,,,,,,,,,,,,,,False,True,True,True,True,True,False,True,True,True,True,True
S1-497524434,S3-648494485,S3,US,True,False,cap_ranking_miss,40,48,48,False,name_token|address_token,100.610542479,0,0,0,3,10,0,0,0,0,0,100.610542479,69.4099808495,0,0,,,,,,,,,,,,,,,,,,,,,,,,,,,,,,,,,,,,,,,,,,,,,,,,,,,,,,,,,,,False,True,True,True,True,True,False,True,True,True,True,True
S1-502947339,S3-140991511,S3,US,True,False,cap_ranking_miss,40,124,41,False,name_token|address_token,63.4215510629,0,0,0,4,4,0,0,0,0,0,59.6084063978,63.4215510629,0,0,,,,,,,,,,,,,,,,,,,,,,,,,,,,,,,,,,,,,,,,,,,,,,,,,,,,,,,,,,,False,True,True,True,True,True,False,False,False,False,False,False
S1-504820760,S2-614100258,S2,US,True,False,cap_ranking_miss,40,88,61,False,name_token|address_token,83.908707073,0,0,0,2,7,0,0,0,0,0,83.908707073,61.4854668186,0,0,,,,,,,,,,,,,,,,,,,,,,,,,,,,,,,,,,,,,,,,,,,,,,,,,,,,,,,,,,,False,False,False,True,True,True,False,False,False,False,True,True
S1-504820760,S3-273747062,S3,US,True,False,cap_ranking_miss,40,72,46,False,name_token|address_token|numeric_address,94.1666666667,0,0,0,4,1,1,0,0,0,0,32.749643474,82.6836777843,94.1666666667,0,,,,,,,,,,,,,,,,,,,,,,,,,,,,,,,,,,,,,,,,,,,,,,,,,,,,,,,,,,,False,True,True,True,True,True,False,False,False,True,True,True
S1-504820760,S3-441212445,S3,US,True,False,cap_ranking_miss,40,127,,True,numeric_address,82,0,0,0,0,0,56,0,0,0,0,0,0,82,0,,,,,,,,,,,,,,,,,,,,,,,,,,,,,,,,,,,,,,,,,,,,,,,,,,,,,,,,,,,False,False,False,False,False,False,False,False,False,False,False,False
S1-504820760,S3-916048047,S3,US,True,False,cap_ranking_miss,40,73,47,False,name_token|address_token|numeric_address,94.1666666667,0,0,0,5,2,2,0,0,0,0,32.749643474,82.6836777843,94.1666666667,0,,,,,,,,,,,,,,,,,,,,,,,,,,,,,,,,,,,,,,,,,,,,,,,,,,,,,,,,,,,False,True,True,True,True,True,False,False,False,True,True,True
S1-51865922,S3-988344704,S3,US,True,False,cap_ranking_miss,40,57,41,False,name_token|address_token,78.7017582995,0,0,0,2,2,0,0,0,0,0,78.7017582995,54.4929429884,0,0,,,,,,,,,,,,,,,,,,,,,,,,,,,,,,,,,,,,,,,,,,,,,,,,,,,,,,,,,,,False,True,True,True,True,True,False,False,True,True,True,True
S1-518910735,S3-193661,S3,US,True,False,cap_ranking_miss,40,43,42,False,name_token|address_token,84.3974715809,0,0,0,3,17,0,0,0,0,0,84.3974715809,64.3138493695,0,0,,,,,,,,,,,,,,,,,,,,,,,,,,,,,,,,,,,,,,,,,,,,,,,,,,,,,,,,,,,False,True,True,True,True,True,False,True,True,True,True,True
S1-524411758,S3-353932780,S3,US,True,False,cap_ranking_miss,40,105,41,False,name_token|numeric_address,99.2307692308,0,0,0,107,0,1,0,0,0,0,79.4202978716,0,99.2307692308,0,,,,,,,,,,,,,,,,,,,,,,,,,,,,,,,,,,,,,,,,,,,,,,,,,,,,,,,,,,,False,True,True,True,True,True,False,False,False,False,False,True
S1-525595747,S2-999008262,S2,India,True,False,cap_ranking_miss,40,71,41,False,name_token,69.7173603558,0,0,0,4,0,0,0,0,0,0,69.7173603558,0,0,0,,,,,,,,,,,,,,,,,,,,,,,,,,,,,,,,,,,,,,,,,,,,,,,,,,,,,,,,,,,False,True,True,True,True,True,False,False,False,True,True,True
S1-529576297,S3-476491359,S3,US,True,False,cap_ranking_miss,40,91,57,False,name_token|address_token|numeric_address,98.5714285714,0,0,0,10,1,1,0,0,0,0,72.6937114807,96.5243583968,98.5714285714,0,,,,,,,,,,,,,,,,,,,,,,,,,,,,,,,,,,,,,,,,,,,,,,,,,,,,,,,,,,,False,False,True,True,True,True,False,False,False,False,True,True
S1-538015325,S2-16695926,S2,US,True,False,cap_ranking_miss,40,138,44,False,address_token,66.7938683582,0,0,0,0,3,0,0,0,0,0,0,66.7938683582,0,0,,,,,,,,,,,,,,,,,,,,,,,,,,,,,,,,,,,,,,,,,,,,,,,,,,,,,,,,,,,False,True,True,True,True,True,False,False,False,False,False,False
S1-539213945,S2-243275090,S2,US,True,False,cap_ranking_miss,40,65,43,False,name_token|address_token,77.37179057,0,0,0,2,3,0,0,0,0,0,77.37179057,73.6433736304,0,0,,,,,,,,,,,,,,,,,,,,,,,,,,,,,,,,,,,,,,,,,,,,,,,,,,,,,,,,,,,False,True,True,True,True,True,False,False,False,True,True,True
S1-540486702,S2-463335469,S2,US,True,False,cap_ranking_miss,40,209,44,False,name_token|address_token,75.886298938,0,0,0,1,4,0,0,0,0,0,75.886298938,73.1796768001,0,0,,,,,,,,,,,,,,,,,,,,,,,,,,,,,,,,,,,,,,,,,,,,,,,,,,,,,,,,,,,False,True,True,True,True,True,False,False,False,False,False,False
S1-542089515,S2-972190240,S2,US,True,False,cap_ranking_miss,40,237,43,False,address_token,51.0879866762,0,0,0,0,1,0,0,0,0,0,0,51.0879866762,0,0,,,,,,,,,,,,,,,,,,,,,,,,,,,,,,,,,,,,,,,,,,,,,,,,,,,,,,,,,,,False,True,True,True,True,True,False,False,False,False,False,False
S1-543828787,S2-661599707,S2,US,True,False,cap_ranking_miss,40,60,45,False,name_token|address_token,84.6187212357,0,0,0,2,4,0,0,0,0,0,70.0121925724,84.6187212357,0,0,,,,,,,,,,,,,,,,,,,,,,,,,,,,,,,,,,,,,,,,,,,,,,,,,,,,,,,,,,,False,True,True,True,True,True,False,False,True,True,True,True
S1-550626038,S3-991818888,S3,US,True,False,cap_ranking_miss,40,211,42,False,name_token,79.8591058571,0,0,0,2,0,0,0,0,0,0,79.8591058571,0,0,0,,,,,,,,,,,,,,,,,,,,,,,,,,,,,,,,,,,,,,,,,,,,,,,,,,,,,,,,,,,False,True,True,True,True,True,False,False,False,False,False,False
S1-555755707,S2-59724573,S2,India,True,False,cap_ranking_miss,40,77,64,False,address_token|numeric_address,82.6173441093,0,0,0,0,8,86,0,0,0,0,0,82.6173441093,50,0,,,,,,,,,,,,,,,,,,,,,,,,,,,,,,,,,,,,,,,,,,,,,,,,,,,,,,,,,,,False,False,False,True,True,True,False,False,False,True,True,True
S1-555755707,S3-226840959,S3,India,True,False,cap_ranking_miss,40,106,66,False,address_token|numeric_address,80.9522332083,0,0,0,0,4,93,0,0,0,0,0,80.9522332083,49.2307692308,0,,,,,,,,,,,,,,,,,,,,,,,,,,,,,,,,,,,,,,,,,,,,,,,,,,,,,,,,,,,False,False,False,True,True,True,False,False,False,False,False,True
S1-55590573,S2-19462166,S2,US,True,False,cap_ranking_miss,40,55,55,False,address_token,68.1849767291,0,0,0,0,1,0,0,0,0,0,0,68.1849767291,0,0,,,,,,,,,,,,,,,,,,,,,,,,,,,,,,,,,,,,,,,,,,,,,,,,,,,,,,,,,,,False,False,True,True,True,True,False,False,True,True,True,True
S1-556332304,S3-729249069,S3,US,True,False,cap_ranking_miss,40,152,43,False,name_token|address_token,70.1677313137,0,0,0,3,1,0,0,0,0,0,70.1677313137,63.2058165752,0,0,,,,,,,,,,,,,,,,,,,,,,,,,,,,,,,,,,,,,,,,,,,,,,,,,,,,,,,,,,,False,True,True,True,True,True,False,False,False,False,False,False
S1-562360992,S3-890478389,S3,US,True,False,cap_ranking_miss,40,54,50,False,name_token|address_token,104.814746241,0,0,0,3,17,0,0,0,0,0,104.814746241,55.648193466,0,0,,,,,,,,,,,,,,,,,,,,,,,,,,,,,,,,,,,,,,,,,,,,,,,,,,,,,,,,,,,False,True,True,True,True,True,False,False,True,True,True,True
S1-562360992,S3-934020902,S3,US,True,False,cap_ranking_miss,40,55,51,False,name_token|address_token|numeric_address,101.638029576,0,0,0,5,3,3,0,0,0,0,86.7042995823,101.638029576,100.317460317,0,,,,,,,,,,,,,,,,,,,,,,,,,,,,,,,,,,,,,,,,,,,,,,,,,,,,,,,,,,,False,False,True,True,True,True,False,False,True,True,True,True
S1-562804226,S2-490627416,S2,US,True,False,cap_ranking_miss,40,299,88,False,name_token|address_token,60.3948092231,0,0,0,8,7,0,0,0,0,0,51.5372282542,60.3948092231,0,0,,,,,,,,,,,,,,,,,,,,,,,,,,,,,,,,,,,,,,,,,,,,,,,,,,,,,,,,,,,False,False,False,False,True,True,False,False,False,False,False,False
S1-56458607,S2-107382124,S2,US,True,False,cap_ranking_miss,40,158,49,False,name_token|address_token,81.1315815507,0,0,0,3,3,0,0,0,0,0,81.1315815507,78.2575243528,0,0,,,,,,,,,,,,,,,,,,,,,,,,,,,,,,,,,,,,,,,,,,,,,,,,,,,,,,,,,,,False,True,True,True,True,True,False,False,False,False,False,False
S1-565576956,S3-479797844,S3,US,True,False,cap_ranking_miss,40,113,47,False,address_token,65.6981640767,0,0,0,0,4,0,0,0,0,0,0,65.6981640767,0,0,,,,,,,,,,,,,,,,,,,,,,,,,,,,,,,,,,,,,,,,,,,,,,,,,,,,,,,,,,,False,True,True,True,True,True,False,False,False,False,False,True
S1-565576956,S3-708143045,S3,US,True,False,cap_ranking_miss,40,110,44,False,address_token,77.2937730765,0,0,0,0,2,0,0,0,0,0,0,77.2937730765,0,0,,,,,,,,,,,,,,,,,,,,,,,,,,,,,,,,,,,,,,,,,,,,,,,,,,,,,,,,,,,False,True,True,True,True,True,False,False,False,False,False,True
S1-573219710,S3-897109265,S3,US,True,False,cap_ranking_miss,40,212,,True,address_token,54.3254231743,0,0,0,0,51,0,0,0,0,0,0,54.3254231743,0,0,,,,,,,,,,,,,,,,,,,,,,,,,,,,,,,,,,,,,,,,,,,,,,,,,,,,,,,,,,,False,False,False,False,False,False,False,False,False,False,False,False
S1-573424238,S3-167984130,S3,US,True,False,cap_ranking_miss,40,77,64,False,name_token|address_token,60.8856464381,0,0,0,3,22,0,0,0,0,0,59.8218414723,60.8856464381,0,0,,,,,,,,,,,,,,,,,,,,,,,,,,,,,,,,,,,,,,,,,,,,,,,,,,,,,,,,,,,False,False,False,True,True,True,False,False,False,True,True,True
S1-574008304,S3-84716307,S3,US,True,False,cap_ranking_miss,40,48,48,False,name_token|address_token,55.3779837053,0,0,0,12,17,0,0,0,0,0,55.3779837053,52.6150598294,0,0,,,,,,,,,,,,,,,,,,,,,,,,,,,,,,,,,,,,,,,,,,,,,,,,,,,,,,,,,,,False,True,True,True,True,True,False,True,True,True,True,True
S1-576280523,S2-490895192,S2,US,True,False,cap_ranking_miss,40,107,46,False,address_token,66.4824823522,0,0,0,0,9,0,0,0,0,0,0,66.4824823522,0,0,,,,,,,,,,,,,,,,,,,,,,,,,,,,,,,,,,,,,,,,,,,,,,,,,,,,,,,,,,,False,True,True,True,True,True,False,False,False,False,False,True
S1-583388517,S2-530438863,S2,US,True,False,cap_ranking_miss,40,42,42,False,name_token|address_token|numeric_address,97.8373784659,0,0,0,3,4,3,0,0,0,0,53.8577818537,97.8373784659,95.5555555556,0,,,,,,,,,,,,,,,,,,,,,,,,,,,,,,,,,,,,,,,,,,,,,,,,,,,,,,,,,,,False,True,True,True,True,True,False,True,True,True,True,True
S1-588443658,S3-456738081,S3,US,True,False,cap_ranking_miss,40,47,45,False,name_token|address_token,84.0547220116,0,0,0,2,152,0,0,0,0,0,84.0547220116,23.1988303751,0,0,,,,,,,,,,,,,,,,,,,,,,,,,,,,,,,,,,,,,,,,,,,,,,,,,,,,,,,,,,,False,True,True,True,True,True,False,True,True,True,True,True
S1-589824777,S3-49236218,S3,US,True,False,cap_ranking_miss,40,44,44,False,name_token|address_token|numeric_address,102.48571853,0,0,0,2,2,2,0,0,0,0,80.1968975709,102.48571853,101.666666667,0,,,,,,,,,,,,,,,,,,,,,,,,,,,,,,,,,,,,,,,,,,,,,,,,,,,,,,,,,,,False,True,True,True,True,True,False,True,True,True,True,True
S1-595529200,S2-812435207,S2,US,True,False,cap_ranking_miss,40,200,58,False,address_token,69.7395713173,0,0,0,0,16,0,0,0,0,0,0,69.7395713173,0,0,,,,,,,,,,,,,,,,,,,,,,,,,,,,,,,,,,,,,,,,,,,,,,,,,,,,,,,,,,,False,False,True,True,True,True,False,False,False,False,False,False
S1-595831533,S2-777884312,S2,US,True,False,cap_ranking_miss,40,46,,True,exact_name|name_signature,105,45,0,47,0,0,0,0,100,0,105,0,0,0,0,,,,,,,,,,,,,,,,,,,,,,,,,,,,,,,,,,,,,,,,,,,,,,,,,,,,,,,,,,,False,False,False,False,False,False,False,True,True,True,True,True
S1-595831533,S3-881106315,S3,US,True,False,cap_ranking_miss,40,60,45,False,address_token|numeric_address,88.9381013439,0,0,0,0,2,2,0,0,0,0,0,88.9381013439,88.8888888889,0,,,,,,,,,,,,,,,,,,,,,,,,,,,,,,,,,,,,,,,,,,,,,,,,,,,,,,,,,,,False,True,True,True,True,True,False,False,True,True,True,True
S1-596860264,S2-91961869,S2,US,True,False,cap_ranking_miss,40,139,64,False,name_token|address_token,66.1164208649,0,0,0,5,7,0,0,0,0,0,50.2642010509,66.1164208649,0,0,,,,,,,,,,,,,,,,,,,,,,,,,,,,,,,,,,,,,,,,,,,,,,,,,,,,,,,,,,,False,False,False,True,True,True,False,False,False,False,False,False
S1-599108848,S3-261252607,S3,US,True,False,cap_ranking_miss,40,119,42,False,address_token|numeric_address,98.1099302109,0,0,0,0,1,4,0,0,0,0,0,98.1099302109,88.5714285714,0,,,,,,,,,,,,,,,,,,,,,,,,,,,,,,,,,,,,,,,,,,,,,,,,,,,,,,,,,,,False,True,True,True,True,True,False,False,False,False,False,True
S1-599108848,S3-273068403,S3,US,True,False,cap_ranking_miss,40,118,41,False,name_token|address_token|numeric_address,98.1099302109,0,0,0,119,2,1,0,0,0,0,59.7815335384,98.1099302109,95.2380952381,0,,,,,,,,,,,,,,,,,,,,,,,,,,,,,,,,,,,,,,,,,,,,,,,,,,,,,,,,,,,False,True,True,True,True,True,False,False,False,False,False,True
S1-599727053,S3-55630771,S3,US,True,False,cap_ranking_miss,40,105,50,False,address_token,59.7720020647,0,0,0,0,9,0,0,0,0,0,0,59.7720020647,0,0,,,,,,,,,,,,,,,,,,,,,,,,,,,,,,,,,,,,,,,,,,,,,,,,,,,,,,,,,,,False,True,True,True,True,True,False,False,False,False,False,True
S1-604738795,S2-943558214,S2,US,True,False,cap_ranking_miss,40,227,43,False,name_token|address_token,58.0652976443,0,0,0,3,1,0,0,0,0,0,58.0652976443,53.6791065389,0,0,,,,,,,,,,,,,,,,,,,,,,,,,,,,,,,,,,,,,,,,,,,,,,,,,,,,,,,,,,,False,True,True,True,True,True,False,False,False,False,False,False
S1-608967414,S2-305405072,S2,US,True,False,cap_ranking_miss,40,226,82,False,address_token,49.2545222215,0,0,0,0,2,0,0,0,0,0,0,49.2545222215,0,0,,,,,,,,,,,,,,,,,,,,,,,,,,,,,,,,,,,,,,,,,,,,,,,,,,,,,,,,,,,False,False,False,False,True,True,False,False,False,False,False,False
S1-609601923,S2-91771452,S2,US,True,False,cap_ranking_miss,40,47,43,False,address_token|numeric_address,97.7876305465,0,0,0,0,2,124,0,0,0,0,0,97.7876305465,53.3333333333,0,,,,,,,,,,,,,,,,,,,,,,,,,,,,,,,,,,,,,,,,,,,,,,,,,,,,,,,,,,,False,True,True,True,True,True,False,True,True,True,True,True
S1-614088401,S2-870683939,S2,US,True,False,cap_ranking_miss,40,142,43,False,name_token|address_token,81.5384588684,0,0,0,2,6,0,0,0,0,0,79.6960315327,81.5384588684,0,0,,,,,,,,,,,,,,,,,,,,,,,,,,,,,,,,,,,,,,,,,,,,,,,,,,,,,,,,,,,False,True,True,True,True,True,False,False,False,False,False,False
S1-617916622,S3-695227362,S3,US,True,False,cap_ranking_miss,40,49,41,False,name_token|address_token,75.8886322669,0,0,0,2,22,0,0,0,0,0,74.8906658694,75.8886322669,0,0,,,,,,,,,,,,,,,,,,,,,,,,,,,,,,,,,,,,,,,,,,,,,,,,,,,,,,,,,,,False,True,True,True,True,True,False,True,True,True,True,True
S1-61871677,S2-331956097,S2,US,True,False,cap_ranking_miss,40,62,56,False,address_token,98.7896787912,0,0,0,0,4,0,0,0,0,0,0,98.7896787912,0,0,,,,,,,,,,,,,,,,,,,,,,,,,,,,,,,,,,,,,,,,,,,,,,,,,,,,,,,,,,,False,False,True,True,True,True,False,False,False,True,True,True
S1-61871677,S3-501449188,S3,US,True,False,cap_ranking_miss,40,54,52,False,name_token|address_token|numeric_address,104,0,0,0,1,1,1,0,0,0,0,89.046420378,93.9213236245,104,0,,,,,,,,,,,,,,,,,,,,,,,,,,,,,,,,,,,,,,,,,,,,,,,,,,,,,,,,,,,False,False,True,True,True,True,False,False,True,True,True,True
S1-622658111,S3-504395706,S3,US,True,False,cap_ranking_miss,40,319,129,False,address_token,41.2881658925,0,0,0,0,6,0,0,0,0,0,0,41.2881658925,0,0,,,,,,,,,,,,,,,,,,,,,,,,,,,,,,,,,,,,,,,,,,,,,,,,,,,,,,,,,,,False,False,False,False,False,False,False,False,False,False,False,False
S1-623746049,S3-367587943,S3,US,True,False,cap_ranking_miss,40,260,89,False,name_token|address_token,69.2271809277,0,0,0,3,23,0,0,0,0,0,69.2271809277,49.5609802853,0,0,,,,,,,,,,,,,,,,,,,,,,,,,,,,,,,,,,,,,,,,,,,,,,,,,,,,,,,,,,,False,False,False,False,True,True,False,False,False,False,False,False
S1-624638586,S3-167918224,S3,US,True,False,cap_ranking_miss,40,42,42,False,name_token|address_token,62.4289311074,0,0,0,6,2,0,0,0,0,0,56.6897524566,62.4289311074,0,0,,,,,,,,,,,,,,,,,,,,,,,,,,,,,,,,,,,,,,,,,,,,,,,,,,,,,,,,,,,False,True,True,True,True,True,False,True,True,True,True,True
S1-624638586,S3-921487631,S3,US,True,False,cap_ranking_miss,40,43,43,False,name_token|address_token,62.4289311074,0,0,0,9,4,0,0,0,0,0,56.6897524566,62.4289311074,0,0,,,,,,,,,,,,,,,,,,,,,,,,,,,,,,,,,,,,,,,,,,,,,,,,,,,,,,,,,,,False,True,True,True,True,True,False,True,True,True,True,True
S1-627816809,S3-837813623,S3,US,True,False,cap_ranking_miss,40,50,48,False,name_token|address_token|numeric_address,101.988683999,0,0,0,1,1,1,0,0,0,0,101.988683999,99.5536236392,100,0,,,,,,,,,,,,,,,,,,,,,,,,,,,,,,,,,,,,,,,,,,,,,,,,,,,,,,,,,,,False,True,True,True,True,True,False,True,True,True,True,True
S1-629412315,S2-406556814,S2,US,True,False,cap_ranking_miss,40,166,90,False,address_token,80.0672371162,0,0,0,0,3,0,0,0,0,0,0,80.0672371162,0,0,,,,,,,,,,,,,,,,,,,,,,,,,,,,,,,,,,,,,,,,,,,,,,,,,,,,,,,,,,,False,False,False,False,True,True,False,False,False,False,False,False
S1-634288923,S3-746559899,S3,US,True,False,cap_ranking_miss,40,114,42,False,name_token,78.3196486018,0,0,0,2,0,0,0,0,0,0,78.3196486018,0,0,0,,,,,,,,,,,,,,,,,,,,,,,,,,,,,,,,,,,,,,,,,,,,,,,,,,,,,,,,,,,False,True,True,True,True,True,False,False,False,False,False,True
S1-635001957,S3-247688560,S3,US,True,False,cap_ranking_miss,40,134,45,False,name_token|address_token|numeric_address,92.6666666667,0,0,0,4,3,4,0,0,0,0,58.235323569,74.9087502196,92.6666666667,0,,,,,,,,,,,,,,,,,,,,,,,,,,,,,,,,,,,,,,,,,,,,,,,,,,,,,,,,,,,False,True,True,True,True,True,False,False,False,False,False,False
S1-635056779,S3-160115401,S3,US,True,False,cap_ranking_miss,40,105,42,False,name_token|address_token,72.7037891454,0,0,0,2,10,0,0,0,0,0,72.7037891454,61.0829717624,0,0,,,,,,,,,,,,,,,,,,,,,,,,,,,,,,,,,,,,,,,,,,,,,,,,,,,,,,,,,,,False,True,True,True,True,True,False,False,False,False,False,True
S1-636138569,S2-662290444,S2,US,True,False,cap_ranking_miss,40,80,51,False,name_token|address_token,84.9093101689,0,0,0,4,14,0,0,0,0,0,84.9093101689,56.1262890241,0,0,,,,,,,,,,,,,,,,,,,,,,,,,,,,,,,,,,,,,,,,,,,,,,,,,,,,,,,,,,,False,False,True,True,True,True,False,False,False,True,True,True
S1-638254278,S3-306395187,S3,US,True,False,cap_ranking_miss,40,232,41,False,name_token|address_token,64.2957928222,0,0,0,1,2,0,0,0,0,0,62.7538284137,64.2957928222,0,0,,,,,,,,,,,,,,,,,,,,,,,,,,,,,,,,,,,,,,,,,,,,,,,,,,,,,,,,,,,False,True,True,True,True,True,False,False,False,False,False,False
S1-645580244,S3-502370223,S3,US,True,False,cap_ranking_miss,40,118,51,False,name_token|numeric_address,63.2597098081,0,0,0,4,0,110,0,0,0,0,63.2597098081,0,57,0,,,,,,,,,,,,,,,,,,,,,,,,,,,,,,,,,,,,,,,,,,,,,,,,,,,,,,,,,,,False,False,True,True,True,True,False,False,False,False,False,True
S1-649653874,S3-463783598,S3,US,True,False,cap_ranking_miss,40,142,42,False,address_token|numeric_address,110.700585099,0,0,0,0,1,1,0,0,0,0,0,110.700585099,91.4285714286,0,,,,,,,,,,,,,,,,,,,,,,,,,,,,,,,,,,,,,,,,,,,,,,,,,,,,,,,,,,,False,True,True,True,True,True,False,False,False,False,False,False
S1-650959262,S3-70365130,S3,US,True,False,cap_ranking_miss,40,52,48,False,name_token|address_token,80.5731123922,0,0,0,2,4,0,0,0,0,0,80.5731123922,75.2655185227,0,0,,,,,,,,,,,,,,,,,,,,,,,,,,,,,,,,,,,,,,,,,,,,,,,,,,,,,,,,,,,False,True,True,True,True,True,False,False,True,True,True,True
S1-661293113,S2-549452883,S2,US,True,False,cap_ranking_miss,40,63,62,False,address_token,62.5173103369,0,0,0,0,15,0,0,0,0,0,0,62.5173103369,0,0,,,,,,,,,,,,,,,,,,,,,,,,,,,,,,,,,,,,,,,,,,,,,,,,,,,,,,,,,,,False,False,False,True,True,True,False,False,False,True,True,True
S1-664495011,S2-888072783,S2,India,True,False,cap_ranking_miss,40,65,43,False,address_token|numeric_address,87.2727272727,0,0,0,0,10,2,0,0,0,0,0,71.1739876145,87.2727272727,0,,,,,,,,,,,,,,,,,,,,,,,,,,,,,,,,,,,,,,,,,,,,,,,,,,,,,,,,,,,False,True,True,True,True,True,False,False,False,True,True,True
S1-665252792,S2-320943586,S2,US,True,False,cap_ranking_miss,40,64,41,False,name_token|address_token,78.4924889732,0,0,0,1,1,0,0,0,0,0,78.4924889732,77.602302675,0,0,,,,,,,,,,,,,,,,,,,,,,,,,,,,,,,,,,,,,,,,,,,,,,,,,,,,,,,,,,,False,True,True,True,True,True,False,False,False,True,True,True
S1-670119172,S2-608589819,S2,US,True,False,cap_ranking_miss,40,157,61,False,name_token|address_token,79.9993815661,0,0,0,1,3,0,0,0,0,0,79.9993815661,77.7524481748,0,0,,,,,,,,,,,,,,,,,,,,,,,,,,,,,,,,,,,,,,,,,,,,,,,,,,,,,,,,,,,False,False,False,True,True,True,False,False,False,False,False,False
S1-670119172,S2-900627715,S2,US,True,False,cap_ranking_miss,40,158,62,False,name_token|address_token,79.1810196034,0,0,0,2,2,0,0,0,0,0,77.0032074453,79.1810196034,0,0,,,,,,,,,,,,,,,,,,,,,,,,,,,,,,,,,,,,,,,,,,,,,,,,,,,,,,,,,,,False,False,False,True,True,True,False,False,False,False,False,False
S1-673871366,S3-3503185,S3,US,True,False,cap_ranking_miss,40,140,90,False,name_token|address_token,69.5489717959,0,0,0,4,34,0,0,0,0,0,69.5489717959,34.0727834955,0,0,,,,,,,,,,,,,,,,,,,,,,,,,,,,,,,,,,,,,,,,,,,,,,,,,,,,,,,,,,,False,False,False,False,True,True,False,False,False,False,False,False
S1-673871366,S3-683561617,S3,US,True,False,cap_ranking_miss,40,104,54,False,name_token|address_token|numeric_address,101.524807532,0,0,0,2,2,3,0,0,0,0,86.9469422043,101.524807532,100.833333333,0,,,,,,,,,,,,,,,,,,,,,,,,,,,,,,,,,,,,,,,,,,,,,,,,,,,,,,,,,,,False,False,True,True,True,True,False,False,False,False,False,True
S1-674085285,S2-772795680,S2,US,True,False,cap_ranking_miss,40,47,47,False,name_token|address_token,94.0386912863,0,0,0,1,1,0,0,0,0,0,94.0386912863,93.2335485436,0,0,,,,,,,,,,,,,,,,,,,,,,,,,,,,,,,,,,,,,,,,,,,,,,,,,,,,,,,,,,,False,True,True,True,True,True,False,True,True,True,True,True
S1-678263818,S3-275697123,S3,US,True,False,cap_ranking_miss,40,181,43,False,name_token|address_token,75.4634139708,0,0,0,2,6,0,0,0,0,0,75.4634139708,57.5471026623,0,0,,,,,,,,,,,,,,,,,,,,,,,,,,,,,,,,,,,,,,,,,,,,,,,,,,,,,,,,,,,False,True,True,True,True,True,False,False,False,False,False,False
S1-679923251,S2-780574587,S2,US,True,False,cap_ranking_miss,40,165,61,False,address_token,68.2843176187,0,0,0,0,20,0,0,0,0,0,0,68.2843176187,0,0,,,,,,,,,,,,,,,,,,,,,,,,,,,,,,,,,,,,,,,,,,,,,,,,,,,,,,,,,,,False,False,False,True,True,True,False,False,False,False,False,False
S1-680740154,S2-320812377,S2,US,True,False,cap_ranking_miss,40,65,42,False,address_token,58.8998935922,0,0,0,0,3,0,0,0,0,0,0,58.8998935922,0,0,,,,,,,,,,,,,,,,,,,,,,,,,,,,,,,,,,,,,,,,,,,,,,,,,,,,,,,,,,,False,True,True,True,True,True,False,False,False,True,True,True
S1-680740154,S2-37265016,S2,US,True,False,cap_ranking_miss,40,64,41,False,address_token,76.2514332358,0,0,0,0,1,0,0,0,0,0,0,76.2514332358,0,0,,,,,,,,,,,,,,,,,,,,,,,,,,,,,,,,,,,,,,,,,,,,,,,,,,,,,,,,,,,False,True,True,True,True,True,False,False,False,True,True,True
S1-683109005,S2-449177805,S2,US,True,False,cap_ranking_miss,40,145,43,False,name_token|address_token|numeric_address,76.9288152565,0,0,0,3,2,144,0,0,0,0,76.9288152565,75.9482824852,58.8888888889,0,,,,,,,,,,,,,,,,,,,,,,,,,,,,,,,,,,,,,,,,,,,,,,,,,,,,,,,,,,,False,True,True,True,True,True,False,False,False,False,False,False
S1-683109005,S2-684334306,S2,US,True,False,cap_ranking_miss,40,146,44,False,name_token|address_token|numeric_address,76.9288152565,0,0,0,4,3,145,0,0,0,0,76.9288152565,75.9482824852,58.8888888889,0,,,,,,,,,,,,,,,,,,,,,,,,,,,,,,,,,,,,,,,,,,,,,,,,,,,,,,,,,,,False,True,True,True,True,True,False,False,False,False,False,False
S1-692850742,S3-708114855,S3,US,True,False,cap_ranking_miss,40,153,41,False,address_token,77.4216587737,0,0,0,0,4,0,0,0,0,0,0,77.4216587737,0,0,,,,,,,,,,,,,,,,,,,,,,,,,,,,,,,,,,,,,,,,,,,,,,,,,,,,,,,,,,,False,True,True,True,True,True,False,False,False,False,False,False
S1-694707517,S2-361491080,S2,US,True,False,cap_ranking_miss,40,73,55,False,address_token|numeric_address,104.285714286,0,0,0,0,1,2,0,0,0,0,0,99.6304287266,104.285714286,0,,,,,,,,,,,,,,,,,,,,,,,,,,,,,,,,,,,,,,,,,,,,,,,,,,,,,,,,,,,False,False,True,True,True,True,False,False,False,True,True,True
S1-694707517,S2-960362433,S2,US,True,False,cap_ranking_miss,40,74,56,False,address_token|numeric_address,104.285714286,0,0,0,0,3,3,0,0,0,0,0,99.6304287266,104.285714286,0,,,,,,,,,,,,,,,,,,,,,,,,,,,,,,,,,,,,,,,,,,,,,,,,,,,,,,,,,,,False,False,True,True,True,True,False,False,False,True,True,True
S1-694707517,S3-750389399,S3,US,True,False,cap_ranking_miss,40,56,51,False,name_token|address_token|numeric_address,98,0,0,0,8,2,2,0,0,0,0,61.5022847425,92.1954296382,98,0,,,,,,,,,,,,,,,,,,,,,,,,,,,,,,,,,,,,,,,,,,,,,,,,,,,,,,,,,,,False,False,True,True,True,True,False,False,True,True,True,True
S1-695131488,S2-573811937,S2,US,True,False,cap_ranking_miss,40,55,51,False,name_token|address_token|numeric_address,92.2377780184,0,0,0,1,16,154,0,0,0,0,92.2377780184,54.5368258175,58.7878787879,0,,,,,,,,,,,,,,,,,,,,,,,,,,,,,,,,,,,,,,,,,,,,,,,,,,,,,,,,,,,False,False,True,True,True,True,False,False,True,True,True,True
S1-699672922,S3-698288139,S3,US,True,False,cap_ranking_miss,40,142,46,False,name_token|address_token,81.9123190127,0,0,0,6,1,0,0,0,0,0,81.9123190127,62.2118415811,0,0,,,,,,,,,,,,,,,,,,,,,,,,,,,,,,,,,,,,,,,,,,,,,,,,,,,,,,,,,,,False,True,True,True,True,True,False,False,False,False,False,False
S1-699963820,S3-328915157,S3,US,True,False,cap_ranking_miss,40,180,43,False,address_token,68.892866576,0,0,0,0,2,0,0,0,0,0,0,68.892866576,0,0,,,,,,,,,,,,,,,,,,,,,,,,,,,,,,,,,,,,,,,,,,,,,,,,,,,,,,,,,,,False,True,True,True,True,True,False,False,False,False,False,False
S1-699963820,S3-680645516,S3,US,True,False,cap_ranking_miss,40,188,51,False,address_token,58.0984036655,0,0,0,0,11,0,0,0,0,0,0,58.0984036655,0,0,,,,,,,,,,,,,,,,,,,,,,,,,,,,,,,,,,,,,,,,,,,,,,,,,,,,,,,,,,,False,False,True,True,True,True,False,False,False,False,False,False
S1-708379765,S3-897506044,S3,India,True,False,cap_ranking_miss,40,114,43,False,name_token|address_token,79.832165608,0,0,0,7,6,0,0,0,0,0,79.832165608,29.7808567974,0,0,,,,,,,,,,,,,,,,,,,,,,,,,,,,,,,,,,,,,,,,,,,,,,,,,,,,,,,,,,,False,True,True,True,True,True,False,False,False,False,False,True
S1-715931962,S3-986350384,S3,US,True,False,cap_ranking_miss,40,82,54,False,address_token,60.2727593787,0,0,0,0,6,0,0,0,0,0,0,60.2727593787,0,0,,,,,,,,,,,,,,,,,,,,,,,,,,,,,,,,,,,,,,,,,,,,,,,,,,,,,,,,,,,False,False,True,True,True,True,False,False,False,False,True,True
S1-716326584,S3-814440169,S3,US,True,False,cap_ranking_miss,40,54,43,False,name_token|address_token|numeric_address,98.1491172001,0,0,0,5,1,1,0,0,0,0,52.667571988,98.1491172001,95.2380952381,0,,,,,,,,,,,,,,,,,,,,,,,,,,,,,,,,,,,,,,,,,,,,,,,,,,,,,,,,,,,False,True,True,True,True,True,False,False,True,True,True,True
S1-716326584,S3-832266684,S3,US,True,False,cap_ranking_miss,40,55,44,False,name_token|address_token|numeric_address,98.1491172001,0,0,0,6,2,2,0,0,0,0,52.667571988,98.1491172001,95.2380952381,0,,,,,,,,,,,,,,,,,,,,,,,,,,,,,,,,,,,,,,,,,,,,,,,,,,,,,,,,,,,False,True,True,True,True,True,False,False,True,True,True,True
S1-716712328,S2-545906142,S2,US,True,False,cap_ranking_miss,40,46,41,False,name_token|address_token,110,0,0,0,46,3,0,0,0,0,0,110,72.1825646421,0,0,,,,,,,,,,,,,,,,,,,,,,,,,,,,,,,,,,,,,,,,,,,,,,,,,,,,,,,,,,,False,True,True,True,True,True,False,True,True,True,True,True
S1-718762840,S2-289797432,S2,US,True,False,cap_ranking_miss,40,96,58,False,name_token|address_token|numeric_address,92.6666666667,0,0,0,24,5,2,0,0,0,0,81.6157516336,85.2057862938,92.6666666667,0,,,,,,,,,,,,,,,,,,,,,,,,,,,,,,,,,,,,,,,,,,,,,,,,,,,,,,,,,,,False,False,True,True,True,True,False,False,False,False,True,True
S1-719104287,S2-807302626,S2,US,True,False,cap_ranking_miss,40,44,43,False,name_token|address_token|numeric_address,92.6666666667,0,0,0,4,3,3,0,0,0,0,56.8932714406,61.8700875953,92.6666666667,0,,,,,,,,,,,,,,,,,,,,,,,,,,,,,,,,,,,,,,,,,,,,,,,,,,,,,,,,,,,False,True,True,True,True,True,False,True,True,True,True,True
S1-719182631,S3-225092430,S3,US,True,False,cap_ranking_miss,40,43,43,False,name_token|address_token,82.7302564015,0,0,0,3,1,0,0,0,0,0,82.7302564015,62.1702739492,0,0,,,,,,,,,,,,,,,,,,,,,,,,,,,,,,,,,,,,,,,,,,,,,,,,,,,,,,,,,,,False,True,True,True,True,True,False,True,True,True,True,True
S1-725012104,S2-121883175,S2,US,True,False,cap_ranking_miss,40,43,43,False,name_token|address_token,91.7573601342,0,0,0,7,3,0,0,0,0,0,52.0164854197,91.7573601342,0,0,,,,,,,,,,,,,,,,,,,,,,,,,,,,,,,,,,,,,,,,,,,,,,,,,,,,,,,,,,,False,True,True,True,True,True,False,True,True,True,True,True
S1-735626336,S2-518076690,S2,US,True,False,cap_ranking_miss,40,47,44,False,name_token|address_token|numeric_address,103.333333333,0,0,0,1,1,1,0,0,0,0,95.6461798877,81.1153241553,103.333333333,0,,,,,,,,,,,,,,,,,,,,,,,,,,,,,,,,,,,,,,,,,,,,,,,,,,,,,,,,,,,False,True,True,True,True,True,False,True,True,True,True,True
S1-743519409,S3-778132422,S3,US,True,False,cap_ranking_miss,40,76,44,False,name_token|address_token,61.7649120543,0,0,0,1,5,0,0,0,0,0,61.7649120543,51.2695801175,0,0,,,,,,,,,,,,,,,,,,,,,,,,,,,,,,,,,,,,,,,,,,,,,,,,,,,,,,,,,,,False,True,True,True,True,True,False,False,False,True,True,True
S1-743519409,S3-894250065,S3,US,True,False,cap_ranking_miss,40,73,41,False,name_token|address_token,67.8032434222,0,0,0,2,4,0,0,0,0,0,61.7649120543,67.8032434222,0,0,,,,,,,,,,,,,,,,,,,,,,,,,,,,,,,,,,,,,,,,,,,,,,,,,,,,,,,,,,,False,True,True,True,True,True,False,False,False,True,True,True
S1-750902604,S3-26907742,S3,US,True,False,cap_ranking_miss,40,123,43,False,name_token|address_token,75.6070381118,0,0,0,5,14,0,0,0,0,0,75.6070381118,51.8231104912,0,0,,,,,,,,,,,,,,,,,,,,,,,,,,,,,,,,,,,,,,,,,,,,,,,,,,,,,,,,,,,False,True,True,True,True,True,False,False,False,False,False,False
S1-751802723,S3-234342541,S3,US,True,False,cap_ranking_miss,40,133,48,False,name_token|address_token|numeric_address,94.6666666667,0,0,0,9,3,4,0,0,0,0,47.4019292464,88.5947746594,94.6666666667,0,,,,,,,,,,,,,,,,,,,,,,,,,,,,,,,,,,,,,,,,,,,,,,,,,,,,,,,,,,,False,True,True,True,True,True,False,False,False,False,False,False
S1-751802723,S3-568804145,S3,US,True,False,cap_ranking_miss,40,135,50,False,name_token|address_token|numeric_address,92.1212121212,0,0,0,3,7,6,0,0,0,0,65.9314040869,65.3138369625,92.1212121212,0,,,,,,,,,,,,,,,,,,,,,,,,,,,,,,,,,,,,,,,,,,,,,,,,,,,,,,,,,,,False,True,True,True,True,True,False,False,False,False,False,False
S1-751802723,S3-696323419,S3,US,True,False,cap_ranking_miss,40,134,49,False,name_token|address_token|numeric_address,93.9393939394,0,0,0,4,5,5,0,0,0,0,65.9314040869,82.7846389812,93.9393939394,0,,,,,,,,,,,,,,,,,,,,,,,,,,,,,,,,,,,,,,,,,,,,,,,,,,,,,,,,,,,False,True,True,True,True,True,False,False,False,False,False,False
S1-752472325,S2-668981848,S2,US,True,False,cap_ranking_miss,40,43,43,False,address_token|numeric_address,98.8888888889,0,0,0,0,2,1,0,0,0,0,0,76.8423748669,98.8888888889,0,,,,,,,,,,,,,,,,,,,,,,,,,,,,,,,,,,,,,,,,,,,,,,,,,,,,,,,,,,,False,True,True,True,True,True,False,True,True,True,True,True
S1-752472325,S3-979592137,S3,US,True,False,cap_ranking_miss,40,72,60,False,name_token|address_token|numeric_address,87.6363636364,0,0,0,24,8,12,0,0,0,0,33.5624851406,58.4338225785,87.6363636364,0,,,,,,,,,,,,,,,,,,,,,,,,,,,,,,,,,,,,,,,,,,,,,,,,,,,,,,,,,,,False,False,True,True,True,True,False,False,False,True,True,True
S1-752926413,S3-447671172,S3,US,True,False,cap_ranking_miss,40,273,111,False,name_token|address_token,79.5358640733,0,0,0,5,5,0,0,0,0,0,70.2269661633,79.5358640733,0,0,,,,,,,,,,,,,,,,,,,,,,,,,,,,,,,,,,,,,,,,,,,,,,,,,,,,,,,,,,,False,False,False,False,False,True,False,False,False,False,False,False
S1-754690890,S3-690309681,S3,US,True,False,cap_ranking_miss,40,103,42,False,name_token|address_token|numeric_address,101.111111111,0,0,0,108,1,1,0,0,0,0,73.8997508218,98.8479944234,101.111111111,0,,,,,,,,,,,,,,,,,,,,,,,,,,,,,,,,,,,,,,,,,,,,,,,,,,,,,,,,,,,False,True,True,True,True,True,False,False,False,False,False,True
S1-754690890,S3-804991779,S3,US,True,False,cap_ranking_miss,40,104,43,False,name_token|address_token|numeric_address,96,0,0,0,109,2,2,0,0,0,0,67.7165488697,78.5396391836,96,0,,,,,,,,,,,,,,,,,,,,,,,,,,,,,,,,,,,,,,,,,,,,,,,,,,,,,,,,,,,False,True,True,True,True,True,False,False,False,False,False,True
S1-761935587,S3-272971612,S3,US,True,False,cap_ranking_miss,40,77,41,False,name_token|address_token,74.5758941017,0,0,0,2,2,0,0,0,0,0,74.5758941017,61.505547234,0,0,,,,,,,,,,,,,,,,,,,,,,,,,,,,,,,,,,,,,,,,,,,,,,,,,,,,,,,,,,,False,True,True,True,True,True,False,False,False,True,True,True
S1-762966958,S3-511015777,S3,US,True,False,cap_ranking_miss,40,41,41,False,name_token|address_token|numeric_address,97.5,0,0,0,5,3,3,0,0,0,0,69.0084576849,82.0961648791,97.5,0,,,,,,,,,,,,,,,,,,,,,,,,,,,,,,,,,,,,,,,,,,,,,,,,,,,,,,,,,,,False,True,True,True,True,True,False,True,True,True,True,True
S1-767127032,S2-959178939,S2,US,True,False,cap_ranking_miss,40,42,42,False,address_token|numeric_address,88.3333333333,0,0,0,0,2,2,0,0,0,0,0,74.4303453234,88.3333333333,0,,,,,,,,,,,,,,,,,,,,,,,,,,,,,,,,,,,,,,,,,,,,,,,,,,,,,,,,,,,False,True,True,True,True,True,False,True,True,True,True,True
S1-770909649,S2-676209720,S2,US,True,False,cap_ranking_miss,40,112,46,False,name_token|address_token|numeric_address,100,0,0,0,3,1,2,0,0,0,0,81.2523596884,87.1165178896,100,0,,,,,,,,,,,,,,,,,,,,,,,,,,,,,,,,,,,,,,,,,,,,,,,,,,,,,,,,,,,False,True,True,True,True,True,False,False,False,False,False,True
S1-77597188,S2-580967448,S2,US,True,False,cap_ranking_miss,40,69,63,False,address_token,82.3344038703,0,0,0,0,2,0,0,0,0,0,0,82.3344038703,0,0,,,,,,,,,,,,,,,,,,,,,,,,,,,,,,,,,,,,,,,,,,,,,,,,,,,,,,,,,,,False,False,False,True,True,True,False,False,False,True,True,True
S1-777447672,S3-173283251,S3,US,True,False,cap_ranking_miss,40,99,49,False,name_token|address_token|numeric_address,94.4444444444,0,0,0,1,4,2,0,0,0,0,85.340354731,60.6169711103,94.4444444444,0,,,,,,,,,,,,,,,,,,,,,,,,,,,,,,,,,,,,,,,,,,,,,,,,,,,,,,,,,,,False,True,True,True,True,True,False,False,False,False,True,True
S1-777447672,S3-974765059,S3,US,True,False,cap_ranking_miss,40,98,48,False,name_token|address_token|numeric_address,97.5,0,0,0,2,2,1,0,0,0,0,85.340354731,73.9481358689,97.5,0,,,,,,,,,,,,,,,,,,,,,,,,,,,,,,,,,,,,,,,,,,,,,,,,,,,,,,,,,,,False,True,True,True,True,True,False,False,False,False,True,True
S1-782319312,S3-253703609,S3,US,True,False,cap_ranking_miss,40,62,44,False,name_token|address_token|numeric_address,96.6666666667,0,0,0,3,3,3,0,0,0,0,81.8410325086,93.8988139359,96.6666666667,0,,,,,,,,,,,,,,,,,,,,,,,,,,,,,,,,,,,,,,,,,,,,,,,,,,,,,,,,,,,False,True,True,True,True,True,False,False,False,True,True,True
S1-78566631,S2-883376151,S2,US,True,False,cap_ranking_miss,40,253,48,False,name_token|address_token,76.6520792428,0,0,0,3,18,0,0,0,0,0,76.6520792428,74.9420762901,0,0,,,,,,,,,,,,,,,,,,,,,,,,,,,,,,,,,,,,,,,,,,,,,,,,,,,,,,,,,,,False,True,True,True,True,True,False,False,False,False,False,False
S1-792937225,S3-656700550,S3,US,True,False,cap_ranking_miss,40,47,45,False,name_token|address_token|numeric_address,73.5091988907,0,0,0,2,3,3,0,0,0,0,73.5091988907,73.456145912,56.1538461538,0,,,,,,,,,,,,,,,,,,,,,,,,,,,,,,,,,,,,,,,,,,,,,,,,,,,,,,,,,,,False,True,True,True,True,True,False,True,True,True,True,True
S1-796436300,S2-674720525,S2,US,True,False,cap_ranking_miss,40,177,45,False,name_token|address_token|numeric_address,97.2727272727,0,0,0,3,3,3,0,0,0,0,65.7889308233,76.7745161827,97.2727272727,0,,,,,,,,,,,,,,,,,,,,,,,,,,,,,,,,,,,,,,,,,,,,,,,,,,,,,,,,,,,False,True,True,True,True,True,False,False,False,False,False,False
S1-796436300,S2-71249984,S2,US,True,False,cap_ranking_miss,40,178,46,False,name_token|address_token|numeric_address,92.2727272727,0,0,0,6,4,4,0,0,0,0,60.7889308233,76.7745161827,92.2727272727,0,,,,,,,,,,,,,,,,,,,,,,,,,,,,,,,,,,,,,,,,,,,,,,,,,,,,,,,,,,,False,True,True,True,True,True,False,False,False,False,False,False
S1-79749476,S2-725498954,S2,US,True,False,cap_ranking_miss,40,170,82,False,address_token,69.1862279287,0,0,0,0,1,0,0,0,0,0,0,69.1862279287,0,0,,,,,,,,,,,,,,,,,,,,,,,,,,,,,,,,,,,,,,,,,,,,,,,,,,,,,,,,,,,False,False,False,False,True,True,False,False,False,False,False,False
S1-79851479,S2-389639671,S2,US,True,False,cap_ranking_miss,40,93,41,False,name_token|address_token|numeric_address,109.9545775,0,0,0,97,2,2,0,0,0,0,54.2457824423,109.9545775,97.7777777778,0,,,,,,,,,,,,,,,,,,,,,,,,,,,,,,,,,,,,,,,,,,,,,,,,,,,,,,,,,,,False,True,True,True,True,True,False,False,False,False,True,True
S1-79851479,S3-749437727,S3,US,True,False,cap_ranking_miss,40,92,43,False,name_token|address_token|numeric_address,97.7777777778,0,0,0,306,2,2,0,0,0,0,54.0168689711,94.5358706973,97.7777777778,0,,,,,,,,,,,,,,,,,,,,,,,,,,,,,,,,,,,,,,,,,,,,,,,,,,,,,,,,,,,False,True,True,True,True,True,False,False,False,False,True,True
S1-804403509,S3-206718881,S3,US,True,False,cap_ranking_miss,40,82,42,False,name_token|address_token|numeric_address,76.5459836217,0,0,0,2,1,82,0,0,0,0,64.1913511381,76.5459836217,55.2380952381,0,,,,,,,,,,,,,,,,,,,,,,,,,,,,,,,,,,,,,,,,,,,,,,,,,,,,,,,,,,,False,True,True,True,True,True,False,False,False,False,True,True
S1-804666642,S3-951770516,S3,US,True,False,cap_ranking_miss,40,232,45,False,address_token,50.3997666657,0,0,0,0,2,0,0,0,0,0,0,50.3997666657,0,0,,,,,,,,,,,,,,,,,,,,,,,,,,,,,,,,,,,,,,,,,,,,,,,,,,,,,,,,,,,False,True,True,True,True,True,False,False,False,False,False,False
S1-806356057,S3-341885224,S3,US,True,False,cap_ranking_miss,40,104,57,False,address_token|numeric_address,85,0,0,0,0,6,102,0,0,0,0,0,72.7931332213,85,0,,,,,,,,,,,,,,,,,,,,,,,,,,,,,,,,,,,,,,,,,,,,,,,,,,,,,,,,,,,False,False,True,True,True,True,False,False,False,False,False,True
S1-810539049,S2-995382790,S2,India,True,False,cap_ranking_miss,40,76,,True,address_token,37.2830166426,0,0,0,0,75,0,0,0,0,0,0,37.2830166426,0,0,,,,,,,,,,,,,,,,,,,,,,,,,,,,,,,,,,,,,,,,,,,,,,,,,,,,,,,,,,,False,False,False,False,False,False,False,False,False,True,True,True
S1-810539049,S3-512160569,S3,India,True,False,cap_ranking_miss,40,55,50,False,name_token|address_token,67.3800872895,0,0,0,3,68,0,0,0,0,0,67.3800872895,32.0647722123,0,0,,,,,,,,,,,,,,,,,,,,,,,,,,,,,,,,,,,,,,,,,,,,,,,,,,,,,,,,,,,False,True,True,True,True,True,False,False,True,True,True,True
S1-813494142,S2-248147334,S2,US,True,False,cap_ranking_miss,40,179,44,False,address_token,75.2228178398,0,0,0,0,2,0,0,0,0,0,0,75.2228178398,0,0,,,,,,,,,,,,,,,,,,,,,,,,,,,,,,,,,,,,,,,,,,,,,,,,,,,,,,,,,,,False,True,True,True,True,True,False,False,False,False,False,False
S1-815067599,S2-857864489,S2,US,True,False,cap_ranking_miss,40,140,51,False,name_token|address_token,74.2246397719,0,0,0,11,8,0,0,0,0,0,74.2246397719,48.526770671,0,0,,,,,,,,,,,,,,,,,,,,,,,,,,,,,,,,,,,,,,,,,,,,,,,,,,,,,,,,,,,False,False,True,True,True,True,False,False,False,False,False,False
S1-819132355,S2-499789086,S2,US,True,False,cap_ranking_miss,40,178,55,False,name_token|address_token,77.1486737327,0,0,0,1,1,0,0,0,0,0,49.5142102937,77.1486737327,0,0,,,,,,,,,,,,,,,,,,,,,,,,,,,,,,,,,,,,,,,,,,,,,,,,,,,,,,,,,,,False,False,True,True,True,True,False,False,False,False,False,False
S1-81987814,S3-203162151,S3,US,True,False,cap_ranking_miss,40,189,46,False,name_token|address_token,57.0131769252,0,0,0,1,19,0,0,0,0,0,51.0054101464,57.0131769252,0,0,,,,,,,,,,,,,,,,,,,,,,,,,,,,,,,,,,,,,,,,,,,,,,,,,,,,,,,,,,,False,True,True,True,True,True,False,False,False,False,False,False
S1-824991198,S3-44219602,S3,US,True,False,cap_ranking_miss,40,233,50,False,name_token|address_token,62.3254608673,0,0,0,3,4,0,0,0,0,0,37.479472004,62.3254608673,0,0,,,,,,,,,,,,,,,,,,,,,,,,,,,,,,,,,,,,,,,,,,,,,,,,,,,,,,,,,,,False,True,True,True,True,True,False,False,False,False,False,False
S1-82643633,S3-637640564,S3,US,True,False,cap_ranking_miss,40,62,54,False,address_token|numeric_address,80.1392848747,0,0,0,0,2,14,0,0,0,0,0,80.1392848747,49.0909090909,0,,,,,,,,,,,,,,,,,,,,,,,,,,,,,,,,,,,,,,,,,,,,,,,,,,,,,,,,,,,False,False,True,True,True,True,False,False,False,True,True,True
S1-82643633,S3-639691343,S3,US,True,False,cap_ranking_miss,40,61,53,False,name_token|address_token|numeric_address,81.3573629867,0,0,0,6,1,12,0,0,0,0,55.6675018193,81.3573629867,55.7575757576,0,,,,,,,,,,,,,,,,,,,,,,,,,,,,,,,,,,,,,,,,,,,,,,,,,,,,,,,,,,,False,False,True,True,True,True,False,False,False,True,True,True
S1-826538752,S2-908870315,S2,US,True,False,cap_ranking_miss,40,248,58,False,name_token,79.5272298046,0,0,0,18,0,0,0,0,0,0,79.5272298046,0,0,0,,,,,,,,,,,,,,,,,,,,,,,,,,,,,,,,,,,,,,,,,,,,,,,,,,,,,,,,,,,False,False,True,True,True,True,False,False,False,False,False,False
S1-827617408,S3-990300718,S3,India,True,False,cap_ranking_miss,40,60,59,False,address_token|numeric_address,62.9991089756,0,0,0,0,42,4,0,0,0,0,0,62.9991089756,48,0,,,,,,,,,,,,,,,,,,,,,,,,,,,,,,,,,,,,,,,,,,,,,,,,,,,,,,,,,,,False,False,True,True,True,True,False,False,True,True,True,True
S1-829799891,S2-708713844,S2,US,True,False,cap_ranking_miss,40,168,73,False,address_token,70.0841498893,0,0,0,0,26,0,0,0,0,0,0,70.0841498893,0,0,,,,,,,,,,,,,,,,,,,,,,,,,,,,,,,,,,,,,,,,,,,,,,,,,,,,,,,,,,,False,False,False,True,True,True,False,False,False,False,False,False
S1-829890653,S2-481832328,S2,US,True,False,cap_ranking_miss,40,146,50,False,name_token|address_token,79.44485509,0,0,0,14,8,0,0,0,0,0,55.4929542079,79.44485509,0,0,,,,,,,,,,,,,,,,,,,,,,,,,,,,,,,,,,,,,,,,,,,,,,,,,,,,,,,,,,,False,True,True,True,True,True,False,False,False,False,False,False
S1-830263776,S3-965516631,S3,US,True,False,cap_ranking_miss,40,60,42,False,name_token|address_token,71.6384003628,0,0,0,2,13,0,0,0,0,0,71.6384003628,62.1172382549,0,0,,,,,,,,,,,,,,,,,,,,,,,,,,,,,,,,,,,,,,,,,,,,,,,,,,,,,,,,,,,False,True,True,True,True,True,False,False,True,True,True,True
S1-835732189,S3-486599325,S3,US,True,False,cap_ranking_miss,40,42,42,False,name_token|address_token,84.7983732378,0,0,0,3,4,0,0,0,0,0,84.7983732378,78.3541052492,0,0,,,,,,,,,,,,,,,,,,,,,,,,,,,,,,,,,,,,,,,,,,,,,,,,,,,,,,,,,,,False,True,True,True,True,True,False,True,True,True,True,True
S1-83772901,S3-342086363,S3,India,True,False,cap_ranking_miss,40,55,,True,numeric_address,70.4761904762,0,0,0,0,0,55,0,0,0,0,0,0,70.4761904762,0,,,,,,,,,,,,,,,,,,,,,,,,,,,,,,,,,,,,,,,,,,,,,,,,,,,,,,,,,,,False,False,False,False,False,False,False,False,True,True,True,True
S1-83772901,S3-742454733,S3,India,True,False,cap_ranking_miss,40,56,,True,numeric_address,67.1428571429,0,0,0,0,0,56,0,0,0,0,0,0,67.1428571429,0,,,,,,,,,,,,,,,,,,,,,,,,,,,,,,,,,,,,,,,,,,,,,,,,,,,,,,,,,,,False,False,False,False,False,False,False,False,True,True,True,True
S1-837791612,S3-459969180,S3,US,True,False,cap_ranking_miss,40,199,48,False,address_token,53.5947212462,0,0,0,0,8,0,0,0,0,0,0,53.5947212462,0,0,,,,,,,,,,,,,,,,,,,,,,,,,,,,,,,,,,,,,,,,,,,,,,,,,,,,,,,,,,,False,True,True,True,True,True,False,False,False,False,False,False
S1-842088115,S3-515208674,S3,US,True,False,cap_ranking_miss,40,95,60,False,name_token|address_token,72.1545155085,0,0,0,2,35,0,0,0,0,0,72.1545155085,48.6732716445,0,0,,,,,,,,,,,,,,,,,,,,,,,,,,,,,,,,,,,,,,,,,,,,,,,,,,,,,,,,,,,False,False,True,True,True,True,False,False,False,False,True,True
S1-843079803,S3-751369113,S3,US,True,False,cap_ranking_miss,40,49,43,False,name_token|address_token,81.9920793746,0,0,0,3,2,0,0,0,0,0,81.9920793746,64.3851955272,0,0,,,,,,,,,,,,,,,,,,,,,,,,,,,,,,,,,,,,,,,,,,,,,,,,,,,,,,,,,,,False,True,True,True,True,True,False,True,True,True,True,True
S1-843515215,S3-557449315,S3,US,True,False,cap_ranking_miss,40,128,90,False,name_token|address_token,80.354321506,0,0,0,1,3,0,0,0,0,0,80.354321506,53.3219199529,0,0,,,,,,,,,,,,,,,,,,,,,,,,,,,,,,,,,,,,,,,,,,,,,,,,,,,,,,,,,,,False,False,False,False,True,True,False,False,False,False,False,False
S1-844655202,S3-314656979,S3,US,True,False,cap_ranking_miss,40,71,45,False,address_token|numeric_address,69.9392881912,0,0,0,0,3,71,0,0,0,0,0,69.9392881912,46.6666666667,0,,,,,,,,,,,,,,,,,,,,,,,,,,,,,,,,,,,,,,,,,,,,,,,,,,,,,,,,,,,False,True,True,True,True,True,False,False,False,True,True,True
S1-845825144,S3-10970374,S3,US,True,False,cap_ranking_miss,40,46,46,False,name_token|address_token|numeric_address,93.6363636364,0,0,0,6,4,5,0,0,0,0,76.8799992369,65.296676147,93.6363636364,0,,,,,,,,,,,,,,,,,,,,,,,,,,,,,,,,,,,,,,,,,,,,,,,,,,,,,,,,,,,False,True,True,True,True,True,False,True,True,True,True,True
S1-845825144,S3-297417153,S3,US,True,False,cap_ranking_miss,40,45,45,False,name_token|address_token|numeric_address,96,0,0,0,7,2,3,0,0,0,0,76.8799992369,81.849321196,96,0,,,,,,,,,,,,,,,,,,,,,,,,,,,,,,,,,,,,,,,,,,,,,,,,,,,,,,,,,,,False,True,True,True,True,True,False,True,True,True,True,True
S1-850911368,S2-633780744,S2,US,True,False,cap_ranking_miss,40,108,64,False,name_token|address_token,76.5195611117,0,0,0,3,3,0,0,0,0,0,70.5806950576,76.5195611117,0,0,,,,,,,,,,,,,,,,,,,,,,,,,,,,,,,,,,,,,,,,,,,,,,,,,,,,,,,,,,,False,False,False,True,True,True,False,False,False,False,False,True
S1-85173643,S3-101682231,S3,India,True,False,cap_ranking_miss,40,54,51,False,address_token|numeric_address,48.3704707969,0,0,0,0,44,2,0,0,0,0,0,48.3704707969,43.75,0,,,,,,,,,,,,,,,,,,,,,,,,,,,,,,,,,,,,,,,,,,,,,,,,,,,,,,,,,,,False,False,True,True,True,True,False,False,True,True,True,True
S1-862712171,S2-905428491,S2,India,True,False,cap_ranking_miss,40,52,52,False,address_token,65.4558310554,0,0,0,0,35,0,0,0,0,0,0,65.4558310554,0,0,,,,,,,,,,,,,,,,,,,,,,,,,,,,,,,,,,,,,,,,,,,,,,,,,,,,,,,,,,,False,False,True,True,True,True,False,False,True,True,True,True
S1-862712171,S3-345210508,S3,India,True,False,cap_ranking_miss,40,72,72,False,address_token,50.2174995001,0,0,0,0,37,0,0,0,0,0,0,50.2174995001,0,0,,,,,,,,,,,,,,,,,,,,,,,,,,,,,,,,,,,,,,,,,,,,,,,,,,,,,,,,,,,False,False,False,True,True,True,False,False,False,True,True,True
S1-865042770,S3-654045345,S3,India,True,False,cap_ranking_miss,40,48,48,False,address_token|numeric_address,82.1052631579,0,0,0,0,4,37,0,0,0,0,0,40.0287561263,82.1052631579,0,,,,,,,,,,,,,,,,,,,,,,,,,,,,,,,,,,,,,,,,,,,,,,,,,,,,,,,,,,,False,True,True,True,True,True,False,True,True,True,True,True
S1-866876481,S3-661324980,S3,India,True,False,cap_ranking_miss,40,41,41,False,address_token,41.6509299002,0,0,0,0,34,0,0,0,0,0,0,41.6509299002,0,0,,,,,,,,,,,,,,,,,,,,,,,,,,,,,,,,,,,,,,,,,,,,,,,,,,,,,,,,,,,False,True,True,True,True,True,False,True,True,True,True,True
S1-870689784,S3-75542235,S3,US,True,False,cap_ranking_miss,40,78,44,False,name_token|address_token,67.4522226835,0,0,0,2,4,0,0,0,0,0,67.4522226835,57.299251549,0,0,,,,,,,,,,,,,,,,,,,,,,,,,,,,,,,,,,,,,,,,,,,,,,,,,,,,,,,,,,,False,True,True,True,True,True,False,False,False,True,True,True
S1-874218366,S2-183040122,S2,US,True,False,cap_ranking_miss,40,44,44,False,name_token|address_token,94.4577324497,0,0,0,4,3,0,0,0,0,0,71.1895327659,94.4577324497,0,0,,,,,,,,,,,,,,,,,,,,,,,,,,,,,,,,,,,,,,,,,,,,,,,,,,,,,,,,,,,False,True,True,True,True,True,False,True,True,True,True,True
S1-874218366,S3-624362117,S3,US,True,False,cap_ranking_miss,40,46,45,False,name_token|address_token|numeric_address,102.364025346,0,0,0,2,3,3,0,0,0,0,71.2637105118,102.364025346,101.904761905,0,,,,,,,,,,,,,,,,,,,,,,,,,,,,,,,,,,,,,,,,,,,,,,,,,,,,,,,,,,,False,True,True,True,True,True,False,True,True,True,True,True
S1-876046208,S3-241007283,S3,US,True,False,cap_ranking_miss,40,117,41,False,address_token,68.2737492427,0,0,0,0,6,0,0,0,0,0,0,68.2737492427,0,0,,,,,,,,,,,,,,,,,,,,,,,,,,,,,,,,,,,,,,,,,,,,,,,,,,,,,,,,,,,False,True,True,True,True,True,False,False,False,False,False,True
S1-877771962,S3-542913551,S3,US,True,False,cap_ranking_miss,40,112,82,False,name_token|address_token,70.3030063332,0,0,0,2,49,0,0,0,0,0,70.3030063332,50.0649271137,0,0,,,,,,,,,,,,,,,,,,,,,,,,,,,,,,,,,,,,,,,,,,,,,,,,,,,,,,,,,,,False,False,False,False,True,True,False,False,False,False,False,True
S1-879036575,S3-664651599,S3,US,True,False,cap_ranking_miss,40,123,44,False,address_token|numeric_address,87.2727272727,0,0,0,0,2,2,0,0,0,0,0,85.7750826592,87.2727272727,0,,,,,,,,,,,,,,,,,,,,,,,,,,,,,,,,,,,,,,,,,,,,,,,,,,,,,,,,,,,False,True,True,True,True,True,False,False,False,False,False,False
S1-879036575,S3-866147139,S3,US,True,False,cap_ranking_miss,40,122,43,False,address_token|numeric_address,100.078373798,0,0,0,0,1,3,0,0,0,0,0,100.078373798,87.2727272727,0,,,,,,,,,,,,,,,,,,,,,,,,,,,,,,,,,,,,,,,,,,,,,,,,,,,,,,,,,,,False,True,True,True,True,True,False,False,False,False,False,False
S1-879654155,S2-608461073,S2,US,True,False,cap_ranking_miss,40,148,62,False,name_token|address_token,72.2757030474,0,0,0,136,21,0,0,0,0,0,60.4387719805,72.2757030474,0,0,,,,,,,,,,,,,,,,,,,,,,,,,,,,,,,,,,,,,,,,,,,,,,,,,,,,,,,,,,,False,False,False,True,True,True,False,False,False,False,False,False
S1-883692822,S3-499890294,S3,US,True,False,cap_ranking_miss,40,50,43,False,name_token|address_token,79.773530427,0,0,0,2,14,0,0,0,0,0,79.773530427,49.6372199348,0,0,,,,,,,,,,,,,,,,,,,,,,,,,,,,,,,,,,,,,,,,,,,,,,,,,,,,,,,,,,,False,True,True,True,True,True,False,True,True,True,True,True
S1-885718050,S3-804710687,S3,US,True,False,cap_ranking_miss,40,42,42,False,name_token|address_token,94.3344974468,0,0,0,1,2,0,0,0,0,0,94.3344974468,70.8357599122,0,0,,,,,,,,,,,,,,,,,,,,,,,,,,,,,,,,,,,,,,,,,,,,,,,,,,,,,,,,,,,False,True,True,True,True,True,False,True,True,True,True,True
S1-885718050,S3-90396847,S3,US,True,False,cap_ranking_miss,40,186,83,False,address_token,70.8357599122,0,0,0,0,3,0,0,0,0,0,0,70.8357599122,0,0,,,,,,,,,,,,,,,,,,,,,,,,,,,,,,,,,,,,,,,,,,,,,,,,,,,,,,,,,,,False,False,False,False,True,True,False,False,False,False,False,False
S1-887159316,S3-32838450,S3,US,True,False,cap_ranking_miss,40,181,77,False,address_token|numeric_address,98.3651523923,0,0,0,0,4,11,0,0,0,0,0,98.3651523923,86.6666666667,0,,,,,,,,,,,,,,,,,,,,,,,,,,,,,,,,,,,,,,,,,,,,,,,,,,,,,,,,,,,False,False,False,True,True,True,False,False,False,False,False,False
S1-887719275,S3-292762351,S3,US,True,False,cap_ranking_miss,40,137,,True,name_token|address_token,74.937693155,0,0,0,135,74,0,0,0,0,0,74.937693155,36.3453230563,0,0,,,,,,,,,,,,,,,,,,,,,,,,,,,,,,,,,,,,,,,,,,,,,,,,,,,,,,,,,,,False,False,False,False,False,False,False,False,False,False,False,False
S1-891813614,S3-752371122,S3,US,True,False,cap_ranking_miss,40,61,56,False,address_token|numeric_address,84,0,0,0,0,4,60,0,0,0,0,0,74.8872715024,84,0,,,,,,,,,,,,,,,,,,,,,,,,,,,,,,,,,,,,,,,,,,,,,,,,,,,,,,,,,,,False,False,True,True,True,True,False,False,False,True,True,True
S1-892053155,S3-552267717,S3,US,True,False,cap_ranking_miss,40,90,52,False,name_token|address_token,84.8805027374,0,0,0,3,2,0,0,0,0,0,84.8805027374,64.8571832098,0,0,,,,,,,,,,,,,,,,,,,,,,,,,,,,,,,,,,,,,,,,,,,,,,,,,,,,,,,,,,,False,False,True,True,True,True,False,False,False,False,True,True
S1-892053155,S3-639658396,S3,US,True,False,cap_ranking_miss,40,202,95,False,address_token,66.2857546383,0,0,0,0,1,0,0,0,0,0,0,66.2857546383,0,0,,,,,,,,,,,,,,,,,,,,,,,,,,,,,,,,,,,,,,,,,,,,,,,,,,,,,,,,,,,False,False,False,False,True,True,False,False,False,False,False,False
S1-892053155,S3-708706722,S3,US,True,False,cap_ranking_miss,40,187,91,False,name_token|address_token,81.5471694041,0,0,0,4,5,0,0,0,0,0,81.5471694041,45.627385764,0,0,,,,,,,,,,,,,,,,,,,,,,,,,,,,,,,,,,,,,,,,,,,,,,,,,,,,,,,,,,,False,False,False,False,True,True,False,False,False,False,False,False
S1-892622924,S3-227313763,S3,US,True,False,cap_ranking_miss,40,153,68,False,address_token,72.407487952,0,0,0,0,3,0,0,0,0,0,0,72.407487952,0,0,,,,,,,,,,,,,,,,,,,,,,,,,,,,,,,,,,,,,,,,,,,,,,,,,,,,,,,,,,,False,False,False,True,True,True,False,False,False,False,False,False
S1-892622924,S3-66973712,S3,US,True,False,cap_ranking_miss,40,152,67,False,address_token,73.8360593806,0,0,0,0,2,0,0,0,0,0,0,73.8360593806,0,0,,,,,,,,,,,,,,,,,,,,,,,,,,,,,,,,,,,,,,,,,,,,,,,,,,,,,,,,,,,False,False,False,True,True,True,False,False,False,False,False,False
S1-8953262,S3-191399324,S3,US,True,False,cap_ranking_miss,40,103,,True,address_token,51.1559449981,0,0,0,0,60,0,0,0,0,0,0,51.1559449981,0,0,,,,,,,,,,,,,,,,,,,,,,,,,,,,,,,,,,,,,,,,,,,,,,,,,,,,,,,,,,,False,False,False,False,False,False,False,False,False,False,False,True
S1-896456699,S3-838647515,S3,US,True,False,cap_ranking_miss,40,41,41,False,name_token|address_token,61.7793152233,0,0,0,43,5,0,0,0,0,0,47.9456799556,61.7793152233,0,0,,,,,,,,,,,,,,,,,,,,,,,,,,,,,,,,,,,,,,,,,,,,,,,,,,,,,,,,,,,False,True,True,True,True,True,False,True,True,True,True,True
S1-899907533,S3-146023992,S3,US,True,False,cap_ranking_miss,40,166,47,False,address_token,44.3034683308,0,0,0,0,4,0,0,0,0,0,0,44.3034683308,0,0,,,,,,,,,,,,,,,,,,,,,,,,,,,,,,,,,,,,,,,,,,,,,,,,,,,,,,,,,,,False,True,True,True,True,True,False,False,False,False,False,False
S1-899907533,S3-630845587,S3,US,True,False,cap_ranking_miss,40,167,48,False,address_token,44.3034683308,0,0,0,0,6,0,0,0,0,0,0,44.3034683308,0,0,,,,,,,,,,,,,,,,,,,,,,,,,,,,,,,,,,,,,,,,,,,,,,,,,,,,,,,,,,,False,True,True,True,True,True,False,False,False,False,False,False
S1-9046972,S3-629845168,S3,US,True,False,cap_ranking_miss,40,115,44,False,address_token|numeric_address,90.3775771728,0,0,0,0,1,3,0,0,0,0,0,90.3775771728,89.0909090909,0,,,,,,,,,,,,,,,,,,,,,,,,,,,,,,,,,,,,,,,,,,,,,,,,,,,,,,,,,,,False,True,True,True,True,True,False,False,False,False,False,True
S1-908747670,S3-363461717,S3,US,True,False,cap_ranking_miss,40,49,45,False,name_token|address_token|numeric_address,89.7435897436,0,0,0,2,9,1,0,0,0,0,51.6384505572,55.7531200853,89.7435897436,0,,,,,,,,,,,,,,,,,,,,,,,,,,,,,,,,,,,,,,,,,,,,,,,,,,,,,,,,,,,False,True,True,True,True,True,False,True,True,True,True,True
S1-909580465,S3-589210389,S3,US,True,False,cap_ranking_miss,40,65,44,False,name_token|address_token,67.4896777529,0,0,0,4,3,0,0,0,0,0,66.6742941359,67.4896777529,0,0,,,,,,,,,,,,,,,,,,,,,,,,,,,,,,,,,,,,,,,,,,,,,,,,,,,,,,,,,,,False,True,True,True,True,True,False,False,False,True,True,True
S1-914062862,S2-495448457,S2,India,True,False,cap_ranking_miss,40,45,41,False,address_token,108.890487707,0,0,0,0,1,0,0,0,0,0,0,108.890487707,0,0,,,,,,,,,,,,,,,,,,,,,,,,,,,,,,,,,,,,,,,,,,,,,,,,,,,,,,,,,,,False,True,True,True,True,True,False,True,True,True,True,True
S1-91606722,S3-257386367,S3,US,True,False,cap_ranking_miss,40,102,78,False,name_token|address_token,66.2675291931,0,0,0,5,32,0,0,0,0,0,66.2675291931,48.2671782315,0,0,,,,,,,,,,,,,,,,,,,,,,,,,,,,,,,,,,,,,,,,,,,,,,,,,,,,,,,,,,,False,False,False,True,True,True,False,False,False,False,False,True
S1-918728752,S2-473506901,S2,US,True,False,cap_ranking_miss,40,106,85,False,name_token|address_token,74.8462121382,0,0,0,2,32,0,0,0,0,0,74.8462121382,53.459107151,0,0,,,,,,,,,,,,,,,,,,,,,,,,,,,,,,,,,,,,,,,,,,,,,,,,,,,,,,,,,,,False,False,False,False,True,True,False,False,False,False,False,True
S1-921800895,S2-785316903,S2,US,True,False,cap_ranking_miss,40,51,46,False,name_token|address_token,84.4234894453,0,0,0,18,3,0,0,0,0,0,67.1128153788,84.4234894453,0,0,,,,,,,,,,,,,,,,,,,,,,,,,,,,,,,,,,,,,,,,,,,,,,,,,,,,,,,,,,,False,True,True,True,True,True,False,False,True,True,True,True
S1-92199730,S2-823418409,S2,US,True,False,cap_ranking_miss,40,250,51,False,name_token|address_token,76.9902120286,0,0,0,2,16,0,0,0,0,0,65.6774280991,76.9902120286,0,0,,,,,,,,,,,,,,,,,,,,,,,,,,,,,,,,,,,,,,,,,,,,,,,,,,,,,,,,,,,False,False,True,True,True,True,False,False,False,False,False,False
S1-923381912,S3-614406438,S3,US,True,False,cap_ranking_miss,40,70,49,False,address_token|numeric_address,92.5749275601,0,0,0,0,2,7,0,0,0,0,0,92.5749275601,86,0,,,,,,,,,,,,,,,,,,,,,,,,,,,,,,,,,,,,,,,,,,,,,,,,,,,,,,,,,,,False,True,True,True,True,True,False,False,False,True,True,True
S1-924374526,S2-550852749,S2,US,True,False,cap_ranking_miss,40,95,87,False,name_token|address_token,62.2292401458,0,0,0,2,4,0,0,0,0,0,60.1932295396,62.2292401458,0,0,,,,,,,,,,,,,,,,,,,,,,,,,,,,,,,,,,,,,,,,,,,,,,,,,,,,,,,,,,,False,False,False,False,True,True,False,False,False,False,True,True
S1-927734019,S2-108498805,S2,US,True,False,cap_ranking_miss,40,71,53,False,name_token|address_token|numeric_address,99.1111111111,0,0,0,2,2,2,0,0,0,0,87.3909038701,97.3893319965,99.1111111111,0,,,,,,,,,,,,,,,,,,,,,,,,,,,,,,,,,,,,,,,,,,,,,,,,,,,,,,,,,,,False,False,True,True,True,True,False,False,False,True,True,True
S1-933773180,S3-533870071,S3,US,True,False,cap_ranking_miss,40,69,65,False,name_token|address_token,71.880061179,0,0,0,3,1,0,0,0,0,0,61.7414125825,71.880061179,0,0,,,,,,,,,,,,,,,,,,,,,,,,,,,,,,,,,,,,,,,,,,,,,,,,,,,,,,,,,,,False,False,False,True,True,True,False,False,False,True,True,True
S1-933773180,S3-593846943,S3,US,True,False,cap_ranking_miss,40,70,66,False,name_token|address_token,70.4514897504,0,0,0,4,3,0,0,0,0,0,61.7414125825,70.4514897504,0,0,,,,,,,,,,,,,,,,,,,,,,,,,,,,,,,,,,,,,,,,,,,,,,,,,,,,,,,,,,,False,False,False,True,True,True,False,False,False,True,True,True
S1-935139094,S2-401293981,S2,US,True,False,cap_ranking_miss,40,56,52,False,name_token|address_token,83.7261365411,0,0,0,5,3,0,0,0,0,0,70.3520763837,83.7261365411,0,0,,,,,,,,,,,,,,,,,,,,,,,,,,,,,,,,,,,,,,,,,,,,,,,,,,,,,,,,,,,False,False,True,True,True,True,False,False,True,True,True,True
S1-935139094,S2-603319792,S2,US,True,False,cap_ranking_miss,40,57,53,False,name_token|address_token,83.7261365411,0,0,0,6,4,0,0,0,0,0,70.3520763837,83.7261365411,0,0,,,,,,,,,,,,,,,,,,,,,,,,,,,,,,,,,,,,,,,,,,,,,,,,,,,,,,,,,,,False,False,True,True,True,True,False,False,True,True,True,True
S1-939107867,S2-862038666,S2,India,True,False,cap_ranking_miss,40,67,,True,address_token,41.1339125205,0,0,0,0,62,0,0,0,0,0,0,41.1339125205,0,0,,,,,,,,,,,,,,,,,,,,,,,,,,,,,,,,,,,,,,,,,,,,,,,,,,,,,,,,,,,False,False,False,False,False,False,False,False,False,True,True,True
S1-94599318,S3-504423581,S3,US,True,False,cap_ranking_miss,40,91,57,False,name_token|address_token|numeric_address,96.9696969697,0,0,0,1,7,2,0,0,0,0,88.5956615845,61.8544069325,96.9696969697,0,,,,,,,,,,,,,,,,,,,,,,,,,,,,,,,,,,,,,,,,,,,,,,,,,,,,,,,,,,,False,False,True,True,True,True,False,False,False,False,True,True
S1-94684272,S2-872606921,S2,US,True,False,cap_ranking_miss,40,189,,True,numeric_address,48,0,0,0,0,0,155,0,0,0,0,0,0,48,0,,,,,,,,,,,,,,,,,,,,,,,,,,,,,,,,,,,,,,,,,,,,,,,,,,,,,,,,,,,False,False,False,False,False,False,False,False,False,False,False,False
S1-948232888,S2-734304373,S2,US,True,False,cap_ranking_miss,40,78,52,False,address_token,86.6391773358,0,0,0,0,3,0,0,0,0,0,0,86.6391773358,0,0,,,,,,,,,,,,,,,,,,,,,,,,,,,,,,,,,,,,,,,,,,,,,,,,,,,,,,,,,,,False,False,True,True,True,True,False,False,False,True,True,True
S1-953111403,S2-227719744,S2,US,True,False,cap_ranking_miss,40,146,44,False,name_token,70.254164254,0,0,0,4,0,0,0,0,0,0,70.254164254,0,0,0,,,,,,,,,,,,,,,,,,,,,,,,,,,,,,,,,,,,,,,,,,,,,,,,,,,,,,,,,,,False,True,True,True,True,True,False,False,False,False,False,False
S1-953111403,S3-837537743,S3,US,True,False,cap_ranking_miss,40,150,47,False,name_token|address_token,70.36693205,0,0,0,7,3,0,0,0,0,0,70.36693205,64.2214243302,0,0,,,,,,,,,,,,,,,,,,,,,,,,,,,,,,,,,,,,,,,,,,,,,,,,,,,,,,,,,,,False,True,True,True,True,True,False,False,False,False,False,False
S1-959677424,S3-717492212,S3,US,True,False,cap_ranking_miss,40,144,51,False,name_token|numeric_address,91.1111111111,0,0,0,12,0,3,0,0,0,0,65.0183579308,0,91.1111111111,0,,,,,,,,,,,,,,,,,,,,,,,,,,,,,,,,,,,,,,,,,,,,,,,,,,,,,,,,,,,False,False,True,True,True,True,False,False,False,False,False,False
S1-959711921,S3-522179433,S3,US,True,False,cap_ranking_miss,40,121,44,False,name_token|address_token,68.6031353046,0,0,0,2,3,0,0,0,0,0,68.6031353046,60.2445634141,0,0,,,,,,,,,,,,,,,,,,,,,,,,,,,,,,,,,,,,,,,,,,,,,,,,,,,,,,,,,,,False,True,True,True,True,True,False,False,False,False,False,False
S1-961200002,S2-128456181,S2,India,True,False,cap_ranking_miss,40,57,46,False,address_token,61.9060249066,0,0,0,0,7,0,0,0,0,0,0,61.9060249066,0,0,,,,,,,,,,,,,,,,,,,,,,,,,,,,,,,,,,,,,,,,,,,,,,,,,,,,,,,,,,,False,True,True,True,True,True,False,False,True,True,True,True
S1-962463839,S2-530700600,S2,US,True,False,cap_ranking_miss,40,167,,True,numeric_address,54.2857142857,0,0,0,0,0,165,0,0,0,0,0,0,54.2857142857,0,,,,,,,,,,,,,,,,,,,,,,,,,,,,,,,,,,,,,,,,,,,,,,,,,,,,,,,,,,,False,False,False,False,False,False,False,False,False,False,False,False
S1-962463839,S2-652315095,S2,US,True,False,cap_ranking_miss,40,168,,True,numeric_address,54.2857142857,0,0,0,0,0,166,0,0,0,0,0,0,54.2857142857,0,,,,,,,,,,,,,,,,,,,,,,,,,,,,,,,,,,,,,,,,,,,,,,,,,,,,,,,,,,,False,False,False,False,False,False,False,False,False,False,False,False
S1-96502613,S3-903445082,S3,US,True,False,cap_ranking_miss,40,41,41,False,name_token|address_token|numeric_address,103.879628297,0,0,0,8,4,2,0,0,0,0,75.5072878916,103.879628297,101.111111111,0,,,,,,,,,,,,,,,,,,,,,,,,,,,,,,,,,,,,,,,,,,,,,,,,,,,,,,,,,,,False,True,True,True,True,True,False,True,True,True,True,True
S1-967035749,S2-105350273,S2,India,True,False,cap_ranking_miss,40,67,43,False,address_token,49.9784200816,0,0,0,0,3,0,0,0,0,0,0,49.9784200816,0,0,,,,,,,,,,,,,,,,,,,,,,,,,,,,,,,,,,,,,,,,,,,,,,,,,,,,,,,,,,,False,True,True,True,True,True,False,False,False,True,True,True
S1-967035749,S3-681579402,S3,India,True,False,cap_ranking_miss,40,228,49,False,address_token,36.5005663519,0,0,0,0,2,0,0,0,0,0,0,36.5005663519,0,0,,,,,,,,,,,,,,,,,,,,,,,,,,,,,,,,,,,,,,,,,,,,,,,,,,,,,,,,,,,False,True,True,True,True,True,False,False,False,False,False,False
S1-967035749,S3-743807279,S3,India,True,False,cap_ranking_miss,40,229,50,False,address_token,36.5005663519,0,0,0,0,3,0,0,0,0,0,0,36.5005663519,0,0,,,,,,,,,,,,,,,,,,,,,,,,,,,,,,,,,,,,,,,,,,,,,,,,,,,,,,,,,,,False,True,True,True,True,True,False,False,False,False,False,False
S1-967154708,S3-489509960,S3,US,True,False,cap_ranking_miss,40,152,,True,numeric_address,82,0,0,0,0,0,151,0,0,0,0,0,0,82,0,,,,,,,,,,,,,,,,,,,,,,,,,,,,,,,,,,,,,,,,,,,,,,,,,,,,,,,,,,,False,False,False,False,False,False,False,False,False,False,False,False
S1-967399237,S3-675045440,S3,US,True,False,cap_ranking_miss,40,98,66,False,name_token|address_token|numeric_address,95.2380952381,0,0,0,157,3,3,0,0,0,0,31.7878210275,92.5946430147,95.2380952381,0,,,,,,,,,,,,,,,,,,,,,,,,,,,,,,,,,,,,,,,,,,,,,,,,,,,,,,,,,,,False,False,False,True,True,True,False,False,False,False,True,True
S1-970629008,S3-553464654,S3,US,True,False,cap_ranking_miss,40,91,43,False,name_token|address_token|numeric_address,113.731169203,0,0,0,164,1,1,0,0,0,0,67.7165488697,113.731169203,103.333333333,0,,,,,,,,,,,,,,,,,,,,,,,,,,,,,,,,,,,,,,,,,,,,,,,,,,,,,,,,,,,False,True,True,True,True,True,False,False,False,False,True,True
S1-970629008,S3-886178981,S3,US,True,False,cap_ranking_miss,40,104,45,False,name_token|address_token|numeric_address,99.7412260639,0,0,0,165,2,2,0,0,0,0,67.7165488697,99.7412260639,98.5714285714,0,,,,,,,,,,,,,,,,,,,,,,,,,,,,,,,,,,,,,,,,,,,,,,,,,,,,,,,,,,,False,True,True,True,True,True,False,False,False,False,False,True
S1-970629008,S3-989300025,S3,US,True,False,cap_ranking_miss,40,168,62,False,address_token,52.1610746814,0,0,0,0,6,0,0,0,0,0,0,52.1610746814,0,0,,,,,,,,,,,,,,,,,,,,,,,,,,,,,,,,,,,,,,,,,,,,,,,,,,,,,,,,,,,False,False,False,True,True,True,False,False,False,False,False,False
S1-974832610,S2-928875449,S2,US,True,False,cap_ranking_miss,40,61,41,False,name_token|address_token,70.5703353798,0,0,0,4,4,0,0,0,0,0,70.5703353798,60.4144060361,0,0,,,,,,,,,,,,,,,,,,,,,,,,,,,,,,,,,,,,,,,,,,,,,,,,,,,,,,,,,,,False,True,True,True,True,True,False,False,False,True,True,True
S1-974832610,S3-88539040,S3,US,True,False,cap_ranking_miss,40,44,43,False,name_token|address_token,70.6104860484,0,0,0,4,12,0,0,0,0,0,70.6104860484,51.5071264582,0,0,,,,,,,,,,,,,,,,,,,,,,,,,,,,,,,,,,,,,,,,,,,,,,,,,,,,,,,,,,,False,True,True,True,True,True,False,True,True,True,True,True
S1-976230299,S3-933912853,S3,US,True,False,cap_ranking_miss,40,125,49,False,address_token|numeric_address,104.287799955,0,0,0,0,3,3,0,0,0,0,0,104.287799955,90,0,,,,,,,,,,,,,,,,,,,,,,,,,,,,,,,,,,,,,,,,,,,,,,,,,,,,,,,,,,,False,True,True,True,True,True,False,False,False,False,False,False
S1-981114011,S3-930601925,S3,India,True,False,cap_ranking_miss,40,51,42,False,address_token,30.2957473103,0,0,0,0,4,0,0,0,0,0,0,30.2957473103,0,0,,,,,,,,,,,,,,,,,,,,,,,,,,,,,,,,,,,,,,,,,,,,,,,,,,,,,,,,,,,False,True,True,True,True,True,False,False,True,True,True,True
S1-994634424,S2-995066225,S2,US,True,False,cap_ranking_miss,40,132,44,False,name_token|address_token,66.8390189507,0,0,0,3,7,0,0,0,0,0,62.8134613025,66.8390189507,0,0,,,,,,,,,,,,,,,,,,,,,,,,,,,,,,,,,,,,,,,,,,,,,,,,,,,,,,,,,,,False,True,True,True,True,True,False,False,False,False,False,False
S1-996331863,S3-14330453,S3,US,True,False,cap_ranking_miss,40,103,45,False,name_token|address_token,61.2511682862,0,0,0,4,10,0,0,0,0,0,61.2511682862,49.3265661155,0,0,,,,,,,,,,,,,,,,,,,,,,,,,,,,,,,,,,,,,,,,,,,,,,,,,,,,,,,,,,,False,True,True,True,True,True,False,False,False,False,False,True
S1-997039788,S2-203458285,S2,US,True,False,cap_ranking_miss,40,113,41,False,name_token|address_token,104.939341026,0,0,0,113,1,0,0,0,0,0,104.939341026,89.9740372612,0,0,,,,,,,,,,,,,,,,,,,,,,,,,,,,,,,,,,,,,,,,,,,,,,,,,,,,,,,,,,,False,True,True,True,True,True,False,False,False,False,False,True
S1-997829461,S2-848125913,S2,US,True,False,cap_ranking_miss,40,194,76,False,name_token|address_token,65.6328815692,0,0,0,6,31,0,0,0,0,0,56.2448116582,65.6328815692,0,0,,,,,,,,,,,,,,,,,,,,,,,,,,,,,,,,,,,,,,,,,,,,,,,,,,,,,,,,,,,False,False,False,True,True,True,False,False,False,False,False,False
