sample,source1_entity_id,source,country,intersection_scheduler,exact_overflow_passes,intersection_planned_pairs,intersection_pairs_skipped_candidate_budget,intersection_candidate_budget_reached,intersection_empty_probes,intersection_pairs_skipped_term_quota,intersection_pairs_skipped_selectivity,intersection_queries,intersection_overflows,intersection_nonempty_successes,intersection_sql_seconds,intersection_pairs_considered,intersection_pairs_skipped_anchor,intersection_pairs_skipped_rules,postings_looked_up,posting_ids_returned,intersection_unique_candidate_ids,intersection_total_seconds,exact_candidates,token_candidates,token_only_candidates,candidates_before_cap,eligible_before_final_cap,cap_hit,cap_truncated,selected_candidates,true_links_before_cap,selected_exact_candidates,query_seconds
s1_1000,S1-197826453,S2,US,selective_v2_compact,0,6,0,0,2,0,0,6,1,3,0.16668333400002666,28,0,0,12,39,37,0.1671862279999914,43,39,37,80,77,1,1,60,3,40,0.3029333429999781
s1_1000,S1-197826453,S3,US,selective_v2_compact,0,6,0,0,0,0,4,6,1,5,0.5386711519999778,28,0,4,12,96,92,0.5392077040000061,56,93,92,148,88,1,1,60,1,41,0.7607494689999896
s1_1000,S1-681233599,S2,India,selective_v2_compact,0,6,0,0,0,0,33,6,1,5,0.4998833639999418,91,21,54,12,130,72,0.5004853380000043,0,72,72,72,45,0,0,45,1,0,0.6192966220000073
s1_1000,S1-681233599,S3,India,selective_v2_compact,0,6,3,1,0,0,30,3,0,3,0.3011486019999836,91,21,51,7,214,136,0.3018335250000064,0,174,174,174,61,1,1,60,1,0,0.53033933399999
s1_1000,S1-910993346,S2,India,selective_v2_compact,0,6,0,1,0,0,13,6,0,6,0.5083184359999677,55,3,16,12,188,176,0.5090003360000139,1,177,176,177,84,1,1,60,3,1,0.7283486309999887
s1_1000,S1-910993346,S3,India,selective_v2_compact,0,6,1,1,0,0,12,5,0,5,0.4796592159999875,55,1,13,10,204,194,0.4803757219999909,2,195,194,196,80,1,1,60,3,2,0.6980776769999864
s1_1000,S1-757945054,S2,India,selective_v2_compact,0,6,2,1,0,0,19,4,0,4,0.14862396600000238,120,10,29,12,169,104,0.14970683999999324,14,157,143,157,78,1,1,60,2,14,0.3437899249999816
s1_1000,S1-757945054,S3,India,selective_v2_compact,0,6,2,1,0,0,20,4,0,4,0.15735830199994894,120,6,26,12,169,110,0.1584237900000005,14,157,143,157,72,1,1,60,2,14,0.3241789949999827
s1_1000,S1-290854814,S2,India,selective_v2_compact,0,6,1,1,0,0,12,5,0,5,0.4229281169999979,66,6,18,12,161,135,0.4236527600000102,4,139,139,143,89,1,1,60,3,4,0.5762578909999831
s1_1000,S1-290854814,S3,India,selective_v2_compact,0,6,1,1,1,0,13,5,0,4,0.43673678600001153,66,3,16,12,172,161,0.43748124800001165,6,163,163,169,101,1,1,60,2,6,0.6043462339999905
s1_1000,S1-532135828,S2,US,selective_v2_compact,0,6,4,1,1,0,7,2,0,1,0.13045924700000455,36,0,7,6,179,144,0.1309005440000135,1,162,161,162,40,0,0,40,2,1,0.2916853899999978
s1_1000,S1-532135828,S3,US,selective_v2_compact,0,6,0,1,0,0,10,6,1,5,0.5334133619999193,36,0,10,14,175,136,0.5339327960000162,0,151,151,151,78,1,1,60,2,0,0.6769617749999952
s1_1000,S1-489863972,S2,US,selective_v2_compact,0,6,2,1,1,0,12,4,0,3,0.24007261400001312,55,3,15,8,110,104,0.240607797999985,2,105,104,106,69,1,1,60,3,2,0.3431584580000049
s1_1000,S1-489863972,S3,US,selective_v2_compact,0,6,0,0,0,0,14,6,0,6,0.6751454060000128,55,6,20,12,70,65,0.6756604809999942,0,65,65,65,55,0,0,55,1,0,0.7429702759999941
s1_1000,S1-127529460,S2,US,selective_v2_compact,0,6,0,0,0,0,3,6,1,5,0.5196062390000122,28,0,3,13,132,85,0.5200558189999924,1,116,115,116,68,1,1,60,3,1,0.6286101450000103
s1_1000,S1-127529460,S3,US,selective_v2_compact,0,6,0,0,0,0,3,6,1,5,0.5349566319999894,28,0,3,13,119,77,0.5354016219999949,0,105,105,105,66,1,1,60,2,0,0.6339843739999935
s1_1000,S1-148743364,S2,India,selective_v2_compact,0,6,0,0,0,0,27,6,0,6,0.27497401600004423,105,15,42,14,145,92,0.2757407229999842,0,134,134,134,94,1,1,60,1,0,0.4052848729999994
s1_1000,S1-148743364,S3,India,selective_v2_compact,0,6,0,1,0,0,29,6,1,5,0.31257865899999615,105,10,39,14,161,110,0.313395235999991,0,152,152,152,91,1,1,60,1,0,0.4567294919999938
s1_1000,S1-348320286,S2,India,selective_v2_compact,0,6,0,0,1,0,15,6,1,4,0.1730213759999799,36,3,18,13,87,56,0.17338813999998592,10,77,67,77,77,1,1,60,2,10,0.2459821039999781
s1_1000,S1-348320286,S3,India,selective_v2_compact,0,6,0,0,0,0,13,6,1,5,0.30335348400004136,36,1,14,13,121,86,0.30377905099999225,5,107,102,107,79,1,1,60,1,5,0.3976439390000053
s1_1000,S1-188014924,S2,India,selective_v2_compact,0,6,0,0,0,0,41,6,0,6,0.2771145269999806,120,10,51,12,100,93,0.2779757990000178,3,93,93,96,89,1,1,60,1,3,0.37166634700000145
s1_1000,S1-188014924,S3,India,selective_v2_compact,0,6,0,1,0,0,35,6,0,6,0.33460035300001323,120,6,41,12,148,143,0.3356318010000052,7,144,143,150,91,1,1,60,2,7,0.4705903699999965
s1_1000,S1-787210237,S2,US,selective_v2_compact,0,6,0,0,0,0,0,6,0,6,0.12265528600005382,15,0,0,14,177,1,0.12298415199998658,2,139,137,139,76,1,1,60,2,2,0.24971318299998302
s1_1000,S1-787210237,S3,US,selective_v2_compact,0,6,0,0,0,0,0,6,0,6,0.14435282900001312,15,0,0,13,185,55,0.14468489900002623,0,180,180,180,89,1,1,60,1,0,0.2962184989999912
s1_1000,S1-477547538,S2,US,selective_v2_compact,0,6,1,1,0,0,5,5,0,5,0.4800139859999888,28,1,6,11,132,124,0.4804879099999937,0,127,127,127,86,1,1,60,1,0,0.5930045339999879
s1_1000,S1-477547538,S3,US,selective_v2_compact,0,6,1,1,0,0,5,5,0,5,0.5630563300000233,28,1,6,11,151,141,0.5634839079999949,0,144,144,144,83,1,1,60,2,0,0.6853521889999854
s1_1000,S1-822441485,S2,India,selective_v2_compact,0,6,0,0,1,0,19,6,1,4,0.4461146430000156,78,21,40,13,63,43,0.44664051699999163,0,57,57,57,57,0,0,57,2,0,0.5057675270000175
s1_1000,S1-822441485,S3,India,selective_v2_compact,0,6,0,0,1,0,29,6,1,4,0.3652640920000181,78,10,39,13,29,21,0.36579973999999993,1,27,26,27,27,0,0,27,1,1,0.4019321170000012
s1_1000,S1-676890599,S2,US,selective_v2_compact,0,6,2,1,1,2,4,4,0,3,0.4263279090000083,15,1,5,9,198,112,0.4266376039999784,15,197,197,212,112,1,1,60,0,15,0.6012912079999921
s1_1000,S1-676890599,S3,US,selective_v2_compact,0,6,2,1,0,2,4,4,0,4,0.48279829599994173,15,1,5,9,240,126,0.4831385120000107,20,231,229,249,122,1,1,60,2,20,0.6875230619999968
s1_1000,S1-569158628,S2,US,selective_v2_compact,0,6,2,1,0,0,3,4,0,4,0.5906687310000223,15,0,3,9,136,103,0.5910005849999891,0,134,134,134,72,1,1,60,1,0,0.7035108129999799
s1_1000,S1-569158628,S3,US,selective_v2_compact,0,6,1,1,0,0,3,5,0,5,0.6688670349999768,15,0,3,11,154,105,0.6692763460000037,1,142,141,142,76,1,1,60,2,1,0.7875735369999859
s1_1000,S1-863311543,S2,US,selective_v2_compact,0,6,0,0,0,0,2,6,1,5,0.13757047600003602,28,3,5,13,111,6,0.1379652439999859,1,95,94,95,46,0,0,46,2,1,0.22205025900001374
s1_1000,S1-863311543,S3,US,selective_v2_compact,0,6,0,0,0,0,3,6,1,5,0.14873245900005827,28,3,6,13,115,14,0.14909422699997776,0,99,99,99,54,0,0,54,1,0,0.23388911600000029
s1_1000,S1-581141524,S2,India,selective_v2_compact,0,6,0,1,0,0,20,6,1,5,0.558252538000005,66,10,30,12,156,144,0.5588438740000186,11,155,144,155,80,1,1,60,2,11,0.6864869399999805
s1_1000,S1-581141524,S3,India,selective_v2_compact,0,6,0,1,0,0,23,6,0,6,0.41613214100001983,66,6,29,12,142,139,0.41675918299998216,13,140,139,152,94,1,1,60,2,13,0.5434004850000065
s1_1000,S1-776008409,S2,US,selective_v2_compact,0,6,1,1,0,0,1,5,0,5,0.25729623500001253,15,1,2,11,135,124,0.2576335560000018,0,130,130,130,56,0,0,56,2,0,0.3646247959999869
s1_1000,S1-776008409,S3,US,selective_v2_compact,0,6,1,1,0,0,1,5,0,5,0.275596916000012,15,1,2,11,137,115,0.27594848699999375,1,122,121,122,45,0,0,45,4,1,0.37798634699998956
s1_1000,S1-125953774,S2,India,selective_v2_compact,0,6,2,1,0,0,15,4,0,4,0.16391365800001267,66,6,21,8,237,229,0.16457897299997626,0,229,229,229,40,0,0,40,1,0,0.3475652850000017
s1_1000,S1-125953774,S3,India,selective_v2_compact,0,6,2,1,2,0,16,4,0,2,0.11191726200001995,66,3,19,8,112,111,0.11252711599999543,0,111,111,111,40,0,0,40,1,0,0.2072348200000249
s1_1000,S1-711797056,S2,India,selective_v2_compact,0,6,0,0,0,0,12,6,1,5,0.48617763599997943,36,3,15,13,125,84,0.4866179620000253,0,116,116,116,81,1,1,60,1,0,0.5848173109999948
s1_1000,S1-711797056,S3,India,selective_v2_compact,0,6,3,1,0,0,12,3,0,3,0.22855478599998946,36,3,15,7,146,102,0.2289531170000032,2,140,138,140,66,1,1,60,2,2,0.3481083970000043
s1_1000,S1-1713613,S2,India,selective_v2_compact,0,6,0,1,0,0,16,6,0,6,0.4940624480000224,78,6,22,13,123,103,0.4948388520000151,1,117,117,118,51,0,0,51,1,1,0.6016840439999953
s1_1000,S1-1713613,S3,India,selective_v2_compact,0,6,0,0,0,0,20,6,0,6,0.4224787519999893,78,3,23,13,102,88,0.423180130999981,2,98,98,100,52,0,0,52,1,2,0.5136682250000035
s1_1000,S1-874244889,S2,US,selective_v2_compact,0,6,0,0,2,0,14,6,2,2,0.36278339099996515,78,1,15,13,59,53,0.3634877799999856,0,59,59,59,47,0,0,47,1,0,0.4206928440000013
s1_1000,S1-874244889,S3,US,selective_v2_compact,0,6,1,1,0,0,16,5,0,5,0.16311615299997584,78,1,17,10,213,202,0.16392525800000612,1,203,202,203,44,0,0,44,2,1,0.3302900710000074
s1_1000,S1-112485790,S2,US,selective_v2_compact,0,6,0,1,2,0,12,6,0,4,0.6108531170000333,45,1,13,13,173,123,0.6114032799999904,4,164,160,164,84,1,1,60,1,4,0.7430597160000048
s1_1000,S1-112485790,S3,US,selective_v2_compact,0,6,2,1,0,0,18,4,0,4,0.40184206899996866,45,3,21,9,182,123,0.40229776200001766,3,175,172,175,85,1,1,60,1,3,0.5433897220000006
s1_1000,S1-335303231,S2,US,selective_v2_compact,0,6,0,0,1,0,4,6,0,5,0.1625953070000321,28,0,4,14,113,19,0.16297344699998462,1,103,102,103,91,1,1,60,1,1,0.2532910890000153
s1_1000,S1-335303231,S3,US,selective_v2_compact,0,6,0,0,1,0,4,6,0,5,0.18034093199995027,28,0,4,13,77,21,0.18075932099998226,0,64,64,64,50,0,0,50,1,0,0.23763653800000384
s1_1000,S1-764425963,S2,India,selective_v2_compact,0,6,2,1,0,0,22,4,0,4,0.13484944600000404,120,21,43,8,122,106,0.13571655000001215,2,108,106,108,40,0,0,40,2,2,0.23042502000001264
s1_1000,S1-764425963,S3,India,selective_v2_compact,0,6,1,1,0,0,24,5,0,5,0.18928452800003015,120,10,34,10,115,110,0.1902728469999886,0,110,110,110,41,0,0,41,1,0,0.28588183799999456
s1_1000,S1-211293205,S2,US,selective_v2_compact,0,6,0,0,3,0,3,6,0,3,0.0921099070000082,45,0,3,14,88,7,0.09260835500001008,0,85,85,85,71,1,1,60,1,0,0.1691029859999844
s1_1000,S1-211293205,S3,US,selective_v2_compact,0,6,0,0,1,0,8,6,1,4,0.5731287830000156,45,1,9,12,44,42,0.5736446770000043,1,43,42,43,43,0,0,43,2,1,0.6166509690000055
s1_1000,S1-138688101,S2,India,selective_v2_compact,0,6,2,1,0,0,42,4,1,3,0.48386574399998494,91,28,70,8,154,151,0.48430823600000394,0,151,151,151,92,1,1,60,2,0,0.6039619319999758
s1_1000,S1-138688101,S3,India,selective_v2_compact,0,6,3,1,0,0,48,3,0,3,0.2734515670000235,91,28,76,6,182,181,0.2738457949999997,0,181,181,181,80,1,1,60,0,0,0.4112724119999882
s1_1000,S1-538960854,S2,US,selective_v2_compact,0,6,2,1,0,0,4,4,1,3,0.41150515399999676,15,0,4,8,101,100,0.411799751000018,0,100,100,100,48,0,0,48,1,0,0.4938173660000018
s1_1000,S1-538960854,S3,US,selective_v2_compact,0,6,2,1,0,0,4,4,1,3,0.43664527900000394,15,0,4,8,126,125,0.4369506509999894,1,126,125,126,45,0,0,45,1,1,0.5379187120000211
s1_1000,S1-281912479,S2,US,selective_v2_compact,0,6,2,1,2,0,0,4,0,2,0.2988166609999894,28,0,0,8,159,159,0.29926194999998756,0,159,159,159,76,1,1,60,1,0,0.42767687199997795
s1_1000,S1-281912479,S3,US,selective_v2_compact,0,6,1,1,0,0,3,5,0,5,0.5288940790000538,28,0,3,10,157,142,0.5293511550000289,1,142,142,143,80,1,1,60,3,1,0.6425552760000244
s1_1000,S1-30134334,S2,India,selective_v2_compact,0,6,0,0,2,0,22,6,1,3,0.09805666200009,91,10,32,15,78,11,0.09869147299997394,0,61,61,61,61,1,1,60,0,0,0.16223912000003793
s1_1000,S1-30134334,S3,India,selective_v2_compact,0,6,0,0,0,0,18,6,2,4,0.09818790100001706,91,10,28,15,96,8,0.09883832899998879,2,69,67,69,61,1,1,60,3,2,0.16672079299996767
s1_1000,S1-773391278,S2,India,selective_v2_compact,0,6,1,1,2,0,30,5,0,3,0.26141927399999076,105,10,40,11,175,142,0.26227490499996975,5,175,175,180,83,1,1,60,1,5,0.4075886749999995
s1_1000,S1-773391278,S3,India,selective_v2_compact,0,6,1,1,0,0,29,5,0,5,0.2165163029999917,105,6,35,11,141,109,0.2174020289999703,11,134,134,145,82,1,1,60,1,11,0.339033087999951
s1_1000,S1-967399237,S2,US,selective_v2_compact,0,6,3,1,1,2,4,3,0,2,0.19774616000000833,15,1,5,6,142,140,0.19803623299998208,67,141,140,207,106,1,1,60,1,48,0.3543979209999861
s1_1000,S1-967399237,S3,US,selective_v2_compact,0,5,0,1,0,4,3,5,1,4,0.7941458680001006,15,3,6,10,125,112,0.7944923649999964,77,119,112,189,116,1,1,60,4,45,0.9390364169999543
s1_1000,S1-100309770,S2,US,selective_v2_compact,0,6,0,1,0,0,4,6,0,6,0.42228423500000645,36,1,5,12,147,139,0.42288772099999505,0,139,139,139,51,0,0,51,3,0,0.5310393280000199
s1_1000,S1-100309770,S3,US,selective_v2_compact,0,6,0,1,1,0,4,6,0,5,0.28866890400007605,36,1,5,12,146,146,0.28924724899997045,0,146,146,146,52,0,0,52,0,0,0.4057602759999668
s1_1000,S1-727603875,S2,India,selective_v2_compact,0,6,0,1,0,0,28,6,0,6,0.3248268360000566,91,3,31,12,129,127,0.3256300270000452,0,127,127,127,80,1,1,60,1,0,0.4306972840000185
s1_1000,S1-727603875,S3,India,selective_v2_compact,0,6,2,1,0,0,25,4,0,4,0.24456496600009814,91,3,28,8,113,107,0.2453526489999831,1,108,107,108,58,0,0,58,3,1,0.33923565000003464
s1_1000,S1-415493702,S2,India,selective_v2_compact,0,6,2,1,0,0,36,4,0,4,0.23600928999996995,91,10,46,9,169,166,0.2366112809999663,8,167,166,174,61,1,1,60,1,8,0.37887171300002365
s1_1000,S1-415493702,S3,India,selective_v2_compact,0,6,0,1,0,0,39,6,1,5,0.30255594900000915,91,6,45,13,170,141,0.30325747400002,10,147,147,157,76,1,1,60,5,10,0.43039077299999917
s1_1000,S1-456974070,S2,US,selective_v2_compact,0,6,1,1,1,0,6,5,0,4,0.3464101350000419,36,1,7,11,149,131,0.3469011149999801,1,144,143,144,60,1,0,60,2,1,0.46248146200002793
s1_1000,S1-456974070,S3,US,selective_v2_compact,0,6,1,1,1,0,6,5,0,4,0.3861798450000151,36,1,7,11,146,124,0.3866668759999925,0,140,140,140,72,1,1,60,1,0,0.49693807199997764
s1_1000,S1-461883442,S2,US,selective_v2_compact,0,6,1,1,0,0,7,5,0,5,0.5700955209999847,28,1,8,10,230,220,0.5706070329999875,2,222,220,222,77,1,1,60,4,2,0.7406765779999773
s1_1000,S1-461883442,S3,US,selective_v2_compact,0,6,0,0,0,0,7,6,1,5,0.5137827920000859,28,1,8,12,108,92,0.514173994000032,3,94,92,95,74,1,1,60,3,3,0.5919673070000044
s1_1000,S1-141200697,S2,US,selective_v2_compact,0,6,2,1,2,0,5,4,0,2,0.36435239300004696,45,3,8,10,180,148,0.3649351540000225,0,179,179,179,93,1,1,60,1,0,0.48988143600001877
s1_1000,S1-141200697,S3,US,selective_v2_compact,0,6,1,1,0,0,12,5,1,4,0.4370277230000852,45,6,18,11,124,108,0.4374769419999893,1,116,115,116,65,1,1,60,2,1,0.5348894719999748
s1_1000,S1-531476391,S2,US,selective_v2_compact,0,6,0,1,0,0,6,6,0,6,0.612733144999936,28,3,9,12,117,106,0.6132001610000088,1,107,106,107,60,1,0,60,2,1,0.702722762999997
s1_1000,S1-531476391,S3,US,selective_v2_compact,0,6,0,0,0,0,7,6,0,6,0.7025966419999463,28,3,10,12,115,98,0.703056140000001,1,99,98,99,68,1,1,60,3,1,0.7830090600000403
s1_1000,S1-841216992,S2,India,selective_v2_compact,0,6,0,0,5,0,1,6,0,1,0.4151374280000937,55,3,4,14,90,78,0.41579133800001955,0,90,90,90,56,0,0,56,0,0,0.49352069200000415
s1_1000,S1-841216992,S3,India,selective_v2_compact,0,6,0,0,1,0,3,6,0,5,0.03645712099995535,55,1,4,14,28,10,0.037032060000001366,0,18,18,18,18,0,0,18,1,0,0.06378931800003329
s1_1000,S1-195655668,S2,US,selective_v2_compact,0,6,0,0,2,0,7,6,0,4,0.21980195800000502,36,3,10,14,40,23,0.22016815400002088,0,33,33,33,33,0,0,33,1,0,0.2575722770000084
s1_1000,S1-195655668,S3,US,selective_v2_compact,0,6,0,0,3,0,7,6,1,2,0.4698563080000895,36,3,10,14,9,1,0.4702060010000082,0,7,7,7,7,0,0,7,0,0,0.48735603900001934
s1_1000,S1-915817127,S2,US,selective_v2_compact,0,6,0,0,4,0,2,6,0,2,0.06749040399995465,28,0,2,14,243,0,0.06789212299997871,2,237,235,237,64,1,1,60,3,2,0.2521646850000252
s1_1000,S1-915817127,S3,US,selective_v2_compact,0,6,0,0,0,0,3,6,0,6,0.10243816000007655,28,3,6,14,279,21,0.10287915100002465,3,245,242,245,98,1,1,60,2,3,0.29574947400004703
s1_1000,S1-221516828,S2,India,selective_v2_compact,0,6,0,1,0,0,10,6,0,6,0.35973985500004346,66,15,25,14,204,175,0.36034668600001396,0,183,183,183,78,1,1,60,3,0,0.5080864860000247
s1_1000,S1-221516828,S3,India,selective_v2_compact,0,6,0,1,1,0,12,6,0,5,0.29873192899992773,66,10,22,14,168,155,0.2993955489999962,1,157,156,157,72,1,1,60,1,1,0.42484502500002463
s1_1000,S1-858438273,S2,India,selective_v2_compact,0,6,0,1,3,0,14,6,0,3,0.4269227679999972,78,28,42,13,151,136,0.4275247790000094,2,147,145,147,80,1,1,60,0,2,0.5486163799999986
s1_1000,S1-858438273,S3,India,selective_v2_compact,0,6,1,1,0,0,22,5,0,5,0.2536565860000337,78,21,43,11,240,211,0.25427002800000764,8,226,218,226,77,1,1,60,2,8,0.432774553999991
s1_1000,S1-879419565,S2,US,selective_v2_compact,0,6,1,1,0,0,7,5,0,5,0.22425313300004746,28,1,8,12,145,118,0.22463994200001025,1,128,127,128,52,0,0,52,1,1,0.32809358599996585
s1_1000,S1-879419565,S3,US,selective_v2_compact,0,6,1,1,0,0,7,5,0,5,0.2219199340000273,28,1,8,12,210,143,0.22231247000001986,1,172,171,172,72,1,1,60,3,1,0.35686578199999985
s1_1000,S1-783804493,S2,India,selective_v2_compact,0,6,2,1,0,0,16,4,0,4,0.38253138900006434,55,6,22,9,163,143,0.38301749800001517,2,154,152,154,74,1,1,60,4,2,0.504705519999959
s1_1000,S1-783804493,S3,India,selective_v2_compact,0,6,0,0,0,0,16,6,2,4,0.4958598240000356,55,3,19,13,69,49,0.4963776029999849,1,58,57,58,48,0,0,48,3,1,0.5472090960000173
s1_1000,S1-468160746,S2,US,selective_v2_compact,0,6,1,1,2,0,2,5,0,3,0.1377490259999945,15,0,2,11,219,109,0.1380741030000081,48,219,171,219,103,1,1,60,0,43,0.30463761300001124
s1_1000,S1-468160746,S3,US,selective_v2_compact,0,6,0,0,0,0,2,6,2,4,0.18084644300000718,15,0,2,13,94,33,0.18111907899998414,59,90,89,148,113,1,1,60,1,41,0.30252801599999657
s1_1000,S1-431232660,S2,India,selective_v2_compact,0,6,2,1,0,0,28,4,0,4,0.27247499499998185,66,10,38,9,139,130,0.2729893059999995,1,133,132,133,91,1,1,60,1,1,0.3807623129999911
s1_1000,S1-431232660,S3,India,selective_v2_compact,0,6,4,1,0,0,32,2,0,2,0.1496268930000042,55,6,38,4,122,122,0.1499701390000041,1,122,122,123,57,0,0,57,0,1,0.24618062899997994
s1_1000,S1-158405639,S2,US,selective_v2_compact,0,6,0,0,1,0,3,6,0,5,0.21819149899999957,28,0,3,12,58,53,0.21859345899997606,0,53,53,53,51,0,0,51,1,0,0.26683894399997143
s1_1000,S1-158405639,S3,US,selective_v2_compact,0,6,0,0,3,0,3,6,0,3,0.22976888299990605,28,0,3,12,60,60,0.2302096390000088,0,60,60,60,58,0,0,58,0,0,0.2855808520000096
s1_1000,S1-899768413,S2,India,selective_v2_compact,0,6,0,1,0,0,25,6,1,5,0.6674363719999974,66,10,35,12,119,112,0.6679403239999715,1,113,112,113,89,1,1,60,2,1,0.7535163430000011
s1_1000,S1-899768413,S3,India,selective_v2_compact,0,6,1,1,1,0,20,5,0,4,0.42220878799997763,66,10,30,10,148,147,0.42279776200001606,0,147,147,147,46,0,0,46,1,0,0.5361356270000215
s1_1000,S1-421253980,S2,India,selective_v2_compact,0,6,0,0,1,0,12,6,0,5,0.3310272420000615,55,3,15,14,143,65,0.33159780899995894,0,134,134,134,81,1,1,60,0,0,0.4424789349999969
s1_1000,S1-421253980,S3,India,selective_v2_compact,0,6,0,0,0,0,11,6,0,6,0.30287503799996784,55,3,14,14,110,40,0.3034452960000067,1,88,87,88,70,1,1,60,2,1,0.3823622959999966
s1_1000,S1-700204880,S2,US,selective_v2_compact,0,6,0,1,0,0,6,6,1,5,0.28088131999993493,36,0,6,13,412,178,0.28139896700002964,0,395,395,395,105,1,1,60,2,0,0.5768007290000128
s1_1000,S1-700204880,S3,US,selective_v2_compact,0,6,0,1,0,0,6,6,1,5,0.2954198540000448,36,0,6,13,462,203,0.2959831599999916,0,441,441,441,103,1,1,60,2,0,0.6313214349999612
s1_1000,S1-273482307,S2,US,selective_v2_compact,0,6,0,0,2,0,11,6,1,3,0.12042811699996037,45,0,11,15,195,0,0.1208642800000348,1,181,180,181,114,1,1,60,1,1,0.26559554799996477
s1_1000,S1-273482307,S3,US,selective_v2_compact,0,6,0,0,3,0,11,6,1,2,0.11874519600002031,45,0,11,15,215,0,0.11919267400003264,0,196,196,196,114,1,1,60,1,0,0.27482412400001976
s1_1000,S1-614569190,S2,US,selective_v2_compact,0,6,0,1,0,0,20,6,1,5,0.6000261509999518,55,6,26,12,125,119,0.6005742579999946,28,120,119,147,105,1,1,60,1,28,0.7171924870000339
s1_1000,S1-614569190,S3,US,selective_v2_compact,0,6,0,1,0,0,20,6,1,5,0.6832262250000554,55,6,26,12,135,122,0.6837596789999907,40,122,122,162,114,1,1,60,2,40,0.8098304259999622
s1_1000,S1-177222339,S2,India,selective_v2_compact,0,6,0,0,0,0,22,6,1,5,0.21398712100005923,66,3,25,13,75,38,0.21452227700001458,1,60,59,60,52,0,0,52,1,1,0.2691255209999781
s1_1000,S1-177222339,S3,India,selective_v2_compact,0,6,2,1,0,0,18,4,0,4,0.26417760900000076,66,3,21,9,191,158,0.26479852599999276,2,184,182,184,88,1,1,60,3,2,0.4057987400000229
s1_1000,S1-762724009,S2,India,selective_v2_compact,0,6,0,0,0,0,25,6,0,6,0.13158360199992103,91,15,40,12,77,72,0.1322221400000103,6,72,72,78,74,1,1,60,0,6,0.19481376499999215
s1_1000,S1-762724009,S3,India,selective_v2_compact,0,6,0,0,1,0,29,6,1,4,0.23902769600010743,91,6,35,12,91,91,0.23970784699997694,12,91,91,103,89,1,1,60,0,12,0.32463949800001046
s1_1000,S1-167019398,S2,US,selective_v2_compact,0,6,0,0,2,0,0,6,0,4,0.3448885370000312,21,1,1,15,193,78,0.3452729389999831,0,185,185,185,114,1,1,60,3,0,0.49711691599998176
s1_1000,S1-167019398,S3,US,selective_v2_compact,0,6,0,0,2,0,0,6,0,4,0.3339404890000992,21,1,1,15,201,87,0.334341725999991,0,194,194,194,119,1,1,60,0,0,0.48387385099999847
s1_1000,S1-321797136,S2,India,selective_v2_compact,0,6,2,1,1,0,27,4,0,3,0.15587890699993068,91,21,48,8,105,100,0.1564849069999923,4,104,100,104,80,1,1,60,1,4,0.2406515380000087
s1_1000,S1-321797136,S3,India,selective_v2_compact,0,6,2,1,0,0,32,4,0,4,0.2574130470001137,91,15,47,8,177,176,0.25806252999996104,0,176,176,176,77,1,1,60,0,0,0.39453392900003337
s1_1000,S1-514299264,S2,US,selective_v2_compact,0,6,0,0,2,0,0,6,1,3,0.09754974599997013,21,0,0,14,71,0,0.09785815800000819,0,59,59,59,44,0,0,44,2,0,0.15283755099994778
s1_1000,S1-514299264,S3,US,selective_v2_compact,0,6,0,0,0,0,0,6,1,5,0.1077907629998549,21,0,0,14,64,0,0.10806890000003477,0,58,58,58,46,0,0,46,1,0,0.16162785300002724
s1_1000,S1-387363895,S2,US,selective_v2_compact,0,6,0,0,0,0,6,6,0,6,0.15637642500001903,28,1,7,14,181,65,0.15674164099999643,2,158,156,158,97,1,1,60,2,2,0.2838674569999853
s1_1000,S1-387363895,S3,US,selective_v2_compact,0,6,0,0,1,0,6,6,0,5,0.14726958799991507,28,1,7,14,185,68,0.14763078700002552,2,169,167,169,102,1,1,60,2,2,0.28295461600004046
s1_1000,S1-48122097,S2,US,selective_v2_compact,0,6,0,0,1,0,0,6,0,5,0.03826875000004293,15,0,0,12,19,15,0.03850552300002619,1,16,15,16,16,0,0,16,1,1,0.058244293000029757
s1_1000,S1-48122097,S3,US,selective_v2_compact,0,6,0,0,0,0,0,6,0,6,0.03922705800005133,15,0,0,12,23,17,0.039482129000020905,1,18,17,18,18,0,0,18,1,1,0.06320929299999989
s1_1000,S1-403142081,S2,US,selective_v2_compact,0,6,0,0,1,2,4,6,0,5,0.22891974700007722,15,1,5,13,255,49,0.22923400399997718,94,218,216,310,123,1,1,60,1,44,0.458499254000003
s1_1000,S1-403142081,S3,US,selective_v2_compact,0,6,0,0,0,2,4,6,0,6,0.23543248900000435,15,1,5,13,275,63,0.23576030700002093,95,245,245,340,134,1,1,60,0,44,0.4875656369999888
s1_1000,S1-756082596,S2,India,selective_v2_compact,0,6,0,0,0,0,5,6,0,6,0.21463726000007455,36,3,8,14,28,12,0.21503545799998847,1,15,14,15,15,0,0,15,2,1,0.2376648680000244
s1_1000,S1-756082596,S3,India,selective_v2_compact,0,6,0,0,0,0,5,6,1,5,0.06629464799999596,36,0,5,14,21,12,0.06667555599995012,1,14,13,14,14,0,0,14,2,1,0.08944563199997901
s1_1000,S1-455236690,S2,India,selective_v2_compact,0,6,0,0,1,0,10,6,1,4,0.4890692329999524,28,3,13,13,95,65,0.48938742699999693,0,90,90,90,80,1,1,60,0,0,0.5617030330000148
s1_1000,S1-455236690,S3,India,selective_v2_compact,0,6,1,1,0,0,11,5,1,4,0.20814442300002156,28,3,14,11,157,109,0.208477146000007,0,146,146,146,93,1,1,60,2,0,0.3240866069999697
s1_1000,S1-323308288,S2,India,selective_v2_compact,0,6,3,1,0,0,42,3,0,3,0.15458858100004136,91,10,52,6,142,140,0.15511266599997953,12,140,140,152,93,1,1,60,1,12,0.2707351810000205
s1_1000,S1-323308288,S3,India,selective_v2_compact,0,6,3,1,0,0,38,3,0,3,0.13734083000014152,91,10,48,6,114,114,0.13790903800003207,9,114,114,123,87,1,1,60,2,9,0.2374728699999764
s1_1000,S1-318532201,S2,US,selective_v2_compact,0,6,0,0,3,0,1,6,0,3,0.045773589000077664,36,0,1,12,22,18,0.04619910999997501,1,19,18,19,19,0,0,19,2,1,0.06843890999999758
s1_1000,S1-318532201,S3,US,selective_v2_compact,0,6,0,0,2,0,2,6,0,4,0.1811110169999779,36,1,3,12,94,92,0.1816036820000022,1,93,92,93,85,1,1,60,1,1,0.26003930000001674
s1_1000,S1-149793766,S2,India,selective_v2_compact,0,6,0,0,1,0,9,6,1,4,0.08712031999993997,120,0,9,15,34,19,0.08824798500000952,1,28,28,29,29,0,0,29,1,1,0.12811233299999003
s1_1000,S1-149793766,S3,India,selective_v2_compact,0,6,2,1,0,0,5,4,0,4,0.01204458799998065,120,0,5,11,161,146,0.01326231800004507,8,150,149,157,47,0,0,47,1,8,0.1479552249999756
s1_1000,S1-654838535,S2,US,selective_v2_compact,0,6,0,0,0,0,5,6,0,6,0.10127817000005734,28,1,6,13,42,5,0.10161024399997132,0,33,33,33,33,0,0,33,2,0,0.13200794499999802
s1_1000,S1-654838535,S3,US,selective_v2_compact,0,6,0,0,0,0,5,6,0,6,0.14392991300002222,28,1,6,13,52,6,0.14429951200003188,1,40,39,40,40,0,0,40,1,1,0.18153736199997184
s1_1000,S1-867508332,S2,US,selective_v2_compact,0,6,0,0,2,0,3,6,0,4,0.13076767100000097,21,0,3,14,278,29,0.13110174700000243,1,269,268,269,105,1,1,60,3,1,0.3274923199999762
s1_1000,S1-867508332,S3,US,selective_v2_compact,0,6,0,0,1,0,3,6,0,5,0.13924529500002336,21,0,3,14,279,42,0.13958085600000913,2,270,268,270,111,1,1,60,1,2,0.34141191000003346
s1_1000,S1-181933717,S2,US,selective_v2_compact,0,6,2,1,0,0,7,4,0,4,0.14701014799993573,28,1,8,8,166,156,0.14742165199999135,4,160,156,160,58,0,0,58,3,4,0.2704179120000276
s1_1000,S1-181933717,S3,US,selective_v2_compact,0,6,0,0,0,0,6,6,2,4,0.4999663059999193,28,1,7,12,46,37,0.5003848220000009,1,38,37,38,38,0,0,38,2,1,0.536196614000005
s1_1000,S1-492734844,S2,US,selective_v2_compact,0,6,3,1,0,0,4,3,0,3,0.1957321369999363,28,0,4,6,140,135,0.19615538799996557,1,135,135,136,42,0,0,42,4,1,0.301890741999955
s1_1000,S1-492734844,S3,US,selective_v2_compact,0,6,0,0,0,0,5,6,1,5,0.22514171299997088,28,0,5,13,112,47,0.22557632400003058,1,102,101,102,78,1,1,60,3,1,0.303849452999998
s1_1000,S1-412918045,S2,US,selective_v2_compact,0,6,0,0,1,0,5,6,0,5,0.23365674299992634,36,1,6,12,82,79,0.2341429269999935,171,79,79,250,101,1,1,60,1,42,0.42285971800004063
s1_1000,S1-412918045,S3,US,selective_v2_compact,0,6,2,1,0,0,7,4,0,4,0.5837585060000947,36,3,10,8,108,102,0.5842268279999985,165,103,102,267,102,1,1,60,2,43,0.782645787999968
s1_1000,S1-130795020,S2,US,selective_v2_compact,0,6,0,0,4,0,3,6,0,2,0.09867233500000339,28,1,4,12,50,50,0.09907408800000894,0,50,50,50,50,0,0,50,0,0,0.14557127499995204
s1_1000,S1-130795020,S3,US,selective_v2_compact,0,6,0,0,0,0,3,6,0,6,0.08139247500002966,28,1,4,12,80,72,0.08180467099998623,0,72,72,72,55,0,0,55,4,0,0.14036611099999163
s1_1000,S1-818732511,S2,India,selective_v2_compact,0,6,2,1,0,0,46,4,0,4,0.2934285050000085,120,15,61,8,177,175,0.2942550270000197,0,175,175,175,86,1,1,60,1,0,0.43573160400001143
s1_1000,S1-818732511,S3,India,selective_v2_compact,0,6,2,1,0,0,44,4,0,4,0.30174651399994445,120,10,54,8,173,172,0.3025869029999626,0,172,172,172,88,1,1,60,1,0,0.43421462899999597
s1_1000,S1-966769496,S2,India,selective_v2_compact,0,6,0,0,0,0,14,6,2,4,0.07545466099992382,78,3,17,13,86,78,0.07614332599996487,0,81,81,81,42,0,0,42,3,0,0.1462095779999686
s1_1000,S1-966769496,S3,India,selective_v2_compact,0,6,0,0,2,0,8,6,2,2,0.10043533199990407,78,0,8,13,9,0,0.10115260199995646,1,3,3,4,4,0,0,4,2,1,0.11856352699999206
s1_1000,S1-604234644,S2,India,selective_v2_compact,0,6,0,0,0,0,8,6,0,6,0.1288037620000182,45,0,8,13,124,85,0.12937381599999753,1,117,116,117,79,1,1,60,1,1,0.2204379670000094
s1_1000,S1-604234644,S3,India,selective_v2_compact,0,6,0,0,0,0,2,6,0,6,0.11782968399995752,45,0,2,14,168,69,0.11838119200001529,0,142,142,142,105,1,1,60,3,0,0.22844749699999056
s1_1000,S1-970543893,S2,US,selective_v2_compact,0,6,0,0,5,0,1,6,0,1,0.014801429000044664,21,0,1,13,2,0,0.015081818999988172,0,1,1,1,1,0,0,1,0,0,0.023601235999990422
s1_1000,S1-970543893,S3,US,selective_v2_compact,0,6,0,0,3,0,1,6,0,3,0.014507241000046633,21,0,1,14,59,0,0.014771877999976368,0,55,55,55,40,0,0,40,0,0,0.0643458029999806
s1_1000,S1-753418700,S2,India,selective_v2_compact,0,6,0,0,0,0,26,6,1,5,0.2486369380000042,120,3,29,15,133,67,0.24966341800001146,2,116,114,116,62,1,1,60,3,2,0.34934154299998
s1_1000,S1-753418700,S3,India,selective_v2_compact,0,6,0,0,0,0,24,6,1,5,0.23755705000007765,120,1,25,15,122,43,0.23861777100000836,0,102,102,102,57,0,0,57,2,0,0.3271362119999708
s1_1000,S1-143815498,S2,US,selective_v2_compact,0,6,0,0,0,0,3,6,1,5,0.17977256199998237,28,0,3,14,271,89,0.18024559700000964,0,258,258,258,82,1,1,60,2,0,0.37223685899999737
s1_1000,S1-143815498,S3,US,selective_v2_compact,0,6,0,0,0,0,3,6,1,5,0.1802998559999196,28,0,3,14,318,94,0.18074138600002243,0,301,301,301,89,1,1,60,3,0,0.4073492320000014
s1_1000,S1-405331834,S2,US,selective_v2_compact,0,6,0,0,0,0,7,6,0,6,0.2239791660000492,28,1,8,14,357,55,0.22439285199999404,1,314,313,314,111,1,1,60,0,1,0.45195123700000295
s1_1000,S1-405331834,S3,US,selective_v2_compact,0,6,1,1,0,0,7,5,0,5,0.2321287350001171,28,1,8,10,108,101,0.23252523700000438,0,101,101,101,92,1,1,60,2,0,0.3119311140000036
s1_1000,S1-479745393,S2,US,selective_v2_compact,0,6,0,0,0,0,4,6,0,6,0.12644293599998946,21,1,5,13,146,93,0.12679781399998546,1,136,135,136,108,1,1,60,4,1,0.2306341280000197
s1_1000,S1-479745393,S3,US,selective_v2_compact,0,6,0,0,0,0,4,6,0,6,0.1285319030000096,21,1,5,13,148,94,0.12889603100001068,1,137,136,137,104,1,1,60,2,1,0.23664890700001706
s1_1000,S1-427745320,S2,US,selective_v2_compact,0,6,0,0,1,0,5,6,0,5,0.21292755599995417,28,0,5,13,228,93,0.21331951999997045,0,220,220,220,116,1,1,60,1,0,0.37494583199998033
s1_1000,S1-427745320,S3,US,selective_v2_compact,0,6,0,1,0,0,5,6,0,6,0.23282756399999016,28,0,5,13,230,106,0.23326643899997634,1,220,219,220,112,1,1,60,2,1,0.3947375150000312
s1_1000,S1-878238472,S2,US,selective_v2_compact,0,6,0,0,0,0,6,6,1,5,0.11601074199995765,28,3,9,12,103,96,0.11639314900003228,2,98,96,98,79,1,1,60,1,2,0.1937552050000022
s1_1000,S1-878238472,S3,US,selective_v2_compact,0,6,1,1,0,0,10,5,0,5,0.2729179710000267,28,3,13,10,175,168,0.27328521800001226,1,169,168,169,86,1,1,60,1,1,0.40140343699999903
s1_1000,S1-177242080,S2,India,selective_v2_compact,0,6,0,1,0,0,28,6,0,6,0.3838475629999607,78,21,49,14,166,138,0.3843572330000029,1,152,151,152,99,1,1,60,1,1,0.5016853449999985
s1_1000,S1-177242080,S3,India,selective_v2_compact,0,6,0,0,0,0,36,6,1,5,0.3209843050000245,78,10,46,14,112,93,0.3214797859999976,0,101,101,101,79,1,1,60,3,0,0.4015732929999558
s1_1000,S1-514524433,S2,US,selective_v2_compact,0,6,0,0,0,0,1,6,0,6,0.03918283699999847,21,0,1,14,99,28,0.03952391900003249,1,60,59,60,59,0,0,59,1,1,0.08964400700000397
s1_1000,S1-514524433,S3,US,selective_v2_compact,0,6,0,0,0,0,1,6,0,6,0.04796867200008137,21,0,1,13,80,30,0.048286120999989635,1,74,73,74,70,1,1,60,1,1,0.10668866999998272
s1_1000,S1-368975208,S2,US,selective_v2_compact,0,6,0,0,0,0,9,6,0,6,0.21271013299991637,36,1,10,13,78,32,0.21315372800000887,4,55,51,55,55,0,0,55,1,4,0.26452926000001753
s1_1000,S1-368975208,S3,US,selective_v2_compact,0,6,0,0,0,0,9,6,0,6,0.23191040599988355,36,1,10,13,97,31,0.2323320230000263,6,59,53,59,59,0,0,59,3,6,0.284560354000007
s1_1000,S1-416368005,S2,India,selective_v2_compact,0,6,2,1,0,0,29,4,0,4,0.07127150799999526,91,6,35,10,199,146,0.07199184500001365,0,176,176,176,66,1,1,60,1,0,0.2036314669999797
s1_1000,S1-416368005,S3,India,selective_v2_compact,0,6,2,1,0,0,27,4,0,4,0.06143335000001571,91,3,30,10,165,131,0.062142767000011645,0,157,157,157,64,1,1,60,2,0,0.18190875299995923
s1_1000,S1-774688070,S2,US,selective_v2_compact,0,6,0,0,3,0,9,6,1,2,0.24238159800006542,55,1,10,13,98,44,0.2429469630000085,1,97,96,97,79,1,1,60,2,1,0.3194333909999614
s1_1000,S1-774688070,S3,US,selective_v2_compact,0,6,0,1,0,0,14,6,1,5,0.4908723229999623,55,3,17,12,109,105,0.49143931200001134,1,106,105,106,57,0,0,57,2,1,0.5758286180000027
s1_1000,S1-154389957,S2,US,selective_v2_compact,0,6,0,0,0,0,0,6,0,6,0.028827841000179433,15,0,0,12,87,78,0.02911143700004004,1,79,78,79,40,0,0,40,1,1,0.09206965700002456
s1_1000,S1-154389957,S3,US,selective_v2_compact,0,6,0,0,0,0,0,6,0,6,0.03235763099996802,15,0,0,12,93,81,0.032636782000054154,1,82,81,82,40,0,0,40,3,1,0.1010736970000039
s1_1000,S1-619997739,S2,US,selective_v2_compact,0,6,3,1,0,0,8,3,0,3,0.2632688140000141,28,1,9,6,119,115,0.26364982100000134,2,117,115,117,82,1,1,60,2,2,0.3479119880000212
s1_1000,S1-619997739,S3,US,selective_v2_compact,0,6,3,1,0,0,8,3,0,3,0.283435451999992,28,1,9,6,131,127,0.2838043919999791,2,129,127,129,82,1,1,60,3,2,0.37702447300000586
s1_1000,S1-337076534,S2,India,selective_v2_compact,0,6,0,0,0,0,6,6,0,6,0.31404754500005083,55,15,21,12,74,62,0.3145590190000007,2,64,62,64,56,0,0,56,2,2,0.36921273799998744
s1_1000,S1-337076534,S3,India,selective_v2_compact,0,6,1,1,0,0,12,5,0,5,0.10205371700010346,55,10,22,11,178,104,0.1025636230000373,1,158,157,158,73,1,1,60,5,1,0.21899872200003756
s1_1000,S1-107342523,S2,US,selective_v2_compact,0,6,0,0,1,0,3,6,2,3,0.1205006170000047,21,1,4,12,36,35,0.12078809599995566,46,35,35,81,80,1,1,60,0,45,0.18479464500001086
s1_1000,S1-107342523,S3,US,selective_v2_compact,0,6,0,0,0,0,3,6,2,4,0.13325893399996858,21,1,4,12,44,35,0.13354551700001593,40,36,35,75,75,1,1,60,3,40,0.19357811899999433
s1_1000,S1-996331863,S2,US,selective_v2_compact,0,6,0,0,1,0,1,6,0,5,0.13475431099993784,15,0,1,13,160,58,0.1350947339999493,1,157,156,157,81,1,1,60,1,1,0.25356942299998764
s1_1000,S1-996331863,S3,US,selective_v2_compact,0,6,0,0,2,0,1,6,0,4,0.1540914839998777,15,0,1,13,159,56,0.15442220800002815,2,156,154,156,82,1,1,60,2,2,0.2670254900000373
s1_1000,S1-218396099,S2,India,selective_v2_compact,0,6,0,0,0,0,41,6,0,6,0.4564559570000597,120,28,69,12,67,57,0.45717074899999943,0,57,57,57,57,0,0,57,2,0,0.5039896819999967
s1_1000,S1-218396099,S3,India,selective_v2_compact,0,6,0,0,0,0,45,6,0,6,0.24926790600000004,120,21,66,12,77,72,0.24996595000004618,2,74,72,74,65,1,1,60,2,2,0.31213944699999274
s1_1000,S1-278891792,S2,India,selective_v2_compact,0,6,2,1,0,0,29,4,0,4,0.4259228509999389,120,6,35,8,158,144,0.42693358100001433,3,147,144,147,81,1,1,60,5,3,0.538690895000002
s1_1000,S1-278891792,S3,India,selective_v2_compact,0,6,0,1,0,0,21,6,0,6,0.24151757900000348,120,3,24,12,152,146,0.24259712999997873,0,146,146,146,53,0,0,53,1,0,0.35445880800000396
s1_1000,S1-167735850,S2,India,selective_v2_compact,0,6,0,0,0,0,36,6,1,5,0.17212157699992758,120,10,46,14,93,25,0.1729479749999996,0,68,68,68,65,1,1,60,1,0,0.23199312200000577
s1_1000,S1-167735850,S3,India,selective_v2_compact,0,6,0,0,0,0,32,6,1,5,0.19985184799998024,120,6,38,14,89,27,0.20072989199996982,0,65,65,65,65,1,1,60,2,0,0.258914064999999
s1_1000,S1-10023404,S2,US,selective_v2_compact,0,6,0,0,2,0,2,6,1,3,0.03735571300006768,21,0,2,12,8,8,0.03765226800004484,1,8,8,9,9,0,0,9,0,1,0.051502516000027754
s1_1000,S1-10023404,S3,US,selective_v2_compact,0,6,1,1,0,0,4,5,1,4,0.0740112610000665,21,1,5,10,131,127,0.07434995899996011,0,127,127,127,50,0,0,50,1,0,0.16726228599998194
s1_1000,S1-105174860,S2,US,selective_v2_compact,0,6,1,1,0,0,5,5,0,5,0.36986058800010824,28,0,5,11,204,152,0.37035090000000537,1,192,191,192,93,1,1,60,1,1,0.5088404809999929
s1_1000,S1-105174860,S3,US,selective_v2_compact,0,6,0,1,0,0,6,6,0,6,0.2206599360000041,28,0,6,13,168,114,0.2210579879999841,1,156,155,156,81,1,1,60,1,1,0.33479766800002153
s1_1000,S1-74282883,S2,US,selective_v2_compact,0,6,2,1,0,0,3,4,0,4,0.7724242329999811,15,1,4,8,161,161,0.7727881199999729,0,161,161,161,75,1,1,60,1,0,0.8883118280000417
s1_1000,S1-74282883,S3,US,selective_v2_compact,0,6,0,0,0,2,4,6,1,5,0.9020228329999895,15,1,5,12,96,88,0.9023617789999889,3,90,88,91,76,1,1,60,3,3,0.9721159279999938
s1_1000,S1-449905273,S2,India,selective_v2_compact,0,6,0,0,1,0,11,6,1,4,0.27236706199988703,36,1,12,14,81,31,0.2727552069999888,4,70,70,74,59,0,0,59,1,4,0.3335179489999973
s1_1000,S1-449905273,S3,India,selective_v2_compact,0,6,0,0,1,0,10,6,2,3,0.10522848799996609,28,1,11,13,60,20,0.10551487800000814,10,49,49,59,59,0,0,59,1,10,0.15634473699998352
s1_1000,S1-583248454,S2,US,selective_v2_compact,0,6,0,0,3,0,4,6,0,3,0.1983248839998737,28,0,4,13,313,47,0.19871058499995797,1,278,277,278,80,1,1,60,1,1,0.39716249200000675
s1_1000,S1-583248454,S3,US,selective_v2_compact,0,6,0,0,1,0,5,6,0,5,0.3052155230000153,28,0,5,12,69,63,0.30559362900004317,1,64,63,64,64,1,1,60,1,1,0.35993366000002425
s1_1000,S1-380737728,S2,India,selective_v2_compact,0,6,0,1,0,0,6,6,0,6,0.5589373980001255,28,1,7,13,186,126,0.5593992739999862,1,172,171,172,93,1,1,60,1,1,0.6793664219999869
s1_1000,S1-380737728,S3,India,selective_v2_compact,0,6,0,0,0,0,6,6,0,6,0.08353458599998476,28,0,6,14,198,77,0.08393361800000321,1,169,168,169,79,1,1,60,1,1,0.20698602400000254
s1_1000,S1-579315496,S2,India,selective_v2_compact,0,6,0,0,0,0,27,6,1,5,0.06176594499999055,105,28,55,13,90,75,0.06250971000002892,0,84,84,84,51,0,0,51,1,0,0.12448579799996651
s1_1000,S1-579315496,S3,India,selective_v2_compact,0,6,0,0,0,0,31,6,1,5,0.07409015600006796,105,21,52,13,106,80,0.07472030899998572,2,91,89,91,50,0,0,50,3,2,0.14640645999998014
s1_1000,S1-144692554,S2,US,selective_v2_compact,0,6,3,1,1,0,5,3,0,2,0.186725899999999,28,0,5,6,114,113,0.18706513200004338,0,113,113,113,67,1,1,60,0,0,0.2723500139999828
s1_1000,S1-144692554,S3,US,selective_v2_compact,0,6,2,1,0,0,6,4,0,4,0.30267872000001717,28,1,7,8,135,133,0.3030631670000048,0,133,133,133,78,1,1,60,2,0,0.4073776039999757
s1_1000,S1-750911675,S2,US,selective_v2_compact,0,6,0,1,0,0,3,6,0,6,0.20422479199999088,21,0,3,14,131,101,0.20459227100002408,1,112,111,112,79,1,1,60,1,1,0.2896280399999682
s1_1000,S1-750911675,S3,US,selective_v2_compact,0,6,0,1,2,0,3,6,0,4,0.21007735000000594,21,0,3,14,154,116,0.21047258999999485,3,134,131,134,79,1,1,60,1,3,0.31568173699997715
s1_1000,S1-163567129,S2,US,selective_v2_compact,0,6,0,0,1,0,8,6,1,4,0.13691930899994986,45,1,9,13,109,36,0.1374212860000057,0,102,102,102,76,1,1,60,1,0,0.21779103200003647
s1_1000,S1-163567129,S3,US,selective_v2_compact,0,6,0,0,2,0,9,6,0,4,0.19912762300003806,45,3,12,13,108,36,0.19959538299997348,0,98,98,98,76,1,1,60,3,0,0.27741698900001666
s1_1000,S1-357016874,S2,India,selective_v2_compact,0,6,0,0,0,0,11,6,0,6,0.21122221799998897,55,3,14,13,109,61,0.21179242599998815,1,84,83,84,78,1,1,60,2,1,0.2800863129999698
s1_1000,S1-357016874,S3,India,selective_v2_compact,0,6,0,0,0,0,11,6,1,5,0.1882319970000026,55,3,14,13,68,30,0.1887374660000205,1,48,47,48,48,0,0,48,1,1,0.23246272400001544
s1_1000,S1-409176003,S2,US,selective_v2_compact,0,6,1,1,0,0,13,5,0,5,0.2713902900000562,36,1,14,10,122,114,0.27180715299999747,64,114,114,178,103,1,1,60,2,53,0.40975412099999176
s1_1000,S1-409176003,S3,US,selective_v2_compact,0,6,3,1,0,0,11,3,0,3,0.14647040400006972,36,3,14,6,117,115,0.14687466900005575,49,115,115,164,99,1,1,60,1,47,0.2644318360000284
s1_1000,S1-121010724,S2,US,selective_v2_compact,0,6,1,1,0,0,6,5,1,4,0.4365378859999396,28,0,6,10,114,111,0.43696662299998934,30,112,111,141,113,1,1,60,1,30,0.543683432000023
s1_1000,S1-121010724,S3,US,selective_v2_compact,0,6,1,1,1,0,5,5,1,3,0.4837652659999776,28,1,6,10,130,128,0.48417577300000403,40,129,128,168,133,1,1,60,2,40,0.6032143599999813
s1_1000,S1-24665483,S2,India,selective_v2_compact,0,6,0,0,0,0,6,6,1,5,0.19014888599997448,120,1,7,12,43,37,0.1912995760000058,0,37,37,37,37,0,0,37,1,0,0.23128898999999592
s1_1000,S1-24665483,S3,India,selective_v2_compact,0,6,0,0,2,0,6,6,1,3,0.18038372599994545,120,0,6,13,83,25,0.18163734600000225,0,83,83,83,65,1,1,60,0,0,0.2518244059999688
s1_1000,S1-909373815,S2,US,selective_v2_compact,0,6,0,0,0,0,6,6,0,6,0.23543901399995093,28,1,7,13,237,26,0.23583445899998878,0,221,221,221,66,1,1,60,1,0,0.3879487069999641
s1_1000,S1-909373815,S3,US,selective_v2_compact,0,6,0,0,0,0,6,6,0,6,0.26214533199993184,28,1,7,13,255,27,0.2625220319999926,0,244,244,244,67,1,1,60,1,0,0.4436535840000033
s1_1000,S1-309786236,S2,US,selective_v2_compact,0,6,0,0,2,0,7,6,0,4,0.28184949699999606,55,1,8,12,92,85,0.2824774380000008,2,87,85,87,87,1,1,60,2,2,0.3537694789999932
s1_1000,S1-309786236,S3,US,selective_v2_compact,0,6,2,1,0,0,11,4,0,4,0.3339168620000237,55,3,14,8,154,146,0.3345347079999783,2,148,146,148,50,0,0,50,2,2,0.4414095610000004
s1_1000,S1-687394374,S2,US,selective_v2_compact,0,6,0,0,0,0,4,6,0,6,0.07915133699998478,36,1,5,15,227,0,0.07956194500002312,1,194,193,194,67,1,1,60,2,1,0.22268420400001787
s1_1000,S1-687394374,S3,US,selective_v2_compact,0,6,0,0,0,0,4,6,0,6,0.08258924099999376,36,1,5,15,230,0,0.08303444099999524,2,204,202,204,65,1,1,60,2,2,0.23839151399999992
s1_1000,S1-680746477,S2,India,selective_v2_compact,0,6,3,1,1,0,38,3,1,1,0.23278599100007114,91,21,59,7,163,107,0.23323830300000736,0,163,163,163,101,1,1,60,0,0,0.351149888000009
s1_1000,S1-680746477,S3,India,selective_v2_compact,0,6,0,1,0,0,50,6,2,4,0.3247223750000785,91,10,60,12,124,117,0.32526743299996497,1,118,117,118,67,1,1,60,4,1,0.41612160900001527
s1_1000,S1-585283089,S2,US,selective_v2_compact,0,6,0,0,0,0,0,6,0,6,0.032545460999926945,15,0,0,12,13,2,0.03279104099999586,2,4,2,4,4,0,0,4,3,2,0.04233061499996893
s1_1000,S1-585283089,S3,US,selective_v2_compact,0,6,0,0,1,0,0,6,0,5,0.03127964300000485,15,0,0,12,9,3,0.03151155699998753,0,3,3,3,3,0,0,3,1,0,0.040861221000000114
s1_1000,S1-879203325,S2,India,selective_v2_compact,0,6,0,0,0,0,7,6,1,5,0.5312181369999394,36,10,17,13,18,7,0.5315243740000142,4,10,9,13,13,0,0,13,2,4,0.5500406420000559
s1_1000,S1-879203325,S3,India,selective_v2_compact,0,6,0,0,0,0,10,6,1,5,0.3293023240000821,36,6,16,13,110,97,0.3296773060000078,8,101,101,109,76,1,1,60,4,8,0.4090657609999653
s1_1000,S1-844761107,S2,US,selective_v2_compact,0,6,0,0,0,0,8,6,0,6,0.3461896590000606,28,1,9,12,81,80,0.34662995100001126,0,80,80,80,80,1,1,60,1,0,0.4080679710000368
s1_1000,S1-844761107,S3,US,selective_v2_compact,0,6,0,0,0,0,9,6,0,6,0.34898125099994104,28,1,10,12,97,91,0.3493739040000037,0,91,91,91,78,1,1,60,1,0,0.4188957480000113
s1_1000,S1-304946100,S2,US,selective_v2_compact,0,6,0,0,0,0,16,6,2,4,0.07933149100000492,55,1,17,12,92,89,0.07982396099998823,49,90,89,138,94,1,1,60,1,46,0.17995480100000805
s1_1000,S1-304946100,S3,US,selective_v2_compact,0,6,2,1,0,0,18,4,1,3,0.026222943999982817,55,1,19,8,116,115,0.02667473600001813,60,115,115,175,118,1,1,60,2,47,0.1505892670000435
s1_1000,S1-515747615,S2,US,selective_v2_compact,0,6,0,1,0,0,10,6,1,5,0.06418105399995966,28,3,13,13,254,217,0.06456145900000365,47,244,243,290,111,1,1,60,2,44,0.2795044260000168
s1_1000,S1-515747615,S3,US,selective_v2_compact,0,6,2,1,0,0,10,4,0,4,0.05092318199996271,28,3,13,9,134,103,0.05126341600004025,63,130,129,192,114,1,1,60,1,46,0.18633376999997608
s1_1000,S1-384966707,S2,US,selective_v2_compact,0,6,0,0,1,0,5,6,0,5,0.09144006000002491,36,1,6,14,191,19,0.09185823399997162,1,172,171,172,79,1,1,60,3,1,0.22214258999997583
s1_1000,S1-384966707,S3,US,selective_v2_compact,0,6,0,0,2,0,5,6,0,4,0.17037076899993053,36,3,8,14,227,18,0.17082525499995427,0,216,216,216,82,1,1,60,0,0,0.32630209899997453
s1_1000,S1-744779380,S2,US,selective_v2_compact,0,6,1,1,2,0,3,5,0,3,0.1552108569999291,28,0,3,11,175,116,0.15563099599995667,1,174,173,174,119,1,1,60,1,1,0.2783116889999633
s1_1000,S1-744779380,S3,US,selective_v2_compact,0,6,1,1,1,0,3,5,0,4,0.18024881899992806,28,0,3,10,126,122,0.18068908399999373,0,122,122,122,44,0,0,44,1,0,0.27387005499997485
s1_1000,S1-894981152,S2,US,selective_v2_compact,0,6,3,1,1,0,9,3,0,2,0.24560010799996235,28,1,10,7,253,169,0.24596798200002468,1,253,252,253,120,1,1,60,0,1,0.4215481979999822
s1_1000,S1-894981152,S3,US,selective_v2_compact,0,6,3,1,1,0,10,3,0,2,0.25878848999997217,28,1,11,7,222,146,0.2591755599999601,1,221,220,221,119,1,1,60,1,1,0.4129918479999901
s1_1000,S1-599108848,S2,US,selective_v2_compact,0,6,1,1,0,0,4,5,0,5,0.08248825600003329,15,0,4,10,154,120,0.08276627899999767,24,144,120,144,80,1,1,60,2,24,0.18381438300002628
s1_1000,S1-599108848,S3,US,selective_v2_compact,0,6,2,1,0,0,4,4,0,4,0.07833054800005357,15,0,4,8,124,100,0.07861140700003943,21,121,100,121,44,0,0,44,2,21,0.1661369390000118
s1_1000,S1-265935406,S2,US,selective_v2_compact,0,6,2,1,0,0,12,4,0,4,0.13433978500000876,36,1,13,8,106,104,0.13473446500000819,1,105,104,105,79,1,1,60,1,1,0.21003134599999385
s1_1000,S1-265935406,S3,US,selective_v2_compact,0,6,2,1,0,0,12,4,0,4,0.13094791499997882,36,1,13,8,130,124,0.1313137199999801,1,125,124,125,78,1,1,60,2,1,0.22102525999997624
s1_1000,S1-384623955,S2,India,selective_v2_compact,0,6,0,0,0,0,24,6,1,5,0.20129095200007896,105,10,34,14,107,51,0.20210427399996433,0,68,68,68,50,0,0,50,2,0,0.25795979700001226
s1_1000,S1-384623955,S3,India,selective_v2_compact,0,6,0,0,0,0,22,6,0,6,0.1145109490000209,105,10,32,14,162,85,0.11537512900002866,1,117,117,118,84,1,1,60,1,1,0.2052990839999893
s1_1000,S1-642055972,S2,India,selective_v2_compact,0,6,0,0,0,0,18,6,2,4,0.36676127499998756,55,10,28,13,79,71,0.36720266499997933,0,73,73,73,69,1,1,60,2,0,0.42748620699995854
s1_1000,S1-642055972,S3,India,selective_v2_compact,0,6,0,0,1,0,16,6,2,3,0.21271527000010337,55,10,26,13,77,73,0.21313981500003365,0,75,75,75,65,1,1,60,1,0,0.27251418000003014
s1_1000,S1-841451402,S2,India,selective_v2_compact,0,6,3,1,1,0,33,3,0,2,0.15367936999996346,91,21,54,7,216,155,0.1542332099999726,0,215,215,215,79,1,1,60,1,0,0.31005567400001155
s1_1000,S1-841451402,S3,India,selective_v2_compact,0,6,3,1,0,0,32,3,0,3,0.13083648999997877,91,21,53,7,165,103,0.13134848300001067,1,159,158,159,78,1,1,60,5,1,0.2542163049999999
s1_1000,S1-909919632,S2,India,selective_v2_compact,0,6,0,0,0,0,17,6,0,6,0.10037626100000807,55,10,27,13,109,56,0.10081434800002853,1,86,85,86,83,1,1,60,1,1,0.16939069399995788
s1_1000,S1-909919632,S3,India,selective_v2_compact,0,6,0,0,0,0,18,6,0,6,0.0684490409999512,55,10,28,13,147,83,0.06887970799999721,0,113,113,113,90,1,1,60,1,0,0.15350496999997176
s1_1000,S1-364947441,S2,US,selective_v2_compact,0,6,0,0,0,0,3,6,0,6,0.07148186900008113,15,0,3,13,72,43,0.07173357800002123,0,55,55,55,55,0,0,55,3,0,0.11682719899999938
s1_1000,S1-364947441,S3,US,selective_v2_compact,0,6,0,0,0,0,3,6,0,6,0.09731945900000483,15,0,3,13,126,96,0.09760411600001362,1,111,110,111,79,1,1,60,3,1,0.17917545300002757
s1_1000,S1-431196769,S2,India,selective_v2_compact,0,6,2,1,0,0,21,4,0,4,0.2711722539999073,105,21,42,10,199,138,0.27194047500000806,1,187,186,187,78,1,1,60,3,1,0.40388357500000893
s1_1000,S1-431196769,S3,India,selective_v2_compact,0,6,0,0,0,0,24,6,0,6,0.18269074200003388,105,15,39,14,122,53,0.18347090600002502,0,105,105,105,78,1,1,60,3,0,0.2725976570000057
s1_1000,S1-939078389,S2,US,selective_v2_compact,0,6,1,1,0,0,6,5,0,5,0.19171723999994583,28,1,7,11,172,116,0.19212527399997725,4,161,157,161,112,1,1,60,2,4,0.3037935579999953
s1_1000,S1-939078389,S3,US,selective_v2_compact,0,6,1,1,1,0,6,5,0,4,0.16958188099999916,28,1,7,11,197,141,0.16998758999994834,6,189,183,189,113,1,1,60,2,6,0.30671693099998265
s1_1000,S1-804230106,S2,US,selective_v2_compact,0,6,1,1,0,0,7,5,1,4,0.24638647199998331,55,0,7,11,108,102,0.24702533700002505,1,105,104,105,71,1,1,60,1,1,0.32218568100000766
s1_1000,S1-804230106,S3,US,selective_v2_compact,0,6,1,1,0,0,8,5,1,4,0.27185188099997504,55,0,8,11,147,127,0.2724698559999865,1,134,133,134,72,1,1,60,3,1,0.3724816189999842
s1_1000,S1-81605219,S2,US,selective_v2_compact,0,6,2,1,1,0,4,4,0,3,0.15644919300001447,45,0,4,9,147,100,0.1569603739999934,0,145,145,145,90,1,1,60,1,0,0.26026170000000093
s1_1000,S1-81605219,S3,US,selective_v2_compact,0,6,1,1,0,0,8,5,1,4,0.25367440799999486,45,1,9,11,162,106,0.25421723099998417,1,157,156,157,78,1,1,60,2,1,0.36411686500002816
s1_1000,S1-669371909,S2,US,selective_v2_compact,0,6,0,0,0,0,12,6,0,6,0.2367293679998852,45,1,13,14,265,93,0.23730320399999982,0,238,238,238,118,1,1,60,2,0,0.4044169520000196
s1_1000,S1-669371909,S3,US,selective_v2_compact,0,6,2,1,0,0,12,4,0,4,0.22958284399993545,45,1,13,10,288,115,0.23011146100003543,0,283,283,283,118,1,1,60,1,0,0.42986081800000875
s1_1000,S1-722211742,S2,US,selective_v2_compact,0,6,0,1,0,0,4,6,0,6,0.31666183199996567,21,1,5,13,234,191,0.31707811299997957,0,226,226,226,106,1,1,60,1,0,0.47479003199998715
s1_1000,S1-722211742,S3,US,selective_v2_compact,0,6,0,1,0,0,4,6,0,6,0.3734683129999894,21,1,5,13,235,210,0.3738970680000193,1,230,229,230,113,1,1,60,1,1,0.5357837710000126
s1_1000,S1-344389867,S2,India,selective_v2_compact,0,6,2,1,0,0,6,4,0,4,0.057439111999997294,36,1,7,11,149,106,0.05785654700002851,3,134,131,134,80,1,1,60,1,3,0.15908603000002586
s1_1000,S1-344389867,S3,India,selective_v2_compact,0,6,3,1,0,0,6,3,0,3,0.05914961600007018,36,1,7,9,150,114,0.05955024300004652,15,131,131,146,56,0,0,56,2,15,0.172248771999989
s1_1000,S1-245158009,S2,India,selective_v2_compact,0,6,2,1,1,0,34,4,0,3,0.05974029200001496,91,28,62,8,162,162,0.06020904399997562,0,162,162,162,118,1,1,60,1,0,0.17555727999996407
s1_1000,S1-245158009,S3,India,selective_v2_compact,0,6,3,1,1,0,45,3,0,2,0.07355599499999244,91,15,60,6,181,181,0.07402203399999507,0,181,181,181,80,1,1,60,1,0,0.20165538700001662
s1_1000,S1-20197629,S2,US,selective_v2_compact,0,6,2,1,0,0,4,4,0,4,0.06756084100010185,15,0,4,8,169,125,0.06785684499999434,42,167,125,167,64,1,1,60,1,41,0.1853823719999923
s1_1000,S1-20197629,S3,US,selective_v2_compact,0,6,1,1,0,0,4,5,1,4,0.08323433999993313,15,0,4,10,132,113,0.08356270899997753,47,114,113,160,85,1,1,60,4,41,0.20066469200003212
s1_1000,S1-207590961,S2,India,selective_v2_compact,0,6,0,0,0,0,11,6,0,6,0.16587097800010042,66,10,21,15,122,66,0.1664840839999897,1,96,95,96,51,0,0,51,3,1,0.24842877300000055
s1_1000,S1-207590961,S3,India,selective_v2_compact,0,6,0,0,0,0,13,6,0,6,0.16650003400002333,66,6,19,15,91,72,0.16709635400002298,1,80,79,80,49,0,0,49,3,1,0.23747194500003843
s1_1000,S1-526366343,S2,India,selective_v2_compact,0,6,0,0,0,0,11,6,2,4,0.11800200900000846,66,0,11,14,96,0,0.11861316999994642,1,78,77,78,70,1,1,60,2,1,0.18584716099996967
s1_1000,S1-526366343,S3,India,selective_v2_compact,0,6,0,0,0,0,8,6,1,5,0.32642976599998974,66,0,8,13,86,43,0.3271254790000171,0,80,80,80,59,0,0,59,1,0,0.3908726500000057
s1_1000,S1-949007210,S2,US,selective_v2_compact,0,6,0,0,2,0,2,6,0,4,0.10223876800000653,21,0,2,13,62,50,0.10256686300004958,0,59,59,59,59,0,0,59,0,0,0.14937923299999056
s1_1000,S1-949007210,S3,US,selective_v2_compact,0,6,0,0,0,0,3,6,0,6,0.1114835050000238,21,0,3,13,75,48,0.11182909699999755,0,60,60,60,60,1,0,60,1,0,0.16327608300002794
s1_1000,S1-536563041,S2,US,selective_v2_compact,0,6,0,0,0,0,7,6,0,6,0.1884727739999903,28,1,8,15,159,55,0.1888188350000064,2,106,104,106,77,1,1,60,3,2,0.26551576000002797
s1_1000,S1-536563041,S3,US,selective_v2_compact,0,6,0,1,2,0,8,6,0,4,0.15119818900001292,28,1,9,15,191,131,0.15156958699998313,0,169,169,169,80,1,1,60,0,0,0.26546376099997815
s1_1000,S1-527878296,S2,India,selective_v2_compact,0,6,2,1,0,0,17,4,0,4,0.29850964600007046,36,6,23,8,226,226,0.2988900610000087,0,226,226,226,85,1,1,60,1,0,0.4588246970000114
s1_1000,S1-527878296,S3,India,selective_v2_compact,0,6,4,1,0,0,18,2,0,2,0.13941516099998807,36,6,24,4,135,131,0.13970185499999843,4,135,131,135,54,0,0,54,1,4,0.23210926099994822
s1_1000,S1-197999830,S2,US,selective_v2_compact,0,6,2,1,0,0,14,4,0,4,0.12648341800002072,36,1,15,8,126,121,0.12685061199999836,1,122,121,122,84,1,1,60,1,1,0.21715301599999748
s1_1000,S1-197999830,S3,US,selective_v2_compact,0,6,2,1,0,0,14,4,0,4,0.13703635700005634,36,1,15,8,162,155,0.1374355340000193,2,157,155,157,95,1,1,60,2,2,0.2518396880000182
s1_1000,S1-329046602,S2,US,selective_v2_compact,0,6,0,0,0,2,4,6,0,6,0.07848966599999585,15,1,5,13,101,86,0.0787700129999962,138,93,93,231,130,1,1,60,1,44,0.23630156699999816
s1_1000,S1-329046602,S3,US,selective_v2_compact,0,6,0,0,0,2,4,6,0,6,0.08754500000009102,15,1,5,13,117,87,0.08783440700000256,135,96,96,231,127,1,1,60,3,43,0.24664821400000392
s1_1000,S1-842422827,S2,India,selective_v2_compact,0,6,0,0,0,0,11,6,1,5,0.16500721499988913,78,28,39,14,80,41,0.16550920299999916,0,47,47,47,44,0,0,44,1,0,0.20174520699998766
s1_1000,S1-842422827,S3,India,selective_v2_compact,0,6,0,0,1,0,22,6,0,5,0.10654492599991272,78,15,37,14,113,84,0.10714592400000811,1,92,91,92,50,0,0,50,1,1,0.17664053400000057
s1_1000,S1-97576031,S2,US,selective_v2_compact,0,6,0,0,0,0,2,6,0,6,0.07080585500006009,28,0,2,12,86,54,0.07119974000005413,7,61,54,61,61,1,1,60,3,7,0.11961910999997372
s1_1000,S1-97576031,S3,US,selective_v2_compact,0,6,0,0,1,0,2,6,0,5,0.07371938100010311,28,0,2,13,138,45,0.07410167900002307,4,100,96,100,78,1,1,60,2,4,0.14930259599998408
s1_1000,S1-244663723,S2,US,selective_v2_compact,0,6,0,0,0,0,3,6,0,6,0.23210115099988116,28,0,3,12,99,84,0.2325259310000547,2,86,84,86,78,1,1,60,3,2,0.294391528999995
s1_1000,S1-244663723,S3,US,selective_v2_compact,0,6,1,1,0,0,3,5,0,5,0.24774428900002476,28,0,3,10,121,116,0.24825680099996816,1,117,116,117,82,1,1,60,1,1,0.3345258759999865
s1_1000,S1-827192339,S2,US,selective_v2_compact,0,6,0,0,0,0,1,6,0,6,0.0234826849999763,21,0,1,15,114,41,0.023776314000031107,1,98,97,98,79,1,1,60,2,1,0.09502926899995146
s1_1000,S1-827192339,S3,US,selective_v2_compact,0,6,0,0,3,0,1,6,0,3,0.05114247900002056,21,0,1,15,120,42,0.051437860000021374,0,108,108,108,79,1,1,60,0,0,0.130827566999983
s1_1000,S1-282340006,S2,US,selective_v2_compact,0,6,3,1,0,0,12,3,0,3,0.1337506730000655,45,1,13,7,155,110,0.13421484700000974,1,151,150,151,80,1,1,60,1,1,0.23967466099998092
s1_1000,S1-282340006,S3,US,selective_v2_compact,0,6,3,1,1,0,13,3,0,2,0.12917046799992704,45,1,14,7,131,103,0.12964384699995435,4,131,127,131,69,1,1,60,1,4,0.23044149000003245
s1_1000,S1-735626336,S2,US,selective_v2_compact,0,6,0,0,3,0,17,6,0,3,0.10661292000003186,78,3,20,15,193,85,0.10725780300003862,46,153,153,199,125,1,1,60,1,43,0.24099936900000785
s1_1000,S1-735626336,S3,US,selective_v2_compact,0,6,2,1,1,0,27,4,1,2,0.07726789899993491,78,6,33,10,170,122,0.07783569299999726,49,146,146,195,142,1,1,60,0,47,0.21518953100002136
s1_1000,S1-861072437,S2,US,selective_v2_compact,0,6,0,0,0,0,1,6,1,5,0.08030403000003616,21,1,2,13,187,92,0.08065368399996942,1,178,177,178,78,1,1,60,2,1,0.201428935000024
s1_1000,S1-861072437,S3,US,selective_v2_compact,0,6,0,0,0,0,1,6,1,5,0.07164871399993444,21,1,2,13,195,93,0.07200283800000307,0,190,190,190,80,1,1,60,1,0,0.20310206199997083
s1_1000,S1-150446399,S2,US,selective_v2_compact,0,6,0,0,1,0,5,6,1,4,0.1750472280000963,55,0,5,14,138,83,0.17569070299998657,2,127,125,127,80,1,1,60,3,2,0.27060457900000756
s1_1000,S1-150446399,S3,US,selective_v2_compact,0,6,0,0,0,0,10,6,1,5,0.2161677830000599,55,1,11,14,77,10,0.21675106000003552,1,65,64,65,50,0,0,50,1,1,0.26877524600001834
s1_1000,S1-446119207,S2,India,selective_v2_compact,0,6,3,1,1,0,17,3,0,2,0.14764534499994397,55,3,20,7,110,107,0.1481025260000024,0,109,109,109,42,0,0,42,1,0,0.23185761399997773
s1_1000,S1-446119207,S3,India,selective_v2_compact,0,6,0,0,0,0,15,6,1,5,0.16274341500002265,55,3,18,13,45,31,0.16323780700003,2,35,33,35,35,0,0,35,2,2,0.19661703900004568
s1_1000,S1-63291897,S2,US,selective_v2_compact,0,6,3,1,0,0,0,3,0,3,0.1197204700000043,15,0,0,6,131,130,0.12003066400001217,31,130,130,161,92,1,1,60,1,31,0.22673765100000765
s1_1000,S1-63291897,S3,US,selective_v2_compact,0,6,3,1,0,0,0,3,0,3,0.12118380200001866,15,0,0,6,162,156,0.1215642599999569,32,158,156,188,97,1,1,60,3,32,0.2590571820000491
s1_1000,S1-312045154,S2,India,selective_v2_compact,0,6,0,0,0,0,26,6,1,5,0.3106274600000347,78,15,41,13,94,73,0.31118898500000114,2,78,76,78,73,1,1,60,3,2,0.3731056409999951
s1_1000,S1-312045154,S3,India,selective_v2_compact,0,6,0,0,0,0,27,6,2,4,0.19754152400008707,78,10,37,13,11,6,0.19802415000003748,1,7,6,7,7,0,0,7,2,1,0.21120649599998842
s1_1000,S1-737773396,S2,US,selective_v2_compact,0,6,0,0,0,1,2,6,0,6,0.06249690100003136,10,0,2,12,64,45,0.06271067599999469,4,49,45,49,48,0,0,48,4,4,0.09950483900001927
s1_1000,S1-737773396,S3,US,selective_v2_compact,0,6,0,0,0,1,2,6,0,6,0.05939432300010594,10,0,2,12,70,63,0.05965384399996765,0,63,63,63,56,0,0,56,2,0,0.10519801499998493
s1_1000,S1-948556352,S2,US,selective_v2_compact,0,6,0,0,4,0,1,6,0,2,0.01642731500010086,15,0,1,13,172,63,0.016710186000011618,0,172,172,172,100,1,1,60,0,0,0.13872665299999198
s1_1000,S1-948556352,S3,US,selective_v2_compact,0,6,0,0,2,0,1,6,0,4,0.015013117000080456,15,0,1,13,240,90,0.015293971000005513,0,236,236,236,107,1,1,60,0,0,0.1724455660000217
s1_1000,S1-973146494,S2,India,selective_v2_compact,0,6,0,1,0,0,39,6,0,6,0.34345583799989754,105,28,67,13,121,105,0.3440107939999848,0,117,117,117,77,1,1,60,0,0,0.4345325989999651
s1_1000,S1-973146494,S3,India,selective_v2_compact,0,6,0,0,0,0,35,6,2,4,0.30452495000002955,105,28,63,13,87,66,0.3050598600000285,2,80,78,80,56,0,0,56,3,2,0.3692243939999571
s1_1000,S1-126889069,S2,US,selective_v2_compact,0,6,0,0,0,0,9,6,1,5,0.4475176840001609,36,3,12,13,92,68,0.44794371199998295,3,84,81,84,78,1,1,60,1,3,0.5116225809999833
s1_1000,S1-126889069,S3,US,selective_v2_compact,0,6,0,1,0,0,9,6,1,5,0.44532667000004267,36,3,12,13,151,101,0.4457675660000291,3,127,124,127,81,1,1,60,3,3,0.5385763840000095
s1_1000,S1-742486561,S2,US,selective_v2_compact,0,6,3,1,0,0,7,3,0,3,0.14906702399997585,28,1,8,6,110,104,0.14940064800003938,3,107,104,107,74,1,1,60,1,3,0.22379245100000844
s1_1000,S1-742486561,S3,US,selective_v2_compact,0,6,3,1,1,0,8,3,0,2,0.17452054800003225,28,1,9,6,118,117,0.1748450390000471,0,117,117,117,83,1,1,60,1,0,0.2553472819999456
s1_1000,S1-523035722,S2,US,selective_v2_compact,0,6,3,1,0,0,8,3,0,3,0.20346367700005885,36,3,11,7,155,117,0.20386362400000735,2,151,150,152,78,1,1,60,1,2,0.3092861169999992
s1_1000,S1-523035722,S3,US,selective_v2_compact,0,6,3,1,0,0,5,3,0,3,0.2650379880000173,36,6,11,7,187,140,0.2654447520000076,1,176,176,177,75,1,1,60,3,1,0.3870802280000021
s1_1000,S1-901533271,S2,India,selective_v2_compact,0,6,2,1,0,0,9,4,0,4,0.3911212489999798,36,3,12,9,225,201,0.39162685600001623,0,217,217,217,77,1,1,60,2,0,0.5383155900000247
s1_1000,S1-901533271,S3,India,selective_v2_compact,0,6,2,1,0,0,9,4,0,4,0.42914278299997477,36,3,12,9,185,168,0.4296381220000285,0,180,180,180,79,1,1,60,2,0,0.556997631999991
s1_1000,S1-442961487,S2,US,selective_v2_compact,0,6,0,0,3,0,3,6,0,3,0.20022603000001027,15,0,3,13,125,24,0.20049833899997793,0,120,120,120,64,1,1,60,0,0,0.28587577299998657
s1_1000,S1-442961487,S3,US,selective_v2_compact,0,6,0,0,0,0,3,6,0,6,0.21001444099999844,15,0,3,13,147,37,0.21030967400002964,1,138,137,138,77,1,1,60,1,1,0.3041533809999919
s1_1000,S1-213948267,S2,US,selective_v2_compact,0,6,0,1,3,0,5,6,1,2,0.099617343000034,21,0,5,13,211,145,0.09995672499996999,11,211,200,211,120,1,1,60,0,11,0.24382413099999667
s1_1000,S1-213948267,S3,US,selective_v2_compact,0,6,0,1,2,0,5,6,1,3,0.10084310299998833,21,0,5,13,215,152,0.1012091259999579,11,213,202,213,119,1,1,60,0,11,0.25186142699999436
s1_1000,S1-814233542,S2,US,selective_v2_compact,0,6,0,0,2,0,3,6,0,4,0.1495824989999619,36,0,3,13,248,72,0.1500751380000338,25,243,243,268,114,1,1,60,1,25,0.33669204099999206
s1_1000,S1-814233542,S3,US,selective_v2_compact,0,6,3,1,0,0,11,3,0,3,0.15108551699995587,36,0,11,7,317,125,0.15154764500005058,23,313,312,335,121,1,1,60,1,23,0.3681691679999517
s1_1000,S1-235133990,S2,US,selective_v2_compact,0,6,0,0,2,0,2,6,0,4,0.09045618299995795,15,0,2,12,102,97,0.09077160399999684,1,98,97,98,49,0,0,49,3,1,0.15714758199999324
s1_1000,S1-235133990,S3,US,selective_v2_compact,0,6,0,0,1,0,2,6,0,5,0.12695170600005667,15,0,2,12,83,80,0.12725571900000432,1,81,80,81,45,0,0,45,1,1,0.18404942499995514
s1_1000,S1-312881517,S2,India,selective_v2_compact,0,6,1,1,0,0,9,5,0,5,0.3572209469999166,36,3,12,11,180,144,0.35774099500002876,6,157,151,157,79,1,1,60,4,6,0.4684365310000089
s1_1000,S1-312881517,S3,India,selective_v2_compact,0,6,0,1,0,0,9,6,0,6,0.14375650200003065,36,1,10,13,152,131,0.14422258700000157,5,140,135,140,74,1,1,60,2,5,0.23818783100000473
s1_1000,S1-783743077,S2,US,selective_v2_compact,0,6,0,0,0,0,3,6,1,5,0.054118947000063145,28,0,3,13,28,16,0.05446484200001578,0,23,23,23,23,0,0,23,1,0,0.07606293800000685
s1_1000,S1-783743077,S3,US,selective_v2_compact,0,6,0,0,0,0,3,6,1,5,0.05929307600001721,28,0,3,13,29,14,0.059625906000007944,0,22,22,22,22,0,0,22,2,0,0.08280694399996946
s1_1000,S1-830888917,S2,US,selective_v2_compact,0,6,0,0,0,0,9,6,1,5,0.1733345029999782,36,0,9,12,91,89,0.17373242700000446,1,90,89,90,77,1,1,60,1,1,0.23660892499998454
s1_1000,S1-830888917,S3,US,selective_v2_compact,0,6,0,1,0,0,10,6,1,5,0.16149810099994966,36,0,10,12,161,159,0.16199079799997662,0,159,159,159,90,1,1,60,2,0,0.26792670899999393
s1_1000,S1-844492132,S2,India,selective_v2_compact,0,6,0,0,0,0,30,6,1,5,0.18142379799996888,105,3,33,12,50,40,0.18226175699999203,4,41,40,44,44,0,0,44,3,4,0.22532840700000634
s1_1000,S1-844492132,S3,India,selective_v2_compact,0,6,0,0,0,0,28,6,0,6,0.2316725789999623,105,3,31,13,130,81,0.23257427900000494,7,116,116,123,75,1,1,60,3,7,0.32038293200002954
s1_1000,S1-597189874,S2,US,selective_v2_compact,0,6,0,0,0,0,5,6,0,6,0.09976527599997098,28,0,5,14,47,14,0.10012389100000973,1,37,36,37,37,0,0,37,1,1,0.12969553599998562
s1_1000,S1-597189874,S3,US,selective_v2_compact,0,6,0,0,0,0,5,6,0,6,0.1072674469999697,28,0,5,14,63,22,0.10761489300000449,2,39,37,39,39,0,0,39,4,2,0.13828505399999358
s1_1000,S1-776450551,S2,US,selective_v2_compact,0,6,2,1,0,0,2,4,0,4,0.08579880999997158,28,3,5,10,205,114,0.08618071500001179,0,192,192,192,77,1,1,60,5,0,0.2132535010000538
s1_1000,S1-776450551,S3,US,selective_v2_compact,0,6,2,1,1,0,3,4,0,3,0.4439520679999873,28,3,6,10,182,107,0.44435951500003057,0,175,175,175,78,1,1,60,2,0,0.5583587060000355
s1_1000,S1-77076355,S2,India,selective_v2_compact,0,6,1,1,0,0,18,5,1,4,0.20844725000000608,45,6,24,10,165,157,0.2089050229999998,0,157,157,157,100,1,1,60,4,0,0.31877182900001344
s1_1000,S1-77076355,S3,India,selective_v2_compact,0,6,0,1,0,0,18,6,1,5,0.37908858599990936,45,3,21,12,163,155,0.37956549500000847,0,155,155,155,82,1,1,60,3,0,0.4861759870000242
s1_1000,S1-304871029,S2,India,selective_v2_compact,0,5,2,1,0,2,20,3,0,3,0.4446530159999611,55,28,48,6,161,153,0.44499351199999637,4,157,153,157,92,1,1,60,3,4,0.5555630110000038
s1_1000,S1-304871029,S3,India,selective_v2_compact,0,5,2,1,0,1,28,3,0,3,0.42897491500002616,55,21,49,6,205,181,0.4293176799999969,21,202,181,202,92,1,1,60,1,21,0.5674998119999941
s1_1000,S1-365107228,S2,India,selective_v2_compact,0,6,0,0,0,0,27,6,0,6,0.11911662099998921,105,10,37,12,88,70,0.11992806500001052,4,71,70,74,43,0,0,43,3,4,0.18090288899998086
s1_1000,S1-365107228,S3,India,selective_v2_compact,0,6,0,0,2,0,29,6,1,3,0.22691243499997427,105,3,32,12,33,32,0.2277379680000422,7,32,32,39,39,0,0,39,0,7,0.26133450200001107
s1_1000,S1-645079990,S2,India,selective_v2_compact,0,6,0,1,0,0,43,6,1,5,0.20505982300005599,91,10,53,12,180,179,0.20565066099999285,0,179,179,179,83,1,1,60,1,0,0.32787622299997565
s1_1000,S1-645079990,S3,India,selective_v2_compact,0,6,1,1,0,0,39,5,1,4,0.13768756299998586,91,10,49,10,178,171,0.13826873499999692,0,171,171,171,94,1,1,60,0,0,0.25366148799997745
s1_1000,S1-766635811,S2,US,selective_v2_compact,0,6,0,0,0,0,9,6,1,5,0.05657630300004257,28,0,9,12,49,38,0.05688273200001959,67,39,38,105,86,1,1,60,2,48,0.1280015660000231
s1_1000,S1-766635811,S3,US,selective_v2_compact,0,6,0,0,0,0,8,6,1,5,0.057897904999947514,28,1,9,12,35,26,0.05824072399997249,76,27,26,102,72,1,1,60,2,46,0.13242573000002267
s1_1000,S1-944262355,S2,US,selective_v2_compact,0,6,0,0,0,0,3,6,0,6,0.10755024000008007,21,0,3,14,106,35,0.10786046000004035,1,95,94,95,76,1,1,60,1,1,0.17720108099996423
s1_1000,S1-944262355,S3,US,selective_v2_compact,0,6,0,0,0,0,3,6,0,6,0.0934037189999799,21,0,3,14,102,26,0.09371199200001001,2,83,81,83,76,1,1,60,3,2,0.153702686000031
s1_1000,S1-999486252,S2,US,selective_v2_compact,0,6,0,0,2,0,0,6,0,4,0.22741536500001303,28,0,0,14,333,94,0.2278392540000027,1,328,327,328,106,1,1,60,2,1,0.4433050650000041
s1_1000,S1-999486252,S3,US,selective_v2_compact,0,6,0,0,0,0,0,6,0,6,0.25977256799995985,28,0,0,14,334,99,0.2602287490000208,1,326,325,326,112,1,1,60,1,1,0.4745983760000172
s1_1000,S1-311454962,S2,India,selective_v2_compact,0,6,0,1,0,0,35,6,0,6,0.3640638259998923,105,28,63,13,182,161,0.3647297750000007,10,165,163,173,87,1,1,60,3,10,0.48764083800000435
s1_1000,S1-311454962,S3,India,selective_v2_compact,0,6,0,1,2,0,39,6,0,4,0.15238374599999815,105,21,60,13,127,125,0.1530058949999784,12,127,127,139,81,1,1,60,1,12,0.2506821910000099
s1_1000,S1-219437331,S2,US,selective_v2_compact,0,6,0,1,1,0,10,6,0,5,0.2158577129999344,36,1,11,14,136,120,0.21626563099999885,1,126,125,126,73,1,1,60,1,1,0.306491952999977
s1_1000,S1-219437331,S3,US,selective_v2_compact,0,6,3,1,0,0,10,3,0,3,0.20954488200004562,36,1,11,8,128,109,0.20994986900001322,1,116,115,116,58,0,0,58,2,1,0.2934793640000066
s1_1000,S1-381399100,S2,US,selective_v2_compact,0,6,1,1,0,0,6,5,0,5,0.19329662299998063,28,1,7,10,172,158,0.1937357669999642,3,161,158,161,104,1,1,60,3,3,0.30635578499999383
s1_1000,S1-381399100,S3,US,selective_v2_compact,0,6,1,1,1,0,6,5,0,4,0.20683060700008582,28,1,7,10,207,206,0.20725497699999096,0,206,206,206,118,1,1,60,1,0,0.3584789669999964
s1_1000,S1-265117089,S2,US,selective_v2_compact,0,6,0,0,0,0,12,6,0,6,0.05884083599994483,45,3,15,13,68,31,0.05925498700003118,0,63,63,63,63,1,1,60,1,0,0.1088390290000234
s1_1000,S1-265117089,S3,US,selective_v2_compact,0,6,0,0,0,0,12,6,0,6,0.07119833199993764,45,3,15,13,74,30,0.07160652400000345,1,60,59,60,60,1,0,60,1,1,0.12139399999995248
s1_1000,S1-992935020,S2,India,selective_v2_compact,0,6,1,1,1,0,12,5,0,4,0.17357650499997135,28,3,15,10,119,116,0.17387731400003759,2,118,116,118,95,1,1,60,1,2,0.25921475600000576
s1_1000,S1-992935020,S3,India,selective_v2_compact,0,6,3,1,0,0,9,3,0,3,0.2157587159999821,28,0,9,6,185,184,0.21613469699997268,1,184,184,185,68,1,1,60,4,1,0.3440684450000049
s1_1000,S1-506161326,S2,US,selective_v2_compact,0,6,0,0,0,0,5,6,0,6,0.11750283599997147,21,1,6,14,276,16,0.11780403900002057,2,240,238,240,74,1,1,60,3,2,0.27143546599995716
s1_1000,S1-506161326,S3,US,selective_v2_compact,0,6,0,0,0,0,5,6,0,6,0.12178870700006428,21,1,6,14,306,18,0.12209697599996616,1,271,270,271,84,1,1,60,1,1,0.29620546399996783
s1_1000,S1-312504034,S2,India,selective_v2_compact,0,6,1,1,1,0,20,5,0,4,0.25027460499990184,78,6,26,11,200,186,0.251021159000004,0,194,194,194,79,1,1,60,2,0,0.39532436799999005
s1_1000,S1-312504034,S3,India,selective_v2_compact,0,6,1,1,0,0,20,5,0,5,0.22988401000009162,78,3,23,11,126,105,0.23056318199996895,1,117,116,117,74,1,1,60,2,1,0.3147690970000099
s1_1000,S1-796436300,S2,US,selective_v2_compact,0,6,0,1,1,0,9,6,1,4,0.0861301609999714,36,3,12,12,104,104,0.08656769600003145,175,104,104,279,131,1,1,60,1,43,0.2732824490000212
s1_1000,S1-796436300,S3,US,selective_v2_compact,0,6,2,1,0,0,13,4,1,3,0.02715880400006654,36,6,19,8,112,108,0.027529082000000926,206,109,108,314,132,1,1,60,2,43,0.22447516800002631
s1_1000,S1-311421838,S2,US,selective_v2_compact,0,6,2,1,1,0,3,4,0,3,0.09383947300000273,21,0,3,10,146,114,0.09425286199996208,56,129,128,184,127,1,1,60,1,50,0.21231715599998324
s1_1000,S1-311421838,S3,US,selective_v2_compact,0,6,2,1,0,0,3,4,0,4,0.09858327900008135,21,0,3,10,185,142,0.09894477000000279,63,159,158,221,128,1,1,60,3,52,0.23774197000000186
s1_1000,S1-89277904,S2,US,selective_v2_compact,0,6,0,0,0,0,2,6,0,6,0.02167226999995364,15,1,3,14,95,34,0.021968296000011378,96,57,55,151,96,1,1,60,3,41,0.12135365400001774
s1_1000,S1-89277904,S3,US,selective_v2_compact,0,6,0,0,0,0,2,6,0,6,0.06062741700003471,15,1,3,14,86,37,0.06088927500002228,103,58,57,160,106,1,1,60,1,49,0.1727721949999932
s1_1000,S1-277847890,S2,US,selective_v2_compact,0,6,0,0,4,0,4,6,0,2,0.1051694150000344,28,0,4,12,29,29,0.10551233600000387,0,29,29,29,29,0,0,29,0,0,0.13248555900003112
s1_1000,S1-277847890,S3,US,selective_v2_compact,0,6,0,0,0,0,8,6,0,6,0.12236033900001075,28,1,9,12,92,81,0.12269940799995993,1,82,81,82,59,0,0,59,2,1,0.17949305100000856
s1_1000,S1-239536988,S2,US,selective_v2_compact,0,6,0,0,2,0,1,6,0,4,0.20615759199989725,15,0,1,14,189,69,0.20647738200000276,0,182,182,182,80,1,1,60,3,0,0.33146213300000227
s1_1000,S1-239536988,S3,US,selective_v2_compact,0,6,0,0,0,0,1,6,0,6,0.17458976899996514,15,0,1,14,207,70,0.1749000080000087,0,198,198,198,80,1,1,60,1,0,0.3123018740000134
s1_1000,S1-543828787,S2,US,selective_v2_compact,0,6,0,1,1,0,6,6,0,5,0.13326661900003955,21,0,6,12,145,141,0.13366242500001135,2,143,141,143,80,1,1,60,2,2,0.2253567329999555
s1_1000,S1-543828787,S3,US,selective_v2_compact,0,6,0,1,0,0,6,6,0,6,0.1538395479999508,21,0,6,12,132,122,0.1542114669999819,2,124,122,124,68,1,1,60,1,2,0.24254492900001878
s1_1000,S1-699857230,S2,India,selective_v2_compact,0,6,0,1,0,2,6,6,2,4,0.3178411270000083,15,1,7,12,113,105,0.318130645999986,3,107,105,108,75,1,1,60,2,3,0.39421741400002475
s1_1000,S1-699857230,S3,India,selective_v2_compact,0,6,3,1,0,0,3,3,0,3,0.12375255999995716,15,0,3,6,103,100,0.12400881100001016,1,101,100,101,79,1,1,60,2,1,0.1921126639999784
s1_1000,S1-969181893,S2,US,selective_v2_compact,0,6,0,0,1,0,3,6,0,5,0.014651358999969943,21,0,3,13,188,52,0.014942775999998048,1,169,168,169,90,1,1,60,3,1,0.13492542800003093
s1_1000,S1-969181893,S3,US,selective_v2_compact,0,6,0,0,0,0,3,6,0,6,0.06604173899995658,21,0,3,13,187,50,0.06637267500002508,0,164,164,164,88,1,1,60,3,0,0.17680267700001195
s1_1000,S1-927504155,S2,India,selective_v2_compact,0,6,0,0,0,0,27,6,1,5,0.05267081399995277,120,10,37,12,41,36,0.05353650199998583,0,36,36,36,36,0,0,36,1,0,0.08933553700001085
s1_1000,S1-927504155,S3,India,selective_v2_compact,0,6,0,0,0,0,26,6,1,5,0.03929532299997618,120,6,32,12,35,28,0.040217936999965787,1,29,28,29,29,0,0,29,2,1,0.0707228599999894
s1_1000,S1-110222779,S2,US,selective_v2_compact,0,6,0,0,1,0,12,6,0,5,0.5650944240000513,36,3,15,12,54,48,0.5654788690000032,1,49,48,49,49,0,0,49,1,1,0.6067755509999984
s1_1000,S1-110222779,S3,US,selective_v2_compact,0,6,0,0,0,0,12,6,0,6,0.4525261879998652,36,3,15,12,58,52,0.4529209869999704,1,53,52,53,53,0,0,53,2,1,0.49215485199999875
s1_1000,S1-118782634,S2,India,selective_v2_compact,0,6,0,0,0,0,5,6,0,6,0.06153300900001568,36,3,8,15,74,8,0.06193035600000485,1,52,51,52,48,0,0,48,2,1,0.11134357399998862
s1_1000,S1-118782634,S3,India,selective_v2_compact,0,6,0,0,2,0,7,6,0,4,0.10834857599996894,36,1,8,15,81,8,0.10873114899999337,0,61,61,61,49,0,0,49,1,0,0.16485644700003377
s1_1000,S1-790467803,S2,US,selective_v2_compact,0,6,1,1,0,0,14,5,0,5,0.11263151100001778,45,3,17,10,131,119,0.1130752430000257,2,120,119,121,68,1,1,60,4,2,0.19285638299999164
s1_1000,S1-790467803,S3,US,selective_v2_compact,0,6,3,1,0,0,18,3,0,3,0.1256710769999927,45,3,21,6,138,135,0.12604192700001704,1,136,135,136,53,0,0,53,1,1,0.21587638699998024
s1_1000,S1-629371829,S2,India,selective_v2_compact,0,6,3,1,0,0,22,3,0,3,0.09818059899998843,66,10,32,6,101,100,0.09863699199996745,8,100,100,108,83,1,1,60,1,8,0.1716870060000133
s1_1000,S1-629371829,S3,India,selective_v2_compact,0,6,2,1,0,0,24,4,0,4,0.19855527800001482,66,6,30,9,206,145,0.19909668599996166,19,180,180,199,134,1,1,60,0,19,0.3344865509999977
s1_1000,S1-217661413,S2,US,selective_v2_compact,0,6,0,0,1,0,2,6,0,5,0.056199520999996366,36,0,2,15,230,23,0.0566620069999999,1,211,210,211,109,1,1,60,2,1,0.2043699309999738
s1_1000,S1-217661413,S3,US,selective_v2_compact,0,6,0,0,1,0,4,6,0,5,0.015503684000009343,36,1,5,15,233,6,0.015936557000031826,0,207,207,207,86,1,1,60,2,0,0.15444657199998346
s1_1000,S1-402565372,S2,US,selective_v2_compact,0,6,1,1,1,0,13,5,0,4,0.19319888699993726,45,3,16,10,136,134,0.19367827700000362,0,134,134,134,48,0,0,48,1,0,0.28505608300002905
s1_1000,S1-402565372,S3,US,selective_v2_compact,0,6,1,1,0,0,13,5,0,5,0.22684500599996227,45,3,16,10,193,184,0.2273500030000264,3,187,184,187,59,0,0,59,2,3,0.35247506400003203
s1_1000,S1-855364465,S2,US,selective_v2_compact,0,6,0,0,0,0,5,6,0,6,0.13970129799992037,21,0,5,14,140,83,0.140035279000017,2,98,96,98,59,0,0,59,3,2,0.20626798899996857
s1_1000,S1-855364465,S3,US,selective_v2_compact,0,6,0,1,0,0,5,6,0,6,0.14305260099990846,21,0,5,14,177,119,0.14341934499998388,1,140,139,140,68,1,1,60,1,1,0.2370324919999689
s1_1000,S1-360190920,S2,US,selective_v2_compact,0,6,0,0,1,0,4,6,0,5,0.05918324399999619,36,1,5,14,120,45,0.05964448100002073,0,108,108,108,80,1,1,60,0,0,0.13589163499995038
s1_1000,S1-360190920,S3,US,selective_v2_compact,0,6,0,0,2,0,4,6,0,4,0.06239092399994206,36,1,5,13,53,46,0.06280197399996723,1,51,50,51,51,0,0,51,0,1,0.10445877899996958
s1_1000,S1-802949812,S2,US,selective_v2_compact,0,6,1,1,0,0,15,5,0,5,0.036965772999963065,36,1,16,10,115,110,0.03732167999999092,2,111,110,112,75,1,1,60,1,2,0.11246172399995658
s1_1000,S1-802949812,S3,US,selective_v2_compact,0,6,1,1,1,0,15,5,0,4,0.04268179700005703,36,1,16,10,118,116,0.0430385750000255,1,116,116,117,78,1,1,60,1,1,0.12485321200000499
s1_1000,S1-153755890,S2,US,selective_v2_compact,0,6,0,0,2,0,11,6,1,3,0.055189358999939486,36,3,14,13,134,82,0.05558014499996489,3,130,130,133,111,1,1,60,1,3,0.14383985500001017
s1_1000,S1-153755890,S3,US,selective_v2_compact,0,6,0,0,0,0,11,6,1,5,0.058402680000028795,36,3,14,13,148,76,0.05877180300001328,2,135,134,136,103,1,1,60,3,2,0.14623733600001287
s1_1000,S1-265118127,S2,US,selective_v2_compact,0,6,3,1,2,0,4,3,0,1,0.034421721000057914,28,0,4,6,121,121,0.034812810000005356,0,121,121,121,40,0,0,40,1,0,0.11167203299999073
s1_1000,S1-265118127,S3,US,selective_v2_compact,0,6,3,1,2,0,4,3,0,1,0.032932735999963825,28,0,4,6,107,107,0.033280689000037,0,107,107,107,40,0,0,40,0,0,0.099977650000028
s1_1000,S1-42128902,S2,India,selective_v2_compact,0,6,0,1,0,0,17,6,0,6,0.10975907700003518,45,6,23,13,152,148,0.11016645299997663,2,149,149,151,78,1,1,60,1,2,0.2141425780000077
s1_1000,S1-42128902,S3,India,selective_v2_compact,0,6,0,1,0,0,18,6,0,6,0.1259797260000255,45,3,21,13,208,198,0.12643704099997422,2,201,199,201,90,1,1,60,1,2,0.26329755900002283
s1_1000,S1-655665109,S2,US,selective_v2_compact,0,6,0,1,1,0,4,6,0,5,0.1012809230000471,28,0,4,14,164,111,0.10173825699996542,0,136,136,136,103,1,1,60,1,0,0.19531591900005196
s1_1000,S1-655665109,S3,US,selective_v2_compact,0,6,0,1,0,0,5,6,0,6,0.0558653020000861,28,0,5,14,196,115,0.05624649599997156,1,143,142,143,75,1,1,60,4,1,0.15471650000000636
s1_1000,S1-157773599,S2,US,selective_v2_compact,0,6,0,1,2,0,5,6,0,4,0.1808041200000048,36,1,6,14,194,129,0.1812898780000296,0,159,159,159,78,1,1,60,1,0,0.29003530800002864
s1_1000,S1-157773599,S3,US,selective_v2_compact,0,6,0,1,2,0,6,6,0,4,0.16386731099993312,36,1,7,14,178,134,0.16437845600000855,0,155,155,155,73,1,1,60,0,0,0.26730864799998244
s1_1000,S1-760840682,S2,US,selective_v2_compact,0,6,0,1,0,0,9,6,0,6,0.16570151399997712,36,1,10,13,409,169,0.16620829600003617,2,360,358,360,103,1,1,60,2,2,0.39435437599996703
s1_1000,S1-760840682,S3,US,selective_v2_compact,0,6,0,0,0,0,9,6,1,5,0.18083856900000228,36,1,10,13,352,52,0.1812630090000198,1,288,287,288,87,1,1,60,4,1,0.3635101460000101
s1_1000,S1-162034320,S2,India,selective_v2_compact,0,6,0,1,0,0,26,6,1,5,0.29379072100010717,55,6,32,12,137,130,0.2942376729999978,1,131,130,131,100,1,1,60,2,1,0.3815630739999847
s1_1000,S1-162034320,S3,India,selective_v2_compact,0,6,0,0,0,0,25,6,2,4,0.38976319099992907,55,6,31,12,71,62,0.390152841000031,2,64,62,64,58,0,0,58,2,2,0.43310148699998763
s1_1000,S1-96692956,S2,US,selective_v2_compact,0,6,2,1,0,0,10,4,0,4,0.22218523999998752,28,1,11,8,112,110,0.22250487100001237,0,110,110,110,78,1,1,60,1,0,0.29291891299999406
s1_1000,S1-96692956,S3,US,selective_v2_compact,0,6,2,1,1,0,10,4,0,3,0.2495271839999873,28,1,11,8,115,115,0.2498530560000063,0,115,115,115,83,1,1,60,0,0,0.32839069499999596
s1_1000,S1-434796515,S2,US,selective_v2_compact,0,6,2,1,2,0,4,4,0,2,0.03280082199995604,36,1,5,11,275,139,0.03329507000000831,2,274,272,274,96,1,1,60,2,2,0.19421264599998267
s1_1000,S1-434796515,S3,US,selective_v2_compact,0,6,3,1,1,0,10,3,0,2,0.14512190499988264,36,3,13,8,326,189,0.14557662500004653,1,323,322,323,106,1,1,60,1,1,0.35740166099998305
s1_1000,S1-610736130,S2,India,selective_v2_compact,0,6,1,1,0,0,6,5,0,5,0.057595702000014626,66,3,9,15,151,121,0.058258378000004996,0,134,134,134,71,1,1,60,0,0,0.16433823400001302
s1_1000,S1-610736130,S3,India,selective_v2_compact,0,6,0,1,1,0,7,6,0,5,0.1394505460000346,28,1,8,13,151,129,0.13983893899995792,0,146,146,146,79,1,1,60,0,0,0.2436577469999861
s1_1000,S1-996502126,S2,US,selective_v2_compact,0,6,1,1,0,0,9,5,0,5,0.09441340199998649,36,1,10,10,132,120,0.09485013799996977,6,126,120,126,72,1,1,60,2,6,0.17991840400003412
s1_1000,S1-996502126,S3,US,selective_v2_compact,0,6,1,1,0,0,10,5,0,5,0.1133607749999328,36,1,11,10,176,159,0.11379685800000061,6,165,159,165,66,1,1,60,3,6,0.22393169800000123
s1_1000,S1-796454810,S2,India,selective_v2_compact,0,6,1,1,1,0,29,5,0,4,0.1883472450000454,105,6,35,12,164,100,0.18915364599996565,12,145,145,157,79,1,1,60,0,12,0.3037986969999906
s1_1000,S1-796454810,S3,India,selective_v2_compact,0,6,0,0,1,0,27,6,1,4,0.15869582500005208,105,3,30,14,114,67,0.15949269399999366,13,106,105,118,90,1,1,60,2,13,0.24703826799998296
s1_1000,S1-969427771,S2,US,selective_v2_compact,0,6,0,0,2,0,4,6,1,3,0.22093882899997652,28,1,5,13,89,14,0.22126588900005117,2,87,85,87,48,0,0,48,3,2,0.2813434290000032
s1_1000,S1-969427771,S3,US,selective_v2_compact,0,6,0,0,0,0,6,6,1,5,0.18396488100000852,28,3,9,13,94,21,0.18428623799997013,0,89,89,89,53,0,0,53,1,0,0.2477649749999955
s1_1000,S1-189522612,S2,US,selective_v2_compact,0,6,0,0,1,0,6,6,0,5,0.049271926999949756,28,1,7,14,152,62,0.04960415800002238,1,137,136,137,99,1,1,60,1,1,0.13954434400000082
s1_1000,S1-189522612,S3,US,selective_v2_compact,0,6,0,0,0,0,6,6,0,6,0.057004457999937586,28,1,7,14,205,63,0.057345633000011276,0,170,170,170,97,1,1,60,4,0,0.1732772450000084
s1_1000,S1-825077757,S2,US,selective_v2_compact,0,6,1,1,1,0,4,5,0,4,0.14221366300000682,28,0,4,11,312,144,0.14263993800000208,1,309,308,309,119,1,1,60,1,1,0.3396488169999543
s1_1000,S1-825077757,S3,US,selective_v2_compact,0,6,1,1,0,0,4,5,0,5,0.13715875600013305,28,0,4,11,371,139,0.13761682200004088,1,362,361,362,118,1,1,60,1,1,0.36106675199999927
s1_1000,S1-498058980,S2,India,selective_v2_compact,0,6,0,0,0,0,16,6,2,4,0.027459107999959542,78,1,17,16,82,4,0.028106568999987758,0,58,58,58,54,0,0,54,3,0,0.0749302490000332
s1_1000,S1-498058980,S3,India,selective_v2_compact,0,6,0,0,0,0,14,6,0,6,0.1504558299999985,78,1,15,16,108,39,0.1511991659999694,0,95,95,95,55,0,0,55,2,0,0.22333244700001842
s1_1000,S1-460505313,S2,US,selective_v2_compact,0,6,0,0,0,0,2,6,0,6,0.024844535999932305,28,0,2,14,235,0,0.025197918000003483,1,211,210,211,46,0,0,46,1,1,0.16402613600001814
s1_1000,S1-460505313,S3,US,selective_v2_compact,0,6,0,0,2,0,2,6,0,4,0.028174272000057954,28,0,2,14,217,1,0.02854044100001829,1,199,198,199,47,0,0,47,1,1,0.16386588099999244
s1_1000,S1-623356040,S2,US,selective_v2_compact,0,6,0,0,1,0,2,6,0,5,0.04665792100007593,45,1,3,13,222,13,0.047148802999970485,3,210,207,210,49,0,0,49,4,3,0.1839041400000383
s1_1000,S1-623356040,S3,US,selective_v2_compact,0,6,2,1,0,0,8,4,0,4,0.19604064699996115,45,3,11,9,372,148,0.19656770999995388,0,364,364,364,69,1,1,60,2,0,0.425773850999974
s1_1000,S1-252619131,S2,US,selective_v2_compact,0,6,3,1,1,0,10,3,1,1,0.15406438599995909,28,1,11,6,138,136,0.15440057000000706,7,138,136,143,71,1,1,60,4,7,0.2468649300000152
s1_1000,S1-252619131,S3,US,selective_v2_compact,0,6,0,1,1,0,11,6,1,4,0.4660073140000236,28,3,14,12,223,219,0.4664383790000102,4,223,219,223,93,1,1,60,0,4,0.6061612190000005
s1_1000,S1-655931201,S2,India,selective_v2_compact,0,6,0,0,1,0,8,6,0,5,0.1552453440000363,36,6,14,12,79,74,0.15568709699999772,1,75,74,75,61,1,1,60,1,1,0.2053651609999747
s1_1000,S1-655931201,S3,India,selective_v2_compact,0,6,0,0,2,0,9,6,1,3,0.2002956620000873,36,3,12,12,98,98,0.2006958759999975,0,98,98,98,55,0,0,55,0,0,0.2699497469999983
s1_1000,S1-780423580,S2,US,selective_v2_compact,0,6,0,1,2,0,2,6,0,4,0.0909749740000052,21,0,2,15,386,138,0.09138226900000745,40,369,329,369,116,1,1,60,1,40,0.332159603999969
s1_1000,S1-780423580,S3,US,selective_v2_compact,0,6,0,1,0,0,2,6,0,6,0.09776422800007367,21,0,2,15,445,126,0.09820917900003678,32,413,381,413,113,1,1,60,2,32,0.3540108700000246
s1_1000,S1-377560297,S2,US,selective_v2_compact,0,6,3,1,0,0,1,3,0,3,0.06305826600004139,21,1,2,7,251,123,0.0633966930000156,0,249,249,249,81,1,1,60,2,0,0.2236000190000027
s1_1000,S1-377560297,S3,US,selective_v2_compact,0,6,3,1,0,0,1,3,0,3,0.04052259100001265,21,1,2,7,253,119,0.0408619369999883,2,246,244,246,79,1,1,60,3,2,0.19162520499997981
s1_1000,S1-382849428,S2,US,selective_v2_compact,0,6,0,0,0,1,3,6,0,6,0.03710764400000244,10,0,3,12,32,28,0.03729531300001554,0,28,28,28,28,0,0,28,2,0,0.06040303000003178
s1_1000,S1-382849428,S3,US,selective_v2_compact,0,6,0,0,0,1,3,6,0,6,0.04066871600008426,10,0,3,12,30,19,0.04084422000005361,2,21,19,21,21,0,0,21,2,2,0.05977765800002999
s1_1000,S1-707985814,S2,India,selective_v2_compact,0,6,1,1,0,0,25,5,2,3,0.43905871600003366,55,6,31,10,152,150,0.4395334660000003,0,150,150,150,83,1,1,60,2,0,0.5387456649999649
s1_1000,S1-707985814,S3,India,selective_v2_compact,0,6,2,1,0,0,25,4,0,4,0.279078869999978,55,6,31,8,139,125,0.2795165840000209,3,128,125,128,75,1,1,60,3,3,0.3727145290000067
s1_1000,S1-34034222,S2,India,selective_v2_compact,0,6,0,1,1,0,16,6,0,5,0.4277314579999256,105,21,37,15,116,102,0.42856878200001347,0,109,109,109,65,1,1,60,1,0,0.5084290419999888
s1_1000,S1-34034222,S3,India,selective_v2_compact,0,6,0,0,1,0,22,6,0,5,0.08567732100004832,105,15,37,15,43,26,0.0864857450000045,3,35,32,35,35,0,0,35,4,3,0.1230434779999996
s1_1000,S1-513269657,S2,India,selective_v2_compact,0,6,0,1,1,0,7,6,0,5,0.26854755200002955,28,1,8,14,142,136,0.26897736699999086,0,138,138,138,80,1,1,60,2,0,0.36001300000003766
s1_1000,S1-513269657,S3,India,selective_v2_compact,0,6,0,1,0,0,7,6,0,6,0.05809249700007513,28,1,8,14,138,126,0.05846143700000539,2,130,128,130,80,1,1,60,1,2,0.1393628499999977
s1_1000,S1-177954343,S2,US,selective_v2_compact,0,6,0,0,0,0,5,6,1,5,0.03036578700005066,21,0,5,12,39,34,0.030645386000003327,0,34,34,34,34,0,0,34,1,0,0.058803832000023704
s1_1000,S1-177954343,S3,US,selective_v2_compact,0,6,0,0,1,0,5,6,1,4,0.03210608300014428,21,0,5,12,34,32,0.0323657480000179,0,32,32,32,32,0,0,32,2,0,0.05814739400000235
s1_1000,S1-178459407,S2,US,selective_v2_compact,0,6,0,0,0,0,6,6,1,5,0.0692704059999869,21,0,6,12,78,74,0.06955232600000727,63,75,74,137,101,1,1,60,3,51,0.15677012999998396
s1_1000,S1-178459407,S3,US,selective_v2_compact,0,6,0,0,0,0,6,6,1,5,0.07297829599991701,21,0,6,12,99,98,0.07330039800001487,55,98,98,153,109,1,1,60,0,48,0.16692549099997223
s1_1000,S1-606275527,S2,India,selective_v2_compact,0,6,1,1,2,0,28,5,0,3,0.2817438249999782,120,15,43,10,114,114,0.28262760999996317,0,114,114,114,47,0,0,47,0,0,0.3618126569999731
s1_1000,S1-606275527,S3,India,selective_v2_compact,0,6,1,1,0,0,31,5,0,5,0.20790475200010405,120,10,41,10,117,106,0.20882962399997496,0,106,106,106,46,0,0,46,3,0,0.2790813820000153
s1_1000,S1-887719275,S2,US,selective_v2_compact,0,6,3,1,0,0,5,3,0,3,0.09912669600004165,21,0,5,6,119,116,0.09942303099995797,1,117,116,117,43,0,0,43,1,1,0.17235866000004307
s1_1000,S1-887719275,S3,US,selective_v2_compact,0,6,3,1,1,0,4,3,0,2,0.09924622099998714,21,1,5,6,136,133,0.09954786800000193,2,135,133,135,47,0,0,47,2,2,0.18683473200002254
s1_1000,S1-192732186,S2,US,selective_v2_compact,0,6,2,1,0,0,8,4,0,4,0.15254048800005648,21,1,9,8,104,101,0.15282490900000312,5,101,101,106,67,1,1,60,1,5,0.2205542879999598
s1_1000,S1-192732186,S3,US,selective_v2_compact,0,6,1,1,0,0,9,5,0,5,0.13489636999992172,21,1,10,10,160,147,0.13519573999997192,5,152,147,152,83,1,1,60,2,5,0.2333788550000122
s1_1000,S1-608967414,S2,US,selective_v2_compact,0,6,0,0,2,0,3,6,0,4,0.004884069000013369,28,0,3,13,260,26,0.005219449999970038,45,258,258,303,96,1,1,60,0,40,0.1920912080000221
s1_1000,S1-608967414,S3,US,selective_v2_compact,0,6,0,1,1,0,7,6,0,5,0.015566735000049903,28,1,8,12,200,159,0.015947845000027883,41,200,159,200,102,1,1,60,0,41,0.14371203700000024
s1_1000,S1-788669533,S2,US,selective_v2_compact,0,6,1,1,0,0,2,5,0,5,0.07612586799990595,15,0,2,10,111,109,0.0764552719999756,1,110,109,110,84,1,1,60,1,1,0.14364131499996802
s1_1000,S1-788669533,S3,US,selective_v2_compact,0,6,2,1,0,0,2,4,0,4,0.06639526400005025,15,0,2,8,107,105,0.066763098000024,0,105,105,105,47,0,0,47,1,0,0.13173705300005167
s1_1000,S1-828214924,S2,US,selective_v2_compact,0,6,0,0,0,0,9,6,0,6,0.027681891999975505,45,3,12,12,98,94,0.02818668599996954,1,95,94,95,65,1,1,60,1,1,0.09209454100005132
s1_1000,S1-828214924,S3,US,selective_v2_compact,0,6,0,1,0,0,9,6,0,6,0.03794935900003793,45,3,12,12,116,105,0.0384529030000067,1,106,105,106,60,1,0,60,3,1,0.11156526299998859
s1_1000,S1-497411990,S2,US,selective_v2_compact,0,6,0,1,0,0,4,6,0,6,0.08496544500002301,21,0,4,12,114,106,0.08535157700003992,0,106,106,106,99,1,1,60,1,0,0.15939888700000893
s1_1000,S1-497411990,S3,US,selective_v2_compact,0,6,0,1,0,0,4,6,0,6,0.08471006299998862,21,0,4,12,145,144,0.08510060100002192,0,144,144,144,112,1,1,60,1,0,0.17605602399999043
s1_1000,S1-526632358,S2,India,selective_v2_compact,0,6,0,0,1,0,30,6,0,5,0.30207341300001644,120,21,51,12,79,72,0.3028812879999805,0,72,72,72,72,1,1,60,3,0,0.3612653800000203
s1_1000,S1-526632358,S3,India,selective_v2_compact,0,6,0,0,0,0,35,6,1,5,0.22383590999999115,120,6,41,13,127,41,0.22477987500002428,1,98,97,98,81,1,1,60,2,1,0.2945930809999595
s1_1000,S1-349678557,S2,India,selective_v2_compact,0,6,0,0,2,0,14,6,0,4,0.4644933199999173,55,3,17,14,91,76,0.46510459199998877,6,83,83,89,46,0,0,46,2,6,0.5305427999999779
s1_1000,S1-349678557,S3,India,selective_v2_compact,0,6,2,1,2,0,14,4,0,2,0.17541767099999106,45,1,15,9,129,126,0.17592771799996854,12,129,129,141,74,1,1,60,0,12,0.27516391600005363
s1_1000,S1-515678303,S2,US,selective_v2_compact,0,6,1,1,0,0,5,5,0,5,0.05022205600005236,28,3,8,10,158,154,0.050622248999957264,0,154,154,154,103,1,1,60,1,0,0.14498359200001687
s1_1000,S1-515678303,S3,US,selective_v2_compact,0,6,2,1,0,0,5,4,0,4,0.0560273340000208,28,3,8,8,110,109,0.05641819499999201,0,109,109,109,48,0,0,48,1,0,0.12907666900002823
s1_1000,S1-745006607,S2,US,selective_v2_compact,0,6,0,0,0,0,9,6,0,6,0.1798813250000535,36,1,10,13,255,98,0.1803405390000421,1,245,244,245,111,1,1,60,1,1,0.33925140799999554
s1_1000,S1-745006607,S3,US,selective_v2_compact,0,6,0,1,0,0,9,6,0,6,0.18543764100002136,36,1,10,13,236,106,0.18591280200001847,2,224,222,224,113,1,1,60,2,2,0.33391095199999654
s1_1000,S1-371904317,S2,India,selective_v2_compact,0,6,2,1,0,0,16,4,0,4,0.35182983599997897,55,15,31,8,119,115,0.35226728600002843,1,116,115,116,57,0,0,57,1,1,0.43186153900001045
s1_1000,S1-371904317,S3,India,selective_v2_compact,0,6,2,1,1,0,15,4,0,3,0.3934859209999786,55,15,30,8,135,130,0.3939570539999977,1,131,130,131,51,0,0,51,1,1,0.4774690449999639
s1_1000,S1-622658111,S2,US,selective_v2_compact,0,6,1,1,0,0,3,5,0,5,0.08722567399996706,15,0,3,11,222,131,0.08754541000001836,151,219,217,368,152,1,1,60,1,41,0.31102031799997576
s1_1000,S1-622658111,S3,US,selective_v2_compact,0,6,1,1,1,0,3,5,0,4,0.08504152700004397,15,0,3,11,234,152,0.085392636999984,169,229,227,396,152,1,1,60,1,37,0.31297271099998625
s1_1000,S1-337946117,S2,India,selective_v2_compact,0,6,0,0,0,0,42,6,2,4,0.21113146699991603,120,21,63,13,91,8,0.21179624199999125,0,66,66,66,48,0,0,48,3,0,0.2646363059999999
s1_1000,S1-337946117,S3,India,selective_v2_compact,0,6,0,1,0,0,50,6,1,5,0.2589259719999859,120,10,60,12,191,186,0.2597656099999881,0,186,186,186,77,1,1,60,2,0,0.381152797000027
s1_1000,S1-625817119,S2,US,selective_v2_compact,0,6,2,1,0,0,1,4,0,4,0.04656654199999366,28,1,2,10,235,154,0.04702219099999638,1,230,229,230,117,1,1,60,1,1,0.1961548529999959
s1_1000,S1-625817119,S3,US,selective_v2_compact,0,6,2,1,0,0,1,4,0,4,0.028236925999920004,28,1,2,10,291,182,0.028683000999990327,1,282,281,282,116,1,1,60,2,1,0.21353064299995594
s1_1000,S1-295078193,S2,US,selective_v2_compact,0,6,0,0,1,0,6,6,0,5,0.05102697699999226,28,0,6,13,140,57,0.051356105999957435,0,134,134,134,92,1,1,60,1,0,0.13855457599999
s1_1000,S1-295078193,S3,US,selective_v2_compact,0,6,0,0,1,0,6,6,0,5,0.05557255099995473,28,0,6,13,121,46,0.05592022799999086,0,115,115,115,86,1,1,60,0,0,0.13185424299996384
s1_1000,S1-444041166,S2,US,selective_v2_compact,0,6,0,0,2,0,8,6,0,4,0.09860394000014594,45,1,9,12,29,28,0.09903588600002422,1,29,28,29,29,0,0,29,1,1,0.11920341299997972
s1_1000,S1-444041166,S3,US,selective_v2_compact,0,6,3,1,0,0,16,3,0,3,0.09592366699996546,45,3,19,6,136,134,0.09631858799997417,1,135,134,135,73,1,1,60,2,1,0.1835215190000099
s1_1000,S1-644909060,S2,India,selective_v2_compact,0,6,2,1,0,0,50,4,1,3,0.21398177300005727,120,10,60,9,125,110,0.2147569619999672,0,119,119,119,60,1,0,60,1,0,0.2927305750000073
s1_1000,S1-644909060,S3,India,selective_v2_compact,0,6,4,1,0,0,42,2,0,2,0.050217419999967206,120,6,48,5,146,135,0.05100590399996463,2,142,140,142,64,1,1,60,4,2,0.1419584230000055
s1_1000,S1-361137897,S2,India,selective_v2_compact,0,6,3,1,0,0,31,3,0,3,0.028656229000034728,120,15,46,7,169,144,0.02948306399997591,1,161,160,161,49,0,0,49,2,1,0.13516142599996783
s1_1000,S1-361137897,S3,India,selective_v2_compact,0,6,3,1,2,0,36,3,0,1,0.02241328199994541,120,6,42,7,130,117,0.023246228000004976,1,130,130,131,51,0,0,51,0,1,0.1117479870000011
s1_1000,S1-41317566,S2,India,selective_v2_compact,0,6,1,1,0,0,22,5,0,5,0.3256843129999538,55,3,25,10,132,113,0.32618272899998146,3,116,113,116,73,1,1,60,4,3,0.407602871999984
s1_1000,S1-41317566,S3,India,selective_v2_compact,0,6,3,1,1,0,19,3,0,2,0.0259320700000103,55,3,22,6,105,103,0.02635489599998664,1,104,103,104,48,0,0,48,1,1,0.09008979700001873
s1_1000,S1-708966187,S2,India,selective_v2_compact,0,6,0,1,0,0,30,6,1,5,0.25943683399998463,66,15,45,12,164,151,0.2598648520000211,6,157,151,157,79,1,1,60,2,6,0.3595878090000042
s1_1000,S1-708966187,S3,India,selective_v2_compact,0,6,2,1,1,0,33,4,0,3,0.21273127599994268,66,6,39,8,148,148,0.21315248400003384,13,148,148,161,85,1,1,60,0,13,0.3081616779999763
s1_1000,S1-800315369,S2,US,selective_v2_compact,0,6,0,0,0,0,7,6,0,6,0.04996394000005466,28,1,8,13,101,56,0.050294363000034537,0,83,83,83,81,1,1,60,1,0,0.10678967399996964
s1_1000,S1-800315369,S3,US,selective_v2_compact,0,6,0,0,0,0,7,6,0,6,0.06909706099997948,28,1,8,13,131,79,0.06947852299998658,1,110,109,110,94,1,1,60,1,1,0.14238703600000235
s1_1000,S1-743238002,S2,US,selective_v2_compact,0,6,0,0,0,0,0,6,0,6,0.037974072999986674,21,0,0,13,136,12,0.03828928199999382,1,125,124,125,52,0,0,52,1,1,0.10694079499995723
s1_1000,S1-743238002,S3,US,selective_v2_compact,0,6,0,0,0,0,0,6,0,6,0.041602032999946914,21,0,0,13,127,15,0.04194636099998661,1,111,110,111,56,0,0,56,2,1,0.10929766900000004
s1_1000,S1-75477466,S2,US,selective_v2_compact,0,6,0,0,1,0,6,6,0,5,0.12097175999997489,28,1,7,13,130,62,0.12133213499998874,6,117,111,117,81,1,1,60,1,6,0.18861943699999983
s1_1000,S1-75477466,S3,US,selective_v2_compact,0,6,0,0,0,0,9,6,0,6,0.07242380200005982,28,3,12,12,75,63,0.07274869100001524,5,68,63,68,55,0,0,55,2,5,0.1145141229999922
s1_1000,S1-327462179,S2,US,selective_v2_compact,0,6,0,0,1,0,5,6,0,5,0.12445013000001381,28,1,6,13,104,94,0.12482638400001633,0,97,97,97,81,1,1,60,1,0,0.18458826900001668
s1_1000,S1-327462179,S3,US,selective_v2_compact,0,6,1,1,1,0,5,5,0,4,0.1413297819999002,28,1,6,11,109,104,0.14172167899999977,1,106,105,106,78,1,1,60,1,1,0.20880137300002843
s1_1000,S1-374066313,S2,US,selective_v2_compact,0,6,1,1,0,0,11,5,0,5,0.07849268099994333,28,1,12,12,185,106,0.0788464880000106,5,141,136,141,79,1,1,60,3,5,0.16605786700000635
s1_1000,S1-374066313,S3,US,selective_v2_compact,0,6,1,1,1,0,9,5,0,4,0.0885418819999586,28,3,12,12,177,100,0.08885171100001799,1,136,135,136,77,1,1,60,2,1,0.18152602999998635
s1_1000,S1-406521568,S2,India,selective_v2_compact,0,6,2,1,1,0,14,4,0,3,0.2177389600000197,45,10,24,8,144,140,0.21814506699996628,3,143,140,143,89,1,1,60,2,3,0.30884753999998793
s1_1000,S1-406521568,S3,India,selective_v2_compact,0,6,1,1,0,0,17,5,0,5,0.10802168999998685,45,6,23,10,142,124,0.10840695600001027,14,138,124,138,72,1,1,60,1,14,0.20325170299997808
s1_1000,S1-111906316,S2,US,selective_v2_compact,0,6,1,1,0,0,8,5,0,5,0.026051340000037726,28,3,11,11,162,132,0.02641046999997343,48,150,148,196,102,1,1,60,3,47,0.14493523300001243
s1_1000,S1-111906316,S3,US,selective_v2_compact,0,6,1,1,1,0,5,5,0,4,0.025404300000047897,28,6,11,11,153,130,0.025770780000016202,63,148,148,211,106,1,1,60,1,51,0.15535298199995395
s1_1000,S1-529891305,S2,US,selective_v2_compact,0,6,0,0,1,0,4,6,0,5,0.1136629620000349,21,1,5,13,90,80,0.11400927599999022,1,83,82,83,63,1,1,60,3,1,0.16821733799997673
s1_1000,S1-529891305,S3,US,selective_v2_compact,0,6,1,1,2,0,4,5,0,3,0.08408183399996005,21,1,5,11,104,101,0.0843724100000145,0,102,102,102,67,1,1,60,0,0,0.1501840430000243
s1_1000,S1-231036087,S2,India,selective_v2_compact,0,6,4,1,0,0,40,2,0,2,0.03509607699999151,91,21,61,4,105,102,0.03551285300000018,1,103,102,103,57,0,0,57,2,1,0.10306459899999254
s1_1000,S1-231036087,S3,India,selective_v2_compact,0,6,1,1,0,0,40,5,1,4,0.24493012099992484,91,15,55,10,121,111,0.2455232759999717,2,113,111,113,68,1,1,60,2,2,0.318010691999973
s1_1000,S1-800917539,S2,India,selective_v2_compact,0,6,0,0,0,0,13,6,1,5,0.09232054800003198,120,3,16,14,80,30,0.0934266090000051,0,66,66,66,61,1,1,60,1,0,0.15191984700004468
s1_1000,S1-800917539,S3,India,selective_v2_compact,0,6,0,1,3,0,9,6,0,3,0.08854299099999707,120,0,9,14,188,160,0.08978281299999935,0,187,187,187,58,0,0,58,0,0,0.20770257600003106
s1_1000,S1-462223675,S2,US,selective_v2_compact,0,6,0,0,1,0,6,6,0,5,0.08208010199996352,55,0,6,13,257,40,0.0827168879999931,1,252,251,252,77,1,1,60,2,1,0.232150407000006
s1_1000,S1-462223675,S3,US,selective_v2_compact,0,6,0,0,0,0,10,6,0,6,0.10626658499984387,55,1,11,13,290,57,0.1068464020000306,1,282,281,282,96,1,1,60,2,1,0.2696012870000004
s1_1000,S1-703195062,S2,India,selective_v2_compact,0,6,0,0,0,0,35,6,1,5,0.2228082009999639,120,36,71,13,84,57,0.22342648799997278,1,72,71,72,59,0,0,59,2,1,0.2702218609999818
s1_1000,S1-703195062,S3,India,selective_v2_compact,0,6,0,0,0,0,52,6,1,5,0.2553444400000444,120,15,67,13,65,35,0.25602738000003455,2,49,47,49,49,0,0,49,3,2,0.28821785700000646
s1_1000,S1-910549892,S2,India,selective_v2_compact,0,6,0,0,1,0,5,6,1,4,0.19884022300004744,55,0,5,14,112,30,0.1994283980000091,1,91,90,91,68,1,1,60,1,1,0.27192674600001965
s1_1000,S1-910549892,S3,India,selective_v2_compact,0,6,0,1,0,0,1,6,1,5,0.22019814899994117,55,0,1,14,207,140,0.22089543200002026,1,192,191,192,76,1,1,60,2,1,0.35373645399999987
s1_1000,S1-277955334,S2,US,selective_v2_compact,0,6,0,0,3,0,3,6,0,3,0.06661630499996818,36,0,3,13,113,32,0.06703104600001097,0,113,113,113,71,1,1,60,0,0,0.12906877800003258
s1_1000,S1-277955334,S3,US,selective_v2_compact,0,6,0,0,0,0,8,6,0,6,0.1268142930000522,36,1,9,13,167,62,0.12724684899995964,0,150,150,150,93,1,1,60,3,0,0.23024363999996922
s1_1000,S1-510267170,S2,India,selective_v2_compact,0,6,0,0,1,0,9,6,1,4,0.13246290099993985,66,0,9,15,35,2,0.13308626600002071,5,31,31,36,36,0,0,36,1,5,0.16422713200000771
s1_1000,S1-510267170,S3,India,selective_v2_compact,0,6,2,1,1,0,7,4,0,3,0.057480183999985,66,0,7,11,184,134,0.05820138800004315,3,176,176,179,43,0,0,43,1,3,0.16201494300003105
s1_1000,S1-958682608,S2,India,selective_v2_compact,0,6,0,0,0,0,22,6,0,6,0.2897599259999879,105,10,32,15,71,21,0.29064422500005094,1,60,60,61,41,0,0,41,2,1,0.3375788610000541
s1_1000,S1-958682608,S3,India,selective_v2_compact,0,6,0,0,3,0,24,6,0,3,0.12448282600001903,105,3,27,15,91,51,0.12533011700003271,2,83,83,85,44,0,0,44,1,2,0.18053233500000943
s1_1000,S1-485348225,S2,US,selective_v2_compact,0,6,0,0,2,0,6,6,1,3,0.020330031000014515,66,6,12,14,106,79,0.020956224999963524,0,89,89,89,48,0,0,48,3,0,0.07910921299998108
s1_1000,S1-485348225,S3,US,selective_v2_compact,0,6,0,0,2,0,8,6,1,3,0.03695731399994884,66,10,18,14,109,99,0.03753519999997934,1,103,102,103,64,1,1,60,2,1,0.1022650979999753
s1_1000,S1-860341006,S2,India,selective_v2_compact,0,6,0,0,0,0,24,6,1,5,0.11679547499994669,105,28,52,13,60,32,0.11745707000000039,0,48,48,48,48,0,0,48,2,0,0.1566085250000242
s1_1000,S1-860341006,S3,India,selective_v2_compact,0,6,0,0,0,0,27,6,1,5,0.20690436699993597,105,21,48,13,55,27,0.20762083699997902,2,44,42,44,44,0,0,44,3,2,0.24167365300002075
s1_1000,S1-44958416,S2,US,selective_v2_compact,0,6,0,0,0,0,4,6,1,5,0.020681811999963884,45,1,5,13,236,23,0.021212174999959643,1,206,205,206,71,1,1,60,2,1,0.15589071000005106
s1_1000,S1-44958416,S3,US,selective_v2_compact,0,6,0,0,0,0,4,6,1,5,0.0201569259999701,45,1,5,13,266,25,0.020672422000018287,2,236,234,236,76,1,1,60,3,2,0.16777572799998097
s1_1000,S1-197625875,S2,US,selective_v2_compact,0,6,0,0,0,0,8,6,0,6,0.028068330000053265,28,1,9,14,130,96,0.028395955999997113,0,111,111,111,80,1,1,60,1,0,0.10072068300002002
s1_1000,S1-197625875,S3,US,selective_v2_compact,0,6,0,0,1,0,8,6,0,5,0.0320428600001037,28,1,9,14,128,95,0.032402251999997134,0,108,108,108,76,1,1,60,1,0,0.09548531799998727
s1_1000,S1-933004961,S2,US,selective_v2_compact,0,6,0,1,0,0,5,6,1,5,0.14753213900007722,28,0,5,12,116,112,0.1479836020000107,2,114,112,114,90,1,1,60,2,2,0.2242986109999947
s1_1000,S1-933004961,S3,US,selective_v2_compact,0,6,0,1,0,0,5,6,1,5,0.1552451040000733,28,0,5,12,108,106,0.15569258000004993,0,106,106,106,73,1,1,60,1,0,0.21938589799998454
s1_1000,S1-609612010,S2,US,selective_v2_compact,0,6,0,0,0,0,5,6,0,6,0.053191099000059694,45,1,6,15,91,4,0.05369323899998335,1,50,49,50,44,0,0,44,5,1,0.09462583099997346
s1_1000,S1-609612010,S3,US,selective_v2_compact,0,6,0,0,0,0,5,6,0,6,0.05895400700006803,45,1,6,16,101,4,0.059434088999978485,1,85,84,85,43,0,0,43,1,1,0.12029404100002239
s1_1000,S1-24789070,S2,US,selective_v2_compact,0,6,2,1,0,0,8,4,0,4,0.11887435400001323,28,1,9,8,117,108,0.11922646300001816,3,111,108,111,67,1,1,60,3,3,0.18833336099999087
s1_1000,S1-24789070,S3,US,selective_v2_compact,0,6,2,1,0,0,8,4,0,4,0.12153047899994363,28,1,9,8,115,111,0.12189525899998443,0,111,111,111,58,0,0,58,3,0,0.19314895799999476
s1_1000,S1-694967517,S2,India,selective_v2_compact,0,6,0,0,0,0,50,6,1,5,0.1340182969999546,120,10,60,12,94,89,0.13475980900000195,0,89,89,89,77,1,1,60,2,0,0.19200702899996713
s1_1000,S1-694967517,S3,India,selective_v2_compact,0,6,2,1,0,0,49,4,0,4,0.08847780300004615,120,10,59,8,115,111,0.08919236300005196,1,112,111,112,62,1,1,60,4,1,0.15841987499999277
s1_1000,S1-919660109,S2,India,selective_v2_compact,0,6,0,1,1,0,11,6,0,5,0.33143983100006835,45,10,21,12,134,102,0.3319213409999975,0,102,102,102,76,1,1,60,1,0,0.3959674529999688
s1_1000,S1-919660109,S3,India,selective_v2_compact,0,6,0,0,2,0,11,6,0,4,0.4150018649999083,45,10,21,12,131,92,0.4154914570000301,1,93,92,93,76,1,1,60,2,1,0.47645017199999984
s1_1000,S1-954562808,S2,US,selective_v2_compact,0,6,1,1,0,0,9,5,0,5,0.13329892699988477,36,1,10,10,131,127,0.1337193939999679,0,127,127,127,82,1,1,60,3,0,0.21398509499999818
s1_1000,S1-954562808,S3,US,selective_v2_compact,0,6,0,0,1,0,9,6,1,4,0.08849216100009016,36,1,10,12,25,25,0.0888458910000054,0,25,25,25,25,0,0,25,0,0,0.11128631700000824
s1_1000,S1-28896124,S2,US,selective_v2_compact,0,6,0,0,0,0,1,6,0,6,0.03354678399995237,28,0,1,14,123,0,0.033907552000016494,1,111,110,111,47,0,0,47,1,1,0.10908553600000914
s1_1000,S1-28896124,S3,US,selective_v2_compact,0,6,0,0,0,0,1,6,0,6,0.03324884300002395,28,0,1,14,152,0,0.03363902500001359,1,121,120,121,50,0,0,50,3,1,0.11316273699998192
s1_1000,S1-557319843,S2,India,selective_v2_compact,0,6,0,0,0,0,12,6,0,6,0.05846013199999334,66,15,27,15,102,71,0.05898173599996426,1,84,83,84,51,0,0,51,2,1,0.1186509280000223
s1_1000,S1-557319843,S3,India,selective_v2_compact,0,6,2,1,0,0,18,4,0,4,0.09242627300005779,66,6,24,11,192,166,0.09301260699999148,0,178,178,178,53,0,0,53,1,0,0.20421627199999648
s1_1000,S1-516290105,S2,US,selective_v2_compact,0,6,0,0,3,0,6,6,0,3,0.02848735000003444,36,1,7,14,41,31,0.028870052000002033,0,40,40,40,40,0,0,40,1,0,0.05590103500003352
s1_1000,S1-516290105,S3,US,selective_v2_compact,0,6,0,1,0,0,8,6,0,6,0.09498226499999873,36,1,9,13,153,128,0.09544552799997064,3,135,132,135,79,1,1,60,5,3,0.1805494800000247
s1_1000,S1-101840713,S2,US,selective_v2_compact,0,6,0,0,1,0,4,6,0,5,0.04689678400006869,36,1,5,15,106,31,0.047278466999955526,0,69,69,69,69,1,1,60,0,0,0.09701853400002847
s1_1000,S1-101840713,S3,US,selective_v2_compact,0,6,0,0,0,0,4,6,0,6,0.04640511899998501,36,1,5,15,87,29,0.04678974500001232,2,57,55,57,57,0,0,57,1,2,0.0947071230000347
s1_1000,S1-807273946,S2,US,selective_v2_compact,0,6,1,1,1,0,13,5,1,3,0.16975470599999198,36,3,16,10,124,121,0.1701035030000071,1,122,121,122,70,1,1,60,1,1,0.24687110100001064
s1_1000,S1-807273946,S3,US,selective_v2_compact,0,6,1,1,1,0,13,5,1,3,0.1530598899999518,36,3,16,10,144,143,0.15342052700003705,1,143,143,144,73,1,1,60,0,1,0.23926613200001157
s1_1000,S1-362815713,S2,US,selective_v2_compact,0,6,0,0,0,0,2,6,0,6,0.042407062000052065,15,0,2,14,159,76,0.04268797800000357,1,111,110,111,78,1,1,60,3,1,0.11132454900001676
s1_1000,S1-362815713,S3,US,selective_v2_compact,0,6,2,1,0,0,2,4,0,4,0.03852790800004868,15,0,2,9,155,108,0.03884090000002516,1,150,149,150,103,1,1,60,2,1,0.12782092899999498
s1_1000,S1-118188739,S2,US,selective_v2_compact,0,6,0,0,2,0,7,6,0,4,0.07582646800000248,36,3,10,14,288,6,0.07620466199995235,0,273,273,273,87,1,1,60,0,0,0.2549783470000193
s1_1000,S1-118188739,S3,US,selective_v2_compact,0,6,0,0,0,0,7,6,0,6,0.07699378900014153,36,3,10,14,295,10,0.07741449700000658,0,273,273,273,89,1,1,60,1,0,0.23725629299997308
s1_1000,S1-503223139,S2,India,selective_v2_compact,0,6,1,1,0,0,41,5,1,4,0.29034240499998987,120,45,86,10,117,112,0.2908912350000037,1,113,112,113,60,1,0,60,1,1,0.35812402700003076
s1_1000,S1-503223139,S3,India,selective_v2_compact,0,6,0,1,0,0,39,6,1,5,0.37794877100009217,120,45,84,12,207,191,0.3785853500000371,2,193,191,193,70,1,1,60,4,2,0.4922307519999549
s1_1000,S1-64197487,S2,US,selective_v2_compact,0,6,1,1,1,0,4,5,0,4,0.08204346800010853,28,1,5,10,107,105,0.0824426800000424,0,105,105,105,72,1,1,60,1,0,0.1472467609999626
s1_1000,S1-64197487,S3,US,selective_v2_compact,0,6,1,1,0,0,4,5,0,5,0.09589586799995686,28,1,5,10,137,132,0.09632309600004874,0,132,132,132,78,1,1,60,3,0,0.1792260679999913
s1_1000,S1-88249277,S2,India,selective_v2_compact,0,6,3,1,0,0,14,3,0,3,0.08018502599998101,78,3,17,10,166,129,0.08084584600004519,0,151,151,151,49,0,0,49,2,0,0.1813661499999739
s1_1000,S1-88249277,S3,India,selective_v2_compact,0,6,0,0,0,0,14,6,0,6,0.061944105999998555,78,0,14,16,87,62,0.0626619359999836,0,79,79,79,63,1,1,60,1,0,0.1171243489999938
s1_1000,S1-225047892,S2,US,selective_v2_compact,0,6,1,1,0,0,3,5,0,5,0.05354646400002139,15,1,4,10,207,203,0.05386130099998354,6,204,203,209,97,1,1,60,2,6,0.17402893000001995
s1_1000,S1-225047892,S3,US,selective_v2_compact,0,6,1,1,0,0,3,5,0,5,0.05507589600000529,15,1,4,11,248,179,0.05542082599998821,1,239,238,239,118,1,1,60,1,1,0.19299170000005006
s1_1000,S1-208289868,S2,India,selective_v2_compact,0,6,0,0,0,0,35,6,1,5,0.2175625079999577,91,10,45,13,77,66,0.2181378020000011,2,69,68,70,55,0,0,55,2,2,0.26946261099999447
s1_1000,S1-208289868,S3,India,selective_v2_compact,0,6,2,1,0,0,34,4,0,4,0.1826103719999992,91,6,40,9,144,130,0.18331188799999154,3,133,133,136,87,1,1,60,3,3,0.27612338900001987
s1_1000,S1-378019168,S2,India,selective_v2_compact,0,6,0,0,1,0,18,6,0,5,0.12557636999991928,78,10,28,13,126,91,0.12626791100001356,0,106,106,106,82,1,1,60,0,0,0.19268226700000923
s1_1000,S1-378019168,S3,India,selective_v2_compact,0,6,1,1,1,0,18,5,1,3,0.12570639799992023,78,3,21,11,142,122,0.12644077599998127,0,142,142,142,78,1,1,60,0,0,0.21134644800002889
s1_1000,S1-117416889,S2,US,selective_v2_compact,0,6,0,0,2,0,7,6,1,3,0.3504875119999724,66,1,8,12,64,62,0.35116480800002137,1,63,62,63,51,0,0,51,2,1,0.39793047500000966
s1_1000,S1-117416889,S3,US,selective_v2_compact,0,6,0,0,0,0,10,6,0,6,0.06777291900004911,66,3,13,12,49,40,0.06842687299996442,1,41,40,41,41,0,0,41,2,1,0.09454817600004617
s1_1000,S1-1039410,S2,India,selective_v2_compact,0,6,2,1,0,0,32,4,0,4,0.19423793900006103,91,6,38,9,248,194,0.19494473700001436,3,230,227,230,89,1,1,60,5,3,0.33499872199996616
s1_1000,S1-1039410,S3,India,selective_v2_compact,0,6,1,1,0,0,29,5,0,5,0.288007873999959,91,6,35,11,149,103,0.2887365109999678,2,136,134,136,68,1,1,60,3,2,0.377219556
s1_1000,S1-787831972,S2,India,selective_v2_compact,0,6,2,1,0,0,34,4,0,4,0.1360618720000275,91,10,44,9,184,155,0.13668649900000673,1,168,167,168,50,0,0,50,4,1,0.2453202250000004
s1_1000,S1-787831972,S3,India,selective_v2_compact,0,6,3,1,0,0,37,3,0,3,0.1194687599999611,91,3,40,7,121,112,0.12007438000000548,0,118,118,118,40,0,0,40,1,0,0.19907226600003014
s1_1000,S1-574008304,S2,US,selective_v2_compact,0,6,0,0,2,0,3,6,0,4,0.045113127000036,15,0,3,12,66,40,0.045355931000017335,26,66,40,66,53,0,0,53,0,26,0.09128261500001145
s1_1000,S1-574008304,S3,US,selective_v2_compact,0,6,0,0,0,0,3,6,0,6,0.03693561100004672,15,0,3,12,81,49,0.037193898999987596,23,72,49,72,54,0,0,54,3,23,0.07942903000002843
s1_1000,S1-970581623,S2,US,selective_v2_compact,0,6,3,1,0,0,2,3,0,3,0.020655144999977892,21,0,2,8,157,132,0.02096888799997032,2,143,142,144,71,1,1,60,2,2,0.11049751699999888
s1_1000,S1-970581623,S3,US,selective_v2_compact,0,6,0,0,2,0,3,6,1,3,0.014936408999972173,21,0,3,14,65,44,0.015249839999967207,0,54,54,54,54,0,0,54,0,0,0.05363754600000448
s1_1000,S1-951410198,S2,India,selective_v2_compact,0,6,3,1,1,0,25,3,0,2,0.033525569999994786,55,6,31,6,184,184,0.03394932100002279,9,184,184,193,91,1,1,60,0,9,0.13120937999997295
s1_1000,S1-951410198,S3,India,selective_v2_compact,0,6,2,1,0,0,23,4,0,4,0.12286690399997724,55,3,26,8,170,168,0.123367447000021,5,168,168,173,91,1,1,60,4,5,0.21285623100004614
s1_1000,S1-56436840,S2,India,selective_v2_compact,0,6,1,1,0,0,37,5,0,5,0.1987837539999191,78,15,52,10,158,154,0.1992347610000138,2,156,154,156,87,1,1,60,0,2,0.2983032789999811
s1_1000,S1-56436840,S3,India,selective_v2_compact,0,6,3,1,0,0,39,3,0,3,0.06711071499995569,78,10,49,6,177,177,0.06755311099999517,11,177,177,188,78,1,1,60,1,11,0.18139842600004386
s1_1000,S1-919740289,S2,US,selective_v2_compact,0,6,1,1,0,0,7,5,0,5,0.09446163099994465,28,0,7,10,233,217,0.09486924899999849,16,233,217,233,92,1,1,60,0,16,0.22953353799999832
s1_1000,S1-919740289,S3,US,selective_v2_compact,0,6,2,1,0,0,8,4,0,4,0.0880956219999689,28,0,8,8,107,102,0.08846020100003216,8,102,102,110,64,1,1,60,1,8,0.15977143800000704
s1_1000,S1-72039349,S2,India,selective_v2_compact,0,6,1,1,0,0,54,5,1,4,0.40273181499998145,105,10,64,10,191,188,0.4033816889999571,0,188,188,188,83,1,1,60,0,0,0.5134600060000025
s1_1000,S1-72039349,S3,India,selective_v2_compact,0,6,4,1,0,0,49,2,0,2,0.03475391000000627,105,6,55,4,103,102,0.03531360200003064,1,103,102,103,40,0,0,40,2,1,0.096370061000016
s1_1000,S1-131745165,S2,US,selective_v2_compact,0,6,2,1,0,0,3,4,0,4,0.08729568100000051,28,1,4,9,275,224,0.08775991699997121,29,260,231,260,77,1,1,60,1,29,0.24205659300002935
s1_1000,S1-131745165,S3,US,selective_v2_compact,0,6,3,1,0,0,3,3,0,3,0.08457766399993716,28,1,4,7,147,108,0.08494828499999585,21,141,120,141,53,0,0,53,2,21,0.17200939599996445
s1_1000,S1-527220147,S2,US,selective_v2_compact,0,6,0,0,0,0,2,6,0,6,0.0141655490000403,36,1,3,14,207,14,0.014592139000001225,1,191,190,191,58,0,0,58,3,1,0.13909719899999118
s1_1000,S1-527220147,S3,US,selective_v2_compact,0,6,0,0,0,0,2,6,0,6,0.013302221999879293,36,1,3,14,217,11,0.01375372199998992,1,204,203,204,58,0,0,58,2,1,0.1410639059999994
s1_1000,S1-810076304,S2,US,selective_v2_compact,0,6,1,1,0,0,7,5,1,4,0.12971239600000217,36,1,8,12,261,196,0.13018320799994854,0,223,223,223,101,1,1,60,3,0,0.2563502760000347
s1_1000,S1-810076304,S3,US,selective_v2_compact,0,6,0,0,0,0,7,6,3,3,0.39760161200001676,36,1,8,14,135,90,0.3980746810000255,0,110,110,110,63,1,1,60,2,0,0.4661285949999865
s1_1000,S1-355916990,S2,India,selective_v2_compact,0,6,0,1,0,0,27,6,0,6,0.1445941009999956,91,15,42,15,141,104,0.14525103500000114,1,132,131,132,78,1,1,60,1,1,0.23864523900004997
s1_1000,S1-355916990,S3,India,selective_v2_compact,0,6,0,0,4,0,31,6,0,2,0.17510204699999576,78,10,41,14,67,47,0.17556783999998515,0,67,67,67,61,1,1,60,1,0,0.22314682200004654
s1_1000,S1-603830615,S2,India,selective_v2_compact,0,6,0,0,0,0,11,6,0,6,0.1295175110000173,66,6,17,14,92,14,0.13009178099997598,2,74,72,74,60,1,0,60,2,2,0.1830797360000247
s1_1000,S1-603830615,S3,India,selective_v2_compact,0,6,0,0,4,0,11,6,1,1,0.06986095999991448,66,1,12,14,54,0,0.07044195800000352,0,50,50,50,43,0,0,43,0,0,0.1091720389999864
s1_1000,S1-203874762,S2,India,selective_v2_compact,0,6,0,0,1,0,8,6,0,5,0.05875253100009559,78,10,18,13,70,25,0.05943054300001904,0,62,62,62,48,0,0,48,2,0,0.1040089480000006
s1_1000,S1-203874762,S3,India,selective_v2_compact,0,6,0,0,1,0,11,6,0,5,0.07512463700004446,78,6,17,13,46,12,0.07578716900002291,0,40,40,40,40,0,0,40,1,0,0.11196614199997157
s1_1000,S1-834983529,S2,US,selective_v2_compact,0,6,0,0,3,0,2,6,0,3,0.27294945700003836,28,1,3,12,85,81,0.2733706669999947,12,83,81,93,63,1,1,60,2,12,0.32952894499999275
s1_1000,S1-834983529,S3,US,selective_v2_compact,0,6,1,1,0,0,4,5,0,5,0.35560779900004036,28,3,7,10,142,136,0.3560780230000091,11,137,136,147,89,1,1,60,3,11,0.44513053399998626
s1_1000,S1-225919167,S2,US,selective_v2_compact,0,6,0,0,2,0,6,6,0,4,0.05280455700000175,28,1,7,14,262,41,0.053152416999978414,0,232,232,232,97,1,1,60,0,0,0.19038454599996157
s1_1000,S1-225919167,S3,US,selective_v2_compact,0,6,0,0,1,0,6,6,0,5,0.03550848199995471,28,1,7,14,315,53,0.03586334299995997,0,277,277,277,98,1,1,60,0,0,0.18881372699996746
s1_1000,S1-272522928,S2,US,selective_v2_compact,0,6,2,1,1,0,3,4,0,3,0.044973816999970495,36,0,3,8,141,138,0.04543146800000386,0,138,138,138,40,0,0,40,2,0,0.12869185499999958
s1_1000,S1-272522928,S3,US,selective_v2_compact,0,6,2,1,0,0,3,4,0,4,0.04676260700006196,36,0,3,8,141,130,0.04721790899998268,2,132,130,132,41,0,0,41,3,2,0.11957402600000933
s1_1000,S1-124849120,S2,India,selective_v2_compact,0,6,0,0,0,0,15,6,1,5,0.31927466399997684,78,21,36,13,29,4,0.3197878050000327,0,21,21,21,21,0,0,21,1,0,0.33830822300001273
s1_1000,S1-124849120,S3,India,selective_v2_compact,0,6,0,0,1,0,14,6,0,5,0.09791879300007622,78,21,35,13,123,94,0.09850314699997398,0,112,112,112,76,1,1,60,2,0,0.16936882400000286
s1_1000,S1-230964033,S2,India,selective_v2_compact,0,6,1,1,0,0,49,5,0,5,0.28549337600003355,120,21,70,10,125,107,0.2862468799999647,0,107,107,107,78,1,1,60,1,0,0.35490077700001166
s1_1000,S1-230964033,S3,India,selective_v2_compact,0,6,1,1,0,0,47,5,0,5,0.27660359400005063,120,15,62,10,123,107,0.2773271440000258,0,107,107,107,68,1,1,60,2,0,0.3430549809999661
s1_1000,S1-613113880,S2,India,selective_v2_compact,0,6,0,0,0,0,30,6,1,5,0.435207016999982,91,10,40,14,106,20,0.43581278400000656,8,79,78,86,58,0,0,58,2,8,0.48800989900001923
s1_1000,S1-613113880,S3,India,selective_v2_compact,0,6,0,0,0,0,34,6,1,5,0.19336316599998327,91,3,37,14,136,89,0.1940727329999845,7,129,129,136,56,0,0,56,1,7,0.282495420000032
s1_1000,S1-396803331,S2,India,selective_v2_compact,0,6,0,0,0,0,14,6,1,5,0.2704973409999525,78,10,24,14,83,73,0.27117299000002504,1,75,74,75,48,0,0,48,1,1,0.3221293109999692
s1_1000,S1-396803331,S3,India,selective_v2_compact,0,6,0,1,1,0,18,6,1,4,0.3187545969999519,66,3,21,13,122,118,0.3194370449999724,1,119,118,119,75,1,1,60,1,1,0.39542721000003667
s1_1000,S1-357644530,S2,India,selective_v2_compact,0,6,1,1,0,0,43,5,1,4,0.38734877199999573,78,6,49,11,264,227,0.38791605700004084,0,261,261,261,98,1,1,60,1,0,0.5390241890000311
s1_1000,S1-357644530,S3,India,selective_v2_compact,0,6,1,1,0,0,38,5,1,4,0.24188307499997563,78,3,41,11,152,101,0.24240934000005154,1,141,140,141,101,1,1,60,2,1,0.3271834779999949
s1_1000,S1-212885975,S2,US,selective_v2_compact,0,6,0,0,2,0,8,6,2,2,0.07987986999989971,28,3,11,12,28,21,0.08018760499999189,7,21,21,28,28,0,0,28,0,7,0.10460207500000251
s1_1000,S1-212885975,S3,US,selective_v2_compact,0,6,0,0,0,0,9,6,2,4,0.08469793999995545,28,3,12,12,38,25,0.08498634400001492,10,25,25,35,35,0,0,35,1,10,0.11366294099997276
s1_1000,S1-146611329,S2,US,selective_v2_compact,0,6,0,0,0,0,0,6,0,6,0.014910176000000774,15,0,0,15,141,27,0.015165677000027245,2,108,106,108,79,1,1,60,3,2,0.08431053100002828
s1_1000,S1-146611329,S3,US,selective_v2_compact,0,6,0,0,2,0,0,6,0,4,0.014343791000044348,15,0,0,14,70,35,0.014613715999985288,1,52,51,52,49,0,0,49,2,1,0.05583220800002664
s1_1000,S1-362088672,S2,India,selective_v2_compact,0,6,0,0,0,0,8,6,0,6,0.013817584999969768,55,6,14,15,36,5,0.014290251999966586,1,23,22,23,23,0,0,23,2,1,0.037058693999995285
s1_1000,S1-362088672,S3,India,selective_v2_compact,0,6,2,1,0,0,11,4,0,4,0.018423976000065068,55,1,12,12,254,190,0.018942981999998665,1,240,239,240,78,1,1,60,2,1,0.15839784299998882
s1_1000,S1-831406252,S2,India,selective_v2_compact,0,6,0,1,1,0,15,6,0,5,0.3808959990000744,55,15,30,13,186,169,0.3813684120000289,1,181,180,181,92,1,1,60,1,1,0.49796650500002215
s1_1000,S1-831406252,S3,India,selective_v2_compact,0,6,0,0,0,0,14,6,0,6,0.3393430720000197,55,15,29,13,122,92,0.33978702100000646,1,107,106,107,85,1,1,60,1,1,0.4061209319999648
s1_1000,S1-603113105,S2,India,selective_v2_compact,0,6,1,1,1,0,17,5,0,4,0.12167384299993955,120,1,18,11,153,124,0.12281933799999933,1,144,143,144,79,1,1,60,4,1,0.21701150999996344
s1_1000,S1-603113105,S3,India,selective_v2_compact,0,6,1,1,0,0,12,5,0,5,0.17325967999994418,120,0,12,11,169,146,0.17449169499997197,0,160,160,160,79,1,1,60,1,0,0.269389560000036
s1_1000,S1-449694081,S2,US,selective_v2_compact,0,6,0,0,2,0,3,6,0,4,0.01519694400002436,28,0,3,13,296,58,0.015578554000001077,2,290,288,290,89,1,1,60,4,2,0.06126083600003085
s1_1000,S1-449694081,S3,US,selective_v2_compact,0,6,0,0,1,0,4,6,0,5,0.02785397399992462,28,0,4,12,98,95,0.028235413999993852,0,95,95,95,76,1,1,60,1,0,0.08620412499999475
s1_1000,S1-134935361,S2,US,selective_v2_compact,0,6,0,0,0,0,2,6,1,5,0.07158199699995293,15,0,2,13,84,3,0.0718696690000229,7,56,49,56,42,0,0,42,4,7,0.10908037900003364
s1_1000,S1-134935361,S3,US,selective_v2_compact,0,6,0,0,0,0,2,6,1,5,0.047185114999990674,15,0,2,13,87,12,0.047466880000001765,3,68,65,68,49,0,0,49,1,3,0.09536741900001289
s1_1000,S1-270589272,S2,US,selective_v2_compact,0,6,0,1,1,0,6,6,0,5,0.040842624000049454,36,3,9,13,203,142,0.04127644099997951,0,175,175,175,109,1,1,60,3,0,0.1427705980000269
s1_1000,S1-270589272,S3,US,selective_v2_compact,0,6,0,1,0,0,6,6,0,6,0.04149049699998386,36,3,9,13,189,129,0.041912683000020934,1,162,161,162,99,1,1,60,2,1,0.133378314999959
s1_1000,S1-896456699,S2,US,selective_v2_compact,0,6,0,1,0,0,2,6,0,6,0.044515887000045495,15,0,2,13,170,129,0.04482779599999276,2,159,157,159,71,1,1,60,2,2,0.13631445199996506
s1_1000,S1-896456699,S3,US,selective_v2_compact,0,6,0,1,1,0,2,6,0,5,0.053513373999976466,15,0,2,13,154,130,0.0538279429999875,1,152,151,152,80,1,1,60,2,1,0.13892986099995142
s1_1000,S1-302337739,S2,US,selective_v2_compact,0,6,0,0,0,0,10,6,0,6,0.12358974400007128,28,3,13,12,93,76,0.12390874900000881,4,80,76,80,80,1,1,60,2,4,0.17711583199996994
s1_1000,S1-302337739,S3,US,selective_v2_compact,0,6,2,1,0,0,11,4,0,4,0.11011124499992775,28,3,14,8,124,121,0.11042917800000396,5,121,121,126,105,1,1,60,2,5,0.1770677909999563
s1_1000,S1-391402138,S2,US,selective_v2_compact,0,6,0,1,0,0,10,6,0,6,0.08650052899997718,28,1,11,13,179,119,0.08689157700001715,1,171,170,171,86,1,1,60,1,1,0.18950430600000345
s1_1000,S1-391402138,S3,US,selective_v2_compact,0,6,3,1,0,0,10,3,0,3,0.07623920200006751,28,1,11,7,180,105,0.0765655289999927,1,175,174,175,79,1,1,60,3,1,0.1827871860000414
s1_1000,S1-281598141,S2,US,selective_v2_compact,0,6,0,0,0,0,6,6,0,6,0.28744868499995846,28,1,7,13,125,95,0.2878560030000017,1,122,121,122,74,1,1,60,1,1,0.3617259709999985
s1_1000,S1-281598141,S3,US,selective_v2_compact,0,6,1,1,0,0,6,5,0,5,0.16447270299994443,28,1,7,11,146,106,0.1648606319999999,1,134,133,134,72,1,1,60,3,1,0.25100760999998784
s1_1000,S1-132547250,S2,US,selective_v2_compact,0,6,1,1,2,0,0,5,0,3,0.014902656999993269,15,1,1,12,246,119,0.015243146000045726,1,235,234,235,106,1,1,60,1,1,0.14488422899995612
s1_1000,S1-132547250,S3,US,selective_v2_compact,0,6,1,1,0,0,0,5,0,5,0.013925690000007762,15,1,1,12,274,146,0.014238602999967043,1,254,253,254,107,1,1,60,2,1,0.16320269999999937
s1_1000,S1-619795965,S2,US,selective_v2_compact,0,6,0,0,1,0,6,6,1,4,0.11045390000003863,36,1,7,13,165,53,0.11088574799998696,0,154,154,154,86,1,1,60,2,0,0.2048010590000331
s1_1000,S1-619795965,S3,US,selective_v2_compact,0,6,0,0,1,0,6,6,1,4,0.09878793000001451,36,1,7,13,194,71,0.09924736599998596,4,177,173,177,92,1,1,60,5,4,0.20551794600004314
s1_1000,S1-649285755,S2,US,selective_v2_compact,0,6,0,0,2,0,4,6,0,4,0.04141968499999393,28,0,4,12,118,96,0.04180212399995753,21,117,96,117,77,1,1,60,0,21,0.10829374299999017
s1_1000,S1-649285755,S3,US,selective_v2_compact,0,6,2,1,0,0,11,4,0,4,0.04464878500004943,28,3,14,8,156,153,0.044986069999993106,30,154,153,183,96,1,1,60,1,30,0.15075260699995852
s1_1000,S1-430030189,S2,India,selective_v2_compact,0,6,2,1,0,0,29,4,0,4,0.04900596099997756,120,10,39,9,194,152,0.04993330100001003,0,187,187,187,111,1,1,60,2,0,0.1616450870000108
s1_1000,S1-430030189,S3,India,selective_v2_compact,0,6,2,1,0,0,26,4,0,4,0.144419948999996,120,10,36,9,152,109,0.1453692440000509,0,151,151,151,100,1,1,60,2,0,0.23738929799998232
s1_1000,S1-908464095,S2,US,selective_v2_compact,0,6,1,1,0,0,3,5,1,4,0.0253190230000655,45,0,3,11,186,147,0.025894939999943745,2,175,173,175,80,1,1,60,3,2,0.13126920600001313
s1_1000,S1-908464095,S3,US,selective_v2_compact,0,6,0,0,0,0,4,6,1,5,0.021907658000031915,45,0,4,13,114,56,0.022419822000017575,2,94,92,94,50,0,0,50,5,2,0.08035667699999749
s1_1000,S1-439426602,S2,US,selective_v2_compact,0,6,1,1,0,0,7,5,0,5,0.040927941000063583,28,1,8,10,126,112,0.04130566400004909,5,117,112,117,66,1,1,60,2,5,0.11587125500000184
s1_1000,S1-439426602,S3,US,selective_v2_compact,0,6,1,1,0,0,7,5,0,5,0.043862286000035056,28,1,8,10,112,107,0.04422929100002193,3,110,107,110,62,1,1,60,1,3,0.11129430299996557
s1_1000,S1-632127045,S2,US,selective_v2_compact,0,6,0,0,1,0,2,6,0,5,0.07057168300008243,21,0,2,14,73,56,0.07090067000001454,1,62,61,62,52,0,0,52,2,1,0.10895446300003186
s1_1000,S1-632127045,S3,US,selective_v2_compact,0,6,0,0,0,0,2,6,0,6,0.07112043700004733,21,0,2,14,114,84,0.07144757099996468,3,93,90,93,65,1,1,60,3,3,0.13276449899996123
s1_1000,S1-698552884,S2,US,selective_v2_compact,0,6,1,1,0,0,4,5,0,5,0.02314042199998312,28,1,5,11,185,121,0.023532658999954492,0,176,176,176,78,1,1,60,3,0,0.12679557600000635
s1_1000,S1-698552884,S3,US,selective_v2_compact,0,6,0,0,0,0,6,6,0,6,0.013869436999982554,28,1,7,12,34,27,0.014204586999994717,0,27,27,27,27,0,0,27,2,0,0.03389845300000616
s1_1000,S1-774996232,S2,India,selective_v2_compact,0,6,2,1,0,0,23,4,0,4,0.47479836599995906,66,21,44,9,225,149,0.4752286240000103,4,204,200,204,82,1,1,60,2,4,0.5922836519999919
s1_1000,S1-774996232,S3,India,selective_v2_compact,0,6,0,1,0,0,26,6,1,5,0.37750745799991137,66,15,41,13,238,168,0.37797885700001643,2,227,225,227,98,1,1,60,2,2,0.507181318999983
s1_1000,S1-452456543,S2,US,selective_v2_compact,0,6,0,1,1,0,7,6,1,4,0.0782336210000949,28,1,8,12,105,101,0.07857521099998621,0,101,101,101,65,1,1,60,1,0,0.13879804499998727
s1_1000,S1-452456543,S3,US,selective_v2_compact,0,6,0,0,1,0,8,6,0,5,0.028073320999908447,28,1,9,12,96,96,0.02837737599998036,0,96,96,96,69,1,1,60,0,0,0.08332931399996824
s1_1000,S1-585894096,S2,India,selective_v2_compact,0,6,0,0,0,0,20,6,0,6,0.09234852399998772,66,10,30,15,83,57,0.09283986699995239,5,64,64,69,67,1,1,60,3,5,0.14387569500001973
s1_1000,S1-585894096,S3,India,selective_v2_compact,0,6,0,0,0,0,22,6,1,5,0.11543670700001485,55,3,25,14,103,84,0.1158702779999885,5,94,89,94,66,1,1,60,2,5,0.17224857400003657
s1_1000,S1-454927333,S2,India,selective_v2_compact,0,6,1,1,0,0,54,5,1,4,0.17718300499996076,120,10,64,10,124,123,0.1779141119999963,5,123,123,128,97,1,1,60,0,5,0.24997479199998907
s1_1000,S1-454927333,S3,India,selective_v2_compact,0,6,1,1,0,0,55,5,1,4,0.1746400730000346,120,10,65,10,130,127,0.17534156900001108,8,128,127,135,107,1,1,60,0,8,0.2514192510000157
s1_1000,S1-724124543,S2,US,selective_v2_compact,0,6,0,0,1,0,7,6,1,4,0.08580120900006705,28,3,10,12,35,33,0.08610443200001328,1,34,33,34,34,0,0,34,1,1,0.1076010129999645
s1_1000,S1-724124543,S3,US,selective_v2_compact,0,6,0,0,0,0,7,6,1,5,0.08691670699994347,28,3,10,12,33,28,0.08721599799997648,1,29,28,29,29,0,0,29,1,1,0.10643589599999359
s1_1000,S1-373841520,S2,US,selective_v2_compact,0,6,0,0,2,0,4,6,0,4,0.0465150629999016,21,1,5,14,169,44,0.04680917299998555,0,165,165,165,85,1,1,60,0,0,0.1324114580000355
s1_1000,S1-373841520,S3,US,selective_v2_compact,0,6,0,0,2,0,4,6,0,4,0.049353723000024274,21,1,5,14,204,50,0.04962259999996377,0,201,201,201,90,1,1,60,0,0,0.1694351589999883
s1_1000,S1-478665448,S2,India,selective_v2_compact,0,6,0,1,1,0,29,6,0,5,0.057894598000018505,66,15,44,13,130,103,0.05827257900000404,2,124,124,126,76,1,1,60,2,2,0.1254834810000034
s1_1000,S1-478665448,S3,India,selective_v2_compact,0,6,0,1,0,0,31,6,0,6,0.05687451300002522,66,6,37,13,187,141,0.05740889800000559,4,172,168,172,90,1,1,60,4,4,0.15379932700000154
s1_1000,S1-31916694,S2,US,selective_v2_compact,0,6,0,0,1,0,2,6,0,5,0.019124489000034828,21,1,3,12,81,80,0.019421047000037106,1,81,80,81,64,1,1,60,2,1,0.06157016800000292
s1_1000,S1-31916694,S3,US,selective_v2_compact,0,6,2,1,0,0,3,4,0,4,0.041290982000020904,21,3,6,8,121,112,0.04161326100000906,6,116,112,118,82,1,1,60,5,6,0.11483668800002533
s1_1000,S1-178240398,S2,India,selective_v2_compact,0,6,3,1,0,0,29,3,0,3,0.053674767999950745,120,10,39,7,188,149,0.05458880899999485,2,176,174,176,83,1,1,60,3,2,0.16226202799998646
s1_1000,S1-178240398,S3,India,selective_v2_compact,0,6,3,1,1,0,29,3,0,2,0.04770446499992431,120,6,35,7,141,117,0.04862007000002677,1,140,139,140,79,1,1,60,3,1,0.13140461000000414
s1_1000,S1-805720916,S2,India,selective_v2_compact,0,6,0,0,0,0,10,6,1,5,0.035421409000036874,36,6,16,13,44,29,0.03575270100003536,1,33,32,33,33,0,0,33,2,1,0.06046117700003606
s1_1000,S1-805720916,S3,India,selective_v2_compact,0,6,0,0,0,0,10,6,1,5,0.07646101699992869,36,3,13,13,48,39,0.07680229700002883,0,42,42,42,42,0,0,42,3,0,0.10908798799999886
s1_1000,S1-785012599,S2,US,selective_v2_compact,0,6,0,0,3,0,3,6,0,3,0.02349347699998816,66,3,6,14,153,19,0.024126765000005435,0,144,144,144,82,1,1,60,2,0,0.1084183010000288
s1_1000,S1-785012599,S3,US,selective_v2_compact,0,6,0,0,1,0,5,6,0,5,0.030313278999983595,66,6,11,15,189,12,0.03092762300002505,0,174,174,174,113,1,1,60,1,0,0.13350713299996642
s1_1000,S1-570330505,S2,US,selective_v2_compact,0,6,1,1,0,0,1,5,0,5,0.06330860599996413,15,1,2,11,301,204,0.06368711700002905,1,284,283,284,115,1,1,60,2,1,0.22917025800001056
s1_1000,S1-570330505,S3,US,selective_v2_compact,0,6,0,1,0,0,1,6,1,5,0.04897643699996479,15,1,2,13,289,203,0.04934887500002105,1,272,271,272,79,1,1,60,2,1,0.2042405189999954
s1_1000,S1-580407687,S2,US,selective_v2_compact,0,6,2,1,0,0,10,4,0,4,0.1257076430000552,28,1,11,8,147,140,0.12606426100001045,17,141,140,157,94,1,1,60,2,17,0.211688458000026
s1_1000,S1-580407687,S3,US,selective_v2_compact,0,6,2,1,1,0,10,4,0,3,0.07871997999995983,28,1,11,8,121,121,0.07904986900001632,15,121,121,136,95,1,1,60,0,15,0.16573652400001038
s1_1000,S1-195964451,S2,US,selective_v2_compact,0,6,3,1,0,0,2,3,0,3,0.023147176999998464,28,1,3,7,147,119,0.023517040999990968,1,141,140,141,60,1,0,60,2,1,0.11058159800001022
s1_1000,S1-195964451,S3,US,selective_v2_compact,0,6,3,1,0,0,2,3,0,3,0.020967285999972773,28,1,3,7,167,139,0.021348919000047317,2,165,163,165,65,1,1,60,1,2,0.12168009300000904
s1_1000,S1-863383578,S2,India,selective_v2_compact,0,6,0,0,0,0,38,6,1,5,0.07203608999998323,105,15,53,14,87,80,0.07264689600003749,0,82,82,82,41,0,0,41,1,0,0.12985075999995388
s1_1000,S1-863383578,S3,India,selective_v2_compact,0,6,3,1,0,0,38,3,0,3,0.04497776900001327,105,15,53,8,123,115,0.04558437299999696,0,117,117,117,43,0,0,43,2,0,0.11975241099997902
s1_1000,S1-398966822,S2,India,selective_v2_compact,0,6,0,1,0,0,14,6,0,6,0.17089409200008276,55,6,20,12,194,150,0.17146115999997846,7,151,150,157,83,1,1,60,1,7,0.25953015699997195
s1_1000,S1-398966822,S3,India,selective_v2_compact,0,6,2,1,0,0,14,4,0,4,0.028139602999999624,55,3,17,9,233,163,0.028668041000003086,8,201,201,209,63,1,1,60,1,8,0.14660417200002485
s1_1000,S1-47693061,S2,US,selective_v2_compact,0,6,0,0,3,0,2,6,0,3,0.0008563670000398815,15,0,2,14,116,17,0.001064510999981394,1,114,113,114,73,1,1,60,2,1,0.06874407899999824
s1_1000,S1-47693061,S3,US,selective_v2_compact,0,6,0,0,0,0,2,6,0,6,0.00079578199995467,15,0,2,14,134,23,0.0009977000000276348,0,123,123,123,77,1,1,60,2,0,0.07806122400000959
s1_1000,S1-901993448,S2,US,selective_v2_compact,0,6,0,0,2,0,3,6,1,3,0.052962954000065565,36,1,4,14,123,91,0.0534267510000177,0,121,121,121,74,1,1,60,1,0,0.11519177499997113
s1_1000,S1-901993448,S3,US,selective_v2_compact,0,6,0,0,0,0,6,6,2,4,0.04505843499993034,36,3,9,13,43,18,0.045417509999992944,3,31,28,31,31,0,0,31,3,3,0.06945661000003156
s1_1000,S1-360702411,S2,US,selective_v2_compact,0,6,0,0,1,0,2,6,1,4,0.04108565400002817,28,0,2,13,277,28,0.041443178999998054,2,270,268,270,55,0,0,55,3,2,0.20088771700000052
s1_1000,S1-360702411,S3,US,selective_v2_compact,0,6,0,0,1,0,4,6,0,5,0.04972542500001964,28,1,5,13,328,64,0.05012389699999176,4,304,300,304,95,1,1,60,5,4,0.22166149200000973
s1_1000,S1-773565090,S2,India,selective_v2_compact,0,6,3,1,0,0,8,3,0,3,0.03220856500001901,45,6,14,6,132,128,0.03263733000000002,3,131,128,131,80,1,1,60,1,3,0.11214486300002591
s1_1000,S1-773565090,S3,India,selective_v2_compact,0,6,2,1,0,0,9,4,0,4,0.05151938899996367,45,1,10,8,136,135,0.05199052699998674,5,135,135,140,84,1,1,60,2,5,0.13149205299998812
s1_1000,S1-585207831,S2,India,selective_v2_compact,0,6,0,0,0,0,25,6,1,5,0.199358970999981,66,10,35,14,141,89,0.19979105300001265,4,121,120,124,79,1,1,60,1,4,0.2734325140000351
s1_1000,S1-585207831,S3,India,selective_v2_compact,0,6,0,0,0,0,23,6,1,5,0.05570092100003876,66,3,26,14,117,80,0.05621088699996335,4,103,99,103,62,1,1,60,2,4,0.12483077699999967
s1_1000,S1-531136752,S2,India,selective_v2_compact,0,6,0,0,0,0,22,6,1,5,0.41925395399999843,91,15,37,13,107,79,0.4199524989999759,1,92,91,92,60,1,0,60,1,1,0.47620366300003525
s1_1000,S1-531136752,S3,India,selective_v2_compact,0,6,2,1,2,0,21,4,0,2,0.4172264949999658,91,10,31,9,123,110,0.41800124599996025,1,121,120,121,91,1,1,60,3,1,0.4906881530000078
s1_1000,S1-442467030,S2,India,selective_v2_compact,0,6,4,1,0,0,11,2,0,2,0.009742673999994622,55,10,21,5,123,114,0.010203354999987369,0,120,120,120,45,0,0,45,2,0,0.08219570500000373
s1_1000,S1-442467030,S3,India,selective_v2_compact,0,6,4,1,0,0,9,2,0,2,0.008298457000023518,55,10,19,5,112,109,0.008741717000020799,1,111,110,111,42,0,0,42,1,1,0.08034078000002864
s1_1000,S1-92482405,S2,India,selective_v2_compact,0,6,0,1,1,0,11,6,0,5,0.22635198100010712,45,3,14,13,164,145,0.2268530119999923,5,155,150,155,98,1,1,60,2,5,0.3164016449999849
s1_1000,S1-92482405,S3,India,selective_v2_compact,0,6,0,0,1,0,11,6,0,5,0.18875282800013338,55,3,14,14,51,39,0.1893264280000153,14,44,44,58,58,0,0,58,1,14,0.23414336000001867
s1_1000,S1-199571794,S2,India,selective_v2_compact,0,6,0,0,0,0,20,6,1,5,0.09342658700001039,66,3,23,12,15,3,0.0939295019999804,2,5,3,5,5,0,0,5,2,2,0.10416127100000949
s1_1000,S1-199571794,S3,India,selective_v2_compact,0,6,2,1,0,0,14,4,0,4,0.18815619499991953,66,3,17,8,226,221,0.18886600100000805,1,222,221,222,78,1,1,60,2,1,0.3193419149999954
s1_1000,S1-595727822,S2,US,selective_v2_compact,0,6,2,1,0,0,5,4,1,3,0.07467091299997719,28,1,6,8,106,104,0.07505394899999374,0,104,104,104,59,0,0,59,1,0,0.13545942999996896
s1_1000,S1-595727822,S3,US,selective_v2_compact,0,6,2,1,0,0,6,4,1,3,0.07994462900001054,28,1,7,8,137,134,0.08031668000000991,0,134,134,134,62,1,1,60,2,0,0.15114757499998177
s1_1000,S1-364678319,S2,US,selective_v2_compact,0,6,0,0,1,0,0,6,0,5,0.00867378300006294,21,0,0,17,100,0,0.00894591000002265,1,82,81,82,68,1,1,60,2,1,0.0653508490000263
s1_1000,S1-364678319,S3,US,selective_v2_compact,0,6,0,0,2,0,0,6,0,4,0.008796899999936159,21,0,0,17,97,0,0.009077134999984082,0,81,81,81,67,1,1,60,0,0,0.06610652799997752
s1_1000,S1-872214081,S2,India,selective_v2_compact,0,6,3,1,0,0,25,3,0,3,0.10112549000001536,55,10,35,6,123,122,0.10147748500003217,6,122,122,128,66,1,1,60,0,6,0.17508695600002966
s1_1000,S1-872214081,S3,India,selective_v2_compact,0,6,2,1,0,0,28,4,0,4,0.3516263029999891,55,3,31,8,238,221,0.3520799400000101,10,231,221,231,83,1,1,60,2,10,0.48459265899998627
s1_1000,S1-377086058,S2,US,selective_v2_compact,0,6,0,0,1,0,4,6,0,5,0.044726232999948934,28,1,5,14,144,79,0.04507693499999732,0,133,133,133,78,1,1,60,2,0,0.12333690500003058
s1_1000,S1-377086058,S3,US,selective_v2_compact,0,6,0,0,0,0,4,6,0,6,0.045859557999961,28,1,5,13,123,96,0.046252954000010504,2,108,106,108,48,0,0,48,3,2,0.11545979499999248
s1_1000,S1-990461902,S2,US,selective_v2_compact,0,6,0,0,1,0,8,6,1,4,0.15055946999996195,36,6,14,14,40,17,0.15089944599998262,2,23,21,23,23,0,0,23,4,2,0.17218503200001578
s1_1000,S1-990461902,S3,US,selective_v2_compact,0,6,0,0,3,0,8,6,1,2,0.09104718899993713,36,6,14,14,26,20,0.09135971200004178,0,23,23,23,23,0,0,23,0,0,0.11253732799997351
s1_1000,S1-967594427,S2,India,selective_v2_compact,0,6,0,0,0,0,32,6,2,4,0.1970811740000613,66,10,42,13,35,13,0.19744308700001056,1,25,24,25,25,0,0,25,2,1,0.22123120599997037
s1_1000,S1-967594427,S3,India,selective_v2_compact,0,6,0,0,2,0,30,6,2,2,0.18393081999994365,66,6,36,13,72,64,0.18438158600002907,0,72,72,72,53,0,0,53,0,0,0.22909563600001093
s1_1000,S1-824991198,S2,US,selective_v2_compact,0,6,1,1,2,0,4,5,0,3,0.10499976199997718,15,0,4,11,371,149,0.1053491520000307,4,367,363,367,118,1,1,60,3,4,0.30622036300002264
s1_1000,S1-824991198,S3,US,selective_v2_compact,0,6,1,1,1,0,3,5,0,4,0.10340444199999865,15,1,4,11,412,175,0.1037610930000028,8,406,398,406,118,1,1,60,2,8,0.32146908699996857
s1_1000,S1-623746049,S2,US,selective_v2_compact,0,6,1,1,0,0,4,5,0,5,0.03188826400008793,21,3,7,11,390,200,0.03225333899996485,90,379,379,469,165,1,1,60,1,51,0.27756003100000726
s1_1000,S1-623746049,S3,US,selective_v2_compact,0,6,1,1,1,0,4,5,0,4,0.035844283999949766,21,3,7,11,379,206,0.03620573000000604,85,378,378,463,163,1,1,60,1,46,0.28153200200000583
s1_1000,S1-635266124,S2,India,selective_v2_compact,0,6,0,0,0,0,38,6,1,5,0.09493567199990594,91,10,48,12,99,88,0.09550441999999748,0,88,88,88,79,1,1,60,2,0,0.1497980060000259
s1_1000,S1-635266124,S3,India,selective_v2_compact,0,6,2,1,0,0,40,4,1,3,0.0780542190000233,91,6,46,8,121,120,0.07860369899998432,1,120,120,121,71,1,1,60,2,1,0.14164645199997494
s1_1000,S1-12615942,S2,US,selective_v2_compact,0,6,1,1,1,0,3,5,0,4,0.04318663299994796,21,1,4,10,151,145,0.04353228200000103,1,146,145,146,71,1,1,60,1,1,0.12188644200000454
s1_1000,S1-12615942,S3,US,selective_v2_compact,0,6,0,1,0,0,4,6,0,6,0.020197254999970937,21,1,5,12,164,158,0.02052790699997331,0,158,158,158,47,0,0,47,2,0,0.10870861099999729
s1_1000,S1-468418914,S2,US,selective_v2_compact,0,6,1,1,0,0,8,5,0,5,0.06685436700001901,28,1,9,10,122,119,0.06719086900000093,0,119,119,119,89,1,1,60,4,0,0.13101322899996148
s1_1000,S1-468418914,S3,US,selective_v2_compact,0,6,1,1,1,0,8,5,0,4,0.06955001400007177,28,1,9,10,120,120,0.06990492300002416,0,120,120,120,96,1,1,60,0,0,0.14342670299998872
s1_1000,S1-717312031,S2,India,selective_v2_compact,0,6,2,1,0,0,13,4,0,4,0.11257505200001106,36,6,19,9,138,114,0.11290082499999698,1,132,131,132,78,1,1,60,1,1,0.1954096139999706
s1_1000,S1-717312031,S3,India,selective_v2_compact,0,6,4,1,1,0,16,2,0,1,0.07155982799997673,36,3,19,5,137,106,0.07186299099998905,3,135,132,135,86,1,1,60,2,3,0.1481707140000026
s1_1000,S1-292535402,S2,India,selective_v2_compact,0,5,0,0,0,8,17,5,1,4,0.2004192829999738,45,15,32,11,131,92,0.20070355400002882,0,125,125,125,62,1,1,60,2,0,0.27124953300000243
s1_1000,S1-292535402,S3,India,selective_v2_compact,0,5,0,0,2,7,23,5,1,2,0.20347061000001077,45,10,33,11,100,73,0.20372630299999628,0,99,99,99,63,1,1,60,0,0,0.26287561499998446
s1_1000,S1-959890049,S2,India,selective_v2_compact,0,6,3,1,0,0,28,3,0,3,0.09535718899996937,66,15,43,6,143,133,0.09574575200002755,1,134,133,134,71,1,1,60,3,1,0.17219638599999598
s1_1000,S1-959890049,S3,India,selective_v2_compact,0,6,2,1,1,0,29,4,0,3,0.3797075069999778,66,15,44,8,188,179,0.38014212000001635,1,179,179,180,58,0,0,58,1,1,0.4811411059999955
s1_1000,S1-256737973,S2,US,selective_v2_compact,0,6,0,0,3,0,6,6,0,3,0.07908060100004377,55,1,7,13,16,14,0.07965570300001446,0,15,15,15,15,0,0,15,1,0,0.09368910000000596
s1_1000,S1-256737973,S3,US,selective_v2_compact,0,6,0,0,2,0,14,6,0,4,0.09062723799996775,55,3,17,13,25,11,0.09112936299999319,0,23,23,23,23,0,0,23,1,0,0.11141041099995164
s1_1000,S1-159212707,S2,India,selective_v2_compact,0,6,3,1,0,0,51,3,0,3,0.09843938199998092,120,21,72,6,191,177,0.09913625699999784,12,177,177,189,76,1,1,60,0,12,0.20796918799999276
s1_1000,S1-159212707,S3,India,selective_v2_compact,0,6,3,1,0,0,51,3,0,3,0.09670854799992412,120,15,66,6,132,117,0.09741854600002853,18,117,117,135,102,1,1,60,1,18,0.17608396200000698
s1_1000,S1-580580616,S2,India,selective_v2_compact,0,6,0,1,1,0,31,6,1,4,0.22950707700005069,120,6,37,13,116,108,0.23043569499998284,7,112,112,119,48,0,0,48,0,7,0.29632018900002777
s1_1000,S1-580580616,S3,India,selective_v2_compact,0,6,0,0,1,0,27,6,1,4,0.22275554999987435,120,3,30,13,54,48,0.22368861500001458,9,51,51,60,55,0,0,55,0,9,0.26440990500003636
s1_1000,S1-386088143,S2,India,selective_v2_compact,0,6,2,1,0,0,53,4,0,4,0.07369094900008122,120,21,74,8,145,117,0.07426947999999811,8,122,117,125,86,1,1,60,0,8,0.14442348800002947
s1_1000,S1-386088143,S3,India,selective_v2_compact,0,6,3,1,0,0,51,3,0,3,0.07224386699999741,120,15,66,6,120,119,0.07289496600003531,7,119,119,126,88,1,1,60,0,7,0.14228050799999892
s1_1000,S1-994360372,S2,US,selective_v2_compact,0,6,0,0,1,0,7,6,1,4,0.1049656829998753,45,0,7,12,49,49,0.10544089400002576,0,49,49,49,49,0,0,49,1,0,0.12997837599999684
s1_1000,S1-994360372,S3,US,selective_v2_compact,0,6,2,1,0,0,13,4,1,3,0.11322529199998144,45,1,14,8,117,117,0.11366888200001313,0,117,117,117,68,1,1,60,1,0,0.1705313009999827
s1_1000,S1-417824853,S2,US,selective_v2_compact,0,6,1,1,3,0,3,5,0,2,0.02997919000000593,45,1,4,12,181,148,0.030537622999986525,0,180,180,180,94,1,1,60,1,0,0.11185532100000728
s1_1000,S1-417824853,S3,US,selective_v2_compact,0,6,0,0,1,0,8,6,0,5,0.018317448000004788,45,3,11,13,107,84,0.01876853599998185,1,99,98,99,68,1,1,60,3,1,0.07717512699997542
s1_1000,S1-57586886,S2,US,selective_v2_compact,0,6,0,1,1,0,9,6,0,5,0.11926364800001465,45,1,10,12,107,102,0.1197672829999874,16,103,102,118,82,1,1,60,2,16,0.18636751600001844
s1_1000,S1-57586886,S3,US,selective_v2_compact,0,6,0,0,1,0,12,6,1,4,0.1102577680000536,45,3,15,12,95,95,0.11074226799996723,10,95,95,105,67,1,1,60,0,10,0.1641795200000047
s1_1000,S1-417823242,S2,US,selective_v2_compact,0,6,0,0,0,0,6,6,1,5,0.016093108000063694,66,0,6,14,199,42,0.016759152000020094,0,185,185,185,84,1,1,60,2,0,0.10903346600002806
s1_1000,S1-417823242,S3,US,selective_v2_compact,0,6,0,0,0,0,7,6,1,5,0.015911065999944185,66,0,7,14,237,42,0.01656835400001455,0,220,220,220,84,1,1,60,3,0,0.13685461899996199
s1_1000,S1-651379105,S2,US,selective_v2_compact,0,6,1,1,0,0,11,5,0,5,0.18718252999991591,36,1,12,10,182,175,0.18761485599998196,1,176,175,176,73,1,1,60,2,1,0.27992050499995
s1_1000,S1-651379105,S3,US,selective_v2_compact,0,6,2,1,1,0,15,4,0,3,0.44310801400001765,36,3,18,8,101,101,0.44346297700002424,0,101,101,101,67,1,1,60,0,0,0.5038533919999963
s1_1000,S1-575249679,S2,US,selective_v2_compact,0,6,2,1,0,0,12,4,0,4,0.05292147200003683,45,1,13,9,338,112,0.053385480999963875,1,333,332,333,116,1,1,60,1,1,0.23658022399996526
s1_1000,S1-575249679,S3,US,selective_v2_compact,0,6,0,0,1,0,13,6,0,5,0.17820871300000363,45,1,14,13,294,81,0.1787069419999625,0,291,291,291,115,1,1,60,1,0,0.33504589799997575
s1_1000,S1-393317943,S2,US,selective_v2_compact,0,6,0,0,1,0,6,6,0,5,0.11471269800006212,45,0,6,14,131,63,0.11519782900001019,1,115,114,115,65,1,1,60,2,1,0.1816177590000052
s1_1000,S1-393317943,S3,US,selective_v2_compact,0,6,0,0,0,0,9,6,0,6,0.13157224899993025,45,1,10,13,111,74,0.132061957000019,0,104,104,104,65,1,1,60,2,0,0.19521854900000335
s1_1000,S1-584163881,S2,India,selective_v2_compact,0,6,1,1,0,0,60,5,0,5,0.01935359899988498,120,28,88,10,136,129,0.01980659299999843,0,129,129,129,104,1,1,60,2,0,0.0856969860000163
s1_1000,S1-584163881,S3,India,selective_v2_compact,0,6,1,1,0,0,61,5,0,5,0.02738818799997489,120,28,89,10,167,153,0.027902465000011034,1,154,153,154,103,1,1,60,3,1,0.10503924700003608
s1_1000,S1-982163117,S2,India,selective_v2_compact,0,6,0,0,1,0,16,6,1,4,0.212939447999986,66,3,19,15,119,71,0.21356391000000485,1,92,91,92,76,1,1,60,1,1,0.26726081399999657
s1_1000,S1-982163117,S3,India,selective_v2_compact,0,6,3,1,0,0,15,3,0,3,0.012086785000064992,66,1,16,10,228,140,0.012717482999960339,0,197,197,197,58,0,0,58,2,0,0.12769740000004504
s1_1000,S1-839782760,S2,US,selective_v2_compact,0,6,0,0,4,0,1,6,0,2,0.009897644999909971,21,0,1,13,75,15,0.010187379000001329,0,75,75,75,55,0,0,55,0,0,0.05604246000001467
s1_1000,S1-839782760,S3,US,selective_v2_compact,0,6,0,0,0,0,1,6,0,6,0.0091651399999364,21,0,1,12,35,26,0.009456805000013446,2,28,26,28,28,0,0,28,4,2,0.032445454000026075
s1_1000,S1-900544442,S2,US,selective_v2_compact,0,6,2,1,0,0,13,4,0,4,0.10473265599989645,55,1,14,8,119,109,0.10526249800000187,3,112,109,112,54,0,0,54,2,3,0.17041963099995883
s1_1000,S1-900544442,S3,US,selective_v2_compact,0,6,1,1,0,0,13,5,0,5,0.08775324399999818,55,1,14,10,128,113,0.08831986300003791,1,114,113,114,67,1,1,60,4,1,0.1499924139999962
s1_1000,S1-877625799,S2,US,selective_v2_compact,0,6,0,0,3,0,5,6,0,3,0.23232843499999944,45,1,6,13,211,59,0.2329129050000347,0,204,204,204,99,1,1,60,2,0,0.3466326700000195
s1_1000,S1-877625799,S3,US,selective_v2_compact,0,6,0,0,2,0,7,6,0,4,0.07705655499989916,45,3,10,13,182,33,0.07751671199997645,0,176,176,176,79,1,1,60,0,0,0.16984329299998535
s1_1000,S1-479499953,S2,US,selective_v2_compact,0,6,0,0,2,0,7,6,1,3,0.055872631000113415,55,1,8,13,78,11,0.05638026600001922,0,78,78,78,51,0,0,51,0,0,0.10625999800004138
s1_1000,S1-479499953,S3,US,selective_v2_compact,0,6,0,0,2,0,8,6,1,3,0.051516085999992356,55,1,9,13,91,23,0.052105015999984516,0,87,87,87,63,1,1,60,3,0,0.10720478299998604
s1_1000,S1-240192562,S2,India,selective_v2_compact,0,6,0,0,1,0,21,6,0,5,0.14634128400007285,120,28,49,15,119,11,0.1471127610000167,4,96,96,100,59,0,0,59,1,4,0.20292255399999704
s1_1000,S1-240192562,S3,India,selective_v2_compact,0,6,0,0,3,0,31,6,0,3,0.14237746200006995,120,15,46,15,128,9,0.14317597500001966,5,94,94,99,58,0,0,58,0,5,0.20097757799999272
s1_1000,S1-67984413,S2,US,selective_v2_compact,0,6,0,0,2,0,4,6,0,4,0.020639853000034236,21,1,5,14,188,69,0.020933807999995224,0,170,170,170,85,1,1,60,2,0,0.11932733399999051
s1_1000,S1-67984413,S3,US,selective_v2_compact,0,6,0,0,0,0,4,6,0,6,0.01838984300007951,21,1,5,14,207,82,0.018693894000023192,0,180,180,180,84,1,1,60,1,0,0.11905503500003078
s1_1000,S1-929709760,S2,India,selective_v2_compact,0,6,2,1,1,0,29,4,0,3,0.06246940699998049,105,3,32,8,149,138,0.06328661499998134,1,139,138,139,40,0,0,40,1,1,0.13613639199996896
s1_1000,S1-929709760,S3,India,selective_v2_compact,0,6,1,1,0,0,24,5,0,5,0.2686715279999703,105,3,27,10,192,183,0.26962335299998585,0,183,183,183,76,1,1,60,1,0,0.3657941810000125
s1_1000,S1-645580244,S2,US,selective_v2_compact,0,6,0,0,2,0,0,6,1,3,0.05099840599990557,21,0,0,13,179,35,0.05132279299999709,3,175,172,175,78,1,1,60,2,3,0.14050358499997628
s1_1000,S1-645580244,S3,US,selective_v2_compact,0,6,0,0,1,0,0,6,1,4,0.02875247499997613,21,0,0,13,184,47,0.029078315999981896,2,181,179,181,87,1,1,60,1,2,0.1234638489999611
s1_1000,S1-379116236,S2,US,selective_v2_compact,0,6,0,0,1,0,5,6,0,5,0.08395321700004388,21,1,6,14,190,56,0.08424191400001746,4,175,171,175,118,1,1,60,3,4,0.17930360899998732
s1_1000,S1-379116236,S3,US,selective_v2_compact,0,6,0,0,0,0,5,6,0,6,0.06951198400014391,21,1,6,14,179,54,0.0698192840000047,3,162,159,162,115,1,1,60,1,3,0.14820730200000298
s1_1000,S1-859902423,S2,India,selective_v2_compact,0,6,0,0,0,0,27,6,1,5,0.20800248300002977,91,6,33,14,117,97,0.20870114500002046,4,109,108,112,74,1,1,60,2,4,0.2742720420000069
s1_1000,S1-859902423,S3,India,selective_v2_compact,0,6,2,1,0,0,24,4,0,4,0.11691033699997888,91,3,27,10,137,119,0.11766391799994835,10,129,129,139,54,0,0,54,1,10,0.19712081900001976
s1_1000,S1-625988141,S2,India,selective_v2_compact,0,6,0,0,2,0,13,6,2,2,0.04137556500006667,55,3,16,14,37,0,0.041873135000003,0,24,24,24,24,0,0,24,1,0,0.06422857799998383
s1_1000,S1-625988141,S3,India,selective_v2_compact,0,6,0,0,2,0,10,6,2,2,0.034649922000028255,55,1,11,14,28,0,0.03512774199998603,0,22,22,22,22,0,0,22,2,0,0.05476800400003867
s1_1000,S1-419938998,S2,US,selective_v2_compact,0,6,3,1,1,0,0,3,0,2,0.029976715999964654,15,0,0,6,145,145,0.030269427000007454,0,145,145,145,42,0,0,42,0,0,0.11282376799999838
s1_1000,S1-419938998,S3,US,selective_v2_compact,0,6,0,1,4,0,1,6,0,2,0.031397992000052,15,0,1,12,201,201,0.03176270200003728,0,201,201,201,80,1,1,60,0,0,0.13969616100001758
s1_1000,S1-772622400,S2,US,selective_v2_compact,0,6,2,1,0,0,7,4,1,3,0.19524941899999249,28,1,8,8,113,109,0.19561669299997675,1,110,109,110,71,1,1,60,2,1,0.25514242999997805
s1_1000,S1-772622400,S3,US,selective_v2_compact,0,6,2,1,0,0,7,4,1,3,0.20356782800007522,28,1,8,8,119,117,0.20393692599998303,0,117,117,117,74,1,1,60,1,0,0.2692487319999941
s1_1000,S1-830083936,S2,India,selective_v2_compact,0,6,2,1,0,0,16,4,0,4,0.1638143239999863,66,3,19,10,166,159,0.16443564299999025,0,163,163,163,78,1,1,60,1,0,0.24481789999998682
s1_1000,S1-830083936,S3,India,selective_v2_compact,0,6,0,0,0,0,16,6,0,6,0.032103349999999864,66,3,19,14,61,46,0.03268001300000378,7,51,50,57,57,0,0,57,1,7,0.06841659499997377
s1_1000,S1-439222980,S2,US,selective_v2_compact,0,6,3,1,1,0,4,3,0,2,0.17639594699994632,21,0,4,6,144,143,0.17672706299998708,1,143,143,144,71,1,1,60,0,1,0.2581950449999795
s1_1000,S1-439222980,S3,US,selective_v2_compact,0,6,3,1,1,0,4,3,0,2,0.18920777699992186,21,0,4,6,146,145,0.1895911380000257,3,146,145,148,73,1,1,60,1,3,0.27669180499998447
s1_1000,S1-402531107,S2,US,selective_v2_compact,0,6,0,0,1,0,3,6,1,4,0.05703598699994927,21,0,3,12,73,69,0.05731562300002224,2,71,69,71,62,1,1,60,1,2,0.09788277799998468
s1_1000,S1-402531107,S3,US,selective_v2_compact,0,6,0,1,1,0,4,6,0,5,0.1014120340001341,21,0,4,12,133,129,0.10173714999996264,0,129,129,129,78,1,1,60,2,0,0.1700015309999685
s1_1000,S1-100625394,S2,US,selective_v2_compact,0,6,0,0,0,0,4,6,0,6,0.05937669200000073,21,0,4,12,87,83,0.05968104300001187,0,83,83,83,70,1,1,60,1,0,0.10185040499999332
s1_1000,S1-100625394,S3,US,selective_v2_compact,0,6,0,0,0,0,4,6,0,6,0.07328674300003968,21,0,4,12,105,93,0.07365934699998888,2,95,93,95,74,1,1,60,2,2,0.1250048389999847
s1_1000,S1-877581624,S2,India,selective_v2_compact,0,6,0,0,0,0,43,6,1,5,0.2023365169998783,105,10,53,13,67,39,0.2029575229999523,1,56,55,56,56,0,0,56,2,1,0.24113744300001372
s1_1000,S1-877581624,S3,India,selective_v2_compact,0,6,0,0,0,0,41,6,1,5,0.07160096499990232,105,6,47,13,70,34,0.0722858259999839,0,57,57,57,57,0,0,57,2,0,0.10949159800003372
s1_1000,S1-403408940,S2,US,selective_v2_compact,0,6,0,0,2,0,3,6,1,3,0.012204886000120041,21,1,4,13,104,1,0.012459648999993078,1,102,102,103,42,0,0,42,1,1,0.06794619800001556
s1_1000,S1-403408940,S3,US,selective_v2_compact,0,6,0,0,0,0,3,6,1,5,0.010851336999905925,21,1,4,13,123,1,0.011126513000021987,4,113,112,116,44,0,0,44,1,4,0.074227661000009
s1_1000,S1-817995330,S2,US,selective_v2_compact,0,6,0,0,1,0,2,6,1,4,0.08808697200009874,21,0,2,13,128,88,0.0884405959999981,0,122,122,122,73,1,1,60,1,0,0.15276087199998756
s1_1000,S1-817995330,S3,US,selective_v2_compact,0,6,1,1,1,0,3,5,0,4,0.42596000999998296,21,1,4,11,187,148,0.4263591720000477,0,181,181,181,81,1,1,60,0,0,0.5170512839999901
s1_1000,S1-76269912,S2,US,selective_v2_compact,0,6,0,0,2,0,2,6,1,3,0.023415848999945865,28,0,2,12,57,55,0.02377369999999246,1,56,55,56,54,0,0,54,2,1,0.06028209000004381
s1_1000,S1-76269912,S3,US,selective_v2_compact,0,6,1,1,0,0,6,5,0,5,0.031838980999964406,28,1,7,10,174,167,0.032235955000032845,1,168,167,168,110,1,1,60,1,1,0.12668356000000358
s1_1000,S1-849465705,S2,India,selective_v2_compact,0,6,0,0,2,0,19,6,3,1,0.08046747400004506,78,1,20,13,18,14,0.08111468900000318,0,18,18,18,18,0,0,18,0,0,0.098783936000018
s1_1000,S1-849465705,S3,India,selective_v2_compact,0,6,3,1,0,0,15,3,0,3,0.05236977700002399,78,1,16,7,142,123,0.053081167000016194,2,136,134,136,62,1,1,60,3,2,0.12913594399998374
s1_1000,S1-995508551,S2,US,selective_v2_compact,0,6,0,0,0,0,0,6,0,6,0.014664645999971526,28,0,0,16,191,75,0.015086873000029755,1,155,154,155,76,1,1,60,3,1,0.10088072899998224
s1_1000,S1-995508551,S3,US,selective_v2_compact,0,6,0,0,0,0,1,6,0,6,0.014915798000060931,28,0,1,16,190,86,0.015329737999991266,1,168,167,168,76,1,1,60,1,1,0.10159969000000046
s1_1000,S1-690122386,S2,India,selective_v2_compact,0,6,0,0,0,0,14,6,0,6,0.11493059099990433,66,10,24,12,74,69,0.11549331800000573,0,69,69,69,60,1,0,60,1,0,0.15808072800001582
s1_1000,S1-690122386,S3,India,selective_v2_compact,0,6,0,0,3,0,18,6,0,3,0.1418328190000011,66,6,24,12,80,80,0.14243193900000506,0,80,80,80,78,1,1,60,1,0,0.18641858900002717
s1_1000,S1-143958303,S2,India,selective_v2_compact,0,6,0,0,0,0,22,6,2,4,0.2351727520000395,91,36,58,12,26,25,0.2356387969999787,0,25,25,25,25,0,0,25,0,0,0.25434457599999405
s1_1000,S1-143958303,S3,India,selective_v2_compact,0,6,0,1,1,0,32,6,1,4,0.5821980909999525,91,21,53,12,113,111,0.5827806899999928,0,111,111,111,68,1,1,60,0,0,0.6506738679999557
s1_1000,S1-738848231,S2,India,selective_v2_compact,0,6,0,1,0,0,17,6,0,6,0.039902248000032614,78,6,23,13,122,106,0.04058190800003558,1,109,108,109,45,0,0,45,3,1,0.10869733800001313
s1_1000,S1-738848231,S3,India,selective_v2_compact,0,6,0,0,0,0,17,6,0,6,0.015766180000014174,78,3,20,13,91,83,0.01649821000000884,0,86,86,86,46,0,0,46,2,0,0.06904199799998878
s1_1000,S1-157899985,S2,US,selective_v2_compact,0,6,0,0,0,0,4,6,0,6,0.011452821999967,21,1,5,14,252,72,0.011736037999980908,2,228,226,228,96,1,1,60,3,2,0.13183626099998946
s1_1000,S1-157899985,S3,US,selective_v2_compact,0,6,2,1,1,2,4,4,0,3,0.012693022000007659,15,1,5,9,273,101,0.012948128999994424,0,249,249,249,106,1,1,60,0,0,0.1307970409999939
s1_1000,S1-107809366,S2,US,selective_v2_compact,0,6,0,0,1,0,2,6,0,5,0.005948003999833418,28,0,2,15,467,6,0.006376025000008667,1,442,441,442,60,1,0,60,2,1,0.13783900999999332
s1_1000,S1-107809366,S3,US,selective_v2_compact,0,6,3,1,1,0,3,3,0,2,0.011855448999995133,28,0,3,8,330,107,0.012277703999984624,0,328,328,328,76,1,1,60,1,0,0.17418164999997998
s1_1000,S1-256569351,S2,US,selective_v2_compact,0,6,0,0,1,0,2,6,1,4,0.059462207000024137,15,0,2,12,63,63,0.059729319999973995,0,63,63,63,59,0,0,59,0,0,0.0906376529999875
s1_1000,S1-256569351,S3,US,selective_v2_compact,0,6,0,0,2,0,2,6,0,4,0.05450265499996476,21,0,2,13,106,87,0.0548253420000151,1,89,88,89,63,1,1,60,1,1,0.10162168300001895
s1_1000,S1-878489591,S2,US,selective_v2_compact,0,6,2,1,0,0,15,4,0,4,0.030244004999929075,36,3,18,8,130,126,0.03057471900001474,0,126,126,126,83,1,1,60,2,0,0.09273678700003529
s1_1000,S1-878489591,S3,US,selective_v2_compact,0,6,2,1,0,0,15,4,0,4,0.0339344139999298,36,3,18,8,130,128,0.03425594300000512,0,128,128,128,86,1,1,60,1,0,0.09501022099999545
s1_1000,S1-369930027,S2,US,selective_v2_compact,0,6,0,0,0,0,1,6,0,6,0.02679340800011687,15,0,1,12,79,71,0.027124430999947435,1,72,71,72,54,0,0,54,1,1,0.06850250200000119
s1_1000,S1-369930027,S3,US,selective_v2_compact,0,6,3,1,0,0,1,3,0,3,0.03212056299997812,15,0,1,6,107,104,0.03238795499999014,1,105,104,105,64,1,1,60,1,1,0.09408213699998669
s1_1000,S1-588917480,S2,US,selective_v2_compact,0,6,0,0,0,0,4,6,0,6,0.014237557999990713,28,0,4,12,77,60,0.014595880999991095,5,65,60,65,65,1,1,60,4,5,0.05284893500004273
s1_1000,S1-588917480,S3,US,selective_v2_compact,0,6,0,0,2,0,4,6,0,4,0.011882564000131879,28,0,4,12,53,53,0.012231802000030711,0,53,53,53,53,0,0,53,1,0,0.04117223799994463
s1_1000,S1-915271485,S2,US,selective_v2_compact,0,6,0,0,0,0,5,6,0,6,0.0662996400000111,36,0,5,14,106,73,0.06674761700003273,1,85,84,85,78,1,1,60,2,1,0.11568732299997464
s1_1000,S1-915271485,S3,US,selective_v2_compact,0,6,0,0,1,0,5,6,0,5,0.07180320099996607,36,0,5,14,96,68,0.07221929700000373,0,79,79,79,76,1,1,60,1,0,0.1197697039999639
s1_1000,S1-491663549,S2,India,selective_v2_compact,0,6,0,0,0,0,48,6,3,3,0.21872374800000216,120,6,54,12,27,26,0.21945579000004045,0,26,26,26,26,0,0,26,1,0,0.23985980300000165
s1_1000,S1-491663549,S3,India,selective_v2_compact,0,6,5,1,0,0,45,1,0,1,0.0032200800000055096,120,3,48,2,120,120,0.0039877199999978075,0,120,120,120,40,0,0,40,1,0,0.06492999700003566
s1_1000,S1-837791612,S2,US,selective_v2_compact,0,6,0,0,4,0,1,6,0,2,0.012883498000007876,21,0,1,14,200,13,0.013172922000023846,0,198,198,198,83,1,1,60,1,0,0.1157609750000006
s1_1000,S1-837791612,S3,US,selective_v2_compact,0,6,0,0,2,0,1,6,0,4,0.013186592000067776,21,0,1,14,253,11,0.013487025000017638,2,240,238,240,89,1,1,60,4,2,0.14096998400003713
s1_1000,S1-708875578,S2,US,selective_v2_compact,0,6,2,1,0,0,9,4,0,4,0.088470209000036,28,1,10,8,187,187,0.08884890499996345,0,187,187,187,67,1,1,60,0,0,0.18551115499997195
s1_1000,S1-708875578,S3,US,selective_v2_compact,0,6,0,1,2,0,10,6,1,3,0.1063125719999789,28,1,11,12,154,154,0.10665024600001516,0,154,154,154,79,1,1,60,0,0,0.18655057900002703
s1_1000,S1-932863304,S2,India,selective_v2_compact,0,6,2,1,0,0,35,4,0,4,0.04358545099995581,78,6,41,8,132,125,0.044127255999967474,0,125,125,125,71,1,1,60,1,0,0.11526333699998759
s1_1000,S1-932863304,S3,India,selective_v2_compact,0,6,1,1,1,0,36,5,0,4,0.22579104100003633,78,6,42,10,184,180,0.2263894129999926,1,181,180,181,72,1,1,60,1,1,0.31989476999996214
s1_1000,S1-22592434,S2,India,selective_v2_compact,0,6,3,1,0,0,36,3,0,3,0.05041061799994395,78,15,51,6,145,132,0.05082227999997713,10,142,132,142,79,1,1,60,2,10,0.12841192700000192
s1_1000,S1-22592434,S3,India,selective_v2_compact,0,6,3,1,0,0,38,3,0,3,0.049722108999958436,78,6,44,6,143,143,0.05017711600004304,15,143,143,158,80,1,1,60,2,15,0.13302126400003544
s1_1000,S1-753567061,S2,US,selective_v2_compact,0,6,0,0,3,0,1,6,1,2,0.1692486989999793,28,3,4,13,88,86,0.16963263400003825,0,88,88,88,76,1,1,60,0,0,0.2230890699999577
s1_1000,S1-753567061,S3,US,selective_v2_compact,0,6,0,0,0,0,1,6,1,5,0.14663630900008684,28,3,4,13,107,89,0.1470481690000156,2,94,92,94,77,1,1,60,3,2,0.20382176200001823
s1_1000,S1-920312712,S2,US,selective_v2_compact,0,6,0,0,0,0,4,6,1,5,0.017809996000096362,21,1,5,12,17,12,0.018075311000018246,1,13,12,13,13,0,0,13,1,1,0.029883541000003788
s1_1000,S1-920312712,S3,US,selective_v2_compact,0,6,0,0,0,0,4,6,1,5,0.014465733999941222,21,1,5,12,33,17,0.014747452999984034,3,20,17,20,20,0,0,20,4,3,0.032913010000015674
s1_1000,S1-588083504,S2,US,selective_v2_compact,0,6,1,1,0,0,7,5,0,5,0.06116726900006597,28,3,10,12,193,155,0.06152400600001329,0,172,172,172,75,1,1,60,1,0,0.14573455099997545
s1_1000,S1-588083504,S3,US,selective_v2_compact,0,6,1,1,0,0,7,5,0,5,0.06373305500000015,28,3,10,12,174,127,0.06404676499994366,1,148,147,148,73,1,1,60,1,1,0.1501314419999744
s1_1000,S1-564696590,S2,India,selective_v2_compact,0,6,0,1,0,0,36,6,0,6,0.119334750999883,105,6,42,13,201,181,0.12012901800000009,1,194,194,195,77,1,1,60,1,1,0.2182299880000187
s1_1000,S1-564696590,S3,India,selective_v2_compact,0,6,0,1,0,0,35,6,0,6,0.13514845899993588,105,1,36,13,151,134,0.1359681769999952,0,146,146,146,80,1,1,60,2,0,0.2145724960000166
s1_1000,S1-526955963,S2,US,selective_v2_compact,0,6,0,0,0,0,2,6,0,6,0.01414107500005457,21,0,2,12,36,30,0.014425684000002548,1,31,30,31,31,0,0,31,1,1,0.03550137000001996
s1_1000,S1-526955963,S3,US,selective_v2_compact,0,6,0,0,2,0,2,6,0,4,0.013585742000032042,21,0,2,12,50,48,0.013863588999981857,2,50,48,50,50,0,0,50,2,2,0.043455088999962754
s1_1000,S1-607228456,S2,US,selective_v2_compact,0,6,0,0,0,0,12,6,0,6,0.05397439499995471,45,3,15,13,88,84,0.05438809700001457,0,85,85,85,75,1,1,60,0,0,0.10283176000001504
s1_1000,S1-607228456,S3,US,selective_v2_compact,0,6,0,1,0,0,12,6,0,6,0.06098385500007453,45,3,15,13,122,117,0.061419031000014,0,118,118,118,85,1,1,60,1,0,0.12430171600004769
s1_1000,S1-294128890,S2,US,selective_v2_compact,0,6,0,0,2,0,11,6,0,4,0.12706245900000113,36,1,12,12,99,95,0.12748432500001172,0,95,95,95,84,1,1,60,3,0,0.18220903500002805
s1_1000,S1-294128890,S3,US,selective_v2_compact,0,6,2,1,0,0,17,4,0,4,0.1257426030000488,36,3,20,8,137,131,0.12608291999998755,0,131,131,131,81,1,1,60,1,0,0.20217155399996045
s1_1000,S1-324330374,S2,India,selective_v2_compact,0,6,1,1,0,0,12,5,0,5,0.05365748599996323,55,6,18,12,210,142,0.054191706999972666,1,197,196,197,89,1,1,60,2,1,0.16565847499998654
s1_1000,S1-324330374,S3,India,selective_v2_compact,0,6,2,1,0,0,15,4,0,4,0.04353928000000451,55,1,16,10,236,170,0.044073980000007396,0,233,233,233,78,1,1,60,1,0,0.17416477799997665
s1_1000,S1-876046208,S2,US,selective_v2_compact,0,6,0,1,0,0,5,6,0,6,0.03250710699995807,28,0,5,14,255,106,0.0328842729999792,1,217,216,217,111,1,1,60,2,1,0.14232612600000039
s1_1000,S1-876046208,S3,US,selective_v2_compact,0,6,0,1,0,0,5,6,0,6,0.03516397800012783,28,0,5,14,285,107,0.03554583300001468,3,240,237,240,113,1,1,60,3,3,0.16189181199996483
s1_1000,S1-2775762,S2,India,selective_v2_compact,0,6,1,1,0,0,24,5,0,5,0.21326659300007123,120,6,30,10,109,107,0.21430895600002486,3,107,107,110,80,1,1,60,1,3,0.27877171799997313
s1_1000,S1-2775762,S3,India,selective_v2_compact,0,6,0,0,0,0,20,6,1,5,0.08810420300005717,120,3,23,12,110,96,0.08915207600000485,8,97,96,104,80,1,1,60,3,8,0.14986185899999782
s1_1000,S1-912112234,S2,India,selective_v2_compact,0,6,0,0,0,0,43,6,1,5,0.1497215370001186,120,21,64,13,111,53,0.1504122399999801,1,98,97,98,89,1,1,60,1,1,0.20327065300000413
s1_1000,S1-912112234,S3,India,selective_v2_compact,0,6,0,0,0,0,41,6,2,4,0.12036511300004804,120,10,51,13,97,32,0.12114617200001021,0,81,81,81,68,1,1,60,2,0,0.17168110500000466
s1_1000,S1-874610060,S2,US,selective_v2_compact,0,6,3,1,0,0,8,3,0,3,0.03911352000005763,36,1,9,7,335,116,0.03955518499998334,1,326,325,326,77,1,1,60,4,1,0.21656444800004238
s1_1000,S1-874610060,S3,US,selective_v2_compact,0,6,0,0,0,0,8,6,1,5,0.03843374600006655,36,1,9,13,278,42,0.03883766699999569,2,265,263,265,82,1,1,60,3,2,0.17803131700003405
s1_1000,S1-525927764,S2,India,selective_v2_compact,0,6,0,0,0,0,34,6,0,6,0.200673557000016,120,28,62,12,66,53,0.2013464289999547,0,53,53,53,53,0,0,53,2,0,0.23221457700003612
s1_1000,S1-525927764,S3,India,selective_v2_compact,0,6,0,0,0,0,35,6,1,5,0.060113301000114916,120,21,56,12,52,46,0.060845252999968125,0,46,46,46,46,0,0,46,2,0,0.08904534300000932
s1_1000,S1-856303483,S2,India,selective_v2_compact,0,6,4,1,0,0,20,2,0,2,0.020481507999988935,55,15,35,5,136,104,0.020798440999953982,0,132,132,132,82,1,1,60,2,0,0.08922410400003855
s1_1000,S1-856303483,S3,India,selective_v2_compact,0,6,1,1,0,0,20,5,0,5,0.025207734999980858,55,15,35,11,163,135,0.025558396999997512,0,156,156,156,82,1,1,60,1,0,0.10786386799998127
s1_1000,S1-325932018,S2,US,selective_v2_compact,0,6,0,0,0,0,0,6,0,6,0.04734238999992613,15,0,0,13,81,41,0.047620924000000286,2,57,55,57,57,0,0,57,1,2,0.08435709600001928
s1_1000,S1-325932018,S3,US,selective_v2_compact,0,6,0,0,0,0,0,6,0,6,0.04459857500000908,21,0,0,16,158,56,0.04497118000000455,2,125,123,125,78,1,1,60,2,2,0.11867038000002594
s1_1000,S1-822391359,S2,US,selective_v2_compact,0,6,0,0,2,0,6,6,1,3,0.013225740999985192,36,1,7,13,16,1,0.013571728000044914,1,10,9,10,10,0,0,10,3,1,0.02488829600002873
s1_1000,S1-822391359,S3,US,selective_v2_compact,0,6,0,0,1,0,10,6,0,5,0.022330586999999014,36,3,13,13,102,77,0.02267583499997272,0,90,90,90,86,1,1,60,3,0,0.07363492899997937
s1_1000,S1-774181170,S2,India,selective_v2_compact,0,6,1,1,2,0,15,5,1,2,0.026294804999963617,36,3,18,11,169,168,0.026644602000033046,0,169,169,169,80,1,1,60,1,0,0.1092128070000058
s1_1000,S1-774181170,S3,India,selective_v2_compact,0,6,2,1,0,0,15,4,0,4,0.009706106000066939,36,3,18,9,116,109,0.01002455100001498,2,113,111,113,79,1,1,60,1,2,0.07143303000003698
s1_1000,S1-22215156,S2,US,selective_v2_compact,0,6,2,1,1,0,4,4,0,3,0.008349701999975423,36,0,4,9,231,149,0.008788918999982798,1,225,224,225,81,1,1,60,1,1,0.07081451899995272
s1_1000,S1-22215156,S3,US,selective_v2_compact,0,6,0,0,0,0,8,6,1,5,0.027152233999970576,36,1,9,13,168,78,0.027546545000006972,0,155,155,155,105,1,1,60,2,0,0.09911089299998821
s1_1000,S1-615231492,S2,US,selective_v2_compact,0,6,0,0,0,0,5,6,0,6,0.013789088999942578,36,3,8,13,104,20,0.014217308000013418,1,95,94,95,60,1,0,60,1,1,0.05950596200000291
s1_1000,S1-615231492,S3,US,selective_v2_compact,0,6,0,0,1,0,6,6,0,5,0.016157716000066102,36,3,9,13,91,12,0.016502871999989566,0,85,85,85,52,0,0,52,2,0,0.06930551499999638
s1_1000,S1-294036444,S2,US,selective_v2_compact,0,6,0,0,3,0,12,6,0,3,0.11767236899999034,55,1,13,12,45,44,0.11818417300003148,1,45,44,45,45,0,0,45,1,1,0.13944202399994765
s1_1000,S1-294036444,S3,US,selective_v2_compact,0,6,0,1,0,0,19,6,0,6,0.12032633699988082,55,3,22,12,175,166,0.12083942900000011,0,166,166,166,91,1,1,60,1,0,0.20747854999996207
s1_1000,S1-850721810,S2,India,selective_v2_compact,0,6,2,1,0,0,20,4,0,4,0.0737306909999802,78,3,23,10,179,110,0.07438184900001943,0,176,176,176,107,1,1,60,0,0,0.17011010599998144
s1_1000,S1-850721810,S3,India,selective_v2_compact,0,6,0,0,2,0,18,6,1,3,0.10222516000004589,78,0,18,14,134,83,0.1029265070000065,0,132,132,132,102,1,1,60,2,0,0.16790096699998003
s1_1000,S1-113429852,S2,US,selective_v2_compact,0,6,0,0,1,0,8,6,0,5,0.04030087600000343,28,1,9,13,132,54,0.040629959000000326,118,117,116,234,135,1,1,60,1,45,0.15260459000000992
s1_1000,S1-113429852,S3,US,selective_v2_compact,0,6,0,0,1,0,5,6,0,5,0.05734127100004116,28,6,11,13,164,88,0.057703277000030084,112,152,145,257,139,1,1,60,2,46,0.1791309710000064
s1_1000,S1-804056563,S2,India,selective_v2_compact,0,6,1,1,0,0,32,5,0,5,0.18773247200005017,105,15,47,11,194,150,0.18847591799999464,5,179,179,184,115,1,1,60,2,5,0.2878071929999919
s1_1000,S1-804056563,S3,India,selective_v2_compact,0,6,0,0,0,0,28,6,1,5,0.02159512899999072,105,15,43,13,68,25,0.02224855600002229,13,54,54,67,67,1,1,60,1,13,0.05999982100001944
s1_1000,S1-337477995,S2,India,selective_v2_compact,0,6,0,0,2,0,29,6,2,2,0.05498695399995768,78,15,44,12,23,23,0.05541274800003748,0,23,23,23,23,0,0,23,0,0,0.07331250700002556
s1_1000,S1-337477995,S3,India,selective_v2_compact,0,6,1,1,0,0,31,5,1,4,0.26677427900006023,78,6,37,10,169,156,0.26734418000000915,1,157,156,157,57,0,0,57,4,1,0.3531330980000007
s1_1000,S1-923720466,S2,India,selective_v2_compact,0,6,2,1,1,0,28,4,0,3,0.06011630999995532,55,3,31,8,102,102,0.060536743000000115,0,102,102,102,48,0,0,48,0,0,0.11569555099998752
s1_1000,S1-923720466,S3,India,selective_v2_compact,0,6,1,1,0,0,23,5,0,5,0.19580737300003648,55,1,24,10,142,129,0.1962757900000156,2,131,129,131,43,0,0,43,2,2,0.2666159089999951
s1_1000,S1-109291552,S2,US,selective_v2_compact,0,6,1,1,0,0,8,5,0,5,0.1413293009999279,28,1,9,10,222,216,0.14178203699998448,1,217,216,217,64,1,1,60,2,1,0.26158048100000997
s1_1000,S1-109291552,S3,US,selective_v2_compact,0,6,1,1,0,0,8,5,0,5,0.1417898509999418,28,1,9,10,218,213,0.14224997700000586,0,213,213,213,60,1,0,60,1,0,0.2452192160000095
s1_1000,S1-832856617,S2,US,selective_v2_compact,0,6,1,1,2,0,6,5,0,3,0.061545891999969626,21,1,7,11,407,162,0.06188343299999133,7,407,400,407,120,1,1,60,0,7,0.267859269999974
s1_1000,S1-832856617,S3,US,selective_v2_compact,0,6,1,1,0,0,6,5,0,5,0.056678315000056045,21,1,7,10,202,186,0.05701688099998137,9,195,186,195,79,1,1,60,3,9,0.1624410809999972
s1_1000,S1-854476336,S2,US,selective_v2_compact,0,6,1,1,1,0,11,5,1,3,0.02071857299995372,36,1,12,11,353,146,0.021160752000014327,35,346,345,380,114,1,1,60,2,35,0.21885577699998748
s1_1000,S1-854476336,S3,US,selective_v2_compact,0,6,1,1,0,0,9,5,1,4,0.019317566000040642,36,3,12,11,332,140,0.019723849999991216,38,321,320,358,115,1,1,60,2,38,0.20284488499999043
s1_1000,S1-934968490,S2,India,selective_v2_compact,0,6,0,0,1,0,8,6,1,4,0.07481898999998293,120,0,8,14,104,44,0.0759794659999784,0,97,97,97,79,1,1,60,3,0,0.13803690399998914
s1_1000,S1-934968490,S3,India,selective_v2_compact,0,6,0,0,2,0,1,6,1,3,0.055083425000020725,120,0,1,15,147,78,0.05627000799995585,0,145,145,145,80,1,1,60,0,0,0.13562224300000025
s1_1000,S1-121693037,S2,India,selective_v2_compact,0,6,2,1,0,0,38,4,0,4,0.1711540470000159,105,15,53,9,133,123,0.17184370300003593,0,130,130,130,42,0,0,42,0,0,0.2493633010000167
s1_1000,S1-121693037,S3,India,selective_v2_compact,0,6,2,1,0,0,41,4,0,4,0.1964101840000012,105,10,51,9,110,105,0.19707623600004354,0,108,108,108,41,0,0,41,0,0,0.26786398699999836
s1_1000,S1-542540887,S2,US,selective_v2_compact,0,6,0,0,0,0,5,6,0,6,0.08796891600002255,45,1,6,13,86,61,0.08845525399999588,1,66,65,66,61,1,1,60,4,1,0.1270450480000136
s1_1000,S1-542540887,S3,US,selective_v2_compact,0,6,0,0,1,0,6,6,0,5,0.07662095199998475,45,1,7,14,110,57,0.07712476200003948,1,97,96,97,79,1,1,60,1,1,0.13473675900002036
s1_1000,S1-706889130,S2,US,selective_v2_compact,0,6,2,1,0,0,10,4,1,3,0.03922575599995071,28,1,11,8,158,158,0.03954487000004292,17,158,158,175,81,1,1,60,2,17,0.13291331200002787
s1_1000,S1-706889130,S3,US,selective_v2_compact,0,6,2,1,0,0,11,4,1,3,0.03310000800001944,28,1,12,8,160,156,0.03341564100003325,16,156,156,172,89,1,1,60,1,16,0.11539732500000355
s1_1000,S1-587051623,S2,US,selective_v2_compact,0,6,0,0,0,0,10,6,0,6,0.04039760000006254,28,3,13,13,35,11,0.04067312399996581,0,21,21,21,21,0,0,21,1,0,0.0561592099999757
s1_1000,S1-587051623,S3,US,selective_v2_compact,0,6,0,0,1,0,10,6,0,5,0.040537372999892796,28,3,13,13,30,18,0.04079578100004255,0,23,23,23,23,0,0,23,1,0,0.05428928800000676
s1_1000,S1-648916840,S2,US,selective_v2_compact,0,6,0,0,0,0,5,6,0,6,0.01722985199995719,28,3,8,12,102,93,0.01755456400002231,1,94,93,94,58,0,0,58,2,1,0.06795064200002798
s1_1000,S1-648916840,S3,US,selective_v2_compact,0,6,0,0,1,0,5,6,0,5,0.01720881599999302,28,3,8,12,94,90,0.017557732000000215,0,90,90,90,60,1,0,60,1,0,0.06371736599999167
s1_1000,S1-216234074,S2,India,selective_v2_compact,0,6,2,1,1,0,3,4,0,3,0.04339995599997337,66,10,13,11,125,102,0.044063940999990336,2,119,117,119,79,1,1,60,2,2,0.11420099600002231
s1_1000,S1-216234074,S3,India,selective_v2_compact,0,6,2,1,1,0,7,4,0,3,0.22411432699999523,66,3,10,11,164,141,0.2247756529999947,0,160,160,160,86,1,1,60,1,0,0.3140904809999938
s1_1000,S1-4179197,S2,India,selective_v2_compact,0,6,0,0,0,0,15,6,0,6,0.24293360800004393,55,3,18,14,120,89,0.24348749400002134,1,99,98,99,70,1,1,60,2,1,0.29764805799999294
s1_1000,S1-4179197,S3,India,selective_v2_compact,0,6,1,1,2,0,10,5,0,3,0.22573140799994462,45,1,11,11,110,105,0.22624384199997394,0,110,110,110,78,1,1,60,0,0,0.28851146599998856
s1_1000,S1-874853634,S2,India,selective_v2_compact,0,6,0,0,0,0,32,6,1,5,0.036570963000087886,120,36,68,14,78,9,0.037176224999996066,2,66,64,66,66,1,1,60,1,2,0.07835790600000792
s1_1000,S1-874853634,S3,India,selective_v2_compact,0,6,0,0,1,0,32,6,1,4,0.0334329649999745,120,36,68,14,64,11,0.03403930000001765,1,61,60,61,61,1,1,60,2,1,0.07016972900004248
s1_1000,S1-830938274,S2,India,selective_v2_compact,0,6,0,1,0,0,13,6,1,5,0.13885032899997896,55,6,19,13,218,187,0.13943539000001692,1,205,204,205,79,1,1,60,2,1,0.2517846769999892
s1_1000,S1-830938274,S3,India,selective_v2_compact,0,6,0,0,0,0,15,6,1,5,0.13926703700008147,55,3,18,13,79,53,0.13977667800003246,3,73,73,76,63,1,1,60,1,3,0.18253101499999502
s1_1000,S1-669173899,S2,India,selective_v2_compact,0,6,3,1,0,0,50,3,0,3,0.138208016999954,91,21,71,6,161,159,0.1386121179999691,6,159,159,165,74,1,1,60,2,6,0.22503893599997582
s1_1000,S1-669173899,S3,India,selective_v2_compact,0,6,3,1,0,0,52,3,0,3,0.14784119700004794,91,10,62,6,120,119,0.14828977500002338,8,119,119,127,84,1,1,60,0,8,0.2185244230000194
s1_1000,S1-890514147,S2,US,selective_v2_compact,0,6,0,0,3,0,2,6,0,3,0.007578612000031626,21,1,3,13,99,95,0.007884512000032373,0,99,99,99,51,0,0,51,0,0,0.0581874350000362
s1_1000,S1-890514147,S3,US,selective_v2_compact,0,6,1,1,1,0,3,5,0,4,0.009163751000073717,21,1,4,11,172,164,0.009537882999950398,1,168,167,168,78,1,1,60,1,1,0.09644418400000632
s1_1000,S1-977938386,S2,India,selective_v2_compact,0,6,1,1,0,0,32,5,1,4,0.10690688399989767,120,6,38,11,156,109,0.10782184900000402,1,140,139,140,73,1,1,60,4,1,0.17950490900000204
s1_1000,S1-977938386,S3,India,selective_v2_compact,0,6,1,1,0,0,27,5,0,5,0.092451638,120,3,30,11,180,132,0.09344169799999236,0,174,174,174,85,1,1,60,3,0,0.18573651899998822
s1_1000,S1-360570474,S2,India,selective_v2_compact,0,6,0,0,0,0,16,6,0,6,0.06666728100003638,78,1,17,14,89,45,0.0673516340000333,2,77,75,77,75,1,1,60,2,2,0.11531921099998499
s1_1000,S1-360570474,S3,India,selective_v2_compact,0,6,0,0,0,0,11,6,1,5,0.024458359999982804,78,1,12,14,54,3,0.025207741000031092,1,37,36,37,37,0,0,37,2,1,0.05520157600000175
s1_1000,S1-979234942,S2,US,selective_v2_compact,0,6,1,1,0,0,4,5,0,5,0.04391050700002097,21,1,5,11,277,114,0.044227055999954246,1,272,271,272,112,1,1,60,2,1,0.17884691899996596
s1_1000,S1-979234942,S3,US,selective_v2_compact,0,6,1,1,0,0,4,5,0,5,0.055764009999847985,21,1,5,11,305,135,0.056131376999985605,2,291,289,291,109,1,1,60,4,2,0.202157915999976
s1_1000,S1-961832806,S2,India,selective_v2_compact,0,6,0,0,2,0,5,6,0,4,0.1889362100000085,45,15,20,14,91,32,0.18937112600002592,1,82,81,82,66,1,1,60,1,1,0.23815746700000773
s1_1000,S1-961832806,S3,India,selective_v2_compact,0,6,0,0,3,0,11,6,1,2,0.1439138619999767,45,6,17,14,95,29,0.1443045350000034,0,87,87,87,70,1,1,60,0,0,0.18767418999999563
s1_1000,S1-74403263,S2,India,selective_v2_compact,0,6,0,0,0,0,3,6,0,6,0.074181641999985,66,3,6,14,73,31,0.07484428399999388,1,67,66,67,48,0,0,48,1,1,0.12194363800000474
s1_1000,S1-74403263,S3,India,selective_v2_compact,0,6,0,0,1,0,4,6,1,4,0.032408209999971405,66,0,4,14,51,7,0.033071317000008094,0,43,43,43,40,0,0,40,1,0,0.06263918100000865
s1_1000,S1-411939618,S2,India,selective_v2_compact,0,6,2,1,0,0,17,4,0,4,0.06689494899995907,66,21,38,9,291,234,0.067416221999963,0,279,279,279,97,1,1,60,1,0,0.21890204300001415
s1_1000,S1-411939618,S3,India,selective_v2_compact,0,6,2,1,1,0,20,4,0,3,0.04317522500002724,66,15,35,9,224,194,0.04367100500002152,0,223,223,223,87,1,1,60,1,0,0.15685158399998045
s1_1000,S1-452329998,S2,India,selective_v2_compact,0,6,0,1,0,0,35,6,1,5,0.040066324000008535,120,6,41,12,123,119,0.04099783800000978,1,119,119,120,73,1,1,60,2,1,0.11035451399999374
s1_1000,S1-452329998,S3,India,selective_v2_compact,0,6,0,1,0,0,28,6,1,5,0.14336607400002777,120,3,31,12,176,168,0.14439588799996272,5,169,168,173,85,1,1,60,1,5,0.21936289900003203
s1_1000,S1-159760349,S2,US,selective_v2_compact,0,6,0,0,0,0,1,6,0,6,0.02335075700005973,21,0,1,13,77,11,0.023684652999975242,1,66,65,66,51,0,0,51,2,1,0.06136971600000152
s1_1000,S1-159760349,S3,US,selective_v2_compact,0,6,0,0,0,0,1,6,0,6,0.021571374000018295,21,0,1,12,19,15,0.021920272999977897,0,15,15,15,15,0,0,15,2,0,0.0328949190000003
s1_1000,S1-378702310,S2,India,selective_v2_compact,0,6,0,0,2,0,31,6,0,4,0.12657654699984278,105,6,37,14,101,81,0.12737623200001735,4,93,93,97,64,1,1,60,2,4,0.17974704499999916
s1_1000,S1-378702310,S3,India,selective_v2_compact,0,6,0,0,4,0,27,6,0,2,0.053716120000046885,105,3,30,14,76,62,0.05455858300001637,8,76,76,84,63,1,1,60,3,8,0.10166650299998992
s1_1000,S1-14088765,S2,India,selective_v2_compact,0,6,2,1,0,0,30,4,0,4,0.049639313999989554,120,10,40,10,163,126,0.05049100000002227,0,156,156,156,95,1,1,60,2,0,0.13708327700004475
s1_1000,S1-14088765,S3,India,selective_v2_compact,0,6,2,1,0,0,29,4,0,4,0.055466741000032016,120,3,32,11,211,135,0.05640648600001441,0,200,200,200,101,1,1,60,1,0,0.16062234999998282
s1_1000,S1-245808112,S2,US,selective_v2_compact,0,6,0,0,0,0,0,6,0,6,0.035289706000014576,10,0,0,12,57,35,0.035507122000012714,6,38,35,41,41,0,0,41,3,6,0.05688525700003311
s1_1000,S1-245808112,S3,US,selective_v2_compact,0,6,0,0,0,0,0,6,0,6,0.03845424900003991,10,0,0,12,59,48,0.03867177399996535,4,49,48,52,43,0,0,43,2,4,0.0632108909999829
s1_1000,S1-522925958,S2,US,selective_v2_compact,0,6,0,0,0,0,4,6,0,6,0.016649806000032186,28,1,5,14,77,5,0.01695628099997748,1,57,56,57,44,0,0,44,3,1,0.05568608800001584
s1_1000,S1-522925958,S3,US,selective_v2_compact,0,6,0,0,0,0,4,6,0,6,0.012962387000072795,28,1,5,14,61,1,0.013272771000004013,0,46,46,46,42,0,0,42,2,0,0.04489680099999305
s1_1000,S1-409923771,S2,US,selective_v2_compact,0,6,0,1,0,0,5,6,0,6,0.2719006539999782,21,1,6,14,403,114,0.27229969400002574,2,378,376,378,101,1,1,60,2,2,0.453385830000002
s1_1000,S1-409923771,S3,US,selective_v2_compact,0,6,1,1,0,0,5,5,0,5,0.26928845599996976,21,1,6,11,328,124,0.26967060400005494,2,309,307,309,98,1,1,60,2,2,0.4070669039999757
s1_1000,S1-819898078,S2,US,selective_v2_compact,0,6,1,1,1,0,12,5,0,4,0.025534815000014532,28,1,13,11,231,198,0.02587041499998577,0,225,225,225,82,1,1,60,1,0,0.12788623300002655
s1_1000,S1-819898078,S3,US,selective_v2_compact,0,6,0,1,2,4,13,6,0,4,0.020954138000035982,28,1,14,13,212,182,0.02126621900004011,0,208,208,208,103,1,1,60,0,0,0.1204438079999477
s1_1000,S1-725933863,S2,India,selective_v2_compact,0,6,2,1,0,0,28,4,0,4,0.03846794300000056,120,15,43,9,145,128,0.03930632799995237,1,141,140,141,52,0,0,52,1,1,0.11622702099998605
s1_1000,S1-725933863,S3,India,selective_v2_compact,0,6,0,0,1,0,36,6,0,5,0.10850895500004754,120,6,42,13,105,79,0.10939960799998971,0,98,98,98,66,1,1,60,1,0,0.16170872499998268
s1_1000,S1-115173411,S2,India,selective_v2_compact,0,6,2,1,1,0,14,4,0,3,0.07092456200007291,45,3,17,8,131,130,0.07136177099999941,0,130,130,130,78,1,1,60,2,0,0.1370788579999953
s1_1000,S1-115173411,S3,India,selective_v2_compact,0,6,0,1,0,0,13,6,1,5,0.26169756199999483,45,0,13,12,157,152,0.262223634999998,0,152,152,152,80,1,1,60,4,0,0.33222492700002704
s1_1000,S1-324695988,S2,US,selective_v2_compact,0,6,1,1,0,0,3,5,0,5,0.04165526799999952,15,0,3,10,146,140,0.04200142799999185,2,141,140,142,82,1,1,60,2,2,0.11182864300002393
s1_1000,S1-324695988,S3,US,selective_v2_compact,0,6,1,1,1,0,3,5,0,4,0.056231407000041145,15,0,3,10,195,195,0.056572090999964075,1,195,195,196,82,1,1,60,1,1,0.15444818399998894
s1_1000,S1-10393601,S2,US,selective_v2_compact,0,6,0,1,0,0,3,6,2,4,0.08638224799994987,28,0,3,12,207,145,0.08682669399996712,50,195,145,195,97,1,1,60,4,42,0.18152545200001668
s1_1000,S1-10393601,S3,US,selective_v2_compact,0,6,0,1,0,0,5,6,2,4,0.08029290399997535,28,0,5,12,224,186,0.08073711299999786,35,221,186,221,112,1,1,60,2,35,0.19111535700000104
s1_1000,S1-296672331,S2,India,selective_v2_compact,0,6,0,0,0,0,43,6,1,5,0.03118949600002452,120,15,58,13,77,50,0.031881813999973474,6,65,65,71,67,1,1,60,1,6,0.07467240699998001
s1_1000,S1-296672331,S3,India,selective_v2_compact,0,6,0,0,0,0,38,6,3,3,0.057820617000004404,120,15,53,13,21,0,0.05851102099995842,4,14,13,17,17,0,0,17,2,4,0.07587920399998893
s1_1000,S1-897779097,S2,India,selective_v2_compact,0,6,1,1,0,0,30,5,0,5,0.05531406199997946,105,10,40,11,181,157,0.05613433100000975,1,162,161,162,50,0,0,50,4,1,0.14396827699999903
s1_1000,S1-897779097,S3,India,selective_v2_compact,0,6,1,1,0,0,28,5,0,5,0.05071713899997121,105,6,34,11,207,201,0.05157473799999934,0,202,202,202,79,1,1,60,1,0,0.15550041099999135
s1_1000,S1-277198482,S2,India,selective_v2_compact,0,6,1,1,0,0,29,5,0,5,0.09161736000004339,66,6,35,10,139,128,0.09207011699999157,3,130,128,131,87,1,1,60,3,3,0.13903540400002612
s1_1000,S1-277198482,S3,India,selective_v2_compact,0,6,2,1,0,0,25,4,0,4,0.10338233799996033,66,1,26,8,122,117,0.10389531399999896,1,117,117,118,79,1,1,60,1,1,0.16267680399994333
s1_1000,S1-996291067,S2,India,selective_v2_compact,0,5,0,0,1,10,18,5,1,3,0.00767162999983384,78,45,63,11,41,29,0.007884321999995336,1,32,32,33,33,0,0,33,3,1,0.027802601000018967
s1_1000,S1-996291067,S3,India,selective_v2_compact,0,3,0,0,0,0,18,3,2,1,0.1434301499999151,66,45,63,6,38,38,0.14355957199995828,0,38,38,38,38,0,0,38,0,0,0.1660277400000041
s1_1000,S1-108923390,S2,US,selective_v2_compact,0,6,2,1,0,1,2,4,0,4,0.015205487999935485,10,0,2,8,105,101,0.01541958800004295,1,102,101,102,79,1,1,60,3,1,0.06339358000002449
s1_1000,S1-108923390,S3,US,selective_v2_compact,0,6,3,1,1,1,2,3,0,2,0.013027794999970865,10,0,2,6,122,120,0.013242714000000433,1,121,120,121,78,1,1,60,1,1,0.07626055500003304
s1_1000,S1-264329856,S2,India,selective_v2_compact,0,6,0,0,0,0,38,6,1,5,0.052437777000022834,105,10,48,12,52,45,0.053120778999982576,1,45,45,46,46,0,0,46,2,1,0.07750721600001498
s1_1000,S1-264329856,S3,India,selective_v2_compact,0,6,0,0,0,0,38,6,1,5,0.04690592500008961,105,10,48,12,45,41,0.04754732199995715,1,41,41,42,42,0,0,42,1,1,0.07265521599998692
s1_1000,S1-387200680,S2,India,selective_v2_compact,0,6,0,1,1,0,29,6,0,5,0.1213540310000667,105,15,44,12,157,152,0.12211019599999418,5,152,152,157,85,1,1,60,1,5,0.19984313500003736
s1_1000,S1-387200680,S3,India,selective_v2_compact,0,6,1,1,0,0,32,5,0,5,0.14649732799995263,105,10,42,10,130,126,0.14732332699998096,11,126,126,137,88,1,1,60,2,11,0.2099404460000187
s1_1000,S1-549608257,S2,US,selective_v2_compact,0,6,3,1,0,0,0,3,0,3,0.028977299999951356,15,0,0,6,156,151,0.029281975000003513,40,153,151,191,106,1,1,60,3,40,0.11587587899998653
s1_1000,S1-549608257,S3,US,selective_v2_compact,0,6,0,0,0,0,1,6,1,5,0.027081480999981977,15,0,1,12,38,28,0.027327920000004724,44,28,28,72,69,1,1,60,3,41,0.06308823699998811
s1_1000,S1-761867539,S2,US,selective_v2_compact,0,6,0,0,2,0,0,6,2,2,0.028182002000050943,36,0,0,14,48,11,0.028595900999960122,1,28,28,29,29,0,0,29,2,1,0.04978934199999685
s1_1000,S1-761867539,S3,US,selective_v2_compact,0,6,2,1,1,0,4,4,1,2,0.029702423000060207,36,1,5,10,187,131,0.03012956300000269,0,157,157,157,40,0,0,40,2,0,0.10720085199994855
s1_1000,S1-908747670,S2,US,selective_v2_compact,0,6,0,1,2,0,3,6,0,4,0.03171957100005329,28,0,3,12,181,143,0.03212390300001289,36,179,143,179,89,1,1,60,2,36,0.11506630499997073
s1_1000,S1-908747670,S3,US,selective_v2_compact,0,6,1,1,0,0,6,5,0,5,0.038175444999978936,28,1,7,10,161,156,0.03856820800001515,45,156,156,201,102,1,1,60,1,41,0.1397893280000062
s1_1000,S1-770172704,S2,US,selective_v2_compact,0,6,0,0,0,0,4,6,0,6,0.05836960499993893,21,0,4,13,236,93,0.05873031099997661,2,226,224,226,105,1,1,60,2,2,0.17044871100000591
s1_1000,S1-770172704,S3,US,selective_v2_compact,0,6,0,0,0,0,4,6,0,6,0.14085473199992293,21,0,4,13,255,97,0.14121326500003306,1,244,243,244,116,1,1,60,2,1,0.2622018619999835
s1_1000,S1-335715642,S2,India,selective_v2_compact,0,6,0,0,2,0,22,6,2,2,0.060863105999999334,78,21,43,13,20,8,0.06127757899997732,0,19,19,19,19,0,0,19,1,0,0.07553444000001264
s1_1000,S1-335715642,S3,India,selective_v2_compact,0,6,0,0,0,0,31,6,2,4,0.0841419109999606,78,10,41,13,27,5,0.08460604999999077,0,20,20,20,20,0,0,20,3,0,0.09732257199999594
s1_1000,S1-369919932,S2,India,selective_v2_compact,0,6,0,0,0,0,21,6,1,5,0.05948343099993281,78,3,24,12,62,60,0.06010558099995933,0,60,60,60,58,0,0,58,1,0,0.09633232699997052
s1_1000,S1-369919932,S3,India,selective_v2_compact,0,6,2,1,0,0,19,4,0,4,0.025989031000051455,78,3,22,8,144,134,0.026665610999998535,2,136,134,136,48,0,0,48,4,2,0.09626704800001562
s1_1000,S1-97828965,S2,India,selective_v2_compact,0,6,3,1,0,0,46,3,0,3,0.01857562200001439,105,21,67,6,104,104,0.019030085999986568,1,104,104,105,63,1,1,60,0,1,0.07485141600000134
s1_1000,S1-97828965,S3,India,selective_v2_compact,0,6,2,1,0,0,43,4,0,4,0.019819218000009187,105,15,58,8,153,150,0.020477341999992404,4,150,150,154,93,1,1,60,2,4,0.09206169100002626
s1_1000,S1-967811540,S2,US,selective_v2_compact,0,6,0,0,2,0,1,6,0,4,0.021455014999958166,45,1,2,13,45,37,0.02195032499997751,0,40,40,40,40,0,0,40,2,0,0.04498757999999725
s1_1000,S1-967811540,S3,US,selective_v2_compact,0,6,2,1,0,0,2,4,0,4,0.024090009999952144,45,3,5,9,113,104,0.024578593999990517,1,108,107,108,66,1,1,60,2,1,0.07721651299999621
s1_1000,S1-160353666,S2,India,selective_v2_compact,0,6,1,1,0,0,11,5,0,5,0.05323288200003162,78,3,14,11,142,108,0.053972693000048366,5,123,118,123,71,1,1,60,3,5,0.12166731999997182
s1_1000,S1-160353666,S3,India,selective_v2_compact,0,6,0,0,0,0,8,6,0,6,0.05026494700001649,78,1,9,14,117,57,0.05100294499999336,0,101,101,101,56,0,0,56,0,0,0.10465441399998099
s1_1000,S1-32625238,S2,US,selective_v2_compact,0,6,0,0,0,0,11,6,0,6,0.08567922799994676,36,1,12,12,91,82,0.0860552649999704,1,83,82,83,73,1,1,60,1,1,0.1325883929999918
s1_1000,S1-32625238,S3,US,selective_v2_compact,0,6,0,0,0,0,11,6,0,6,0.07777693200006297,36,1,12,12,101,91,0.07815968099998827,2,93,91,93,78,1,1,60,2,2,0.12116586000001917
s1_1000,S1-529683926,S2,India,selective_v2_compact,0,6,0,0,1,0,17,6,0,5,0.1556671030000416,66,1,18,14,45,32,0.15627618199999915,8,34,34,42,42,0,0,42,2,8,0.18597553799997968
s1_1000,S1-529683926,S3,India,selective_v2_compact,0,6,0,0,0,0,15,6,2,4,0.19014785700005632,66,1,16,15,60,6,0.19072689600000103,9,44,44,53,53,0,0,53,2,9,0.22244688600000018
s1_1000,S1-783001297,S2,US,selective_v2_compact,0,6,1,1,0,0,12,5,0,5,0.127850020999972,36,3,15,10,143,134,0.12823967099996025,1,135,134,135,89,1,1,60,5,1,0.19424420799998643
s1_1000,S1-783001297,S3,US,selective_v2_compact,0,6,1,1,0,0,12,5,0,5,0.13835762600001544,36,3,15,10,154,146,0.1388148309999906,2,148,146,148,88,1,1,60,1,2,0.21764094400003842
s1_1000,S1-2577240,S2,India,selective_v2_compact,0,6,3,1,0,0,52,3,0,3,0.04603268700003582,91,10,62,6,117,117,0.04646139400000493,3,117,117,120,78,1,1,60,0,3,0.11010392899999033
s1_1000,S1-2577240,S3,India,selective_v2_compact,0,6,1,1,0,0,52,5,2,3,0.1647592009999812,91,10,62,10,127,124,0.16523575899998377,14,124,124,138,90,1,1,60,2,14,0.23296344499999577
s1_1000,S1-309250937,S2,US,selective_v2_compact,0,6,1,1,1,0,2,5,0,4,0.01223708199995599,28,0,2,11,289,145,0.012641588999997566,1,286,285,286,82,1,1,60,2,1,0.16114778500002558
s1_1000,S1-309250937,S3,US,selective_v2_compact,0,6,2,1,0,0,4,4,0,4,0.017206365000049573,28,1,5,9,294,133,0.01758358700004692,4,279,275,279,109,1,1,60,4,4,0.14356633099998817
s1_1000,S1-933907524,S2,US,selective_v2_compact,0,6,1,1,0,0,6,5,0,5,0.0780012160000183,28,3,9,11,370,147,0.07839600500000188,1,367,366,367,109,1,1,60,2,1,0.24755848600000263
s1_1000,S1-933907524,S3,US,selective_v2_compact,0,6,1,1,0,0,7,5,0,5,0.054059191000021656,28,3,10,10,148,143,0.054424030999996376,0,143,143,143,70,1,1,60,1,0,0.12052091699996481
s1_1000,S1-874706415,S2,India,selective_v2_compact,0,6,1,1,0,0,35,5,0,5,0.08198738700008334,91,21,56,11,138,114,0.0824850500000025,8,131,123,131,83,1,1,60,1,8,0.14666283499997235
s1_1000,S1-874706415,S3,India,selective_v2_compact,0,6,2,1,0,0,38,4,0,4,0.053350766999983534,91,15,53,9,190,173,0.05388430200002858,7,184,183,190,97,1,1,60,2,7,0.13923299600003247
s1_1000,S1-394191447,S2,India,selective_v2_compact,0,6,4,1,0,0,13,2,0,2,0.011471292999999605,66,10,23,5,138,104,0.011976011000001563,1,133,132,133,67,1,1,60,2,1,0.07957096300003741
s1_1000,S1-394191447,S3,India,selective_v2_compact,0,6,3,1,0,0,16,3,0,3,0.023941810999986046,66,6,22,7,194,126,0.024511555000003682,0,154,154,154,66,1,1,60,4,0,0.09802344700000276
s1_1000,S1-983260741,S2,India,selective_v2_compact,0,6,0,0,1,0,42,6,2,3,0.1527139169999714,120,10,52,13,74,35,0.15344029899995348,0,72,72,72,45,0,0,45,1,0,0.19459100199998147
s1_1000,S1-983260741,S3,India,selective_v2_compact,0,6,1,1,0,0,51,5,0,5,0.2967527710000013,120,3,54,10,147,136,0.2975503460000368,0,136,136,136,73,1,1,60,4,0,0.3638716780000095
s1_1000,S1-593018241,S2,US,selective_v2_compact,0,6,0,0,0,0,5,6,0,6,0.029220657000053052,28,1,6,13,320,98,0.029609840000034637,4,283,279,283,99,1,1,60,4,4,0.16656722599998375
s1_1000,S1-593018241,S3,US,selective_v2_compact,0,6,1,1,0,0,5,5,0,5,0.0344763430000512,28,1,6,11,371,108,0.03487334700002975,2,343,341,343,94,1,1,60,4,2,0.19359938100001273
s1_1000,S1-783328051,S2,US,selective_v2_compact,0,6,1,1,0,0,2,5,0,5,0.012582948999920518,15,0,2,10,149,112,0.012875697000026776,34,146,112,146,80,1,1,60,2,34,0.09042436700002554
s1_1000,S1-783328051,S3,US,selective_v2_compact,0,6,1,1,0,0,2,5,0,5,0.013100443000098494,15,0,2,10,152,114,0.013407143999984328,32,146,114,146,80,1,1,60,2,32,0.08280216299999665
s1_1000,S1-177322486,S2,India,selective_v2_compact,0,6,0,0,0,0,27,6,0,6,0.06288497899998902,105,15,42,13,30,1,0.06355040300002202,2,16,14,16,16,0,0,16,1,2,0.08140195099997527
s1_1000,S1-177322486,S3,India,selective_v2_compact,0,6,0,0,0,0,29,6,1,5,0.04725895300003913,105,10,39,14,38,0,0.04794006200000922,0,32,32,32,32,0,0,32,1,0,0.07232818400001406
s1_1000,S1-327512522,S2,US,selective_v2_compact,0,6,2,1,0,0,3,4,0,4,0.09387014600002885,21,0,3,8,107,104,0.09419294299999592,0,104,104,104,79,1,1,60,2,0,0.14204476200001181
s1_1000,S1-327512522,S3,US,selective_v2_compact,0,6,2,1,1,0,3,4,0,3,0.10467007800008332,21,0,3,8,116,112,0.10499070200000915,2,114,112,114,79,1,1,60,1,2,0.16615684999999303
s1_1000,S1-17973952,S2,US,selective_v2_compact,0,6,1,1,0,0,18,5,0,5,0.06031272899991791,55,3,21,12,172,142,0.06076841300000524,2,158,156,158,94,1,1,60,4,2,0.14158426899996357
s1_1000,S1-17973952,S3,US,selective_v2_compact,0,6,0,0,0,0,15,6,1,5,0.06601199400012092,55,6,21,14,60,39,0.06645739399999684,1,50,49,50,50,0,0,50,1,1,0.10052483599997686
s1_1000,S1-176434763,S2,US,selective_v2_compact,0,6,4,1,0,0,5,2,0,2,0.009332790999962981,21,0,5,4,123,121,0.00962916700001415,1,122,121,122,50,0,0,50,2,1,0.06686997200000633
s1_1000,S1-176434763,S3,US,selective_v2_compact,0,6,4,1,1,0,5,2,0,1,0.008877016999917942,21,0,5,4,135,134,0.009141494000004968,1,135,134,135,40,0,0,40,0,1,0.07535984400004736
s1_1000,S1-679399812,S2,US,selective_v2_compact,0,4,0,0,0,0,2,4,0,4,0.014448915000059515,6,0,2,8,96,93,0.014619701000015084,0,93,93,93,56,0,0,56,0,0,0.05739879500004008
s1_1000,S1-679399812,S3,US,selective_v2_compact,0,6,3,1,0,1,2,3,0,3,0.01701396900000418,10,0,2,8,104,100,0.017224566999971103,2,101,100,102,52,0,0,52,2,2,0.06713778200003162
s1_1000,S1-300656903,S2,India,selective_v2_compact,0,6,0,0,0,0,40,6,0,6,0.06836165200002142,120,28,68,13,67,42,0.06897924999998395,0,54,54,54,54,0,0,54,1,0,0.09972739899995986
s1_1000,S1-300656903,S3,India,selective_v2_compact,0,6,1,1,0,0,47,5,0,5,0.16648839899988843,120,15,62,11,135,108,0.1671699720000106,2,127,126,128,70,1,1,60,2,2,0.22422494100004542
s1_1000,S1-360481865,S2,India,selective_v2_compact,0,6,0,1,0,0,16,6,0,6,0.28597950500000024,55,6,22,13,168,138,0.2865217909999842,2,152,150,152,73,1,1,60,2,2,0.36096808999997165
s1_1000,S1-360481865,S3,India,selective_v2_compact,0,6,0,0,0,0,15,6,1,5,0.16990557400004036,55,3,18,13,106,70,0.17040389400000322,1,81,80,81,63,1,1,60,5,1,0.21517608099998142
s1_1000,S1-866296885,S2,India,selective_v2_compact,0,6,2,1,0,3,17,4,1,3,0.5963778560000037,45,15,32,8,177,170,0.5967613120000124,1,171,170,171,90,1,1,60,2,1,0.6767395420000071
s1_1000,S1-866296885,S3,India,selective_v2_compact,0,6,2,1,0,0,23,4,1,3,0.2611670559999766,45,6,29,8,120,116,0.2615234819999728,0,116,116,116,84,1,1,60,2,0,0.31595017400002234
s1_1000,S1-492142313,S2,India,selective_v2_compact,0,6,2,1,0,0,22,4,0,4,0.046057327000085024,55,1,23,8,119,116,0.04654039299998658,12,117,116,128,105,1,1,60,2,12,0.1040366589999735
s1_1000,S1-492142313,S3,India,selective_v2_compact,0,6,0,1,0,0,19,6,0,6,0.14121494700003723,55,1,20,12,159,155,0.1417960809999954,14,155,155,169,110,1,1,60,2,14,0.21984560399999964
s1_1000,S1-32315181,S2,US,selective_v2_compact,0,6,0,0,1,0,16,6,1,4,0.18002513000004683,45,6,22,12,102,79,0.18040544699999828,1,80,79,80,69,1,1,60,0,1,0.21824402099997542
s1_1000,S1-32315181,S3,US,selective_v2_compact,0,6,0,0,0,0,16,6,1,5,0.15176283100004184,45,6,22,12,89,69,0.15218778700000257,1,70,69,70,63,1,1,60,2,1,0.18521437599997626
s1_1000,S1-719837826,S2,US,selective_v2_compact,0,6,0,0,0,0,4,6,0,6,0.04736266300000125,28,6,10,14,110,73,0.04767779500002689,46,82,81,127,85,1,1,60,2,44,0.09899138399998719
s1_1000,S1-719837826,S3,US,selective_v2_compact,0,6,0,0,0,0,4,6,0,6,0.053832548000116276,28,6,10,14,114,82,0.05418296800002054,41,91,90,131,82,1,1,60,0,41,0.11410021500000767
s1_1000,S1-674250113,S2,US,selective_v2_compact,0,6,0,0,1,0,4,6,0,5,0.025044812000032834,28,0,4,13,190,29,0.02542219699995485,3,159,156,159,72,1,1,60,1,3,0.10210936099997525
s1_1000,S1-674250113,S3,US,selective_v2_compact,0,6,0,0,0,0,5,6,0,6,0.02697492700008297,28,0,5,13,228,38,0.027358771999956844,2,188,186,188,79,1,1,60,2,2,0.12089887299998736
s1_1000,S1-848273416,S2,US,selective_v2_compact,0,6,0,0,1,0,2,6,0,5,0.027434081000080823,28,1,3,12,56,48,0.027779214000020147,3,51,48,51,45,0,0,45,3,3,0.055699505000006866
s1_1000,S1-848273416,S3,US,selective_v2_compact,0,6,1,1,1,0,6,5,0,4,0.14055398499999683,28,3,9,10,114,110,0.14090794800000594,4,114,110,114,53,0,0,53,1,4,0.19251091900002848
s1_1000,S1-190595971,S2,US,selective_v2_compact,0,6,0,0,2,0,7,6,0,4,0.12929405699998142,55,1,8,15,153,58,0.129860108999992,1,143,142,143,98,1,1,60,2,1,0.1902598160000366
s1_1000,S1-190595971,S3,US,selective_v2_compact,0,6,0,0,1,0,13,6,1,4,0.03075392699997792,55,3,16,15,108,15,0.031190295999977025,0,62,62,62,58,0,0,58,1,0,0.06532985100000133
s1_1000,S1-712360582,S2,US,selective_v2_compact,0,6,0,0,0,0,5,6,0,6,0.08140580000002728,21,0,5,12,83,71,0.08175038199999562,1,72,71,72,71,1,1,60,2,1,0.11914585800002442
s1_1000,S1-712360582,S3,US,selective_v2_compact,0,6,0,0,0,0,5,6,0,6,0.08591603600001463,21,0,5,12,63,59,0.08625302199999396,0,59,59,59,59,0,0,59,2,0,0.12222878999995146
s1_1000,S1-866005166,S2,India,selective_v2_compact,0,6,0,1,0,0,28,6,1,5,0.07674233000000186,120,45,73,13,163,140,0.07734648500002095,0,153,153,153,71,1,1,60,2,0,0.14421793699995078
s1_1000,S1-866005166,S3,India,selective_v2_compact,0,6,3,1,0,0,40,3,0,3,0.05951935100000583,120,28,68,7,169,147,0.06018903199998249,0,166,166,166,73,1,1,60,0,0,0.14331805300002998
s1_1000,S1-210882477,S2,India,selective_v2_compact,0,6,2,1,0,0,29,4,1,3,0.09225799500006815,78,10,39,8,156,155,0.09280639100001054,4,155,155,159,83,1,1,60,2,4,0.1701600439999993
s1_1000,S1-210882477,S3,India,selective_v2_compact,0,6,3,1,0,0,28,3,0,3,0.04846151099997087,78,6,34,6,210,204,0.04910331299998916,11,206,204,215,89,1,1,60,2,11,0.14655684600000995
s1_1000,S1-372012424,S2,US,selective_v2_compact,0,6,0,0,1,0,3,6,0,5,0.022496885999998995,28,1,4,14,87,39,0.022842561999993904,0,59,59,59,59,0,0,59,1,0,0.051261988000021574
s1_1000,S1-372012424,S3,US,selective_v2_compact,0,6,0,0,3,0,3,6,0,3,0.021558683999955974,28,1,4,14,87,38,0.02189518299996962,0,59,59,59,59,0,0,59,1,0,0.0516540240000154
s1_1000,S1-577087021,S2,India,selective_v2_compact,0,6,0,0,2,0,11,6,0,4,0.020333685999901263,45,1,12,14,61,43,0.02081382900001927,3,52,49,52,52,0,0,52,2,3,0.050222710000014104
s1_1000,S1-577087021,S3,India,selective_v2_compact,0,6,0,0,0,0,10,6,0,6,0.03028335400006199,45,1,11,14,83,61,0.03073544699998365,13,67,67,80,77,1,1,60,3,13,0.07391574300004322
s1_1000,S1-852610124,S2,US,selective_v2_compact,0,6,1,1,0,0,10,5,0,5,0.04685193599999593,36,3,13,10,194,183,0.04731966999997894,6,189,183,189,79,1,1,60,3,6,0.12660839300002635
s1_1000,S1-852610124,S3,US,selective_v2_compact,0,6,3,1,0,0,12,3,0,3,0.043693454999981896,36,3,15,6,151,147,0.0440771780000091,3,148,147,150,82,1,1,60,1,3,0.10913633900003106
s1_1000,S1-109175675,S2,US,selective_v2_compact,0,6,0,0,0,0,3,6,0,6,0.014375400000005811,21,0,3,14,149,27,0.0146531839999966,2,121,119,121,80,1,1,60,3,2,0.06862177799996516
s1_1000,S1-109175675,S3,US,selective_v2_compact,0,6,0,0,0,0,3,6,0,6,0.013002908999965257,21,0,3,14,181,34,0.013317096000037054,2,137,135,137,80,1,1,60,5,2,0.08355943700001944
s1_1000,S1-867725816,S2,India,selective_v2_compact,0,6,1,1,0,0,32,5,0,5,0.10759067899999764,66,10,42,11,135,100,0.10802979600003937,3,120,117,120,101,1,1,60,2,3,0.1651603519999867
s1_1000,S1-867725816,S3,India,selective_v2_compact,0,6,0,1,0,0,34,6,0,6,0.06651428599997189,66,6,40,13,243,215,0.06700381899997865,3,234,231,234,99,1,1,60,1,3,0.16714323500002592
s1_1000,S1-454337849,S2,US,selective_v2_compact,0,6,3,1,0,0,6,3,0,3,0.030785781999952633,36,3,9,8,341,120,0.031212251999988894,1,334,333,334,83,1,1,60,2,1,0.18614021599995567
s1_1000,S1-454337849,S3,US,selective_v2_compact,0,6,3,1,0,0,7,3,0,3,0.02445203299998866,36,3,10,8,345,124,0.024865656999963903,1,339,338,339,83,1,1,60,2,1,0.18650178799998685
s1_1000,S1-211263556,S2,US,selective_v2_compact,0,6,2,1,1,0,17,4,0,3,0.0651233739999384,66,3,20,9,132,112,0.06568161000001282,0,131,131,131,77,1,1,60,1,0,0.12461328199998434
s1_1000,S1-211263556,S3,US,selective_v2_compact,0,6,2,1,0,0,18,4,0,4,0.07285229999996545,66,6,24,9,175,156,0.07341269800002692,0,170,170,170,74,1,1,60,2,0,0.16166514200000393
s1_1000,S1-997499468,S2,US,selective_v2_compact,0,6,0,1,1,0,2,6,1,4,0.06938522500007593,21,0,2,12,104,100,0.06975039299999253,1,101,100,101,51,0,0,51,3,1,0.11768172299997559
s1_1000,S1-997499468,S3,US,selective_v2_compact,0,6,3,1,0,0,3,3,0,3,0.08792641600001616,21,0,3,6,103,100,0.08823912999997674,1,101,100,101,40,0,0,40,3,1,0.14338282599999275
s1_1000,S1-429307554,S2,US,selective_v2_compact,0,6,1,1,0,0,3,5,0,5,0.04152626499995904,15,1,4,11,235,179,0.04183159900003375,2,227,225,227,89,1,1,60,1,2,0.14332962899999302
s1_1000,S1-429307554,S3,US,selective_v2_compact,0,6,0,0,0,0,3,6,0,6,0.04684378799998967,15,1,4,13,138,63,0.047117830999980015,3,123,120,123,78,1,1,60,2,3,0.10708866900000658
s1_1000,S1-815423969,S2,India,selective_v2_compact,0,6,0,1,0,0,23,6,1,5,0.38110350700003437,66,6,29,12,200,196,0.381700378000005,2,196,196,198,53,0,0,53,0,2,0.48037509599998884
s1_1000,S1-815423969,S3,India,selective_v2_compact,0,6,1,1,0,0,21,5,0,5,0.22610611900000777,66,3,24,10,165,165,0.2267660059999912,0,165,165,165,80,1,1,60,1,0,0.3108579550000172
s1_1000,S1-762754948,S2,US,selective_v2_compact,0,6,1,1,1,0,3,5,0,4,0.014336132999972051,15,1,4,11,150,143,0.01462068600000066,5,149,144,149,54,0,0,54,0,5,0.08252691699999559
s1_1000,S1-762754948,S3,US,selective_v2_compact,0,6,1,1,0,0,3,5,0,5,0.016596979999974337,15,1,4,11,161,155,0.016883240000026944,2,158,156,158,57,0,0,57,0,2,0.09193383799998855
s1_1000,S1-379677192,S2,US,selective_v2_compact,0,6,0,0,0,0,8,6,1,5,0.04765352300006498,36,0,8,12,35,30,0.04803188500000033,24,31,30,54,54,0,0,54,1,24,0.07419720299998289
s1_1000,S1-379677192,S3,US,selective_v2_compact,0,6,0,0,1,0,8,6,2,3,0.030421194999973977,36,0,8,12,59,59,0.030814427999985128,28,59,59,87,84,1,1,60,0,28,0.07822619199998826
s1_1000,S1-948932140,S2,US,selective_v2_compact,0,6,0,0,3,0,4,6,0,3,0.046004439999990154,36,0,4,14,170,6,0.04639624899999717,3,163,160,163,69,1,1,60,4,3,0.13123713800001724
s1_1000,S1-948932140,S3,US,selective_v2_compact,0,6,0,0,0,0,7,6,0,6,0.05390036400001463,36,1,8,14,215,48,0.05436796700001878,1,195,194,195,110,1,1,60,1,1,0.15060715499998878
s1_1000,S1-988952152,S2,India,selective_v2_compact,0,6,0,0,2,3,6,6,2,2,0.058842481999931806,21,3,9,13,121,64,0.059094442999992225,0,117,117,117,81,1,1,60,0,0,0.11844662199996492
s1_1000,S1-988952152,S3,India,selective_v2_compact,0,6,2,1,0,0,6,4,1,3,0.03610865100006322,21,1,7,9,161,115,0.03638344499995583,1,156,155,156,86,1,1,60,1,1,0.10540673999997807
s1_1000,S1-470150331,S2,India,selective_v2_compact,0,6,0,1,0,0,14,6,0,6,0.23588058299992554,78,10,24,12,152,108,0.23656614800000852,0,108,108,108,40,0,0,40,2,0,0.2937296879999849
s1_1000,S1-470150331,S3,India,selective_v2_compact,0,6,1,1,3,0,15,5,0,2,0.15150949099995614,78,6,21,10,192,192,0.15222625799998468,0,192,192,192,80,1,1,60,1,0,0.2466190220000044
s1_1000,S1-845086185,S2,US,selective_v2_compact,0,6,1,1,1,0,17,5,0,4,0.028544699000008222,45,3,20,12,319,115,0.028940037999973356,0,307,307,307,97,1,1,60,1,0,0.17564775299996427
s1_1000,S1-845086185,S3,US,selective_v2_compact,0,6,1,1,0,0,15,5,0,5,0.03244103700006917,45,6,21,12,360,108,0.0328280009999844,1,339,338,339,88,1,1,60,3,1,0.18130737800004226
s1_1000,S1-946706052,S2,India,selective_v2_compact,0,6,0,0,0,0,34,6,1,5,0.11822508900002049,105,21,55,13,61,21,0.1188091610000015,1,48,47,48,48,0,0,48,3,1,0.14893573500000912
s1_1000,S1-946706052,S3,India,selective_v2_compact,0,6,0,0,1,0,41,6,1,4,0.03778817300002402,105,10,51,13,51,15,0.03838834399999769,0,43,43,43,43,0,0,43,2,0,0.06423621599998341
s1_1000,S1-602193603,S2,India,selective_v2_compact,0,6,0,0,1,0,20,6,0,5,0.04343000500000471,45,1,21,13,65,35,0.04378335100000186,2,56,54,56,56,0,0,56,4,2,0.07474770500004979
s1_1000,S1-602193603,S3,India,selective_v2_compact,0,6,0,0,1,0,16,6,1,4,0.04028331000000662,45,1,17,13,88,68,0.040669602999969356,1,83,82,83,59,0,0,59,1,1,0.07406188100003419
s1_1000,S1-393117390,S2,US,selective_v2_compact,0,6,0,0,3,0,4,6,0,3,0.08014881400004015,36,0,4,13,167,74,0.08063141899998527,1,166,165,166,100,1,1,60,0,1,0.15504846499999303
s1_1000,S1-393117390,S3,US,selective_v2_compact,0,6,1,1,1,0,9,5,0,4,0.11341812900002424,36,3,12,11,259,165,0.11386872699995365,5,253,248,253,97,1,1,60,1,5,0.2314033939999831
s1_1000,S1-974810743,S2,India,selective_v2_compact,0,6,3,1,0,0,25,3,0,3,0.05753137999994351,55,10,35,6,129,126,0.057914187999983824,3,128,126,129,70,1,1,60,1,3,0.12355979699998443
s1_1000,S1-974810743,S3,India,selective_v2_compact,0,6,3,1,0,0,25,3,0,3,0.051933930000018336,55,10,35,6,141,139,0.05229423000002953,4,139,139,143,74,1,1,60,1,4,0.12827882700003101
s1_1000,S1-485260947,S2,US,selective_v2_compact,0,6,1,1,0,0,0,5,0,5,0.03709009299996069,15,0,0,10,109,102,0.03742115500000409,1,103,102,103,68,1,1,60,1,1,0.08730434300002798
s1_1000,S1-485260947,S3,US,selective_v2_compact,0,6,3,1,0,0,0,3,0,3,0.028421885999989627,15,0,0,6,117,115,0.028721666000024015,1,116,115,116,64,1,1,60,1,1,0.07814286000001402
s1_1000,S1-209242212,S2,US,selective_v2_compact,0,6,1,1,2,0,9,5,0,3,0.12810554300000376,21,1,10,10,179,167,0.12841525300001422,11,178,167,178,71,1,1,60,0,11,0.2023999719999665
s1_1000,S1-209242212,S3,US,selective_v2_compact,0,6,0,0,0,0,10,6,1,5,0.13287998800001333,21,1,11,12,37,33,0.13313561100000015,10,33,33,43,43,0,0,43,1,10,0.15831729899997526
s1_1000,S1-444309469,S2,US,selective_v2_compact,0,6,1,1,0,0,2,5,0,5,0.013644805000012639,21,1,3,11,133,119,0.013972829000010734,1,127,126,127,46,0,0,46,1,1,0.07843118199997434
s1_1000,S1-444309469,S3,US,selective_v2_compact,0,6,1,1,0,0,2,5,0,5,0.014026863000083267,21,1,3,11,149,124,0.014344756000014058,2,139,137,139,56,0,0,56,2,2,0.09520116600003803
s1_1000,S1-701717394,S2,India,selective_v2_compact,0,6,1,1,0,0,25,5,0,5,0.1784509559999492,55,6,31,11,159,134,0.17890968200003954,0,150,150,150,93,1,1,60,2,0,0.24718746100001
s1_1000,S1-701717394,S3,India,selective_v2_compact,0,6,0,1,1,0,22,6,0,5,0.06045222099999137,55,6,28,13,205,181,0.06093529400004627,0,197,197,197,110,1,1,60,2,0,0.1498312079999664
s1_1000,S1-432251644,S2,India,selective_v2_compact,0,6,1,1,0,0,10,5,0,5,0.053672829999868554,45,6,16,11,174,130,0.054116946000021926,1,165,165,166,102,1,1,60,2,1,0.13209922199996527
s1_1000,S1-432251644,S3,India,selective_v2_compact,0,6,1,1,0,0,12,5,0,5,0.1900697280000827,45,3,15,11,181,149,0.19056432300004644,6,177,177,183,111,1,1,60,0,6,0.27304337300000725
s1_1000,S1-239207420,S2,US,selective_v2_compact,0,6,1,1,0,0,8,5,1,4,0.03560845700008031,28,1,9,10,169,163,0.035997272999964025,73,165,163,236,121,1,1,60,2,46,0.13891030999997156
s1_1000,S1-239207420,S3,US,selective_v2_compact,0,6,1,1,0,0,9,5,1,4,0.023245895999991717,28,1,10,10,210,210,0.023652241000036156,83,210,210,293,128,1,1,60,0,48,0.14368641100003288
s1_1000,S1-707620084,S2,India,selective_v2_compact,0,6,3,1,0,0,39,3,0,3,0.05289846200003012,78,15,54,6,103,103,0.05331776000002719,0,103,103,103,92,1,1,60,1,0,0.10387698400001
s1_1000,S1-707620084,S3,India,selective_v2_compact,0,6,0,1,1,0,47,6,2,3,0.20253929300002937,78,6,53,12,164,162,0.2029728560000308,0,162,162,162,90,1,1,60,0,0,0.2718986549999727
s1_1000,S1-603393113,S2,India,selective_v2_compact,0,6,0,0,0,0,11,6,2,4,0.0482812620000459,45,15,26,13,90,16,0.04858140400000366,7,68,67,74,62,1,1,60,2,7,0.0890281199999663
s1_1000,S1-603393113,S3,India,selective_v2_compact,0,6,0,0,2,0,17,6,1,3,0.08915460600007918,45,10,27,13,104,39,0.0894821039999556,13,87,87,100,92,1,1,60,1,13,0.14236129299996492
s1_1000,S1-360368359,S2,US,selective_v2_compact,0,6,1,1,0,0,5,5,0,5,0.018924580000032165,28,0,5,11,183,107,0.019311773000026733,0,169,169,169,109,1,1,60,3,0,0.10520074400000112
s1_1000,S1-360368359,S3,US,selective_v2_compact,0,6,3,1,1,0,5,3,0,2,0.011985798000011982,28,1,6,7,193,116,0.01233686000000489,0,193,193,193,114,1,1,60,1,0,0.09665115600000718
s1_1000,S1-144309050,S2,India,selective_v2_compact,0,6,1,1,0,6,20,5,1,4,0.010255180000058317,45,10,30,10,118,112,0.010529666999957499,2,113,112,114,84,1,1,60,1,2,0.07137797500001852
s1_1000,S1-144309050,S3,India,selective_v2_compact,0,6,1,1,0,0,22,5,1,4,0.07000868599993737,45,6,28,10,145,143,0.07031736800001909,8,143,143,151,91,1,1,60,1,8,0.14431279899997662
s1_1000,S1-71636676,S2,US,selective_v2_compact,0,6,2,1,0,0,2,4,0,4,0.46597374500004207,21,0,2,8,136,112,0.4663456589999555,16,128,112,128,80,1,1,60,3,16,0.5250844400000005
s1_1000,S1-71636676,S3,US,selective_v2_compact,0,6,0,1,0,0,2,6,0,6,0.4892986610000776,21,0,2,12,121,102,0.48972189699998125,11,113,102,113,78,1,1,60,1,11,0.5475831690000064
s1_1000,S1-435158775,S2,India,selective_v2_compact,0,6,1,1,1,0,27,5,0,4,0.027722271000016008,78,15,42,11,143,112,0.02821819199999709,8,139,139,147,109,1,1,60,0,8,0.09564695000000256
s1_1000,S1-435158775,S3,India,selective_v2_compact,0,6,2,1,0,0,28,4,0,4,0.02206898299994009,78,10,38,9,215,175,0.022687624000013784,17,205,188,205,83,1,1,60,3,17,0.11445815500002254
s1_1000,S1-636748811,S2,US,selective_v2_compact,0,6,0,0,1,0,6,6,0,5,0.04620969499990224,21,1,7,13,52,34,0.04653096800001322,2,41,39,41,41,0,0,41,2,2,0.07321926499997744
s1_1000,S1-636748811,S3,US,selective_v2_compact,0,6,0,0,2,0,6,6,0,4,0.04458239699988553,21,1,7,13,28,19,0.04483275300003697,0,24,24,24,24,0,0,24,1,0,0.06604493599996886
s1_1000,S1-65309853,S2,India,selective_v2_compact,0,6,2,1,1,0,11,4,1,2,0.04237775299986879,45,6,17,8,118,117,0.04277426199996626,1,118,117,118,42,0,0,42,0,1,0.0940224389999571
s1_1000,S1-65309853,S3,India,selective_v2_compact,0,6,2,1,0,0,13,4,0,4,0.06507371399999329,45,3,16,8,130,130,0.06552545800002463,0,130,130,130,82,1,1,60,1,0,0.1302832750000107
s1_1000,S1-426307047,S2,India,selective_v2_compact,0,6,3,1,0,0,42,3,0,3,0.06362946599995212,78,15,57,6,230,230,0.06405577600003198,0,230,230,230,97,1,1,60,2,0,0.1671967120000204
s1_1000,S1-426307047,S3,India,selective_v2_compact,0,6,2,1,0,0,37,4,1,3,0.09654426099990587,78,6,43,8,175,168,0.09702749100000574,4,172,168,172,83,1,1,60,1,4,0.16930189099997506
s1_1000,S1-152709472,S2,US,selective_v2_compact,0,6,2,1,0,0,5,4,1,3,0.024832993000018178,36,0,5,9,289,143,0.02527517200002194,0,281,281,281,78,1,1,60,2,0,0.15527536400003328
s1_1000,S1-152709472,S3,US,selective_v2_compact,0,6,2,1,0,0,5,4,1,3,0.03460219699996969,36,0,5,9,323,173,0.03509174700002404,0,311,311,311,78,1,1,60,2,0,0.1674897739999892
s1_1000,S1-114424830,S2,India,selective_v2_compact,0,6,0,1,0,0,16,6,0,6,0.09613224499997841,45,6,22,13,160,147,0.09654396799999176,6,152,151,157,92,1,1,60,1,6,0.15857157400000688
s1_1000,S1-114424830,S3,India,selective_v2_compact,0,6,2,1,0,0,15,4,0,4,0.06058650300002455,45,1,16,9,128,123,0.06098836999996138,13,125,124,137,94,1,1,60,2,13,0.11119839700000966
s1_1000,S1-128260204,S2,India,selective_v2_compact,0,6,0,1,0,0,22,6,2,4,0.06274366100001316,66,1,23,12,183,123,0.06329911399996035,1,123,123,124,42,0,0,42,0,1,0.12285196700003098
s1_1000,S1-128260204,S3,India,selective_v2_compact,0,6,0,0,0,0,19,6,2,4,0.07076714200007928,66,1,20,12,132,83,0.07137161600002173,2,83,83,85,45,0,0,45,0,2,0.11390193700003692
s1_1000,S1-756453021,S2,US,selective_v2_compact,0,6,0,0,2,0,5,6,1,3,0.05299061999994592,28,1,6,13,203,47,0.05336530199997469,3,202,202,205,89,1,1,60,0,3,0.1485989210000298
s1_1000,S1-756453021,S3,US,selective_v2_compact,0,6,0,0,2,0,5,6,1,3,0.054132650999974885,28,1,6,14,314,50,0.05451606700000866,1,311,310,311,118,1,1,60,1,1,0.1920234579999942
s1_1000,S1-997414477,S2,US,selective_v2_compact,0,6,0,0,0,0,3,6,0,6,0.02399859499996637,28,0,3,13,53,50,0.024339209000004303,0,51,51,51,51,0,0,51,0,0,0.05015452200001391
s1_1000,S1-997414477,S3,US,selective_v2_compact,0,6,0,0,0,0,3,6,0,6,0.02147084599999971,28,0,3,13,93,75,0.02185657400002583,0,78,78,78,78,1,1,60,3,0,0.0626553800000238
s1_1000,S1-587564473,S2,India,selective_v2_compact,0,6,3,1,0,0,54,3,0,3,0.05954587500002617,120,21,75,6,119,118,0.06006985099998019,0,118,118,118,91,1,1,60,0,0,0.11128442400001859
s1_1000,S1-587564473,S3,India,selective_v2_compact,0,6,2,1,0,0,53,4,0,4,0.07055076699992924,120,21,74,8,169,163,0.0711285509999584,1,164,163,164,103,1,1,60,1,1,0.13823905399999603
s1_1000,S1-949663673,S2,US,selective_v2_compact,0,6,0,0,1,0,7,6,0,5,0.03637307600013173,45,0,7,13,73,40,0.03682761400000345,24,63,63,87,87,1,1,60,4,24,0.06906623300000092
s1_1000,S1-949663673,S3,US,selective_v2_compact,0,6,4,1,0,0,15,2,0,2,0.03610061199998427,45,1,16,4,120,119,0.036494942999979685,26,120,119,145,75,1,1,60,3,26,0.1062352910000186
s1_1000,S1-886830433,S2,US,selective_v2_compact,0,6,0,0,0,0,3,6,0,6,0.01651750699988952,21,1,4,13,116,38,0.0168078109999783,1,97,96,97,78,1,1,60,2,1,0.06529649899999868
s1_1000,S1-886830433,S3,US,selective_v2_compact,0,6,0,0,0,0,3,6,0,6,0.016632477999962703,21,1,4,13,134,56,0.016944438999985323,1,111,110,111,79,1,1,60,2,1,0.06248305500002971
s1_1000,S1-620072179,S2,India,selective_v2_compact,0,6,0,0,1,0,29,6,0,5,0.0512335250000433,120,6,35,12,91,91,0.052145833000054154,0,91,91,91,61,1,1,60,0,0,0.09669173800000408
s1_1000,S1-620072179,S3,India,selective_v2_compact,0,6,0,0,1,0,26,6,0,5,0.0405941440000106,120,3,29,12,70,69,0.041589191000014125,1,70,69,70,57,0,0,57,1,1,0.08239563099999714
s1_1000,S1-937355747,S2,India,selective_v2_compact,0,6,3,1,1,0,11,3,0,2,0.06154433399996151,45,6,17,7,151,146,0.061943014999997104,0,151,151,151,47,0,0,47,0,0,0.13082722999996577
s1_1000,S1-937355747,S3,India,selective_v2_compact,0,6,0,0,2,0,12,6,1,3,0.47310482000006004,45,3,15,13,78,74,0.47355854700003874,0,78,78,78,66,1,1,60,1,0,0.5128305459999751
s1_1000,S1-130224322,S2,India,selective_v2_compact,0,6,0,0,0,0,30,6,1,5,0.04370262400004776,120,15,45,13,66,40,0.04453673699998717,1,58,57,58,58,0,0,58,2,1,0.07773896700001615
s1_1000,S1-130224322,S3,India,selective_v2_compact,0,6,0,0,1,0,39,6,1,4,0.04987754599994787,120,6,45,13,96,77,0.05069049699994821,0,94,94,94,90,1,1,60,1,0,0.10541868399997156
s1_1000,S1-417827381,S2,US,selective_v2_compact,0,6,2,1,0,0,5,4,0,4,0.012207589999945867,36,0,5,9,210,163,0.012671210999997129,1,205,204,205,116,1,1,60,2,1,0.0965715669999554
s1_1000,S1-417827381,S3,US,selective_v2_compact,0,6,2,1,0,0,5,4,0,4,0.01203139699998701,36,0,5,10,246,174,0.012486559000024045,0,208,208,208,78,1,1,60,1,0,0.06364727200002562
s1_1000,S1-343417294,S2,India,selective_v2_compact,0,6,0,0,0,0,20,6,0,6,0.09558985299992173,78,10,30,13,100,70,0.09616922899999736,5,82,82,87,84,1,1,60,2,5,0.14529959899999767
s1_1000,S1-343417294,S3,India,selective_v2_compact,0,6,0,0,0,0,20,6,1,5,0.06565009700000246,78,3,23,14,99,53,0.06629149500002995,16,88,88,104,92,1,1,60,1,16,0.12613922299999558
s1_1000,S1-394632774,S2,India,selective_v2_compact,0,6,0,0,0,0,13,6,0,6,0.03641385999998192,91,28,41,15,126,30,0.0369985489999749,2,93,91,93,84,1,1,60,3,2,0.08408061700004055
s1_1000,S1-394632774,S3,India,selective_v2_compact,0,6,0,0,0,0,20,6,1,5,0.026488547999917955,91,15,35,15,86,20,0.027086387999986528,0,78,78,78,72,1,1,60,2,0,0.068292471999996
s1_1000,S1-732592724,S2,US,selective_v2_compact,0,6,1,1,4,0,2,5,0,1,0.027259253000011086,36,1,3,10,106,106,0.027710113000011916,0,106,106,106,41,0,0,41,0,0,0.07920401299998048
s1_1000,S1-732592724,S3,US,selective_v2_compact,0,6,0,1,0,0,2,6,0,6,0.025709495999990395,36,1,3,12,200,191,0.026206695999974272,0,191,191,191,77,1,1,60,1,0,0.12101964400000043
s1_1000,S1-580748190,S2,US,selective_v2_compact,0,6,0,0,0,0,1,6,0,6,0.019511960999977873,21,0,1,12,53,38,0.01981285800002297,3,41,38,41,41,0,0,41,3,3,0.03806095200002346
s1_1000,S1-580748190,S3,US,selective_v2_compact,0,6,0,0,0,0,1,6,0,6,0.015386751000050936,21,0,1,12,46,37,0.015700691000006373,2,39,37,39,39,0,0,39,2,2,0.03626958799998192
s1_1000,S1-796458434,S2,India,selective_v2_compact,0,6,2,1,0,0,47,4,0,4,0.04360887799998636,120,15,62,8,127,120,0.04430949199996803,1,121,120,121,70,1,1,60,1,1,0.10341598099995508
s1_1000,S1-796458434,S3,India,selective_v2_compact,0,6,2,1,0,0,53,4,0,4,0.06653512199994793,120,6,59,8,186,161,0.0672578350000208,3,164,161,164,78,1,1,60,3,3,0.13896673099998225
s1_1000,S1-765932516,S2,India,selective_v2_compact,0,6,0,0,1,0,3,6,2,3,0.35160586400002103,36,15,18,13,67,62,0.3519299920000094,2,64,62,64,40,0,0,40,2,2,0.3894966060000229
s1_1000,S1-765932516,S3,India,selective_v2_compact,0,6,0,0,1,0,12,6,3,2,0.05947367000004533,36,6,18,13,70,67,0.05976553200002854,0,68,68,68,40,0,0,40,2,0,0.09730680900003108
s1_1000,S1-384400545,S2,India,selective_v2_compact,0,6,1,1,0,0,52,5,0,5,0.04123309800002062,120,21,73,11,247,100,0.04186896900000647,9,179,178,187,84,1,1,60,1,9,0.1343692259999898
s1_1000,S1-384400545,S3,India,selective_v2_compact,0,6,3,1,0,0,47,3,0,3,0.01037802500007956,120,21,68,7,256,161,0.011037595000004785,15,229,229,244,103,1,1,60,0,15,0.1090225480000413
s1_1000,S1-444946012,S2,US,selective_v2_compact,0,6,0,0,0,0,8,6,0,6,0.025450648000003184,28,1,9,13,279,73,0.025816949000045497,4,233,229,233,108,1,1,60,5,4,0.1210055530000318
s1_1000,S1-444946012,S3,US,selective_v2_compact,0,6,0,0,0,0,8,6,0,6,0.02216689899995572,28,1,9,13,294,72,0.02251346499997453,2,249,247,249,113,1,1,60,2,2,0.11692133200000399
s1_1000,S1-835384598,S2,India,selective_v2_compact,0,6,0,1,0,0,37,6,0,6,0.08354462600004808,120,6,43,14,132,110,0.08444619699997702,7,117,116,123,88,1,1,60,2,7,0.13861705599998686
s1_1000,S1-835384598,S3,India,selective_v2_compact,0,6,1,1,0,0,28,5,0,5,0.07629513900002394,120,6,34,13,150,104,0.07724430399997573,6,144,144,150,79,1,1,60,2,6,0.14493128800000932
s1_1000,S1-172646617,S2,India,selective_v2_compact,0,6,2,1,0,9,25,4,0,4,0.04418613400002869,78,36,61,8,158,158,0.04455063099999279,6,158,158,164,113,1,1,60,0,6,0.1211238440000102
s1_1000,S1-172646617,S3,India,selective_v2_compact,0,6,2,1,0,9,26,4,0,4,0.11935082600001579,78,36,62,8,129,123,0.11969321700001956,6,129,123,129,80,1,1,60,1,6,0.18151497000002337
s1_1000,S1-163359447,S2,India,selective_v2_compact,0,6,0,0,0,0,14,6,1,5,0.5489776390000429,45,6,20,14,108,41,0.5494286569999645,7,83,83,90,49,0,0,49,1,7,0.5964592149999817
s1_1000,S1-163359447,S3,India,selective_v2_compact,0,6,2,1,0,0,15,4,0,4,0.016856265000114945,45,3,18,10,227,175,0.017311537000011867,12,219,207,219,88,1,1,60,2,12,0.11508427400002574
s1_1000,S1-707155052,S2,India,selective_v2_compact,0,6,1,1,0,0,22,5,0,5,0.03374165799993989,91,21,43,10,143,137,0.034441661000016666,11,137,137,148,69,1,1,60,2,11,0.1052059189999568
s1_1000,S1-707155052,S3,India,selective_v2_compact,0,6,0,0,0,0,27,6,1,5,0.07146845400001212,91,10,37,12,78,69,0.07215865699998858,13,70,69,82,72,1,1,60,2,13,0.11022962900000266
s1_1000,S1-967576249,S2,India,selective_v2_compact,0,6,0,0,2,0,18,6,0,4,0.137508854000032,91,15,33,14,93,84,0.13824418100000457,4,89,85,89,82,1,1,60,1,4,0.17789986899998667
s1_1000,S1-967576249,S3,India,selective_v2_compact,0,6,1,1,0,0,20,5,0,5,0.12806362499998158,91,10,30,12,188,176,0.12884850799997594,6,180,179,185,82,1,1,60,1,6,0.20941020399999388
s1_1000,S1-383924373,S2,US,selective_v2_compact,0,6,2,1,1,0,5,4,0,3,0.012205816000005143,15,0,5,8,165,163,0.01248457399998415,0,163,163,163,73,1,1,60,2,0,0.080195950000018
s1_1000,S1-383924373,S3,US,selective_v2_compact,0,6,2,1,1,0,5,4,0,3,0.013269977000049948,15,0,5,8,187,186,0.0135712290000356,0,186,186,186,78,1,1,60,2,0,0.09861744799997041
s1_1000,S1-145192696,S2,US,selective_v2_compact,0,6,2,1,1,0,2,4,0,3,0.03777188699996259,21,0,2,8,102,102,0.038114243999984865,0,102,102,102,48,0,0,48,0,0,0.08678457899998193
s1_1000,S1-145192696,S3,US,selective_v2_compact,0,6,0,0,0,0,2,6,0,6,0.042615629999943394,21,0,2,12,103,92,0.0429885150000473,0,92,92,92,45,0,0,45,4,0,0.08709954299996525
s1_1000,S1-120113863,S2,US,selective_v2_compact,0,6,0,1,0,0,9,6,1,5,0.06603512899999942,28,3,12,12,120,119,0.06639568999997891,0,119,119,119,96,1,1,60,1,0,0.11937468700000409
s1_1000,S1-120113863,S3,US,selective_v2_compact,0,6,1,1,1,0,9,5,0,4,0.06957906699994965,28,3,12,10,223,201,0.06993918699998858,2,202,201,203,77,1,1,60,1,2,0.1520767569999748
s1_1000,S1-579296771,S2,India,selective_v2_compact,0,6,3,1,0,0,27,3,0,3,0.02171125399996754,66,10,37,6,103,100,0.022096534000013435,2,102,100,102,85,1,1,60,1,2,0.07085940700000037
s1_1000,S1-579296771,S3,India,selective_v2_compact,0,6,3,1,1,0,28,3,0,2,0.07586866100007228,66,6,34,6,115,115,0.07630546999996568,3,115,115,118,60,1,0,60,0,3,0.1277950899999496
s1_1000,S1-76600144,S2,US,selective_v2_compact,0,6,0,1,0,0,13,6,1,5,0.2990786700000285,45,6,19,13,209,139,0.29954877399995894,1,195,194,195,116,1,1,60,2,1,0.3799269749999894
s1_1000,S1-76600144,S3,US,selective_v2_compact,0,6,0,1,0,0,11,6,0,6,0.04489326900011292,45,10,21,13,221,153,0.04533200499997747,1,204,203,204,116,1,1,60,1,1,0.13652091299996982
s1_1000,S1-262956530,S2,US,selective_v2_compact,0,6,0,0,0,0,2,6,0,6,0.0677932030000079,21,0,2,12,71,65,0.06813814200000934,1,66,65,66,61,1,1,60,1,1,0.10822050199999467
s1_1000,S1-262956530,S3,US,selective_v2_compact,0,6,0,0,0,0,2,6,0,6,0.06449878499989836,21,0,2,12,100,95,0.06484688199998345,0,95,95,95,70,1,1,60,2,0,0.10681773400000338
s1_1000,S1-289224987,S2,India,selective_v2_compact,0,6,0,0,0,0,21,6,0,6,0.03630640799997309,78,6,27,14,152,54,0.03689548300002343,2,112,110,112,58,0,0,58,3,2,0.09608977800002094
s1_1000,S1-289224987,S3,India,selective_v2_compact,0,6,1,1,0,0,22,5,0,5,0.13620428600006562,78,3,25,12,186,134,0.1368706480000128,0,181,181,181,74,1,1,60,1,0,0.21700641199998927
s1_1000,S1-434671027,S2,India,selective_v2_compact,0,6,2,1,1,0,36,4,0,3,0.11292781300005572,120,3,39,8,102,102,0.11382889899999782,0,102,102,102,82,1,1,60,1,0,0.16532469700001684
s1_1000,S1-434671027,S3,India,selective_v2_compact,0,6,2,1,0,0,34,4,0,4,0.033365086999992855,120,1,35,8,134,133,0.03429700200001662,0,133,133,133,79,1,1,60,1,0,0.10042966699995759
s1_1000,S1-874587325,S2,US,selective_v2_compact,0,6,2,1,0,0,15,4,0,4,0.07688473700000031,45,1,16,8,181,178,0.07734436700002334,0,178,178,178,108,1,1,60,1,0,0.156767541000022
s1_1000,S1-874587325,S3,US,selective_v2_compact,0,6,4,1,0,0,15,2,0,2,0.06469174000000066,45,1,16,4,115,111,0.06510681899999327,2,113,111,113,79,1,1,60,4,2,0.12143497900001421
s1_1000,S1-386790184,S2,US,selective_v2_compact,0,6,0,0,0,0,0,6,0,6,0.024069703000009213,15,0,0,12,70,50,0.0243307659999914,4,54,50,54,52,0,0,52,3,4,0.054747399000007135
s1_1000,S1-386790184,S3,US,selective_v2_compact,0,6,0,0,0,0,0,6,0,6,0.02620183999999881,15,0,0,12,51,40,0.026455958999974882,0,40,40,40,40,0,0,40,1,0,0.04947682499999928
s1_1000,S1-309029909,S2,India,selective_v2_compact,0,6,1,1,0,0,35,5,0,5,0.03149643199998309,78,15,50,11,141,109,0.031940300999963256,2,130,128,130,80,1,1,60,3,2,0.09228816799998185
s1_1000,S1-309029909,S3,India,selective_v2_compact,0,6,3,1,1,0,38,3,0,2,0.04345517300004076,78,6,44,7,157,138,0.043900493999956325,4,157,157,161,73,1,1,60,1,4,0.11709999299995388
s1_1000,S1-402701678,S2,US,selective_v2_compact,0,6,0,1,0,0,4,6,1,5,0.05657695299998977,21,0,4,12,128,125,0.05692220200000975,0,125,125,125,79,1,1,60,0,0,0.10778972399998565
s1_1000,S1-402701678,S3,US,selective_v2_compact,0,6,0,1,0,0,4,6,1,5,0.0624519849999956,21,0,4,12,136,134,0.0627872069999853,2,136,134,136,82,1,1,60,0,2,0.12830682300000262
s1_1000,S1-820304545,S2,India,selective_v2_compact,0,6,0,1,0,0,45,6,2,4,0.047144923000018935,78,15,60,12,112,104,0.04747065899999825,4,108,104,108,98,1,1,60,1,4,0.10372092900001917
s1_1000,S1-820304545,S3,India,selective_v2_compact,0,6,3,1,0,0,47,3,0,3,0.06479582999998001,78,6,53,6,131,131,0.06517557499995519,11,131,131,142,92,1,1,60,0,11,0.08869877500001166
s1_1000,S1-319446504,S2,US,selective_v2_compact,0,6,1,1,1,0,1,5,0,4,0.02350041500005773,10,0,1,10,193,192,0.023813474999997197,1,193,192,193,80,1,1,60,1,1,0.10002792399995997
s1_1000,S1-319446504,S3,US,selective_v2_compact,0,6,1,1,0,0,1,5,0,5,0.020670746000064355,10,0,1,10,221,212,0.020976028999996288,1,213,212,213,77,1,1,60,4,1,0.10800512899999148
s1_1000,S1-602660812,S2,India,selective_v2_compact,0,6,3,1,2,0,6,3,0,1,0.08042733500002441,55,1,7,8,130,103,0.08101635299999543,0,130,130,130,65,1,1,60,1,0,0.14439454500001148
s1_1000,S1-602660812,S3,India,selective_v2_compact,0,6,1,1,0,0,6,5,0,5,0.15071438700005046,66,1,7,13,178,143,0.15141909099997974,2,168,166,168,79,1,1,60,0,2,0.2342197969999802
s1_1000,S1-838816755,S2,US,selective_v2_compact,0,6,0,0,1,0,12,6,1,4,0.014560011000014583,45,6,18,12,82,80,0.014936834000025101,20,80,80,100,94,1,1,60,0,20,0.0537728219999849
s1_1000,S1-838816755,S3,US,selective_v2_compact,0,6,0,0,1,0,13,6,1,4,0.006989650999969399,45,6,19,12,51,49,0.007373530999984723,18,49,49,67,67,1,1,60,0,18,0.038288222999995014
s1_1000,S1-635610218,S2,US,selective_v2_compact,0,6,0,0,0,0,9,6,1,5,0.08026867199998833,28,0,9,12,79,71,0.08061579200000324,5,76,71,76,75,1,1,60,3,5,0.11302404399998522
s1_1000,S1-635610218,S3,US,selective_v2_compact,0,6,0,0,0,0,8,6,1,5,0.026949578999960977,28,1,9,12,88,77,0.027244058999997378,5,82,77,82,81,1,1,60,1,5,0.0631763349999801
s1_1000,S1-318608060,S2,India,selective_v2_compact,0,6,1,1,0,0,11,5,0,5,0.1294915519999904,45,3,14,10,191,180,0.1300240450000274,2,182,180,182,93,1,1,60,3,2,0.20194148000001633
s1_1000,S1-318608060,S3,India,selective_v2_compact,0,6,0,0,3,0,12,6,0,3,0.05740191099999947,45,1,13,13,67,29,0.05781706300001588,1,67,67,68,58,0,0,58,0,1,0.09044554199999766
s1_1000,S1-68824362,S2,India,selective_v2_compact,0,6,0,0,0,0,23,6,0,6,0.007431923999945411,91,15,38,14,66,27,0.008013302999984262,1,50,49,50,50,0,0,50,2,1,0.033189094000022124
s1_1000,S1-68824362,S3,India,selective_v2_compact,0,6,0,0,0,0,28,6,0,6,0.020317987999987963,91,6,34,14,46,17,0.020927691999986564,0,32,32,32,32,0,0,32,2,0,0.03994528599997693
s1_1000,S1-627898987,S2,India,selective_v2_compact,0,6,0,1,0,0,13,6,0,6,0.1325542399999904,55,3,16,12,124,113,0.133126921999974,0,113,113,113,94,1,1,60,0,0,0.1863040430000069
s1_1000,S1-627898987,S3,India,selective_v2_compact,0,6,1,1,0,0,12,5,0,5,0.08659688600010895,55,1,13,10,147,131,0.08722324299998263,2,133,131,133,94,1,1,60,4,2,0.14607633399998576
s1_1000,S1-873224394,S2,US,selective_v2_compact,0,6,0,0,4,0,0,6,0,2,0.028055565999920873,28,0,0,13,129,42,0.028457580999997845,0,128,128,128,80,1,1,60,1,0,0.08866711999996824
s1_1000,S1-873224394,S3,US,selective_v2_compact,0,6,2,1,0,0,2,4,0,4,0.03281703300001482,28,0,2,9,240,109,0.03323381199999176,1,236,235,236,112,1,1,60,2,1,0.12391019599999709
s1_1000,S1-528038666,S2,US,selective_v2_compact,0,6,1,1,4,0,3,5,0,1,0.060343676999934814,55,0,3,14,373,123,0.06096977699996842,1,349,349,350,102,1,1,60,0,1,0.20992875100000674
s1_1000,S1-528038666,S3,US,selective_v2_compact,0,6,2,1,1,0,8,4,0,3,0.06196886700001869,55,1,9,12,442,124,0.06257488099998909,1,352,351,352,98,1,1,60,1,1,0.21354399099999455
s1_1000,S1-993276054,S2,US,selective_v2_compact,0,6,0,0,2,0,2,6,1,3,0.009661157000039111,21,1,3,14,100,6,0.009981070000037562,0,96,96,96,48,0,0,48,0,0,0.05108340800001088
s1_1000,S1-993276054,S3,US,selective_v2_compact,0,6,0,0,3,0,3,6,0,3,0.01300334000006842,21,1,4,14,193,71,0.013318581000021368,0,191,191,191,101,1,1,60,0,0,0.0957443830000102
s1_1000,S1-625355978,S2,India,selective_v2_compact,0,6,0,0,0,0,36,6,0,6,0.21020675099993014,120,15,51,12,89,77,0.21100420900000927,1,78,77,78,73,1,1,60,2,1,0.2528123029999847
s1_1000,S1-625355978,S3,India,selective_v2_compact,0,6,0,0,0,0,42,6,0,6,0.04723672200003648,120,6,48,12,61,55,0.04802466699999286,0,55,55,55,55,0,0,55,1,0,0.07821662599997126
s1_1000,S1-411428383,S2,India,selective_v2_compact,0,6,1,1,0,0,45,5,0,5,0.05111367400002109,120,15,60,11,134,122,0.05179838200001541,0,127,127,127,103,1,1,60,1,0,0.1137451570000394
s1_1000,S1-411428383,S3,India,selective_v2_compact,0,6,1,1,0,0,52,5,0,5,0.06507193799990318,120,10,62,11,139,128,0.06577183399997466,1,136,135,136,106,1,1,60,1,1,0.13269019099999468
s1_1000,S1-877756741,S2,US,selective_v2_compact,0,6,3,1,1,0,3,3,0,2,0.025010359000077642,28,1,4,6,108,107,0.02539192599999751,1,108,107,108,64,1,1,60,2,1,0.07784435600001416
s1_1000,S1-877756741,S3,US,selective_v2_compact,0,6,0,0,0,0,4,6,0,6,0.05139556600005335,28,3,7,12,109,97,0.05176383899998882,1,98,97,98,77,1,1,60,3,1,0.10355087900001081
s1_1000,S1-264105075,S2,India,selective_v2_compact,0,6,0,0,0,0,36,6,0,6,0.07099591400003646,78,6,42,13,113,78,0.07149316999999655,2,108,106,108,80,1,1,60,1,2,0.12104612199999565
s1_1000,S1-264105075,S3,India,selective_v2_compact,0,6,2,1,0,0,30,4,0,4,0.0381795250000323,78,1,31,9,161,112,0.03877295199998798,1,150,149,150,88,1,1,60,3,1,0.10934246400000802
s1_1000,S1-364343116,S2,US,selective_v2_compact,0,6,1,1,1,0,1,5,0,4,0.017938460000038958,28,1,2,11,343,104,0.018380379000006997,1,336,335,336,103,1,1,60,2,1,0.16476110799999333
s1_1000,S1-364343116,S3,US,selective_v2_compact,0,6,0,1,1,0,3,6,0,5,0.02578716600004327,28,3,6,13,395,143,0.026192739000009624,0,392,392,392,114,1,1,60,1,0,0.21197144800004253
s1_1000,S1-708919835,S2,US,selective_v2_compact,0,6,0,0,2,0,11,6,1,3,0.12278893600000629,45,1,12,12,10,8,0.12319392799997786,3,8,8,11,11,0,0,11,3,3,0.1321577709999815
s1_1000,S1-708919835,S3,US,selective_v2_compact,0,6,0,1,0,0,15,6,1,5,0.09511746800006904,45,3,18,12,178,163,0.095566864000034,3,166,163,166,76,1,1,60,5,3,0.16327073899998368
s1_1000,S1-424278368,S2,India,selective_v2_compact,0,6,0,0,0,0,16,6,0,6,0.09869363299992528,120,6,22,15,159,50,0.09975886399996625,1,115,114,115,83,1,1,60,1,1,0.16122764799996503
s1_1000,S1-424278368,S3,India,selective_v2_compact,0,6,0,0,0,0,15,6,0,6,0.07070020700001578,120,3,18,15,139,51,0.07180725400002075,2,107,105,107,80,1,1,60,2,2,0.12496499999997468
s1_1000,S1-350140550,S2,India,selective_v2_compact,0,6,0,0,2,0,15,6,0,4,0.024356363999970654,55,6,21,15,134,99,0.024804731999950036,8,129,121,129,80,1,1,60,1,8,0.08785073100000318
s1_1000,S1-350140550,S3,India,selective_v2_compact,0,6,3,1,0,0,13,3,0,3,0.1176406260000249,45,1,14,8,154,133,0.11809416800002737,15,152,152,167,85,1,1,60,1,15,0.18829783499995756
s1_1000,S1-224156764,S2,US,selective_v2_compact,0,6,2,1,0,0,5,4,0,4,0.16002991300001668,21,0,5,8,140,135,0.16035139799998888,1,136,135,136,79,1,1,60,2,1,0.2248832059999586
s1_1000,S1-224156764,S3,US,selective_v2_compact,0,6,2,1,0,0,5,4,0,4,0.165110693000031,21,0,5,8,137,135,0.16543202899998732,0,135,135,135,79,1,1,60,1,0,0.2247656210000173
s1_1000,S1-991758781,S2,India,selective_v2_compact,0,6,0,1,0,0,8,6,0,6,0.020497236999915458,45,10,18,15,198,135,0.020902851000016653,12,170,158,170,81,1,1,60,2,12,0.09486465200001248
s1_1000,S1-991758781,S3,India,selective_v2_compact,0,6,0,0,0,0,10,6,0,6,0.035063840000134405,45,10,20,15,109,66,0.035469422999995004,35,83,81,116,106,1,1,60,2,35,0.08611239599997589
s1_1000,S1-253152547,S2,US,selective_v2_compact,0,6,0,1,2,0,8,6,0,4,0.034527125000067826,36,1,9,14,150,135,0.034938364999959504,0,142,142,142,80,1,1,60,0,0,0.10136316800003442
s1_1000,S1-253152547,S3,US,selective_v2_compact,0,6,0,1,2,0,8,6,0,4,0.04187784699996655,36,1,9,14,149,130,0.042330438000021786,1,136,135,136,77,1,1,60,2,1,0.1017562590000125
s1_1000,S1-349078782,S2,US,selective_v2_compact,0,6,2,1,1,0,2,4,0,3,0.027202821999935622,28,0,2,8,126,126,0.027576236000015797,0,126,126,126,60,1,0,60,0,0,0.07678881900000079
s1_1000,S1-349078782,S3,US,selective_v2_compact,0,6,2,1,0,0,2,4,0,4,0.04031182299996772,28,0,2,8,126,124,0.040690498999993,0,124,124,124,58,0,0,58,0,0,0.09039317599996366
s1_1000,S1-755451588,S2,US,selective_v2_compact,0,6,0,0,2,0,5,6,0,4,0.09673645700001998,45,0,5,13,39,17,0.09723033099999157,1,32,31,32,32,0,0,32,5,1,0.11821665799999437
s1_1000,S1-755451588,S3,US,selective_v2_compact,0,6,0,1,0,0,10,6,0,6,0.13767825299987635,45,1,11,13,183,155,0.13822976900002004,1,169,168,169,76,1,1,60,5,1,0.21621911199997612
s1_1000,S1-253496965,S2,India,selective_v2_compact,0,6,0,0,0,0,11,6,1,5,0.15742177999999285,55,6,17,14,115,51,0.15791538199999877,1,85,84,85,45,0,0,45,1,1,0.19921220099996617
s1_1000,S1-253496965,S3,India,selective_v2_compact,0,6,0,0,0,0,13,6,2,4,0.1346106829999485,55,1,14,14,73,42,0.1351096690000304,1,68,67,68,44,0,0,44,1,1,0.1756857709999622
s1_1000,S1-586543605,S2,India,selective_v2_compact,0,6,1,1,0,0,25,5,0,5,0.03201308500001687,55,15,40,10,125,111,0.032327956000017366,8,119,111,119,111,1,1,60,2,8,0.08617992899996807
s1_1000,S1-586543605,S3,India,selective_v2_compact,0,6,2,1,0,0,28,4,1,3,0.025423346000081892,55,6,34,8,125,113,0.025793103000012252,11,124,113,124,80,1,1,60,1,11,0.07624753800001827
s1_1000,S1-309328944,S2,US,selective_v2_compact,0,6,3,1,0,0,1,3,0,3,0.018402564000041366,21,1,2,7,191,141,0.018768597000018872,7,188,181,188,78,1,1,60,1,7,0.09271304899999677
s1_1000,S1-309328944,S3,US,selective_v2_compact,0,6,1,1,0,0,1,5,1,4,0.023710152999967704,21,1,2,10,177,164,0.02410414500002389,9,173,164,173,65,1,1,60,3,9,0.0889090549999878
s1_1000,S1-877771962,S2,US,selective_v2_compact,0,6,2,1,1,0,6,4,0,3,0.06282321800000545,28,1,7,8,115,115,0.0631609750000166,0,115,115,115,72,1,1,60,0,0,0.1135355370000184
s1_1000,S1-877771962,S3,US,selective_v2_compact,0,6,2,1,1,0,6,4,0,3,0.07086159700003236,28,1,7,8,118,118,0.07120622299999013,0,118,118,118,81,1,1,60,2,0,0.12785861899999418
s1_1000,S1-881400809,S2,US,selective_v2_compact,0,6,0,0,0,0,2,6,0,6,0.0024653669999565864,15,1,3,15,67,36,0.0027089250000358334,3,46,43,46,40,0,0,40,3,3,0.025047844000027908
s1_1000,S1-881400809,S3,US,selective_v2_compact,0,6,0,0,0,0,2,6,0,6,0.003342518000010841,15,1,3,15,74,32,0.0035618740000131766,1,44,43,44,40,0,0,40,3,1,0.02858876599998439
s1_1000,S1-252959475,S2,India,selective_v2_compact,0,6,0,0,3,0,4,6,1,2,0.057399814000007154,36,1,5,13,154,91,0.057823933000008765,0,127,127,127,87,1,1,60,0,0,0.12108597999997528
s1_1000,S1-252959475,S3,India,selective_v2_compact,0,6,0,0,1,0,4,6,1,4,0.06244636400003856,36,0,4,13,122,91,0.06289836700000251,0,117,117,117,78,1,1,60,0,0,0.11601443600000039
s1_1000,S1-106566816,S2,US,selective_v2_compact,0,6,0,1,0,0,10,6,2,4,0.0618811200000664,28,0,10,13,251,121,0.06223069800000758,7,248,247,254,116,1,1,60,1,7,0.1627412259999801
s1_1000,S1-106566816,S3,US,selective_v2_compact,0,6,0,1,2,0,10,6,2,2,0.047073903000011796,28,0,10,13,262,124,0.04740699100000256,7,259,257,264,116,1,1,60,2,7,0.15462011500000017
s1_1000,S1-657748914,S2,India,selective_v2_compact,0,6,0,0,0,0,20,6,0,6,0.11592776599997023,120,1,21,16,172,91,0.1170114479999711,3,143,140,143,74,1,1,60,3,3,0.19100825900000018
s1_1000,S1-657748914,S3,India,selective_v2_compact,0,6,0,1,0,0,15,6,0,6,0.10526145099998985,120,1,16,16,196,110,0.10638111700001218,1,178,177,178,77,1,1,60,3,1,0.1822592739999891
s1_1000,S1-452747502,S2,US,selective_v2_compact,0,6,1,1,0,0,1,5,0,5,0.01835524099999475,15,0,1,11,224,162,0.018735751999997774,49,216,167,216,87,1,1,60,2,44,0.10826651100001072
s1_1000,S1-452747502,S3,US,selective_v2_compact,0,6,1,1,0,0,3,5,0,5,0.02685044999998354,15,0,3,11,123,104,0.02717905399998699,49,115,110,159,106,1,1,60,2,40,0.09940802400001303
s1_1000,S1-339021665,S2,India,selective_v2_compact,0,6,4,1,1,0,43,2,0,1,0.009930977999999868,78,10,53,5,135,131,0.010285204000012982,0,135,135,135,47,0,0,47,0,0,0.06608016299998098
s1_1000,S1-339021665,S3,India,selective_v2_compact,0,6,1,1,2,0,47,5,0,3,0.016960632999996506,78,3,50,11,132,129,0.017336732999979176,0,132,132,132,78,1,1,60,0,0,0.06897416200001771
s1_1000,S1-927465777,S2,US,selective_v2_compact,0,6,0,0,2,0,7,6,0,4,0.013286241999992399,36,3,10,13,86,78,0.013641020999955344,2,81,79,81,66,1,1,60,2,2,0.048061049000011735
s1_1000,S1-927465777,S3,US,selective_v2_compact,0,6,0,1,0,0,9,6,1,5,0.01717643799997859,36,6,15,13,122,116,0.017555302000005213,0,117,117,117,76,1,1,60,2,0,0.06195523599996022
s1_1000,S1-275292755,S2,India,selective_v2_compact,0,6,1,1,0,0,16,5,0,5,0.11134223400000565,78,10,26,12,207,137,0.1119939040000304,0,204,204,204,115,1,1,60,1,0,0.2001993739999648
s1_1000,S1-275292755,S3,India,selective_v2_compact,0,6,1,1,0,0,16,5,0,5,0.06550797099998817,78,6,22,11,175,142,0.0662323219999621,1,170,170,171,113,1,1,60,1,1,0.14294558100004906
s1_1000,S1-870147511,S2,India,selective_v2_compact,0,6,0,0,0,0,26,6,0,6,0.12970350000006192,120,3,29,12,74,61,0.1306359370000223,0,61,61,61,61,1,1,60,3,0,0.15646252900000945
s1_1000,S1-870147511,S3,India,selective_v2_compact,0,6,0,1,0,0,22,6,0,6,0.0878023039999789,120,0,22,13,190,154,0.08887285500003372,0,186,186,186,57,0,0,57,0,0,0.16862630299999637
s1_1000,S1-666016256,S2,US,selective_v2_compact,0,6,0,0,1,0,6,6,0,5,0.0161011660000554,28,0,6,13,104,19,0.016419013000017912,2,97,95,97,61,1,1,60,1,2,0.06595504599999913
s1_1000,S1-666016256,S3,US,selective_v2_compact,0,6,0,0,0,0,6,6,0,6,0.03265065699997649,28,0,6,13,109,24,0.0329862050000429,5,92,87,92,67,1,1,60,4,5,0.07040051999996422
s1_1000,S1-310651038,S2,US,selective_v2_compact,0,6,0,1,0,0,5,6,0,6,0.12487340099994526,45,1,6,13,220,171,0.12545545400001856,1,214,213,214,104,1,1,60,1,1,0.2149876369999788
s1_1000,S1-310651038,S3,US,selective_v2_compact,0,6,0,1,1,0,6,6,0,5,0.12377096799991705,45,1,7,13,217,153,0.12434435900001972,1,210,209,210,106,1,1,60,2,1,0.22280002100001184
s1_1000,S1-133609565,S2,India,selective_v2_compact,0,6,0,0,0,0,20,6,0,6,0.1317245750000211,66,6,26,13,126,92,0.1322996460000354,8,121,121,129,85,1,1,60,3,8,0.19336783599999308
s1_1000,S1-133609565,S3,India,selective_v2_compact,0,6,0,0,0,0,19,6,0,6,0.12472538799994481,66,3,22,13,112,55,0.12528770599999461,11,85,84,95,80,1,1,60,2,11,0.16236595600003056
s1_1000,S1-538988615,S2,US,selective_v2_compact,0,6,0,1,2,0,5,6,1,3,0.012090747000002011,21,0,5,13,184,140,0.012412895999943885,0,184,184,184,84,1,1,60,0,0,0.08657041499998286
s1_1000,S1-538988615,S3,US,selective_v2_compact,0,6,0,0,0,0,7,6,1,5,0.01533554200011622,21,1,8,13,100,39,0.01556635899999037,0,85,85,85,75,1,1,60,1,0,0.05549820299995645
s1_1000,S1-521533478,S2,US,selective_v2_compact,0,6,0,0,0,0,5,6,0,6,0.02326001499989161,21,1,6,13,109,88,0.023576336000019182,0,99,99,99,69,1,1,60,1,0,0.06796866700005921
s1_1000,S1-521533478,S3,US,selective_v2_compact,0,6,2,1,0,0,6,4,0,4,0.022679521999862118,21,1,7,9,123,101,0.022945584000012786,1,120,119,120,72,1,1,60,3,1,0.07864569900004881
s1_1000,S1-979640757,S2,US,selective_v2_compact,0,6,3,1,1,0,2,3,0,2,0.019614139999930558,21,0,2,7,202,143,0.019932026999981645,0,201,201,201,105,1,1,60,1,0,0.10800270699996872
s1_1000,S1-979640757,S3,US,selective_v2_compact,0,6,0,0,2,0,6,6,1,3,0.3019605389999924,21,0,6,13,97,15,0.30222347100004754,0,96,96,96,55,0,0,55,2,0,0.34249548399998275
s1_1000,S1-237040891,S2,India,selective_v2_compact,0,6,0,0,0,0,33,6,1,5,0.022962984999935543,105,21,54,13,28,11,0.02354066199995941,1,20,19,20,20,0,0,20,1,1,0.03747594499998286
s1_1000,S1-237040891,S3,India,selective_v2_compact,0,6,0,0,0,0,34,6,0,6,0.11851337899997816,105,21,55,13,35,13,0.11910526300005131,1,23,22,23,23,0,0,23,3,1,0.13279007999994974
s1_1000,S1-285122739,S2,US,selective_v2_compact,0,6,1,1,0,0,7,5,1,4,0.018230579000032776,36,1,8,10,123,120,0.01866994900001373,1,121,120,121,55,0,0,55,1,1,0.07471294300000864
s1_1000,S1-285122739,S3,US,selective_v2_compact,0,6,1,1,1,0,7,5,1,3,0.02380272599998534,36,1,8,10,137,133,0.02421476100005293,1,134,133,134,50,0,0,50,2,1,0.08775633799996285
s1_1000,S1-608905216,S2,US,selective_v2_compact,0,6,4,1,0,0,11,2,0,2,0.03337624600010258,28,1,12,4,105,103,0.033648656000082156,0,103,103,103,40,0,0,40,2,0,0.0813003519999711
s1_1000,S1-608905216,S3,US,selective_v2_compact,0,6,0,1,0,0,11,6,1,5,0.08154005300002609,28,1,12,12,113,113,0.08184188200004883,0,113,113,113,87,1,1,60,2,0,0.13569699699996818
s1_1000,S1-251563500,S2,India,selective_v2_compact,0,6,0,1,1,0,7,6,1,4,0.25455287899978885,55,0,7,14,196,181,0.2551901489999864,0,190,190,190,91,1,1,60,0,0,0.3356381059999194
s1_1000,S1-251563500,S3,India,selective_v2_compact,0,6,2,1,1,0,7,4,0,3,0.027043508000019756,55,0,7,10,120,101,0.0276124740000796,0,114,114,114,56,0,0,56,0,0,0.07292554500008919
s1_1000,S1-708368208,S2,US,selective_v2_compact,0,6,0,0,0,0,3,6,1,5,0.05099189300005946,21,0,3,13,114,81,0.051291548999984116,2,98,96,98,74,1,1,60,4,2,0.09205869900006292
s1_1000,S1-708368208,S3,US,selective_v2_compact,0,6,0,0,0,0,3,6,1,5,0.046395283999800085,21,0,3,13,103,81,0.04669417699994938,3,90,87,90,77,1,1,60,3,3,0.0856348979999666
s1_1000,S1-728715860,S2,US,selective_v2_compact,0,6,1,1,2,0,4,5,0,3,0.028588515000024017,36,1,5,10,106,106,0.029100295000034748,1,106,106,107,51,0,0,51,1,1,0.0680606189999935
s1_1000,S1-728715860,S3,US,selective_v2_compact,0,6,2,1,0,0,5,4,0,4,0.03214062600000034,36,3,8,8,121,111,0.03256403099999261,2,113,111,113,50,0,0,50,2,2,0.08366642999999385
s1_1000,S1-728437419,S2,India,selective_v2_compact,0,6,0,0,0,0,23,6,1,5,0.44478237700025147,45,6,29,12,60,60,0.44510001399999055,0,60,60,60,53,0,0,53,0,0,0.4715877549999732
s1_1000,S1-728437419,S3,India,selective_v2_compact,0,6,2,1,1,0,19,4,0,3,0.06615718300008666,45,3,22,8,101,100,0.06653879399993912,0,100,100,100,63,1,1,60,1,0,0.10106101500002751
s1_1000,S1-94056942,S2,US,selective_v2_compact,0,6,0,1,0,0,11,6,1,5,0.033722246000024825,45,3,14,13,294,106,0.034179088999962914,1,267,266,267,102,1,1,60,1,1,0.14566194399992582
s1_1000,S1-94056942,S3,US,selective_v2_compact,0,6,0,1,0,0,11,6,1,5,0.03353099900016332,45,3,14,13,291,105,0.03398919799997202,1,267,266,267,105,1,1,60,1,1,0.129514515999972
s1_1000,S1-626087188,S2,US,selective_v2_compact,0,6,1,1,0,0,7,5,0,5,0.016165138000133084,28,1,8,10,159,154,0.016538287999992463,64,156,154,218,137,1,1,60,1,44,0.10330098299994006
s1_1000,S1-626087188,S3,US,selective_v2_compact,0,6,1,1,0,0,8,5,0,5,0.012792641999908483,28,3,11,10,172,157,0.013127824999969562,56,162,157,213,120,1,1,60,3,46,0.09906733999991957
s1_1000,S1-982554289,S2,India,selective_v2_compact,0,6,2,1,0,0,27,4,1,3,0.06483935200003543,66,6,33,8,119,115,0.06531918999996833,2,117,115,117,86,1,1,60,3,2,0.11560014600001978
s1_1000,S1-982554289,S3,India,selective_v2_compact,0,6,3,1,0,0,27,3,0,3,0.09941858900003808,66,3,30,6,110,109,0.09992791699994541,3,109,109,112,76,1,1,60,1,3,0.14451244300005328
s1_1000,S1-650945498,S2,US,selective_v2_compact,0,6,0,0,1,0,6,6,0,5,0.018349432999912096,28,1,7,12,83,74,0.01866772599998967,2,76,74,76,51,0,0,51,2,2,0.05282559800002673
s1_1000,S1-650945498,S3,US,selective_v2_compact,0,6,0,1,2,0,6,6,0,4,0.018294562999813024,28,1,7,12,100,100,0.01861784000004718,0,100,100,100,54,0,0,54,0,0,0.06399567200003276
s1_1000,S1-223141947,S2,US,selective_v2_compact,0,6,2,1,1,0,3,4,0,3,0.01598007800009782,21,0,3,8,123,121,0.016280366000046342,0,121,121,121,78,1,1,60,1,0,0.06741158299996641
s1_1000,S1-223141947,S3,US,selective_v2_compact,0,6,1,1,1,0,4,5,0,4,0.023673485999779587,21,0,4,10,156,155,0.023997108999992633,0,155,155,155,87,1,1,60,1,0,0.0851779390000047
s1_1000,S1-939186499,S2,US,selective_v2_compact,0,6,0,0,0,0,2,6,1,5,0.045468111999980465,15,0,2,12,36,31,0.04573052400007782,1,32,31,32,32,0,0,32,1,1,0.06746019400009118
s1_1000,S1-939186499,S3,US,selective_v2_compact,0,6,0,0,0,0,2,6,1,5,0.03905242299981637,15,0,2,12,37,28,0.03930623200005812,1,29,28,29,29,0,0,29,2,1,0.055451028999982555
s1_1000,S1-717657945,S2,US,selective_v2_compact,0,6,0,1,0,0,3,6,0,6,0.02809646599973803,21,0,3,13,196,105,0.02842124500000409,0,174,174,174,102,1,1,60,1,0,0.10200904299995273
s1_1000,S1-717657945,S3,US,selective_v2_compact,0,6,0,0,0,0,3,6,0,6,0.0283835600000657,21,0,3,13,184,87,0.02871447999996235,0,159,159,159,99,1,1,60,2,0,0.09414992199992867
s1_1000,S1-229514919,S2,US,selective_v2_compact,0,6,3,1,0,0,6,3,0,3,0.04671483199990689,28,0,6,6,108,106,0.047040595999988,0,106,106,106,47,0,0,47,1,0,0.08765515200002483
s1_1000,S1-229514919,S3,US,selective_v2_compact,0,6,0,0,0,0,11,6,1,5,0.1974702210001169,28,1,12,12,76,73,0.19777011600001515,0,73,73,73,68,1,1,60,1,0,0.2304824830000598
s1_1000,S1-175958937,S2,India,selective_v2_compact,0,6,0,0,1,0,22,6,0,5,0.18332314199994926,55,6,28,12,90,87,0.1837797660000433,3,90,87,90,81,1,1,60,0,3,0.22530067800005327
s1_1000,S1-175958937,S3,India,selective_v2_compact,0,6,0,1,0,0,19,6,1,5,0.17421342200020717,55,3,22,12,110,101,0.17469627299999502,7,108,101,108,76,1,1,60,0,7,0.22410857499994563
s1_1000,S1-408524377,S2,India,selective_v2_compact,0,6,0,0,0,0,19,6,0,6,0.03764513500004796,78,10,29,13,79,21,0.03824754499999017,5,37,34,39,39,0,0,39,1,5,0.05684186400003455
s1_1000,S1-408524377,S3,India,selective_v2_compact,0,6,0,0,1,0,21,6,0,5,0.09744061999992937,78,6,27,13,53,21,0.09814585699996314,13,34,34,47,47,0,0,47,2,13,0.12438825499998529
s1_1000,S1-556310487,S2,US,selective_v2_compact,0,6,0,0,0,0,0,6,2,4,0.029913895999925444,15,0,0,12,5,4,0.03021774199999072,0,4,4,4,4,0,0,4,1,0,0.0362570649999725
s1_1000,S1-556310487,S3,US,selective_v2_compact,0,6,0,0,1,0,1,6,1,4,0.03263198100012232,15,0,1,12,68,65,0.032944501999963904,1,66,65,66,57,0,0,57,1,1,0.06416226500004996
s1_1000,S1-447515688,S2,India,selective_v2_compact,0,6,0,1,0,0,26,6,0,6,0.42203590500014343,78,21,47,12,197,159,0.4225985179999725,7,166,159,166,82,1,1,60,2,7,0.4947965869999962
s1_1000,S1-447515688,S3,India,selective_v2_compact,0,6,1,1,0,0,30,5,1,4,0.08353552799997033,78,10,40,10,155,147,0.08405902300000889,2,149,147,149,94,1,1,60,3,2,0.1413154910000003
s1_1000,S1-469262072,S2,US,selective_v2_compact,0,6,0,0,4,0,3,6,1,1,0.006686718000082692,36,1,4,14,17,2,0.007040662000008524,0,17,17,17,17,0,0,17,0,0,0.020165872000006857
s1_1000,S1-469262072,S3,US,selective_v2_compact,0,6,2,1,1,0,4,4,0,3,0.007104659999981777,36,3,7,10,174,131,0.007518313999980819,0,171,171,171,83,1,1,60,1,0,0.07588221600008183
s1_1000,S1-910511213,S2,India,selective_v2_compact,0,6,3,1,0,0,31,3,0,3,0.104796080999904,66,10,41,6,131,131,0.10527905300000384,2,131,131,133,81,1,1,60,1,2,0.1547815090000313
s1_1000,S1-910511213,S3,India,selective_v2_compact,0,6,2,1,0,0,31,4,0,4,0.042680513999926006,66,6,37,8,204,201,0.04315972499989584,4,201,201,205,94,1,1,60,1,4,0.1318044680000412
s1_1000,S1-568262604,S2,India,selective_v2_compact,0,6,1,1,1,0,14,5,0,4,0.05292261800025244,120,21,35,16,250,109,0.05388976000006096,1,208,207,208,80,1,1,60,2,1,0.14667524300000423
s1_1000,S1-568262604,S3,India,selective_v2_compact,0,6,0,0,0,0,16,6,0,6,0.17022204600004898,120,21,37,18,192,52,0.17114759799994772,0,152,152,152,84,1,1,60,1,0,0.25015984499998467
s1_1000,S1-3965597,S2,India,selective_v2_compact,0,6,3,1,0,0,37,3,0,3,0.061702387000082126,120,28,65,9,150,101,0.06237319700005628,0,142,142,142,76,1,1,60,2,0,0.12716507699997237
s1_1000,S1-3965597,S3,India,selective_v2_compact,0,6,2,1,0,0,39,4,0,4,0.057779728000014074,120,21,60,11,249,221,0.058576722999987396,0,245,245,245,84,1,1,60,1,0,0.16416356999991422
s1_1000,S1-712267907,S2,US,selective_v2_compact,0,6,0,0,0,0,12,6,1,5,0.0339151259998971,36,3,15,12,40,34,0.03424250299997311,0,34,34,34,34,0,0,34,2,0,0.0541277600000285
s1_1000,S1-712267907,S3,US,selective_v2_compact,0,6,0,0,0,0,12,6,1,5,0.02956301300002906,36,3,15,12,40,35,0.029872777000036876,1,36,35,36,36,0,0,36,1,1,0.04695899000000736
s1_1000,S1-571269849,S2,US,selective_v2_compact,0,6,0,0,0,0,14,6,1,5,0.014268020999907094,45,6,20,13,176,89,0.01466243899994879,1,168,167,168,96,1,1,60,2,1,0.07490926200000558
s1_1000,S1-571269849,S3,US,selective_v2_compact,0,6,0,1,0,0,14,6,1,5,0.016497938000156864,45,6,20,13,205,108,0.016894484999966153,1,192,191,192,92,1,1,60,2,1,0.09645095899998068
s1_1000,S1-53898759,S2,US,selective_v2_compact,0,6,0,1,1,1,6,6,0,5,0.026709885999935068,15,1,7,12,107,104,0.026938003999930515,33,105,104,137,114,1,1,60,2,33,0.08721286900004088
s1_1000,S1-53898759,S3,US,selective_v2_compact,0,6,0,1,0,1,6,6,0,6,0.05003058599982069,15,1,7,12,132,121,0.05032137400007741,26,122,121,147,105,1,1,60,3,26,0.10867200900008811
s1_1000,S1-925577931,S2,US,selective_v2_compact,0,6,0,0,0,0,9,6,0,6,0.08035713499998565,36,1,10,14,353,75,0.08078342299995711,0,313,313,313,112,1,1,60,1,0,0.20018267299997206
s1_1000,S1-925577931,S3,US,selective_v2_compact,0,6,0,0,0,0,9,6,0,6,0.07938769999998385,36,1,10,14,353,95,0.07982482500005972,1,312,311,312,113,1,1,60,2,1,0.22520868200001587
s1_1000,S1-607322610,S2,India,selective_v2_compact,0,6,0,0,3,0,15,6,0,3,0.003158721999852787,45,3,18,16,83,43,0.003495953999959056,2,63,61,63,58,0,0,58,0,2,0.034327899000004436
s1_1000,S1-607322610,S3,India,selective_v2_compact,0,6,0,0,0,0,12,6,0,6,0.03200603799984947,45,3,15,16,142,57,0.03240361899997879,14,90,89,103,85,1,1,60,3,14,0.0764869129999397
s1_1000,S1-617480537,S2,US,selective_v2_compact,0,6,0,0,2,0,2,6,0,4,0.035743188999958875,36,0,2,12,88,82,0.036231321000059324,3,85,82,85,58,0,0,58,3,3,0.07754275199999938
s1_1000,S1-617480537,S3,US,selective_v2_compact,0,6,0,0,0,0,5,6,0,6,0.04354612700001326,36,1,6,13,152,99,0.04399660599995059,5,142,137,142,98,1,1,60,3,5,0.10266432000003078
s1_1000,S1-617714375,S2,US,selective_v2_compact,0,6,1,1,1,0,3,5,0,4,0.009550715000045784,21,1,4,12,135,118,0.0098679179999408,0,131,131,131,56,0,0,56,1,0,0.06180146799999875
s1_1000,S1-617714375,S3,US,selective_v2_compact,0,6,0,0,2,0,4,6,0,4,0.018732498000076703,21,1,5,14,46,27,0.018999764999989566,0,42,42,42,42,0,0,42,0,0,0.03952109599993037
s1_1000,S1-548687090,S2,India,selective_v2_compact,0,6,0,0,3,0,14,6,0,3,0.06099193600005037,66,6,20,16,133,62,0.06153455000003305,1,124,123,124,91,1,1,60,1,1,0.11839058499992916
s1_1000,S1-548687090,S3,India,selective_v2_compact,0,6,0,1,2,0,12,6,0,4,0.15904811400002927,66,6,18,16,208,116,0.15967729099997996,1,182,181,182,118,1,1,60,1,1,0.23745893199998136
s1_1000,S1-703174498,S2,India,selective_v2_compact,0,6,0,0,1,0,21,6,0,5,0.29384470400009377,66,6,27,13,87,34,0.2943714389999741,10,73,73,83,71,1,1,60,0,10,0.32782916399992246
s1_1000,S1-703174498,S3,India,selective_v2_compact,0,6,0,0,0,0,22,6,0,6,0.038924856999983604,66,3,25,14,115,29,0.039450366999972175,9,83,83,92,74,1,1,60,4,9,0.07650402399997347
s1_1000,S1-785764526,S2,India,selective_v2_compact,0,6,0,0,1,0,10,6,0,5,0.0805615299997271,55,1,11,15,100,87,0.08109801399996286,1,89,88,89,46,0,0,46,1,1,0.12910749299999225
s1_1000,S1-785764526,S3,India,selective_v2_compact,0,6,2,1,0,0,6,4,0,4,0.03356733299995085,55,1,7,11,153,142,0.03415253599996504,2,144,142,144,40,0,0,40,2,2,0.09347422799999094
s1_1000,S1-376767576,S2,US,selective_v2_compact,0,6,0,0,1,0,6,6,0,5,0.02583009599993602,28,1,7,13,29,10,0.02611251500002254,0,25,25,25,25,0,0,25,2,0,0.04254109300006803
s1_1000,S1-376767576,S3,US,selective_v2_compact,0,6,0,0,0,0,6,6,0,6,0.0264042309999013,28,1,7,13,43,17,0.026673583000047074,0,33,33,33,33,0,0,33,2,0,0.04052872300007948
s1_1000,S1-879036575,S2,US,selective_v2_compact,0,6,0,1,1,0,2,6,0,5,0.15712479000023905,15,0,2,12,145,141,0.15749735800000053,91,144,141,232,120,1,1,60,1,40,0.24632446400005392
s1_1000,S1-879036575,S3,US,selective_v2_compact,0,6,0,1,0,0,2,6,0,6,0.21740324699999292,15,0,2,12,151,146,0.21777755000005072,119,146,146,265,100,1,1,60,2,40,0.3158274160000474
s1_1000,S1-137109332,S2,India,selective_v2_compact,0,6,0,1,0,0,0,6,0,6,0.1475481709999258,55,21,21,14,157,104,0.14806291200000032,1,122,121,122,68,1,1,60,2,1,0.2051444049999418
s1_1000,S1-137109332,S3,India,selective_v2_compact,0,6,0,0,1,0,6,6,0,5,0.25747923600010836,55,15,21,14,70,21,0.2579333010000937,0,42,42,42,42,0,0,42,2,0,0.2787876769999684
s1_1000,S1-74161638,S2,US,selective_v2_compact,0,6,0,0,2,0,7,6,0,4,0.01914910800007874,55,1,8,12,58,54,0.019711623999910444,0,54,54,54,52,0,0,52,1,0,0.03996650999999929
s1_1000,S1-74161638,S3,US,selective_v2_compact,0,6,2,1,0,0,11,4,0,4,0.02334536399996523,55,3,14,8,129,124,0.023866290000000845,1,125,124,125,85,1,1,60,1,1,0.08064295399992716
s1_1000,S1-812960792,S2,India,selective_v2_compact,0,6,1,1,0,0,36,5,0,5,0.04210502099988389,105,21,57,11,130,102,0.042688863999956084,2,111,109,111,85,1,1,60,3,2,0.08394135499997901
s1_1000,S1-812960792,S3,India,selective_v2_compact,0,6,2,1,0,0,40,4,0,4,0.020043726000153583,105,15,55,9,117,106,0.02066764799997145,1,112,111,112,89,1,1,60,3,1,0.07514950000006593
s1_1000,S1-371328674,S2,India,selective_v2_compact,0,6,3,1,1,0,17,3,0,2,0.012345766999942498,55,6,23,8,136,127,0.0127584230000366,0,136,136,136,52,0,0,52,0,0,0.06892854299996998
s1_1000,S1-371328674,S3,India,selective_v2_compact,0,6,0,0,0,0,14,6,1,5,0.04044236099991849,55,1,15,14,99,77,0.04094111800009159,0,90,90,90,52,0,0,52,1,0,0.08031076200006737
s1_1000,S1-30617375,S2,India,selective_v2_compact,0,6,1,1,0,0,41,5,0,5,0.04597442199997204,105,15,56,10,113,105,0.046573193000085666,2,107,105,107,64,1,1,60,2,2,0.09350967500006391
s1_1000,S1-30617375,S3,India,selective_v2_compact,0,6,0,0,1,0,40,6,1,4,0.04657024200002979,105,6,46,13,136,71,0.0472681390000389,2,127,125,127,90,1,1,60,3,2,0.09762020400000893
s1_1000,S1-573726315,S2,US,selective_v2_compact,0,6,0,0,0,1,2,6,0,6,0.03650464600025316,10,0,2,12,113,98,0.03674829500005217,84,109,98,182,97,1,1,60,1,20,0.11763921499994012
s1_1000,S1-573726315,S3,US,selective_v2_compact,0,6,0,1,1,1,2,6,0,5,0.04489869200017438,10,0,2,12,121,106,0.0451579609999726,93,119,106,199,101,1,1,60,1,27,0.11703284600002917
s1_1000,S1-354085195,S2,India,selective_v2_compact,0,6,1,1,0,0,24,5,0,5,0.1130823699999155,105,21,45,12,264,235,0.11386396599993986,1,246,245,246,91,1,1,60,1,1,0.2044657090000328
s1_1000,S1-354085195,S3,India,selective_v2_compact,0,6,0,1,0,0,30,6,1,5,0.2846193169999651,105,6,36,14,249,205,0.2855059099999835,2,216,214,216,85,1,1,60,4,2,0.37441286200009927
s1_1000,S1-770102800,S2,US,selective_v2_compact,0,6,0,0,0,0,4,6,0,6,0.06512966399986908,15,0,4,13,237,84,0.06541960699996707,0,214,214,214,92,1,1,60,2,0,0.14895290799995564
s1_1000,S1-770102800,S3,US,selective_v2_compact,0,6,0,0,0,0,4,6,0,6,0.0699013459999378,15,0,4,13,262,78,0.07019673199999943,3,222,219,222,72,1,1,60,4,3,0.1466597459999548
s1_1000,S1-459488906,S2,US,selective_v2_compact,0,6,3,1,0,0,9,3,0,3,0.05221845099993061,21,1,10,6,146,134,0.05249230200001875,12,146,134,146,68,1,1,60,0,12,0.106899209000062
s1_1000,S1-459488906,S3,US,selective_v2_compact,0,6,3,1,0,0,9,3,0,3,0.04950509399986913,21,1,10,6,168,150,0.049779255999965244,16,166,150,166,62,1,1,60,0,16,0.11140421700008574
s1_1000,S1-791044420,S2,US,selective_v2_compact,0,6,3,1,0,0,5,3,0,3,0.07251111799996579,21,0,5,7,202,116,0.07282454700009566,33,200,167,200,119,1,1,60,1,33,0.1501881299999468
s1_1000,S1-791044420,S3,US,selective_v2_compact,0,6,3,1,1,0,5,3,0,2,0.08428198599995085,21,0,5,8,238,129,0.08467114099994433,34,200,166,200,79,1,1,60,1,34,0.1577890579999348
s1_1000,S1-557931744,S2,US,selective_v2_compact,0,6,0,0,3,0,3,6,0,3,0.01506926000013209,45,1,4,16,281,46,0.015590726000027644,1,266,265,266,113,1,1,60,3,1,0.11938780599996335
s1_1000,S1-557931744,S3,US,selective_v2_compact,0,6,0,0,1,0,8,6,0,5,0.01779540599977736,45,3,11,15,282,49,0.018229333000022052,0,274,274,274,112,1,1,60,1,0,0.12581081299993002
s1_1000,S1-322467193,S2,US,selective_v2_compact,0,6,0,0,2,0,4,6,0,4,0.032786361999910696,21,0,4,12,86,86,0.03311374399993383,0,86,86,86,61,1,1,60,0,0,0.06774247300006664
s1_1000,S1-322467193,S3,US,selective_v2_compact,0,6,0,0,1,0,5,6,0,5,0.0325792780000711,21,0,5,12,95,93,0.03288292199999887,0,93,93,93,73,1,1,60,0,0,0.07072405499991419
s1_1000,S1-866419638,S2,India,selective_v2_compact,0,6,0,0,1,0,8,6,0,5,0.05789760900006513,55,6,14,15,75,47,0.05838946799997302,1,66,65,66,57,0,0,57,0,1,0.08579013400003532
s1_1000,S1-866419638,S3,India,selective_v2_compact,0,6,2,1,1,0,8,4,0,3,0.05899533699994208,45,1,9,10,156,135,0.05945475900000474,2,155,153,155,52,0,0,52,1,2,0.12938266499998008
s1_1000,S1-813797494,S2,India,selective_v2_compact,0,6,1,1,0,0,30,5,0,5,0.03383671299980051,105,10,40,11,216,143,0.034671036999952776,6,169,169,175,85,1,1,60,3,6,0.11172446499995203
s1_1000,S1-813797494,S3,India,selective_v2_compact,0,6,0,0,1,0,31,6,1,4,0.024164917999883073,105,3,34,13,116,95,0.02498854600003142,10,109,109,119,83,1,1,60,1,10,0.07505132999995112
s1_1000,S1-955186399,S2,US,selective_v2_compact,0,6,0,0,0,0,3,6,0,6,0.03100849899988134,36,1,4,13,121,90,0.0314589160000196,0,105,105,105,54,0,0,54,2,0,0.08407184099996812
s1_1000,S1-955186399,S3,US,selective_v2_compact,0,6,0,0,0,0,3,6,0,6,0.025316996999777075,36,1,4,13,122,92,0.025753962999942814,1,107,106,107,69,1,1,60,1,1,0.07578515700004118
s1_1000,S1-520103019,S2,US,selective_v2_compact,0,6,3,1,1,0,1,3,0,2,0.0757527589998972,21,0,1,6,151,118,0.0760931410000012,32,150,118,150,42,0,0,42,0,32,0.1345713450000403
s1_1000,S1-520103019,S3,US,selective_v2_compact,0,6,3,1,0,0,1,3,0,3,0.0638760109999339,21,0,1,6,147,118,0.06421668099994804,29,147,118,147,43,0,0,43,0,29,0.12004403100002037
s1_1000,S1-258185803,S2,India,selective_v2_compact,0,6,0,0,0,0,30,6,0,6,0.03140332800012402,120,6,36,14,136,34,0.03229982100003781,8,91,91,99,52,0,0,52,2,8,0.08131895099995745
s1_1000,S1-258185803,S3,India,selective_v2_compact,0,6,0,0,2,0,31,6,0,4,0.024582638000083534,120,3,34,14,101,30,0.025462576999984776,12,79,79,91,60,1,0,60,0,12,0.06560568199995487
s1_1000,S1-773472108,S2,US,selective_v2_compact,0,6,0,0,2,0,2,6,0,4,0.03542780699990544,21,1,3,13,217,56,0.035774208000020735,0,214,214,214,96,1,1,60,0,0,0.11902904599992326
s1_1000,S1-773472108,S3,US,selective_v2_compact,0,6,0,0,4,0,2,6,0,2,0.03403990200001772,21,1,3,13,222,55,0.034372715000017706,0,222,222,222,95,1,1,60,0,0,0.1173704440000165
s1_1000,S1-790850301,S2,US,selective_v2_compact,0,6,0,0,0,0,6,6,2,4,0.0109580509999887,36,1,7,14,60,0,0.01130386800002725,0,27,27,27,27,0,0,27,1,0,0.025509419000059097
s1_1000,S1-790850301,S3,US,selective_v2_compact,0,6,2,1,0,0,7,4,1,3,0.009430904000055307,36,1,8,10,206,143,0.009833815999968465,0,172,172,172,40,0,0,40,2,0,0.0743483669999705
s1_1000,S1-588443658,S2,US,selective_v2_compact,0,6,1,1,0,0,3,5,0,5,0.02411626399987199,15,0,3,10,130,119,0.024415107999971042,2,121,119,121,78,1,1,60,3,2,0.07146051299991996
s1_1000,S1-588443658,S3,US,selective_v2_compact,0,6,2,1,1,0,3,4,0,3,0.02523947000008775,15,0,3,8,103,103,0.025523332000034316,2,103,103,105,62,1,1,60,4,2,0.07088261399997009
s1_1000,S1-480966375,S2,US,selective_v2_compact,0,6,0,0,0,0,7,6,1,5,0.013096172000018669,45,1,8,14,307,8,0.013544831999979579,0,281,281,281,79,1,1,60,1,0,0.1288923160000195
s1_1000,S1-480966375,S3,US,selective_v2_compact,0,6,0,0,0,0,8,6,1,5,0.012015216999884615,45,1,9,13,55,22,0.012437572999942859,0,49,49,49,47,0,0,47,1,0,0.03405485400003272
s1_1000,S1-843890090,S2,India,selective_v2_compact,0,6,0,0,0,0,10,6,0,6,0.012424800999838226,78,15,25,15,60,9,0.01299753699993289,1,51,50,51,49,0,0,49,2,1,0.03859991800004536
s1_1000,S1-843890090,S3,India,selective_v2_compact,0,6,0,0,1,0,13,6,1,4,0.03269073799992839,66,10,23,14,72,20,0.03319710400000986,2,59,57,59,59,0,0,59,3,2,0.05932745099994463
s1_1000,S1-61871677,S2,US,selective_v2_compact,0,6,1,1,0,0,17,5,0,5,0.013863324999988436,45,6,23,12,332,141,0.01425071299991032,59,305,300,359,162,1,1,60,4,53,0.15099248199999238
s1_1000,S1-61871677,S3,US,selective_v2_compact,0,6,2,1,0,0,17,4,0,4,0.01681964399995195,36,6,23,9,388,215,0.01716515199996138,53,380,380,433,169,1,1,60,1,51,0.17487579900000583
s1_1000,S1-260598709,S2,US,selective_v2_compact,0,6,3,1,0,0,7,3,0,3,0.02434163499992792,28,1,8,6,142,136,0.024683273999926314,2,138,136,138,66,1,1,60,2,2,0.07444934099999045
s1_1000,S1-260598709,S3,US,selective_v2_compact,0,6,1,1,0,0,7,5,0,5,0.023610024000049634,28,3,10,10,136,130,0.02399064200005796,1,131,130,131,73,1,1,60,2,1,0.07408800599989718
s1_1000,S1-845153701,S2,US,selective_v2_compact,0,6,0,0,0,0,12,6,1,5,0.02021545799971136,45,1,13,12,53,49,0.020628883000085807,1,49,49,50,50,0,0,50,1,1,0.043852552999965155
s1_1000,S1-845153701,S3,US,selective_v2_compact,0,6,0,0,0,0,13,6,1,5,0.022409906000120827,45,1,14,12,55,52,0.022815499999978783,2,53,52,54,54,0,0,54,1,2,0.03924816100004591
s1_1000,S1-849079218,S2,US,selective_v2_compact,0,6,0,0,1,0,0,6,0,5,0.010914979999938623,15,0,0,12,80,72,0.011189081999987138,1,73,72,73,48,0,0,48,2,1,0.04041653700005554
s1_1000,S1-849079218,S3,US,selective_v2_compact,0,6,0,1,0,0,0,6,0,6,0.008515956999985974,15,0,0,12,108,101,0.008820211999932326,0,101,101,101,52,0,0,52,1,0,0.04870752099998299
s1_1000,S1-182087716,S2,US,selective_v2_compact,0,6,0,0,3,0,6,6,0,3,0.050404824999986886,28,1,7,12,91,90,0.050815947000046435,0,90,90,90,77,1,1,60,0,0,0.0926493560000381
s1_1000,S1-182087716,S3,US,selective_v2_compact,0,6,1,1,0,0,6,5,0,5,0.05251894399998491,28,1,7,10,112,108,0.052884922999965056,1,109,108,109,79,1,1,60,1,1,0.0959924090000186
s1_1000,S1-143018597,S2,US,selective_v2_compact,0,6,0,0,0,0,1,6,0,6,0.020121014000096693,21,0,1,12,101,85,0.02045635100000709,3,88,85,88,63,1,1,60,3,3,0.05750422500000241
s1_1000,S1-143018597,S3,US,selective_v2_compact,0,6,1,1,0,0,2,5,0,5,0.020750634999899376,21,0,2,10,114,107,0.02110787000003711,1,108,107,108,74,1,1,60,2,1,0.06944048299999395
s1_1000,S1-497491595,S2,US,selective_v2_compact,0,6,0,0,3,0,2,6,0,3,0.02575950899995405,28,0,2,15,207,92,0.026142420999917704,0,173,173,173,106,1,1,60,1,0,0.09064156599993112
s1_1000,S1-497491595,S3,US,selective_v2_compact,0,6,3,1,1,0,2,3,0,2,0.03128130399989004,28,0,2,8,159,101,0.03166263200000685,1,129,128,129,47,0,0,47,3,1,0.08640367400005289
s1_1000,S1-840845463,S2,US,selective_v2_compact,0,6,2,1,0,0,3,4,0,4,0.00783436599988363,15,0,3,8,127,125,0.00809419600000183,0,125,125,125,73,1,1,60,2,0,0.05797853400008535
s1_1000,S1-840845463,S3,US,selective_v2_compact,0,6,2,1,1,0,3,4,0,3,0.008751498999913565,15,0,3,8,145,139,0.009073209999996834,1,140,139,140,74,1,1,60,1,1,0.05937772400000085
s1_1000,S1-514427791,S2,US,selective_v2_compact,0,6,0,0,0,0,1,6,0,6,0.013552768000067772,15,1,2,15,400,70,0.013866825000036442,5,321,316,321,76,1,1,60,3,5,0.14129254600004515
s1_1000,S1-514427791,S3,US,selective_v2_compact,0,6,0,1,0,0,1,6,0,6,0.012206912000010561,15,1,2,14,180,111,0.012513916999978392,2,139,137,139,78,1,1,60,1,2,0.06968862200005788
s1_1000,S1-707712795,S2,India,selective_v2_compact,0,6,0,0,0,0,10,6,0,6,0.05052630099999078,55,3,13,15,67,51,0.05106672800002343,3,53,52,55,55,0,0,55,1,3,0.0782100440000022
s1_1000,S1-707712795,S3,India,selective_v2_compact,0,6,0,0,1,0,11,6,0,5,0.06348351300005106,55,1,12,15,69,55,0.06406078600002729,4,58,57,61,61,1,1,60,3,4,0.09819700200000625
s1_1000,S1-566917738,S2,India,selective_v2_compact,0,6,0,0,0,0,10,6,1,5,0.020826699999929588,36,1,11,13,59,28,0.02119006200007334,2,43,41,43,43,0,0,43,1,2,0.044446994000054474
s1_1000,S1-566917738,S3,India,selective_v2_compact,0,6,0,0,0,0,8,6,1,5,0.3442189359998338,36,0,8,13,98,72,0.34465679400000226,3,90,87,90,62,1,1,60,1,3,0.3807186300000467
s1_1000,S1-959142386,S2,US,selective_v2_compact,0,6,0,0,3,0,4,6,1,2,0.024821998999982497,36,0,4,13,89,83,0.025276651000012862,1,89,89,90,44,0,0,44,2,1,0.06592958900000667
s1_1000,S1-959142386,S3,US,selective_v2_compact,0,6,0,0,1,0,5,6,1,4,0.02569122300019444,45,0,5,12,16,13,0.026175082000008842,1,14,13,14,14,0,0,14,2,1,0.033666563999986465
s1_1000,S1-635056779,S2,US,selective_v2_compact,0,6,4,1,0,0,3,2,0,2,0.006907976999968923,15,0,3,5,208,104,0.0071511620000137555,1,205,204,205,79,1,1,60,2,1,0.08564915499994186
s1_1000,S1-635056779,S3,US,selective_v2_compact,0,6,4,1,1,0,3,2,0,1,0.00594925100006094,15,0,3,5,223,120,0.006184013999927629,0,223,223,223,80,1,1,60,2,0,0.09928892400000677
s1_1000,S1-918291535,S2,US,selective_v2_compact,0,6,0,0,0,0,4,6,1,5,0.02215606499999012,36,1,5,15,139,87,0.022585259000038604,2,102,100,102,44,0,0,44,5,2,0.061094848999914575
s1_1000,S1-918291535,S3,US,selective_v2_compact,0,6,0,0,0,0,3,6,1,5,0.017873209999947903,36,3,6,15,116,95,0.018289793999997528,1,100,99,100,43,0,0,43,2,1,0.062343044000044756
s1_1000,S1-232298053,S2,US,selective_v2_compact,0,6,0,0,0,0,1,6,1,5,0.008849827000176447,21,0,1,15,176,0,0.009151952000024721,3,143,140,143,44,0,0,44,4,3,0.07056238799998482
s1_1000,S1-232298053,S3,US,selective_v2_compact,0,6,0,0,1,0,1,6,1,4,0.00654962999988129,21,0,1,15,132,0,0.006833905999997114,1,124,123,124,50,0,0,50,2,1,0.056366508000110116
s1_1000,S1-972777978,S2,US,selective_v2_compact,0,6,0,0,0,0,5,6,0,6,0.023949653999920884,28,1,6,13,98,84,0.02431038300005639,1,87,86,87,62,1,1,60,3,1,0.05433263999998417
s1_1000,S1-972777978,S3,US,selective_v2_compact,0,6,0,0,0,0,6,6,0,6,0.024513169999977436,28,1,7,13,104,90,0.024897161000012602,1,93,92,93,63,1,1,60,2,1,0.06424793799999406
s1_1000,S1-939107867,S2,India,selective_v2_compact,0,6,3,1,0,0,32,3,0,3,0.030424161999917487,91,10,42,8,112,102,0.03104602199994133,5,108,103,108,79,1,1,60,2,5,0.08285128499994698
s1_1000,S1-939107867,S3,India,selective_v2_compact,0,6,3,1,0,0,34,3,0,3,0.04646307500001967,91,3,37,8,132,116,0.04720330100008141,11,128,117,128,80,1,1,60,1,11,0.09928229800004829
s1_1000,S1-410986076,S2,US,selective_v2_compact,0,6,3,1,1,0,13,3,0,2,0.028586362000055487,36,1,14,7,260,200,0.028982590000055097,44,260,260,304,156,1,1,60,0,44,0.1411087059999545
s1_1000,S1-410986076,S3,US,selective_v2_compact,0,6,3,1,1,0,13,3,0,2,0.03324826599998687,36,1,14,7,253,185,0.033648147000008066,35,253,253,288,150,1,1,60,0,35,0.1493918119999762
s1_1000,S1-586341558,S2,India,selective_v2_compact,0,6,0,0,0,0,35,6,1,5,0.16038463899997168,91,15,50,12,61,44,0.16099706199997854,36,46,44,80,80,1,1,60,4,36,0.18929997100008222
s1_1000,S1-586341558,S3,India,selective_v2_compact,0,6,0,0,0,0,34,6,1,5,0.042361991999882775,91,10,44,12,36,31,0.042941549000033774,49,32,31,80,73,1,1,60,3,42,0.07556176100001721
s1_1000,S1-326725359,S2,US,selective_v2_compact,0,6,0,0,0,0,12,6,1,5,0.011676280000074257,36,1,13,13,325,44,0.012032582999950137,13,286,286,299,97,1,1,60,1,13,0.11379300300006889
s1_1000,S1-326725359,S3,US,selective_v2_compact,0,6,0,0,0,0,12,6,1,5,0.011980844000049728,36,1,13,13,304,38,0.012350536999974793,17,253,251,268,93,1,1,60,4,17,0.11053274300002158
s1_1000,S1-353308813,S2,US,selective_v2_compact,0,6,0,0,0,0,4,6,0,6,0.045237506000034955,15,0,4,12,39,36,0.045465599000067414,0,36,36,36,36,0,0,36,2,0,0.057328955999992104
s1_1000,S1-353308813,S3,US,selective_v2_compact,0,6,0,0,0,0,4,6,0,6,0.03947188099982668,15,0,4,12,59,50,0.03970591300003434,1,51,50,51,51,0,0,51,3,1,0.060401041999966765
s1_1000,S1-132364004,S2,India,selective_v2_compact,0,6,0,0,2,0,17,6,0,4,0.06813410200027192,105,15,32,16,119,33,0.06899919400007093,0,65,65,65,56,0,0,56,0,0,0.10128450799993516
s1_1000,S1-132364004,S3,India,selective_v2_compact,0,6,0,0,2,0,21,6,0,4,0.0375368590001699,105,10,31,16,60,5,0.03834468200000174,1,34,33,34,34,0,0,34,1,1,0.06284580999999889
s1_1000,S1-198077365,S2,US,selective_v2_compact,0,6,0,1,2,0,8,6,0,4,0.042461205999984486,36,1,9,13,237,140,0.04296886800000266,0,205,205,205,111,1,1,60,0,0,0.11997229399992193
s1_1000,S1-198077365,S3,US,selective_v2_compact,0,6,0,1,1,0,9,6,0,5,0.03234753300000648,36,1,10,13,264,139,0.03285789299991393,1,224,223,224,112,1,1,60,1,1,0.10627181799998198
s1_1000,S1-272648186,S2,US,selective_v2_compact,0,6,0,0,0,0,2,6,0,6,0.006600420000040685,15,1,3,15,99,45,0.0068456569999852945,119,86,85,204,85,1,1,60,1,46,0.04921692300001723
s1_1000,S1-272648186,S3,US,selective_v2_compact,0,6,0,0,0,1,2,6,0,6,0.009575303000133317,10,1,3,12,108,90,0.009828977999973176,112,98,90,202,116,1,1,60,2,47,0.04236627499994938
s1_1000,S1-20672382,S2,US,selective_v2_compact,0,6,2,1,1,0,17,4,0,3,0.05519872299987583,78,1,18,8,157,143,0.05591735999996672,12,155,143,155,46,0,0,46,2,12,0.11264053900004001
s1_1000,S1-20672382,S3,US,selective_v2_compact,0,6,0,0,2,0,25,6,1,3,0.059682567999743696,78,3,28,13,242,9,0.060255934999986493,6,241,241,247,53,0,0,53,0,6,0.16029081600004247
s1_1000,S1-835228831,S2,US,selective_v2_compact,0,6,0,0,0,0,4,6,0,6,0.008056390999854557,28,1,5,14,194,16,0.008390373999986878,1,180,179,180,61,1,1,60,3,1,0.08030215700000554
s1_1000,S1-835228831,S3,US,selective_v2_compact,0,6,0,0,0,0,4,6,0,6,0.00928575400007503,28,1,5,14,179,15,0.00960333399996216,0,170,170,170,56,0,0,56,2,0,0.08221679499990842
s1_1000,S1-851151897,S2,India,selective_v2_compact,0,6,0,0,0,0,23,6,0,6,0.002380666000021847,105,15,38,17,138,2,0.0030888079999158435,1,113,112,113,79,1,1,60,1,1,0.05946327399999518
s1_1000,S1-851151897,S3,India,selective_v2_compact,0,6,0,0,1,0,25,6,0,5,0.003745169999774589,105,10,35,16,91,4,0.004502999000010277,1,68,67,68,47,0,0,47,3,1,0.04217096100001072
s1_1000,S1-423722776,S2,US,selective_v2_compact,0,6,1,1,1,0,6,5,0,4,0.04916758900014884,28,1,7,10,174,174,0.04958251999994445,0,174,174,174,95,1,1,60,0,0,0.1244836519999808
s1_1000,S1-423722776,S3,US,selective_v2_compact,0,6,1,1,1,0,7,5,0,4,0.04207538699995439,28,1,8,10,175,174,0.042479004999904646,0,174,174,174,98,1,1,60,2,0,0.1078519379999534
s1_1000,S1-542941807,S2,India,selective_v2_compact,0,6,0,0,0,12,62,6,1,5,0.012099517999786258,120,28,90,13,39,11,0.012485749999996187,0,25,25,25,25,0,0,25,1,0,0.02617383599999812
s1_1000,S1-542941807,S3,India,selective_v2_compact,0,6,0,1,3,0,70,6,1,2,0.08589888000005885,120,15,85,14,236,174,0.08644569900002352,0,235,235,235,96,1,1,60,0,0,0.1668375520000609
s1_1000,S1-77568999,S2,India,selective_v2_compact,0,6,2,1,0,0,19,4,0,4,0.18999218599992673,66,10,29,8,211,207,0.19067082800006574,0,207,207,207,85,1,1,60,1,0,0.271052673999975
s1_1000,S1-77568999,S3,India,selective_v2_compact,0,6,1,1,0,0,25,5,0,5,0.21000642600006358,66,6,31,10,102,100,0.21054870900002243,4,100,100,104,58,0,0,58,1,4,0.251606895000009
s1_1000,S1-281915633,S2,US,selective_v2_compact,0,6,0,0,0,0,2,6,0,6,0.016924114000062218,28,0,2,13,127,17,0.01732633699998587,3,103,100,103,57,0,0,57,3,3,0.06350092900004256
s1_1000,S1-281915633,S3,US,selective_v2_compact,0,6,0,0,1,0,2,6,0,5,0.014899366999884478,28,0,2,13,148,35,0.015279630999998517,2,128,126,128,70,1,1,60,2,2,0.06685467799991329
s1_1000,S1-431297138,S2,India,selective_v2_compact,0,6,1,1,0,0,15,5,0,5,0.20860090600001513,78,21,36,11,155,125,0.20919200799994542,1,145,144,145,77,1,1,60,2,1,0.26623682000001736
s1_1000,S1-431297138,S3,India,selective_v2_compact,0,6,1,1,0,0,21,5,0,5,0.3521252339999137,78,15,36,11,142,123,0.35275398199996744,0,138,138,138,72,1,1,60,1,0,0.40250018400001863
s1_1000,S1-612842808,S2,US,selective_v2_compact,0,6,3,1,0,0,8,3,0,3,0.07088531999988845,28,1,9,6,104,103,0.07121265700004642,0,103,103,103,46,0,0,46,1,0,0.11044772000002467
s1_1000,S1-612842808,S3,US,selective_v2_compact,0,6,3,1,0,0,8,3,0,3,0.06457014999989497,28,1,9,6,117,112,0.06491042400000424,1,113,112,113,50,0,0,50,3,1,0.1123026000000209
s1_1000,S1-520412269,S2,India,selective_v2_compact,0,6,0,1,0,0,17,6,0,6,0.029533076000120673,66,1,18,13,154,119,0.030134644000099797,7,125,123,130,95,1,1,60,5,7,0.09112484000002041
s1_1000,S1-520412269,S3,India,selective_v2_compact,0,6,0,1,0,0,12,6,1,5,0.04093285699991611,66,0,12,13,141,126,0.04163001400002031,8,129,127,135,98,1,1,60,3,8,0.09187799400001495
s1_1000,S1-787210794,S2,US,selective_v2_compact,0,6,1,1,0,0,4,5,0,5,0.009038194000027033,21,1,5,11,171,131,0.009372286000029817,2,156,154,156,100,1,1,60,3,2,0.06566063900004337
s1_1000,S1-787210794,S3,US,selective_v2_compact,0,6,1,1,0,0,4,5,0,5,0.01054983800008813,21,1,5,11,149,119,0.01086675200008358,3,143,140,143,105,1,1,60,2,3,0.06159105399990494
s1_1000,S1-124462211,S2,US,selective_v2_compact,0,6,0,0,0,0,7,6,0,6,0.011347174999968956,45,1,8,14,64,12,0.011799029000030714,0,55,55,55,52,0,0,52,1,0,0.03696932100001504
s1_1000,S1-124462211,S3,US,selective_v2_compact,0,6,0,0,0,0,7,6,0,6,0.010572570999897835,45,1,8,14,96,27,0.01101098800006639,1,74,73,74,68,1,1,60,2,1,0.04492093399994701
s1_1000,S1-51865922,S2,US,selective_v2_compact,0,6,0,0,0,0,1,6,0,6,0.008284011999876384,21,0,1,14,100,12,0.008574777000035283,0,83,83,83,57,0,0,57,3,0,0.050198467000086566
s1_1000,S1-51865922,S3,US,selective_v2_compact,0,6,0,0,0,0,1,6,0,6,0.008308823000106713,21,0,1,14,89,20,0.00860471900000448,1,81,80,81,65,1,1,60,2,1,0.053387499999985266
s1_1000,S1-350834708,S2,India,selective_v2_compact,0,6,1,1,1,0,25,5,0,4,0.07104791599999771,91,21,46,10,136,133,0.07163173100002496,3,136,133,136,80,1,1,60,0,3,0.13309142399998564
s1_1000,S1-350834708,S3,India,selective_v2_compact,0,6,0,0,1,0,28,6,1,4,0.08003976700001658,91,15,43,12,76,74,0.0806199190000143,2,74,74,76,64,1,1,60,2,2,0.11087093699995876
s1_1000,S1-923292062,S2,US,selective_v2_compact,0,6,1,1,2,0,15,5,0,3,0.046401392000007036,78,1,16,10,217,209,0.04720222699995702,7,209,209,216,83,1,1,60,4,7,0.12374432599995089
s1_1000,S1-923292062,S3,US,selective_v2_compact,0,6,2,1,0,0,20,4,1,3,0.03369051099991793,78,10,30,8,167,114,0.034279318000017156,8,114,114,122,48,0,0,48,2,8,0.07716589999995449
s1_1000,S1-990218012,S2,US,selective_v2_compact,0,6,0,0,0,0,1,6,0,6,0.006784308999954192,15,0,1,13,113,53,0.007053198999983579,1,107,106,107,82,1,1,60,1,1,0.05143552099991666
s1_1000,S1-990218012,S3,US,selective_v2_compact,0,6,0,0,1,0,1,6,0,5,0.005820839999955751,15,0,1,13,121,64,0.0060730300000386706,2,110,108,110,83,1,1,60,3,2,0.04264884799999891
s1_1000,S1-423224877,S2,US,selective_v2_compact,0,6,0,0,3,0,2,6,0,3,0.053430082000090806,21,0,2,13,56,52,0.05372900199995456,0,53,53,53,53,0,0,53,1,0,0.07443442399994638
s1_1000,S1-423224877,S3,US,selective_v2_compact,0,6,0,0,0,0,3,6,0,6,0.05335895899997922,21,0,3,13,91,75,0.053736931000003096,1,78,77,78,71,1,1,60,2,1,0.078709334999985
s1_1000,S1-878547730,S2,India,selective_v2_compact,0,6,0,0,1,0,22,6,1,4,0.009046860000012202,91,10,32,14,41,26,0.009661460999950577,1,31,30,31,31,0,0,31,0,1,0.024150813000005655
s1_1000,S1-878547730,S3,India,selective_v2_compact,0,6,0,0,0,0,21,6,0,6,0.14266106200011563,78,6,27,13,121,98,0.14331357399998979,0,107,107,107,60,1,0,60,1,0,0.1874475719999964
s1_1000,S1-807591789,S2,US,selective_v2_compact,0,6,0,0,3,0,3,6,0,3,0.004575020999936896,28,1,4,13,120,88,0.004941669000004367,94,113,111,205,117,1,1,60,4,44,0.038097765999964395
s1_1000,S1-807591789,S3,US,selective_v2_compact,0,6,1,1,1,0,7,5,0,4,0.010313289000009718,28,3,10,10,120,114,0.010644581999940783,95,114,114,209,113,1,1,60,0,43,0.052562379999926634
s1_1000,S1-944458772,S2,India,selective_v2_compact,0,6,0,0,0,0,33,6,0,6,0.08299374600017018,120,15,48,12,81,61,0.08379199299997708,1,62,61,62,45,0,0,45,4,1,0.11223156800008383
s1_1000,S1-944458772,S3,India,selective_v2_compact,0,6,1,1,0,0,34,5,0,5,0.0793188170000576,120,10,44,10,111,109,0.08019620000004579,0,109,109,109,79,1,1,60,1,0,0.12271222099991519
s1_1000,S1-163959939,S2,India,selective_v2_compact,0,6,1,1,0,0,31,5,0,5,0.10512355799994566,120,10,41,11,129,109,0.10601369300002261,0,116,116,116,90,1,1,60,3,0,0.15720574800002396
s1_1000,S1-163959939,S3,India,selective_v2_compact,0,6,1,1,0,0,24,5,0,5,0.11390913799993996,120,1,25,11,148,134,0.11498090499992486,0,138,138,138,95,1,1,60,1,0,0.16928890799999863
s1_1000,S1-853088463,S2,India,selective_v2_compact,0,6,0,0,2,0,8,6,1,3,0.1141563160001624,45,6,14,13,74,66,0.11459459699995023,0,73,73,73,63,1,1,60,0,0,0.14309852199994566
s1_1000,S1-853088463,S3,India,selective_v2_compact,0,6,0,0,0,0,8,6,1,5,0.13982643199983613,45,6,14,13,70,50,0.14030723299993042,1,61,60,61,60,1,0,60,1,1,0.16547140299996954
s1_1000,S1-419879346,S2,India,selective_v2_compact,0,6,0,1,0,0,32,6,1,5,0.04968752399997811,78,15,47,12,167,162,0.05017675800002053,0,162,162,162,85,1,1,60,1,0,0.11535032699998737
s1_1000,S1-419879346,S3,India,selective_v2_compact,0,6,3,1,0,0,30,3,0,3,0.016437255000028017,78,15,45,6,108,105,0.01686526200001026,1,105,105,106,63,1,1,60,2,1,0.04873658899998645
s1_1000,S1-614934580,S2,US,selective_v2_compact,0,6,0,0,2,0,6,6,1,3,0.023839807999706863,45,0,6,14,43,1,0.02426198300008764,0,18,18,18,18,0,0,18,1,0,0.029862283000056777
s1_1000,S1-614934580,S3,US,selective_v2_compact,0,6,0,0,0,0,10,6,2,4,0.016328334999798244,45,1,11,14,48,1,0.0167135109999208,0,22,22,22,22,0,0,22,1,0,0.02141841699994984
s1_1000,S1-151748140,S2,India,selective_v2_compact,0,6,1,1,0,0,39,5,0,5,0.11088236099999449,120,10,49,10,147,141,0.11169455599997491,5,141,141,146,84,1,1,60,2,5,0.16829624700005752
s1_1000,S1-151748140,S3,India,selective_v2_compact,0,6,1,1,1,0,36,5,0,4,0.12667362699994555,120,6,42,10,157,156,0.12759846799997376,11,157,156,167,78,1,1,60,1,11,0.19806861099993966
s1_1000,S1-150168984,S2,India,selective_v2_compact,0,6,1,1,0,0,22,5,0,5,0.044890382000062345,55,10,32,10,126,115,0.04528760499999862,5,120,115,120,78,1,1,60,1,5,0.09727799600000253
s1_1000,S1-150168984,S3,India,selective_v2_compact,0,6,3,1,0,0,21,3,0,3,0.043980374000057054,55,10,31,7,163,127,0.04440809499999432,7,161,161,168,82,1,1,60,1,7,0.10621046399990064
s1_1000,S1-905791445,S2,US,selective_v2_compact,0,6,2,1,0,0,3,4,0,4,0.010562106000065796,21,0,3,9,202,156,0.01091023500009669,5,189,184,189,81,1,1,60,5,5,0.08199937599999885
s1_1000,S1-905791445,S3,US,selective_v2_compact,0,6,2,1,0,0,3,4,0,4,0.01050333499995304,21,0,3,9,197,158,0.010834399000032136,4,189,185,189,81,1,1,60,3,4,0.08267610399991554
s1_1000,S1-945761456,S2,US,selective_v2_compact,0,6,0,0,2,0,0,6,1,3,0.011557660000107717,36,1,1,12,12,11,0.0120045390000314,0,11,11,11,11,0,0,11,1,0,0.01902210000002924
s1_1000,S1-945761456,S3,US,selective_v2_compact,0,6,0,0,0,0,2,6,0,6,0.013109718999999131,36,3,5,12,66,60,0.01352906299996448,1,61,60,61,46,0,0,46,1,1,0.035965792999945734
s1_1000,S1-321236077,S2,India,selective_v2_compact,0,6,1,1,0,0,15,5,0,5,0.12244523299989396,91,3,18,12,147,121,0.12326376399994388,1,137,136,137,43,0,0,43,2,1,0.1757072860000335
s1_1000,S1-321236077,S3,India,selective_v2_compact,0,6,0,0,0,0,14,6,1,5,0.05433850699978393,91,0,14,14,61,32,0.05511437699999533,1,48,47,48,48,0,0,48,2,1,0.07890831200006687
s1_1000,S1-174693204,S2,US,selective_v2_compact,0,6,0,0,0,0,4,6,0,6,0.016323081999985334,21,1,5,14,139,80,0.01665185499996369,1,106,105,106,71,1,1,60,1,1,0.05701486400005251
s1_1000,S1-174693204,S3,US,selective_v2_compact,0,6,0,0,0,0,4,6,0,6,0.017505284000094434,21,1,5,14,181,99,0.017802910000000338,3,129,126,129,70,1,1,60,4,3,0.06372597199992924
s1_1000,S1-320198412,S2,India,selective_v2_compact,0,6,0,0,0,0,16,6,0,6,0.11811133999992762,55,10,26,13,107,80,0.11855156399997213,5,90,85,90,75,1,1,60,3,5,0.15771637099999225
s1_1000,S1-320198412,S3,India,selective_v2_compact,0,6,0,1,0,0,21,6,0,6,0.16720014300017283,55,6,27,13,152,119,0.16766601799997716,8,127,126,134,101,1,1,60,4,8,0.21954921700000796
s1_1000,S1-936476958,S2,US,selective_v2_compact,0,6,0,1,2,0,2,6,0,4,0.0180018509997808,15,0,2,13,142,123,0.018309300000055373,1,138,137,138,75,1,1,60,2,1,0.06576102799999717
s1_1000,S1-936476958,S3,US,selective_v2_compact,0,6,0,1,1,0,2,6,0,5,0.01705194200008009,15,0,2,13,148,135,0.017340610000019296,0,143,143,143,74,1,1,60,1,0,0.07179623899992293
s1_1000,S1-238039681,S2,US,selective_v2_compact,0,5,1,1,0,3,4,4,0,4,0.02707193600008395,15,3,7,8,195,191,0.02734701200006384,53,191,191,244,138,1,1,60,1,48,0.11589675699997315
s1_1000,S1-238039681,S3,US,selective_v2_compact,0,5,1,1,0,1,6,4,0,4,0.03053110899998046,15,3,9,8,194,188,0.03079344200000378,82,188,188,270,140,1,1,60,4,53,0.12283324300005916
s1_1000,S1-977335915,S2,India,selective_v2_compact,0,6,0,0,0,0,9,6,1,5,0.09438551599998846,28,3,12,12,92,88,0.09472191400004704,0,88,88,88,69,1,1,60,1,0,0.12328427800002828
s1_1000,S1-977335915,S3,India,selective_v2_compact,0,6,0,0,0,0,8,6,1,5,0.11831415799997558,28,3,11,12,103,91,0.11864624899999399,0,91,91,91,61,1,1,60,3,0,0.15515243300001202
s1_1000,S1-619845474,S2,India,selective_v2_compact,0,6,2,1,0,0,22,4,0,4,0.025448709999977837,78,15,37,9,124,107,0.025967833999970935,0,111,111,111,99,1,1,60,3,0,0.07194185799994557
s1_1000,S1-619845474,S3,India,selective_v2_compact,0,6,0,0,0,0,22,6,0,6,0.041796446000148535,78,15,37,13,93,64,0.04232862200001364,2,69,67,69,63,1,1,60,4,2,0.07126494900001035
s1_1000,S1-261965094,S2,US,selective_v2_compact,0,6,0,0,4,0,0,6,0,2,0.026954643999943073,21,0,0,13,9,3,0.02721211600010065,4,5,5,9,9,0,0,9,1,4,0.03708354299999428
s1_1000,S1-261965094,S3,US,selective_v2_compact,0,6,0,0,2,0,4,6,1,3,0.030392747999826497,21,0,4,13,55,48,0.030685082999980295,5,50,49,54,52,0,0,52,2,5,0.05403550199991969
s1_1000,S1-693690841,S2,US,selective_v2_compact,0,6,0,0,1,0,6,6,0,5,0.019919139999956315,21,1,7,12,95,94,0.020185946999959015,0,94,94,94,75,1,1,60,3,0,0.05268372200009708
s1_1000,S1-693690841,S3,US,selective_v2_compact,0,6,0,0,0,0,6,6,0,6,0.02005365099989831,21,1,7,13,146,97,0.020333223999955408,1,135,134,135,74,1,1,60,3,1,0.06715391500006263
s1_1000,S1-717391267,S2,US,selective_v2_compact,0,6,1,1,0,0,6,5,1,4,0.024036080000087168,28,1,7,10,101,100,0.02441618299997117,11,100,100,111,83,1,1,60,1,11,0.06542729699992833
s1_1000,S1-717391267,S3,US,selective_v2_compact,0,6,1,1,0,0,6,5,1,4,0.02366506800001389,28,1,7,10,111,111,0.024002622000011797,5,111,111,116,76,1,1,60,0,5,0.07226205799997842
s1_1000,S1-783653290,S2,India,selective_v2_compact,0,6,0,0,0,0,15,6,0,6,0.05872438400012925,120,10,25,14,64,45,0.05970446499998161,1,52,51,52,52,0,0,52,1,1,0.08642292599995471
s1_1000,S1-783653290,S3,India,selective_v2_compact,0,6,0,0,3,0,20,6,0,3,0.05267352600014874,120,10,30,13,63,57,0.0536397930000021,2,63,61,63,63,1,1,60,2,2,0.07776028099999621
s1_1000,S1-953535957,S2,US,selective_v2_compact,0,6,2,1,0,0,9,4,1,3,0.04091762600000948,28,0,9,8,170,150,0.04126632099996641,18,168,150,168,79,1,1,60,2,18,0.09836922299996331
s1_1000,S1-953535957,S3,US,selective_v2_compact,0,6,2,1,0,0,11,4,0,4,0.05798411099999612,28,0,11,8,174,146,0.058347142999991775,26,172,146,172,80,1,1,60,1,26,0.1193766339999911
s1_1000,S1-959204160,S2,US,selective_v2_compact,0,6,2,1,0,0,11,4,0,4,0.045768133999899874,28,1,12,8,128,120,0.04606268800000635,2,122,120,122,78,1,1,60,3,2,0.0948076619999938
s1_1000,S1-959204160,S3,US,selective_v2_compact,0,6,2,1,0,0,11,4,0,4,0.05622923800001445,28,1,12,8,126,120,0.056536735000008775,1,121,120,121,77,1,1,60,3,1,0.10271648399998412
s1_1000,S1-511725706,S2,US,selective_v2_compact,0,6,2,1,0,0,3,4,0,4,0.031018653999922208,15,0,3,9,193,139,0.03130945800000973,29,175,173,202,70,1,1,60,4,29,0.09892494199993962
s1_1000,S1-511725706,S3,US,selective_v2_compact,0,6,0,0,0,0,3,6,1,5,0.039372169999865037,15,0,3,12,123,90,0.03964602400003514,27,117,90,117,57,0,0,57,2,27,0.07930273600004512
s1_1000,S1-104251787,S2,US,selective_v2_compact,0,6,0,0,2,0,4,6,0,4,0.007247777000088718,36,1,5,13,62,39,0.007632212999965304,0,58,58,58,58,0,0,58,2,0,0.029288020000080905
s1_1000,S1-104251787,S3,US,selective_v2_compact,0,6,0,1,0,0,7,6,0,6,0.013292135000028793,36,3,10,13,182,136,0.01369940699999006,4,163,159,163,93,1,1,60,3,4,0.054715911000016604
s1_1000,S1-961200002,S2,India,selective_v2_compact,0,6,2,1,0,5,14,4,0,4,0.009112099999811107,36,10,24,8,116,112,0.00939993199995115,2,114,112,114,79,1,1,60,4,2,0.05114037900000312
s1_1000,S1-961200002,S3,India,selective_v2_compact,0,6,3,1,0,0,15,3,0,3,0.008353406999844992,45,10,25,7,110,100,0.008703654999976607,6,107,101,107,54,0,0,54,2,6,0.04816972900005112
s1_1000,S1-18267845,S2,India,selective_v2_compact,0,6,0,0,0,0,20,6,2,4,0.20964857700005268,55,10,30,14,92,61,0.21003704099996412,0,72,72,72,53,0,0,53,1,0,0.2429380849999916
s1_1000,S1-18267845,S3,India,selective_v2_compact,0,6,3,1,0,0,20,3,0,3,0.01424739500009764,55,10,30,8,159,123,0.014621946000033859,0,138,138,138,54,0,0,54,1,0,0.07111394100002144
s1_1000,S1-104565081,S2,US,selective_v2_compact,0,6,1,1,0,0,2,5,0,5,0.019274176999942938,15,1,3,10,171,158,0.01957647899996573,5,160,158,163,90,1,1,60,2,5,0.070964262000075
s1_1000,S1-104565081,S3,US,selective_v2_compact,0,6,1,1,0,0,2,5,0,5,0.017922814999906223,15,1,3,10,163,154,0.018211564000012004,6,155,154,160,90,1,1,60,3,6,0.0847854340000822
s1_1000,S1-820439105,S2,US,selective_v2_compact,0,6,0,0,2,0,3,6,0,4,0.010843835000059698,21,1,4,13,62,27,0.011116531999959989,0,45,45,45,45,0,0,45,0,0,0.034416936000070564
s1_1000,S1-820439105,S3,US,selective_v2_compact,0,6,0,0,0,0,4,6,0,6,0.019011742000088816,21,1,5,13,94,44,0.019317937000096208,3,61,58,61,61,1,1,60,2,3,0.04892632199994296
s1_1000,S1-957128444,S2,India,selective_v2_compact,0,6,2,1,0,0,27,4,0,4,0.06431791600004999,78,6,33,9,152,147,0.06488011200008259,5,149,148,153,77,1,1,60,0,5,0.11683812800004034
s1_1000,S1-957128444,S3,India,selective_v2_compact,0,6,0,1,0,0,24,6,0,6,0.2302687970000079,78,3,27,13,192,169,0.23099994400001833,2,174,174,176,92,1,1,60,3,2,0.27935999199996786
s1_1000,S1-556228489,S2,US,selective_v2_compact,0,6,0,0,0,0,6,6,0,6,0.023625465999998596,36,0,6,12,76,66,0.02406687799998508,1,67,66,67,67,1,1,60,2,1,0.04843286099992383
s1_1000,S1-556228489,S3,US,selective_v2_compact,0,6,0,0,0,0,7,6,0,6,0.023155738000127712,36,0,7,12,100,90,0.023584625000012238,1,91,90,91,79,1,1,60,1,1,0.0599891970000499
s1_1000,S1-459637274,S2,US,selective_v2_compact,0,6,1,1,0,0,6,5,0,5,0.013566131999823483,28,1,7,11,175,148,0.013935785000057876,0,170,170,170,84,1,1,60,1,0,0.06283539899993684
s1_1000,S1-459637274,S3,US,selective_v2_compact,0,6,1,1,0,0,6,5,0,5,0.012864104000072984,28,1,7,11,170,135,0.013206545999992159,1,159,158,159,82,1,1,60,3,1,0.06985005100000308
s1_1000,S1-359255885,S2,US,selective_v2_compact,0,6,1,1,0,0,4,5,0,5,0.02440069899989794,36,1,5,10,117,115,0.02487190700003339,0,115,115,115,44,0,0,44,1,0,0.071531981000021
s1_1000,S1-359255885,S3,US,selective_v2_compact,0,6,1,1,0,0,4,5,0,5,0.027183034000131556,36,1,5,10,122,116,0.02760002499996972,0,116,116,116,43,0,0,43,2,0,0.06840161000002354
s1_1000,S1-154667224,S2,US,selective_v2_compact,0,6,2,1,1,0,6,4,0,3,0.021046775999934653,28,1,7,8,109,108,0.02137524600004781,0,108,108,108,79,1,1,60,1,0,0.06452168100008748
s1_1000,S1-154667224,S3,US,selective_v2_compact,0,6,2,1,0,0,6,4,0,4,0.018993994000197745,28,1,7,8,145,139,0.01938635199996952,3,142,139,142,79,1,1,60,1,3,0.07240269600004012
s1_1000,S1-261527017,S2,India,selective_v2_compact,0,6,2,1,0,0,20,4,0,4,0.036840708000227096,105,28,48,10,233,190,0.03752717999998367,0,220,220,220,103,1,1,60,2,0,0.11779153800000586
s1_1000,S1-261527017,S3,India,selective_v2_compact,0,6,2,1,0,0,22,4,0,4,0.03224645700004203,105,21,43,10,168,143,0.032970950000049015,1,163,162,163,88,1,1,60,1,1,0.10102065000000948
s1_1000,S1-96504376,S2,India,selective_v2_compact,0,6,2,1,0,0,23,4,0,4,0.03957476600010068,78,21,44,8,103,101,0.040041294000047856,1,101,101,102,65,1,1,60,1,1,0.08252532199992402
s1_1000,S1-96504376,S3,India,selective_v2_compact,0,6,0,1,0,0,29,6,1,5,0.10790918399982274,78,15,44,12,144,137,0.10843193999994583,11,137,137,148,78,1,1,60,3,11,0.1569961789999752
s1_1000,S1-876664844,S2,India,selective_v2_compact,0,6,0,0,0,0,21,6,0,6,0.025310637000075076,78,10,31,14,119,34,0.025904429000092932,8,86,85,93,79,1,1,60,2,8,0.06822151299991219
s1_1000,S1-876664844,S3,India,selective_v2_compact,0,6,0,0,1,0,23,6,1,4,0.041862053000158994,78,6,29,14,79,30,0.04245385600006557,13,66,64,77,76,1,1,60,2,13,0.0737410589999854
s1_1000,S1-563178896,S2,US,selective_v2_compact,0,6,0,0,1,0,3,6,1,4,0.025472714000102314,28,1,4,13,46,21,0.025815759000010985,0,43,43,43,43,0,0,43,1,0,0.04580489700003909
s1_1000,S1-563178896,S3,US,selective_v2_compact,0,6,0,0,1,0,4,6,1,4,0.021981215999971937,28,1,5,13,41,22,0.02229281899997204,2,34,32,34,34,0,0,34,2,2,0.04055414999993445
s1_1000,S1-797058141,S2,India,selective_v2_compact,0,6,0,0,0,0,19,6,1,5,0.030171105000249554,78,6,25,15,138,7,0.030806160999986787,2,107,105,107,84,1,1,60,3,2,0.07831428700001197
s1_1000,S1-797058141,S3,India,selective_v2_compact,0,6,0,0,0,0,20,6,0,6,0.08301723300019148,78,3,23,14,104,57,0.0836667099999886,1,86,85,86,67,1,1,60,2,1,0.11902998000005027
s1_1000,S1-339006820,S2,US,selective_v2_compact,0,6,2,1,0,0,7,4,0,4,0.021803213999987747,28,1,8,8,111,108,0.02214341699993838,0,108,108,108,67,1,1,60,1,0,0.06080386100006763
s1_1000,S1-339006820,S3,US,selective_v2_compact,0,6,2,1,0,0,7,4,0,4,0.02222541799994815,28,1,8,8,117,110,0.022541942999964704,0,110,110,110,72,1,1,60,4,0,0.06381825500000105
s1_1000,S1-869737087,S2,US,selective_v2_compact,0,6,0,0,0,0,2,6,0,6,0.004738347999932557,28,1,3,16,361,12,0.005099989999962418,1,342,341,342,115,1,1,60,3,1,0.12590856399992845
s1_1000,S1-869737087,S3,US,selective_v2_compact,0,6,0,0,0,0,2,6,0,6,0.0028628390000449144,28,1,3,15,334,3,0.0032073010000885915,1,305,304,305,80,1,1,60,4,1,0.11053752099996927
s1_1000,S1-435186502,S2,India,selective_v2_compact,0,6,0,1,0,0,33,6,0,6,0.110787397000081,78,6,39,13,172,158,0.11134151400005976,7,162,160,167,75,1,1,60,1,7,0.1737866360000453
s1_1000,S1-435186502,S3,India,selective_v2_compact,0,6,2,1,0,0,29,4,0,4,0.12460290500007432,78,6,35,9,173,162,0.12523410699998294,13,168,167,180,81,1,1,60,1,13,0.17901211600008082
s1_1000,S1-441272693,S2,India,selective_v2_compact,0,6,0,0,0,0,3,6,0,6,0.18512210200003665,28,3,6,15,78,36,0.18552107499999693,1,57,56,57,57,0,0,57,3,1,0.21035169700007827
s1_1000,S1-441272693,S3,India,selective_v2_compact,0,6,0,0,0,0,4,6,0,6,0.012880731999985073,28,1,5,15,70,37,0.013234651000061604,0,54,54,54,54,0,0,54,3,0,0.04305567100004737
s1_1000,S1-30764726,S2,India,selective_v2_compact,0,6,0,0,1,0,31,6,0,5,0.0948327909999307,91,6,37,15,162,98,0.0955003139999917,2,132,130,132,78,1,1,60,4,2,0.14689271500003542
s1_1000,S1-30764726,S3,India,selective_v2_compact,0,6,2,1,0,0,25,4,0,4,0.0423353319998796,91,6,31,11,210,143,0.043060075999960645,1,183,182,183,68,1,1,60,1,1,0.11556177500006015
s1_1000,S1-790599481,S2,US,selective_v2_compact,0,6,0,0,1,0,4,6,0,5,0.050494779000246126,28,0,4,14,79,16,0.050805669000055786,0,63,63,63,56,0,0,56,3,0,0.08028904700006478
s1_1000,S1-790599481,S3,US,selective_v2_compact,0,6,0,0,1,0,6,6,0,5,0.06280461499977719,28,3,9,13,78,66,0.0631572499999038,0,70,70,70,55,0,0,55,2,0,0.08973149799999192
s1_1000,S1-487168388,S2,US,selective_v2_compact,0,6,1,1,0,0,18,5,1,4,0.07446673100002954,45,3,21,10,180,177,0.0748719619999747,0,177,177,177,92,1,1,60,1,0,0.12860474000001432
s1_1000,S1-487168388,S3,US,selective_v2_compact,0,6,1,1,0,0,18,5,1,4,0.07374970599983044,45,3,21,10,168,168,0.07418705500003853,0,168,168,168,96,1,1,60,0,0,0.13236681600005795
s1_1000,S1-975764386,S2,US,selective_v2_compact,0,6,1,1,0,0,4,5,1,4,0.034434637999993356,36,0,4,11,177,147,0.0348884680000765,0,172,172,172,68,1,1,60,3,0,0.0957352789999959
s1_1000,S1-975764386,S3,US,selective_v2_compact,0,6,2,1,0,0,4,4,0,4,0.04908217600006992,36,0,4,9,166,139,0.04953346399997827,0,164,164,164,69,1,1,60,1,0,0.11289010799998778
s1_1000,S1-264595908,S2,US,selective_v2_compact,0,6,0,0,1,0,8,6,0,5,0.07676088900007016,21,1,9,13,91,31,0.07701155500001278,0,79,79,79,73,1,1,60,1,0,0.10492605199999616
s1_1000,S1-264595908,S3,US,selective_v2_compact,0,6,0,0,2,0,8,6,0,4,0.07488996200004294,21,1,9,13,97,47,0.07513326700006928,0,90,90,90,84,1,1,60,0,0,0.10795274999998128
s1_1000,S1-297094958,S2,US,selective_v2_compact,0,6,3,1,0,0,4,3,0,3,0.020795444999976098,28,0,4,8,342,132,0.021202904999995553,1,336,335,336,117,1,1,60,1,1,0.10054984800001421
s1_1000,S1-297094958,S3,US,selective_v2_compact,0,6,3,1,0,0,5,3,0,3,0.01414047900004789,28,0,5,8,358,100,0.014504045000080623,0,350,350,350,111,1,1,60,2,0,0.13554766099991866
s1_1000,S1-100276475,S2,US,selective_v2_compact,0,6,0,0,0,0,3,6,0,6,0.00812380799982293,21,0,3,13,159,48,0.008422227999972165,2,144,142,144,77,1,1,60,2,2,0.06411461899995174
s1_1000,S1-100276475,S3,US,selective_v2_compact,0,6,0,1,0,0,3,6,0,6,0.0029419949999009987,21,0,3,13,209,102,0.0032553749999806314,2,200,198,200,95,1,1,60,2,2,0.06958054599999741
s1_1000,S1-439825849,S2,US,selective_v2_compact,0,6,0,0,1,0,0,6,0,5,0.017756246999965697,21,0,0,13,68,13,0.01805193400002736,1,57,56,57,51,0,0,51,4,1,0.043441569000037816
s1_1000,S1-439825849,S3,US,selective_v2_compact,0,6,0,0,0,0,0,6,0,6,0.02067222400000901,21,0,0,13,59,8,0.020969200999957138,0,51,51,51,48,0,0,48,3,0,0.04151106899996648
s1_1000,S1-8781400,S2,US,selective_v2_compact,0,6,1,1,1,0,6,5,0,4,0.04840822399978606,28,1,7,10,135,134,0.04876558099999784,0,134,134,134,79,1,1,60,1,0,0.09436739300008412
s1_1000,S1-8781400,S3,US,selective_v2_compact,0,6,2,1,0,0,10,4,0,4,0.044623617999945964,36,3,13,10,143,133,0.044995692000043164,1,135,134,135,78,1,1,60,2,1,0.09040974600009122
s1_1000,S1-796931678,S2,US,selective_v2_compact,0,6,1,1,2,0,3,5,0,3,0.029032350999841583,28,3,6,11,200,108,0.029387893999910375,0,199,199,199,104,1,1,60,0,0,0.07066755499999999
s1_1000,S1-796931678,S3,US,selective_v2_compact,0,6,1,1,1,0,3,5,0,4,0.031212510000159455,28,3,6,11,194,107,0.03159328700007791,1,191,190,191,106,1,1,60,0,1,0.07891184000004614
s1_1000,S1-13128280,S2,India,selective_v2_compact,0,6,3,1,2,0,29,3,0,1,0.03249981999999818,120,36,65,6,129,129,0.03314045299998725,3,129,129,132,55,0,0,55,0,3,0.08272719199999301
s1_1000,S1-13128280,S3,India,selective_v2_compact,0,6,3,1,1,0,38,3,0,2,0.03594497200015212,120,21,59,6,106,105,0.03661115299996709,7,105,105,112,58,0,0,58,1,7,0.0765965560000268
s1_1000,S1-1186347,S2,India,selective_v2_compact,0,6,2,1,0,0,41,4,0,4,0.058913744999927076,78,15,56,8,215,206,0.059342710999999326,7,208,206,213,89,1,1,60,1,7,0.12993540200000098
s1_1000,S1-1186347,S3,India,selective_v2_compact,0,6,1,1,1,0,46,5,0,4,0.051751727999999275,78,6,52,10,224,213,0.05220669200002703,5,213,213,218,70,1,1,60,1,5,0.12548429899993607
s1_1000,S1-108034941,S2,US,selective_v2_compact,0,6,4,1,1,6,20,2,0,1,0.008642698000016935,45,10,30,4,116,116,0.008928412000045682,67,116,116,183,120,1,1,60,3,52,0.0723587290000296
s1_1000,S1-108034941,S3,US,selective_v2_compact,0,6,4,1,1,6,15,2,0,1,0.009019459000001007,45,15,30,4,123,121,0.00930685799994535,47,123,121,168,115,1,1,60,2,46,0.06456048400002601
s1_1000,S1-116182582,S2,India,selective_v2_compact,0,6,3,1,0,0,42,3,0,3,0.011526192000019364,91,15,57,7,196,152,0.0120158160000301,1,194,193,194,80,1,1,60,2,1,0.07896801699996558
s1_1000,S1-116182582,S3,India,selective_v2_compact,0,6,3,1,0,0,40,3,0,3,0.011720917000047848,91,10,50,7,162,110,0.012213477000045714,1,158,157,158,79,1,1,60,3,1,0.0655707999999322
s1_1000,S1-442885636,S2,India,selective_v2_compact,0,6,2,1,0,0,20,4,0,4,0.0351737990000629,66,21,41,8,114,105,0.035557638000000225,0,105,105,105,78,1,1,60,0,0,0.0766750380000758
s1_1000,S1-442885636,S3,India,selective_v2_compact,0,6,2,1,0,0,24,4,0,4,0.2028937830000359,66,15,39,8,185,180,0.203350515000011,0,180,180,180,76,1,1,60,1,0,0.27251963399999113
s1_1000,S1-102330347,S2,US,selective_v2_compact,0,6,1,1,0,0,3,5,0,5,0.014412745000072391,15,1,4,11,175,120,0.01470081900004061,11,166,155,166,78,1,1,60,2,11,0.07429143000001659
s1_1000,S1-102330347,S3,US,selective_v2_compact,0,6,1,1,1,0,3,5,0,4,0.015422907000129271,15,1,4,11,225,159,0.015708630999938578,21,217,196,217,92,1,1,60,1,21,0.09171590599999035
s1_1000,S1-311565031,S2,India,selective_v2_compact,0,6,2,1,0,0,7,4,0,4,0.013765876999968896,66,0,7,9,161,144,0.014453559000003224,0,150,150,150,65,1,1,60,3,0,0.06871380699999463
s1_1000,S1-311565031,S3,India,selective_v2_compact,0,6,2,1,3,0,3,4,0,1,0.012470746999952098,66,0,3,10,153,116,0.013152651999916998,0,151,151,151,88,1,1,60,1,0,0.0701325170000473
s1_1000,S1-789958686,S2,US,selective_v2_compact,0,6,0,1,2,0,8,6,0,4,0.021994767999899523,28,1,9,13,374,135,0.022383214000001317,2,372,372,374,122,1,1,60,0,2,0.1430221679999022
s1_1000,S1-789958686,S3,US,selective_v2_compact,0,6,0,1,2,0,6,6,0,4,0.0247738580000032,28,3,9,13,400,145,0.02515981700003067,2,395,395,397,120,1,1,60,0,2,0.15093657500005975
s1_1000,S1-699248674,S2,US,selective_v2_compact,0,6,0,0,2,0,4,6,0,4,0.010509251000144104,21,1,5,14,167,75,0.010790797000026942,0,150,150,150,119,1,1,60,0,0,0.06952003899993997
s1_1000,S1-699248674,S3,US,selective_v2_compact,0,6,0,1,0,0,4,6,0,6,0.011478523999926438,21,1,5,14,226,123,0.011807389999944462,1,199,198,199,117,1,1,60,2,1,0.0822581339999715
s1_1000,S1-144816753,S2,India,selective_v2_compact,0,6,2,1,0,0,38,4,0,4,0.02789222800004154,120,6,44,8,146,116,0.02870917500001724,6,116,116,122,85,1,1,60,1,6,0.0658127730000615
s1_1000,S1-144816753,S3,India,selective_v2_compact,0,6,1,1,0,0,39,5,0,5,0.06825004099994203,120,6,45,10,207,175,0.06912196400003268,15,176,175,190,111,1,1,60,3,15,0.13334162299997843
s1_1000,S1-272137225,S2,US,selective_v2_compact,0,6,0,0,0,0,1,6,0,6,0.024079972999970778,36,0,1,13,62,0,0.024498990000097365,1,38,37,38,38,0,0,38,3,1,0.04510615699996379
s1_1000,S1-272137225,S3,US,selective_v2_compact,0,6,0,0,2,0,1,6,0,4,0.020704331000047205,36,0,1,13,70,10,0.02114671399999679,1,66,65,66,50,0,0,50,1,1,0.045820477000006576
s1_1000,S1-522017122,S2,US,selective_v2_compact,0,6,1,1,0,0,8,5,0,5,0.012294866999923215,28,3,11,11,349,179,0.012652484000000186,5,330,329,334,115,1,1,60,2,5,0.12387558099999296
s1_1000,S1-522017122,S3,US,selective_v2_compact,0,6,1,1,0,0,9,5,0,5,0.014720426000053521,28,3,12,11,254,113,0.015022354999928211,0,246,246,246,117,1,1,60,1,0,0.10163310400002956
s1_1000,S1-100167734,S2,US,selective_v2_compact,0,6,0,1,3,0,3,6,0,3,0.06296002999999928,28,0,3,14,379,154,0.06336742700000286,0,374,374,374,120,1,1,60,0,0,0.18712658399999782
s1_1000,S1-100167734,S3,US,selective_v2_compact,0,6,0,0,0,0,3,6,1,5,0.05891164199988452,28,0,3,14,310,29,0.059272394999993594,2,295,293,295,96,1,1,60,2,2,0.15567709499998728
s1_1000,S1-479725005,S2,US,selective_v2_compact,0,6,0,0,0,0,0,6,1,5,0.0148331519999374,21,0,0,14,87,3,0.015161156999965897,0,39,39,39,39,0,0,39,3,0,0.035509752000052686
s1_1000,S1-479725005,S3,US,selective_v2_compact,0,6,0,0,2,0,0,6,1,3,0.018729790999941542,21,0,0,14,83,4,0.01902283900005841,2,41,39,41,41,0,0,41,3,2,0.04194940399997904
s1_1000,S1-743531791,S2,US,selective_v2_compact,0,6,3,1,1,0,16,3,0,2,0.027629209000110677,45,3,19,6,132,130,0.028007379999962723,1,131,130,131,48,0,0,48,2,1,0.07647770100004436
s1_1000,S1-743531791,S3,US,selective_v2_compact,0,6,3,1,0,0,16,3,0,3,0.024376849000077527,45,3,19,6,125,120,0.024754181999924185,2,122,120,122,50,0,0,50,2,2,0.06623507400001927
s1_1000,S1-652207412,S2,US,selective_v2_compact,0,6,2,1,1,0,2,4,0,3,0.019584880999900633,15,0,2,8,108,106,0.019843626000010772,13,107,106,119,52,0,0,52,1,13,0.06555703199990148
s1_1000,S1-652207412,S3,US,selective_v2_compact,0,6,0,1,1,0,2,6,1,4,0.0260240470000781,15,0,2,12,180,165,0.026350072000013824,12,177,165,177,67,1,1,60,2,12,0.08284003599999323
s1_1000,S1-185985394,S2,US,selective_v2_compact,0,6,0,0,3,0,2,6,1,2,0.041416412999979,36,0,2,13,122,14,0.0418270019999909,0,122,122,122,54,0,0,54,0,0,0.08246511100003318
s1_1000,S1-185985394,S3,US,selective_v2_compact,0,6,0,0,1,0,6,6,0,5,0.046432766000066295,36,1,7,13,164,44,0.04684540799996739,0,152,152,152,90,1,1,60,0,0,0.09557964800001173
s1_1000,S1-937018924,S2,US,selective_v2_compact,0,6,0,0,0,0,3,6,0,6,0.016412386000183687,28,0,3,13,166,22,0.01673880399994232,2,140,138,140,63,1,1,60,2,2,0.0660639820000597
s1_1000,S1-937018924,S3,US,selective_v2_compact,0,6,0,0,1,0,4,6,0,5,0.022301389999825005,28,0,4,13,179,26,0.022682732000021133,0,164,164,164,66,1,1,60,1,0,0.08581157800006167
s1_1000,S1-945498259,S2,India,selective_v2_compact,0,6,0,0,1,0,19,6,0,5,0.12212817799991171,120,3,22,12,58,57,0.12317563600004178,0,57,57,57,44,0,0,44,0,0,0.14696832799995718
s1_1000,S1-945498259,S3,India,selective_v2_compact,0,6,0,0,0,0,18,6,0,6,0.1298420550000401,120,1,19,12,51,44,0.13091217800001687,4,44,44,48,46,0,0,46,1,4,0.15093397800001185
s1_1000,S1-631614917,S2,India,selective_v2_compact,0,6,0,1,2,0,40,6,1,3,0.14237694899998132,105,10,50,12,110,110,0.14304935899997417,7,110,110,117,73,1,1,60,0,7,0.19255525900007342
s1_1000,S1-631614917,S3,India,selective_v2_compact,0,6,0,1,0,0,36,6,1,5,0.0860094710001249,105,6,42,12,159,151,0.08681149999995341,10,151,151,161,88,1,1,60,2,10,0.12971369399997457
s1_1000,S1-961548696,S2,India,selective_v2_compact,0,6,2,1,0,0,38,4,0,4,0.04455038399987643,105,10,48,8,115,108,0.04522257899998294,1,109,108,109,74,1,1,60,2,1,0.09438987800001541
s1_1000,S1-961548696,S3,India,selective_v2_compact,0,6,0,0,0,0,38,6,1,5,0.038377681000042685,105,6,44,12,66,56,0.03904680699997698,0,56,56,56,56,0,0,56,3,0,0.061067911999998614
s1_1000,S1-341514955,S2,US,selective_v2_compact,0,6,0,0,0,0,4,6,1,5,0.03150002199993196,21,1,5,12,45,41,0.03177925300008155,0,41,41,41,41,0,0,41,2,0,0.04858128599994416
s1_1000,S1-341514955,S3,US,selective_v2_compact,0,6,0,0,0,0,5,6,1,5,0.03472491699994862,21,1,6,12,55,47,0.034980905999987044,1,48,47,48,48,0,0,48,2,1,0.05826401000001624
s1_1000,S1-383744417,S2,US,selective_v2_compact,0,6,0,1,1,0,18,6,0,5,0.01930818599998929,45,3,21,12,148,146,0.019698612999945908,53,147,146,199,137,1,1,60,2,49,0.07836042000008092
s1_1000,S1-383744417,S3,US,selective_v2_compact,0,6,2,1,0,0,23,4,0,4,0.017386323000096127,45,6,29,8,147,140,0.017759949000037523,52,144,140,192,130,1,1,60,1,48,0.0715433389999589
s1_1000,S1-499340462,S2,India,selective_v2_compact,0,6,2,1,0,0,24,4,0,4,0.03682850299992424,66,10,34,8,143,116,0.037347971000031066,6,122,116,122,79,1,1,60,2,6,0.08656818899999053
s1_1000,S1-499340462,S3,India,selective_v2_compact,0,6,0,1,0,0,26,6,0,6,0.20354171400015275,66,6,32,12,167,138,0.2040663020000011,9,138,138,147,79,1,1,60,0,9,0.25671934600006807
s1_1000,S1-846958059,S2,US,selective_v2_compact,0,6,0,1,1,0,8,6,0,5,0.031095935000053032,55,3,11,13,165,126,0.03167053399999986,1,157,156,157,89,1,1,60,2,1,0.08151601700001265
s1_1000,S1-846958059,S3,US,selective_v2_compact,0,6,0,1,0,0,11,6,0,6,0.03960231899986866,66,6,17,14,202,142,0.04021814999998696,1,175,174,175,89,1,1,60,3,1,0.09980933099996037
s1_1000,S1-351883628,S2,India,selective_v2_compact,0,6,0,0,0,0,3,6,1,5,0.11353750600005696,36,1,4,13,51,32,0.11396573600006832,1,42,41,42,42,0,0,42,2,1,0.13411486499990133
s1_1000,S1-351883628,S3,India,selective_v2_compact,0,6,0,0,0,0,2,6,0,6,0.0933265770000844,36,0,2,13,98,84,0.09380411799998001,0,93,93,93,75,1,1,60,1,0,0.13260279399992214
s1_1000,S1-518262604,S2,India,selective_v2_compact,0,6,3,1,0,0,11,3,0,3,0.021111487999974088,55,3,14,8,144,110,0.021634620999975596,0,142,142,142,79,1,1,60,1,0,0.07658280200007539
s1_1000,S1-518262604,S3,India,selective_v2_compact,0,6,0,0,1,0,11,6,0,5,0.07717978500011213,55,1,12,14,104,53,0.07771123899999566,0,83,83,83,48,0,0,48,2,0,0.11144854999997733
s1_1000,S1-356624931,S2,US,selective_v2_compact,0,6,0,0,2,0,5,6,1,3,0.02069433800011211,36,3,8,15,85,5,0.02103725699998904,2,45,43,45,45,0,0,45,1,2,0.03941447700003664
s1_1000,S1-356624931,S3,US,selective_v2_compact,0,6,0,0,0,0,5,6,1,5,0.017524947999959295,36,3,8,15,87,5,0.017869948999987173,1,40,39,40,40,0,0,40,3,1,0.035312331000000086
s1_1000,S1-480729531,S2,US,selective_v2_compact,0,6,0,0,0,0,4,6,0,6,0.01593118400012372,28,1,5,14,77,20,0.016253673999926832,1,53,52,53,41,0,0,41,2,1,0.03757642499999747
s1_1000,S1-480729531,S3,US,selective_v2_compact,0,6,0,0,0,0,5,6,0,6,0.012740177000182484,28,1,6,14,70,21,0.013044207999996615,2,49,47,49,43,0,0,43,3,2,0.03362228400010281
s1_1000,S1-26256799,S2,US,selective_v2_compact,0,6,0,0,2,0,5,6,0,4,0.07877722000023368,36,1,6,13,237,59,0.07918136499995398,0,233,233,233,93,1,1,60,0,0,0.15044535800006997
s1_1000,S1-26256799,S3,US,selective_v2_compact,0,6,0,0,0,0,6,6,0,6,0.08459564199995384,36,1,7,13,263,70,0.08504868800002896,1,253,252,253,95,1,1,60,2,1,0.1848669119999613
s1_1000,S1-614260199,S2,US,selective_v2_compact,0,6,2,1,0,0,7,4,0,4,0.0213119679999636,28,1,8,8,214,197,0.021692039999948065,7,204,197,204,77,1,1,60,3,7,0.0910607409999784
s1_1000,S1-614260199,S3,US,selective_v2_compact,0,6,2,1,0,0,7,4,0,4,0.020240357000034237,28,1,8,8,139,136,0.020564621999938026,10,136,136,146,96,1,1,60,2,10,0.07047401499994521
s1_1000,S1-942376087,S2,India,selective_v2_compact,0,6,0,1,0,0,15,6,1,5,0.05359608899993873,105,3,18,15,171,148,0.054677530000049046,2,152,150,152,55,0,0,55,3,2,0.10564637000004495
s1_1000,S1-942376087,S3,India,selective_v2_compact,0,6,1,1,0,0,15,5,0,5,0.036606021000011424,105,3,18,13,173,149,0.037587773000041125,2,153,151,153,42,0,0,42,4,2,0.0896015719999923
s1_1000,S1-369680649,S2,India,selective_v2_compact,0,6,0,0,0,0,28,6,1,5,0.042227660000207834,105,21,49,13,35,14,0.042861504999905264,0,30,30,30,30,0,0,30,0,0,0.06000422800002525
s1_1000,S1-369680649,S3,India,selective_v2_compact,0,6,0,0,0,0,27,6,1,5,0.039872306000006574,105,21,48,13,38,11,0.04048198800001046,0,29,29,29,29,0,0,29,0,0,0.0543527139999469
s1_1000,S1-214898305,S2,US,selective_v2_compact,0,6,3,1,0,0,0,3,0,3,0.009793844000000718,21,1,1,7,133,124,0.010109510999996019,1,127,126,127,40,0,0,40,2,1,0.05841379499997856
s1_1000,S1-214898305,S3,US,selective_v2_compact,0,6,3,1,1,0,0,3,0,2,0.010317385000007562,21,1,1,7,133,131,0.010648372999980893,0,132,132,132,40,0,0,40,1,0,0.05919947100005629
s1_1000,S1-991843051,S2,India,selective_v2_compact,0,6,0,1,0,0,22,6,0,6,0.10516697399975783,120,6,28,14,197,146,0.10622935999992933,1,190,189,190,88,1,1,60,1,1,0.1728313659999685
s1_1000,S1-991843051,S3,India,selective_v2_compact,0,6,0,1,0,0,21,6,0,6,0.07125171599989244,120,0,21,14,197,134,0.07229470200002197,1,192,191,192,79,1,1,60,2,1,0.14343338800006222
s1_1000,S1-494187676,S2,US,selective_v2_compact,0,6,0,0,1,0,6,6,0,5,0.018907144000081644,45,1,7,14,301,63,0.019397518999994645,0,298,298,298,105,1,1,60,1,0,0.10934788400004436
s1_1000,S1-494187676,S3,US,selective_v2_compact,0,6,0,1,1,0,9,6,0,5,0.021206815999903483,45,1,10,12,198,189,0.0217216290000124,4,193,189,193,77,1,1,60,3,4,0.09432751899998948
s1_1000,S1-380932102,S2,US,selective_v2_compact,0,6,3,1,0,0,3,3,0,3,0.02242579799997202,36,3,6,8,143,136,0.02290082700005769,4,137,136,140,44,0,0,44,2,4,0.06537161099993227
s1_1000,S1-380932102,S3,US,selective_v2_compact,0,6,4,1,0,0,3,2,0,2,0.02399421200004781,28,3,6,4,145,138,0.02437892400007513,7,145,138,145,42,0,0,42,1,7,0.08410132099993461
s1_1000,S1-37805904,S2,US,selective_v2_compact,0,6,0,0,0,0,1,6,1,5,0.017404353999950217,15,0,1,13,66,36,0.017655722999961654,1,55,55,56,49,0,0,49,3,1,0.04136853299996801
s1_1000,S1-37805904,S3,US,selective_v2_compact,0,6,0,1,0,0,1,6,0,6,0.024653077999914785,15,0,1,13,123,104,0.02494150699999409,0,117,117,117,58,0,0,58,1,0,0.06296621999990748
s1_1000,S1-482910661,S2,US,selective_v2_compact,0,6,0,0,2,0,1,6,1,3,0.006865349000122478,15,0,1,13,72,3,0.007082536999973854,1,65,64,65,44,0,0,44,3,1,0.02938799300000028
s1_1000,S1-482910661,S3,US,selective_v2_compact,0,6,0,0,0,0,1,6,1,5,0.007329470999934529,15,0,1,13,77,3,0.007550090999984604,2,70,68,70,44,0,0,44,4,2,0.03636232300004849
s1_1000,S1-761935587,S2,US,selective_v2_compact,0,6,0,0,1,0,4,6,1,4,0.0054470960000116975,28,1,5,14,111,0,0.0057418999999754305,1,93,92,93,46,0,0,46,2,1,0.04488388499999019
s1_1000,S1-761935587,S3,US,selective_v2_compact,0,6,0,0,0,0,4,6,1,5,0.0058221390000881,28,1,5,14,101,0,0.006145851000042057,0,83,83,83,47,0,0,47,2,0,0.03714143400009107
s1_1000,S1-862207745,S2,India,selective_v2_compact,0,6,0,0,0,0,4,6,0,6,0.13235793500007276,36,1,5,15,132,63,0.13284170500003256,0,105,105,105,77,1,1,60,2,0,0.17706292299999404
s1_1000,S1-862207745,S3,India,selective_v2_compact,0,6,0,0,1,0,3,6,0,5,0.0348646469999494,36,0,3,15,86,16,0.03529848000005131,0,62,62,62,62,1,1,60,2,0,0.0639661940000451
s1_1000,S1-41147272,S2,India,selective_v2_compact,0,6,1,1,0,0,19,5,0,5,0.01796162099992671,120,6,25,12,125,100,0.018972044999941318,2,109,109,111,64,1,1,60,2,2,0.06642376199999944
s1_1000,S1-41147272,S3,India,selective_v2_compact,0,6,0,0,1,0,17,6,0,5,0.03275169999994887,120,6,23,14,103,83,0.03378124700009266,3,91,91,94,52,0,0,52,1,3,0.06744251800000711
s1_1000,S1-291933980,S2,US,selective_v2_compact,0,6,0,0,0,0,4,6,0,6,0.028068460000213236,28,1,5,12,44,38,0.028399043000035817,1,39,38,39,39,0,0,39,1,1,0.04302183899994816
s1_1000,S1-291933980,S3,US,selective_v2_compact,0,6,0,0,0,0,5,6,0,6,0.03427615700002207,28,1,6,12,52,37,0.034607186000016554,1,38,37,38,38,0,0,38,4,1,0.05307507199995598
s1_1000,S1-465564443,S2,US,selective_v2_compact,0,6,3,1,0,0,1,3,0,3,0.017288784000015767,21,0,1,7,136,114,0.017635917000006884,0,134,134,134,41,0,0,41,1,0,0.060015960999976414
s1_1000,S1-465564443,S3,US,selective_v2_compact,0,6,0,0,0,0,1,6,0,6,0.018780344999981935,21,0,1,13,137,96,0.01918276000003516,1,117,116,117,42,0,0,42,4,1,0.06216345400002865
s1_1000,S1-716529185,S2,US,selective_v2_compact,0,6,0,0,2,0,1,6,0,4,0.01624753399983092,21,0,1,12,11,10,0.0165509439999596,0,10,10,10,10,0,0,10,1,0,0.025059100000021317
s1_1000,S1-716529185,S3,US,selective_v2_compact,0,6,0,0,0,0,1,6,0,6,0.01819772200008174,21,0,1,12,29,13,0.018480132000036065,2,15,13,15,15,0,0,15,3,2,0.02727227800005494
s1_1000,S1-252815076,S2,US,selective_v2_compact,0,6,1,1,0,0,6,5,0,5,0.03414373000020987,36,1,7,11,141,107,0.03457865799998672,0,124,124,124,88,1,1,60,1,0,0.079595218999998
s1_1000,S1-252815076,S3,US,selective_v2_compact,0,6,1,1,0,0,6,5,0,5,0.03306203500005722,36,1,7,11,178,139,0.033497865000072125,1,155,154,155,96,1,1,60,3,1,0.09468934799997442
s1_1000,S1-741530614,S2,US,selective_v2_compact,0,6,0,0,0,0,0,6,0,6,0.010033668000005491,10,0,0,14,259,0,0.010258844999952998,2,238,236,238,64,1,1,60,3,2,0.0976288489999888
s1_1000,S1-741530614,S3,US,selective_v2_compact,0,6,0,0,0,0,0,6,0,6,0.006259852000198407,10,0,0,15,318,0,0.00648521300001903,2,306,304,306,79,1,1,60,1,2,0.10389825699996891
s1_1000,S1-264006576,S2,India,selective_v2_compact,0,6,0,0,0,0,29,6,1,5,0.01974481399997785,120,15,44,15,173,0,0.020549567000102797,0,138,138,138,45,0,0,45,1,0,0.06463987500001167
s1_1000,S1-264006576,S3,India,selective_v2_compact,0,6,0,0,1,0,28,6,1,4,0.03919030400004431,120,15,43,16,246,0,0.039998348000040096,1,197,196,197,84,1,1,60,3,1,0.10918983700003082
s1_1000,S1-703314149,S2,India,selective_v2_compact,0,6,0,0,2,0,22,6,0,4,0.07414612999980363,105,15,37,13,24,15,0.0748760559999937,0,24,24,24,24,0,0,24,0,0,0.0900825310000073
s1_1000,S1-703314149,S3,India,selective_v2_compact,0,6,1,1,0,0,27,5,0,5,0.05714422299990929,105,6,33,11,173,150,0.05797882000001664,2,169,167,169,74,1,1,60,2,2,0.11347297300005721
s1_1000,S1-889530437,S2,US,selective_v2_compact,0,6,3,1,0,0,8,3,0,3,0.02192121899997801,28,1,9,7,163,146,0.02224141099998178,6,157,156,162,45,0,0,45,4,6,0.07884110299994518
s1_1000,S1-889530437,S3,US,selective_v2_compact,0,6,3,1,0,0,8,3,0,3,0.02664238500005922,28,1,9,7,156,135,0.026964562000102887,3,148,147,150,42,0,0,42,3,3,0.07943011600002592
s1_1000,S1-950047153,S2,US,selective_v2_compact,0,6,1,1,0,0,5,5,0,5,0.024062482000090313,21,0,5,10,182,164,0.02438046999998278,1,165,164,165,76,1,1,60,1,1,0.0731014690001075
s1_1000,S1-950047153,S3,US,selective_v2_compact,0,6,1,1,0,0,5,5,0,5,0.0244118430001663,21,0,5,10,198,188,0.024740123000015046,0,188,188,188,79,1,1,60,1,0,0.08061281099992357
s1_1000,S1-718541486,S2,US,selective_v2_compact,0,6,0,0,1,0,9,6,0,5,0.0687888119997524,55,3,12,13,50,43,0.06927888399991389,0,45,45,45,45,0,0,45,1,0,0.08730969400005506
s1_1000,S1-718541486,S3,US,selective_v2_compact,0,6,0,0,0,0,9,6,0,6,0.02717413800007762,55,3,12,13,49,36,0.027664548999950966,0,39,39,39,39,0,0,39,3,0,0.0415510190000532
s1_1000,S1-19172434,S2,US,selective_v2_compact,0,6,0,1,0,0,10,6,0,6,0.039285092999875815,36,1,11,14,265,177,0.03977117500005534,2,213,211,213,77,1,1,60,2,2,0.11257382400003735
s1_1000,S1-19172434,S3,US,selective_v2_compact,0,6,0,1,0,0,10,6,0,6,0.034410244000014245,36,1,11,14,267,206,0.03483995900000991,1,232,231,232,79,1,1,60,1,1,0.09626111100010348
s1_1000,S1-531268470,S2,US,selective_v2_compact,0,6,0,0,1,0,3,6,0,5,0.017708137999875362,15,0,3,13,119,17,0.017931039000018245,0,105,105,105,53,0,0,53,1,0,0.046673554999983935
s1_1000,S1-531268470,S3,US,selective_v2_compact,0,6,0,0,0,0,3,6,0,6,0.01304471299999932,15,0,3,13,142,20,0.013287710999975388,2,111,109,111,59,0,0,59,2,2,0.0482494670000051
s1_1000,S1-56369002,S2,India,selective_v2_compact,0,6,2,1,0,0,24,4,0,4,0.019000821999952677,78,3,27,10,220,165,0.019634030000020175,0,215,215,215,108,1,1,60,1,0,0.09380042800000865
s1_1000,S1-56369002,S3,India,selective_v2_compact,0,6,3,1,0,0,21,3,0,3,0.018130494000047293,78,3,24,8,153,104,0.018827180000016597,0,151,151,151,71,1,1,60,3,0,0.07281581500001266
s1_1000,S1-851172257,S2,India,selective_v2_compact,0,6,1,1,0,0,32,5,0,5,0.09047801000019717,120,10,42,11,210,141,0.09134480900002018,1,199,198,199,82,1,1,60,2,1,0.1660021829999323
s1_1000,S1-851172257,S3,India,selective_v2_compact,0,6,1,1,1,0,31,5,0,4,0.13059948000011445,120,6,37,10,104,101,0.13152780600000824,0,101,101,101,46,0,0,46,1,0,0.16067777199998545
s1_1000,S1-839695817,S2,India,selective_v2_compact,0,6,2,1,0,0,45,4,0,4,0.015961559000061243,120,15,60,9,253,189,0.01668313200002558,1,247,246,247,117,1,1,60,3,1,0.09917788900008873
s1_1000,S1-839695817,S3,India,selective_v2_compact,0,6,2,1,0,0,54,4,0,4,0.015225118999865117,120,6,60,9,252,190,0.01597074000005705,0,249,249,249,118,1,1,60,0,0,0.10055610899996736
s1_1000,S1-117184918,S2,US,selective_v2_compact,0,6,3,1,0,0,12,3,0,3,0.020297530000107145,36,3,15,6,165,161,0.020645277999960854,2,163,161,163,58,0,0,58,1,2,0.07124552100003712
s1_1000,S1-117184918,S3,US,selective_v2_compact,0,6,0,0,0,0,12,6,2,4,0.03316383800006406,36,3,15,12,75,70,0.03347622199999023,0,70,70,70,70,1,1,60,2,0,0.05459016400004657
s1_1000,S1-103120265,S2,India,selective_v2_compact,0,6,0,1,0,0,16,6,0,6,0.22766284300007555,55,6,22,14,204,121,0.228152098999999,0,182,182,182,70,1,1,60,0,0,0.2972557880000295
s1_1000,S1-103120265,S3,India,selective_v2_compact,0,6,0,0,0,0,16,6,0,6,0.23423792300013702,55,6,22,14,189,98,0.2347217300000466,0,157,157,157,79,1,1,60,0,0,0.2936774019999575
s1_1000,S1-869535932,S2,US,selective_v2_compact,0,6,0,0,0,0,1,6,0,6,0.006416604000150983,21,0,1,12,92,78,0.006766900000002352,0,78,78,78,49,0,0,49,2,0,0.03850442300006307
s1_1000,S1-869535932,S3,US,selective_v2_compact,0,6,0,0,0,0,1,6,0,6,0.005982641999821681,21,0,1,12,21,12,0.006258882999986781,0,12,12,12,12,0,0,12,2,0,0.01636549499994544
s1_1000,S1-887169774,S2,US,selective_v2_compact,0,6,0,0,0,0,3,6,0,6,0.040931170999897404,21,1,4,14,342,82,0.0412855340000533,1,323,322,323,100,1,1,60,2,1,0.12998030900007507
s1_1000,S1-887169774,S3,US,selective_v2_compact,0,6,0,0,0,0,3,6,0,6,0.06181331099992349,21,1,4,13,120,97,0.0621304929999269,1,116,115,116,78,1,1,60,1,1,0.10199433700006466
s1_1000,S1-492543909,S2,India,selective_v2_compact,0,6,0,0,0,0,6,6,1,5,0.13902715500012164,36,1,7,12,90,83,0.13950987999999143,2,83,83,85,78,1,1,60,2,2,0.16653415600001154
s1_1000,S1-492543909,S3,India,selective_v2_compact,0,6,1,1,0,0,2,5,1,4,0.10751079399994978,36,0,2,10,113,110,0.10796582200009652,2,111,110,112,64,1,1,60,1,2,0.14723690100004205
s1_1000,S1-94599318,S2,US,selective_v2_compact,0,6,0,0,0,0,4,6,1,5,0.021802711999953317,21,0,4,13,136,98,0.02211670500003038,92,128,128,220,142,1,1,60,1,48,0.08911979699996664
s1_1000,S1-94599318,S3,US,selective_v2_compact,0,6,3,1,0,0,4,3,0,3,0.016894672000148603,21,0,4,7,156,116,0.017188934000046174,88,150,150,238,159,1,1,60,3,45,0.0817456749999792
s1_1000,S1-677598357,S2,US,selective_v2_compact,0,6,0,1,2,0,2,6,0,4,0.015879612999924575,21,0,2,15,164,139,0.016246138000042265,0,160,160,160,78,1,1,60,1,0,0.06448627500003568
s1_1000,S1-677598357,S3,US,selective_v2_compact,0,6,0,1,0,0,2,6,0,6,0.017087038000113353,21,0,2,15,178,157,0.017419597000071008,0,170,170,170,79,1,1,60,1,0,0.0800972910000155
s1_1000,S1-730719207,S2,US,selective_v2_compact,0,6,0,1,0,0,14,6,0,6,0.027420454999855792,36,1,15,12,136,127,0.027778705999935482,1,128,127,128,82,1,1,60,1,1,0.07399267599998893
s1_1000,S1-730719207,S3,US,selective_v2_compact,0,6,2,1,0,0,14,4,0,4,0.02065436599991699,36,1,15,8,110,105,0.020970267999928183,2,107,105,107,78,1,1,60,2,2,0.05097568600001523
s1_1000,S1-369861184,S2,US,selective_v2_compact,0,6,1,1,0,0,9,5,0,5,0.019956833999799528,36,3,12,11,144,103,0.02034636700000192,0,121,121,121,77,1,1,60,0,0,0.04906427800005986
s1_1000,S1-369861184,S3,US,selective_v2_compact,0,6,1,1,0,0,9,5,0,5,0.02254907600001843,36,3,12,11,164,107,0.022924815999999737,3,129,126,129,73,1,1,60,4,3,0.07347587200001726
s1_1000,S1-295668361,S2,US,selective_v2_compact,0,6,0,0,1,0,5,6,0,5,0.011302823000164608,21,1,6,15,24,4,0.011521227999992334,2,11,9,11,11,0,0,11,2,2,0.01798554200001945
s1_1000,S1-295668361,S3,US,selective_v2_compact,0,6,0,0,1,0,5,6,0,5,0.011221739000234265,21,1,6,15,43,5,0.011440719999995963,1,22,21,22,22,0,0,22,1,1,0.024441652999939834
s1_1000,S1-858735224,S2,US,selective_v2_compact,0,6,0,1,1,0,2,6,0,5,0.013590739000051144,15,0,2,14,318,208,0.013964318000034837,26,272,246,272,90,1,1,60,2,26,0.1162664539999696
s1_1000,S1-858735224,S3,US,selective_v2_compact,0,6,0,1,0,0,2,6,0,6,0.01610595900001499,15,0,2,13,275,204,0.016469865999965805,19,267,248,267,117,1,1,60,2,19,0.09638145100007023
s1_1000,S1-563073325,S2,US,selective_v2_compact,0,6,0,0,0,0,11,6,0,6,0.029879145000222707,55,6,17,13,160,41,0.030346919999942656,1,154,153,154,81,1,1,60,1,1,0.0816134949999423
s1_1000,S1-563073325,S3,US,selective_v2_compact,0,6,0,0,0,0,11,6,0,6,0.02491850900003101,55,6,17,13,169,47,0.025396881000006033,0,155,155,155,87,1,1,60,3,0,0.07911108600001171
s1_1000,S1-816383534,S2,US,selective_v2_compact,0,6,0,0,2,0,4,6,0,4,0.012524591000101282,15,0,4,13,347,81,0.012790888999916206,34,320,286,320,91,1,1,60,1,34,0.1137310049999769
s1_1000,S1-816383534,S3,US,selective_v2_compact,0,6,0,0,0,0,4,6,0,6,0.014144747999921492,15,0,4,13,352,71,0.014405446999944616,24,309,285,309,95,1,1,60,3,24,0.11413644100002784
s1_1000,S1-79146097,S2,India,selective_v2_compact,0,6,0,1,0,0,7,6,0,6,0.09935787299980348,36,1,8,13,128,118,0.09979618800002754,2,122,122,124,88,1,1,60,1,2,0.14515493700002935
s1_1000,S1-79146097,S3,India,selective_v2_compact,0,6,0,1,0,0,8,6,0,6,0.14570998399995005,36,0,8,13,173,160,0.14619504300003427,5,166,166,171,87,1,1,60,2,5,0.20435737200000403
s1_1000,S1-241799543,S2,US,selective_v2_compact,0,6,0,0,4,0,5,6,0,2,0.017079559000080735,45,1,6,15,248,27,0.01755423499992048,0,227,227,227,90,1,1,60,2,0,0.09329508199994052
s1_1000,S1-241799543,S3,US,selective_v2_compact,0,6,0,0,1,0,11,6,0,5,0.02358891999995194,45,3,14,14,299,71,0.024017990999936956,0,277,277,277,88,1,1,60,1,0,0.11362523000002511
s1_1000,S1-814666931,S2,India,selective_v2_compact,0,6,3,1,0,0,19,3,0,3,0.045485610000014276,78,3,22,7,186,135,0.04614224700003433,1,173,172,173,75,1,1,60,2,1,0.09856887600005848
s1_1000,S1-814666931,S3,India,selective_v2_compact,0,6,3,1,1,0,19,3,0,2,0.03615921699997671,78,1,20,7,153,114,0.036820627999986755,0,153,153,153,79,1,1,60,2,0,0.09703432499998144
s1_1000,S1-434049818,S2,US,selective_v2_compact,0,6,0,1,0,0,5,6,0,6,0.015447287000029064,21,1,6,12,111,100,0.01574296299997968,1,101,100,101,57,0,0,57,3,1,0.04069453900001463
s1_1000,S1-434049818,S3,US,selective_v2_compact,0,6,0,0,0,0,5,6,0,6,0.01746451100007107,21,1,6,12,104,94,0.017763016000003518,0,94,94,94,55,0,0,55,2,0,0.05142976000001909
s1_1000,S1-879372595,S2,India,selective_v2_compact,0,6,0,0,0,0,33,6,0,6,0.0945423660001552,120,15,48,13,120,82,0.09543111499999668,2,88,86,88,50,0,0,50,5,2,0.13356889800002136
s1_1000,S1-879372595,S3,India,selective_v2_compact,0,6,0,0,0,0,30,6,2,4,0.04646684099986942,120,6,36,13,19,4,0.04731140100000175,1,7,6,7,7,0,0,7,3,1,0.058711434999963785
s1_1000,S1-248163870,S2,India,selective_v2_compact,0,6,0,0,0,0,36,6,0,6,0.10864966700000878,120,36,72,13,111,79,0.10927184400009082,1,99,98,99,59,0,0,59,2,1,0.1500208920000432
s1_1000,S1-248163870,S3,India,selective_v2_compact,0,6,0,0,0,0,37,6,1,5,0.1066584550000016,120,28,65,13,94,64,0.10733757699995294,2,78,76,78,64,1,1,60,4,2,0.13798322900004223
s1_1000,S1-974558168,S2,US,selective_v2_compact,0,6,0,0,0,0,2,6,0,6,0.01102579899986722,36,1,3,13,89,32,0.01147384000000784,1,76,75,76,62,1,1,60,2,1,0.050786102999950344
s1_1000,S1-974558168,S3,US,selective_v2_compact,0,6,0,0,0,0,3,6,0,6,0.009573669999895174,36,1,4,13,91,30,0.009973921999971935,0,75,75,75,65,1,1,60,1,0,0.0428464440000198
s1_1000,S1-152580274,S2,India,selective_v2_compact,0,6,3,1,1,0,21,3,0,2,0.007033962000036809,55,10,31,6,122,120,0.007456112999989273,2,122,120,122,80,1,1,60,0,2,0.045118638000076317
s1_1000,S1-152580274,S3,India,selective_v2_compact,0,6,3,1,1,0,26,3,0,2,0.01690238399999089,55,3,29,6,152,152,0.017300277000003916,7,152,152,159,73,1,1,60,1,7,0.07140849199993227
s1_1000,S1-182285498,S2,US,selective_v2_compact,0,6,1,1,0,0,7,5,0,5,0.016912344000047597,28,1,8,10,111,105,0.017236166000088815,2,107,105,107,76,1,1,60,1,2,0.04996220700002141
s1_1000,S1-182285498,S3,US,selective_v2_compact,0,6,1,1,0,0,7,5,0,5,0.017948495000041476,28,1,8,10,168,158,0.01830029400002786,2,160,158,160,89,1,1,60,3,2,0.07143043700000362
s1_1000,S1-636219545,S2,US,selective_v2_compact,0,6,0,0,0,0,2,6,0,6,0.03633353699979125,36,0,2,13,121,96,0.03680659500003003,1,114,113,114,73,1,1,60,1,1,0.0804502460000549
s1_1000,S1-636219545,S3,US,selective_v2_compact,0,6,2,1,0,0,2,4,0,4,0.03321425900003305,36,0,2,9,119,105,0.03368657900000471,0,115,115,115,71,1,1,60,1,0,0.07691987900000186
s1_1000,S1-879828483,S2,India,selective_v2_compact,0,6,2,1,0,0,17,4,0,4,0.038015642000004846,105,15,32,11,196,110,0.038890225000045575,0,187,187,187,79,1,1,60,2,0,0.10485469699995065
s1_1000,S1-879828483,S3,India,selective_v2_compact,0,6,2,1,0,0,24,4,0,4,0.03645136799980264,105,6,30,11,236,143,0.0373198349999484,3,226,223,226,78,1,1,60,1,3,0.11558460999992803
s1_1000,S1-595976104,S2,US,selective_v2_compact,0,6,1,1,0,0,5,5,0,5,0.01775630000008732,21,1,6,12,202,132,0.018050044000005983,1,165,164,165,78,1,1,60,1,1,0.06206763799991677
s1_1000,S1-595976104,S3,US,selective_v2_compact,0,6,4,1,0,3,8,2,0,2,0.008592127000156324,21,3,11,6,202,120,0.008802186000025358,2,157,155,157,74,1,1,60,4,2,0.05389275800007454
s1_1000,S1-480646551,S2,India,selective_v2_compact,0,6,4,1,0,0,45,2,0,2,0.029162454000015714,91,28,73,4,139,136,0.029501557999992656,21,137,136,157,62,1,1,60,2,21,0.08588647800002036
s1_1000,S1-480646551,S3,India,selective_v2_compact,0,6,3,1,0,0,46,3,0,3,0.034653679000030024,91,15,61,6,156,152,0.03514199899996129,36,152,152,188,78,1,1,60,4,36,0.08609543600005054
s1_1000,S1-688071877,S2,US,selective_v2_compact,0,6,0,0,3,0,0,6,0,3,0.008367386000031729,6,0,0,13,16,14,0.008507958999985021,0,15,15,15,15,0,0,15,0,0,0.01964525500000036
s1_1000,S1-688071877,S3,US,selective_v2_compact,0,6,0,0,1,0,0,6,0,5,0.00857175900000584,6,0,0,13,18,14,0.008712848000072881,0,15,15,15,15,0,0,15,0,0,0.02181822399995781
s1_1000,S1-970146850,S2,US,selective_v2_compact,0,6,0,0,0,0,3,6,0,6,0.01882589099989218,21,0,3,15,135,68,0.019120451000048888,2,97,95,97,67,1,1,60,2,2,0.05725442900006783
s1_1000,S1-970146850,S3,US,selective_v2_compact,0,6,0,0,3,0,3,6,0,3,0.017896090000022014,21,0,3,16,182,87,0.01834735800002818,0,151,151,151,79,1,1,60,1,0,0.06216464700003144
s1_1000,S1-610757866,S2,US,selective_v2_compact,0,6,1,1,1,0,5,5,0,4,0.013993954000056874,36,1,6,11,191,147,0.014421248000076048,1,184,183,184,99,1,1,60,2,1,0.07511627600001702
s1_1000,S1-610757866,S3,US,selective_v2_compact,0,6,2,1,0,0,8,4,0,4,0.018987487999879704,36,3,11,9,191,157,0.01937434600006327,0,182,182,182,80,1,1,60,3,0,0.07245351300002767
s1_1000,S1-998147399,S2,India,selective_v2_compact,0,6,1,1,0,0,28,5,0,5,0.08276216099989142,91,15,43,11,206,153,0.0833912739999505,1,193,192,193,95,1,1,60,3,1,0.14002120200007084
s1_1000,S1-998147399,S3,India,selective_v2_compact,0,6,0,0,0,0,28,6,1,5,0.06309747900002094,91,15,43,13,94,36,0.06366036700001132,1,82,81,82,76,1,1,60,5,1,0.09761351700001342
s1_1000,S1-672064749,S2,US,selective_v2_compact,0,6,0,0,0,0,4,6,1,5,0.010980089999975462,28,1,5,12,22,14,0.011291458000073362,4,16,14,18,18,0,0,18,2,4,0.019562050999979874
s1_1000,S1-672064749,S3,US,selective_v2_compact,0,6,0,0,0,0,5,6,0,6,0.007362423999893508,28,1,6,12,49,40,0.007712491000006594,4,44,40,44,44,0,0,44,2,4,0.026843627000062042
s1_1000,S1-300594042,S2,US,selective_v2_compact,0,6,0,0,3,0,4,6,0,3,0.023252093999985846,28,1,5,15,70,22,0.02355573500005903,1,48,47,48,48,0,0,48,0,1,0.046241315000088434
s1_1000,S1-300594042,S3,US,selective_v2_compact,0,6,0,0,0,0,4,6,0,6,0.02194207100001222,28,1,5,15,114,16,0.02225771199994142,1,55,54,55,55,0,0,55,4,1,0.047050282999975934
s1_1000,S1-966899178,S2,India,selective_v2_compact,0,6,3,1,0,0,40,3,1,2,0.023792254999989382,105,28,68,6,104,102,0.024256375000049957,1,103,102,103,60,1,0,60,2,1,0.05480962100000397
s1_1000,S1-966899178,S3,India,selective_v2_compact,0,6,2,1,1,0,45,4,1,2,0.20598331800010783,105,21,66,8,109,109,0.20648851299995385,0,109,109,109,80,1,1,60,0,0,0.2405467859999817
s1_1000,S1-859410589,S2,India,selective_v2_compact,0,6,2,1,0,0,19,4,0,4,0.03842048700005307,45,3,22,8,175,135,0.03888679399994999,8,138,135,143,83,1,1,60,4,8,0.08569278600009511
s1_1000,S1-859410589,S3,India,selective_v2_compact,0,6,0,0,0,0,19,6,0,6,0.04470727699992949,45,3,22,12,111,86,0.045092974999988655,9,88,86,95,80,1,1,60,3,9,0.0766565860000128
s1_1000,S1-221830085,S2,US,selective_v2_compact,0,6,0,1,1,0,6,6,0,5,0.01109175400017648,36,1,7,14,187,112,0.011498329999994894,1,168,167,168,88,1,1,60,4,1,0.06882795299998179
s1_1000,S1-221830085,S3,US,selective_v2_compact,0,6,0,0,0,0,6,6,1,5,0.010383980000142401,36,1,7,14,105,0,0.010753285999953732,1,76,75,76,40,0,0,40,3,1,0.04204906299992217
s1_1000,S1-759154765,S2,US,selective_v2_compact,0,6,2,1,1,0,4,4,0,3,0.03320385600000009,21,0,4,8,126,126,0.03352554200000668,0,126,126,126,80,1,1,60,0,0,0.08110055699989971
s1_1000,S1-759154765,S3,US,selective_v2_compact,0,6,2,1,1,0,4,4,0,3,0.039577871999995295,21,0,4,8,127,126,0.03987004199996136,0,126,126,126,79,1,1,60,0,0,0.07953401799989024
s1_1000,S1-279768516,S2,India,selective_v2_compact,0,6,0,1,0,0,12,6,0,6,0.027857753999683155,45,1,13,14,198,131,0.028300489000002926,2,154,152,154,95,1,1,60,1,2,0.08027897900001335
s1_1000,S1-279768516,S3,India,selective_v2_compact,0,6,0,0,1,0,10,6,1,4,0.057293256000093606,45,1,11,14,49,20,0.05778883899995435,2,42,40,42,42,0,0,42,3,2,0.07711127699997178
s1_1000,S1-277795564,S2,India,selective_v2_compact,0,6,0,0,0,0,24,6,1,5,0.1687769599998319,91,15,39,13,68,51,0.1694012540000358,1,60,59,60,60,1,0,60,2,1,0.19414566799991917
s1_1000,S1-277795564,S3,India,selective_v2_compact,0,6,0,0,1,0,28,6,1,4,0.09392832499997894,91,10,38,13,40,26,0.09454366700003902,0,36,36,36,36,0,0,36,2,0,0.10662655199996607
s1_1000,S1-435179175,S2,India,selective_v2_compact,0,6,0,0,0,0,20,6,0,6,0.029206942999735475,66,6,26,13,84,28,0.029698696000082236,1,60,59,60,60,1,0,60,3,1,0.05530377000002318
s1_1000,S1-435179175,S3,India,selective_v2_compact,0,6,2,1,0,0,17,4,0,4,0.015735379999910037,66,6,23,10,195,118,0.016253024999969057,1,185,184,185,87,1,1,60,2,1,0.07577455000000555
s1_1000,S1-359821177,S2,US,selective_v2_compact,0,6,0,0,0,0,4,6,1,5,0.021910711000145966,21,1,5,13,26,2,0.022148432999983925,2,15,13,15,15,0,0,15,2,2,0.02713066399996933
s1_1000,S1-359821177,S3,US,selective_v2_compact,0,6,0,0,0,0,4,6,1,5,0.017430388999969182,21,1,5,13,18,1,0.01767155200002435,0,10,10,10,10,0,0,10,2,0,0.025375632999953268
s1_1000,S1-155407235,S2,US,selective_v2_compact,0,6,3,1,1,2,6,3,0,2,0.021635585000012725,15,1,7,6,166,165,0.021888114000034875,0,165,165,165,65,1,1,60,0,0,0.07072466599993277
s1_1000,S1-155407235,S3,US,selective_v2_compact,0,6,1,1,1,2,6,5,1,3,0.024751603999902727,15,1,7,10,115,114,0.025002502000006643,1,115,114,115,75,1,1,60,2,1,0.07629218399995352
s1_1000,S1-363640638,S2,US,selective_v2_compact,0,6,0,0,0,0,2,6,0,6,0.016870469999958004,36,1,3,13,162,46,0.017285601000025963,1,141,140,141,83,1,1,60,4,1,0.06859871699998621
s1_1000,S1-363640638,S3,US,selective_v2_compact,0,6,0,0,0,0,2,6,0,6,0.01910806900013995,36,1,3,13,173,60,0.01952098999993268,1,165,164,165,100,1,1,60,1,1,0.07023304000006192
s1_1000,S1-630988943,S2,US,selective_v2_compact,0,6,0,0,2,0,3,6,1,3,0.01148214799991365,28,0,3,13,116,10,0.01185115400005543,38,116,116,154,85,1,1,60,0,38,0.06283483400000023
s1_1000,S1-630988943,S3,US,selective_v2_compact,0,6,0,0,0,0,6,6,1,5,0.010219828000003872,28,1,7,13,249,38,0.010567085000047882,42,170,170,212,114,1,1,60,1,41,0.08279696399995373
s1_1000,S1-492798500,S2,India,selective_v2_compact,0,6,0,0,2,0,22,6,1,3,0.07642220900004304,91,15,37,14,101,69,0.07706707900001675,0,100,100,100,81,1,1,60,0,0,0.11974446200008515
s1_1000,S1-492798500,S3,India,selective_v2_compact,0,6,2,1,1,0,27,4,0,3,0.17315281200023946,91,3,30,10,196,154,0.17387006399997063,0,191,191,191,102,1,1,60,0,0,0.24308850399995663
s1_1000,S1-750902604,S2,US,selective_v2_compact,0,6,0,0,0,0,4,6,0,6,0.024931516999913583,21,1,5,13,206,62,0.025245385999937753,2,183,181,183,90,1,1,60,3,2,0.07894665499998155
s1_1000,S1-750902604,S3,US,selective_v2_compact,0,6,0,0,0,0,4,6,0,6,0.020546005000028345,21,1,5,13,215,73,0.02086745199994766,0,193,193,193,90,1,1,60,4,0,0.07744007300004796
s1_1000,S1-832262633,S2,India,selective_v2_compact,0,6,0,1,1,0,11,6,1,4,0.08390137899993988,45,1,12,13,168,140,0.08440063899990946,1,153,153,154,42,0,0,42,1,1,0.13272766900001898
s1_1000,S1-832262633,S3,India,selective_v2_compact,0,6,0,0,0,0,9,6,1,5,0.04407863100027498,45,0,9,13,122,84,0.04460761100006039,11,100,100,111,59,0,0,59,5,11,0.08588545600002817
s1_1000,S1-494365737,S2,India,selective_v2_compact,0,6,0,0,0,0,5,6,0,6,0.06591393099995457,55,0,5,13,77,23,0.0665672169999425,12,53,51,63,53,0,0,53,2,12,0.09088949099998445
s1_1000,S1-494365737,S3,India,selective_v2_compact,0,6,0,0,0,0,0,6,0,6,0.06408142399993721,55,0,0,13,113,78,0.06474933699996654,3,107,107,110,76,1,1,60,3,3,0.1058421840000392
s1_1000,S1-317536058,S2,India,selective_v2_compact,0,6,0,0,0,0,28,6,0,6,0.028143825000142897,105,10,38,14,84,16,0.028899126999931468,1,72,72,73,49,0,0,49,2,1,0.06195959500007575
s1_1000,S1-317536058,S3,India,selective_v2_compact,0,6,0,0,0,0,27,6,1,5,0.023986737999962315,105,6,33,14,73,9,0.02475027700006649,0,55,55,55,42,0,0,42,1,0,0.04648966100000962
s1_1000,S1-862899562,S2,India,selective_v2_compact,0,6,5,1,0,0,19,1,0,1,0.007622381000032874,45,3,22,2,119,119,0.007945820000031745,1,119,119,120,51,0,0,51,1,1,0.050581197999918004
s1_1000,S1-862899562,S3,India,selective_v2_compact,0,6,3,1,0,0,16,3,0,3,0.05603047100009917,45,1,17,6,218,189,0.056488106999950105,3,190,189,192,63,1,1,60,2,3,0.12289917299995068
s1_1000,S1-813952512,S2,US,selective_v2_compact,0,6,0,0,2,0,0,6,1,3,0.0560852949998889,21,0,0,13,103,90,0.05645066199997473,0,103,103,103,73,1,1,60,0,0,0.09215768899991872
s1_1000,S1-813952512,S3,US,selective_v2_compact,0,6,1,1,0,0,0,5,0,5,0.04849330199988344,21,0,0,11,133,109,0.048861854999927345,0,122,122,122,77,1,1,60,2,0,0.0819839939999838
s1_1000,S1-263815160,S2,India,selective_v2_compact,0,6,1,1,0,0,47,5,0,5,0.03711214099985227,78,6,53,10,113,101,0.03750159100002293,4,105,101,105,75,1,1,60,2,4,0.06944233499996244
s1_1000,S1-263815160,S3,India,selective_v2_compact,0,6,2,1,1,0,45,4,0,3,0.08289669499993124,78,6,51,8,131,122,0.08332516200005102,9,131,122,131,80,1,1,60,2,9,0.12331690400003481
s1_1000,S1-505316099,S2,US,selective_v2_compact,0,6,0,1,0,0,5,6,0,6,0.03249692099996082,21,0,5,12,127,115,0.03280778900000314,2,117,115,117,78,1,1,60,2,2,0.07359772699999212
s1_1000,S1-505316099,S3,US,selective_v2_compact,0,6,0,1,1,0,5,6,0,5,0.035917794999932084,21,0,5,12,103,100,0.036372092999954475,1,100,100,101,80,1,1,60,0,1,0.061980966999954035
s1_1000,S1-442590532,S2,US,selective_v2_compact,0,6,1,1,0,0,8,5,0,5,0.03497171399999388,28,1,9,10,111,107,0.03530955400003677,0,107,107,107,71,1,1,60,2,0,0.07173050300002615
s1_1000,S1-442590532,S3,US,selective_v2_compact,0,6,0,0,0,0,8,6,0,6,0.038665703999981815,28,1,9,12,61,49,0.038969361999988905,2,51,49,51,51,0,0,51,2,2,0.058681211000020994
s1_1000,S1-520578486,S2,US,selective_v2_compact,0,6,0,0,2,0,2,6,1,3,0.020134579999876223,36,0,2,13,54,2,0.020523445999970136,0,49,49,49,42,0,0,42,1,0,0.03781764899997597
s1_1000,S1-520578486,S3,US,selective_v2_compact,0,6,0,0,0,0,2,6,1,5,0.020530088000100477,36,0,2,12,20,13,0.020931966000034663,0,13,13,13,13,0,0,13,2,0,0.03068935099997816
s1_1000,S1-373716962,S2,India,selective_v2_compact,0,6,0,1,0,0,35,6,0,6,0.035238244999959534,91,15,50,12,242,229,0.03582427599997118,0,229,229,229,62,1,1,60,3,0,0.1005743910000092
s1_1000,S1-373716962,S3,India,selective_v2_compact,0,6,0,1,2,0,35,6,0,4,0.04966075799984537,91,10,45,12,209,207,0.05038974799992957,2,209,207,209,66,1,1,60,0,2,0.11864462500000172
s1_1000,S1-221049359,S2,India,selective_v2_compact,0,6,0,0,0,0,11,6,2,4,0.03325376599991614,66,0,11,13,69,55,0.03401820199997019,1,59,58,59,59,0,0,59,3,1,0.05184938400009287
s1_1000,S1-221049359,S3,India,selective_v2_compact,0,6,2,1,0,0,4,4,0,4,0.017168127999980243,66,0,4,9,154,146,0.018150493999996797,0,151,151,151,94,1,1,60,1,0,0.06068203999996058
s1_1000,S1-595529200,S2,US,selective_v2_compact,0,6,0,0,2,0,2,6,0,4,0.01060027300013644,15,0,2,13,265,65,0.01087807100009286,1,250,249,250,83,1,1,60,1,1,0.09160180499998205
s1_1000,S1-595529200,S3,US,selective_v2_compact,0,6,0,0,0,0,2,6,0,6,0.011678633999736121,15,0,2,13,327,67,0.011963383000079375,1,300,299,300,77,1,1,60,2,1,0.09867797899994457
s1_1000,S1-448814176,S2,India,selective_v2_compact,0,6,0,0,0,0,17,6,0,6,0.1373859520000451,91,10,27,15,133,97,0.13811284199994134,1,120,119,120,90,1,1,60,1,1,0.18204344299999775
s1_1000,S1-448814176,S3,India,selective_v2_compact,0,6,0,0,0,0,17,6,0,6,0.00998155499985387,91,6,23,15,143,88,0.010737833999996838,1,112,111,112,88,1,1,60,4,1,0.05671763700001975
s1_1000,S1-382839290,S2,India,selective_v2_compact,0,6,0,0,0,0,11,6,1,5,0.034776715000020886,55,3,14,14,84,5,0.035236768000004304,2,67,65,67,52,0,0,52,3,2,0.06266441599996142
s1_1000,S1-382839290,S3,India,selective_v2_compact,0,6,0,0,1,0,11,6,1,4,0.014132100999972863,55,3,14,14,79,8,0.014620852999996714,0,68,68,68,59,0,0,59,2,0,0.038208492999956434
s1_1000,S1-437861953,S2,US,selective_v2_compact,0,6,2,1,0,0,5,4,0,4,0.022780618999945546,21,0,5,8,151,150,0.02309352499992201,0,150,150,150,82,1,1,60,0,0,0.07189561500001673
s1_1000,S1-437861953,S3,US,selective_v2_compact,0,6,2,1,0,0,5,4,0,4,0.022955972000204383,21,0,5,8,176,173,0.02328000800002883,0,173,173,173,82,1,1,60,1,0,0.0854975680000507
s1_1000,S1-801385283,S2,US,selective_v2_compact,0,6,0,0,3,0,5,6,0,3,0.015045752999867545,36,1,6,13,215,77,0.01546971899995242,0,214,214,214,62,1,1,60,1,0,0.09349964900002306
s1_1000,S1-801385283,S3,US,selective_v2_compact,0,6,0,1,0,0,6,6,0,6,0.017417493000152717,36,3,9,13,279,131,0.017883122000057483,1,258,257,258,113,1,1,60,1,1,0.09717177099992114
s1_1000,S1-62792559,S2,India,selective_v2_compact,0,6,0,0,0,0,15,6,1,5,0.023344443000041792,55,6,21,14,252,99,0.02379733700001907,3,223,220,223,79,1,1,60,4,3,0.09465076000003592
s1_1000,S1-62792559,S3,India,selective_v2_compact,0,6,0,1,0,0,15,6,1,5,0.00810464999983651,55,6,21,14,252,107,0.008600653000030434,0,245,245,245,80,1,1,60,2,0,0.08532194600002185
s1_1000,S1-429973350,S2,US,selective_v2_compact,0,6,0,0,0,0,11,6,0,6,0.00729975800027205,36,3,14,13,74,67,0.00762022200001411,0,68,68,68,57,0,0,57,1,0,0.031551349999972444
s1_1000,S1-429973350,S3,US,selective_v2_compact,0,6,0,1,0,0,11,6,0,6,0.00866590699979497,36,3,14,13,120,103,0.008996675999924264,0,106,106,106,64,1,1,60,2,0,0.0408558390000735
s1_1000,S1-959711921,S2,US,selective_v2_compact,0,6,0,0,1,0,5,6,1,4,0.013152306000051794,28,1,6,13,149,24,0.013477498000042942,4,130,126,130,68,1,1,60,1,4,0.049071822000087195
s1_1000,S1-959711921,S3,US,selective_v2_compact,0,6,0,0,0,0,5,6,1,5,0.015560598000092796,28,1,6,13,149,13,0.015871616000026734,2,132,130,132,55,0,0,55,2,2,0.054999550999923486
s1_1000,S1-645636967,S2,India,selective_v2_compact,0,6,2,1,0,0,16,4,0,4,0.010677617000169448,45,10,26,8,104,100,0.010982678000004853,1,101,100,101,65,1,1,60,2,1,0.04716212499999983
s1_1000,S1-645636967,S3,India,selective_v2_compact,0,6,1,1,1,0,15,5,0,4,0.015784983999765245,45,10,25,10,149,146,0.016113073000042277,1,147,146,147,90,1,1,60,2,1,0.05887770399999681
s1_1000,S1-772318966,S2,US,selective_v2_compact,0,6,2,1,1,0,4,4,0,3,0.017486865000137186,36,1,5,10,187,133,0.017910796000023765,3,166,163,166,73,1,1,60,1,3,0.06730368500006989
s1_1000,S1-772318966,S3,US,selective_v2_compact,0,6,2,1,0,0,4,4,0,4,0.016842205999864746,36,1,5,10,211,141,0.0173506040000575,7,182,175,182,79,1,1,60,1,7,0.07189194900001894
s1_1000,S1-805666871,S2,India,selective_v2_compact,0,6,3,1,0,0,26,3,0,3,0.01227996800002984,91,28,54,6,135,132,0.012758249999933469,7,133,132,139,46,0,0,46,1,7,0.06213682800000697
s1_1000,S1-805666871,S3,India,selective_v2_compact,0,6,0,0,0,0,31,6,1,5,0.07689139800004341,91,15,46,12,82,76,0.07747136599994064,5,76,76,81,74,1,1,60,1,5,0.10189849999994749
s1_1000,S1-89525072,S2,US,selective_v2_compact,0,6,4,1,0,0,2,2,0,2,0.002279757000110294,36,0,2,6,119,103,0.002695782000046165,0,107,107,107,43,0,0,43,1,0,0.03663497599995935
s1_1000,S1-89525072,S3,US,selective_v2_compact,0,6,0,0,1,0,2,6,1,4,0.049349297999810915,36,0,2,14,126,99,0.04979822600000716,0,104,104,104,48,0,0,48,0,0,0.08158744800005024
s1_1000,S1-334690933,S2,India,selective_v2_compact,0,6,0,0,0,0,28,6,2,4,0.024876513000094747,66,10,38,12,99,94,0.025313512000025185,2,95,94,96,91,1,1,60,2,2,0.0532180419999122
s1_1000,S1-334690933,S3,India,selective_v2_compact,0,6,1,1,0,0,28,5,1,4,0.017938731999947777,66,10,38,10,124,118,0.018378319000021293,3,121,118,121,71,1,1,60,1,3,0.06131819100005487
s1_1000,S1-306911649,S2,India,selective_v2_compact,0,6,1,1,0,0,15,5,1,4,0.050602441000023646,55,1,16,11,193,179,0.051124776999927235,0,191,191,191,94,1,1,60,2,0,0.11571778199993332
s1_1000,S1-306911649,S3,India,selective_v2_compact,0,6,2,1,1,0,12,4,0,3,0.056528095999965444,55,1,13,9,119,104,0.05707486099993275,0,117,117,117,40,0,0,40,1,0,0.09472941199999241
s1_1000,S1-189778694,S2,US,selective_v2_compact,0,6,1,1,0,0,6,5,0,5,0.011832556000058503,21,1,7,12,256,142,0.012111572000094384,2,232,230,232,114,1,1,60,1,2,0.07753199799992672
s1_1000,S1-189778694,S3,US,selective_v2_compact,0,6,1,1,0,0,6,5,0,5,0.012596969999890462,21,1,7,12,278,159,0.012885686999993595,8,237,229,237,101,1,1,60,4,8,0.07965288100001544
s1_1000,S1-264521464,S2,India,selective_v2_compact,0,6,0,0,0,0,7,6,0,6,0.03642521400001897,45,1,8,14,198,73,0.036940211999990424,8,108,100,108,79,1,1,60,1,8,0.07244040299997323
s1_1000,S1-264521464,S3,India,selective_v2_compact,0,6,0,0,0,0,6,6,0,6,0.02554740200002925,45,0,6,14,127,51,0.026026021999996374,0,74,74,74,69,1,1,60,0,0,0.05147837000004074
s1_1000,S1-109274691,S2,US,selective_v2_compact,0,6,0,0,1,0,5,6,0,5,0.008498131999999714,21,0,5,12,65,60,0.00875980300008905,1,61,60,61,61,1,1,60,2,1,0.030411276999984693
s1_1000,S1-109274691,S3,US,selective_v2_compact,0,6,0,0,0,0,5,6,0,6,0.007338170999901195,21,0,5,12,79,69,0.007591340999965723,1,70,69,70,66,1,1,60,3,1,0.03569794500003809
s1_1000,S1-241052906,S2,India,selective_v2_compact,0,6,2,1,1,0,50,4,0,3,0.01345679300015945,91,15,65,8,135,130,0.013853053000048021,4,134,130,134,80,1,1,60,1,4,0.055454412999893066
s1_1000,S1-241052906,S3,India,selective_v2_compact,0,6,1,1,0,0,49,5,1,4,0.10888166200004434,91,10,59,10,180,172,0.10934460599992235,6,178,172,178,82,1,1,60,0,6,0.15813492399990992
s1_1000,S1-20912265,S2,India,selective_v2_compact,0,6,0,0,0,0,44,6,2,4,0.021479580999766767,105,28,72,13,102,62,0.021907337000016014,1,87,86,87,77,1,1,60,2,1,0.05079479400001219
s1_1000,S1-20912265,S3,India,selective_v2_compact,0,6,0,1,0,0,51,6,1,5,0.1726882669998986,105,21,72,13,187,130,0.17314816800001154,3,167,164,167,94,1,1,60,3,3,0.23127210500001638
s1_1000,S1-457236191,S2,India,selective_v2_compact,0,6,2,1,0,0,14,4,0,4,0.0322092909998446,45,6,20,9,183,146,0.03260620200001085,4,173,173,177,103,1,1,60,1,4,0.09671863599999142
s1_1000,S1-457236191,S3,India,selective_v2_compact,0,6,3,1,1,0,16,3,0,2,0.014460834000033174,45,1,17,7,177,141,0.014884425999980522,10,170,170,180,86,1,1,60,1,10,0.0694859790000919
s1_1000,S1-601233921,S2,US,selective_v2_compact,0,6,0,0,0,0,2,6,1,5,0.006512839000038184,15,1,3,14,93,0,0.006719796999959726,82,70,69,151,87,1,1,60,1,45,0.049273503999984314
s1_1000,S1-601233921,S3,US,selective_v2_compact,0,6,0,0,0,0,2,6,1,5,0.00643846299976758,15,1,3,14,124,0,0.006647832999988168,71,95,92,163,86,1,1,60,3,45,0.04936411500000304
s1_1000,S1-652724045,S2,US,selective_v2_compact,0,6,0,0,0,0,9,6,0,6,0.024197935000074722,36,3,12,14,130,54,0.024550477000047977,1,86,85,86,76,1,1,60,4,1,0.051574394999988726
s1_1000,S1-652724045,S3,US,selective_v2_compact,0,6,0,1,0,0,9,6,0,6,0.04976038899997093,36,3,12,15,227,109,0.05012811300002795,1,180,179,180,78,1,1,60,1,1,0.09630870099999811
s1_1000,S1-752926413,S2,US,selective_v2_compact,0,6,0,0,0,0,10,6,2,4,0.02002266600004532,28,1,11,12,89,76,0.02037468599996828,52,79,76,128,93,1,1,60,4,46,0.05095606999998381
s1_1000,S1-752926413,S3,US,selective_v2_compact,0,6,0,0,0,0,10,6,2,4,0.017167702999813628,28,1,11,12,68,62,0.017474788999948032,50,62,62,112,93,1,1,60,3,47,0.04413787800001501
s1_1000,S1-632381890,S2,India,selective_v2_compact,0,6,0,0,0,0,8,6,0,6,0.01859117700007573,91,10,18,13,81,70,0.019388371999980336,0,72,72,72,58,0,0,58,1,0,0.04306300600001123
s1_1000,S1-632381890,S3,India,selective_v2_compact,0,6,0,0,0,0,16,6,1,5,0.016327582999906554,91,3,19,13,60,49,0.017138727000087783,1,51,50,51,44,0,0,44,2,1,0.037120884999922055
s1_1000,S1-568024600,S2,US,selective_v2_compact,0,6,0,0,0,0,6,6,0,6,0.0063160599999037,36,1,7,14,95,26,0.0066713620000200535,1,81,80,81,47,0,0,47,2,1,0.04153764599993792
s1_1000,S1-568024600,S3,US,selective_v2_compact,0,6,0,0,1,0,6,6,0,5,0.008968962000153624,36,1,7,14,99,29,0.009384058000023288,0,79,79,79,48,0,0,48,1,0,0.034167249999995875
s1_1000,S1-101003484,S2,India,selective_v2_compact,0,6,1,1,0,0,38,5,0,5,0.05521442199994908,105,10,48,10,151,134,0.05590393199997834,4,137,134,138,92,1,1,60,3,4,0.09778892399992856
s1_1000,S1-101003484,S3,India,selective_v2_compact,0,6,0,1,0,0,37,6,1,5,0.035866437000095175,105,6,43,12,111,109,0.03655329100001836,1,109,109,110,79,1,1,60,1,1,0.07345683300002293
s1_1000,S1-43499921,S2,India,selective_v2_compact,0,6,0,0,0,0,46,6,1,5,0.06538365199992313,120,15,61,13,46,40,0.06605983600002219,7,43,43,50,50,0,0,50,1,7,0.08177558800002771
s1_1000,S1-43499921,S3,India,selective_v2_compact,0,6,0,0,1,0,53,6,1,4,0.04692142400006105,120,6,59,13,65,55,0.04761774600001445,16,60,60,76,73,1,1,60,3,16,0.07721203899995999
s1_1000,S1-110256609,S2,US,selective_v2_compact,0,6,0,0,1,0,2,6,0,5,0.01319683700000951,21,0,2,13,132,97,0.013522598000008657,1,111,110,111,67,1,1,60,2,1,0.0496997459999875
s1_1000,S1-110256609,S3,US,selective_v2_compact,0,6,2,1,1,0,2,4,0,3,0.010919341999965582,21,0,2,9,116,104,0.011240550000024996,1,110,109,110,55,0,0,55,0,1,0.048924025000019356
s1_1000,S1-487458224,S2,India,selective_v2_compact,0,6,1,1,0,0,35,5,0,5,0.1091018909999093,120,6,41,12,184,135,0.1100277720000804,2,172,170,172,84,1,1,60,1,2,0.1649077520000901
s1_1000,S1-487458224,S3,India,selective_v2_compact,0,6,1,1,0,0,34,5,0,5,0.11931061099983253,120,3,37,13,194,111,0.12021151700002974,1,185,184,185,88,1,1,60,3,1,0.1937299380000468
s1_1000,S1-929842045,S2,US,selective_v2_compact,0,6,0,0,3,0,1,6,0,3,0.019399013999873205,28,0,1,12,8,6,0.019737012999939907,1,7,6,7,7,0,0,7,1,1,0.027352181000082965
s1_1000,S1-929842045,S3,US,selective_v2_compact,0,6,0,1,1,0,3,6,0,5,0.0386802580001131,28,3,6,12,132,130,0.0390523349999512,0,130,130,130,68,1,1,60,1,0,0.07944447800002763
s1_1000,S1-281720430,S2,India,selective_v2_compact,0,6,0,0,1,0,7,6,1,4,0.020048362000125053,78,15,22,16,73,18,0.020630741999980273,1,63,62,63,63,1,1,60,2,1,0.04642058100000668
s1_1000,S1-281720430,S3,India,selective_v2_compact,0,6,0,0,1,0,13,6,1,4,0.08723091999991084,78,10,23,16,85,33,0.08782434099998682,0,65,65,65,65,1,1,60,0,0,0.11599340600002961
s1_1000,S1-721565573,S2,India,selective_v2_compact,0,6,0,0,0,0,43,6,1,5,0.03156333200001882,120,36,79,13,111,74,0.03210227299996404,0,94,94,94,59,0,0,59,3,0,0.06589436199999454
s1_1000,S1-721565573,S3,India,selective_v2_compact,0,6,0,0,0,0,44,6,2,4,0.043991537000010794,120,28,72,13,80,44,0.04463359099997888,1,68,67,68,64,1,1,60,4,1,0.06723553299991636
s1_1000,S1-388793139,S2,US,selective_v2_compact,0,6,0,0,0,0,4,6,0,6,0.03388476700013143,21,1,5,13,108,51,0.03421045499999309,2,90,88,90,73,1,1,60,3,2,0.062311745999977575
s1_1000,S1-388793139,S3,US,selective_v2_compact,0,6,0,0,3,0,4,6,0,3,0.038624881000032474,21,1,5,13,105,61,0.03891066000005594,1,99,98,99,68,1,1,60,1,1,0.0708259549999184
s1_1000,S1-332323893,S2,US,selective_v2_compact,0,6,0,0,3,0,0,6,0,3,0.010600098000054459,15,0,0,15,42,35,0.010842765000006693,0,38,38,38,38,0,0,38,0,0,0.023383468000020002
s1_1000,S1-332323893,S3,US,selective_v2_compact,0,6,0,0,2,0,0,6,0,4,0.014204038000002583,10,0,0,13,76,73,0.01444757700005539,0,74,74,74,72,1,1,60,0,0,0.038532569000039985
s1_1000,S1-841238498,S2,India,selective_v2_compact,0,6,1,1,0,0,55,5,0,5,0.027702438000005714,120,10,65,11,171,119,0.028421135000030517,9,163,154,163,95,1,1,60,2,9,0.0826152299999876
s1_1000,S1-841238498,S3,India,selective_v2_compact,0,6,0,0,0,0,52,6,0,6,0.05086673100004191,120,6,58,12,77,51,0.05155252899999141,8,59,51,59,57,0,0,57,3,8,0.07217652300005284
s1_1000,S1-604791387,S2,US,selective_v2_compact,0,6,2,1,1,0,0,4,0,3,0.11604720200011798,28,0,0,8,157,148,0.11646847099996194,23,151,148,171,72,1,1,60,4,23,0.17401231099995584
s1_1000,S1-604791387,S3,US,selective_v2_compact,0,6,0,0,1,0,0,6,1,4,0.11464369600014379,28,0,0,12,47,40,0.1150169969999979,27,40,40,67,67,1,1,60,0,27,0.1388134670000909
s1_1000,S1-276163334,S2,India,selective_v2_compact,0,6,0,0,1,0,38,6,1,4,0.06240027799992731,120,6,44,12,54,54,0.06324432499991417,0,54,54,54,53,0,0,53,0,0,0.08151449900003627
s1_1000,S1-276163334,S3,India,selective_v2_compact,0,6,1,1,2,0,30,5,0,3,0.05617520100008733,120,3,33,10,175,175,0.05711719800001447,3,175,175,178,78,1,1,60,0,3,0.11106717199993454
s1_1000,S1-619648344,S2,India,selective_v2_compact,0,6,0,0,0,0,21,6,1,5,0.0346403429999782,91,21,42,13,80,57,0.03526348299999427,0,69,69,69,69,1,1,60,4,0,0.06151128300007258
s1_1000,S1-619648344,S3,India,selective_v2_compact,0,6,0,0,0,0,25,6,1,5,0.02513490000001184,91,10,35,14,101,41,0.02580603199999132,0,87,87,87,62,1,1,60,1,0,0.0543911060000255
s1_1000,S1-267645994,S2,US,selective_v2_compact,0,6,0,1,1,0,17,6,0,5,0.059680112000023655,45,6,23,13,354,118,0.06013998100002027,67,349,348,415,131,1,1,60,0,50,0.1296490450000647
s1_1000,S1-267645994,S3,US,selective_v2_compact,0,6,2,1,0,0,21,4,1,3,0.013634157000069536,45,6,27,8,116,115,0.013978907000023355,53,116,115,168,138,1,1,60,0,48,0.059581661999914104
s1_1000,S1-280004217,S2,US,selective_v2_compact,0,6,0,0,2,0,2,6,0,4,0.015410138999982337,21,1,3,12,88,86,0.015703011999903538,0,86,86,86,63,1,1,60,0,0,0.04092036399993049
s1_1000,S1-280004217,S3,US,selective_v2_compact,0,6,0,0,0,0,3,6,0,6,0.015320487999929355,21,1,4,12,81,78,0.015647152000042297,0,78,78,78,65,1,1,60,1,0,0.03828154899997571
s1_1000,S1-183479376,S2,India,selective_v2_compact,0,5,0,1,0,7,33,5,1,4,0.0577626340000279,66,21,54,10,174,165,0.05809371099996952,2,167,165,167,78,1,1,60,2,2,0.11503922700001112
s1_1000,S1-183479376,S3,India,selective_v2_compact,0,6,3,1,1,0,39,3,0,2,0.047412297000050785,66,10,49,6,116,116,0.04772445000003245,0,116,116,116,84,1,1,60,0,0,0.07968580899989774
s1_1000,S1-651332839,S2,India,selective_v2_compact,0,6,0,0,0,0,18,6,1,5,0.09202345999995032,78,21,39,13,136,72,0.0925600549999217,0,120,120,120,92,1,1,60,2,0,0.13098314299998037
s1_1000,S1-651332839,S3,India,selective_v2_compact,0,6,0,1,0,0,23,6,1,5,0.11555052999995041,78,15,38,13,175,120,0.11608264800008783,0,165,165,165,97,1,1,60,2,0,0.15874432999999044
s1_1000,S1-325262585,S2,US,selective_v2_compact,0,6,2,1,0,0,9,4,0,4,0.04022890599992479,28,1,10,8,157,149,0.040599370999984785,2,151,149,151,78,1,1,60,3,2,0.09039759699999195
s1_1000,S1-325262585,S3,US,selective_v2_compact,0,6,2,1,0,0,9,4,0,4,0.05001433600000382,28,1,10,8,161,152,0.05036496000002444,1,153,152,153,77,1,1,60,2,1,0.08889273299996603
s1_1000,S1-248093324,S2,India,selective_v2_compact,0,6,3,1,0,0,27,3,0,3,0.028485453000030247,78,15,42,7,119,112,0.028958212000020467,0,115,115,115,79,1,1,60,1,0,0.06887733899998238
s1_1000,S1-248093324,S3,India,selective_v2_compact,0,6,3,1,0,0,31,3,0,3,0.00807918000009522,78,6,37,7,148,143,0.008560328000044137,1,146,145,146,51,0,0,51,1,1,0.04998989099999562
s1_1000,S1-714434823,S2,US,selective_v2_compact,0,6,0,0,1,0,4,6,0,5,0.015387559000146211,28,0,4,13,78,20,0.01571456500005297,0,68,68,68,60,1,0,60,3,0,0.03867605100003857
s1_1000,S1-714434823,S3,US,selective_v2_compact,0,6,0,0,0,0,4,6,0,6,0.019666207999989638,28,0,4,13,89,23,0.01997835899999245,1,74,73,74,63,1,1,60,2,1,0.044311866000043665
s1_1000,S1-319895908,S2,India,selective_v2_compact,0,6,0,0,0,0,35,6,1,5,0.009051643000020704,91,15,50,13,82,28,0.009533865999969748,1,63,62,63,43,0,0,43,3,1,0.03408624200005761
s1_1000,S1-319895908,S3,India,selective_v2_compact,0,6,0,0,2,0,37,6,1,3,0.011429223999925853,91,10,47,13,66,43,0.01193379099993308,0,65,65,65,45,0,0,45,0,0,0.035167891000014606
s1_1000,S1-130312518,S2,India,selective_v2_compact,0,5,0,0,0,12,17,5,0,5,0.13572706600018591,55,21,38,11,96,69,0.1360178579999456,1,87,86,87,64,1,1,60,1,1,0.16592074300001514
s1_1000,S1-130312518,S3,India,selective_v2_compact,0,5,0,0,1,12,17,5,0,4,0.1371770219998325,55,21,38,11,76,52,0.137463337999975,1,63,62,63,58,0,0,58,2,1,0.15848859599998377
s1_1000,S1-337403716,S2,India,selective_v2_compact,0,6,0,1,0,0,23,6,0,6,0.00996299199994155,55,6,29,14,173,146,0.010383451999928184,0,162,162,162,98,1,1,60,1,0,0.060896286000001965
s1_1000,S1-337403716,S3,India,selective_v2_compact,0,6,1,1,0,0,23,5,0,5,0.009698410000169133,55,6,29,12,139,118,0.010086085000011735,1,127,126,127,69,1,1,60,2,1,0.047287752999977783
s1_1000,S1-927196959,S2,US,selective_v2_compact,0,6,0,1,0,0,4,6,0,6,0.02034147399979247,21,0,4,13,165,151,0.020658738999941306,0,161,161,161,79,1,1,60,1,0,0.07272194200004378
s1_1000,S1-927196959,S3,US,selective_v2_compact,0,6,3,1,0,0,4,3,0,3,0.013058204999992995,21,0,4,7,130,108,0.013324700999987726,2,126,124,126,40,0,0,40,2,2,0.050688197999988915
s1_1000,S1-634802275,S2,India,selective_v2_compact,0,6,0,0,0,0,16,6,1,5,0.0066686929998240885,55,15,31,13,98,64,0.007022534000043379,1,78,77,78,60,1,0,60,4,1,0.03277297800002543
s1_1000,S1-634802275,S3,India,selective_v2_compact,0,6,4,1,0,0,17,2,0,2,0.004031436999980542,55,10,27,5,127,120,0.004436752999936289,0,126,126,126,45,0,0,45,1,0,0.04109189599989804
s1_1000,S1-610551902,S2,India,selective_v2_compact,0,6,1,1,0,0,43,5,1,4,0.11316976199998408,91,6,49,10,106,100,0.11368894600002477,3,101,100,103,90,1,1,60,1,3,0.14466956599994774
s1_1000,S1-610551902,S3,India,selective_v2_compact,0,6,0,1,0,0,35,6,1,5,0.13453328299988243,91,6,41,12,179,173,0.13523199300004762,1,174,173,174,83,1,1,60,1,1,0.1869447519999312
s1_1000,S1-763925165,S2,US,selective_v2_compact,0,6,0,0,1,0,1,6,1,4,0.010832575999984329,21,0,1,12,83,79,0.011142922999965776,0,79,79,79,69,1,1,60,3,0,0.04204427399997712
s1_1000,S1-763925165,S3,US,selective_v2_compact,0,6,0,0,1,0,1,6,1,4,0.01190662799990605,21,0,1,12,79,72,0.012264534999985699,0,72,72,72,56,0,0,56,1,0,0.038174550999997336
s1_1000,S1-809191477,S2,US,selective_v2_compact,0,6,0,0,3,0,3,6,0,3,0.007251042999996571,28,0,3,12,72,70,0.007573184000079891,1,71,70,71,47,0,0,47,1,1,0.03026933800003917
s1_1000,S1-809191477,S3,US,selective_v2_compact,0,6,0,0,0,0,6,6,0,6,0.010474778999878254,28,1,7,13,356,85,0.010817467999913788,3,335,332,335,81,1,1,60,3,3,0.10679421300005743
s1_1000,S1-589408855,S2,India,selective_v2_compact,0,6,0,1,0,0,20,6,0,6,0.02743824600008793,66,15,35,14,209,178,0.027910845999940648,4,185,184,188,94,1,1,60,3,4,0.08284406500001751
s1_1000,S1-589408855,S3,India,selective_v2_compact,0,6,3,1,0,0,21,3,0,3,0.01924544199994216,66,15,36,8,168,139,0.019656105999956708,10,150,149,159,78,1,1,60,3,10,0.06697139099992455
s1_1000,S1-206753882,S2,US,selective_v2_compact,0,6,0,0,3,0,9,6,0,3,0.060248594000086086,45,1,10,13,132,94,0.06068585000002713,0,124,124,124,57,0,0,57,0,0,0.09338858700004948
s1_1000,S1-206753882,S3,US,selective_v2_compact,0,6,0,1,1,0,12,6,0,5,0.06788908099974833,45,3,15,13,166,115,0.06837539499997547,0,151,151,151,55,0,0,55,0,0,0.11097292400006609
s1_1000,S1-878306771,S2,US,selective_v2_compact,0,6,0,0,2,0,0,6,0,4,0.028892853000115792,10,0,0,12,22,21,0.02910787899998013,1,22,21,22,22,0,0,22,0,1,0.040239672999973664
s1_1000,S1-878306771,S3,US,selective_v2_compact,0,6,0,0,0,0,0,6,0,6,0.03223810399992999,10,0,0,12,55,29,0.032485634000067876,4,33,29,33,33,0,0,33,2,4,0.04615969700000733
s1_1000,S1-328097241,S2,US,selective_v2_compact,0,6,2,1,0,0,3,4,0,4,0.025162102000081177,21,0,3,8,135,135,0.02547363399992264,0,135,135,135,80,1,1,60,0,0,0.06499471699999049
s1_1000,S1-328097241,S3,US,selective_v2_compact,0,6,2,1,0,0,4,4,0,4,0.026841977999993105,21,0,4,8,156,151,0.027194894999979624,1,152,151,152,78,1,1,60,2,1,0.07306899399998201
s1_1000,S1-829671154,S2,India,selective_v2_compact,0,6,2,1,0,0,23,4,0,4,0.05940722499997264,55,15,38,8,223,219,0.059803245000011884,2,220,219,221,113,1,1,60,4,2,0.12792243500007316
s1_1000,S1-829671154,S3,India,selective_v2_compact,0,6,2,1,0,0,28,4,0,4,0.014442358000223976,55,10,38,8,119,113,0.014747929000009208,4,113,113,117,89,1,1,60,0,4,0.046045477999996365
s1_1000,S1-631246874,S2,India,selective_v2_compact,0,6,1,1,0,0,34,5,0,5,0.03355544600015037,120,6,40,12,166,125,0.034480853999980354,0,157,157,157,75,1,1,60,2,0,0.08271606799996789
s1_1000,S1-631246874,S3,India,selective_v2_compact,0,6,0,1,0,0,26,6,0,6,0.03669914699992205,120,1,27,15,181,107,0.037746373000004496,2,160,158,160,65,1,1,60,3,2,0.09120546600001944
s1_1000,S1-544759562,S2,US,selective_v2_compact,0,6,0,1,2,0,1,6,0,4,0.030929661000072883,15,0,1,13,366,193,0.03129220000005262,32,360,328,360,119,1,1,60,0,32,0.13504728599991722
s1_1000,S1-544759562,S3,US,selective_v2_compact,0,6,1,1,0,0,1,5,0,5,0.026251428999898963,15,0,1,11,301,108,0.0265521420000141,34,296,262,296,118,1,1,60,1,34,0.10609687200008011
s1_1000,S1-930744842,S2,India,selective_v2_compact,0,6,2,1,0,0,34,4,0,4,0.027852846000087084,91,10,44,9,134,124,0.028456244000039987,5,127,126,131,89,1,1,60,3,5,0.07052820800004156
s1_1000,S1-930744842,S3,India,selective_v2_compact,0,6,0,0,0,0,31,6,1,5,0.01938347299983434,91,6,37,13,91,81,0.019973631999960162,10,84,84,94,78,1,1,60,2,10,0.04889667399993414
s1_1000,S1-108161581,S2,US,selective_v2_compact,0,6,1,1,0,0,8,5,0,5,0.013262457999871913,21,1,9,10,144,111,0.013527478000014526,28,139,111,139,64,1,1,60,1,28,0.0462123759999713
s1_1000,S1-108161581,S3,US,selective_v2_compact,0,6,1,1,1,0,8,5,0,4,0.014035848999924383,21,1,9,10,138,112,0.014305875999980344,25,137,112,137,66,1,1,60,1,25,0.05918151699995633
s1_1000,S1-130260765,S2,India,selective_v2_compact,0,6,1,1,0,0,12,5,0,5,0.050785286000063934,36,3,15,10,124,110,0.05116062600006899,1,111,110,111,72,1,1,60,2,1,0.08639713599995957
s1_1000,S1-130260765,S3,India,selective_v2_compact,0,6,3,1,0,0,11,3,0,3,0.06523587700007738,36,1,12,6,120,115,0.06563216800009286,3,118,115,118,66,1,1,60,2,3,0.10369091600000502
s1_1000,S1-322705792,S2,US,selective_v2_compact,0,6,0,0,3,0,5,6,1,2,0.016841119999980947,36,0,5,13,68,4,0.017218733999925462,0,57,57,57,46,0,0,46,2,0,0.04077586899995822
s1_1000,S1-322705792,S3,US,selective_v2_compact,0,6,1,1,0,0,8,5,0,5,0.022766010000054848,36,1,9,11,199,126,0.023192296000047463,1,174,173,174,91,1,1,60,1,1,0.07097087099998589
s1_1000,S1-300047799,S2,US,selective_v2_compact,0,6,1,1,0,0,3,5,1,4,0.008411181999804285,15,1,4,11,158,127,0.00867478600002869,3,147,144,147,82,1,1,60,2,3,0.04399792800006708
s1_1000,S1-300047799,S3,US,selective_v2_compact,0,6,1,1,0,0,3,5,1,4,0.009116284999890922,15,1,4,11,169,133,0.00938576299995475,5,154,149,154,86,1,1,60,3,5,0.05239735500003917
s1_1000,S1-237606626,S2,US,selective_v2_compact,0,6,0,0,3,0,3,6,0,3,0.00949634299979607,15,0,3,13,218,65,0.009743790000015906,33,210,177,210,101,1,1,60,0,33,0.06831042999999681
s1_1000,S1-237606626,S3,US,selective_v2_compact,0,6,0,0,0,0,3,6,0,6,0.010531213000035677,15,0,3,13,248,81,0.010784400999909849,28,233,205,233,103,1,1,60,1,28,0.06683937800005424
s1_1000,S1-431860747,S2,India,selective_v2_compact,0,6,0,0,3,0,1,6,1,2,0.012639218999765944,28,3,4,15,123,53,0.012969266000027346,0,98,98,98,67,1,1,60,0,0,0.045700984999939465
s1_1000,S1-431860747,S3,India,selective_v2_compact,0,6,3,1,0,0,3,3,0,3,0.017903427000192096,28,1,4,9,188,109,0.01825615799998559,1,163,162,163,93,1,1,60,5,1,0.06710035699995842
s1_1000,S1-552437382,S2,US,selective_v2_compact,0,6,2,1,0,0,7,4,0,4,0.016693544999839105,36,3,10,8,138,136,0.017072049000034895,0,136,136,136,79,1,1,60,0,0,0.059522137000044495
s1_1000,S1-552437382,S3,US,selective_v2_compact,0,6,0,1,0,0,7,6,0,6,0.013690307000160828,45,3,10,13,129,122,0.014173452000022735,1,124,123,124,42,0,0,42,3,1,0.045541957999944316
s1_1000,S1-603435619,S2,India,selective_v2_compact,0,6,1,1,0,0,20,5,0,5,0.09736971899997116,66,10,30,10,139,132,0.09787115199992513,4,134,132,136,93,1,1,60,2,4,0.14108881399999973
s1_1000,S1-603435619,S3,India,selective_v2_compact,0,6,2,1,1,0,22,4,0,3,0.026344051000023683,66,6,28,8,103,103,0.02681657499999801,7,103,103,110,98,1,1,60,1,7,0.059918142000014996
s1_1000,S1-685335289,S2,US,selective_v2_compact,0,6,0,0,2,0,2,6,0,4,0.008278457999949751,21,1,3,12,7,7,0.008553471000027457,0,7,7,7,7,0,0,7,0,0,0.013785690000077011
s1_1000,S1-685335289,S3,US,selective_v2_compact,0,6,0,0,3,0,2,6,0,3,0.073522242999843,21,1,3,12,16,15,0.07379894500002138,1,16,15,16,16,0,0,16,1,1,0.08289960500007965
s1_1000,S1-155779800,S2,US,selective_v2_compact,0,6,2,1,1,0,10,4,0,3,0.022459876000084478,45,1,11,8,170,165,0.022932559999958357,1,166,165,166,78,1,1,60,2,1,0.06708053399995606
s1_1000,S1-155779800,S3,US,selective_v2_compact,0,6,2,1,0,0,17,4,0,4,0.01653519000012693,45,3,20,8,106,102,0.016871543999968708,1,103,102,103,58,0,0,58,1,1,0.0408191239999951
s1_1000,S1-501849627,S2,India,selective_v2_compact,0,6,0,0,0,0,5,6,0,6,0.061797663999868746,120,0,5,12,49,33,0.06300522699996236,2,34,33,35,35,0,0,35,1,2,0.085293024000066
s1_1000,S1-501849627,S3,India,selective_v2_compact,0,6,0,0,0,0,1,6,0,6,0.09721155400018233,120,0,1,12,39,26,0.09844152899995606,4,26,26,30,30,0,0,30,1,4,0.10866256500003146
s1_1000,S1-262004414,S2,US,selective_v2_compact,0,6,0,0,2,0,0,6,0,4,0.02028505199996289,21,0,0,13,236,2,0.0206106489999911,0,232,232,232,40,0,0,40,2,0,0.0338413040000205
s1_1000,S1-262004414,S3,US,selective_v2_compact,0,6,0,0,0,0,0,6,0,6,0.018235564999827147,21,0,0,12,74,64,0.018550598000047103,0,64,64,64,41,0,0,41,3,0,0.043822860999966906
s1_1000,S1-745903635,S2,US,selective_v2_compact,0,6,3,1,0,0,8,3,0,3,0.04220050499998251,28,1,9,6,111,109,0.04250790000003235,3,109,109,112,69,1,1,60,1,3,0.07612628300000779
s1_1000,S1-745903635,S3,US,selective_v2_compact,0,6,3,1,0,0,8,3,0,3,0.041054118999909406,28,1,9,6,124,120,0.041372086000023955,3,121,120,123,64,1,1,60,1,3,0.07544714100004057
s1_1000,S1-656765074,S2,India,selective_v2_compact,0,6,2,1,0,0,25,4,0,4,0.010931588999937958,78,21,46,8,119,118,0.011345724999955564,1,118,118,119,59,0,0,59,1,1,0.05303433499989296
s1_1000,S1-656765074,S3,India,selective_v2_compact,0,6,2,1,0,0,34,4,0,4,0.008478435000142781,78,15,49,8,103,101,0.008879024999941976,3,101,101,104,66,1,1,60,1,3,0.04079904100001386
s1_1000,S1-904386702,S2,US,selective_v2_compact,0,6,0,0,0,0,8,6,1,5,0.013778843999830315,36,1,9,13,150,76,0.014170637000006536,3,147,144,147,105,1,1,60,1,3,0.05254516800005149
s1_1000,S1-904386702,S3,US,selective_v2_compact,0,6,0,1,0,0,10,6,0,6,0.019468112999902587,36,1,11,13,190,111,0.01988233700001274,1,178,177,178,111,1,1,60,1,1,0.07593814799997745
s1_1000,S1-337125619,S2,US,selective_v2_compact,0,6,2,1,0,0,3,4,0,4,0.010547763000090526,21,1,4,9,130,117,0.010838817000035306,5,124,119,124,41,0,0,41,2,5,0.04362164799999846
s1_1000,S1-337125619,S3,US,selective_v2_compact,0,6,1,1,0,0,4,5,0,5,0.012193410999998378,21,1,5,11,135,123,0.012497787000029348,2,128,126,128,65,1,1,60,2,2,0.049362960000053135
s1_1000,S1-514177496,S2,India,selective_v2_compact,0,6,0,1,0,0,20,6,0,6,0.014918895999812776,55,6,26,12,115,102,0.015343475000008766,1,103,102,103,68,1,1,60,3,1,0.04914508599995315
s1_1000,S1-514177496,S3,India,selective_v2_compact,0,6,2,1,1,0,20,4,0,3,0.015603395000084674,55,3,23,8,114,114,0.01603466600010961,0,114,114,114,64,1,1,60,1,0,0.05415766999999505
s1_1000,S1-395601309,S2,India,selective_v2_compact,0,6,1,1,0,0,19,5,0,5,0.01681959499990171,66,3,22,10,153,120,0.017421522999939043,5,121,120,125,72,1,1,60,2,5,0.04913635899993096
s1_1000,S1-395601309,S3,India,selective_v2_compact,0,6,0,1,0,0,19,6,0,6,0.0470945079998728,66,3,22,12,155,134,0.047733218000075794,8,142,134,142,77,1,1,60,4,8,0.09221155700004147
s1_1000,S1-577698852,S2,India,selective_v2_compact,0,6,0,1,0,0,10,6,0,6,0.004957053999987693,36,3,13,15,183,142,0.005325544000015725,3,167,164,167,63,1,1,60,2,3,0.058710567999924024
s1_1000,S1-577698852,S3,India,selective_v2_compact,0,6,0,0,1,0,9,6,1,4,0.018095234000043092,36,0,9,15,50,0,0.018418727999915063,1,27,26,27,27,0,0,27,3,1,0.03334742300000926
s1_1000,S1-874201682,S2,India,selective_v2_compact,0,6,0,0,1,0,12,6,1,4,0.03349784900001396,78,3,15,15,51,5,0.03415393000000222,0,42,42,42,42,0,0,42,2,0,0.05175807499995244
s1_1000,S1-874201682,S3,India,selective_v2_compact,0,6,0,0,3,0,12,6,1,2,0.020055202999856192,78,0,12,15,45,6,0.020735007999974187,0,43,43,43,43,0,0,43,0,0,0.04001351600004455
s1_1000,S1-126570986,S2,US,selective_v2_compact,0,6,0,0,0,0,0,6,0,6,0.08397695199982991,15,0,0,13,94,29,0.08424033299991152,0,82,82,82,69,1,1,60,1,0,0.11157627599993702
s1_1000,S1-126570986,S3,US,selective_v2_compact,0,6,0,0,1,0,0,6,0,5,0.025563590000047043,15,0,0,12,35,32,0.025833666000039557,1,33,32,33,33,0,0,33,1,1,0.04091020999999273
s1_1000,S1-671207789,S2,US,selective_v2_compact,0,6,0,1,0,0,6,6,0,6,0.009324735999939548,28,1,7,14,303,102,0.009694233000004715,1,294,293,294,118,1,1,60,2,1,0.09582731599994077
s1_1000,S1-671207789,S3,US,selective_v2_compact,0,6,3,1,0,0,6,3,0,3,0.013697349000153736,28,1,7,8,360,149,0.014048638999952345,1,354,353,354,109,1,1,60,2,1,0.11658676700005799
s1_1000,S1-708363043,S2,US,selective_v2_compact,0,6,0,0,0,0,4,6,0,6,0.007979001000080643,36,1,5,12,89,74,0.008379609999906279,1,75,74,75,73,1,1,60,3,1,0.026509386999919116
s1_1000,S1-708363043,S3,US,selective_v2_compact,0,6,0,0,1,0,4,6,0,5,0.010354556999914166,36,1,5,12,77,74,0.0107567630000176,0,74,74,74,66,1,1,60,2,0,0.03595581999991282
s1_1000,S1-614088401,S2,US,selective_v2_compact,0,6,0,0,1,0,4,6,1,4,0.007839745999831393,28,0,4,13,194,41,0.008191716999931486,0,192,192,192,80,1,1,60,1,0,0.060039382000013575
s1_1000,S1-614088401,S3,US,selective_v2_compact,0,6,2,1,1,0,6,4,0,3,0.013567942999998195,28,1,7,9,245,106,0.013902460999929644,0,245,245,245,114,1,1,60,0,0,0.07694107199995415
s1_1000,S1-569680730,S2,US,selective_v2_compact,0,6,0,0,0,0,6,6,0,6,0.012761848999957692,45,1,7,13,142,42,0.013200517999962358,1,123,122,123,82,1,1,60,1,1,0.04913719800003946
s1_1000,S1-569680730,S3,US,selective_v2_compact,0,6,0,0,1,0,6,6,0,5,0.013779149000015423,45,1,7,13,160,63,0.014301674000080311,1,143,142,143,77,1,1,60,2,1,0.05782753400001184
s1_1000,S1-767358074,S2,US,selective_v2_compact,0,6,0,0,2,0,0,6,1,3,0.008293258999856334,15,0,0,14,227,0,0.00856352899995727,1,224,223,224,78,1,1,60,1,1,0.07006194600000981
s1_1000,S1-767358074,S3,US,selective_v2_compact,0,6,0,0,0,0,1,6,0,6,0.006224659999929827,15,0,1,13,215,12,0.006465697999942677,1,201,200,201,52,0,0,52,2,1,0.061670597000102134
s1_1000,S1-322487719,S2,India,selective_v2_compact,0,6,2,1,0,0,19,4,1,3,0.08517079000000649,45,1,20,8,212,212,0.08556468999995559,2,212,212,214,82,1,1,60,1,2,0.14574187799996707
s1_1000,S1-322487719,S3,India,selective_v2_compact,0,6,2,1,0,0,21,4,1,3,0.03053354299993316,55,1,22,9,130,121,0.030968708000045808,4,127,123,127,68,1,1,60,3,4,0.06747370599998703
s1_1000,S1-984079639,S2,US,selective_v2_compact,0,6,0,0,0,0,3,6,0,6,0.021287389999997686,15,0,3,13,148,88,0.021544130999927802,2,136,134,136,114,1,1,60,2,2,0.06617736499993043
s1_1000,S1-984079639,S3,US,selective_v2_compact,0,6,0,0,0,0,3,6,0,6,0.02251714599992738,15,0,3,13,177,95,0.022777195999992728,3,161,158,161,106,1,1,60,3,3,0.061573423000027105
s1_1000,S1-594866255,S2,US,selective_v2_compact,0,6,0,0,0,0,2,6,1,5,0.016683998000075917,21,0,2,14,57,2,0.016954130000044643,1,48,47,48,42,0,0,42,1,1,0.03863440300006005
s1_1000,S1-594866255,S3,US,selective_v2_compact,0,6,0,0,1,0,2,6,1,4,0.018645859999992354,21,0,2,14,64,4,0.018913285000053293,0,58,58,58,44,0,0,44,1,0,0.040392687000007754
s1_1000,S1-30108386,S2,US,selective_v2_compact,0,6,0,1,0,0,4,6,0,6,0.025207032000253093,15,0,4,12,113,105,0.025470663999954013,4,109,105,109,73,1,1,60,2,4,0.06213201100001697
s1_1000,S1-30108386,S3,US,selective_v2_compact,0,6,0,1,1,0,4,6,0,5,0.029638508000061847,15,0,4,12,111,107,0.029936331000044447,0,107,107,107,76,1,1,60,1,0,0.05911664900008873
