sample,source1_entity_id,source,country,intersection_scheduler,exact_overflow_passes,intersection_planned_pairs,intersection_pairs_skipped_candidate_budget,intersection_candidate_budget_reached,intersection_empty_probes,intersection_pairs_skipped_term_quota,intersection_pairs_skipped_selectivity,intersection_queries,intersection_overflows,intersection_nonempty_successes,intersection_sql_seconds,intersection_pairs_considered,intersection_pairs_skipped_anchor,intersection_pairs_skipped_rules,postings_looked_up,posting_ids_returned,intersection_unique_candidate_ids,intersection_total_seconds,exact_candidates,token_candidates,token_only_candidates,candidates_before_cap,eligible_before_final_cap,cap_hit,cap_truncated,selected_candidates,true_links_before_cap,selected_exact_candidates,query_seconds
s1_1000,S1-197826453,S2,US,selective_v2_compact,0,18,0,0,6,0,0,18,1,11,0.015642882000065583,28,0,0,36,74,56,0.016366773999948236,43,58,56,99,96,1,1,60,3,40,0.02088644499997372
s1_1000,S1-197826453,S3,US,selective_v2_compact,0,18,7,1,0,0,4,11,1,10,0.013918736000277931,28,0,4,22,268,254,0.014578308999944056,56,255,254,310,101,1,1,60,1,41,0.03023237699994752
s1_1000,S1-681233599,S2,India,selective_v2_compact,0,18,0,0,0,0,33,18,4,14,0.05299589900027968,91,21,54,36,459,191,0.054077008000035676,0,191,191,191,77,1,1,60,1,0,0.06936217399993438
s1_1000,S1-681233599,S3,India,selective_v2_compact,0,18,11,1,0,0,30,7,0,7,0.015063070999985939,91,21,51,15,423,301,0.016154298999936145,0,339,339,339,86,1,1,60,1,0,0.032579077000036705
s1_1000,S1-910993346,S2,India,selective_v2_compact,0,18,11,1,0,0,13,7,0,7,0.00740006199976051,55,3,16,14,331,301,0.008368603999997504,1,302,301,302,89,1,1,60,3,1,0.023390522999989116
s1_1000,S1-910993346,S3,India,selective_v2_compact,0,18,7,1,0,0,12,11,1,10,0.02312550999999985,55,1,13,22,276,252,0.024165535000065574,2,254,252,254,87,1,1,60,3,2,0.03767926399996213
s1_1000,S1-757945054,S2,India,selective_v2_compact,0,18,0,0,0,0,19,18,0,18,0.016399396000110755,120,10,29,40,281,164,0.018494637000003422,14,217,203,217,78,1,1,60,2,14,0.02972307900006399
s1_1000,S1-757945054,S3,India,selective_v2_compact,0,18,3,1,0,0,20,15,0,15,0.015857000000096377,120,6,26,34,419,334,0.01806881400000293,14,381,367,381,87,1,1,60,2,14,0.04623011400008181
s1_1000,S1-290854814,S2,India,selective_v2_compact,0,18,2,1,0,0,12,16,0,16,0.01757502799989652,66,6,18,34,342,267,0.018847923999942395,4,275,271,275,112,1,1,60,3,4,0.03667316999997183
s1_1000,S1-290854814,S3,India,selective_v2_compact,0,18,8,1,2,0,13,10,0,8,0.013765809000005902,66,3,16,22,277,253,0.014953269999978147,6,261,255,261,117,1,1,60,2,6,0.027394527000069502
s1_1000,S1-532135828,S2,US,selective_v2_compact,0,18,11,1,1,0,7,7,1,5,0.03777375100014524,36,0,7,16,311,255,0.03859151100004965,1,273,272,273,77,1,1,60,2,1,0.05302244899996822
s1_1000,S1-532135828,S3,US,selective_v2_compact,0,18,10,1,0,0,10,8,1,7,0.04745076799997605,36,0,10,18,363,320,0.048159842000018216,0,335,335,335,78,1,1,60,2,0,0.06228452499999548
s1_1000,S1-489863972,S2,US,selective_v2_compact,0,18,11,1,1,0,12,7,0,6,0.014598873000068124,55,3,15,14,266,255,0.015582805000008193,2,257,255,257,71,1,1,60,3,2,0.025936612999998943
s1_1000,S1-489863972,S3,US,selective_v2_compact,0,18,7,1,0,0,14,11,0,11,0.013473546999989594,55,6,20,22,277,263,0.014360508999970989,0,263,263,263,85,1,1,60,1,0,0.024930952999966394
s1_1000,S1-127529460,S2,US,selective_v2_compact,0,18,0,0,0,0,3,18,3,15,0.013077975000101105,28,0,3,37,251,156,0.013690738000036617,1,187,186,187,77,1,1,60,3,1,0.02128475500001059
s1_1000,S1-127529460,S3,US,selective_v2_compact,0,18,0,0,0,0,3,18,3,15,0.013359030000174243,28,0,3,37,226,135,0.013948357999993277,0,163,163,163,77,1,1,60,2,0,0.020607711999900857
s1_1000,S1-148743364,S2,India,selective_v2_compact,0,18,2,1,0,0,27,16,3,13,0.02546876600001724,105,15,42,34,381,303,0.02704461500002253,0,345,345,345,107,1,1,60,1,0,0.05340653700000075
s1_1000,S1-148743364,S3,India,selective_v2_compact,0,18,1,1,0,0,29,17,3,14,0.027234304000103293,105,10,39,36,386,302,0.028848974999959864,0,344,344,344,103,1,1,60,1,0,0.05304783299993687
s1_1000,S1-348320286,S2,India,selective_v2_compact,0,16,0,0,2,2,15,16,1,13,0.024783472999729383,36,3,18,33,166,119,0.025197096999932,10,140,130,140,105,1,1,60,2,10,0.031906284000001506
s1_1000,S1-348320286,S3,India,selective_v2_compact,0,18,6,1,0,0,13,12,2,10,0.028236535000019103,36,1,14,25,299,257,0.02879006099999515,5,278,273,278,112,1,1,60,1,5,0.04412108100007117
s1_1000,S1-188014924,S2,India,selective_v2_compact,0,18,6,1,0,0,41,12,2,10,0.024977446999741915,120,10,51,24,273,256,0.02660498800003097,3,259,256,259,101,1,1,60,1,3,0.04222988899994107
s1_1000,S1-188014924,S3,India,selective_v2_compact,0,18,11,1,0,0,35,7,0,7,0.01835340599996016,120,6,41,14,262,256,0.020151408000060655,7,257,256,263,103,1,1,60,2,7,0.03330545899996196
s1_1000,S1-787210237,S2,US,selective_v2_compact,0,15,0,0,0,0,0,15,0,15,0.0026428019998547825,15,0,0,32,225,8,0.002958311000043068,2,146,144,146,78,1,1,60,2,2,0.00880681600006028
s1_1000,S1-787210237,S3,US,selective_v2_compact,0,15,0,0,0,0,0,15,0,15,0.0030336150000493944,15,0,0,31,238,60,0.003369141000007403,0,185,185,185,89,1,1,60,1,0,0.010890900000049442
s1_1000,S1-477547538,S2,US,selective_v2_compact,0,18,9,1,0,0,5,9,1,8,0.012486966999745164,28,1,6,19,267,258,0.013049871000021085,0,261,261,261,114,1,1,60,1,0,0.023271700999998757
s1_1000,S1-477547538,S3,US,selective_v2_compact,0,18,9,1,0,0,5,9,1,8,0.013254523000341578,28,1,6,19,293,273,0.013822666000010031,0,276,276,276,110,1,1,60,2,0,0.02499824599999556
s1_1000,S1-822441485,S2,India,selective_v2_compact,0,18,0,1,1,0,19,18,1,16,0.037048053000148684,78,21,40,37,527,334,0.03814805800004706,0,348,348,348,107,1,1,60,2,0,0.05996983900001851
s1_1000,S1-822441485,S3,India,selective_v2_compact,0,18,0,1,2,0,29,18,1,15,0.026261657999839372,78,10,39,37,310,272,0.02724690799993823,1,278,277,278,107,1,1,60,1,1,0.05233961399994769
s1_1000,S1-676890599,S2,US,selective_v2_compact,0,10,0,0,4,0,4,10,0,6,0.006367146999991746,15,1,5,21,221,124,0.006628245000001698,15,209,209,224,116,1,1,60,0,15,0.015615999999909036
s1_1000,S1-676890599,S3,US,selective_v2_compact,0,10,0,0,0,0,4,10,0,10,0.006903648000047724,15,1,5,21,283,142,0.0071784610000804605,20,247,245,265,120,1,1,60,2,20,0.017857984999977816
s1_1000,S1-569158628,S2,US,selective_v2_compact,0,12,0,0,1,0,3,12,0,11,0.014752482000062628,15,0,3,25,174,137,0.015080160000024989,0,168,168,168,83,1,1,60,1,0,0.02162679200000639
s1_1000,S1-569158628,S3,US,selective_v2_compact,0,12,0,0,0,0,3,12,0,12,0.015443857000036587,15,0,3,25,190,129,0.01573718299994198,1,166,165,166,80,1,1,60,2,1,0.02230323700007375
s1_1000,S1-863311543,S2,US,selective_v2_compact,0,18,1,1,0,0,2,17,1,16,0.011455513999976574,28,3,5,35,529,377,0.012260815999979968,1,466,465,466,106,1,1,60,2,1,0.03962398199996642
s1_1000,S1-863311543,S3,US,selective_v2_compact,0,18,4,1,0,0,3,14,1,13,0.009759278000046834,28,3,6,29,403,257,0.010370882999950481,0,342,342,342,105,1,1,60,1,0,0.02547625500005779
s1_1000,S1-581141524,S2,India,selective_v2_compact,0,18,9,1,0,0,20,9,1,8,0.010858563999931903,66,10,30,18,265,253,0.011749757999950816,11,264,253,264,92,1,1,60,2,11,0.02666369600001417
s1_1000,S1-581141524,S3,India,selective_v2_compact,0,18,10,1,0,0,23,8,0,8,0.012443938000160415,66,6,29,16,279,261,0.013414286000056563,13,274,261,274,91,1,1,60,2,13,0.026175115000000915
s1_1000,S1-776008409,S2,US,selective_v2_compact,0,13,5,1,0,0,1,8,0,8,0.004358812999953443,15,1,2,17,282,255,0.004738711999948464,0,261,261,261,97,1,1,60,2,0,0.014794506999919577
s1_1000,S1-776008409,S3,US,selective_v2_compact,0,13,4,1,0,0,1,9,0,9,0.006592490999992151,15,1,2,19,411,368,0.007032740999989073,1,375,374,375,109,1,1,60,4,1,0.031945026000016696
s1_1000,S1-125953774,S2,India,selective_v2_compact,0,18,12,1,0,0,15,6,0,6,0.007360067000035997,66,6,21,12,273,262,0.008437021999952776,0,262,262,262,72,1,1,60,1,0,0.022566697999991447
s1_1000,S1-125953774,S3,India,selective_v2_compact,0,18,3,1,2,0,16,15,1,12,0.01192569799991361,66,3,19,30,308,273,0.013114683000026162,0,273,273,273,100,1,1,60,1,0,0.028341459999978724
s1_1000,S1-711797056,S2,India,selective_v2_compact,0,17,9,1,0,4,12,8,1,7,0.014558718000103,36,3,15,17,359,303,0.015142467000032411,0,335,335,335,103,1,1,60,1,0,0.03520485599995027
s1_1000,S1-711797056,S3,India,selective_v2_compact,0,17,5,1,0,4,12,12,2,10,0.019154410999817628,36,3,15,25,454,274,0.019789252999999007,2,312,310,312,84,1,1,60,3,2,0.03937624900004266
s1_1000,S1-1713613,S2,India,selective_v2_compact,0,18,8,1,1,0,16,10,1,8,0.016538150999849677,78,6,22,21,295,273,0.01790410000000975,1,287,287,288,58,0,0,58,1,1,0.03282630599994718
s1_1000,S1-1713613,S3,India,selective_v2_compact,0,18,4,1,0,0,20,14,1,13,0.016027009000140424,78,3,23,29,280,254,0.017363766000016767,2,264,264,266,51,0,0,51,1,2,0.031035399000074904
s1_1000,S1-874244889,S2,US,selective_v2_compact,0,18,0,1,4,0,14,18,5,9,0.019043072000158645,78,1,15,37,331,319,0.020569545999933325,0,325,325,325,102,1,1,60,1,0,0.04288626400000339
s1_1000,S1-874244889,S3,US,selective_v2_compact,0,18,9,1,0,0,16,9,1,8,0.01760980900019149,78,1,17,18,280,262,0.019054299000003994,1,263,262,263,92,1,1,60,2,1,0.03390578500000174
s1_1000,S1-112485790,S2,US,selective_v2_compact,0,18,5,1,3,0,12,13,1,9,0.025776668000162317,45,1,13,27,311,251,0.026607983000076274,4,292,288,292,98,1,1,60,1,4,0.03889029699996627
s1_1000,S1-112485790,S3,US,selective_v2_compact,0,18,9,1,0,0,18,9,0,9,0.023931846999857953,45,3,21,19,360,288,0.024584476999962135,3,340,337,340,100,1,1,60,1,3,0.04241457900002388
s1_1000,S1-335303231,S2,US,selective_v2_compact,0,18,0,0,3,0,4,18,0,15,0.01744833899999776,28,0,4,38,220,117,0.01800935500000378,1,201,200,201,114,1,1,60,1,1,0.026139708999949107
s1_1000,S1-335303231,S3,US,selective_v2_compact,0,18,0,0,4,0,4,18,0,14,0.020291548000045623,28,0,4,37,188,122,0.020837702999983776,0,165,165,165,102,1,1,60,1,0,0.028461695000032705
s1_1000,S1-764425963,S2,India,selective_v2_compact,0,18,8,1,0,0,22,10,0,10,0.009242246999974668,120,21,43,20,316,262,0.01113394700007575,2,264,262,264,94,1,1,60,2,2,0.0270866460000434
s1_1000,S1-764425963,S3,India,selective_v2_compact,0,18,8,1,0,0,24,10,0,10,0.014574417999824618,120,10,34,20,291,282,0.01658924000003026,0,282,282,282,91,1,1,60,1,0,0.03387676099998771
s1_1000,S1-211293205,S2,US,selective_v2_compact,0,18,0,0,10,0,3,18,0,8,0.006793243999936749,45,0,3,38,202,110,0.007787613999994392,0,188,188,188,82,1,1,60,1,0,0.02141022199998588
s1_1000,S1-211293205,S3,US,selective_v2_compact,0,18,1,1,1,0,8,17,1,15,0.016027259999873422,45,1,9,34,387,350,0.016996527999936006,1,351,350,351,68,1,1,60,2,1,0.04442154000003029
s1_1000,S1-138688101,S2,India,selective_v2_compact,0,16,10,1,0,5,42,6,1,5,0.020546010999964892,91,28,70,12,274,267,0.021069549000003462,0,267,267,267,95,1,1,60,2,0,0.03374947499992231
s1_1000,S1-138688101,S3,India,selective_v2_compact,0,15,10,1,0,0,48,5,0,5,0.0250999929999125,91,28,76,10,285,283,0.02549431599993568,0,283,283,283,80,1,1,60,0,0,0.038447829000006095
s1_1000,S1-538960854,S2,US,selective_v2_compact,0,11,0,0,0,0,4,11,1,10,0.017291032999878553,15,0,4,22,158,144,0.017567423999935272,0,144,144,144,86,1,1,60,1,0,0.02328276100001858
s1_1000,S1-538960854,S3,US,selective_v2_compact,0,11,0,0,2,0,4,11,1,8,0.018084588000192525,15,0,4,22,185,172,0.01838447600005111,1,173,172,173,86,1,1,60,1,1,0.025336378999895715
s1_1000,S1-281912479,S2,US,selective_v2_compact,0,18,0,0,9,0,0,18,1,8,0.031055091999633078,28,0,0,36,264,248,0.031764223999971364,0,248,248,248,80,1,1,60,1,0,0.042346356000052765
s1_1000,S1-281912479,S3,US,selective_v2_compact,0,18,5,1,1,0,3,13,1,11,0.026980535999882704,28,0,3,26,396,350,0.027694042000007357,1,351,350,351,110,1,1,60,3,1,0.051261275999991085
s1_1000,S1-30134334,S2,India,selective_v2_compact,0,18,0,0,6,0,22,18,4,8,0.00703801699989981,91,10,32,39,327,169,0.008493530999999166,0,219,219,219,80,1,1,60,0,0,0.02169619899996178
s1_1000,S1-30134334,S3,India,selective_v2_compact,0,18,0,0,0,0,18,18,4,14,0.01673221900000499,91,10,28,39,442,237,0.01828602700004467,2,298,296,298,77,1,1,60,3,2,0.033466475000068385
s1_1000,S1-773391278,S2,India,selective_v2_compact,0,18,3,1,2,0,30,15,2,11,0.01685119900025711,105,10,40,31,405,308,0.018471917000056237,5,341,341,346,85,1,1,60,1,5,0.03885152499992728
s1_1000,S1-773391278,S3,India,selective_v2_compact,0,18,8,1,0,0,29,10,0,10,0.018584997999937514,105,6,35,21,376,323,0.020274349000033,11,359,348,359,96,1,1,60,1,11,0.04277026100010062
s1_1000,S1-967399237,S2,US,selective_v2_compact,0,10,3,1,1,0,4,7,0,6,0.01257827700010239,15,1,5,14,351,274,0.012947714999995696,67,341,274,341,122,1,1,60,1,49,0.03048766400002023
s1_1000,S1-967399237,S3,US,selective_v2_compact,0,9,0,1,0,0,3,9,1,8,0.01657998000018779,15,3,6,18,319,284,0.016948345000059817,77,293,284,361,143,1,1,60,4,40,0.033592330000033144
s1_1000,S1-100309770,S2,US,selective_v2_compact,0,18,5,1,0,0,4,13,0,13,0.005551224000100774,36,1,5,26,355,311,0.006371295000008104,0,311,311,311,79,1,1,60,3,0,0.022004737999964163
s1_1000,S1-100309770,S3,US,selective_v2_compact,0,18,5,1,2,0,4,13,0,11,0.005900095000015426,36,1,5,26,340,326,0.0066931029999750535,0,326,326,326,82,1,1,60,0,0,0.027336515999991207
s1_1000,S1-727603875,S2,India,selective_v2_compact,0,18,10,1,0,0,28,8,0,8,0.01392114899988428,91,3,31,16,266,261,0.015329443999917203,0,261,261,261,94,1,1,60,1,0,0.027942002999907345
s1_1000,S1-727603875,S3,India,selective_v2_compact,0,18,9,1,0,0,25,9,1,8,0.020558069999992767,91,3,28,18,333,316,0.02207429800000682,1,317,316,317,79,1,1,60,3,1,0.04037414599997646
s1_1000,S1-415493702,S2,India,selective_v2_compact,0,18,12,1,0,0,36,6,0,6,0.016906560000052195,91,10,46,13,290,286,0.01799730200002614,8,287,286,294,83,1,1,60,1,8,0.03194094900004529
s1_1000,S1-415493702,S3,India,selective_v2_compact,0,18,10,1,0,0,39,8,1,7,0.022401134000119782,91,6,45,17,299,266,0.023503694000055475,10,272,272,282,86,1,1,60,5,10,0.03654587599999104
s1_1000,S1-456974070,S2,US,selective_v2_compact,0,18,5,1,2,0,6,13,1,10,0.011015126000074815,36,1,7,27,296,263,0.011728545999972084,1,276,275,276,87,1,1,60,2,1,0.026199905999988005
s1_1000,S1-456974070,S3,US,selective_v2_compact,0,18,5,1,2,0,6,13,1,10,0.011528496000096311,36,1,7,27,293,261,0.012275091999981669,0,277,277,277,96,1,1,60,1,0,0.028748355000061565
s1_1000,S1-461883442,S2,US,selective_v2_compact,0,18,10,1,0,1,7,8,1,7,0.014091425999936291,28,1,8,16,290,273,0.01461519200006478,2,275,273,275,110,1,1,60,4,2,0.02910769800007529
s1_1000,S1-461883442,S3,US,selective_v2_compact,0,18,0,0,0,1,7,18,2,16,0.026479329000153484,28,1,8,36,350,234,0.027057608999939475,3,237,234,237,105,1,1,60,3,3,0.0376067619999958
s1_1000,S1-141200697,S2,US,selective_v2_compact,0,18,6,1,5,0,5,12,0,7,0.014996313999972699,45,3,8,26,292,254,0.015894718000026842,0,285,285,285,93,1,1,60,1,0,0.029471466000018154
s1_1000,S1-141200697,S3,US,selective_v2_compact,0,18,11,1,0,0,12,7,1,6,0.014230236999992485,45,6,18,15,277,260,0.014904710999985582,1,268,267,268,104,1,1,60,2,1,0.02603661499995269
s1_1000,S1-531476391,S2,US,selective_v2_compact,0,18,10,1,0,1,6,8,0,8,0.013513597000041955,28,3,9,16,315,297,0.014043825000044308,1,298,297,298,82,1,1,60,2,1,0.02773533899994618
s1_1000,S1-531476391,S3,US,selective_v2_compact,0,18,9,1,0,0,7,9,0,9,0.01582065800005239,28,3,10,18,297,263,0.01637644499999169,1,264,263,264,86,1,1,60,3,1,0.02783254999997098
s1_1000,S1-841216992,S2,India,selective_v2_compact,0,18,0,0,13,0,1,18,1,4,0.009506139000109215,55,3,4,38,229,215,0.010738605000028656,0,227,227,227,103,1,1,60,0,0,0.023886561000040274
s1_1000,S1-841216992,S3,India,selective_v2_compact,0,18,0,0,1,0,3,18,1,16,0.00747220899995682,55,1,4,38,138,99,0.008736580999993748,0,107,107,107,74,1,1,60,1,0,0.015474223000069287
s1_1000,S1-195655668,S2,US,selective_v2_compact,0,18,0,0,4,0,7,18,0,14,0.005876415000216184,36,3,10,38,300,245,0.0065495540000028996,0,255,255,255,102,1,1,60,1,0,0.020005482999977175
s1_1000,S1-195655668,S3,US,selective_v2_compact,0,18,0,0,5,0,7,18,1,12,0.006396448999680615,36,3,10,38,152,119,0.006988613000089572,0,125,125,125,82,1,1,60,0,0,0.018409870000027695
s1_1000,S1-915817127,S2,US,selective_v2_compact,0,18,0,0,7,0,2,18,0,11,0.004688176000058775,28,0,2,38,397,130,0.005349003000105768,2,367,365,367,78,1,1,60,4,2,0.025999163999927077
s1_1000,S1-915817127,S3,US,selective_v2_compact,0,18,0,0,0,0,3,18,0,18,0.004771896999955061,28,3,6,38,387,73,0.005367198000044482,3,297,294,297,96,1,1,60,2,3,0.017983676999961062
s1_1000,S1-221516828,S2,India,selective_v2_compact,0,18,8,1,0,0,10,10,1,9,0.007191895999994813,66,15,25,22,314,260,0.00822123599994029,0,268,268,268,78,1,1,60,3,0,0.022504751000042233
s1_1000,S1-221516828,S3,India,selective_v2_compact,0,18,9,1,1,0,12,9,1,7,0.007166730000221833,66,10,22,20,268,251,0.00823171199999706,1,253,252,253,79,1,1,60,1,1,0.022642724999968777
s1_1000,S1-858438273,S2,India,selective_v2_compact,0,18,8,1,4,0,14,10,0,6,0.009089054000241958,78,28,42,21,340,313,0.010038694000058968,2,324,322,324,80,1,1,60,0,2,0.03261828199993033
s1_1000,S1-858438273,S3,India,selective_v2_compact,0,18,10,1,0,6,22,8,0,8,0.0072485130001496145,78,21,43,17,328,262,0.008170827999947505,8,277,269,277,77,1,1,60,2,8,0.02465792699990743
s1_1000,S1-879419565,S2,US,selective_v2_compact,0,18,0,0,0,1,7,18,1,17,0.018711656999926163,28,1,8,38,213,166,0.01921777799998381,1,176,175,176,78,1,1,60,1,1,0.02639234800005852
s1_1000,S1-879419565,S3,US,selective_v2_compact,0,18,0,0,0,1,7,18,1,17,0.01994731000002048,28,1,8,38,287,194,0.020454487000051813,1,223,222,223,78,1,1,60,3,1,0.030470048999973187
s1_1000,S1-783804493,S2,India,selective_v2_compact,0,18,7,1,0,0,16,11,1,10,0.019640487000060602,55,6,22,23,347,305,0.020487805000016124,2,316,314,316,81,1,1,60,4,2,0.035361423000040304
s1_1000,S1-783804493,S3,India,selective_v2_compact,0,18,1,1,0,0,16,17,2,15,0.02787750499987851,55,3,19,35,453,323,0.02885580099996332,1,332,331,332,100,1,1,60,3,1,0.04958540100005848
s1_1000,S1-468160746,S2,US,selective_v2_compact,0,13,0,0,5,0,2,13,1,7,0.009689555000363725,15,0,2,27,249,126,0.010029340999949454,48,236,188,236,117,1,1,60,0,43,0.033789415999990524
s1_1000,S1-468160746,S3,US,selective_v2_compact,0,13,0,0,0,0,2,13,2,11,0.010450715999922977,15,0,2,27,131,53,0.010756033000006937,59,110,109,168,133,1,1,60,1,41,0.017605447999926582
s1_1000,S1-431232660,S2,India,selective_v2_compact,0,18,11,1,0,0,28,7,0,7,0.02633662300013384,66,10,38,15,307,293,0.0270476340000414,1,296,295,296,112,1,1,60,1,1,0.04067360500005179
s1_1000,S1-431232660,S3,India,selective_v2_compact,0,17,13,1,0,0,32,4,0,4,0.021130444000050375,55,6,38,8,298,276,0.021578280999960953,1,277,276,277,97,1,1,60,0,1,0.034733352999978706
s1_1000,S1-158405639,S2,US,selective_v2_compact,0,18,0,0,1,0,3,18,1,16,0.01524637099987558,28,0,3,36,160,139,0.015858589999993455,0,139,139,139,78,1,1,60,1,0,0.02548217100002148
s1_1000,S1-158405639,S3,US,selective_v2_compact,0,18,0,0,7,0,3,18,1,10,0.01585301700004038,28,0,3,36,183,175,0.01645438399998511,0,175,175,175,89,1,1,60,0,0,0.032428257999981724
s1_1000,S1-899768413,S2,India,selective_v2_compact,0,18,9,1,0,0,25,9,1,8,0.015479824999943048,66,10,35,18,327,270,0.016283821999991233,1,271,270,271,104,1,1,60,2,1,0.03234624900005656
s1_1000,S1-899768413,S3,India,selective_v2_compact,0,18,11,1,1,0,20,7,0,6,0.012453587999971205,66,10,30,14,306,304,0.013361366000026464,0,304,304,304,84,1,1,60,1,0,0.027643900000043686
s1_1000,S1-421253980,S2,India,selective_v2_compact,0,18,0,0,2,0,12,18,2,14,0.006811403000028804,55,3,15,38,237,129,0.007758863000049132,0,198,198,198,86,1,1,60,1,0,0.017683837999925345
s1_1000,S1-421253980,S3,India,selective_v2_compact,0,18,0,0,0,0,11,18,3,15,0.008752377000178058,55,3,14,38,248,120,0.009708025999998426,1,168,167,168,81,1,1,60,2,1,0.02123732100005782
s1_1000,S1-700204880,S2,US,selective_v2_compact,0,18,10,1,0,0,6,8,1,7,0.02988806999985627,36,0,6,17,515,276,0.030665928999951575,0,493,493,493,106,1,1,60,2,0,0.050018404000070404
s1_1000,S1-700204880,S3,US,selective_v2_compact,0,18,10,1,0,0,6,8,1,7,0.031036374999985128,36,0,6,17,599,329,0.032070229999931144,0,567,567,567,103,1,1,60,2,0,0.06489176699994914
s1_1000,S1-273482307,S2,US,selective_v2_compact,0,18,1,1,2,0,11,17,1,14,0.017247015000293686,45,0,11,37,511,275,0.018145378999975037,1,456,455,456,118,1,1,60,1,1,0.041846716999998534
s1_1000,S1-273482307,S3,US,selective_v2_compact,0,18,1,1,4,0,11,17,1,12,0.018210376000070028,45,0,11,37,525,279,0.01914436399999886,0,475,475,475,120,1,1,60,1,0,0.04855565100001513
s1_1000,S1-614569190,S2,US,selective_v2_compact,0,18,8,1,0,0,20,10,2,8,0.0196732400000883,55,6,26,20,291,278,0.020409523000012086,28,280,278,306,122,1,1,60,1,28,0.03522763800003759
s1_1000,S1-614569190,S3,US,selective_v2_compact,0,18,8,1,0,0,20,10,2,8,0.02111925200006226,55,6,26,20,296,274,0.02188390799994977,40,275,274,314,127,1,1,60,2,40,0.03924059700000271
s1_1000,S1-177222339,S2,India,selective_v2_compact,0,18,5,1,0,0,22,13,3,10,0.025354956999876777,66,3,25,27,376,324,0.026384247000009964,1,346,345,346,114,1,1,60,1,1,0.04778753499999766
s1_1000,S1-177222339,S3,India,selective_v2_compact,0,18,9,1,0,0,18,9,2,7,0.01994120499989549,66,3,21,19,305,263,0.020991860999970413,2,289,287,289,100,1,1,60,3,2,0.03492898399997557
s1_1000,S1-762724009,S2,India,selective_v2_compact,0,18,6,1,0,0,25,12,1,11,0.02069800699996449,91,15,40,24,271,252,0.022032434000038847,6,258,252,258,79,1,1,60,1,6,0.03519352199998593
s1_1000,S1-762724009,S3,India,selective_v2_compact,0,18,9,1,1,0,29,9,1,7,0.01905732399984572,91,6,35,18,306,293,0.02048825700001089,12,305,293,305,80,1,1,60,0,12,0.03416002799997386
s1_1000,S1-167019398,S2,US,selective_v2_compact,0,18,0,0,4,0,0,18,0,14,0.006564655000033781,21,1,1,39,317,170,0.007054465000010168,0,277,277,277,111,1,1,60,3,0,0.017937871999947674
s1_1000,S1-167019398,S3,US,selective_v2_compact,0,18,0,0,5,0,0,18,0,13,0.006734887999982675,21,1,1,39,334,187,0.007232325000018136,0,294,294,294,117,1,1,60,0,0,0.01900219100002687
s1_1000,S1-321797136,S2,India,selective_v2_compact,0,18,4,1,1,0,27,14,3,10,0.02758640600018225,91,21,48,28,270,250,0.02862457899993842,4,254,250,254,80,1,1,60,1,4,0.041317110000022694
s1_1000,S1-321797136,S3,India,selective_v2_compact,0,18,11,1,0,0,32,7,0,7,0.020355425999809995,91,15,47,14,290,285,0.02151915199999621,0,285,285,285,79,1,1,60,1,0,0.03984186800005318
s1_1000,S1-514299264,S2,US,selective_v2_compact,0,18,0,0,5,0,0,18,1,12,0.0062248520000594,21,0,0,38,142,51,0.00671630500005449,0,110,110,110,77,1,1,60,2,0,0.015365305999921475
s1_1000,S1-514299264,S3,US,selective_v2_compact,0,18,0,0,0,0,0,18,1,17,0.006496417999755977,21,0,0,38,130,51,0.006954122000024654,0,109,109,109,78,1,1,60,1,0,0.013520420999952876
s1_1000,S1-387363895,S2,US,selective_v2_compact,0,18,3,1,0,0,6,15,0,15,0.016455631000098947,28,1,7,32,444,273,0.017079361000014615,2,366,364,366,104,1,1,60,2,2,0.03438577100007478
s1_1000,S1-387363895,S3,US,selective_v2_compact,0,18,0,0,2,0,6,18,1,15,0.017833636000091246,28,1,7,38,325,163,0.018370868000033624,2,264,262,264,106,1,1,60,2,2,0.03660820300001433
s1_1000,S1-48122097,S2,US,selective_v2_compact,0,15,0,0,3,0,0,15,0,12,0.00928234499951941,15,0,0,30,78,68,0.009602306000033423,1,69,68,69,69,1,1,60,1,1,0.012664008000001559
s1_1000,S1-48122097,S3,US,selective_v2_compact,0,15,0,0,0,0,0,15,0,15,0.0095833479998646,15,0,0,30,83,66,0.009900450000031924,1,67,66,67,67,1,1,60,1,1,0.012899005000008401
s1_1000,S1-403142081,S2,US,selective_v2_compact,0,10,0,0,2,0,4,10,0,8,0.007710681000162367,15,1,5,21,338,101,0.008000457999969512,94,270,268,362,136,1,1,60,1,44,0.021817613000052916
s1_1000,S1-403142081,S3,US,selective_v2_compact,0,10,0,0,1,0,4,10,0,9,0.009591239999963364,15,1,5,21,364,120,0.009901831999968636,95,302,302,397,138,1,1,60,0,44,0.02535671900000125
s1_1000,S1-756082596,S2,India,selective_v2_compact,0,18,0,0,0,0,5,18,2,16,0.009433864999891739,36,3,8,38,153,113,0.010110173000043687,1,116,115,116,81,1,1,60,2,1,0.01603421699996943
s1_1000,S1-756082596,S3,India,selective_v2_compact,0,18,0,0,2,0,5,18,2,14,0.009720584999854509,36,0,5,38,69,46,0.010484879000046021,1,48,47,48,48,0,0,48,2,1,0.014706394999961958
s1_1000,S1-455236690,S2,India,selective_v2_compact,0,14,0,0,3,1,10,14,3,8,0.01256626699989738,28,3,13,29,206,167,0.012941871999942123,0,192,192,192,86,1,1,60,0,0,0.022335759000043254
s1_1000,S1-455236690,S3,India,selective_v2_compact,0,13,0,0,0,1,11,13,3,10,0.009326560000204154,28,3,14,27,186,122,0.009667131000014706,0,159,159,159,95,1,1,60,2,0,0.01976671099998839
s1_1000,S1-323308288,S2,India,selective_v2_compact,0,18,13,1,0,0,42,5,0,5,0.02028166199977477,91,10,52,10,304,296,0.021266131999936988,12,296,296,308,104,1,1,60,1,12,0.03634020499998769
s1_1000,S1-323308288,S3,India,selective_v2_compact,0,18,12,1,0,0,38,6,0,6,0.020436679999988883,91,10,48,12,313,311,0.021507560000031845,9,311,311,320,103,1,1,60,2,9,0.042066723000061756
s1_1000,S1-318532201,S2,US,selective_v2_compact,0,18,0,0,7,0,1,18,2,9,0.006887097000117137,36,0,1,36,72,44,0.007695180999917284,1,45,44,45,40,0,0,40,2,1,0.009894019000057597
s1_1000,S1-318532201,S3,US,selective_v2_compact,0,18,8,1,2,0,2,10,0,8,0.006998738999868692,36,1,3,20,274,254,0.007823881000035726,1,255,254,255,109,1,1,60,1,1,0.01820989800000916
s1_1000,S1-149793766,S2,India,selective_v2_compact,0,18,0,0,3,0,9,18,5,10,0.01940850500000124,120,0,9,39,219,192,0.021992248999936237,1,201,201,202,41,0,0,41,1,1,0.04083640999999716
s1_1000,S1-149793766,S3,India,selective_v2_compact,0,18,4,1,0,0,5,14,1,13,0.012699696000140648,120,0,5,31,418,266,0.015431913999918834,8,270,269,277,66,1,1,60,1,8,0.029661840999892775
s1_1000,S1-654838535,S2,US,selective_v2_compact,0,18,0,0,0,0,5,18,0,18,0.011316433999809306,28,1,6,37,215,166,0.01185589599992909,0,194,194,194,114,1,1,60,2,0,0.02271847899999102
s1_1000,S1-654838535,S3,US,selective_v2_compact,0,18,0,0,0,0,5,18,0,18,0.012981568999975934,28,1,6,37,249,181,0.013547402999961378,1,215,214,215,116,1,1,60,1,1,0.026632790000007844
s1_1000,S1-867508332,S2,US,selective_v2_compact,0,18,0,0,5,0,3,18,0,13,0.014027096999825517,21,0,3,38,342,54,0.01447769599997173,1,294,293,294,101,1,1,60,3,1,0.02669295600003352
s1_1000,S1-867508332,S3,US,selective_v2_compact,0,18,0,0,1,0,3,18,0,17,0.014692200000126832,21,0,3,38,337,64,0.015124424000077852,2,292,290,292,103,1,1,60,1,2,0.027192062000040096
s1_1000,S1-181933717,S2,US,selective_v2_compact,0,18,9,1,0,1,7,9,2,7,0.018300314000043727,28,1,8,18,321,304,0.018861356999991585,4,308,304,308,79,1,1,60,3,4,0.030831901999931688
s1_1000,S1-181933717,S3,US,selective_v2_compact,0,18,8,1,0,0,6,10,2,8,0.03208324500019444,28,1,7,20,353,334,0.03266130700001213,1,335,334,335,115,1,1,60,2,1,0.05298895999999331
s1_1000,S1-492734844,S2,US,selective_v2_compact,0,18,9,1,0,0,4,9,0,9,0.01847846599980585,28,0,4,18,361,332,0.01913260200001332,1,333,332,333,77,1,1,60,4,1,0.04231085600008555
s1_1000,S1-492734844,S3,US,selective_v2_compact,0,18,5,1,0,0,5,13,1,12,0.018725932000165812,28,0,5,27,462,384,0.01946324999994431,1,439,438,439,91,1,1,60,3,1,0.045601255000065066
s1_1000,S1-412918045,S2,US,selective_v2_compact,0,18,5,1,3,0,5,13,0,10,0.01770283299993025,36,1,6,26,391,380,0.01872563300003094,171,385,380,551,152,1,1,60,1,42,0.05082126900003914
s1_1000,S1-412918045,S3,US,selective_v2_compact,0,18,3,1,0,0,7,15,3,12,0.024388433999888548,36,3,10,30,301,268,0.025143183000068348,165,269,268,433,140,1,1,60,3,43,0.044195600999955786
s1_1000,S1-130795020,S2,US,selective_v2_compact,0,18,10,1,4,0,3,8,0,4,0.007376399999543537,28,1,4,16,270,270,0.007983152000065274,0,270,270,270,83,1,1,60,0,0,0.019087778999960392
s1_1000,S1-130795020,S3,US,selective_v2_compact,0,18,9,1,0,0,3,9,1,8,0.00917578099961247,28,1,4,18,281,262,0.00978994000001876,0,262,262,262,76,1,1,60,4,0,0.020733242999995127
s1_1000,S1-818732511,S2,India,selective_v2_compact,0,18,12,1,0,0,46,6,0,6,0.014771361000043726,120,15,61,12,298,293,0.016156207999983963,0,293,293,293,88,1,1,60,1,0,0.030776513999967392
s1_1000,S1-818732511,S3,India,selective_v2_compact,0,18,13,1,0,0,44,5,0,5,0.016124089000072672,120,10,54,10,254,252,0.01769132399999762,0,252,252,252,95,1,1,60,1,0,0.029717392000065956
s1_1000,S1-966769496,S2,India,selective_v2_compact,0,18,7,1,0,0,14,11,2,9,0.06327009299980091,78,3,17,23,279,254,0.06472599699998227,0,257,257,257,111,1,1,60,3,0,0.07940014000007523
s1_1000,S1-966769496,S3,India,selective_v2_compact,0,18,0,0,3,0,8,18,3,12,0.016260226999634142,78,0,8,37,195,143,0.01784975900000063,1,146,146,147,106,1,1,60,2,1,0.02715588099999877
s1_1000,S1-604234644,S2,India,selective_v2_compact,0,18,3,1,0,0,8,15,3,12,0.025554100999897855,45,0,8,31,374,314,0.02649943800008714,1,346,345,346,89,1,1,60,1,1,0.04795163199992203
s1_1000,S1-604234644,S3,India,selective_v2_compact,0,18,4,1,0,0,2,14,2,12,0.02926150200005395,45,0,2,30,372,251,0.030382723000002443,0,324,324,324,90,1,1,60,3,0,0.04542571299998599
s1_1000,S1-970543893,S2,US,selective_v2_compact,0,18,0,1,12,0,1,18,0,6,0.005823404999659942,21,0,1,37,253,250,0.0063379999999142456,0,251,251,251,80,1,1,60,0,0,0.019679945999996562
s1_1000,S1-970543893,S3,US,selective_v2_compact,0,18,0,0,5,0,1,18,1,12,0.005707041000164281,21,0,1,38,173,102,0.006162800999959472,0,157,157,157,78,1,1,60,0,0,0.012547825999945417
s1_1000,S1-753418700,S2,India,selective_v2_compact,0,18,0,0,0,0,26,18,2,16,0.03702434100023311,120,3,29,39,313,198,0.03921286600007079,2,247,245,247,68,1,1,60,3,2,0.05158801499999299
s1_1000,S1-753418700,S3,India,selective_v2_compact,0,18,0,0,1,0,24,18,2,15,0.10193425899990416,120,1,25,39,340,225,0.10421892399995158,0,284,284,284,67,1,1,60,2,0,0.1269994490000954
s1_1000,S1-143815498,S2,US,selective_v2_compact,0,18,6,1,0,0,3,12,1,11,0.027084070999990217,28,0,3,26,512,297,0.02782095500003834,0,466,466,466,114,1,1,60,2,0,0.04795497600002818
s1_1000,S1-143815498,S3,US,selective_v2_compact,0,18,7,1,0,0,3,11,1,10,0.024946776000319915,28,0,3,24,515,273,0.02562347899993256,0,480,480,480,112,1,1,60,3,0,0.04849429799992322
s1_1000,S1-405331834,S2,US,selective_v2_compact,0,18,0,0,2,1,7,18,1,15,0.020574617000079343,28,1,8,38,594,212,0.021179134000021804,1,471,470,471,105,1,1,60,0,1,0.03949006400000599
s1_1000,S1-405331834,S3,US,selective_v2_compact,0,18,6,1,0,1,7,12,1,11,0.021219888000132414,28,1,8,24,330,297,0.021776812999974027,0,297,297,297,101,1,1,60,2,0,0.033743221000008816
s1_1000,S1-479745393,S2,US,selective_v2_compact,0,16,0,0,0,0,4,16,0,16,0.0077687740000556005,21,1,5,33,310,221,0.008213703000023997,1,264,263,264,103,1,1,60,4,1,0.019407146999924407
s1_1000,S1-479745393,S3,US,selective_v2_compact,0,16,0,0,0,0,4,16,0,16,0.008145035999973516,21,1,5,33,332,229,0.008600670000078026,1,272,271,272,107,1,1,60,2,1,0.019241607000026306
s1_1000,S1-427745320,S2,US,selective_v2_compact,0,18,4,1,1,0,5,14,0,13,0.03340907599988441,28,0,5,29,452,269,0.034078544999943006,0,396,396,396,105,1,1,60,1,0,0.050213362000022244
s1_1000,S1-427745320,S3,US,selective_v2_compact,0,18,6,1,0,0,5,12,0,12,0.028195299999879353,28,0,5,25,431,275,0.028834250999921096,1,389,388,389,103,1,1,60,2,1,0.044501118999960454
s1_1000,S1-878238472,S2,US,selective_v2_compact,0,17,3,1,0,2,6,14,2,12,0.02480924699989373,28,3,9,28,350,324,0.025364498999920215,2,326,324,326,96,1,1,60,1,2,0.047370155000066916
s1_1000,S1-878238472,S3,US,selective_v2_compact,0,14,4,1,0,1,10,10,1,9,0.039116834000083145,28,3,13,20,295,283,0.03956665800001247,1,284,283,284,99,1,1,60,1,1,0.05629980499998055
s1_1000,S1-177242080,S2,India,selective_v2_compact,0,17,4,1,0,12,28,13,1,12,0.01762658499990266,78,21,49,28,419,376,0.01842242299994723,1,390,389,390,102,1,1,60,1,1,0.04441867699995328
s1_1000,S1-177242080,S3,India,selective_v2_compact,0,18,8,1,0,0,36,10,1,9,0.01816712899972117,78,10,46,22,302,272,0.01897246900000482,0,280,280,280,102,1,1,60,3,0,0.03201335000005656
s1_1000,S1-514524433,S2,US,selective_v2_compact,0,18,0,0,0,0,1,18,0,18,0.006643751999718006,21,0,1,38,281,190,0.007158130999982859,1,222,221,222,89,1,1,60,1,1,0.015913007999984075
s1_1000,S1-514524433,S3,US,selective_v2_compact,0,18,0,0,0,0,1,18,1,17,0.006901563000042188,21,0,1,37,128,64,0.0073274170000559025,1,108,107,108,104,1,1,60,1,1,0.011955881000062618
s1_1000,S1-368975208,S2,US,selective_v2_compact,0,18,4,1,0,0,9,14,0,14,0.02085664999981418,36,1,10,29,359,281,0.02153999000006479,4,304,300,304,81,1,1,60,1,4,0.03691360300001634
s1_1000,S1-368975208,S3,US,selective_v2_compact,0,18,4,1,0,0,9,14,0,14,0.022384234000014658,36,1,10,29,400,286,0.02307990399992832,6,314,308,314,77,1,1,60,3,6,0.043750669000019116
s1_1000,S1-416368005,S2,India,selective_v2_compact,0,18,9,1,0,0,29,9,0,9,0.016790028999935203,91,6,35,20,411,329,0.018258380999895962,0,359,359,359,88,1,1,60,1,0,0.03896242799999072
s1_1000,S1-416368005,S3,India,selective_v2_compact,0,18,8,1,0,0,27,10,1,9,0.015194636000046557,91,3,30,22,383,325,0.016702073000033124,0,351,351,351,111,1,1,60,2,0,0.038015106000102605
s1_1000,S1-774688070,S2,US,selective_v2_compact,0,18,0,0,4,0,9,18,3,11,0.018074019999858137,55,1,10,37,270,193,0.019148418999975547,1,246,245,246,109,1,1,60,2,1,0.03329785800008267
s1_1000,S1-774688070,S3,US,selective_v2_compact,0,18,4,1,0,0,14,14,3,11,0.018768416000170873,55,3,17,28,268,250,0.019729277999999795,1,251,250,251,104,1,1,60,2,1,0.030629702999931396
s1_1000,S1-154389957,S2,US,selective_v2_compact,0,15,0,0,0,0,0,15,0,15,0.006356264999794803,15,0,0,30,142,113,0.006714599999895654,1,114,113,114,59,0,0,59,1,1,0.011455492999971284
s1_1000,S1-154389957,S3,US,selective_v2_compact,0,15,0,0,0,0,0,15,0,15,0.006594429000074342,15,0,0,30,160,122,0.006938423999940824,1,123,122,123,56,0,0,56,3,1,0.011806653000007827
s1_1000,S1-619997739,S2,US,selective_v2_compact,0,17,9,1,0,2,8,8,1,7,0.0320182420001629,28,1,9,16,323,307,0.03253731600000265,2,309,307,309,112,1,1,60,2,2,0.044688550000046234
s1_1000,S1-619997739,S3,US,selective_v2_compact,0,17,11,1,0,2,8,6,0,6,0.03144297199992252,28,1,9,12,278,257,0.03194098999995276,2,259,257,259,114,1,1,60,3,2,0.04638070399994376
s1_1000,S1-337076534,S2,India,selective_v2_compact,0,18,3,1,0,0,6,15,2,13,0.019881244999851333,55,15,21,30,320,271,0.02079652999998416,2,273,271,273,112,1,1,60,2,2,0.03562942799999291
s1_1000,S1-337076534,S3,India,selective_v2_compact,0,18,0,1,0,0,12,18,1,17,0.014274831000193444,55,10,22,37,425,262,0.015210287999934735,1,316,315,316,100,1,1,60,5,1,0.03247320499997386
s1_1000,S1-107342523,S2,US,selective_v2_compact,0,17,0,0,3,0,3,17,2,12,0.018478363000099307,21,1,4,34,305,243,0.018987413000104425,46,254,243,289,117,1,1,60,0,45,0.03366197299999385
s1_1000,S1-107342523,S3,US,selective_v2_compact,0,17,2,1,0,0,3,15,2,13,0.018770375000258355,21,1,4,30,389,312,0.01934735100007856,40,322,312,352,107,1,1,60,3,40,0.036774723000007725
s1_1000,S1-996331863,S2,US,selective_v2_compact,0,14,0,0,3,0,1,14,0,11,0.004389361999756147,15,0,1,29,222,108,0.004717532999961804,1,207,206,207,111,1,1,60,1,1,0.012913343000036548
s1_1000,S1-996331863,S3,US,selective_v2_compact,0,14,0,0,4,0,1,14,0,10,0.0046939480002947676,15,0,1,29,253,134,0.0050365370000236,2,234,232,234,109,1,1,60,2,2,0.014390248999916366
s1_1000,S1-218396099,S2,India,selective_v2_compact,0,18,5,1,0,0,41,13,2,11,0.024376146000008703,120,28,69,26,325,303,0.025685872999929416,0,303,303,303,113,1,1,60,2,0,0.04557458700003281
s1_1000,S1-218396099,S3,India,selective_v2_compact,0,18,3,1,0,0,45,15,3,12,0.031548252000447974,120,21,66,30,280,267,0.03290204600000379,2,269,267,269,107,1,1,60,2,2,0.05104363200007356
s1_1000,S1-278891792,S2,India,selective_v2_compact,0,18,12,1,0,0,29,6,0,6,0.012770401000125275,120,6,35,12,329,305,0.014738175000047704,3,308,305,308,98,1,1,60,5,3,0.030088275000025533
s1_1000,S1-278891792,S3,India,selective_v2_compact,0,18,8,1,1,0,21,10,0,9,0.017203521999817895,120,3,24,20,292,280,0.01946884599999521,0,280,280,280,79,1,1,60,1,0,0.033517491999987215
s1_1000,S1-167735850,S2,India,selective_v2_compact,0,18,6,1,0,0,36,12,1,11,0.01846051100017121,120,10,46,26,390,311,0.020238475000041944,0,354,354,354,87,1,1,60,1,0,0.041694919999940794
s1_1000,S1-167735850,S3,India,selective_v2_compact,0,18,2,1,0,0,32,16,2,14,0.02800901300008718,120,6,38,34,399,323,0.030017144999987977,0,361,361,361,101,1,1,60,2,0,0.052002309999920726
s1_1000,S1-10023404,S2,US,selective_v2_compact,0,18,0,0,9,0,2,18,2,7,0.010252437999952235,21,0,2,36,111,110,0.01068850800004384,1,110,110,111,59,0,0,59,1,1,0.015266092000047138
s1_1000,S1-10023404,S3,US,selective_v2_compact,0,16,0,0,0,0,4,16,3,13,0.014845137000065733,21,1,5,32,277,248,0.01531189299998914,0,248,248,248,72,1,1,60,1,0,0.02548843800002487
s1_1000,S1-105174860,S2,US,selective_v2_compact,0,18,9,1,0,0,5,9,1,8,0.017209323999964,28,0,5,19,429,371,0.017863840000018172,1,411,410,411,97,1,1,60,1,1,0.040157787999987704
s1_1000,S1-105174860,S3,US,selective_v2_compact,0,18,5,1,0,0,6,13,2,11,0.020242248999693402,28,0,6,27,325,268,0.020843629999944824,1,310,309,310,98,1,1,60,1,1,0.03492223299997477
s1_1000,S1-74282883,S2,US,selective_v2_compact,0,11,6,1,0,0,3,5,0,5,0.010013227999934315,15,1,4,10,274,274,0.010345239999992373,0,274,274,274,104,1,1,60,1,0,0.021250575999943067
s1_1000,S1-74282883,S3,US,selective_v2_compact,0,10,0,1,0,0,4,10,1,9,0.016122086000223135,15,1,5,20,269,251,0.016447725000034552,3,253,251,254,80,1,1,60,3,3,0.027450737999970443
s1_1000,S1-449905273,S2,India,selective_v2_compact,0,18,0,0,4,0,11,18,2,12,0.010120225999799004,36,1,12,38,196,105,0.010683255000003555,4,144,144,148,92,1,1,60,1,4,0.0243519790000164
s1_1000,S1-449905273,S3,India,selective_v2_compact,0,16,0,0,3,1,10,16,3,10,0.015329205000170987,28,1,11,33,183,65,0.01571373499996298,10,94,94,104,86,1,1,60,1,10,0.02093323299993699
s1_1000,S1-583248454,S2,US,selective_v2_compact,0,18,0,0,8,0,4,18,0,10,0.028535553999972763,28,0,4,37,433,162,0.029164620999949875,1,393,392,393,104,1,1,60,1,1,0.045975806000001285
s1_1000,S1-583248454,S3,US,selective_v2_compact,0,18,9,1,1,0,5,9,0,8,0.0216646269998364,28,0,5,18,282,262,0.022251454999945963,1,263,262,263,109,1,1,60,1,1,0.03522717900000316
s1_1000,S1-380737728,S2,India,selective_v2_compact,0,18,0,0,0,0,6,18,1,17,0.006671921999895858,28,1,7,37,268,152,0.0072081009999465095,1,198,197,198,91,1,1,60,1,1,0.017879012999969746
s1_1000,S1-380737728,S3,India,selective_v2_compact,0,18,0,0,0,0,6,18,0,18,0.011681700999815803,28,0,6,38,417,190,0.012274026000000049,1,282,281,282,96,1,1,60,1,1,0.030550143000027674
s1_1000,S1-579315496,S2,India,selective_v2_compact,0,18,5,1,0,0,27,13,1,12,0.016689254000084475,105,28,55,27,317,263,0.01789642900007493,0,272,272,272,111,1,1,60,1,0,0.03501752800002578
s1_1000,S1-579315496,S3,India,selective_v2_compact,0,18,2,1,0,0,31,16,3,13,0.017865788000563043,105,21,52,33,354,300,0.019230321999998523,2,311,309,311,100,1,1,60,3,2,0.03897555399998964
s1_1000,S1-144692554,S2,US,selective_v2_compact,0,18,9,1,1,0,5,9,1,7,0.015266193999877942,28,0,5,18,298,281,0.015910622999967927,0,281,281,281,80,1,1,60,0,0,0.02707044400005998
s1_1000,S1-144692554,S3,US,selective_v2_compact,0,18,9,1,0,0,6,9,0,9,0.016247413000087363,28,1,7,18,333,325,0.016844030000015664,0,325,325,325,78,1,1,60,2,0,0.03951877400004378
s1_1000,S1-750911675,S2,US,selective_v2_compact,0,18,5,1,0,0,3,13,0,13,0.028638899999918976,21,0,3,28,309,267,0.029118935000042256,1,278,277,278,88,1,1,60,1,1,0.04030337500000769
s1_1000,S1-750911675,S3,US,selective_v2_compact,0,18,5,1,4,0,3,13,0,9,0.03010055399988687,21,0,3,28,323,280,0.030591899999990346,3,298,295,298,82,1,1,60,1,3,0.04628284299997176
s1_1000,S1-163567129,S2,US,selective_v2_compact,0,18,0,0,1,0,8,18,2,15,0.01257761500005472,45,1,9,37,342,226,0.013475678999952834,0,292,292,292,114,1,1,60,1,0,0.026903528000048027
s1_1000,S1-163567129,S3,US,selective_v2_compact,0,18,6,1,3,0,9,12,0,9,0.010659851000127674,45,3,12,25,380,281,0.011601524999946378,0,343,343,343,117,1,1,60,3,0,0.027557880000017576
s1_1000,S1-357016874,S2,India,selective_v2_compact,0,18,3,1,0,0,11,15,1,14,0.020246758999860504,55,3,14,31,340,261,0.021324495000044408,1,284,283,284,78,1,1,60,2,1,0.03557135999994898
s1_1000,S1-357016874,S3,India,selective_v2_compact,0,18,3,1,0,0,11,15,1,14,0.009397918999866306,55,3,14,31,324,263,0.01039864800009127,1,281,280,281,77,1,1,60,1,1,0.039575826000032066
s1_1000,S1-409176003,S2,US,selective_v2_compact,0,18,9,1,0,0,13,9,0,9,0.021560551000220585,36,1,14,18,279,259,0.022176727000100982,64,261,259,323,144,1,1,60,2,53,0.03597736300002907
s1_1000,S1-409176003,S3,US,selective_v2_compact,0,18,11,1,0,0,11,7,0,7,0.021486223000010796,36,3,14,14,273,267,0.022077933999980814,49,268,267,316,137,1,1,60,1,47,0.03503349699997216
s1_1000,S1-121010724,S2,US,selective_v2_compact,0,18,0,0,0,0,6,18,5,13,0.032151493000242226,28,0,6,36,244,219,0.03272306099995603,30,220,219,249,131,1,1,60,1,30,0.04261884100003499
s1_1000,S1-121010724,S3,US,selective_v2_compact,0,18,0,0,1,0,5,18,5,12,0.03421561399966322,28,1,6,36,289,249,0.03481460400007563,40,250,249,289,150,1,1,60,2,40,0.046271180999951866
s1_1000,S1-24665483,S2,India,selective_v2_compact,0,18,1,1,0,0,6,17,2,15,0.017116103000034855,120,1,7,34,292,268,0.019778239999936886,0,268,268,268,64,1,1,60,1,0,0.03544267899997067
s1_1000,S1-24665483,S3,India,selective_v2_compact,0,18,0,0,7,0,6,18,2,9,0.011282307000215042,120,0,6,37,278,217,0.013949098000011873,0,275,275,275,107,1,1,60,0,0,0.028773112999942896
s1_1000,S1-909373815,S2,US,selective_v2_compact,0,18,0,0,0,0,6,18,0,18,0.01814961999980369,28,1,7,37,382,132,0.018705345000057605,0,327,327,327,102,1,1,60,1,0,0.033265986000060366
s1_1000,S1-909373815,S3,US,selective_v2_compact,0,18,0,0,0,0,6,18,0,18,0.019779712999934418,28,1,7,37,431,174,0.02034889200001544,0,391,391,391,103,1,1,60,1,0,0.0416384970000081
s1_1000,S1-309786236,S2,US,selective_v2_compact,0,18,2,1,3,0,7,16,1,12,0.02739546200029963,55,1,8,32,344,307,0.028640833000054045,2,309,307,309,90,1,1,60,2,2,0.04578747499999736
s1_1000,S1-309786236,S3,US,selective_v2_compact,0,18,5,1,0,0,11,13,1,12,0.02374526999972204,55,3,14,26,319,294,0.024823811999908685,2,296,294,296,85,1,1,60,2,2,0.03890368099996522
s1_1000,S1-687394374,S2,US,selective_v2_compact,0,18,0,1,0,0,4,18,0,18,0.016118592000111676,36,1,5,39,576,293,0.01699533100008921,1,487,486,487,110,1,1,60,2,1,0.044847490999927686
s1_1000,S1-687394374,S3,US,selective_v2_compact,0,18,0,1,0,0,4,18,0,18,0.01646902999982558,36,1,5,39,544,256,0.017320410000024822,2,460,458,460,110,1,1,60,2,2,0.04309477300000708
s1_1000,S1-680746477,S2,India,selective_v2_compact,0,18,0,0,1,7,38,18,4,13,0.03227815300010661,91,21,59,37,439,239,0.03313550799998666,0,295,295,295,113,1,1,60,0,0,0.04844624699990163
s1_1000,S1-680746477,S3,India,selective_v2_compact,0,17,1,1,0,14,50,16,4,12,0.02859673199975532,91,10,60,32,313,256,0.029450749000034193,1,257,256,257,103,1,1,60,4,1,0.045599234000064826
s1_1000,S1-585283089,S2,US,selective_v2_compact,0,15,0,0,0,0,0,15,0,15,0.007058375000042361,15,0,0,30,29,2,0.007335263999948438,2,4,2,4,4,0,0,4,3,2,0.007876398000007612
s1_1000,S1-585283089,S3,US,selective_v2_compact,0,15,0,0,1,0,0,15,0,14,0.007626325000046563,15,0,0,30,26,8,0.007930652999903032,0,8,8,8,8,0,0,8,1,0,0.00850019099993915
s1_1000,S1-879203325,S2,India,selective_v2_compact,0,15,2,1,0,4,7,13,2,11,0.008130582999797298,36,10,17,27,385,280,0.008686011000008875,4,283,282,286,86,1,1,60,2,4,0.02454012199996214
s1_1000,S1-879203325,S3,India,selective_v2_compact,0,16,7,1,0,4,10,9,1,8,0.010396937000109574,36,6,16,19,357,336,0.010960283000031268,8,340,340,348,91,1,1,60,4,8,0.03593047700007901
s1_1000,S1-844761107,S2,US,selective_v2_compact,0,18,7,1,0,1,8,11,0,11,0.016478960000313236,28,1,9,22,260,253,0.016984877000027154,0,253,253,253,102,1,1,60,1,0,0.028139404000057766
s1_1000,S1-844761107,S3,US,selective_v2_compact,0,17,0,0,0,1,9,17,0,17,0.020605973999977323,28,1,10,34,166,133,0.021039538000081848,0,133,133,133,86,1,1,60,1,0,0.027331817000003866
s1_1000,S1-304946100,S2,US,selective_v2_compact,0,18,7,1,0,0,16,11,3,8,0.02487149200010208,55,1,17,22,317,305,0.025855859999978748,49,306,305,354,133,1,1,60,1,46,0.03966781299993727
s1_1000,S1-304946100,S3,US,selective_v2_compact,0,18,7,1,0,0,18,11,4,7,0.020816386999968017,55,1,19,22,312,307,0.021732934000056048,60,307,307,367,131,1,1,60,2,47,0.03995722100000876
s1_1000,S1-515747615,S2,US,selective_v2_compact,0,14,4,1,0,1,10,10,1,9,0.018487220999986675,28,3,13,21,324,252,0.018918251000059172,47,279,278,325,124,1,1,60,2,44,0.03369055000007393
s1_1000,S1-515747615,S3,US,selective_v2_compact,0,14,4,1,0,1,10,10,1,9,0.021097111000244695,28,3,13,21,341,275,0.021535964999998214,63,302,301,364,130,1,1,60,1,46,0.03894778199992288
s1_1000,S1-384966707,S2,US,selective_v2_compact,0,18,0,0,3,0,5,18,2,13,0.007273039999972752,36,1,6,38,231,25,0.00792973400007213,1,178,177,178,87,1,1,60,3,1,0.01505747600003815
s1_1000,S1-384966707,S3,US,selective_v2_compact,0,18,0,0,5,0,5,18,1,12,0.008417489999828831,36,3,8,38,295,34,0.009045242999945913,0,232,232,232,96,1,1,60,0,0,0.01913066500003424
s1_1000,S1-744779380,S2,US,selective_v2_compact,0,18,0,0,8,0,3,18,0,10,0.017314734999899883,28,0,3,37,305,237,0.017939099000045644,1,295,294,295,119,1,1,60,1,1,0.029381259999922804
s1_1000,S1-744779380,S3,US,selective_v2_compact,0,18,6,1,3,0,3,12,0,9,0.016795173000332397,28,0,3,24,263,251,0.017422820000092543,0,251,251,251,84,1,1,60,1,0,0.027403842000012446
s1_1000,S1-894981152,S2,US,selective_v2_compact,0,17,12,1,1,1,9,5,0,4,0.015743385000064336,28,1,10,11,408,313,0.01630633799993575,1,397,396,397,120,1,1,60,0,1,0.03138821499999267
s1_1000,S1-894981152,S3,US,selective_v2_compact,0,16,6,1,1,1,10,10,0,9,0.02714383500006079,28,1,11,21,391,282,0.027617130999942674,1,357,356,357,114,1,1,60,1,1,0.044100711000055526
s1_1000,S1-599108848,S2,US,selective_v2_compact,0,11,0,0,0,0,4,11,1,10,0.017119060000027275,15,0,4,22,197,150,0.017416658000001917,24,174,150,174,87,1,1,60,2,24,0.024320853000062925
s1_1000,S1-599108848,S3,US,selective_v2_compact,0,11,0,0,0,0,4,11,1,10,0.018093208999971466,15,0,4,22,182,154,0.01841613800002051,21,175,154,175,86,1,1,60,2,21,0.025229102999901443
s1_1000,S1-265935406,S2,US,selective_v2_compact,0,18,9,1,0,0,12,9,0,9,0.03411826299998211,36,1,13,18,274,262,0.034704755000007026,1,263,262,263,104,1,1,60,1,1,0.045812003000037294
s1_1000,S1-265935406,S3,US,selective_v2_compact,0,18,10,1,0,0,12,8,0,8,0.03396007300000292,36,1,13,16,294,270,0.03454735000002529,1,271,270,271,101,1,1,60,2,1,0.04618123000000196
s1_1000,S1-384623955,S2,India,selective_v2_compact,0,18,7,1,0,0,24,11,1,10,0.021627319999993233,105,10,34,24,344,262,0.023288093000019217,0,279,279,279,91,1,1,60,3,0,0.03635484799997357
s1_1000,S1-384623955,S3,India,selective_v2_compact,0,18,2,1,0,0,22,16,1,15,0.013042341000186752,105,10,32,34,408,260,0.014798688000041693,1,292,292,293,105,1,1,60,1,1,0.03362698600005842
s1_1000,S1-642055972,S2,India,selective_v2_compact,0,18,0,0,0,0,18,18,6,12,0.02152372400018976,55,10,28,37,273,174,0.02223264500003097,0,176,176,176,89,1,1,60,2,0,0.03341438300003574
s1_1000,S1-642055972,S3,India,selective_v2_compact,0,18,8,1,1,0,16,10,2,7,0.014109275999658166,55,10,26,21,281,272,0.014847838000036973,0,274,274,274,117,1,1,60,1,0,0.028100901000016165
s1_1000,S1-841451402,S2,India,selective_v2_compact,0,18,11,1,1,0,33,7,1,5,0.011389351999923747,91,21,54,15,324,257,0.012297861999968518,0,317,317,317,86,1,1,60,1,0,0.02764389999993
s1_1000,S1-841451402,S3,India,selective_v2_compact,0,18,11,1,0,0,32,7,0,7,0.015921460999948067,91,21,53,15,382,308,0.016908753999928194,1,364,363,364,89,1,1,60,5,1,0.038851826000041
s1_1000,S1-909919632,S2,India,selective_v2_compact,0,18,8,1,0,0,17,10,0,10,0.015898912999887216,55,10,27,21,404,289,0.01667223100002957,1,319,318,319,115,1,1,60,1,1,0.03462118499999178
s1_1000,S1-909919632,S3,India,selective_v2_compact,0,18,4,1,0,0,18,14,1,13,0.01984462299947154,55,10,28,29,461,325,0.02063835699993888,0,355,355,355,105,1,1,60,1,0,0.04167077300007804
s1_1000,S1-364947441,S2,US,selective_v2_compact,0,12,0,0,0,0,3,12,0,12,0.014568736999876819,15,0,3,25,160,115,0.014856324999982462,0,127,127,127,81,1,1,60,3,0,0.020036005999941153
s1_1000,S1-364947441,S3,US,selective_v2_compact,0,12,0,0,0,0,3,12,0,12,0.01855745399996067,15,0,3,25,228,186,0.018880459999991217,1,201,200,201,82,1,1,60,3,1,0.02706187899991619
s1_1000,S1-431196769,S2,India,selective_v2_compact,0,18,8,1,0,0,21,10,0,10,0.01580621599987353,105,21,42,22,384,301,0.017317299999945135,1,350,349,350,114,1,1,60,3,1,0.03770588400004726
s1_1000,S1-431196769,S3,India,selective_v2_compact,0,18,7,1,0,0,24,11,0,11,0.020930694000071526,105,15,39,24,363,281,0.022521075999975437,0,333,333,333,113,1,1,60,3,0,0.03824434000000565
s1_1000,S1-939078389,S2,US,selective_v2_compact,0,18,8,1,0,0,6,10,0,10,0.014977355999917563,28,1,7,21,376,296,0.01556556000002729,4,341,337,341,112,1,1,60,2,4,0.028499938999971164
s1_1000,S1-939078389,S3,US,selective_v2_compact,0,18,8,1,1,0,6,10,0,9,0.01572175699982381,28,1,7,21,417,337,0.01633150200007094,6,385,379,385,113,1,1,60,2,6,0.03661290900004133
s1_1000,S1-804230106,S2,US,selective_v2_compact,0,18,12,1,0,0,7,6,1,5,0.01724582300005295,55,0,7,13,257,250,0.018445267000060994,1,253,252,253,80,1,1,60,1,1,0.0285729250000486
s1_1000,S1-804230106,S3,US,selective_v2_compact,0,18,3,1,0,0,8,15,2,13,0.0346368259998826,55,0,8,31,343,280,0.035837040999922465,1,287,286,287,75,1,1,60,3,1,0.05223715700003595
s1_1000,S1-81605219,S2,US,selective_v2_compact,0,18,3,1,3,0,4,15,0,12,0.015766213999768297,45,0,4,31,369,310,0.016834921999929975,0,355,355,355,87,1,1,60,1,0,0.03587200499998744
s1_1000,S1-81605219,S3,US,selective_v2_compact,0,18,1,1,0,0,8,17,2,15,0.026088073999858352,45,1,9,35,369,273,0.027049003000001903,1,324,323,324,89,1,1,60,2,1,0.04383038399998895
s1_1000,S1-669371909,S2,US,selective_v2_compact,0,18,2,1,1,0,12,16,0,15,0.03687372500019137,45,1,13,34,465,258,0.037720412999988184,0,403,403,403,115,1,1,60,2,0,0.056169652999983555
s1_1000,S1-669371909,S3,US,selective_v2_compact,0,18,3,1,0,0,12,15,0,15,0.03675307200012412,45,1,13,32,488,259,0.037587506000022586,0,427,427,427,112,1,1,60,1,0,0.060417604000008396
s1_1000,S1-722211742,S2,US,selective_v2_compact,0,16,3,1,0,0,4,13,0,13,0.01871769500019127,21,1,5,27,322,265,0.01918667799998275,0,300,300,300,105,1,1,60,1,0,0.03418435200001113
s1_1000,S1-722211742,S3,US,selective_v2_compact,0,16,6,1,0,0,4,10,0,10,0.018090529999994942,21,1,5,21,284,252,0.018547269999999116,1,272,271,272,116,1,1,60,1,1,0.030473387000029106
s1_1000,S1-344389867,S2,India,selective_v2_compact,0,18,0,0,4,0,6,18,0,14,0.013145470999916142,36,1,7,39,287,192,0.013874116000010872,3,220,217,220,80,1,1,60,1,3,0.028473054999949454
s1_1000,S1-344389867,S3,India,selective_v2_compact,0,18,0,0,2,0,6,18,1,15,0.024236324000298737,36,1,7,39,307,232,0.02496936900001856,15,264,249,264,80,1,1,60,2,15,0.03652755600001001
s1_1000,S1-245158009,S2,India,selective_v2_compact,0,18,12,1,1,10,34,6,0,5,0.015243076999922778,91,28,62,12,315,312,0.01599673199996232,0,312,312,312,118,1,1,60,1,0,0.03634868800008917
s1_1000,S1-245158009,S3,India,selective_v2_compact,0,18,13,1,1,0,45,5,0,4,0.015019941999980801,91,15,60,10,326,326,0.015856979999966825,0,326,326,326,114,1,1,60,1,0,0.030925378000006276
s1_1000,S1-20197629,S2,US,selective_v2_compact,0,11,3,1,0,0,4,8,0,8,0.016434926999977506,15,0,4,16,350,299,0.01680436199990254,42,341,299,341,98,1,1,60,1,41,0.0336017570000422
s1_1000,S1-20197629,S3,US,selective_v2_compact,0,11,0,0,0,0,4,11,1,10,0.02045995399998901,15,0,4,22,289,234,0.020809332999988328,47,235,234,281,130,1,1,60,4,41,0.0318672550000656
s1_1000,S1-207590961,S2,India,selective_v2_compact,0,18,7,1,0,0,11,11,0,11,0.010470013000031031,66,10,21,25,338,260,0.011613871000008658,1,290,289,290,87,1,1,60,3,1,0.02854251100006877
s1_1000,S1-207590961,S3,India,selective_v2_compact,0,18,3,1,0,0,13,15,1,14,0.0210789649996741,66,6,19,33,377,343,0.022344865000036407,1,351,350,351,96,1,1,60,3,1,0.04358193999996729
s1_1000,S1-526366343,S2,India,selective_v2_compact,0,18,4,1,0,0,11,14,3,11,0.025100780999991912,66,0,11,30,438,329,0.026552538000032655,1,407,406,407,90,1,1,60,2,1,0.04526907400008895
s1_1000,S1-526366343,S3,India,selective_v2_compact,0,18,2,1,0,0,8,16,3,13,0.03871223100009047,66,0,8,33,443,371,0.04020501900004092,0,408,408,408,100,1,1,60,1,0,0.06733676500005004
s1_1000,S1-949007210,S2,US,selective_v2_compact,0,18,3,1,4,0,2,15,0,11,0.022260585000140054,21,0,2,31,350,330,0.022899862000031135,0,339,339,339,90,1,1,60,0,0,0.042798192999953244
s1_1000,S1-949007210,S3,US,selective_v2_compact,0,18,0,0,0,0,3,18,1,17,0.023126798000021154,21,0,3,37,149,102,0.02356993099999727,0,114,114,114,81,1,1,60,1,0,0.028428180999981123
s1_1000,S1-536563041,S2,US,selective_v2_compact,0,18,2,1,0,1,7,16,0,16,0.029208719000280325,28,1,8,35,415,269,0.02978208599995469,2,320,318,320,77,1,1,60,3,2,0.04326408300005369
s1_1000,S1-536563041,S3,US,selective_v2_compact,0,17,4,1,3,2,8,13,0,10,0.02655427099989538,28,1,9,29,324,259,0.027114950000054705,0,297,297,297,80,1,1,60,0,0,0.040953334000050745
s1_1000,S1-527878296,S2,India,selective_v2_compact,0,12,6,1,0,1,17,6,1,5,0.014055908000045747,36,6,23,12,288,283,0.014455837000014071,0,283,283,283,102,1,1,60,1,0,0.029667378999988614
s1_1000,S1-527878296,S3,India,selective_v2_compact,0,11,6,1,0,1,18,5,1,4,0.015313308000031611,36,6,24,10,334,326,0.015683669999930316,4,330,326,330,106,1,1,60,1,4,0.031141307000098095
s1_1000,S1-197999830,S2,US,selective_v2_compact,0,18,7,1,0,0,14,11,2,9,0.036138425999752144,36,1,15,22,292,277,0.03672944400000233,1,278,277,278,103,1,1,60,1,1,0.04845572700003231
s1_1000,S1-197999830,S3,US,selective_v2_compact,0,18,9,1,0,0,14,9,1,8,0.03138288499974351,36,1,15,18,331,310,0.03196812700002738,2,312,310,312,100,1,1,60,2,2,0.04460644699997829
s1_1000,S1-329046602,S2,US,selective_v2_compact,0,10,0,0,0,0,4,10,0,10,0.007285472000148729,15,1,5,21,140,121,0.007544394999968063,138,128,128,266,152,1,1,60,1,44,0.017904366000038863
s1_1000,S1-329046602,S3,US,selective_v2_compact,0,10,0,0,0,0,4,10,0,10,0.007837259999973867,15,1,5,21,164,122,0.008109217999958673,135,131,131,266,141,1,1,60,3,43,0.01865630199995394
s1_1000,S1-842422827,S2,India,selective_v2_compact,0,18,0,0,0,0,11,18,2,16,0.005351584999743864,78,28,39,38,392,239,0.006379851000019698,0,245,245,245,60,1,0,60,1,0,0.02078133199995591
s1_1000,S1-842422827,S3,India,selective_v2_compact,0,18,0,0,2,0,22,18,0,16,0.011058764999802406,78,15,37,38,306,203,0.012119567000013376,1,211,210,211,75,1,1,60,1,1,0.024328259999947477
s1_1000,S1-97576031,S2,US,selective_v2_compact,0,18,0,0,0,0,2,18,0,18,0.01337462400010736,28,0,2,36,337,241,0.014058551999937663,7,248,241,248,91,1,1,60,3,7,0.02965363700002399
s1_1000,S1-97576031,S3,US,selective_v2_compact,0,18,2,1,2,0,2,16,0,14,0.014556880999975874,28,0,2,33,409,265,0.015287303000036445,4,320,316,320,86,1,1,60,2,4,0.03524381500005802
s1_1000,S1-244663723,S2,US,selective_v2_compact,0,18,9,1,0,0,3,9,0,9,0.02226136999991013,28,0,3,18,302,282,0.022899407999943833,2,284,282,284,96,1,1,60,3,2,0.03378714799998761
s1_1000,S1-244663723,S3,US,selective_v2_compact,0,18,9,1,0,0,3,9,0,9,0.02395813900000121,28,0,3,18,359,347,0.02466935100005685,1,348,347,348,90,1,1,60,1,1,0.04440317600005983
s1_1000,S1-827192339,S2,US,selective_v2_compact,0,18,0,0,1,0,1,18,0,17,0.0044738410002764795,21,0,1,39,170,77,0.0049541449999424,1,134,133,134,79,1,1,60,2,1,0.010544879999997647
s1_1000,S1-827192339,S3,US,selective_v2_compact,0,18,0,0,9,0,1,18,0,9,0.004836191000208601,21,0,1,39,172,76,0.0052909700000327575,0,142,142,142,80,1,1,60,0,0,0.011151389000019662
s1_1000,S1-282340006,S2,US,selective_v2_compact,0,18,10,1,0,0,12,8,0,8,0.01875991899987639,45,1,13,17,408,318,0.019610757999998896,1,359,358,359,81,1,1,60,1,1,0.03383722099999886
s1_1000,S1-282340006,S3,US,selective_v2_compact,0,18,4,1,1,0,13,14,3,10,0.037101558999893314,45,1,14,29,378,311,0.037946814999941125,4,339,335,339,99,1,1,60,1,4,0.05379574300002332
s1_1000,S1-735626336,S2,US,selective_v2_compact,0,18,0,1,5,0,17,18,4,9,0.02534448500000508,78,3,20,39,389,266,0.026853931000005105,46,334,334,380,154,1,1,60,1,43,0.04411947799997051
s1_1000,S1-735626336,S3,US,selective_v2_compact,0,18,5,1,2,0,27,13,3,8,0.026829791999830377,78,6,33,28,367,261,0.027980442000057337,49,285,285,334,147,1,1,60,0,47,0.04208212300000014
s1_1000,S1-861072437,S2,US,selective_v2_compact,0,18,5,1,0,0,1,13,1,12,0.009704381999995348,21,1,2,27,483,344,0.010296435999975984,1,430,429,430,103,1,1,60,2,1,0.032959064000010585
s1_1000,S1-861072437,S3,US,selective_v2_compact,0,18,9,1,0,0,1,9,1,8,0.006860422000045219,21,1,2,19,371,250,0.00737470100000337,0,347,347,347,100,1,1,60,1,0,0.021120768000059797
s1_1000,S1-150446399,S2,US,selective_v2_compact,0,18,0,0,3,0,5,18,1,14,0.009435795000285907,55,0,5,38,200,118,0.010663157999942996,2,162,160,162,99,1,1,60,3,2,0.017267284000013206
s1_1000,S1-150446399,S3,US,selective_v2_compact,0,18,0,0,1,0,10,18,2,15,0.01678424100009579,55,1,11,38,229,133,0.01784035799994399,1,188,187,188,95,1,1,60,1,1,0.03210581500002263
s1_1000,S1-446119207,S2,India,selective_v2_compact,0,18,2,1,1,0,17,16,2,13,0.015416128999959255,55,3,20,33,311,254,0.016310358000055203,0,256,256,256,77,1,1,60,1,0,0.030265233000022818
s1_1000,S1-446119207,S3,India,selective_v2_compact,0,18,3,1,0,0,15,15,3,12,0.015140269000198714,55,3,18,31,341,295,0.01610173400001713,2,299,297,299,74,1,1,60,3,2,0.037511941000047955
s1_1000,S1-63291897,S2,US,selective_v2_compact,0,15,4,1,0,0,0,11,0,11,0.028321929999947315,15,0,0,22,287,250,0.028730097999982718,31,281,250,281,109,1,1,60,1,31,0.041966870000010204
s1_1000,S1-63291897,S3,US,selective_v2_compact,0,15,6,1,0,0,0,9,0,9,0.029454269999973803,15,0,0,18,326,275,0.02988404999996419,32,307,275,307,115,1,1,60,3,32,0.04808957199998076
s1_1000,S1-312045154,S2,India,selective_v2_compact,0,18,7,1,0,0,26,11,2,9,0.013763982000114083,78,15,41,23,298,250,0.014690223000002334,2,255,253,255,85,1,1,60,3,2,0.02692396700001609
s1_1000,S1-312045154,S3,India,selective_v2_compact,0,18,0,1,0,0,27,18,5,13,0.02989310599991768,78,10,37,37,297,260,0.030928528000004007,1,261,260,261,82,1,1,60,2,1,0.04620303199999398
s1_1000,S1-737773396,S2,US,selective_v2_compact,0,8,0,0,0,0,2,8,0,8,0.007304267999870717,10,0,2,16,76,48,0.007486811000035232,4,52,48,52,51,0,0,51,4,4,0.009975450999945679
s1_1000,S1-737773396,S3,US,selective_v2_compact,0,8,0,0,0,0,2,8,0,8,0.0077973380001594705,10,0,2,16,83,72,0.007986708000089493,0,72,72,72,63,1,1,60,2,0,0.011212382999929105
s1_1000,S1-948556352,S2,US,selective_v2_compact,0,14,0,0,7,0,1,14,0,7,0.005926250000015898,15,0,1,29,277,144,0.006275153000046885,0,253,253,253,113,1,1,60,0,0,0.015973345000020345
s1_1000,S1-948556352,S3,US,selective_v2_compact,0,14,0,0,3,0,1,14,0,11,0.00634922899985213,15,0,1,29,374,193,0.0067556969999031935,0,339,339,339,103,1,1,60,0,0,0.020093961000043237
s1_1000,S1-973146494,S2,India,selective_v2_compact,0,18,4,1,0,0,39,14,1,13,0.09878443600018727,105,28,67,29,330,302,0.09984669200002827,0,314,314,314,93,1,1,60,0,0,0.12388398600000983
s1_1000,S1-973146494,S3,India,selective_v2_compact,0,18,0,1,0,0,35,18,3,15,0.0356812049999462,105,28,63,37,370,309,0.03683158600006209,2,323,321,323,98,1,1,60,3,2,0.06072267999991254
s1_1000,S1-126889069,S2,US,selective_v2_compact,0,18,0,0,0,0,9,18,2,16,0.026881819999516665,36,3,12,37,276,213,0.027508212000043386,3,229,226,229,111,1,1,60,1,3,0.038392684000086774
s1_1000,S1-126889069,S3,US,selective_v2_compact,0,18,4,1,0,0,9,14,2,12,0.025630201000126362,36,3,12,29,392,290,0.026339831000086633,3,316,313,316,100,1,1,60,3,3,0.04316826299998411
s1_1000,S1-742486561,S2,US,selective_v2_compact,0,18,10,1,0,0,7,8,0,8,0.020212509999851136,28,1,8,16,298,278,0.02078712600007293,3,281,278,281,83,1,1,60,1,3,0.03443987499997547
s1_1000,S1-742486561,S3,US,selective_v2_compact,0,18,11,1,1,1,8,7,0,6,0.019439748000081636,28,1,9,14,268,262,0.019944260999977814,0,262,262,262,103,1,1,60,1,0,0.03062140700001237
s1_1000,S1-523035722,S2,US,selective_v2_compact,0,18,13,1,0,0,8,5,0,5,0.011509829999909016,36,3,11,11,349,307,0.012182901999949536,2,342,340,342,97,1,1,60,1,2,0.026237123999976575
s1_1000,S1-523035722,S3,US,selective_v2_compact,0,18,13,1,0,0,5,5,0,5,0.012334578000150032,36,6,11,11,371,318,0.013028035000047566,1,355,354,355,91,1,1,60,3,1,0.037288271000079476
s1_1000,S1-901533271,S2,India,selective_v2_compact,0,18,9,1,0,0,9,9,1,8,0.012529364999977588,36,3,12,19,363,284,0.013201189000028535,0,300,300,300,108,1,1,60,2,0,0.04798015899996244
s1_1000,S1-901533271,S3,India,selective_v2_compact,0,18,8,1,0,0,9,10,1,9,0.008793109000066579,36,3,12,21,381,275,0.0094475749999674,0,287,287,287,108,1,1,60,2,0,0.026419362999945406
s1_1000,S1-442961487,S2,US,selective_v2_compact,0,12,0,0,5,0,3,12,0,7,0.007283609000069191,15,0,3,25,166,58,0.007575547999977061,0,154,154,154,98,1,1,60,0,0,0.013984515999936775
s1_1000,S1-442961487,S3,US,selective_v2_compact,0,12,0,0,0,0,3,12,0,12,0.007584794000081274,15,0,3,25,197,77,0.007875326000089444,1,178,177,178,106,1,1,60,1,1,0.015325046000043585
s1_1000,S1-213948267,S2,US,selective_v2_compact,0,16,7,1,4,0,5,9,1,4,0.035790194000128395,21,0,5,19,323,256,0.03625965499998074,11,322,311,322,120,1,1,60,0,11,0.04916341700004523
s1_1000,S1-213948267,S3,US,selective_v2_compact,0,16,7,1,3,0,5,9,1,5,0.036415242000089165,21,0,5,19,339,270,0.03684511100004784,11,331,320,331,119,1,1,60,0,11,0.050408744000037586
s1_1000,S1-814233542,S2,US,selective_v2_compact,0,18,3,1,5,0,3,15,0,10,0.03382102800003395,36,0,3,31,505,294,0.0347552179999866,25,490,465,490,108,1,1,60,1,25,0.06088264600009552
s1_1000,S1-814233542,S3,US,selective_v2_compact,0,18,9,1,0,0,11,9,0,9,0.03324126899985913,36,0,11,19,534,281,0.03396911899994848,23,491,468,491,100,1,1,60,1,23,0.05892217999996774
s1_1000,S1-235133990,S2,US,selective_v2_compact,0,13,0,0,4,0,2,13,0,9,0.011175571000080708,15,0,2,26,218,205,0.011531246000004103,1,206,205,206,89,1,1,60,3,1,0.019799508000005517
s1_1000,S1-235133990,S3,US,selective_v2_compact,0,13,0,0,3,0,2,13,0,10,0.011542205000068861,15,0,2,26,190,178,0.011880730000029871,1,179,178,179,81,1,1,60,1,1,0.01936754199994084
s1_1000,S1-312881517,S2,India,selective_v2_compact,0,18,6,1,0,0,9,12,0,12,0.014163800000119409,36,3,12,25,331,253,0.01482651399999213,6,266,260,266,100,1,1,60,4,6,0.0304175320000013
s1_1000,S1-312881517,S3,India,selective_v2_compact,0,18,5,1,1,0,9,13,0,12,0.019370382999795765,36,1,10,27,308,272,0.020057326000028297,5,281,276,281,85,1,1,60,2,5,0.035650274000090576
s1_1000,S1-783743077,S2,US,selective_v2_compact,0,18,0,0,1,0,3,18,2,15,0.016641914999922847,28,0,3,37,161,127,0.017271870000058698,0,134,134,134,77,1,1,60,1,0,0.0257773549999456
s1_1000,S1-783743077,S3,US,selective_v2_compact,0,18,0,0,0,0,3,18,2,16,0.018403584999987288,28,0,3,37,198,154,0.019027813999969112,0,162,162,162,79,1,1,60,2,0,0.02903223699991031
s1_1000,S1-830888917,S2,US,selective_v2_compact,0,18,6,1,0,0,9,12,1,11,0.03690321800002039,36,0,9,24,274,264,0.037626687999932074,1,265,264,265,95,1,1,60,2,1,0.04974339599993982
s1_1000,S1-830888917,S3,US,selective_v2_compact,0,18,7,1,0,0,10,11,1,10,0.03972215699991466,36,0,10,22,309,298,0.04040365799994561,0,298,298,298,108,1,1,60,2,0,0.061461823999934495
s1_1000,S1-844492132,S2,India,selective_v2_compact,0,18,3,1,0,0,30,15,2,13,0.017427967999765315,105,3,33,30,375,304,0.01920715799997197,4,305,304,308,81,1,1,60,3,4,0.03754676300002302
s1_1000,S1-844492132,S3,India,selective_v2_compact,0,18,2,1,0,0,28,16,2,14,0.02055090100009238,105,3,31,33,365,276,0.022311425999987478,7,311,311,318,84,1,1,60,3,7,0.04236561000004713
s1_1000,S1-597189874,S2,US,selective_v2_compact,0,18,0,0,0,0,5,18,0,18,0.022507500999950025,28,0,5,38,186,131,0.023062380000055782,1,154,153,154,86,1,1,60,1,1,0.03280505899999753
s1_1000,S1-597189874,S3,US,selective_v2_compact,0,18,0,0,0,0,5,18,0,18,0.02423404199964807,28,0,5,38,228,141,0.024817920999907983,2,158,156,158,93,1,1,60,4,2,0.03614242900005138
s1_1000,S1-776450551,S2,US,selective_v2_compact,0,18,0,0,0,0,2,18,1,17,0.00966162399993209,28,3,5,38,410,245,0.01034669099999519,0,323,323,323,114,1,1,60,5,0,0.024083888999939518
s1_1000,S1-776450551,S3,US,selective_v2_compact,0,18,6,1,2,0,3,12,0,10,0.008592969999881461,28,3,6,26,373,279,0.009269503000041368,0,347,347,347,105,1,1,60,2,0,0.025719888000026003
s1_1000,S1-77076355,S2,India,selective_v2_compact,0,17,10,1,0,4,18,7,1,6,0.019797301999915362,45,6,24,14,268,259,0.02032754300000761,0,259,259,259,87,1,1,60,4,0,0.0343558250000342
s1_1000,S1-77076355,S3,India,selective_v2_compact,0,18,8,1,0,0,18,10,1,9,0.024629540999853816,45,3,21,20,305,294,0.02531733199998598,0,294,294,294,94,1,1,60,3,0,0.039323745000046983
s1_1000,S1-304871029,S2,India,selective_v2_compact,0,7,2,1,0,0,20,5,0,5,0.011770420000175363,55,28,48,10,272,258,0.012048568000068371,4,262,258,262,97,1,1,60,3,4,0.02716035399998873
s1_1000,S1-304871029,S3,India,selective_v2_compact,0,6,2,1,0,0,28,4,0,4,0.011280526000064128,55,21,49,8,342,301,0.011594962999993186,21,322,301,322,99,1,1,60,1,21,0.02686735800000406
s1_1000,S1-365107228,S2,India,selective_v2_compact,0,18,7,1,0,0,27,11,0,11,0.012078129999963494,105,10,37,22,355,326,0.013701433999926849,4,327,326,330,83,1,1,60,3,4,0.03673074899995754
s1_1000,S1-365107228,S3,India,selective_v2_compact,0,18,7,1,2,0,29,11,1,8,0.01551756399999249,105,3,32,22,274,258,0.017242812999938906,7,258,258,265,85,1,1,60,0,7,0.031046077000041805
s1_1000,S1-645079990,S2,India,selective_v2_compact,0,18,8,1,0,0,43,10,3,7,0.022219633999952748,91,10,53,20,310,277,0.023176275999958307,0,277,277,277,101,1,1,60,1,0,0.04195793999997477
s1_1000,S1-645079990,S3,India,selective_v2_compact,0,18,11,1,0,0,39,7,1,6,0.017970392000052016,91,10,49,14,342,327,0.019004302999974243,0,327,327,327,111,1,1,60,1,0,0.04100192800001423
s1_1000,S1-766635811,S2,US,selective_v2_compact,0,18,3,1,0,0,9,15,1,14,0.02673146999995879,28,0,9,30,345,272,0.027358466000009685,67,273,272,339,140,1,1,60,2,48,0.042436155000018516
s1_1000,S1-766635811,S3,US,selective_v2_compact,0,18,3,1,0,0,8,15,1,14,0.02855632999990121,28,1,9,30,325,258,0.029105992999916452,76,259,258,334,142,1,1,60,2,46,0.042588995999949475
s1_1000,S1-944262355,S2,US,selective_v2_compact,0,18,0,0,2,0,3,18,1,15,0.009041062000164857,21,0,3,38,125,36,0.009430890999965413,1,96,95,96,76,1,1,60,1,1,0.013500103999945168
s1_1000,S1-944262355,S3,US,selective_v2_compact,0,18,0,0,0,0,3,18,1,17,0.009663978000503448,21,0,3,38,136,30,0.010058275999995203,2,87,85,87,77,1,1,60,3,2,0.013856834000080198
s1_1000,S1-999486252,S2,US,selective_v2_compact,0,18,0,0,3,0,0,18,1,14,0.01645508600006451,28,0,0,38,397,136,0.01715749400000277,1,370,369,370,116,1,1,60,2,1,0.032678785000030075
s1_1000,S1-999486252,S3,US,selective_v2_compact,0,18,0,0,1,0,0,18,1,16,0.017984140999715237,28,0,0,38,394,136,0.01864838400001645,1,363,362,363,115,1,1,60,1,1,0.03416310899990549
s1_1000,S1-311454962,S2,India,selective_v2_compact,0,18,11,1,0,0,35,7,0,7,0.012262486000167883,105,28,63,15,303,279,0.013352095999948688,10,283,281,291,91,1,1,60,3,10,0.02800608600000487
s1_1000,S1-311454962,S3,India,selective_v2_compact,0,18,9,1,2,0,39,9,1,6,0.01674156800027049,105,21,60,19,307,303,0.017924607000054493,12,305,305,317,105,1,1,60,1,12,0.0376201909999736
s1_1000,S1-219437331,S2,US,selective_v2_compact,0,18,8,1,2,0,10,10,0,8,0.027201954999782174,36,1,11,22,286,265,0.02784584400001222,1,271,270,271,79,1,1,60,1,1,0.040626604000067346
s1_1000,S1-219437331,S3,US,selective_v2_compact,0,18,9,1,0,0,10,9,0,9,0.02448667800013027,36,1,11,20,298,266,0.025154616999998325,1,273,272,273,77,1,1,60,2,1,0.03630248299998584
s1_1000,S1-381399100,S2,US,selective_v2_compact,0,18,10,1,0,0,6,8,0,8,0.012605658999973457,28,1,7,16,306,270,0.013191682999945442,3,273,270,273,104,1,1,60,3,3,0.030397444999948675
s1_1000,S1-381399100,S3,US,selective_v2_compact,0,18,12,1,1,0,6,6,0,5,0.009510530999932598,28,1,7,12,264,262,0.01004057600005126,0,262,262,262,119,1,1,60,1,0,0.024689335000061874
s1_1000,S1-265117089,S2,US,selective_v2_compact,0,18,0,0,0,0,12,18,0,18,0.022045761999720526,45,3,15,37,240,173,0.022784006000051704,0,205,205,205,86,1,1,60,1,0,0.03356612900006439
s1_1000,S1-265117089,S3,US,selective_v2_compact,0,18,0,0,0,0,12,18,0,18,0.024491093000165165,45,3,15,37,275,190,0.02525200400009453,1,220,219,220,84,1,1,60,1,1,0.036100038999961725
s1_1000,S1-992935020,S2,India,selective_v2_compact,0,12,2,1,1,1,12,10,0,9,0.02605863200017211,28,3,15,20,266,251,0.026454249000039454,2,253,251,253,101,1,1,60,1,2,0.04151830900002551
s1_1000,S1-992935020,S3,India,selective_v2_compact,0,18,10,1,1,0,9,8,1,6,0.022584486000141624,28,0,9,16,340,327,0.023151446000042597,1,328,327,328,90,1,1,60,4,1,0.04088499099998444
s1_1000,S1-506161326,S2,US,selective_v2_compact,0,15,0,0,0,0,5,15,1,14,0.012278707000177747,21,1,6,32,357,36,0.012634846999958427,2,260,258,260,94,1,1,60,3,2,0.02299992099995052
s1_1000,S1-506161326,S3,US,selective_v2_compact,0,15,0,0,3,0,5,15,1,11,0.013501518999873952,21,1,6,32,405,58,0.013912027000060334,1,311,310,311,109,1,1,60,1,1,0.026216901999987385
s1_1000,S1-312504034,S2,India,selective_v2_compact,0,18,12,1,1,0,20,6,0,5,0.012438600999985283,78,6,26,13,329,315,0.013690769999925578,0,323,323,323,119,1,1,60,2,0,0.028774890000022424
s1_1000,S1-312504034,S3,India,selective_v2_compact,0,18,10,1,0,0,20,8,0,8,0.014254018999736218,78,3,23,17,318,292,0.015583533000040006,1,304,303,304,83,1,1,60,2,1,0.02992754399997466
s1_1000,S1-796436300,S2,US,selective_v2_compact,0,18,6,1,1,0,9,12,1,10,0.014763988000254358,36,3,12,24,285,271,0.015428383999960715,175,272,271,446,151,1,1,60,2,43,0.03563384299991412
s1_1000,S1-796436300,S3,US,selective_v2_compact,0,13,6,1,0,4,13,7,1,6,0.014728647000083583,36,6,19,14,310,300,0.015263849999996637,206,301,300,506,158,1,1,60,2,43,0.03569211499996072
s1_1000,S1-311421838,S2,US,selective_v2_compact,0,18,0,0,6,0,3,18,3,9,0.02012033899995913,21,0,3,38,239,173,0.020615294000094764,56,188,187,243,127,1,1,60,1,50,0.03037028799997188
s1_1000,S1-311421838,S3,US,selective_v2_compact,0,18,0,0,0,0,3,18,3,15,0.021317472999839993,21,0,3,38,308,227,0.021822707999945123,63,244,243,306,128,1,1,60,3,52,0.033923769000011816
s1_1000,S1-89277904,S2,US,selective_v2_compact,0,12,0,0,0,0,2,12,1,11,0.004678681000086726,15,1,3,26,117,35,0.004932338000003256,96,58,56,152,97,1,1,60,3,41,0.010917618000007678
s1_1000,S1-89277904,S3,US,selective_v2_compact,0,12,0,0,0,0,2,12,1,11,0.00490455499982545,15,1,3,26,94,37,0.005158000000051288,103,58,57,160,106,1,1,60,1,49,0.011534968999967532
s1_1000,S1-277847890,S2,US,selective_v2_compact,0,18,0,0,11,0,4,18,0,7,0.011730000999818913,28,0,4,36,63,63,0.012244678999991265,0,63,63,63,60,1,0,60,0,0,0.015048553000042375
s1_1000,S1-277847890,S3,US,selective_v2_compact,0,17,0,0,0,2,8,17,0,17,0.01892957099994419,28,1,9,34,166,125,0.019379834000005758,1,126,125,126,73,1,1,60,2,1,0.024601678000067295
s1_1000,S1-239536988,S2,US,selective_v2_compact,0,14,0,0,4,0,1,14,0,10,0.0031508349997011464,15,0,1,30,269,114,0.0034961359999670094,0,227,227,227,117,1,1,60,3,0,0.01243711400002212
s1_1000,S1-239536988,S3,US,selective_v2_compact,0,14,0,0,0,0,1,14,0,14,0.003109867999796734,15,0,1,30,280,106,0.0034556699999939156,0,234,234,234,115,1,1,60,1,0,0.01281497600007242
s1_1000,S1-543828787,S2,US,selective_v2_compact,0,15,6,1,1,0,6,9,0,8,0.02043038999977398,21,0,6,18,394,383,0.020929951000084657,2,385,383,385,89,1,1,60,2,2,0.04215641299992967
s1_1000,S1-543828787,S3,US,selective_v2_compact,0,15,3,1,0,0,6,12,1,11,0.02992403199993987,21,0,6,24,275,253,0.030349000999990494,2,255,253,255,84,1,1,60,1,2,0.043072739999956866
s1_1000,S1-699857230,S2,India,selective_v2_compact,0,8,0,0,0,0,6,8,3,5,0.018292719999976725,15,1,7,16,122,109,0.01850017799995385,3,111,109,112,76,1,1,60,2,3,0.02401613900008215
s1_1000,S1-699857230,S3,India,selective_v2_compact,0,12,0,0,0,0,3,12,3,9,0.03430218299990884,15,0,3,24,298,239,0.03466604900006587,1,240,239,240,97,1,1,60,2,1,0.04604359600000407
s1_1000,S1-969181893,S2,US,selective_v2_compact,0,18,0,0,3,0,3,18,1,14,0.011928545999808193,21,0,3,37,296,139,0.012379466000083994,1,256,255,256,106,1,1,60,3,1,0.02318290000005163
s1_1000,S1-969181893,S3,US,selective_v2_compact,0,18,0,0,0,0,3,18,1,17,0.012448985000105495,21,0,3,37,320,158,0.012912558000039098,0,272,272,272,101,1,1,60,3,0,0.023771371999941948
s1_1000,S1-927504155,S2,India,selective_v2_compact,0,18,0,0,0,0,27,18,2,16,0.02080509099982919,120,10,37,36,279,244,0.022834922000015467,0,244,244,244,85,1,1,60,1,0,0.0373772090000557
s1_1000,S1-927504155,S3,India,selective_v2_compact,0,18,4,1,0,0,26,14,2,12,0.018813688999671285,120,6,32,28,305,277,0.02094405800005461,1,278,277,278,96,1,1,60,2,1,0.034544448999895394
s1_1000,S1-110222779,S2,US,selective_v2_compact,0,17,6,1,1,4,12,11,1,9,0.016994489000012436,36,3,15,22,287,268,0.017582253000000492,1,269,268,269,113,1,1,60,1,1,0.029236313000069458
s1_1000,S1-110222779,S3,US,selective_v2_compact,0,17,2,1,0,4,12,15,2,13,0.02233196899987888,36,3,15,30,330,302,0.022958678999998483,1,303,302,303,113,1,1,60,2,1,0.039734651000003396
s1_1000,S1-118782634,S2,India,selective_v2_compact,0,18,0,0,1,0,5,18,1,16,0.0046274499998162355,36,3,8,39,222,90,0.005300980000015443,1,134,133,134,78,1,1,60,2,1,0.012122493999981998
s1_1000,S1-118782634,S3,India,selective_v2_compact,0,18,0,0,4,0,7,18,0,14,0.002731759999960559,36,1,8,39,265,140,0.0033794170000192025,0,193,193,193,79,1,1,60,1,0,0.011922098000013648
s1_1000,S1-790467803,S2,US,selective_v2_compact,0,18,6,1,0,0,14,12,3,9,0.028943279000145594,45,3,17,24,306,273,0.02970082199999524,2,274,273,275,87,1,1,60,4,2,0.040639818000045125
s1_1000,S1-790467803,S3,US,selective_v2_compact,0,18,12,1,0,0,18,6,0,6,0.017201117000013255,45,3,21,12,260,252,0.017850783999961095,1,253,252,253,92,1,1,60,2,1,0.03145724700004848
s1_1000,S1-629371829,S2,India,selective_v2_compact,0,18,12,1,0,0,22,6,0,6,0.00968272300008266,66,10,32,12,299,253,0.010554420999937975,8,261,253,261,96,1,1,60,1,8,0.02303090999998858
s1_1000,S1-629371829,S3,India,selective_v2_compact,0,18,10,1,0,0,24,8,1,7,0.02171569899996939,66,6,30,17,347,264,0.022615223000002516,19,299,299,318,126,1,1,60,0,19,0.03735035800002606
s1_1000,S1-217661413,S2,US,selective_v2_compact,0,18,0,0,3,0,2,18,0,15,0.011216156000045885,36,0,2,39,369,135,0.012122105000003103,1,323,322,323,105,1,1,60,2,1,0.024867213999982596
s1_1000,S1-217661413,S3,US,selective_v2_compact,0,18,0,0,3,0,4,18,0,15,0.01355751199957922,36,1,5,39,367,115,0.014329226999961975,0,316,316,316,103,1,1,60,2,0,0.0298013419999279
s1_1000,S1-402565372,S2,US,selective_v2_compact,0,18,12,1,1,0,13,6,0,5,0.009114436000118076,45,3,16,12,272,269,0.009837981000032414,0,269,269,269,87,1,1,60,1,0,0.020413539000060155
s1_1000,S1-402565372,S3,US,selective_v2_compact,0,18,12,1,0,0,13,6,0,6,0.00955691000024217,45,3,16,12,294,282,0.010280645000079858,3,285,282,285,96,1,1,60,2,3,0.021669233000011445
s1_1000,S1-855364465,S2,US,selective_v2_compact,0,16,0,0,0,0,5,16,0,16,0.02201013699982468,21,0,5,34,259,163,0.02242957299995396,2,178,176,178,86,1,1,60,3,2,0.029613724999990154
s1_1000,S1-855364465,S3,US,selective_v2_compact,0,16,0,0,0,0,5,16,0,16,0.02351845699979549,21,0,5,34,275,203,0.023934660999998414,1,224,223,224,81,1,1,60,1,1,0.03292302700003802
s1_1000,S1-360190920,S2,US,selective_v2_compact,0,18,4,1,2,0,4,14,0,12,0.012267935000068064,36,1,5,30,338,250,0.013052777999973841,0,313,313,313,97,1,1,60,0,0,0.029786233999971046
s1_1000,S1-360190920,S3,US,selective_v2_compact,0,18,4,1,3,0,4,14,0,11,0.013655736000032448,36,1,5,29,317,301,0.014481501999966895,1,306,305,306,106,1,1,60,0,1,0.03208993099997315
s1_1000,S1-802949812,S2,US,selective_v2_compact,0,16,6,1,0,4,15,10,0,10,0.025433020999912515,36,1,16,20,316,294,0.025994278999974085,2,296,294,296,94,1,1,60,1,2,0.0442687700000306
s1_1000,S1-802949812,S3,US,selective_v2_compact,0,16,7,1,1,4,15,9,0,8,0.02499506499987092,36,1,16,18,271,259,0.025510411999903226,1,260,259,260,103,1,1,60,1,1,0.040205807000006644
s1_1000,S1-153755890,S2,US,selective_v2_compact,0,18,0,0,4,2,11,18,2,12,0.01994265600012568,36,3,14,37,272,185,0.020515596999985064,3,233,233,236,114,1,1,60,1,3,0.03138952100005099
s1_1000,S1-153755890,S3,US,selective_v2_compact,0,18,0,0,0,2,11,18,2,16,0.02152658800014251,36,3,14,37,314,195,0.022120368000059898,2,254,253,255,108,1,1,60,3,2,0.03261679100000947
s1_1000,S1-265118127,S2,US,selective_v2_compact,0,18,5,1,3,0,4,13,1,9,0.01295528900016052,28,0,4,26,309,303,0.013585031999923558,0,303,303,303,92,1,1,60,1,0,0.03356163800003742
s1_1000,S1-265118127,S3,US,selective_v2_compact,0,18,5,1,3,0,4,13,1,9,0.01381732999959695,28,0,4,26,337,332,0.014491888000065956,0,332,332,332,94,1,1,60,0,0,0.03233027199996741
s1_1000,S1-42128902,S2,India,selective_v2_compact,0,18,9,1,0,0,17,9,0,9,0.01800592999984474,45,6,23,19,269,261,0.01856431099997735,2,264,262,264,105,1,1,60,1,2,0.034358721999979025
s1_1000,S1-42128902,S3,India,selective_v2_compact,0,18,8,1,0,0,18,10,1,9,0.020233516999724088,45,3,21,21,312,282,0.02084852600000886,2,285,283,285,90,1,1,60,1,2,0.03509845399992173
s1_1000,S1-655665109,S2,US,selective_v2_compact,0,18,8,1,1,0,4,10,1,8,0.015544522000027428,28,0,4,22,329,270,0.016167156000051364,0,295,295,295,114,1,1,60,1,0,0.029290645999935805
s1_1000,S1-655665109,S3,US,selective_v2_compact,0,18,3,1,0,0,5,15,1,14,0.026609616999849095,28,0,5,32,450,329,0.02728126199997405,1,357,356,357,100,1,1,60,4,1,0.04928454299999885
s1_1000,S1-157773599,S2,US,selective_v2_compact,0,18,6,1,3,0,5,12,1,8,0.006978335999974661,36,1,6,26,341,259,0.007759331999977803,0,289,289,289,80,1,1,60,1,0,0.01972039899999345
s1_1000,S1-157773599,S3,US,selective_v2_compact,0,18,8,1,3,0,6,10,0,7,0.005637148000005254,36,1,7,22,328,275,0.0063455549999389405,0,296,296,296,79,1,1,60,0,0,0.021062705999952414
s1_1000,S1-760840682,S2,US,selective_v2_compact,0,18,2,1,0,0,9,16,1,15,0.023732686000016656,36,1,10,33,537,263,0.02445763999992323,2,454,452,454,108,1,1,60,2,2,0.04514131200005522
s1_1000,S1-760840682,S3,US,selective_v2_compact,0,18,0,0,0,0,9,18,2,16,0.025930247000133022,36,1,10,37,526,157,0.02664433100005681,1,393,392,393,105,1,1,60,4,1,0.04476118399998086
s1_1000,S1-162034320,S2,India,selective_v2_compact,0,18,11,1,0,4,26,7,1,6,0.019316805000016757,55,6,32,14,262,252,0.01991841899996416,1,253,252,253,114,1,1,60,2,1,0.03190240499998254
s1_1000,S1-162034320,S3,India,selective_v2_compact,0,18,7,1,0,0,25,11,3,8,0.024302956000155973,55,6,31,22,360,325,0.02500955100003921,2,327,325,327,99,1,1,60,2,2,0.03991643599999861
s1_1000,S1-96692956,S2,US,selective_v2_compact,0,17,7,1,0,0,10,10,0,10,0.03310401099986393,28,1,11,20,274,266,0.03358726199996909,0,266,266,266,96,1,1,60,1,0,0.044320414000026176
s1_1000,S1-96692956,S3,US,selective_v2_compact,0,17,6,1,1,0,10,11,0,10,0.037132788999883815,28,1,11,22,265,262,0.03760009099994477,0,262,262,262,102,1,1,60,1,0,0.048359353000023475
s1_1000,S1-434796515,S2,US,selective_v2_compact,0,18,10,1,4,0,4,8,0,4,0.0058884430001171495,36,1,5,19,434,276,0.006679286000007778,2,411,409,411,96,1,1,60,2,2,0.022249353000006522
s1_1000,S1-434796515,S3,US,selective_v2_compact,0,18,0,0,2,0,10,18,2,14,0.014005253000050288,36,3,13,38,517,249,0.014680754999972123,1,383,382,383,105,1,1,60,1,1,0.03592329399998562
s1_1000,S1-610736130,S2,India,selective_v2_compact,0,18,0,1,2,0,6,18,1,15,0.020177915999738616,66,3,9,41,312,262,0.021534971000050973,0,275,275,275,74,1,1,60,0,0,0.04063230599990675
s1_1000,S1-610736130,S3,India,selective_v2_compact,0,18,5,1,2,1,7,13,1,10,0.014432471000077385,28,1,8,27,354,302,0.015050486000063756,0,319,319,319,80,1,1,60,0,0,0.038059497999938685
s1_1000,S1-996502126,S2,US,selective_v2_compact,0,18,8,1,0,0,9,10,0,10,0.0111831889998939,36,1,10,20,315,271,0.011898192999979074,6,277,271,277,107,1,1,60,2,6,0.022545024000010017
s1_1000,S1-996502126,S3,US,selective_v2_compact,0,18,4,1,0,0,10,14,1,13,0.02291741700014427,36,1,11,28,370,282,0.02359473199999229,6,288,282,288,98,1,1,60,3,6,0.03883492499994645
s1_1000,S1-796454810,S2,India,selective_v2_compact,0,18,1,1,1,0,29,17,1,15,0.028532497000242074,105,6,35,36,486,336,0.030254446999947504,12,393,381,393,81,1,1,60,0,12,0.05269364200000837
s1_1000,S1-796454810,S3,India,selective_v2_compact,0,18,4,1,1,0,27,14,1,12,0.026175169999987702,105,3,30,30,359,265,0.02798499300001822,13,316,303,316,95,1,1,60,2,13,0.04467129299996486
s1_1000,S1-969427771,S2,US,selective_v2_compact,0,18,0,1,5,0,4,18,1,12,0.009508836000122756,28,1,5,37,380,259,0.010144563000039852,2,332,330,332,111,1,1,60,3,2,0.032471467000050325
s1_1000,S1-969427771,S3,US,selective_v2_compact,0,17,3,1,1,2,6,14,1,12,0.01214994699989802,28,3,9,29,415,293,0.012735635000012735,0,361,361,361,108,1,1,60,1,0,0.031156467000073462
s1_1000,S1-189522612,S2,US,selective_v2_compact,0,18,0,0,3,0,6,18,1,14,0.021879807999994227,28,1,7,38,263,159,0.022399802000109048,1,234,233,234,117,1,1,60,1,1,0.032511751000015465
s1_1000,S1-189522612,S3,US,selective_v2_compact,0,18,0,0,0,0,6,18,1,17,0.022675731999811433,28,1,7,38,343,161,0.023234602999991694,0,268,268,268,112,1,1,60,4,0,0.03474106400005894
s1_1000,S1-825077757,S2,US,selective_v2_compact,0,18,1,1,2,0,4,17,0,15,0.0181935139999041,28,0,4,35,490,273,0.018875750999995944,1,438,437,438,105,1,1,60,1,1,0.03829526600009103
s1_1000,S1-825077757,S3,US,selective_v2_compact,0,18,1,1,0,0,4,17,0,17,0.018941607000101612,28,0,4,35,564,273,0.019687004999923374,1,496,495,496,93,1,1,60,1,1,0.04164616000002752
s1_1000,S1-498058980,S2,India,selective_v2_compact,0,18,0,0,0,0,16,18,2,16,0.013085411000247404,78,1,17,40,205,80,0.014505588000019998,0,134,134,134,66,1,1,60,3,0,0.02131541999995079
s1_1000,S1-498058980,S3,India,selective_v2_compact,0,18,0,0,0,0,14,18,2,16,0.010649373999967793,78,1,15,40,135,47,0.01204887400001553,0,103,103,103,57,0,0,57,2,0,0.017274626000016724
s1_1000,S1-460505313,S2,US,selective_v2_compact,0,18,3,1,0,0,2,15,0,15,0.00726062199998978,28,0,2,32,540,289,0.008016992999955619,1,500,499,500,101,1,1,60,1,1,0.030906027000014547
s1_1000,S1-460505313,S3,US,selective_v2_compact,0,18,0,0,6,0,2,18,1,11,0.008247117000109938,28,0,2,38,391,167,0.00889038899993011,1,365,364,365,99,1,1,60,1,1,0.045779522999964684
s1_1000,S1-623356040,S2,US,selective_v2_compact,0,18,0,0,7,0,2,18,0,11,0.0136133820002442,45,1,3,37,452,216,0.014670416999933877,3,413,410,413,106,1,1,60,4,3,0.039760832999945706
s1_1000,S1-623356040,S3,US,selective_v2_compact,0,18,11,1,0,0,8,7,0,7,0.010258694000185642,45,3,11,15,542,295,0.011282593999908386,0,511,511,511,104,1,1,60,2,0,0.031660793000014564
s1_1000,S1-252619131,S2,US,selective_v2_compact,0,16,12,1,1,1,10,4,1,2,0.011123285000053329,28,1,11,8,264,262,0.011581531000047107,7,264,262,269,111,1,1,60,4,7,0.022533309999971607
s1_1000,S1-252619131,S3,US,selective_v2_compact,0,13,5,1,1,1,11,8,1,6,0.02081647799991515,28,3,14,16,344,312,0.021262023999952362,4,316,312,316,93,1,1,60,0,4,0.037327657999981056
s1_1000,S1-655931201,S2,India,selective_v2_compact,0,18,0,0,1,4,8,18,0,17,0.0056795179999653556,36,6,14,36,280,174,0.006312172000093597,1,175,174,175,80,1,1,60,1,1,0.01642426199998681
s1_1000,S1-655931201,S3,India,selective_v2_compact,0,18,0,0,5,0,9,18,1,12,0.012491677000070922,36,3,12,36,290,189,0.0131705180000381,0,189,189,189,90,1,1,60,0,0,0.02288765200000853
s1_1000,S1-780423580,S2,US,selective_v2_compact,0,18,0,0,5,0,2,18,1,12,0.007663395000008677,21,0,2,39,429,146,0.008159814999999071,40,377,337,377,99,1,1,60,1,40,0.02337662200000068
s1_1000,S1-780423580,S3,US,selective_v2_compact,0,18,0,0,0,0,2,18,1,17,0.008808569999587235,21,0,2,39,506,129,0.009325386000000435,32,416,384,416,96,1,1,60,2,32,0.025662439999905473
s1_1000,S1-377560297,S2,US,selective_v2_compact,0,18,0,0,2,0,1,18,0,16,0.0067867679998698804,21,1,2,37,362,206,0.007345385999997234,0,332,332,332,115,1,1,60,2,0,0.02030059000003348
s1_1000,S1-377560297,S3,US,selective_v2_compact,0,18,0,0,0,0,1,18,0,18,0.007351209000262315,21,1,2,37,411,221,0.007897707999973136,2,348,346,348,104,1,1,60,4,2,0.02275676299996121
s1_1000,S1-382849428,S2,US,selective_v2_compact,0,7,0,0,0,0,3,7,0,7,0.00629881200006821,10,0,3,14,34,28,0.006447965000006661,0,28,28,28,28,0,0,28,2,0,0.007941345000062938
s1_1000,S1-382849428,S3,US,selective_v2_compact,0,7,0,0,0,0,3,7,0,7,0.007440412000050856,10,0,3,14,33,20,0.00759293799990246,2,22,20,22,22,0,0,22,2,2,0.008775279000019509
s1_1000,S1-707985814,S2,India,selective_v2_compact,0,18,9,1,0,0,25,9,3,6,0.022940979000168227,55,6,31,18,286,278,0.023588899999936075,0,278,278,278,79,1,1,60,2,0,0.0367238300000281
s1_1000,S1-707985814,S3,India,selective_v2_compact,0,18,12,1,0,4,25,6,1,5,0.019770528999970338,55,6,31,12,274,253,0.02041393500007871,3,256,253,256,77,1,1,60,3,3,0.032484264999993684
s1_1000,S1-34034222,S2,India,selective_v2_compact,0,18,8,1,2,0,16,10,0,8,0.010558393999986038,105,21,37,23,284,268,0.012200206000102298,0,275,275,275,108,1,1,60,1,0,0.029636634999974376
s1_1000,S1-34034222,S3,India,selective_v2_compact,0,18,0,0,2,0,22,18,2,14,0.02120748800007277,105,15,37,39,297,230,0.022931400999937068,3,239,236,239,94,1,1,60,4,3,0.03821419300004436
s1_1000,S1-513269657,S2,India,selective_v2_compact,0,18,0,0,2,1,7,18,2,14,0.014630650999947648,28,1,8,38,224,207,0.015114959000015915,0,209,209,209,80,1,1,60,2,0,0.02539863099991635
s1_1000,S1-513269657,S3,India,selective_v2_compact,0,18,11,1,0,1,7,7,0,7,0.01248822200000177,28,1,8,16,267,255,0.012980894000065746,2,259,257,259,80,1,1,60,1,2,0.02486258299995825
s1_1000,S1-177954343,S2,US,selective_v2_compact,0,16,4,1,0,0,5,12,1,11,0.02283556299994416,21,0,5,24,312,296,0.023277838000012707,0,296,296,296,93,1,1,60,1,0,0.035464628999989145
s1_1000,S1-177954343,S3,US,selective_v2_compact,0,16,6,1,1,0,5,10,1,8,0.021804363000001104,21,0,5,20,281,273,0.022245481000027212,0,273,273,273,93,1,1,60,2,0,0.03337222799996198
s1_1000,S1-178459407,S2,US,selective_v2_compact,0,15,5,1,0,0,6,10,1,9,0.02315203399996335,21,0,6,20,275,264,0.02363449799997852,63,265,264,327,142,1,1,60,3,51,0.039789042999927915
s1_1000,S1-178459407,S3,US,selective_v2_compact,0,15,5,1,0,0,6,10,1,9,0.026058607000095435,21,0,6,20,328,324,0.026543593000042165,55,326,324,379,142,1,1,60,0,48,0.045435499999939566
s1_1000,S1-606275527,S2,India,selective_v2_compact,0,18,8,1,2,0,28,10,0,8,0.01369240699978036,120,15,43,20,313,313,0.015580700999976216,0,313,313,313,112,1,1,60,0,0,0.03898977400001513
s1_1000,S1-606275527,S3,India,selective_v2_compact,0,18,4,1,0,0,31,14,2,12,0.034560492999958115,120,10,41,28,311,276,0.03653296799996042,0,276,276,276,109,1,1,60,3,0,0.05503585799999655
s1_1000,S1-887719275,S2,US,selective_v2_compact,0,16,7,1,0,0,5,9,0,9,0.0213504120001744,21,0,5,18,313,301,0.021799270999963483,1,302,301,302,82,1,1,60,1,1,0.03643773900000724
s1_1000,S1-887719275,S3,US,selective_v2_compact,0,16,9,1,1,0,4,7,0,6,0.018898773000046276,21,1,5,14,266,257,0.01935326399996029,2,259,257,259,86,1,1,60,3,2,0.03438019899999745
s1_1000,S1-192732186,S2,US,selective_v2_compact,0,12,4,1,0,0,8,8,0,8,0.022276674000067942,21,1,9,16,293,279,0.0226536779999833,5,284,279,284,116,1,1,60,1,5,0.03591970900004071
s1_1000,S1-192732186,S3,US,selective_v2_compact,0,11,1,1,0,0,9,10,1,9,0.02693537599998308,21,1,10,20,279,256,0.027278745999979037,5,261,256,261,113,1,1,60,2,5,0.039534740000021884
s1_1000,S1-608967414,S2,US,selective_v2_compact,0,18,0,0,5,0,3,18,1,12,0.014918746999910582,28,0,3,37,447,144,0.015585708000003251,45,421,376,421,113,1,1,60,1,40,0.0319456380000247
s1_1000,S1-608967414,S3,US,selective_v2_compact,0,18,0,1,5,1,7,18,0,13,0.022340134999694783,28,1,8,36,296,251,0.022911890000045787,41,292,251,292,109,1,1,60,0,41,0.03777713699992091
s1_1000,S1-788669533,S2,US,selective_v2_compact,0,13,0,0,1,0,2,13,0,12,0.01194830799988722,15,0,2,26,234,222,0.01230390900002476,1,223,222,223,112,1,1,60,1,1,0.021178857999984757
s1_1000,S1-788669533,S3,US,selective_v2_compact,0,13,3,1,0,0,2,10,0,10,0.012263949000157481,15,0,2,20,290,283,0.012643002999993769,0,283,283,283,114,1,1,60,1,0,0.023748676999957752
s1_1000,S1-828214924,S2,US,selective_v2_compact,0,18,6,1,0,0,9,12,1,11,0.013284597999700054,45,3,12,24,406,381,0.014244082999994134,1,382,381,382,112,1,1,60,1,1,0.03530505200001244
s1_1000,S1-828214924,S3,US,selective_v2_compact,0,18,8,1,0,0,9,10,0,10,0.01162352199992256,45,3,12,20,298,272,0.012523716000032437,1,273,272,273,112,1,1,60,3,1,0.02373310899997705
s1_1000,S1-497411990,S2,US,selective_v2_compact,0,17,7,1,0,0,4,10,0,10,0.02489729099977467,21,0,4,20,303,288,0.02537213799996607,0,288,288,288,116,1,1,60,1,0,0.038689457000032235
s1_1000,S1-497411990,S3,US,selective_v2_compact,0,17,9,1,0,0,4,8,0,8,0.020355439999889313,21,0,4,16,282,279,0.020838547999915136,0,279,279,279,112,1,1,60,1,0,0.032054838000021846
s1_1000,S1-526632358,S2,India,selective_v2_compact,0,18,4,1,2,0,30,14,2,10,0.01583159600011186,120,21,51,28,295,272,0.017486316000031366,0,272,272,272,104,1,1,60,3,0,0.030934208999951807
s1_1000,S1-526632358,S3,India,selective_v2_compact,0,18,3,1,0,0,35,15,3,12,0.021919809000223722,120,6,41,31,417,312,0.023851318999959403,1,369,368,369,92,1,1,60,2,1,0.044491847000017515
s1_1000,S1-349678557,S2,India,selective_v2_compact,0,18,3,1,2,0,14,15,0,13,0.01583695700003318,55,3,17,32,383,316,0.016823925999915446,6,324,323,329,107,1,1,60,2,6,0.042178598999953465
s1_1000,S1-349678557,S3,India,selective_v2_compact,0,18,4,1,3,0,14,14,1,10,0.02105772300001263,45,1,15,29,307,255,0.021821792999958234,12,258,258,270,92,1,1,60,0,12,0.03699928200001068
s1_1000,S1-515678303,S2,US,selective_v2_compact,0,18,12,1,0,1,5,6,0,6,0.010653769000214197,28,3,8,12,265,261,0.011193485000035253,0,261,261,261,103,1,1,60,1,0,0.021399834000021656
s1_1000,S1-515678303,S3,US,selective_v2_compact,0,18,12,1,0,1,5,6,0,6,0.011695311999915248,28,3,8,12,310,302,0.012221878999980618,0,302,302,302,86,1,1,60,1,0,0.024449892999996337
s1_1000,S1-745006607,S2,US,selective_v2_compact,0,18,6,1,0,0,9,12,1,11,0.040376470000069276,36,1,10,25,506,313,0.041141713999991225,1,460,459,460,115,1,1,60,1,1,0.0591705979999233
s1_1000,S1-745006607,S3,US,selective_v2_compact,0,18,6,1,0,0,9,12,1,11,0.04252100700000483,36,1,10,25,485,326,0.04331035399991379,2,444,442,444,115,1,1,60,2,2,0.06746736200000214
s1_1000,S1-371904317,S2,India,selective_v2_compact,0,16,7,1,0,8,16,9,0,9,0.009351293000008809,55,15,31,18,323,283,0.009974579999948219,1,284,283,284,89,1,1,60,1,1,0.02814444499995261
s1_1000,S1-371904317,S3,India,selective_v2_compact,0,17,7,1,1,8,15,10,1,8,0.011595855000109623,55,15,30,20,355,332,0.012292306999938774,1,333,332,333,95,1,1,60,1,1,0.03247938399999839
s1_1000,S1-622658111,S2,US,selective_v2_compact,0,12,4,1,0,0,3,8,0,8,0.029334864999896126,15,0,3,17,396,301,0.029742896000016117,151,389,387,538,155,1,1,60,1,41,0.05016335500010882
s1_1000,S1-622658111,S3,US,selective_v2_compact,0,12,4,1,1,0,3,8,0,7,0.03094025200005035,15,0,3,17,423,339,0.03143076900005326,169,416,414,583,158,1,1,60,1,37,0.060465818000011495
s1_1000,S1-337946117,S2,India,selective_v2_compact,0,18,4,1,0,0,42,14,4,10,0.023487172000045575,120,21,63,29,401,265,0.02496058399992762,0,323,323,323,107,1,1,60,4,0,0.045884691999958704
s1_1000,S1-337946117,S3,India,selective_v2_compact,0,18,9,1,0,0,50,9,1,8,0.017895285999998123,120,10,60,18,344,336,0.01939499800005251,0,336,336,336,99,1,1,60,2,0,0.04078211299997747
s1_1000,S1-625817119,S2,US,selective_v2_compact,0,18,7,1,0,0,1,11,0,11,0.005645493000088209,28,1,2,24,344,250,0.006294515000035972,1,326,325,326,118,1,1,60,1,1,0.0188877450000291
s1_1000,S1-625817119,S3,US,selective_v2_compact,0,18,3,1,0,0,1,15,0,15,0.006456240999909824,28,1,2,32,412,253,0.007144545999949514,1,353,352,353,110,1,1,60,2,1,0.021240658000010626
s1_1000,S1-295078193,S2,US,selective_v2_compact,0,18,3,1,1,0,6,15,1,13,0.023160153999810973,28,0,6,31,369,264,0.023784589999991113,0,341,341,341,114,1,1,60,1,0,0.04027420800002801
s1_1000,S1-295078193,S3,US,selective_v2_compact,0,18,3,1,3,0,6,15,1,11,0.023701956000081736,28,0,6,31,370,270,0.024362496999970062,0,339,339,339,115,1,1,60,0,0,0.04229553399989072
s1_1000,S1-444041166,S2,US,selective_v2_compact,0,18,0,1,7,0,8,18,1,10,0.017840082000248003,45,1,9,36,312,307,0.01875420299995767,1,308,307,308,103,1,1,60,1,1,0.03568811200000255
s1_1000,S1-444041166,S3,US,selective_v2_compact,0,18,13,1,0,0,16,5,0,5,0.014176292000001922,45,3,19,10,263,255,0.014846003000002383,1,256,255,256,79,1,1,60,2,1,0.025499576000015622
s1_1000,S1-644909060,S2,India,selective_v2_compact,0,18,9,1,0,0,50,9,2,7,0.02358902800017404,120,10,60,19,326,304,0.025087856999903124,0,313,313,313,75,1,1,60,1,0,0.04418346699992526
s1_1000,S1-644909060,S3,India,selective_v2_compact,0,18,8,1,0,0,42,10,2,8,0.03156820699996388,120,6,48,21,339,254,0.03332323400002224,2,261,259,261,73,1,1,60,4,2,0.04821503800008031
s1_1000,S1-361137897,S2,India,selective_v2_compact,0,18,9,1,0,0,31,9,0,9,0.020396685000150683,120,15,46,19,339,296,0.022241601000018818,1,313,312,313,57,0,0,57,2,1,0.04331231599996954
s1_1000,S1-361137897,S3,India,selective_v2_compact,0,18,8,1,4,0,36,10,0,6,0.01085417499984942,120,6,42,21,371,344,0.012790659999950549,1,358,357,358,65,1,1,60,0,1,0.03775331300005291
s1_1000,S1-41317566,S2,India,selective_v2_compact,0,18,9,1,0,0,22,9,0,9,0.10496724799986623,55,3,25,18,333,263,0.10579264199998306,3,266,263,266,107,1,1,60,4,3,0.12115222700003869
s1_1000,S1-41317566,S3,India,selective_v2_compact,0,18,13,1,1,0,19,5,0,4,0.020926710000139792,55,3,22,10,281,276,0.02171387999999297,1,277,276,277,111,1,1,60,2,1,0.03465044199992917
s1_1000,S1-708966187,S2,India,selective_v2_compact,0,16,5,1,0,5,30,11,2,9,0.023772388999987015,66,15,45,22,363,303,0.024389029999952072,6,309,303,309,109,1,1,60,2,6,0.04181016500001533
s1_1000,S1-708966187,S3,India,selective_v2_compact,0,18,13,1,1,0,33,5,0,4,0.01637423299996499,66,6,39,10,259,259,0.01705848199992488,13,259,259,272,124,1,1,60,0,13,0.0298201280000967
s1_1000,S1-800315369,S2,US,selective_v2_compact,0,18,0,0,0,1,7,18,0,18,0.022924925000097574,28,1,8,37,310,238,0.023520867999991424,0,265,265,265,97,1,1,60,1,0,0.03575858799990783
s1_1000,S1-800315369,S3,US,selective_v2_compact,0,18,9,1,0,1,7,9,0,9,0.01893230999996831,28,1,8,19,322,257,0.019503522000036355,1,288,287,288,113,1,1,60,1,1,0.030941284000050473
s1_1000,S1-743238002,S2,US,selective_v2_compact,0,18,0,0,0,0,0,18,2,16,0.01484459600021637,21,0,0,37,363,214,0.015414538000072753,1,327,326,327,103,1,1,60,1,1,0.028811036999968564
s1_1000,S1-743238002,S3,US,selective_v2_compact,0,18,0,0,0,0,0,18,2,16,0.015451252999810094,21,0,0,37,372,232,0.016066811999962738,1,328,327,328,110,1,1,60,2,1,0.029232264000029318
s1_1000,S1-75477466,S2,US,selective_v2_compact,0,18,0,0,3,0,6,18,0,15,0.012423947000115731,28,1,7,37,212,132,0.012934589999986201,6,187,181,187,81,1,1,60,1,6,0.02053546100000858
s1_1000,S1-75477466,S3,US,selective_v2_compact,0,14,0,0,0,2,9,14,0,14,0.013125759000104154,28,3,12,28,170,146,0.013505649000080666,5,151,146,151,82,1,1,60,2,5,0.01997728600008486
s1_1000,S1-327462179,S2,US,selective_v2_compact,0,18,4,1,2,0,5,14,2,10,0.014582821999852058,28,1,6,29,269,252,0.015163408000034906,0,255,255,255,114,1,1,60,1,0,0.025083737000045403
s1_1000,S1-327462179,S3,US,selective_v2_compact,0,18,0,0,2,0,5,18,3,13,0.01867553599981875,28,1,6,37,171,157,0.019243447999997443,1,159,158,159,107,1,1,60,1,1,0.026668818999951327
s1_1000,S1-374066313,S2,US,selective_v2_compact,0,15,4,1,0,1,11,11,0,11,0.02174212600004921,28,1,12,24,425,317,0.022235857999930886,5,352,347,352,79,1,1,60,3,5,0.04096071599997231
s1_1000,S1-374066313,S3,US,selective_v2_compact,0,15,6,1,1,1,9,9,0,8,0.02033841200011466,28,3,12,20,354,264,0.020780895000029886,1,300,299,300,77,1,1,60,2,1,0.032917329999918366
s1_1000,S1-406521568,S2,India,selective_v2_compact,0,15,10,1,1,6,14,5,0,4,0.006978260999972008,45,10,24,10,284,277,0.007487125000011474,3,280,277,280,119,1,1,60,2,3,0.020906056000058015
s1_1000,S1-406521568,S3,India,selective_v2_compact,0,16,6,1,0,6,17,10,1,9,0.025906436000127542,45,6,23,20,355,327,0.026512990000014725,14,341,327,341,81,1,1,60,2,14,0.04625227199994697
s1_1000,S1-111906316,S2,US,selective_v2_compact,0,15,3,1,0,2,8,12,1,11,0.008725838000032127,28,3,11,25,373,308,0.00925172699999166,48,326,324,372,132,1,1,60,3,47,0.03263272999993205
s1_1000,S1-111906316,S3,US,selective_v2_compact,0,15,3,1,1,2,5,12,1,10,0.009022478000019873,28,6,11,25,361,310,0.00953568699992502,63,328,328,391,151,1,1,60,1,51,0.025131275000035203
s1_1000,S1-529891305,S2,US,selective_v2_compact,0,16,0,0,3,0,4,16,0,13,0.00480107400005636,21,1,5,33,135,109,0.005186841000067943,1,112,111,112,71,1,1,60,3,1,0.009776869000006627
s1_1000,S1-529891305,S3,US,selective_v2_compact,0,16,0,0,6,0,4,16,0,10,0.005293906000133575,21,1,5,33,158,146,0.005687679999937245,0,147,147,147,76,1,1,60,0,0,0.011646545000076003
s1_1000,S1-231036087,S2,India,selective_v2_compact,0,18,13,1,0,0,40,5,0,5,0.015134869999883449,91,21,61,10,368,334,0.01592345100004877,1,335,334,335,100,1,1,60,2,1,0.03948947600008523
s1_1000,S1-231036087,S3,India,selective_v2_compact,0,18,5,1,0,0,40,13,5,8,0.025689002999683908,91,15,55,26,348,305,0.026641631999950732,2,307,305,307,109,1,1,60,2,2,0.04674976199999037
s1_1000,S1-800917539,S2,India,selective_v2_compact,0,18,1,1,0,0,13,17,1,16,0.01417219500012834,120,3,16,36,409,295,0.016689251000002514,0,331,331,331,81,1,1,60,1,0,0.0403010310000127
s1_1000,S1-800917539,S3,India,selective_v2_compact,0,18,2,1,5,0,9,16,2,9,0.01528761599979589,120,0,9,34,375,327,0.018012524000027952,0,354,354,354,80,1,1,60,0,0,0.04399836699997195
s1_1000,S1-462223675,S2,US,selective_v2_compact,0,18,0,0,3,0,6,18,0,15,0.018747568999856412,55,0,6,37,424,130,0.019996028999912596,1,342,341,342,107,1,1,60,2,1,0.034026655999923605
s1_1000,S1-462223675,S3,US,selective_v2_compact,0,18,0,0,0,0,10,18,2,16,0.02475622199983718,55,1,11,37,520,229,0.025859572000058506,1,454,453,454,115,1,1,60,2,1,0.05379332399991199
s1_1000,S1-703195062,S2,India,selective_v2_compact,0,18,4,1,0,0,35,14,3,11,0.019254166999871813,120,36,71,29,310,259,0.020486872999981642,1,274,273,274,111,1,1,60,3,1,0.03534231099990848
s1_1000,S1-703195062,S3,India,selective_v2_compact,0,18,3,1,0,0,52,15,4,11,0.03745915400043032,120,15,67,31,311,257,0.038915262000045914,2,271,269,271,107,1,1,60,3,2,0.053464408999957413
s1_1000,S1-910549892,S2,India,selective_v2_compact,0,18,1,1,2,0,5,17,1,14,0.025096092000012504,55,0,5,36,485,345,0.026334891000033167,1,406,405,406,80,1,1,60,1,1,0.05852464899999177
s1_1000,S1-910549892,S3,India,selective_v2_compact,0,18,3,1,0,0,1,15,2,13,0.019987173000004077,55,0,1,32,386,277,0.021356652999998005,1,329,328,329,77,1,1,60,2,1,0.03875057199991261
s1_1000,S1-277955334,S2,US,selective_v2_compact,0,18,0,0,9,0,3,18,0,9,0.013208075000079589,36,0,3,37,222,135,0.013966428000003361,0,216,216,216,103,1,1,60,0,0,0.022719117999940863
s1_1000,S1-277955334,S3,US,selective_v2_compact,0,18,5,1,0,0,8,13,0,13,0.022142155999858915,36,1,9,27,394,266,0.022883357000068827,0,354,354,354,110,1,1,60,3,0,0.03702212099994995
s1_1000,S1-510267170,S2,India,selective_v2_compact,0,18,1,1,3,0,9,17,3,11,0.02679105999982312,66,0,9,37,325,274,0.028189904999976534,5,308,303,308,92,1,1,60,1,5,0.04477380699995592
s1_1000,S1-510267170,S3,India,selective_v2_compact,0,18,10,1,2,0,7,8,1,5,0.031174307999890516,66,0,7,19,333,279,0.03256642799999554,3,324,321,324,79,1,1,60,1,3,0.051381465999952525
s1_1000,S1-958682608,S2,India,selective_v2_compact,0,18,7,1,0,0,22,11,0,11,0.00936280199994144,105,10,32,25,360,290,0.0111207770000874,1,330,329,330,78,1,1,60,2,1,0.03155727000000752
s1_1000,S1-958682608,S3,India,selective_v2_compact,0,18,2,1,6,0,24,16,2,8,0.01570916699972713,105,3,27,35,312,261,0.01754661400002533,2,295,293,295,80,1,1,60,1,2,0.04161965399998735
s1_1000,S1-485348225,S2,US,selective_v2_compact,0,18,0,1,4,0,6,18,4,10,0.012897162000172102,66,6,12,38,322,266,0.014228832999947372,0,276,276,276,112,1,1,60,3,0,0.0313196809998999
s1_1000,S1-485348225,S3,US,selective_v2_compact,0,18,6,1,2,0,8,12,3,7,0.009640563000061775,66,10,18,26,297,273,0.01082713000005242,1,277,276,277,116,1,1,60,4,1,0.022256378999941262
s1_1000,S1-860341006,S2,India,selective_v2_compact,0,18,6,1,0,0,24,12,1,11,0.010737972000129048,105,28,52,25,320,253,0.012036854000029962,0,269,269,269,98,1,1,60,2,0,0.025351467999939814
s1_1000,S1-860341006,S3,India,selective_v2_compact,0,18,5,1,0,0,27,13,1,12,0.021466969999778485,105,21,48,27,385,314,0.02291775499998039,2,331,329,331,100,1,1,60,3,2,0.043049041000017496
s1_1000,S1-44958416,S2,US,selective_v2_compact,0,18,2,1,0,0,4,16,1,15,0.017526519000170993,45,1,5,33,580,299,0.018654584999922008,1,482,481,482,101,1,1,60,2,1,0.044515644000057364
s1_1000,S1-44958416,S3,US,selective_v2_compact,0,18,2,1,0,0,4,16,1,15,0.018547499999954198,45,1,5,33,609,286,0.019622728999934225,2,497,495,497,105,1,1,60,3,2,0.04552153999998154
s1_1000,S1-197625875,S2,US,selective_v2_compact,0,17,0,0,1,2,8,17,0,16,0.020317263000151797,28,1,9,36,197,144,0.02076854999995703,0,159,159,159,80,1,1,60,1,0,0.027291290999983175
s1_1000,S1-197625875,S3,US,selective_v2_compact,0,17,0,0,2,2,8,17,0,15,0.02156761500009452,28,1,9,36,207,149,0.02203257099995426,0,162,162,162,78,1,1,60,1,0,0.028524234999963483
s1_1000,S1-933004961,S2,US,selective_v2_compact,0,18,8,1,0,0,5,10,1,9,0.029777431999832515,28,0,5,20,325,315,0.030399857000020347,2,317,315,317,98,1,1,60,2,2,0.046476837999989584
s1_1000,S1-933004961,S3,US,selective_v2_compact,0,18,8,1,0,0,5,10,1,9,0.03134831499983193,28,0,5,20,337,328,0.03199595900002805,0,328,328,328,90,1,1,60,1,0,0.05006111599993801
s1_1000,S1-609612010,S2,US,selective_v2_compact,0,18,0,0,0,0,5,18,0,18,0.011891458999798488,45,1,6,39,259,115,0.012894673000005241,1,161,160,161,78,1,1,60,5,1,0.020264552999947227
s1_1000,S1-609612010,S3,US,selective_v2_compact,0,18,0,0,0,0,5,18,0,18,0.013635157999942749,45,1,6,40,255,135,0.014649731000076827,1,216,215,216,86,1,1,60,1,1,0.02744112400000631
s1_1000,S1-24789070,S2,US,selective_v2_compact,0,17,9,1,0,2,8,8,0,8,0.016095472999836602,28,1,9,16,291,270,0.016590913999948498,3,273,270,273,87,1,1,60,3,3,0.029379141000049458
s1_1000,S1-24789070,S3,US,selective_v2_compact,0,17,10,1,0,2,8,7,0,7,0.016722902000196882,28,1,9,14,272,260,0.017234323000025142,0,260,260,260,80,1,1,60,3,0,0.02766716099995392
s1_1000,S1-694967517,S2,India,selective_v2_compact,0,18,10,1,0,0,50,8,1,7,0.016217817000097057,120,10,60,16,296,283,0.017659143000059885,0,283,283,283,91,1,1,60,2,0,0.03107205099991006
s1_1000,S1-694967517,S3,India,selective_v2_compact,0,18,9,1,0,0,49,9,2,7,0.022430773000110094,120,10,59,18,264,254,0.02386833100001695,1,255,254,255,89,1,1,60,4,1,0.03537535400005254
s1_1000,S1-919660109,S2,India,selective_v2_compact,0,17,0,0,1,7,11,17,0,16,0.010640143999921747,45,10,21,34,431,236,0.011363491999986763,0,236,236,236,97,1,1,60,1,0,0.023794020999957866
s1_1000,S1-919660109,S3,India,selective_v2_compact,0,17,0,0,3,7,11,17,0,14,0.00919111900009284,45,10,21,34,445,231,0.00991344100009428,1,232,231,232,104,1,1,60,2,1,0.021580043999961163
s1_1000,S1-954562808,S2,US,selective_v2_compact,0,18,9,1,0,0,9,9,0,9,0.02455543999985821,36,1,10,18,302,289,0.025221714000053908,0,289,289,289,114,1,1,60,3,0,0.05290726999999151
s1_1000,S1-954562808,S3,US,selective_v2_compact,0,18,6,1,1,0,9,12,1,10,0.040337011000133316,36,1,10,24,356,349,0.04105904199991528,0,349,349,349,119,1,1,60,0,0,0.0641033960000641
s1_1000,S1-28896124,S2,US,selective_v2_compact,0,18,0,0,1,0,1,18,0,17,0.005337765000263062,28,0,1,38,215,83,0.005923600999949485,1,194,193,194,97,1,1,60,1,1,0.013984089000018685
s1_1000,S1-28896124,S3,US,selective_v2_compact,0,18,0,0,0,0,1,18,0,18,0.0057398869997769,28,0,1,38,260,77,0.006365456000025915,1,198,197,198,92,1,1,60,3,1,0.014737259999947128
s1_1000,S1-557319843,S2,India,selective_v2_compact,0,18,0,0,0,0,12,18,1,17,0.008233167000184949,66,15,27,39,182,130,0.009144784000000072,1,143,142,143,105,1,1,60,2,1,0.01880712800004858
s1_1000,S1-557319843,S3,India,selective_v2_compact,0,18,9,1,0,0,18,9,0,9,0.016622178000261556,66,6,24,21,364,324,0.017678093999961675,0,336,336,336,57,0,0,57,1,0,0.03315089900002022
s1_1000,S1-516290105,S2,US,selective_v2_compact,0,18,0,0,7,0,6,18,0,11,0.009067019000326582,36,1,7,38,237,212,0.009806869000044571,0,221,221,221,102,1,1,60,1,0,0.0251171909999357
s1_1000,S1-516290105,S3,US,selective_v2_compact,0,18,3,1,2,0,8,15,1,12,0.012044743999922503,36,1,9,31,306,253,0.012809779000008348,3,260,257,260,97,1,1,60,5,3,0.029659520999985034
s1_1000,S1-101840713,S2,US,selective_v2_compact,0,18,0,0,2,0,4,18,0,16,0.010673477000068488,36,1,5,39,250,124,0.011411159999966003,0,162,162,162,100,1,1,60,0,0,0.020228975000009086
s1_1000,S1-101840713,S3,US,selective_v2_compact,0,18,0,0,0,0,4,18,0,18,0.01109315600001537,36,1,5,39,230,120,0.011825858999941374,2,148,146,148,90,1,1,60,1,2,0.018936011000050712
s1_1000,S1-807273946,S2,US,selective_v2_compact,0,17,8,1,1,3,13,9,1,7,0.0187689849999515,36,3,16,18,286,277,0.01934853000000203,1,278,277,278,81,1,1,60,2,1,0.034112198000002536
s1_1000,S1-807273946,S3,US,selective_v2_compact,0,17,8,1,1,3,13,9,1,7,0.02032650499995725,36,3,16,18,328,326,0.020902261999935945,1,327,326,327,86,1,1,60,0,1,0.041605323999988286
s1_1000,S1-362815713,S2,US,selective_v2_compact,0,13,0,0,0,0,2,13,0,13,0.011031917999957841,15,0,2,28,305,209,0.011399148000009518,1,244,243,244,78,1,1,60,3,1,0.02105137500007004
s1_1000,S1-362815713,S3,US,selective_v2_compact,0,13,0,0,0,0,2,13,0,13,0.011541934000206311,15,0,2,27,307,240,0.01193886900000507,1,282,281,282,114,1,1,60,2,1,0.023126715999978842
s1_1000,S1-118188739,S2,US,selective_v2_compact,0,18,0,0,4,0,7,18,0,14,0.012271179999970627,36,3,10,38,493,133,0.013015430999985256,0,400,400,400,114,1,1,60,0,0,0.0288585770000509
s1_1000,S1-118188739,S3,US,selective_v2_compact,0,18,0,0,0,0,7,18,0,18,0.013309055999911834,36,3,10,38,552,166,0.014048873000092499,0,429,429,429,107,1,1,60,1,0,0.03131829699998434
s1_1000,S1-503223139,S2,India,selective_v2_compact,0,18,8,1,0,16,41,10,2,8,0.015942208999831564,120,45,86,20,265,254,0.01679429299997537,1,255,254,255,93,1,1,60,1,1,0.030824610999957258
s1_1000,S1-503223139,S3,India,selective_v2_compact,0,18,8,1,0,16,39,10,2,8,0.014244369000039114,120,45,84,20,281,253,0.015131374000020514,2,255,253,255,102,1,1,60,4,2,0.027517344999978377
s1_1000,S1-64197487,S2,US,selective_v2_compact,0,18,3,1,3,0,4,15,0,12,0.014371221000033074,28,1,5,30,314,302,0.014993080000067494,0,302,302,302,81,1,1,60,1,0,0.033674035000103686
s1_1000,S1-64197487,S3,US,selective_v2_compact,0,18,10,1,0,0,4,8,0,8,0.008864655999786919,28,1,5,16,269,250,0.009524863000024197,0,250,250,250,79,1,1,60,3,0,0.019823708999979317
s1_1000,S1-88249277,S2,India,selective_v2_compact,0,18,2,1,0,0,14,16,0,16,0.019538369999850147,78,3,17,36,334,255,0.020963687999937974,0,277,277,277,77,1,1,60,2,0,0.03711992699993516
s1_1000,S1-88249277,S3,India,selective_v2_compact,0,18,0,1,1,0,14,18,1,16,0.019550447999904463,78,0,14,40,308,264,0.021046883999929378,0,281,281,281,79,1,1,60,1,0,0.04553492499996992
s1_1000,S1-225047892,S2,US,selective_v2_compact,0,11,0,0,0,0,3,11,0,11,0.005214259999888782,15,1,4,22,249,226,0.005550031999973726,6,232,226,232,100,1,1,60,2,6,0.017730026000094767
s1_1000,S1-225047892,S3,US,selective_v2_compact,0,11,0,0,0,0,3,11,0,11,0.005431365999811533,15,1,4,23,276,192,0.005751264000082301,1,252,251,252,113,1,1,60,1,1,0.01581898300003104
s1_1000,S1-208289868,S2,India,selective_v2_compact,0,18,5,1,0,0,35,13,3,10,0.029931949000001623,91,10,45,27,376,350,0.03110384299998259,2,354,352,354,108,1,1,60,2,2,0.05491752899990843
s1_1000,S1-208289868,S3,India,selective_v2_compact,0,18,9,1,1,0,34,9,1,7,0.026135247999945932,91,6,40,19,340,312,0.027403918000004523,3,318,315,318,102,1,1,60,3,3,0.04954256299993176
s1_1000,S1-378019168,S2,India,selective_v2_compact,0,18,8,1,1,0,18,10,0,9,0.010715145999824927,78,10,28,21,316,251,0.011894711999957508,0,266,266,266,105,1,1,60,0,0,0.024680323999973552
s1_1000,S1-378019168,S3,India,selective_v2_compact,0,18,8,1,3,0,18,10,1,6,0.010260064000135571,78,3,21,21,297,269,0.011604994999970586,0,289,289,289,84,1,1,60,0,0,0.024929312999915965
s1_1000,S1-117416889,S2,US,selective_v2_compact,0,18,1,1,3,0,7,17,1,13,0.012138371999981246,66,1,8,34,385,347,0.01356306399998175,1,348,347,348,101,1,1,60,2,1,0.03576550699995096
s1_1000,S1-117416889,S3,US,selective_v2_compact,0,18,7,1,0,0,10,11,1,10,0.010278244000232917,66,3,13,22,278,254,0.01153926799997862,1,255,254,255,87,1,1,60,2,1,0.021972440000013194
s1_1000,S1-1039410,S2,India,selective_v2_compact,0,18,11,1,0,0,32,7,0,7,0.00800254600005701,91,6,38,15,361,268,0.009302488000002995,3,304,301,304,90,1,1,60,5,3,0.025032167999938792
s1_1000,S1-1039410,S3,India,selective_v2_compact,0,18,5,1,0,0,29,13,1,12,0.02614657999993142,91,6,35,27,424,337,0.02759681699990324,2,370,368,370,89,1,1,60,3,2,0.050698296999939885
s1_1000,S1-787831972,S2,India,selective_v2_compact,0,18,10,1,0,0,34,8,0,8,0.027051815000163515,91,10,44,17,349,303,0.02831120899998041,1,316,315,316,67,1,1,60,4,1,0.04920042300000205
s1_1000,S1-787831972,S3,India,selective_v2_compact,0,18,9,1,0,0,37,9,1,8,0.019960176999916257,91,3,40,19,320,300,0.021211858000015127,0,306,306,306,79,1,1,60,1,0,0.0384012279999979
s1_1000,S1-574008304,S2,US,selective_v2_compact,0,12,0,0,6,0,3,12,0,6,0.009020129000077759,15,0,3,24,90,64,0.009283962000040447,26,90,64,90,77,1,1,60,0,26,0.012900678000050902
s1_1000,S1-574008304,S3,US,selective_v2_compact,0,12,0,0,0,0,3,12,0,12,0.009048335999978008,15,0,3,24,115,69,0.009320564000063314,23,92,69,92,74,1,1,60,3,23,0.01315366499989068
s1_1000,S1-970581623,S2,US,selective_v2_compact,0,18,6,1,0,0,2,12,1,11,0.013082440000061979,21,0,2,26,338,303,0.013606578000008085,2,315,313,315,87,1,1,60,3,2,0.030101084999955674
s1_1000,S1-970581623,S3,US,selective_v2_compact,0,18,0,0,6,0,3,18,1,11,0.009180807000348068,21,0,3,38,268,238,0.009681962000058775,0,248,248,248,79,1,1,60,0,0,0.023868314000083046
s1_1000,S1-951410198,S2,India,selective_v2_compact,0,18,12,1,1,0,25,6,0,5,0.015588214999979755,55,6,31,12,304,295,0.01620126500006336,9,304,295,304,110,1,1,60,0,9,0.034631954000019505
s1_1000,S1-951410198,S3,India,selective_v2_compact,0,18,11,1,0,0,23,7,0,7,0.026575198999921668,55,3,26,14,328,309,0.02735380100000384,5,314,309,314,104,1,1,60,4,5,0.04836060600007386
s1_1000,S1-56436840,S2,India,selective_v2_compact,0,16,7,1,0,10,37,9,1,8,0.02056959299989103,78,15,52,18,365,357,0.021295503000033023,2,359,357,359,117,1,1,60,0,2,0.044858709999971325
s1_1000,S1-56436840,S3,India,selective_v2_compact,0,18,12,1,0,0,39,6,0,6,0.0208804589999545,78,10,49,12,335,318,0.02167124300001433,11,329,318,329,83,1,1,60,1,11,0.04187527500005217
s1_1000,S1-919740289,S2,US,selective_v2_compact,0,18,11,1,0,0,7,7,0,7,0.019758576999834077,28,0,7,14,311,292,0.020301786999993965,16,308,292,308,92,1,1,60,0,16,0.03708628699996552
s1_1000,S1-919740289,S3,US,selective_v2_compact,0,18,12,1,0,0,8,6,0,6,0.01663320799991652,28,0,8,12,271,256,0.017146803000059663,8,264,256,264,89,1,1,60,1,8,0.028550214000006235
s1_1000,S1-72039349,S2,India,selective_v2_compact,0,18,8,1,0,0,54,10,3,7,0.02280546199995115,105,10,64,20,293,280,0.023839264999992338,0,280,280,280,100,1,1,60,0,0,0.04105359800007591
s1_1000,S1-72039349,S3,India,selective_v2_compact,0,18,13,1,0,0,49,5,0,5,0.012770281000143768,105,6,55,10,266,257,0.013993402999972204,1,258,257,258,93,1,1,60,3,1,0.026632889999973486
s1_1000,S1-131745165,S2,US,selective_v2_compact,0,18,11,1,0,0,3,7,0,7,0.01102855700003147,28,1,4,15,394,330,0.011698691999981747,29,366,337,366,81,1,1,60,1,29,0.030038386999990507
s1_1000,S1-131745165,S3,US,selective_v2_compact,0,18,6,1,0,0,3,12,1,11,0.015510748000110652,28,1,4,25,400,305,0.016206567000040195,21,338,317,338,111,1,1,60,2,21,0.033678752000014356
s1_1000,S1-527220147,S2,US,selective_v2_compact,0,18,0,0,0,0,2,18,1,17,0.006702118000248447,36,1,3,38,323,87,0.007487923999974555,1,264,263,264,93,1,1,60,3,1,0.01798456400001669
s1_1000,S1-527220147,S3,US,selective_v2_compact,0,18,0,0,0,0,2,18,1,17,0.0063818490000358,36,1,3,38,346,109,0.007176968000067063,1,302,301,302,104,1,1,60,2,1,0.02073994500005938
s1_1000,S1-810076304,S2,US,selective_v2_compact,0,18,6,1,0,0,7,12,2,10,0.027033788000153436,36,1,8,26,568,344,0.027851193000060448,0,371,371,371,101,1,1,60,3,0,0.04586222099999304
s1_1000,S1-810076304,S3,US,selective_v2_compact,0,18,3,1,0,0,7,15,5,10,0.030218370000056893,36,1,8,32,371,259,0.030940803000021333,0,279,279,279,72,1,1,60,2,0,0.0425654759999361
s1_1000,S1-355916990,S2,India,selective_v2_compact,0,18,0,0,0,0,27,18,0,18,0.011663133999832098,91,15,42,39,230,160,0.01282778999996026,1,188,187,188,80,1,1,60,1,1,0.022263187999897127
s1_1000,S1-355916990,S3,India,selective_v2_compact,0,18,0,0,7,0,31,18,0,11,0.0149941779997107,78,10,41,38,271,235,0.01596364099998482,0,255,255,255,108,1,1,60,1,0,0.03029780299993945
s1_1000,S1-603830615,S2,India,selective_v2_compact,0,18,2,1,0,0,11,16,1,15,0.010478022000029341,66,6,17,34,387,287,0.011674477999918054,2,347,345,347,99,1,1,60,2,2,0.03554407900003298
s1_1000,S1-603830615,S3,India,selective_v2_compact,0,18,0,0,6,0,11,18,2,10,0.012850630999878376,66,1,12,38,257,180,0.014138204999994741,0,230,230,230,86,1,1,60,0,0,0.025993997999989915
s1_1000,S1-203874762,S2,India,selective_v2_compact,0,18,8,1,1,0,8,10,0,9,0.007935726000141585,78,10,18,21,337,286,0.009516007000001991,0,323,323,323,110,1,1,60,2,0,0.024793950999992376
s1_1000,S1-203874762,S3,India,selective_v2_compact,0,18,8,1,1,0,11,10,0,9,0.007431694000274547,78,6,17,21,290,250,0.008890140999938012,0,278,278,278,96,1,1,60,1,0,0.021857939000028637
s1_1000,S1-834983529,S2,US,selective_v2_compact,0,18,0,0,5,0,2,18,0,13,0.012122555000246393,28,1,3,36,237,198,0.012756403000025784,12,200,198,210,95,1,1,60,2,12,0.02126775900001121
s1_1000,S1-834983529,S3,US,selective_v2_compact,0,18,9,1,0,0,4,9,0,9,0.011326665999945362,28,3,7,18,345,307,0.011947085999963747,11,308,307,318,105,1,1,60,3,11,0.03105806600001415
s1_1000,S1-225919167,S2,US,selective_v2_compact,0,18,0,0,7,0,6,18,0,11,0.014043544999935875,28,1,7,38,496,246,0.014650896000034663,0,437,437,437,111,1,1,60,0,0,0.0314734830000134
s1_1000,S1-225919167,S3,US,selective_v2_compact,0,18,5,1,1,0,6,13,0,12,0.01432332799993219,28,1,7,28,546,262,0.014911874999938846,0,486,486,486,110,1,1,60,0,0,0.03396105299998453
s1_1000,S1-272522928,S2,US,selective_v2_compact,0,18,13,1,1,0,3,5,0,4,0.01048814100022355,36,0,3,10,253,250,0.011325715999987551,0,250,250,250,82,1,1,60,2,0,0.021012044000030983
s1_1000,S1-272522928,S3,US,selective_v2_compact,0,18,13,1,0,0,3,5,0,5,0.01108596399990347,36,0,3,10,272,260,0.011861593000048742,2,262,260,262,80,1,1,60,3,2,0.022144678000017848
s1_1000,S1-124849120,S2,India,selective_v2_compact,0,18,0,0,0,0,15,18,1,17,0.006883471000378449,78,21,36,37,276,162,0.007996932999958517,0,179,179,179,84,1,1,60,1,0,0.017832473999987997
s1_1000,S1-124849120,S3,India,selective_v2_compact,0,18,7,1,1,0,14,11,0,10,0.010519629999976132,78,21,35,23,344,269,0.011589721000063946,0,287,287,287,107,1,1,60,2,0,0.03350694199991722
s1_1000,S1-230964033,S2,India,selective_v2_compact,0,18,10,1,0,0,49,8,0,8,0.02249651600004654,120,21,70,16,302,266,0.0237217229999942,0,266,266,266,79,1,1,60,1,0,0.039308892999997624
s1_1000,S1-230964033,S3,India,selective_v2_compact,0,18,10,1,0,0,47,8,0,8,0.025522061999708967,120,15,62,16,364,334,0.026950435999992806,0,334,334,334,77,1,1,60,2,0,0.0433172209999384
s1_1000,S1-613113880,S2,India,selective_v2_compact,0,18,9,1,0,0,30,9,1,8,0.02065008699980808,91,10,40,20,455,362,0.02194840499998918,8,421,420,428,60,1,0,60,2,8,0.04472884399990562
s1_1000,S1-613113880,S3,India,selective_v2_compact,0,18,9,1,0,0,34,9,1,8,0.04269189099977666,91,3,37,20,366,316,0.04409175399996457,7,356,356,363,84,1,1,60,1,7,0.06705262100001619
s1_1000,S1-396803331,S2,India,selective_v2_compact,0,18,0,0,1,0,14,18,5,12,0.013280501999929584,78,10,24,38,201,122,0.014555477999920186,1,124,123,124,95,1,1,60,1,1,0.02090446299996529
s1_1000,S1-396803331,S3,India,selective_v2_compact,0,18,0,0,1,0,18,18,4,13,0.011457408999945073,66,3,21,37,339,229,0.012551139999914085,1,230,229,230,86,1,1,60,1,1,0.025999405999982628
s1_1000,S1-357644530,S2,India,selective_v2_compact,0,18,11,1,0,0,43,7,1,6,0.034992091999924924,78,6,49,15,296,256,0.03575563200001852,0,290,290,290,102,1,1,60,1,0,0.05383990499990432
s1_1000,S1-357644530,S3,India,selective_v2_compact,0,18,10,1,0,0,38,8,2,6,0.028382668999938687,78,3,41,17,361,308,0.029350432999990517,1,348,347,348,101,1,1,60,2,1,0.051654077999955916
s1_1000,S1-212885975,S2,US,selective_v2_compact,0,16,7,1,2,1,8,9,2,5,0.01658847799990326,28,3,11,18,285,274,0.017053878999945482,7,275,274,281,125,1,1,60,0,7,0.028271680000102606
s1_1000,S1-212885975,S3,US,selective_v2_compact,0,15,4,1,0,1,9,11,3,8,0.016067227000007733,28,3,12,22,286,260,0.0165293400000337,10,260,260,270,116,1,1,60,1,10,0.030930512000054478
s1_1000,S1-146611329,S2,US,selective_v2_compact,0,15,0,0,1,0,0,15,0,14,0.003635368999766797,15,0,0,33,167,41,0.0039559599999847705,2,122,120,122,82,1,1,60,3,2,0.009024261000035949
s1_1000,S1-146611329,S3,US,selective_v2_compact,0,15,0,0,5,0,0,15,0,10,0.0038867209998443286,15,0,0,32,102,59,0.004187648999959492,1,76,75,76,53,0,0,53,2,1,0.007513472000027832
s1_1000,S1-362088672,S2,India,selective_v2_compact,0,18,0,0,0,0,8,18,1,17,0.01287672400030715,55,6,14,39,306,232,0.013880224999979873,1,250,249,250,77,1,1,60,2,1,0.025527599999918493
s1_1000,S1-362088672,S3,India,selective_v2_compact,0,18,9,1,1,0,11,9,0,8,0.021655756000313886,55,1,12,22,355,283,0.0227068460000055,1,333,332,333,78,1,1,60,2,1,0.0377822149999929
s1_1000,S1-831406252,S2,India,selective_v2_compact,0,17,8,1,1,8,15,9,0,8,0.01429962399993201,55,15,30,19,381,333,0.015038602000004175,1,345,344,345,96,1,1,60,1,1,0.036924323999983244
s1_1000,S1-831406252,S3,India,selective_v2_compact,0,18,0,1,1,8,14,18,0,17,0.01912335000031362,55,15,29,37,501,346,0.019909318999907555,1,361,360,361,90,1,1,60,1,1,0.042532749999963926
s1_1000,S1-603113105,S2,India,selective_v2_compact,0,18,8,1,1,0,17,10,0,9,0.013970607000146629,120,1,18,21,397,356,0.01642032500001278,1,376,375,376,92,1,1,60,4,1,0.04112004600006003
s1_1000,S1-603113105,S3,India,selective_v2_compact,0,18,2,1,1,0,12,16,1,14,0.019674848000249767,120,0,12,33,364,302,0.02224074000002929,0,316,316,316,107,1,1,60,1,0,0.0405903880000551
s1_1000,S1-449694081,S2,US,selective_v2_compact,0,18,0,0,3,0,3,18,0,15,0.015945873000418942,28,0,3,37,476,190,0.016615547000014885,2,422,420,422,90,1,1,60,4,2,0.035764004000043315
s1_1000,S1-449694081,S3,US,selective_v2_compact,0,18,0,1,3,0,4,18,0,15,0.02772065899989684,28,0,4,36,334,283,0.028383254000004854,0,283,283,283,97,1,1,60,2,0,0.04833292200009964
s1_1000,S1-134935361,S2,US,selective_v2_compact,0,13,0,0,0,0,2,13,1,12,0.008298656999954801,15,0,2,27,159,34,0.008597198000074968,7,87,80,87,72,1,1,60,4,7,0.012529617999916809
s1_1000,S1-134935361,S3,US,selective_v2_compact,0,13,0,0,0,0,2,13,1,12,0.008585091999862016,15,0,2,27,134,37,0.008859923000045455,3,93,90,93,76,1,1,60,1,3,0.012941912999963279
s1_1000,S1-270589272,S2,US,selective_v2_compact,0,18,8,1,1,0,6,10,0,9,0.008521662999896762,36,3,9,21,331,257,0.009189733999960481,0,290,290,290,113,1,1,60,3,0,0.020444824000037443
s1_1000,S1-270589272,S3,US,selective_v2_compact,0,18,8,1,0,0,6,10,0,10,0.009226356000226588,36,3,9,21,342,272,0.00995373400007793,1,305,304,305,106,1,1,60,2,1,0.022405464999906144
s1_1000,S1-896456699,S2,US,selective_v2_compact,0,13,0,0,0,0,2,13,0,13,0.010611728999947445,15,0,2,27,219,159,0.01094827399992937,2,189,187,189,99,1,1,60,2,2,0.01845943700004682
s1_1000,S1-896456699,S3,US,selective_v2_compact,0,13,0,0,3,0,2,13,0,10,0.01234150900017994,15,0,2,27,198,167,0.012670168999989073,1,189,188,189,113,1,1,60,2,1,0.02039300399997046
s1_1000,S1-302337739,S2,US,selective_v2_compact,0,14,3,1,0,1,10,11,0,11,0.0167304609999519,28,3,13,22,317,281,0.017186109000022043,4,285,281,285,108,1,1,60,2,4,0.03245599100000618
s1_1000,S1-302337739,S3,US,selective_v2_compact,0,13,4,1,0,1,11,9,0,9,0.011084153000069819,28,3,14,18,343,287,0.011508252999988144,5,292,287,292,99,1,1,60,2,5,0.02518782499998906
s1_1000,S1-391402138,S2,US,selective_v2_compact,0,16,3,1,0,1,10,13,0,13,0.03457488200012904,28,1,11,27,339,263,0.03507175899994763,1,315,314,315,94,1,1,60,1,1,0.05045623199998772
s1_1000,S1-391402138,S3,US,selective_v2_compact,0,16,4,1,0,1,10,12,0,12,0.032329238999864174,28,1,11,25,394,281,0.032813604000011765,1,351,350,351,113,1,1,60,3,1,0.05079597099995681
s1_1000,S1-281598141,S2,US,selective_v2_compact,0,18,0,0,1,0,6,18,1,16,0.015365875000270535,28,1,7,37,252,198,0.01598829099998511,1,225,224,225,79,1,1,60,1,1,0.025169214000015927
s1_1000,S1-281598141,S3,US,selective_v2_compact,0,18,0,0,0,0,6,18,1,17,0.016840923999893676,28,1,7,37,295,209,0.017407666000053723,1,237,236,237,76,1,1,60,3,1,0.027165162999949644
s1_1000,S1-132547250,S2,US,selective_v2_compact,0,14,0,0,5,0,0,14,0,9,0.005400674999691546,15,1,1,30,400,242,0.005833831000018108,1,358,357,358,114,1,1,60,1,1,0.019905243000039263
s1_1000,S1-132547250,S3,US,selective_v2_compact,0,14,2,1,0,0,0,12,0,12,0.005217975000050501,15,1,1,26,429,260,0.005704959000013332,1,368,367,368,114,1,1,60,2,1,0.02658146300007047
s1_1000,S1-619795965,S2,US,selective_v2_compact,0,18,0,0,1,0,6,18,2,15,0.027427120000197647,36,1,7,37,373,243,0.028212153000026774,0,344,344,344,105,1,1,60,2,0,0.04232596599990757
s1_1000,S1-619795965,S3,US,selective_v2_compact,0,18,4,1,2,0,6,14,2,10,0.026787954000155878,36,1,7,29,452,300,0.027578550000043833,4,406,402,406,99,1,1,60,5,4,0.043834294000021146
s1_1000,S1-649285755,S2,US,selective_v2_compact,0,18,6,1,3,0,4,12,0,9,0.020748982999862164,28,0,4,24,299,271,0.021396824000021297,21,292,271,292,96,1,1,60,0,21,0.03280121600005259
s1_1000,S1-649285755,S3,US,selective_v2_compact,0,13,4,1,0,1,11,9,1,8,0.024062611000090328,28,3,14,18,336,298,0.024510490000011487,30,328,298,328,99,1,1,60,1,30,0.041297290000102294
s1_1000,S1-430030189,S2,India,selective_v2_compact,0,18,9,1,1,0,29,9,2,6,0.010258866999834027,120,10,39,19,365,317,0.012322444000005817,0,352,352,352,114,1,1,60,2,0,0.030100977999950373
s1_1000,S1-430030189,S3,India,selective_v2_compact,0,18,6,1,0,0,26,12,3,9,0.04609948699999222,120,10,36,25,336,279,0.04812422999998489,0,321,321,321,107,1,1,60,2,0,0.06691477499998655
s1_1000,S1-908464095,S2,US,selective_v2_compact,0,18,3,1,0,0,3,15,2,13,0.032532833999880495,45,0,3,31,357,271,0.033599705000028735,2,299,297,299,90,1,1,60,3,2,0.04547616799993648
s1_1000,S1-908464095,S3,US,selective_v2_compact,0,18,0,0,0,0,4,18,2,16,0.027161390999935975,45,0,4,37,321,162,0.0281493899999532,2,200,198,200,92,1,1,60,5,2,0.037761829000032776
s1_1000,S1-439426602,S2,US,selective_v2_compact,0,18,6,1,0,1,7,12,0,12,0.015350467999837747,28,1,8,24,366,314,0.01594637900007001,5,319,314,319,99,1,1,60,2,5,0.028471727000010105
s1_1000,S1-439426602,S3,US,selective_v2_compact,0,18,2,1,1,1,7,16,1,14,0.01942756100004317,28,1,8,32,291,252,0.02002374799997142,3,255,252,255,107,1,1,60,1,3,0.031919668000000456
s1_1000,S1-632127045,S2,US,selective_v2_compact,0,18,0,0,2,0,2,18,0,16,0.009081451999804813,21,0,2,38,293,247,0.009644266999998763,1,253,252,253,77,1,1,60,2,1,0.024685812000029728
s1_1000,S1-632127045,S3,US,selective_v2_compact,0,18,3,1,0,0,2,15,0,15,0.008392611000317629,21,0,2,32,335,268,0.008922848999986854,3,277,274,277,78,1,1,60,3,3,0.02476431100001264
s1_1000,S1-698552884,S2,US,selective_v2_compact,0,18,5,1,1,0,4,13,0,12,0.011278173999926366,28,1,5,27,394,311,0.011921392000090236,0,366,366,366,109,1,1,60,3,0,0.04260855999996238
s1_1000,S1-698552884,S3,US,selective_v2_compact,0,18,3,1,0,0,6,15,0,15,0.015137569999751577,28,1,7,30,323,303,0.01577691899990441,0,303,303,303,101,1,1,60,2,0,0.033543394000048465
s1_1000,S1-774996232,S2,India,selective_v2_compact,0,16,6,1,0,6,23,10,1,9,0.011632502999987082,66,21,44,21,385,266,0.012267166000015095,4,321,317,321,102,1,1,60,2,4,0.031368574999987686
s1_1000,S1-774996232,S3,India,selective_v2_compact,0,18,10,1,0,5,26,8,1,7,0.012944034000156535,66,15,41,17,374,274,0.013636835999932373,2,333,331,333,103,1,1,60,2,2,0.029150036000032742
s1_1000,S1-452456543,S2,US,selective_v2_compact,0,18,9,1,1,1,7,9,1,7,0.02540799599978527,28,1,8,18,302,287,0.025947971999926267,0,287,287,287,113,1,1,60,1,0,0.040276339000001826
s1_1000,S1-452456543,S3,US,selective_v2_compact,0,18,8,1,1,1,8,10,0,9,0.026690711000014744,28,1,9,20,320,309,0.027221206000035636,0,309,309,309,119,1,1,60,0,0,0.04399915000010424
s1_1000,S1-585894096,S2,India,selective_v2_compact,0,18,1,1,0,0,20,17,1,16,0.02454502000011871,66,10,30,37,330,254,0.02550343999996585,5,266,261,266,80,1,1,60,3,5,0.04285204600000725
s1_1000,S1-585894096,S3,India,selective_v2_compact,0,18,6,1,0,0,22,12,3,9,0.030894072000023698,55,3,25,26,335,311,0.03168053599995346,5,321,316,321,80,1,1,60,2,5,0.04635887599999933
s1_1000,S1-454927333,S2,India,selective_v2_compact,0,18,8,1,0,0,54,10,4,6,0.04615314199998011,120,10,64,20,262,251,0.04762654399996791,5,251,251,256,105,1,1,60,0,5,0.060357037000017044
s1_1000,S1-454927333,S3,India,selective_v2_compact,0,18,10,1,0,0,55,8,2,6,0.018757692000122006,120,10,65,16,322,310,0.020155782999950134,8,318,310,318,109,1,1,60,0,8,0.03909782300002007
s1_1000,S1-724124543,S2,US,selective_v2_compact,0,16,6,1,1,2,7,10,1,8,0.012454792000085035,28,3,10,20,261,255,0.012949445000003834,1,256,255,256,80,1,1,60,1,1,0.023072254999988218
s1_1000,S1-724124543,S3,US,selective_v2_compact,0,16,6,1,0,2,7,10,1,9,0.013843955000083952,28,3,10,20,304,292,0.01435865600001307,1,293,292,293,81,1,1,60,1,1,0.029374282999924617
s1_1000,S1-373841520,S2,US,selective_v2_compact,0,16,0,0,4,0,4,16,0,12,0.008423785999752909,21,1,5,34,278,110,0.008806095000068126,0,231,231,231,91,1,1,60,0,0,0.01808336400006283
s1_1000,S1-373841520,S3,US,selective_v2_compact,0,16,0,0,5,0,4,16,0,11,0.00887546600006317,21,1,5,34,324,122,0.00927099399996223,0,273,273,273,107,1,1,60,0,0,0.020206772000051387
s1_1000,S1-478665448,S2,India,selective_v2_compact,0,17,7,1,1,5,29,10,0,9,0.02065809900000204,66,15,44,21,299,266,0.02124783900001148,2,289,287,289,99,1,1,60,2,2,0.03534732299999632
s1_1000,S1-478665448,S3,India,selective_v2_compact,0,18,8,1,0,0,31,10,0,10,0.02329249899980823,66,6,37,21,358,294,0.02406898699996418,4,325,321,325,90,1,1,60,4,4,0.03917841600002703
s1_1000,S1-31916694,S2,US,selective_v2_compact,0,18,6,1,3,0,2,12,0,9,0.008414285999947424,21,1,3,24,334,319,0.008966236999981447,1,320,319,320,79,1,1,60,2,1,0.0216072420000728
s1_1000,S1-31916694,S3,US,selective_v2_compact,0,15,9,1,0,0,3,6,0,6,0.007694667000009758,21,3,6,12,288,274,0.008121163999931014,6,278,274,280,84,1,1,60,5,6,0.023680431999991924
s1_1000,S1-178240398,S2,India,selective_v2_compact,0,18,11,1,0,0,29,7,0,7,0.014927515999943353,120,10,39,15,307,254,0.016801019000013184,2,281,279,281,98,1,1,60,3,2,0.03086437499996464
s1_1000,S1-178240398,S3,India,selective_v2_compact,0,18,6,1,1,0,29,12,2,9,0.01590502099998048,120,6,35,25,286,254,0.017916616999968937,1,277,276,277,93,1,1,60,3,1,0.03490077800006475
s1_1000,S1-805720916,S2,India,selective_v2_compact,0,16,0,0,0,4,10,16,2,14,0.009764828000129455,36,6,16,33,85,52,0.010179012999969927,1,56,55,56,56,0,0,56,2,1,0.013252681999915694
s1_1000,S1-805720916,S3,India,selective_v2_compact,0,18,0,0,1,0,10,18,3,14,0.018878109000070253,36,3,13,37,114,91,0.019420116999981474,0,94,94,94,77,1,1,60,3,0,0.024087959999974373
s1_1000,S1-785012599,S2,US,selective_v2_compact,0,18,0,1,5,0,3,18,1,12,0.014546935999874222,66,3,6,38,443,276,0.015982368999971186,0,401,401,401,106,1,1,60,2,0,0.034460800999909225
s1_1000,S1-785012599,S3,US,selective_v2_compact,0,18,0,0,2,0,5,18,0,16,0.014232275000154004,66,6,11,39,336,138,0.015583791000040037,0,300,300,300,107,1,1,60,1,0,0.027621292000048925
s1_1000,S1-570330505,S2,US,selective_v2_compact,0,13,7,1,0,0,1,6,0,6,0.005139369000062288,15,1,2,13,403,302,0.005545557999994344,1,382,381,382,115,1,1,60,2,1,0.024857485000097768
s1_1000,S1-570330505,S3,US,selective_v2_compact,0,13,5,1,0,0,1,8,1,7,0.006455808999930923,15,1,2,17,388,286,0.006861651000008351,1,355,354,355,111,1,1,60,2,1,0.024117282000020168
s1_1000,S1-580407687,S2,US,selective_v2_compact,0,16,9,1,0,1,10,7,0,7,0.025987369000063154,28,1,11,14,317,284,0.0264846510000325,17,301,284,301,102,1,1,60,2,17,0.041674109999917164
s1_1000,S1-580407687,S3,US,selective_v2_compact,0,16,9,1,1,1,10,7,0,6,0.027568295999799375,28,1,11,14,300,285,0.028032994000000144,15,300,285,300,106,1,1,60,0,15,0.0423590420000437
s1_1000,S1-195964451,S2,US,selective_v2_compact,0,18,1,1,0,0,2,17,0,17,0.008048161999909098,28,1,3,35,370,291,0.008795738000003439,1,313,312,313,110,1,1,60,2,1,0.023018493999984457
s1_1000,S1-195964451,S3,US,selective_v2_compact,0,18,2,1,0,0,2,16,0,16,0.007151464000116903,28,1,3,33,347,262,0.007839572999955635,2,288,286,288,105,1,1,60,1,2,0.024519925000049625
s1_1000,S1-863383578,S2,India,selective_v2_compact,0,18,8,1,0,0,38,10,1,9,0.021048774000291814,105,15,53,22,357,347,0.022395791000008103,0,349,349,349,79,1,1,60,1,0,0.04589571799999703
s1_1000,S1-863383578,S3,India,selective_v2_compact,0,18,6,1,0,0,38,12,1,11,0.030024150000031113,105,15,53,26,299,278,0.0313343340000074,0,280,280,280,79,1,1,60,2,0,0.0491265939999721
s1_1000,S1-398966822,S2,India,selective_v2_compact,0,18,5,1,0,0,14,13,1,12,0.015237150999951155,55,6,20,26,362,272,0.016140404999987368,7,275,272,279,106,1,1,60,1,7,0.02945589499995549
s1_1000,S1-398966822,S3,India,selective_v2_compact,0,18,11,1,1,0,14,7,0,6,0.009399338999969586,55,3,17,15,352,257,0.010438684999940051,8,295,295,303,83,1,1,60,1,8,0.024036591999902157
s1_1000,S1-47693061,S2,US,selective_v2_compact,0,13,0,0,6,0,2,13,0,7,0.004362021000019922,15,0,2,28,146,33,0.004659446999994543,1,130,129,130,89,1,1,60,2,1,0.010000556000022698
s1_1000,S1-47693061,S3,US,selective_v2_compact,0,13,0,0,0,0,2,13,0,13,0.004621293999889531,15,0,2,28,193,54,0.004908270999976594,0,154,154,154,101,1,1,60,2,0,0.011131295000041064
s1_1000,S1-901993448,S2,US,selective_v2_compact,0,18,0,0,7,0,3,18,3,8,0.00911207599995123,36,1,4,38,139,101,0.009836469999982,0,131,131,131,79,1,1,60,1,0,0.015287952999983645
s1_1000,S1-901993448,S3,US,selective_v2_compact,0,18,3,1,0,0,6,15,3,12,0.01343413199981569,36,3,9,31,323,268,0.014165301000048203,3,281,278,281,88,1,1,60,3,3,0.02932959600002505
s1_1000,S1-360702411,S2,US,selective_v2_compact,0,18,0,0,5,0,2,18,1,12,0.011508068000125604,28,0,2,37,424,147,0.012195246000032967,2,389,387,389,99,1,1,60,3,2,0.027600119999988237
s1_1000,S1-360702411,S3,US,selective_v2_compact,0,18,5,1,2,0,4,13,0,11,0.0121428269998205,28,1,5,27,575,283,0.012791152000090733,4,523,519,523,110,1,1,60,5,4,0.03582737700003236
s1_1000,S1-773565090,S2,India,selective_v2_compact,0,18,13,1,0,0,8,5,0,5,0.006220079000058831,45,6,14,10,302,254,0.006977031000019451,3,257,254,257,80,1,1,60,1,3,0.01997656800006098
s1_1000,S1-773565090,S3,India,selective_v2_compact,0,18,6,1,0,0,9,12,1,11,0.017340738999905625,45,1,10,24,406,337,0.018254160000083175,5,342,337,342,107,1,1,60,2,5,0.03981853899995258
s1_1000,S1-585207831,S2,India,selective_v2_compact,0,18,0,0,0,0,25,18,3,15,0.019587483999430333,66,10,35,38,290,196,0.02035169499993117,4,231,227,231,80,1,1,60,1,4,0.0313256880000381
s1_1000,S1-585207831,S3,India,selective_v2_compact,0,18,0,0,0,0,23,18,3,15,0.03657182000006287,66,3,26,38,421,248,0.037614167000015186,4,271,267,271,80,1,1,60,2,4,0.05051640400006363
s1_1000,S1-531136752,S2,India,selective_v2_compact,0,18,9,1,0,0,22,9,1,8,0.009600926000189247,91,15,37,19,322,288,0.010936137000044255,1,301,300,301,91,1,1,60,1,1,0.025880346000008103
s1_1000,S1-531136752,S3,India,selective_v2_compact,0,18,9,1,2,0,21,9,0,7,0.009792984000000615,91,10,31,19,317,294,0.011288325000009536,1,305,304,305,90,1,1,60,3,1,0.026354868999987957
s1_1000,S1-442467030,S2,India,selective_v2_compact,0,18,1,1,0,0,11,17,2,15,0.0102403459998186,55,10,21,35,505,255,0.011167752000005748,0,261,261,261,117,1,1,60,2,0,0.025167685000042184
s1_1000,S1-442467030,S3,India,selective_v2_compact,0,18,7,1,1,0,9,11,1,9,0.014916487999812489,55,10,19,23,420,288,0.015852294999945116,1,290,289,290,79,1,1,60,1,1,0.029056551000053332
s1_1000,S1-92482405,S2,India,selective_v2_compact,0,18,11,1,1,0,11,7,0,6,0.0067037890000847256,45,3,14,15,284,263,0.0074893299999985175,5,273,268,273,118,1,1,60,2,5,0.02041257600001245
s1_1000,S1-92482405,S3,India,selective_v2_compact,0,18,8,1,1,0,11,10,0,9,0.012019637000207695,55,3,14,22,311,273,0.013002726999957304,14,292,278,292,119,1,1,60,1,14,0.02632490600001347
s1_1000,S1-199571794,S2,India,selective_v2_compact,0,18,4,1,0,0,20,14,3,11,0.017117693000272993,66,3,23,28,336,293,0.018229586999950698,2,295,293,295,77,1,1,60,2,2,0.03237943599992832
s1_1000,S1-199571794,S3,India,selective_v2_compact,0,18,11,1,0,0,14,7,0,7,0.030974292000109926,66,3,17,14,315,283,0.03224388399996769,1,284,283,284,78,1,1,60,2,1,0.05046545599998353
s1_1000,S1-595727822,S2,US,selective_v2_compact,0,18,11,1,0,0,5,7,1,6,0.02265795700009221,28,1,6,14,311,306,0.023248561000059453,0,306,306,306,95,1,1,60,1,0,0.040300440000009985
s1_1000,S1-595727822,S3,US,selective_v2_compact,0,18,13,1,0,1,6,5,1,4,0.013781525000013062,28,1,7,10,259,255,0.01429468399999223,0,255,255,255,97,1,1,60,2,0,0.024721945000010237
s1_1000,S1-364678319,S2,US,selective_v2_compact,0,18,0,0,2,0,0,18,0,16,0.00366705799990541,21,0,0,41,246,132,0.004210866999983409,1,214,213,214,79,1,1,60,2,1,0.01457104899998285
s1_1000,S1-364678319,S3,US,selective_v2_compact,0,18,0,0,6,0,0,18,0,12,0.0037639569997054423,21,0,0,41,248,142,0.004267417000050955,0,223,223,223,79,1,1,60,0,0,0.01730697000004966
s1_1000,S1-872214081,S2,India,selective_v2_compact,0,16,11,1,0,4,25,5,0,5,0.013350983999998789,55,10,35,10,287,280,0.013905851000004077,6,286,280,286,117,1,1,60,0,6,0.02782081400005154
s1_1000,S1-872214081,S3,India,selective_v2_compact,0,18,12,1,0,0,28,6,1,5,0.01620587800005069,55,3,31,12,325,306,0.016889885999944454,10,316,306,316,111,1,1,60,2,10,0.0379120159999502
s1_1000,S1-377086058,S2,US,selective_v2_compact,0,18,2,1,3,0,4,16,0,13,0.011621845000036046,28,1,5,34,383,294,0.012281281000014133,0,348,348,348,90,1,1,60,2,0,0.028117823000002318
s1_1000,S1-377086058,S3,US,selective_v2_compact,0,18,1,1,0,0,4,17,1,16,0.014269477000084407,28,1,5,35,392,330,0.014964762999966297,2,342,340,342,93,1,1,60,3,2,0.042699531000039315
s1_1000,S1-990461902,S2,US,selective_v2_compact,0,18,0,0,1,4,8,18,1,16,0.004031846999964728,36,6,14,38,102,47,0.004514714000038111,2,53,51,53,53,0,0,53,4,2,0.007733662000077857
s1_1000,S1-990461902,S3,US,selective_v2_compact,0,18,0,0,6,4,8,18,1,11,0.004186011000001599,36,6,14,38,95,70,0.004691194000088217,0,73,73,73,71,1,1,60,0,0,0.008943037999983972
s1_1000,S1-967594427,S2,India,selective_v2_compact,0,14,0,0,0,10,32,14,2,12,0.018124723999903836,66,10,42,29,281,217,0.01872932399999172,1,229,228,229,90,1,1,60,2,1,0.029596326999921985
s1_1000,S1-967594427,S3,India,selective_v2_compact,0,18,7,1,3,0,30,11,3,5,0.02583512100011376,66,6,36,23,279,255,0.02661112700002377,0,263,263,263,93,1,1,60,0,0,0.039659498999981224
s1_1000,S1-824991198,S2,US,selective_v2_compact,0,11,0,0,2,0,4,11,0,9,0.011243788999877324,15,0,4,23,415,150,0.011583139999970626,4,368,364,368,117,1,1,60,3,4,0.02569089599990093
s1_1000,S1-824991198,S3,US,selective_v2_compact,0,11,0,0,2,0,3,11,0,9,0.012139815999830716,15,1,4,23,448,176,0.012476755999955458,8,407,399,407,117,1,1,60,3,8,0.02862761500000488
s1_1000,S1-623746049,S2,US,selective_v2_compact,0,14,6,1,0,0,4,8,0,8,0.01335211800005709,21,3,7,17,534,299,0.01395820800007641,90,478,478,568,165,1,1,60,1,51,0.04163885000002665
s1_1000,S1-623746049,S3,US,selective_v2_compact,0,14,6,1,1,0,4,8,0,7,0.013995250999983,21,3,7,17,513,293,0.014618506000033449,85,465,465,550,165,1,1,60,1,46,0.046713057000033587
s1_1000,S1-635266124,S2,India,selective_v2_compact,0,18,10,1,0,0,38,8,1,7,0.016340610999804994,91,10,48,16,335,322,0.017420769000068503,0,322,322,322,117,1,1,60,2,0,0.032582036000007975
s1_1000,S1-635266124,S3,India,selective_v2_compact,0,18,11,1,0,0,40,7,1,6,0.018801838000058524,91,6,46,14,316,303,0.019904677999988962,1,303,303,304,110,1,1,60,2,1,0.03705704100002549
s1_1000,S1-12615942,S2,US,selective_v2_compact,0,17,9,1,1,0,3,8,0,7,0.008123513999862553,21,1,4,16,412,388,0.008662684000000809,1,389,388,389,82,1,1,60,1,1,0.028659052999955748
s1_1000,S1-12615942,S3,US,selective_v2_compact,0,16,7,1,0,0,4,9,1,8,0.009779527000091548,21,1,5,18,346,337,0.010267335999969873,0,337,337,337,109,1,1,60,2,0,0.02400782999995954
s1_1000,S1-468418914,S2,US,selective_v2_compact,0,17,6,1,0,2,8,11,0,11,0.03495105800016063,28,1,9,22,283,253,0.03545415400003549,0,253,253,253,114,1,1,60,4,0,0.04750382100007755
s1_1000,S1-468418914,S3,US,selective_v2_compact,0,17,6,1,1,2,8,11,0,10,0.038020610999979,28,1,9,22,271,261,0.03852568899992548,0,261,261,261,120,1,1,60,0,0,0.051745648999940386
s1_1000,S1-717312031,S2,India,selective_v2_compact,0,13,0,0,0,4,13,13,1,12,0.01966382199987038,36,6,19,27,273,135,0.020074195999995936,1,153,152,153,95,1,1,60,1,1,0.027447172000051978
s1_1000,S1-717312031,S3,India,selective_v2_compact,0,13,0,0,2,4,16,13,1,10,0.019023782000203937,36,3,19,27,256,145,0.019430371999987983,3,174,171,174,104,1,1,60,2,3,0.027530615000046055
s1_1000,S1-292535402,S2,India,selective_v2_compact,0,10,0,0,0,3,17,10,3,7,0.011183849999952145,45,15,32,21,154,92,0.011492229999930714,0,125,125,125,62,1,1,60,2,0,0.01748637499997585
s1_1000,S1-292535402,S3,India,selective_v2_compact,0,9,0,0,3,3,23,9,2,4,0.00794508599983601,45,10,33,19,105,73,0.008187695000060558,0,99,99,99,63,1,1,60,0,0,0.013033401000029698
s1_1000,S1-959890049,S2,India,selective_v2_compact,0,17,9,1,0,6,28,8,2,6,0.022829103000049145,66,15,43,16,285,265,0.023438926000039828,1,266,265,266,94,1,1,60,3,1,0.03601837299993349
s1_1000,S1-959890049,S3,India,selective_v2_compact,0,17,7,1,1,5,29,10,2,7,0.0262393420001672,66,15,44,20,279,259,0.02688461200000347,1,259,259,260,89,1,1,60,1,1,0.04062832599993271
s1_1000,S1-256737973,S2,US,selective_v2_compact,0,18,0,0,7,0,6,18,1,10,0.01280474900011086,55,1,7,37,79,67,0.013864839999996548,0,68,68,68,68,1,1,60,1,0,0.01851470799999788
s1_1000,S1-256737973,S3,US,selective_v2_compact,0,18,0,0,2,0,14,18,1,15,0.02864688700003626,55,3,17,37,254,220,0.029627891999894018,0,232,232,232,103,1,1,60,1,0,0.04141507899998942
s1_1000,S1-159212707,S2,India,selective_v2_compact,0,18,10,1,0,0,51,8,2,6,0.01687725300018883,120,21,72,16,294,259,0.018046413000092798,12,259,259,271,109,1,1,60,0,12,0.03179349899994577
s1_1000,S1-159212707,S3,India,selective_v2_compact,0,18,7,1,0,0,51,11,2,9,0.02207808599996497,120,15,66,22,398,283,0.02349083600006452,18,283,283,301,115,1,1,60,1,18,0.04082901800006766
s1_1000,S1-580580616,S2,India,selective_v2_compact,0,18,0,1,1,0,31,18,3,14,0.038542969000104677,120,6,37,37,380,350,0.040548331999957554,7,354,354,361,95,1,1,60,0,7,0.06577578500002801
s1_1000,S1-580580616,S3,India,selective_v2_compact,0,18,3,1,1,0,27,15,1,13,0.0264774369998122,120,3,30,31,310,297,0.028685527999982696,9,300,300,309,102,1,1,60,0,9,0.046109032000003936
s1_1000,S1-386088143,S2,India,selective_v2_compact,0,18,10,1,0,0,53,8,0,8,0.023409563999848615,120,21,74,16,350,251,0.024605368000038652,8,256,251,259,90,1,1,60,0,8,0.038274529999966944
s1_1000,S1-386088143,S3,India,selective_v2_compact,0,18,13,1,0,0,51,5,0,5,0.021723568000084015,120,15,66,10,311,297,0.023081069999989268,7,297,297,304,101,1,1,60,0,7,0.04055276500002947
s1_1000,S1-994360372,S2,US,selective_v2_compact,0,18,1,1,4,0,7,17,1,12,0.026144769999632445,45,0,7,34,388,376,0.027146589000039967,0,376,376,376,110,1,1,60,1,0,0.049971993999974984
s1_1000,S1-994360372,S3,US,selective_v2_compact,0,18,9,1,0,0,13,9,2,7,0.030300781000164534,45,1,14,18,284,282,0.03109483299999738,0,282,282,282,98,1,1,60,2,0,0.042778946999987966
s1_1000,S1-417824853,S2,US,selective_v2_compact,0,18,9,1,4,0,3,9,0,5,0.004927777000148126,45,1,4,20,287,250,0.005942780999930619,0,282,282,282,101,1,1,60,1,0,0.017331963999936306
s1_1000,S1-417824853,S3,US,selective_v2_compact,0,18,10,1,1,0,8,8,0,7,0.012032671000042683,45,3,11,17,311,281,0.012909092999962013,1,296,295,296,77,1,1,60,3,1,0.029172002999985125
s1_1000,S1-57586886,S2,US,selective_v2_compact,0,18,3,1,2,0,9,15,1,12,0.018766977999803203,45,1,10,30,338,319,0.01972677699995984,16,320,319,335,110,1,1,60,2,16,0.03649724199999582
s1_1000,S1-57586886,S3,US,selective_v2_compact,0,18,7,1,1,0,12,11,2,8,0.014117799999894487,45,3,15,22,271,268,0.014936720000036985,10,268,268,278,113,1,1,60,0,10,0.02634315099999185
s1_1000,S1-417823242,S2,US,selective_v2_compact,0,18,5,1,0,0,6,13,1,12,0.023216218999777993,66,0,6,28,442,256,0.024676582999973107,0,399,399,399,113,1,1,60,2,0,0.04087221899999349
s1_1000,S1-417823242,S3,US,selective_v2_compact,0,18,0,0,0,0,7,18,2,16,0.02516576100003931,66,0,7,38,458,189,0.026662267999995493,0,367,367,367,81,1,1,60,3,0,0.04192905900004007
s1_1000,S1-651379105,S2,US,selective_v2_compact,0,18,10,1,0,0,11,8,1,7,0.019090389999973922,36,1,12,16,298,287,0.019708341999944423,1,288,287,288,105,1,1,60,2,1,0.03467736699997204
s1_1000,S1-651379105,S3,US,selective_v2_compact,0,16,5,1,1,2,15,11,0,10,0.030485691000080806,36,3,18,22,336,325,0.031048214000065855,0,325,325,325,110,1,1,60,0,0,0.05072383300000638
s1_1000,S1-575249679,S2,US,selective_v2_compact,0,18,9,1,0,0,12,9,1,8,0.023567578999973193,45,1,13,19,510,260,0.024375642999984848,1,481,480,481,101,1,1,60,1,1,0.04309670500003904
s1_1000,S1-575249679,S3,US,selective_v2_compact,0,18,6,1,1,0,13,12,1,10,0.02274425999974028,45,1,14,25,511,275,0.023562336999930267,0,485,485,485,100,1,1,60,1,0,0.04741038700001354
s1_1000,S1-393317943,S2,US,selective_v2_compact,0,18,0,0,4,0,6,18,0,14,0.01756140200018308,45,0,6,38,237,131,0.018455878000054327,1,183,182,183,82,1,1,60,2,1,0.026075568000010207
s1_1000,S1-393317943,S3,US,selective_v2_compact,0,18,8,1,1,0,9,10,1,8,0.01638452600002438,45,1,10,21,292,253,0.017227541000011115,0,283,283,283,91,1,1,60,2,0,0.028506816999993134
s1_1000,S1-584163881,S2,India,selective_v2_compact,0,17,9,1,0,15,60,8,0,8,0.013926250999929835,120,28,88,16,333,313,0.014795560000038677,0,313,313,313,102,1,1,60,2,0,0.03255028700004914
s1_1000,S1-584163881,S3,India,selective_v2_compact,0,17,8,1,0,14,61,9,1,8,0.020434908000311225,120,28,89,18,314,263,0.02122705500005395,1,264,263,264,109,1,1,60,3,1,0.03995057099996302
s1_1000,S1-982163117,S2,India,selective_v2_compact,0,18,0,0,1,0,16,18,2,15,0.007905393000100958,66,3,19,39,291,168,0.009017335999942588,1,189,188,189,90,1,1,60,1,1,0.01959789800002909
s1_1000,S1-982163117,S3,India,selective_v2_compact,0,18,0,0,0,0,15,18,3,15,0.013971140000080595,66,1,16,40,430,246,0.01527164599997377,0,303,303,303,95,1,1,60,2,0,0.028951216999985263
s1_1000,S1-839782760,S2,US,selective_v2_compact,0,18,0,0,10,0,1,18,1,7,0.004821307000042907,21,0,1,37,134,69,0.005282315999920684,0,129,129,129,88,1,1,60,0,0,0.010581892999994125
s1_1000,S1-839782760,S3,US,selective_v2_compact,0,18,0,0,0,0,1,18,1,17,0.005120512000075905,21,0,1,36,111,75,0.005562925999925028,2,77,75,77,58,0,0,58,4,2,0.00944895500003895
s1_1000,S1-900544442,S2,US,selective_v2_compact,0,18,8,1,0,0,13,10,1,9,0.02385763200004476,55,1,14,20,295,269,0.02483326499998384,3,272,269,272,78,1,1,60,2,3,0.03721496200000729
s1_1000,S1-900544442,S3,US,selective_v2_compact,0,18,8,1,0,0,13,10,1,9,0.025411639999902036,55,1,14,20,314,284,0.02642563299991707,1,285,284,285,80,1,1,60,4,1,0.04004323899994233
s1_1000,S1-877625799,S2,US,selective_v2_compact,0,18,0,0,7,0,5,18,0,11,0.00780415599990647,45,1,6,37,303,108,0.008711648999906174,0,253,253,253,104,1,1,60,2,0,0.018777363000026526
s1_1000,S1-877625799,S3,US,selective_v2_compact,0,18,0,0,3,0,7,18,1,14,0.012390960999937306,45,3,10,37,420,213,0.013358828999912475,0,356,356,356,107,1,1,60,0,0,0.030447846000015488
s1_1000,S1-479499953,S2,US,selective_v2_compact,0,18,0,0,3,0,7,18,3,12,0.021245191000161867,55,1,8,37,263,175,0.022369533000073716,0,242,242,242,115,1,1,60,0,0,0.034420690000047216
s1_1000,S1-479499953,S3,US,selective_v2_compact,0,18,0,0,3,0,8,18,3,12,0.018506794999893827,55,1,9,37,296,189,0.019643631999997524,0,253,253,253,117,1,1,60,3,0,0.031003964999968048
s1_1000,S1-240192562,S2,India,selective_v2_compact,0,18,7,1,1,0,21,11,1,9,0.01647814499983724,120,28,49,25,427,315,0.018229933999919012,4,400,400,404,123,1,1,60,1,4,0.04480261000003338
s1_1000,S1-240192562,S3,India,selective_v2_compact,0,18,0,0,6,0,31,18,3,9,0.01690741699985665,120,15,46,39,382,232,0.0187133360000189,5,317,317,322,117,1,1,60,0,5,0.05535548499995002
s1_1000,S1-67984413,S2,US,selective_v2_compact,0,16,6,1,2,0,4,10,0,8,0.007148119999897062,21,1,5,22,411,274,0.007634037000002536,0,375,375,375,109,1,1,60,2,0,0.02296660999991218
s1_1000,S1-67984413,S3,US,selective_v2_compact,0,16,6,1,1,0,4,10,0,9,0.007208034999734991,21,1,5,22,438,301,0.007733766999990621,0,399,399,399,115,1,1,60,1,0,0.023960651000038524
s1_1000,S1-929709760,S2,India,selective_v2_compact,0,18,12,1,1,0,29,6,0,5,0.007944594999912624,105,3,32,12,280,268,0.009654321999960302,1,269,268,269,76,1,1,60,1,1,0.023065579000103753
s1_1000,S1-929709760,S3,India,selective_v2_compact,0,18,12,1,0,0,24,6,0,6,0.012862512999959108,105,3,27,12,262,252,0.014758246999917901,0,252,252,252,102,1,1,60,1,0,0.02743770699999004
s1_1000,S1-645580244,S2,US,selective_v2_compact,0,18,0,0,6,0,0,18,1,11,0.016247591999785982,21,0,0,37,315,120,0.016757927000071504,3,260,257,260,117,1,1,60,2,3,0.028531228000019837
s1_1000,S1-645580244,S3,US,selective_v2_compact,0,18,0,0,4,0,0,18,1,13,0.017304018000004362,21,0,0,37,370,157,0.01785836900000959,2,291,289,291,114,1,1,60,3,2,0.030561518000013166
s1_1000,S1-379116236,S2,US,selective_v2_compact,0,15,0,0,4,0,5,15,0,11,0.015573954999808848,21,1,6,32,345,188,0.015983684000048015,4,307,303,307,109,1,1,60,3,4,0.028050154999959886
s1_1000,S1-379116236,S3,US,selective_v2_compact,0,15,0,0,0,0,5,15,0,15,0.016333466000105545,21,1,6,32,362,203,0.01674991400000181,3,311,308,311,102,1,1,60,1,3,0.029185371000039595
s1_1000,S1-859902423,S2,India,selective_v2_compact,0,18,7,1,0,0,27,11,1,10,0.016606613999783804,91,6,33,24,320,295,0.017999905000010585,4,307,306,310,88,1,1,60,2,4,0.03850175399998079
s1_1000,S1-859902423,S3,India,selective_v2_compact,0,18,9,1,0,0,24,9,1,8,0.022700484999859327,91,3,27,20,352,320,0.024228816000004372,10,330,330,340,86,1,1,60,1,10,0.04696040900000753
s1_1000,S1-625988141,S2,India,selective_v2_compact,0,18,0,0,2,0,13,18,2,14,0.010023535000073025,55,3,16,38,294,163,0.010990889000026982,0,187,187,187,71,1,1,60,1,0,0.025783612999930483
s1_1000,S1-625988141,S3,India,selective_v2_compact,0,18,0,0,2,0,10,18,3,13,0.01351987599991844,55,1,11,38,185,115,0.014543917000082729,0,137,137,137,86,1,1,60,2,0,0.023364747000073294
s1_1000,S1-419938998,S2,US,selective_v2_compact,0,15,9,1,2,0,0,6,0,4,0.006374978000053488,15,0,0,12,272,271,0.00679068899989943,0,271,271,271,42,0,0,42,0,0,0.017110607000063283
s1_1000,S1-419938998,S3,US,selective_v2_compact,0,14,3,1,6,0,1,11,0,5,0.008336142999837648,15,0,1,22,260,259,0.008733220000067377,0,259,259,259,80,1,1,60,0,0,0.022839183999963097
s1_1000,S1-772622400,S2,US,selective_v2_compact,0,18,4,1,0,1,7,14,1,13,0.032627982000235534,28,1,8,28,320,265,0.03316735900000367,1,266,265,266,79,1,1,60,2,1,0.046758442000054856
s1_1000,S1-772622400,S3,US,selective_v2_compact,0,18,4,1,0,1,7,14,1,13,0.03425157099991338,28,1,8,28,310,272,0.03483097100001942,0,272,272,272,81,1,1,60,1,0,0.047321450000026744
s1_1000,S1-830083936,S2,India,selective_v2_compact,0,18,9,1,1,0,16,9,0,8,0.008880845000021509,66,3,19,20,265,250,0.010037624999995387,0,254,254,254,80,1,1,60,1,0,0.024379076000059285
s1_1000,S1-830083936,S3,India,selective_v2_compact,0,18,5,1,0,0,16,13,1,12,0.014751438999837774,66,3,19,28,295,253,0.015974356000015177,7,264,257,264,78,1,1,60,1,7,0.029516532999991796
s1_1000,S1-439222980,S2,US,selective_v2_compact,0,17,9,1,1,0,4,8,0,7,0.01691611199998988,21,0,4,16,279,275,0.017372790999957033,1,276,275,276,83,1,1,60,1,1,0.028044636000004175
s1_1000,S1-439222980,S3,US,selective_v2_compact,0,17,9,1,1,0,4,8,0,7,0.017902288999948723,21,0,4,16,338,328,0.018384829999945396,3,331,328,331,83,1,1,60,1,3,0.03869571500001712
s1_1000,S1-402531107,S2,US,selective_v2_compact,0,18,7,1,1,0,3,11,1,9,0.017344123999919248,21,0,3,22,292,268,0.017902558999935536,2,270,268,270,88,1,1,60,1,2,0.028710181999940687
s1_1000,S1-402531107,S3,US,selective_v2_compact,0,17,6,1,1,0,4,11,0,10,0.01673144699987006,21,0,4,22,317,284,0.017216281000060007,0,284,284,284,88,1,1,60,2,0,0.03329048499995224
s1_1000,S1-100625394,S2,US,selective_v2_compact,0,17,0,0,0,0,4,17,0,17,0.0185749700000315,21,0,4,34,260,224,0.019043506999992132,0,224,224,224,114,1,1,60,1,0,0.028855659000100786
s1_1000,S1-100625394,S3,US,selective_v2_compact,0,17,4,1,0,0,4,13,0,13,0.017539001000272947,21,0,4,26,312,259,0.018031024000038087,2,261,259,261,105,1,1,60,2,2,0.030770265000001018
s1_1000,S1-877581624,S2,India,selective_v2_compact,0,18,0,1,0,0,43,18,4,14,0.057628286000181106,105,10,53,37,404,342,0.05900114600001416,1,359,358,359,107,1,1,60,2,1,0.07970073399997091
s1_1000,S1-877581624,S3,India,selective_v2_compact,0,18,9,1,0,0,41,9,1,8,0.015053614999828824,105,6,47,19,308,258,0.016430694999939988,0,281,281,281,98,1,1,60,2,0,0.030048114000010173
s1_1000,S1-403408940,S2,US,selective_v2_compact,0,17,0,0,5,0,3,17,1,11,0.0073389300002872915,21,1,4,35,212,81,0.007737264999946092,1,183,182,183,105,1,1,60,1,1,0.01503264100006163
s1_1000,S1-403408940,S3,US,selective_v2_compact,0,17,0,0,0,0,3,17,1,16,0.007761860999721648,21,1,4,35,262,93,0.00817723299996942,4,208,204,208,102,1,1,60,1,4,0.01683937000007063
s1_1000,S1-817995330,S2,US,selective_v2_compact,0,18,1,1,1,0,2,17,2,14,0.024079478000089694,21,0,2,35,312,255,0.024608085999943796,0,289,289,289,85,1,1,60,1,0,0.03741787600006319
s1_1000,S1-817995330,S3,US,selective_v2_compact,0,17,6,1,1,0,3,11,1,9,0.01104817200018715,21,1,4,23,308,257,0.011524418000021797,0,290,290,290,95,1,1,60,0,0,0.024328048000029412
s1_1000,S1-76269912,S2,US,selective_v2_compact,0,18,0,0,5,0,2,18,1,12,0.013359848000050079,28,0,2,36,207,195,0.014000537000015356,1,196,195,196,107,1,1,60,3,1,0.025485236000008626
s1_1000,S1-76269912,S3,US,selective_v2_compact,0,18,10,1,0,0,6,8,0,8,0.013486904999922444,28,1,7,16,336,311,0.014081596000096397,1,312,311,312,110,1,1,60,1,1,0.02703042699999969
s1_1000,S1-849465705,S2,India,selective_v2_compact,0,18,0,0,3,0,19,18,9,6,0.024833680000142522,78,1,20,37,196,191,0.02622875400004432,0,195,195,195,100,1,1,60,0,0,0.04451703799998086
s1_1000,S1-849465705,S3,India,selective_v2_compact,0,18,7,1,0,0,15,11,2,9,0.02169217099992693,78,1,16,23,441,265,0.023217055000031905,2,278,276,278,97,1,1,60,3,2,0.038384141000051386
s1_1000,S1-995508551,S2,US,selective_v2_compact,0,18,0,0,0,0,0,18,0,18,0.0046504400003186674,28,0,0,40,353,190,0.005350943000053121,1,270,269,270,79,1,1,60,3,1,0.015926057000001492
s1_1000,S1-995508551,S3,US,selective_v2_compact,0,18,0,0,3,0,1,18,0,15,0.0020656529999314444,28,0,1,40,218,90,0.002675078999914149,1,172,171,172,76,1,1,60,1,1,0.009784785999954693
s1_1000,S1-690122386,S2,India,selective_v2_compact,0,18,0,0,0,0,14,18,5,13,0.01417990200013719,66,10,24,36,293,249,0.01539551499990921,0,249,249,249,92,1,1,60,1,0,0.02774869300003502
s1_1000,S1-690122386,S3,India,selective_v2_compact,0,18,1,1,3,0,18,17,2,12,0.01784047600017402,66,6,24,34,306,261,0.018874891999985266,0,261,261,261,93,1,1,60,1,0,0.03598005000003468
s1_1000,S1-143958303,S2,India,selective_v2_compact,0,18,8,1,0,14,22,10,2,8,0.011057122000124764,91,36,58,20,323,300,0.01187332899996818,0,300,300,300,86,1,1,60,0,0,0.027085872999919047
s1_1000,S1-143958303,S3,India,selective_v2_compact,0,18,3,1,1,0,32,15,4,10,0.03178222800022468,91,21,53,30,434,335,0.032842073999972854,0,335,335,335,96,1,1,60,0,0,0.05461362400001235
s1_1000,S1-738848231,S2,India,selective_v2_compact,0,18,8,1,0,0,17,10,0,10,0.014154917999803729,78,6,23,21,281,254,0.0156234339999628,1,257,256,257,70,1,1,60,3,1,0.029065814999967188
s1_1000,S1-738848231,S3,India,selective_v2_compact,0,18,0,0,0,0,17,18,3,15,0.04574642199997925,78,3,20,37,268,235,0.04717248500003279,0,238,238,238,87,1,1,60,2,0,0.061949689000016406
s1_1000,S1-157899985,S2,US,selective_v2_compact,0,16,0,0,0,0,4,16,0,16,0.011304796999866085,21,1,5,34,341,96,0.011725390000037805,2,252,250,252,92,1,1,60,3,2,0.021807442000067567
s1_1000,S1-157899985,S3,US,selective_v2_compact,0,10,0,0,4,0,4,10,0,6,0.012314168999864705,15,1,5,21,315,127,0.012594280000030267,0,275,275,275,106,1,1,60,0,0,0.023635340000055294
s1_1000,S1-107809366,S2,US,selective_v2_compact,0,18,0,0,3,0,2,18,0,15,0.014151730000207863,28,0,2,39,677,175,0.01497111000003315,1,611,610,611,104,1,1,60,2,1,0.042201701999943
s1_1000,S1-107809366,S3,US,selective_v2_compact,0,18,3,1,2,0,3,15,0,13,0.030655898000077286,28,0,3,32,506,254,0.03134377100002439,0,475,475,475,103,1,1,60,1,0,0.05132406400002765
s1_1000,S1-256569351,S2,US,selective_v2_compact,0,13,2,1,1,0,2,11,1,9,0.017565721999858397,15,0,2,22,257,250,0.0179439570000568,0,250,250,250,82,1,1,60,0,0,0.027874440999994476
s1_1000,S1-256569351,S3,US,selective_v2_compact,0,18,3,1,3,0,2,15,0,12,0.01939473200025077,21,0,2,31,334,301,0.019946307999930468,1,303,302,303,78,1,1,60,1,1,0.03589342999998735
s1_1000,S1-878489591,S2,US,selective_v2_compact,0,16,6,1,0,2,15,10,0,10,0.025179979000313324,36,3,18,20,353,337,0.025712549999980183,0,337,337,337,113,1,1,60,2,0,0.04563200500001585
s1_1000,S1-878489591,S3,US,selective_v2_compact,0,16,6,1,0,2,15,10,0,10,0.026854651999769885,36,3,18,20,342,332,0.027373149000027297,0,332,332,332,111,1,1,60,1,0,0.04577822400005971
s1_1000,S1-369930027,S2,US,selective_v2_compact,0,14,0,0,0,0,1,14,0,14,0.003776656999889383,15,0,1,28,122,103,0.004099899000038931,1,104,103,104,73,1,1,60,1,1,0.0084915090000095
s1_1000,S1-369930027,S3,US,selective_v2_compact,0,14,0,0,0,0,1,14,0,14,0.003918327999826943,15,0,1,28,156,142,0.004237065999973311,1,143,142,143,79,1,1,60,1,1,0.010168350000071769
s1_1000,S1-588917480,S2,US,selective_v2_compact,0,18,0,0,0,0,4,18,2,16,0.016356319999658808,28,0,4,36,166,105,0.016932172999986506,5,110,105,110,102,1,1,60,4,5,0.02366921700001967
s1_1000,S1-588917480,S3,US,selective_v2_compact,0,18,0,0,4,0,4,18,2,12,0.016825463999907697,28,0,4,36,119,103,0.017359800000008363,0,103,103,103,94,1,1,60,1,0,0.02233751700009634
s1_1000,S1-915271485,S2,US,selective_v2_compact,0,18,0,0,1,0,5,18,0,17,0.01607292099993174,36,0,5,38,226,162,0.01680430399994748,1,174,173,174,77,1,1,60,2,1,0.025983012000097006
s1_1000,S1-915271485,S3,US,selective_v2_compact,0,18,0,0,3,0,5,18,0,15,0.017017661999830125,36,0,5,38,214,168,0.017772806000039054,0,179,179,179,79,1,1,60,1,0,0.026110623000022315
s1_1000,S1-491663549,S2,India,selective_v2_compact,0,18,8,1,0,0,48,10,4,6,0.0225200480000467,120,6,54,20,279,276,0.024093193999988216,0,276,276,276,94,1,1,60,1,0,0.03755046300000231
s1_1000,S1-491663549,S3,India,selective_v2_compact,0,18,14,1,0,0,45,4,0,4,0.012129291999940506,120,3,48,8,303,297,0.013838086999953703,0,297,297,297,116,1,1,60,1,0,0.03207765299998755
s1_1000,S1-837791612,S2,US,selective_v2_compact,0,18,0,0,10,0,1,18,0,8,0.008419778999837035,21,0,1,38,316,119,0.008899833999976181,0,304,304,304,114,1,1,60,1,0,0.020614958999999544
s1_1000,S1-837791612,S3,US,selective_v2_compact,0,18,0,0,4,0,1,18,0,14,0.009069291999935558,21,0,1,38,423,145,0.00960965199999464,2,374,372,374,108,1,1,60,4,2,0.02447592999999415
s1_1000,S1-708875578,S2,US,selective_v2_compact,0,17,10,1,0,1,9,7,1,6,0.020248603000027288,28,1,10,14,320,319,0.020738008999956037,0,319,319,319,82,1,1,60,0,0,0.03777143599995725
s1_1000,S1-708875578,S3,US,selective_v2_compact,0,17,7,1,2,0,10,10,1,7,0.02398285600008876,28,1,11,20,263,263,0.024432353000065632,0,263,263,263,80,1,1,60,0,0,0.035072081999942384
s1_1000,S1-932863304,S2,India,selective_v2_compact,0,18,12,1,0,0,35,6,1,5,0.014324865999924441,78,6,41,12,258,250,0.01523157999997693,0,250,250,250,77,1,1,60,1,0,0.02732737199994517
s1_1000,S1-932863304,S3,India,selective_v2_compact,0,18,11,1,1,0,36,7,0,6,0.013153368999837767,78,6,42,14,322,308,0.014081012000019655,1,309,308,309,86,1,1,60,1,1,0.03350886399994124
s1_1000,S1-22592434,S2,India,selective_v2_compact,0,18,11,1,0,0,36,7,1,6,0.029901042999995298,78,15,51,14,365,341,0.03065828099988721,10,351,341,351,83,1,1,60,2,10,0.05334596000000147
s1_1000,S1-22592434,S3,India,selective_v2_compact,0,18,12,1,0,0,38,6,0,6,0.016462388999912037,78,6,44,12,301,268,0.01735007399997812,15,283,268,283,83,1,1,60,2,15,0.03232478200004607
s1_1000,S1-753567061,S2,US,selective_v2_compact,0,18,5,1,6,0,1,13,1,6,0.013236466000080327,28,3,4,27,274,271,0.013917835999905037,0,273,273,273,120,1,1,60,0,0,0.027202803000022868
s1_1000,S1-753567061,S3,US,selective_v2_compact,0,18,7,1,0,0,1,11,1,10,0.01262040000028719,28,3,4,23,290,261,0.013258096999948066,2,266,264,266,112,1,1,60,3,2,0.027075758000023598
s1_1000,S1-920312712,S2,US,selective_v2_compact,0,16,0,0,0,0,4,16,1,15,0.008578665999948498,21,1,5,32,194,175,0.008981305000020257,1,176,175,176,80,1,1,60,1,1,0.016105470999946192
s1_1000,S1-920312712,S3,US,selective_v2_compact,0,16,0,0,0,0,4,16,1,15,0.00904637400003594,21,1,5,32,241,191,0.009490248999895812,3,194,191,194,77,1,1,60,4,3,0.01741733500000464
s1_1000,S1-588083504,S2,US,selective_v2_compact,0,16,0,0,1,2,7,16,1,14,0.016859897000244928,28,3,10,34,269,219,0.017316616000016438,0,236,236,236,79,1,1,60,1,0,0.027359872000033647
s1_1000,S1-588083504,S3,US,selective_v2_compact,0,16,0,0,0,2,7,16,1,15,0.01833300499993129,28,3,10,34,249,187,0.01880299099991589,1,208,207,208,79,1,1,60,1,1,0.027302457000018876
s1_1000,S1-564696590,S2,India,selective_v2_compact,0,18,9,1,0,0,36,9,0,9,0.02633909900009712,105,6,42,19,286,262,0.02782648600009452,1,275,275,276,94,1,1,60,1,1,0.04292515999998159
s1_1000,S1-564696590,S3,India,selective_v2_compact,0,18,7,1,0,0,35,11,1,10,0.030102145000000746,105,1,36,23,332,312,0.03173301499998615,0,324,324,324,91,1,1,60,2,0,0.049577007000038975
s1_1000,S1-526955963,S2,US,selective_v2_compact,0,18,0,0,0,0,2,18,0,18,0.008800228000040988,21,0,2,36,154,124,0.009263411000006272,1,125,124,125,79,1,1,60,1,1,0.015303939999967042
s1_1000,S1-526955963,S3,US,selective_v2_compact,0,18,0,0,5,0,2,18,0,13,0.0095029260002093,21,0,2,36,194,175,0.009982993999983591,2,177,175,177,82,1,1,60,3,2,0.021237627000004977
s1_1000,S1-607228456,S2,US,selective_v2_compact,0,18,7,1,1,0,12,11,0,10,0.022490863000257377,45,3,15,23,296,277,0.02323684000009507,0,278,278,278,91,1,1,60,0,0,0.0338809959999935
s1_1000,S1-607228456,S3,US,selective_v2_compact,0,18,3,1,1,0,12,15,1,13,0.032653686999992715,45,3,15,31,299,288,0.0334317760000431,0,289,289,289,91,1,1,60,1,0,0.04821521100006976
s1_1000,S1-294128890,S2,US,selective_v2_compact,0,18,8,1,2,0,11,10,0,8,0.02415765700004613,36,1,12,20,269,260,0.02478545499991469,0,260,260,260,92,1,1,60,3,0,0.03485112500004561
s1_1000,S1-294128890,S3,US,selective_v2_compact,0,16,10,1,0,0,17,6,0,6,0.022988762000068164,36,3,20,12,286,275,0.02343404000009741,0,275,275,275,99,1,1,60,1,0,0.03732769900000221
s1_1000,S1-324330374,S2,India,selective_v2_compact,0,18,9,1,0,0,12,9,1,8,0.01612490699983482,55,6,18,20,357,279,0.01702664599997661,1,334,333,334,90,1,1,60,2,1,0.032751937999933034
s1_1000,S1-324330374,S3,India,selective_v2_compact,0,18,10,1,0,0,15,8,0,8,0.01840619000006427,55,1,16,18,343,253,0.019353133000095113,0,316,316,316,98,1,1,60,1,0,0.03838805299994874
s1_1000,S1-876046208,S2,US,selective_v2_compact,0,18,8,1,0,0,5,10,0,10,0.029136225999764065,28,0,5,22,436,275,0.029778778999911992,1,386,385,386,116,1,1,60,2,1,0.04510255499997129
s1_1000,S1-876046208,S3,US,selective_v2_compact,0,18,8,1,0,0,5,10,0,10,0.031243348000202786,28,0,5,22,484,290,0.03188334100002521,3,423,420,423,113,1,1,60,3,3,0.048531261999983144
s1_1000,S1-2775762,S2,India,selective_v2_compact,0,18,3,1,0,0,24,15,3,12,0.017621497999812163,120,6,30,30,289,261,0.01976510600002257,3,261,261,264,83,1,1,60,1,3,0.0348467219999975
s1_1000,S1-2775762,S3,India,selective_v2_compact,0,18,8,1,0,0,20,10,1,9,0.018945632000281876,120,3,23,20,383,352,0.02121893799994723,8,353,352,360,84,1,1,60,3,8,0.046166227999947296
s1_1000,S1-912112234,S2,India,selective_v2_compact,0,18,4,1,0,0,43,14,4,10,0.0295671360003098,120,21,64,29,426,347,0.031084057000043686,1,392,391,392,109,1,1,60,1,1,0.058712291999995614
s1_1000,S1-912112234,S3,India,selective_v2_compact,0,18,1,1,0,0,41,17,5,12,0.030907140999829608,120,10,51,35,371,286,0.03258985400009351,0,335,335,335,101,1,1,60,2,0,0.05109152599993649
s1_1000,S1-874610060,S2,US,selective_v2_compact,0,18,11,1,0,0,8,7,0,7,0.008850308999967638,36,1,9,15,507,273,0.009551178999913645,1,483,482,483,108,1,1,60,4,1,0.027980414000012388
s1_1000,S1-874610060,S3,US,selective_v2_compact,0,18,8,1,0,0,8,10,1,9,0.016494001000182834,36,1,9,21,528,252,0.017230708999932176,2,475,473,475,100,1,1,60,3,2,0.0392561010000918
s1_1000,S1-525927764,S2,India,selective_v2_compact,0,18,2,1,0,0,34,16,1,15,0.013985155000227678,120,28,62,32,338,289,0.015494042000000263,0,289,289,289,85,1,1,60,2,0,0.03528082299999369
s1_1000,S1-525927764,S3,India,selective_v2_compact,0,18,6,1,0,0,35,12,2,10,0.015118552000103591,120,21,56,24,276,253,0.01673397100000784,0,253,253,253,78,1,1,60,2,0,0.02897380499996416
s1_1000,S1-856303483,S2,India,selective_v2_compact,0,14,7,1,0,6,20,7,1,6,0.009818035000193959,55,15,35,15,377,332,0.010388167999963116,0,360,360,360,92,1,1,60,2,0,0.027699939000058293
s1_1000,S1-856303483,S3,India,selective_v2_compact,0,14,7,1,0,6,20,7,0,7,0.008343179999997119,55,15,35,15,312,277,0.008856845000082103,0,298,298,298,79,1,1,60,1,0,0.023448482999924636
s1_1000,S1-325932018,S2,US,selective_v2_compact,0,15,0,0,0,0,0,15,0,15,0.011443801999803327,15,0,0,31,166,102,0.0118091460000187,2,118,116,118,82,1,1,60,1,2,0.016868313999907514
s1_1000,S1-325932018,S3,US,selective_v2_compact,0,18,0,0,0,0,0,18,0,18,0.008867087999988144,21,0,0,40,205,61,0.009361178999938602,2,130,128,130,83,1,1,60,2,2,0.014834944999961408
s1_1000,S1-822391359,S2,US,selective_v2_compact,0,18,0,0,5,0,6,18,1,12,0.011597786000038468,36,1,7,37,144,103,0.01231733399993118,1,112,111,112,100,1,1,60,3,1,0.016984483999976874
s1_1000,S1-822391359,S3,US,selective_v2_compact,0,18,0,0,1,0,10,18,1,16,0.0187911290000784,36,3,13,37,285,231,0.01943843799995193,0,244,244,244,113,1,1,60,3,0,0.030546771999979683
s1_1000,S1-774181170,S2,India,selective_v2_compact,0,16,10,1,2,2,15,6,1,3,0.015384711000024254,36,3,18,13,280,277,0.01584411800001817,0,278,278,278,80,1,1,60,1,0,0.028487945999927433
s1_1000,S1-774181170,S3,India,selective_v2_compact,0,16,7,1,0,2,15,9,1,8,0.02218640100011271,36,3,18,19,296,284,0.02271111300001394,2,288,286,288,117,1,1,60,1,2,0.03954114700002265
s1_1000,S1-22215156,S2,US,selective_v2_compact,0,18,1,1,5,0,4,17,1,11,0.011218632000122852,36,0,4,35,372,251,0.012033447000021624,1,327,326,327,111,1,1,60,1,1,0.02640202899999622
s1_1000,S1-22215156,S3,US,selective_v2_compact,0,18,2,1,0,0,8,16,3,13,0.023653091999904063,36,1,9,33,406,297,0.024396406000050774,0,374,374,374,115,1,1,60,2,0,0.04036223399998562
s1_1000,S1-615231492,S2,US,selective_v2_compact,0,18,3,1,0,0,5,15,0,15,0.011598422000133723,36,3,8,31,371,267,0.012352504999967096,1,342,341,342,110,1,1,60,1,1,0.03358400500007974
s1_1000,S1-615231492,S3,US,selective_v2_compact,0,18,0,0,3,0,6,18,0,15,0.010339985000427987,36,3,9,37,228,136,0.011039512000024843,0,209,209,209,108,1,1,60,2,0,0.02066810999997415
s1_1000,S1-294036444,S2,US,selective_v2_compact,0,18,3,1,3,0,12,15,0,12,0.0329833379998945,55,1,13,30,323,320,0.03406012900006772,1,321,320,321,87,1,1,60,1,1,0.05061174599995866
s1_1000,S1-294036444,S3,US,selective_v2_compact,0,18,11,1,0,0,19,7,0,7,0.01575004399990121,55,3,22,14,267,257,0.01659093800003575,0,257,257,257,91,1,1,60,1,0,0.027172755000037796
s1_1000,S1-850721810,S2,India,selective_v2_compact,0,18,5,1,0,0,20,13,1,12,0.033663240000009864,78,3,23,28,372,290,0.034983622000027026,0,356,356,356,110,1,1,60,0,0,0.05506373399998665
s1_1000,S1-850721810,S3,India,selective_v2_compact,0,18,5,1,2,0,18,13,1,10,0.03086122700017313,78,0,18,28,341,280,0.03229133299998921,0,329,329,329,106,1,1,60,3,0,0.04806890800000474
s1_1000,S1-113429852,S2,US,selective_v2_compact,0,17,0,0,3,2,8,17,0,14,0.020369350000009945,28,1,9,35,324,220,0.020927894999999808,118,290,282,400,148,1,1,60,1,45,0.036019484999997076
s1_1000,S1-113429852,S3,US,selective_v2_compact,0,15,3,1,1,2,5,12,0,11,0.008916203000126188,28,6,11,25,364,250,0.00942246400006752,112,329,307,419,136,1,1,60,2,41,0.02570099799993386
s1_1000,S1-804056563,S2,India,selective_v2_compact,0,18,8,1,0,0,32,10,0,10,0.018949712999983603,105,15,47,21,422,352,0.020470853000006173,5,386,381,386,104,1,1,60,2,5,0.04468899400001192
s1_1000,S1-804056563,S3,India,selective_v2_compact,0,18,6,1,0,0,28,12,1,11,0.016411715000003824,105,15,43,25,382,294,0.017955220999965604,13,336,323,336,98,1,1,60,1,13,0.03623946699997305
s1_1000,S1-337477995,S2,India,selective_v2_compact,0,18,6,1,2,0,29,12,2,8,0.02261350600008427,78,15,44,24,376,362,0.023530852000021696,0,362,362,362,106,1,1,60,1,0,0.05129162399998677
s1_1000,S1-337477995,S3,India,selective_v2_compact,0,18,10,1,1,0,31,8,1,6,0.015259572999866577,78,6,37,16,346,330,0.01634545300009904,1,331,330,331,110,1,1,60,4,1,0.0399809489999825
s1_1000,S1-923720466,S2,India,selective_v2_compact,0,18,12,1,1,0,28,6,0,5,0.014666028999840819,55,3,31,12,280,276,0.015283457999998973,0,276,276,276,89,1,1,60,0,0,0.028619232999972155
s1_1000,S1-923720466,S3,India,selective_v2_compact,0,18,10,1,0,0,23,8,0,8,0.017973531999928127,55,1,24,16,309,290,0.01885963899997023,2,292,290,292,105,1,1,60,2,2,0.05353674499997396
s1_1000,S1-109291552,S2,US,selective_v2_compact,0,17,10,1,0,2,8,7,0,7,0.02191848899985871,28,1,9,14,297,288,0.022407697999938136,1,289,288,289,107,1,1,60,2,1,0.038922746000025654
s1_1000,S1-109291552,S3,US,selective_v2_compact,0,17,10,1,0,2,8,7,0,7,0.02348026199990727,28,1,9,14,293,284,0.023981908999985535,0,284,284,284,109,1,1,60,1,0,0.03761972799998148
s1_1000,S1-832856617,S2,US,selective_v2_compact,0,14,0,0,5,0,6,14,0,9,0.01225558299995555,21,1,7,29,496,196,0.012674039999978959,7,441,434,441,111,1,1,60,0,7,0.02977665599996726
s1_1000,S1-832856617,S3,US,selective_v2_compact,0,14,4,1,0,0,6,10,0,10,0.01217458899986923,21,1,7,20,295,264,0.012592090999987704,9,273,264,273,106,1,1,60,3,9,0.02459439899996596
s1_1000,S1-854476336,S2,US,selective_v2_compact,0,18,8,1,1,0,11,10,1,8,0.012918406000153482,36,1,12,21,589,351,0.013784934000000248,35,551,550,585,151,1,1,60,2,35,0.04698650800003179
s1_1000,S1-854476336,S3,US,selective_v2_compact,0,18,4,1,0,0,9,14,2,12,0.019662499999640204,36,3,12,29,518,256,0.0203536559999975,38,441,436,474,134,1,1,60,2,38,0.04179846900001394
s1_1000,S1-934968490,S2,India,selective_v2_compact,0,18,1,1,2,0,8,17,2,13,0.032762814999841794,120,0,8,36,362,280,0.03542450600002667,0,333,333,333,102,1,1,60,3,0,0.05875415499997416
s1_1000,S1-934968490,S3,India,selective_v2_compact,0,18,5,1,4,0,1,13,1,8,0.02365904400016916,120,0,1,29,331,256,0.026387818999978663,0,323,323,323,80,1,1,60,0,0,0.043643561999942904
s1_1000,S1-121693037,S2,India,selective_v2_compact,0,18,10,1,0,0,38,8,0,8,0.01951156200004789,105,15,53,17,277,262,0.020811095999988538,0,269,269,269,62,1,1,60,0,0,0.034193391000030715
s1_1000,S1-121693037,S3,India,selective_v2_compact,0,18,4,1,1,0,41,14,1,12,0.03423810799972671,105,10,51,29,277,267,0.035539062999987436,0,270,270,270,84,1,1,60,0,0,0.05279994199997873
s1_1000,S1-542540887,S2,US,selective_v2_compact,0,18,0,0,0,0,5,18,2,16,0.018877570999848103,45,1,6,37,229,170,0.01983401200004664,1,175,174,175,92,1,1,60,4,1,0.0285827090000339
s1_1000,S1-542540887,S3,US,selective_v2_compact,0,18,0,0,1,0,6,18,1,16,0.01718659799996658,45,1,7,38,307,243,0.01810857999998916,1,283,282,283,97,1,1,60,1,1,0.029944185999966066
s1_1000,S1-706889130,S2,US,selective_v2_compact,0,16,9,1,1,1,10,7,2,4,0.013507011000001512,28,1,11,14,275,251,0.013950070999953823,17,251,251,268,110,1,1,60,2,17,0.024541685000031066
s1_1000,S1-706889130,S3,US,selective_v2_compact,0,16,1,1,0,0,11,15,3,12,0.032069301999740674,28,1,12,30,311,283,0.032532435000007354,16,283,283,299,113,1,1,60,1,16,0.04585612400001082
s1_1000,S1-587051623,S2,US,selective_v2_compact,0,14,0,0,0,1,10,14,0,14,0.011966051000058542,28,3,13,29,192,146,0.012342385000010836,0,156,156,156,82,1,1,60,1,0,0.018731632000026366
s1_1000,S1-587051623,S3,US,selective_v2_compact,0,14,0,0,2,1,10,14,0,12,0.01422720599987315,28,3,13,29,239,215,0.014623989000028814,0,220,220,220,89,1,1,60,1,0,0.023753801999987445
s1_1000,S1-648916840,S2,US,selective_v2_compact,0,18,4,1,0,1,5,14,1,13,0.012490498999909505,28,3,8,28,375,347,0.013111440000102448,1,348,347,348,112,1,1,60,2,1,0.032168995999995786
s1_1000,S1-648916840,S3,US,selective_v2_compact,0,18,5,1,1,1,5,13,1,11,0.010803012999986095,28,3,8,26,280,256,0.01138449200004743,0,256,256,256,111,1,1,60,1,0,0.02253926599996703
s1_1000,S1-216234074,S2,India,selective_v2_compact,0,18,0,0,1,0,3,18,0,17,0.009088095000151952,66,10,13,39,284,221,0.010359886000060214,2,238,236,238,110,1,1,60,2,2,0.026557722000006834
s1_1000,S1-216234074,S3,India,selective_v2_compact,0,18,4,1,5,0,7,14,1,8,0.009430270000052587,66,3,10,31,319,275,0.010827237999933459,0,294,294,294,102,1,1,60,1,0,0.024352530999976807
s1_1000,S1-4179197,S2,India,selective_v2_compact,0,18,0,0,0,0,15,18,0,18,0.013360919999968246,55,3,18,38,220,146,0.01425493599992933,1,156,155,156,76,1,1,60,2,1,0.022142304999988482
s1_1000,S1-4179197,S3,India,selective_v2_compact,0,18,2,1,6,0,10,16,1,9,0.019325792000017827,45,1,11,33,359,351,0.020258287999922686,0,356,356,356,81,1,1,60,0,0,0.0482305110000425
s1_1000,S1-874853634,S2,India,selective_v2_compact,0,18,0,0,0,0,32,18,3,15,0.03498271099988415,120,36,68,38,420,237,0.03633066800000506,2,294,292,294,75,1,1,60,1,2,0.05153608099999474
s1_1000,S1-874853634,S3,India,selective_v2_compact,0,18,0,0,1,0,32,18,3,14,0.02836746400021184,120,36,68,38,384,217,0.029728631000011774,1,267,266,267,79,1,1,60,2,1,0.049081197999953474
s1_1000,S1-830938274,S2,India,selective_v2_compact,0,18,11,1,0,0,13,7,1,6,0.008110372000146526,55,6,19,15,328,295,0.008996845999945435,1,313,312,313,79,1,1,60,2,1,0.023500080000076196
s1_1000,S1-830938274,S3,India,selective_v2_compact,0,18,10,1,0,0,15,8,1,7,0.015752679999991415,55,3,18,17,314,283,0.01662869699998737,3,306,303,306,79,1,1,60,1,3,0.030350786999974844
s1_1000,S1-669173899,S2,India,selective_v2_compact,0,17,12,1,0,3,50,5,0,5,0.016420467000216377,91,21,71,10,326,319,0.016952469999978348,6,319,319,325,103,1,1,60,2,6,0.03957840999999007
s1_1000,S1-669173899,S3,India,selective_v2_compact,0,18,13,1,0,0,52,5,0,5,0.01463665700009642,91,10,62,10,258,252,0.015359040000021196,8,252,252,260,100,1,1,60,0,8,0.027520497000068644
s1_1000,S1-890514147,S2,US,selective_v2_compact,0,18,10,1,3,0,2,8,0,5,0.0064670400000750305,21,1,3,17,260,253,0.00693099499994787,0,257,257,257,86,1,1,60,0,0,0.017013318999943294
s1_1000,S1-890514147,S3,US,selective_v2_compact,0,17,7,1,1,0,3,10,0,9,0.00835658800008332,21,1,4,21,302,289,0.008838319999995292,1,293,292,293,84,1,1,60,2,1,0.028156049000017447
s1_1000,S1-977938386,S2,India,selective_v2_compact,0,18,9,1,0,0,32,9,2,7,0.014633415999696808,120,6,38,19,351,265,0.01655202200004169,1,296,295,296,80,1,1,60,4,1,0.03169109899999967
s1_1000,S1-977938386,S3,India,selective_v2_compact,0,18,12,1,0,0,27,6,0,6,0.013094262999970852,120,3,30,13,330,279,0.015186256999982106,0,321,321,321,116,1,1,60,3,0,0.03114395699992656
s1_1000,S1-360570474,S2,India,selective_v2_compact,0,18,5,1,0,0,16,13,0,13,0.006786108999676799,78,1,17,28,409,281,0.008342746999915107,2,313,311,313,75,1,1,60,2,2,0.025358554000035838
s1_1000,S1-360570474,S3,India,selective_v2_compact,0,18,0,0,0,0,11,18,2,16,0.010417683000127909,78,1,12,38,326,135,0.011948060000008809,1,169,168,169,76,1,1,60,2,1,0.020912984999995388
s1_1000,S1-979234942,S2,US,selective_v2_compact,0,16,0,0,0,0,4,16,0,16,0.008710552000252392,21,1,5,33,404,201,0.009165263999989293,1,359,358,359,113,1,1,60,2,1,0.023126804000071388
s1_1000,S1-979234942,S3,US,selective_v2_compact,0,16,0,0,0,0,4,16,0,16,0.00909566799998629,21,1,5,33,475,238,0.009590252999942095,2,394,392,394,105,1,1,60,4,2,0.025254313999994338
s1_1000,S1-961832806,S2,India,selective_v2_compact,0,18,0,0,3,6,5,18,0,15,0.007934599000122944,45,15,20,38,289,129,0.008568187000037142,1,179,178,179,79,1,1,60,1,1,0.01861306400007834
s1_1000,S1-961832806,S3,India,selective_v2_compact,0,18,0,0,4,0,11,18,1,13,0.016383360000190805,45,6,17,38,332,146,0.017113221000045087,0,204,204,204,74,1,1,60,0,0,0.027633276000074147
s1_1000,S1-74403263,S2,India,selective_v2_compact,0,18,0,0,1,0,3,18,2,15,0.0045679080000127215,66,3,6,38,237,131,0.0059652039999491535,1,167,166,167,84,1,1,60,1,1,0.017135150999934012
s1_1000,S1-74403263,S3,India,selective_v2_compact,0,18,0,0,2,0,4,18,2,14,0.005682027000034395,66,0,4,38,241,151,0.007120460000010098,0,187,187,187,68,1,1,60,1,0,0.015916069000013522
s1_1000,S1-411939618,S2,India,selective_v2_compact,0,17,12,1,0,11,17,5,0,5,0.08594379300006949,66,21,38,11,399,253,0.08664768100004494,0,298,298,298,97,1,1,60,1,0,0.10190598200006207
s1_1000,S1-411939618,S3,India,selective_v2_compact,0,18,13,1,1,5,20,5,0,4,0.002783188000080372,66,15,35,11,287,250,0.003575516999944739,0,279,279,279,88,1,1,60,1,0,0.01711148200001844
s1_1000,S1-452329998,S2,India,selective_v2_compact,0,18,9,1,0,0,35,9,1,8,0.020672571000204698,120,6,41,18,350,341,0.022524126999996952,1,341,341,342,99,1,1,60,2,1,0.04341243599992595
s1_1000,S1-452329998,S3,India,selective_v2_compact,0,18,11,1,0,0,28,7,1,6,0.023772588999918298,120,3,31,14,322,314,0.02586260099997162,5,315,314,319,88,1,1,60,1,5,0.041972234000013486
s1_1000,S1-159760349,S2,US,selective_v2_compact,0,18,0,0,0,0,1,18,1,17,0.00795883500029504,21,0,1,37,214,122,0.008466747000056785,1,177,176,177,75,1,1,60,2,1,0.015693392999992284
s1_1000,S1-159760349,S3,US,selective_v2_compact,0,18,0,0,1,0,1,18,1,16,0.008138246000044091,21,0,1,36,184,167,0.008639601000027142,0,167,167,167,73,1,1,60,2,0,0.01618983700006993
s1_1000,S1-378702310,S2,India,selective_v2_compact,0,18,8,1,2,0,31,10,1,7,0.01199469100015449,105,6,37,22,303,273,0.013595132999967063,4,289,285,289,80,1,1,60,2,4,0.02932572899999286
s1_1000,S1-378702310,S3,India,selective_v2_compact,0,18,7,1,4,0,27,11,0,7,0.012570646000085617,105,3,30,24,296,281,0.014369208999937655,8,295,295,303,88,1,1,60,3,8,0.0329212329999109
s1_1000,S1-14088765,S2,India,selective_v2_compact,0,18,7,1,0,0,30,11,2,9,0.013710279999827435,120,10,40,24,321,274,0.015631783000003452,0,304,304,304,101,1,1,60,2,0,0.03091353499996785
s1_1000,S1-14088765,S3,India,selective_v2_compact,0,18,13,1,0,0,29,5,0,5,0.007598331000053804,120,3,32,13,339,261,0.009644793000006757,0,326,326,326,101,1,1,60,1,0,0.02656999900000301
s1_1000,S1-245808112,S2,US,selective_v2_compact,0,10,0,0,0,0,0,10,0,10,0.007308641000122407,10,0,0,20,168,131,0.007575489000032576,6,134,131,137,64,1,1,60,3,6,0.012990665000074841
s1_1000,S1-245808112,S3,US,selective_v2_compact,0,10,0,0,0,0,0,10,0,10,0.008131137000077615,10,0,0,20,167,148,0.008405992000007245,4,149,148,152,53,0,0,53,2,4,0.014559683000015866
s1_1000,S1-522925958,S2,US,selective_v2_compact,0,18,0,0,0,0,4,18,0,18,0.00599373199963793,28,1,5,38,269,173,0.006549906000032024,1,225,224,225,78,1,1,60,3,1,0.015336455000010574
s1_1000,S1-522925958,S3,US,selective_v2_compact,0,18,0,0,0,0,4,18,0,18,0.006412963999991916,28,1,5,38,254,183,0.006996403000016471,0,228,228,228,79,1,1,60,2,0,0.01618590700002187
s1_1000,S1-409923771,S2,US,selective_v2_compact,0,15,0,0,0,0,5,15,0,15,0.010244777999901089,21,1,6,32,440,124,0.010642910999990818,2,388,386,388,99,1,1,60,2,2,0.02551013699996929
s1_1000,S1-409923771,S3,US,selective_v2_compact,0,15,0,0,2,0,5,15,0,13,0.0109614049999891,21,1,6,31,391,161,0.011368277999963539,2,346,344,346,98,1,1,60,2,2,0.025115525000046546
s1_1000,S1-819898078,S2,US,selective_v2_compact,0,13,6,1,1,2,12,7,0,6,0.021745165999845995,28,1,13,15,367,332,0.022189002999994045,0,359,359,359,118,1,1,60,1,0,0.0364615150000418
s1_1000,S1-819898078,S3,US,selective_v2_compact,0,12,2,1,4,2,13,10,0,6,0.016511271999888777,28,1,14,21,304,254,0.016934799999944516,0,280,280,280,103,1,1,60,0,0,0.02991747999999461
s1_1000,S1-725933863,S2,India,selective_v2_compact,0,18,10,1,0,0,28,8,0,8,0.013768798000228344,120,15,43,17,304,272,0.015580648999957702,1,285,284,285,78,1,1,60,1,1,0.02962140499994348
s1_1000,S1-725933863,S3,India,selective_v2_compact,0,18,4,1,1,0,36,14,2,11,0.01832480699977168,120,6,42,29,372,332,0.02026023799999166,0,351,351,351,110,1,1,60,1,0,0.042161858999975266
s1_1000,S1-115173411,S2,India,selective_v2_compact,0,18,10,1,1,0,14,8,1,6,0.021851938000281734,45,3,17,16,264,253,0.022555926999984877,0,253,253,253,93,1,1,60,2,0,0.03512611799999377
s1_1000,S1-115173411,S3,India,selective_v2_compact,0,18,10,1,0,0,13,8,1,7,0.023196518000304422,45,0,13,16,292,283,0.02399383499994201,0,283,283,283,80,1,1,60,4,0,0.03637966500002676
s1_1000,S1-324695988,S2,US,selective_v2_compact,0,12,0,0,0,0,3,12,0,12,0.014856043999998292,15,0,3,24,244,217,0.015198557999951845,2,218,217,219,86,1,1,60,2,2,0.025031398000010086
s1_1000,S1-324695988,S3,US,selective_v2_compact,0,12,4,1,2,0,3,8,0,6,0.017301477999808412,15,0,3,16,266,262,0.017675161999932243,1,262,262,263,85,1,1,60,1,1,0.028187322999997377
s1_1000,S1-10393601,S2,US,selective_v2_compact,0,18,5,1,0,0,3,13,3,10,0.043376199999897835,28,0,3,26,400,316,0.04411519099994621,50,366,316,366,97,1,1,60,4,42,0.06377380099991115
s1_1000,S1-10393601,S3,US,selective_v2_compact,0,18,6,1,0,0,5,12,2,10,0.04287909599986506,28,0,5,24,410,356,0.043562071999986074,35,391,356,391,113,1,1,60,4,35,0.06701297799997974
s1_1000,S1-296672331,S2,India,selective_v2_compact,0,18,3,1,0,0,43,15,2,13,0.028933063999829756,120,15,58,31,361,309,0.030457496000053652,6,324,324,330,82,1,1,60,1,6,0.04929189799997857
s1_1000,S1-296672331,S3,India,selective_v2_compact,0,18,0,0,0,0,38,18,7,11,0.04041645700021945,120,15,53,37,265,220,0.04197822000003271,4,237,233,237,79,1,1,60,2,4,0.05531956300001184
s1_1000,S1-897779097,S2,India,selective_v2_compact,0,18,9,1,0,0,30,9,1,8,0.01682376699989163,105,10,40,19,338,300,0.018361142000003383,1,305,304,305,73,1,1,60,4,1,0.03370899199990163
s1_1000,S1-897779097,S3,India,selective_v2_compact,0,18,10,1,0,0,28,8,0,8,0.01753600999995797,105,6,34,17,282,274,0.0192105780000702,0,275,275,275,79,1,1,60,1,0,0.038817427999902065
s1_1000,S1-277198482,S2,India,selective_v2_compact,0,18,10,1,0,0,29,8,0,8,0.02920024899992768,66,6,35,16,291,271,0.029993766000075084,3,274,271,274,97,1,1,60,3,3,0.04525605900005303
s1_1000,S1-277198482,S3,India,selective_v2_compact,0,18,11,1,0,0,25,7,0,7,0.028286055000080523,66,1,26,14,262,255,0.02931302699994376,1,255,255,256,86,1,1,60,1,1,0.043787518000044656
s1_1000,S1-996291067,S2,India,selective_v2_compact,0,9,0,0,1,6,18,9,2,6,0.008369648999973833,78,45,63,19,46,29,0.0086274410000442,1,32,32,33,33,0,0,33,3,1,0.010542768000050273
s1_1000,S1-996291067,S3,India,selective_v2_compact,0,3,0,0,0,0,18,3,2,1,0.009800615000017388,66,45,63,6,38,38,0.009914309999999205,0,38,38,38,38,0,0,38,0,0,0.012133491999975377
s1_1000,S1-108923390,S2,US,selective_v2_compact,0,8,0,0,0,0,2,8,0,8,0.01007755199998428,10,0,2,16,209,192,0.010338875999991615,1,193,192,193,86,1,1,60,3,1,0.017994929999986198
s1_1000,S1-108923390,S3,US,selective_v2_compact,0,8,0,0,1,0,2,8,0,7,0.010820225000088612,10,0,2,16,241,234,0.011109455999985585,1,235,234,235,92,1,1,60,3,1,0.020613284999967618
s1_1000,S1-264329856,S2,India,selective_v2_compact,0,18,6,1,0,0,38,12,1,11,0.055821693000098094,105,10,48,24,340,319,0.05729019000000335,1,319,319,320,99,1,1,60,2,1,0.07591109499992399
s1_1000,S1-264329856,S3,India,selective_v2_compact,0,18,7,1,0,0,38,11,1,10,0.014864262999822131,105,10,48,22,273,258,0.01622457200005556,1,258,258,259,101,1,1,60,1,1,0.030804322999983924
s1_1000,S1-387200680,S2,India,selective_v2_compact,0,18,9,1,1,0,29,9,1,7,0.012618605999932697,105,15,44,18,385,379,0.01424482600009469,5,380,379,384,84,1,1,60,1,5,0.04301633900001889
s1_1000,S1-387200680,S3,India,selective_v2_compact,0,18,7,1,0,0,32,11,1,10,0.022208719999866844,105,10,42,22,298,286,0.023680924000018422,11,286,286,297,98,1,1,60,2,11,0.04281728299997667
s1_1000,S1-549608257,S2,US,selective_v2_compact,0,15,0,0,0,0,0,15,1,14,0.015213649999736845,15,0,0,30,258,231,0.015639458000009654,40,233,231,271,120,1,1,60,3,40,0.027663168999993104
s1_1000,S1-549608257,S3,US,selective_v2_compact,0,14,0,0,0,0,1,14,1,13,0.01060472500000742,15,0,1,28,128,95,0.010962458999983937,44,95,95,139,114,1,1,60,3,41,0.016719549999947958
s1_1000,S1-761867539,S2,US,selective_v2_compact,0,18,0,1,4,0,0,18,2,12,0.020164314999874478,36,0,0,38,395,262,0.021094151000056627,1,280,279,280,79,1,1,60,2,1,0.03673609899999519
s1_1000,S1-761867539,S3,US,selective_v2_compact,0,18,10,1,1,0,4,8,2,5,0.012442579000094156,36,1,5,18,312,251,0.013195607000056953,0,277,277,277,78,1,1,60,2,0,0.024484243999950195
s1_1000,S1-908747670,S2,US,selective_v2_compact,0,18,6,1,4,0,3,12,0,8,0.01198941599977843,28,0,3,24,335,287,0.01267864599992663,36,323,287,323,89,1,1,60,2,36,0.02722116899997218
s1_1000,S1-908747670,S3,US,selective_v2_compact,0,18,11,1,0,0,6,7,0,7,0.01231920700001865,28,1,7,14,405,345,0.012923981999961143,45,390,345,390,96,1,1,60,1,42,0.032396966000078464
s1_1000,S1-770172704,S2,US,selective_v2_compact,0,17,0,0,1,0,4,17,0,16,0.021183253999993212,21,0,4,35,373,211,0.021660386999997172,2,344,342,344,116,1,1,60,2,2,0.03501075299993772
s1_1000,S1-770172704,S3,US,selective_v2_compact,0,17,0,0,0,0,4,17,0,17,0.022206869999649825,21,0,4,35,394,214,0.02269820100002562,1,361,360,361,115,1,1,60,2,1,0.03705809300004148
s1_1000,S1-335715642,S2,India,selective_v2_compact,0,18,0,0,4,6,22,18,4,10,0.021534640999561816,78,21,43,37,295,221,0.02247101099999327,0,232,232,232,101,1,1,60,1,0,0.03517997300002662
s1_1000,S1-335715642,S3,India,selective_v2_compact,0,18,5,1,0,0,31,13,2,11,0.012549438999826634,78,10,41,27,323,259,0.013505028000054153,0,274,274,274,106,1,1,60,3,0,0.02638898300006076
s1_1000,S1-369919932,S2,India,selective_v2_compact,0,18,6,1,0,0,21,12,3,9,0.010588192999989587,78,3,24,24,280,255,0.01192176200004269,0,255,255,255,102,1,1,60,1,0,0.02467054300007021
s1_1000,S1-369919932,S3,India,selective_v2_compact,0,18,7,1,0,0,19,11,1,10,0.013055573000201548,78,3,22,22,420,368,0.01444500100001278,2,370,368,370,81,1,1,60,4,2,0.03398530100002972
s1_1000,S1-97828965,S2,India,selective_v2_compact,0,18,10,1,0,0,46,8,1,7,0.02607449000026918,105,21,67,16,273,270,0.0270267309999781,1,271,270,271,81,1,1,60,1,1,0.04020704999993541
s1_1000,S1-97828965,S3,India,selective_v2_compact,0,18,9,1,0,0,43,9,2,7,0.01876035099985529,105,15,58,18,322,304,0.019922407999956704,4,304,304,308,95,1,1,60,3,4,0.03755730399996082
s1_1000,S1-967811540,S2,US,selective_v2_compact,0,18,0,0,6,0,1,18,1,11,0.006770878999759589,45,1,2,37,162,136,0.00775322899994535,0,139,139,139,102,1,1,60,2,0,0.02080094400002963
s1_1000,S1-967811540,S3,US,selective_v2_compact,0,18,0,0,2,0,2,18,2,14,0.012044818000163104,45,3,5,37,262,221,0.013060884000083206,1,225,224,225,96,1,1,60,2,1,0.02479909500004851
s1_1000,S1-160353666,S2,India,selective_v2_compact,0,18,0,0,0,0,11,18,1,17,0.02292661300009513,78,3,14,37,255,172,0.02440791900005479,5,187,182,187,76,1,1,60,3,5,0.03621719199998097
s1_1000,S1-160353666,S3,India,selective_v2_compact,0,18,0,0,1,0,8,18,0,17,0.012365327999759756,78,1,9,38,299,192,0.013984689000039907,0,236,236,236,64,1,1,60,0,0,0.02586133499994503
s1_1000,S1-32625238,S2,US,selective_v2_compact,0,18,9,1,0,0,11,9,0,9,0.017605973000172526,36,1,12,18,289,270,0.0183005650000041,1,271,270,271,112,1,1,60,1,1,0.030351136000035694
s1_1000,S1-32625238,S3,US,selective_v2_compact,0,18,9,1,0,0,11,9,0,9,0.01831373100037581,36,1,12,18,284,267,0.018927665999967758,2,269,267,269,111,1,1,60,2,2,0.031294803000037064
s1_1000,S1-529683926,S2,India,selective_v2_compact,0,18,0,0,3,0,17,18,1,14,0.008929882999836991,66,1,18,38,207,170,0.010060183999939909,8,180,172,180,99,1,1,60,2,8,0.020807491000027767
s1_1000,S1-529683926,S3,India,selective_v2_compact,0,18,0,0,2,0,15,18,3,13,0.016205678999995143,66,1,16,39,295,186,0.01742903700005627,9,224,224,233,81,1,1,60,2,9,0.033497575999945184
s1_1000,S1-783001297,S2,US,selective_v2_compact,0,17,4,1,0,4,12,13,1,12,0.03457990900017194,36,3,15,26,340,258,0.0352007889999868,1,259,258,259,99,1,1,60,5,1,0.04837125599999581
s1_1000,S1-783001297,S3,US,selective_v2_compact,0,17,5,1,0,4,12,12,1,11,0.03585674700013897,36,3,15,24,323,255,0.0364613010000312,2,257,255,257,97,1,1,60,1,2,0.046838367999953334
s1_1000,S1-2577240,S2,India,selective_v2_compact,0,18,11,1,0,0,52,7,1,6,0.02482183500001156,91,10,62,14,258,258,0.025575839999987693,3,258,258,261,103,1,1,60,0,3,0.039017575999992005
s1_1000,S1-2577240,S3,India,selective_v2_compact,0,18,9,1,0,0,52,9,3,6,0.03427390599995306,91,10,62,18,311,287,0.03503249699997468,14,301,287,301,111,1,1,60,2,14,0.05093341999997847
s1_1000,S1-309250937,S2,US,selective_v2_compact,0,18,9,1,1,0,2,9,0,8,0.005337936000046284,28,0,2,19,433,279,0.006025809999982812,1,420,419,420,85,1,1,60,2,1,0.022187648999988596
s1_1000,S1-309250937,S3,US,selective_v2_compact,0,18,13,1,0,0,4,5,0,5,0.012016530000096282,28,1,5,11,442,277,0.012681619999966642,4,423,419,423,110,1,1,60,4,4,0.0295304200000146
s1_1000,S1-933907524,S2,US,selective_v2_compact,0,17,4,1,0,2,6,13,1,12,0.016820489999872734,28,3,9,27,532,264,0.017371591000028275,1,484,483,484,116,1,1,60,2,1,0.03802285799997662
s1_1000,S1-933907524,S3,US,selective_v2_compact,0,16,7,1,0,2,7,9,0,9,0.012629962999767486,28,3,10,18,298,281,0.013128908999988198,0,281,281,281,105,1,1,60,1,0,0.044796361999942746
s1_1000,S1-874706415,S2,India,selective_v2_compact,0,18,11,1,0,0,35,7,0,7,0.016760261000058563,91,21,56,15,300,271,0.017605753999987428,8,288,280,288,101,1,1,60,1,8,0.03421579100006511
s1_1000,S1-874706415,S3,India,selective_v2_compact,0,18,12,1,0,0,38,6,0,6,0.016867713000010554,91,15,53,13,289,264,0.017810953000093832,7,275,274,281,97,1,1,60,2,7,0.030689567999957035
s1_1000,S1-394191447,S2,India,selective_v2_compact,0,18,0,0,0,0,13,18,7,11,0.027160092000258373,66,10,23,37,789,233,0.028416455999945356,1,262,261,262,67,1,1,60,2,1,0.042412597000065944
s1_1000,S1-394191447,S3,India,selective_v2_compact,0,18,3,1,0,0,16,15,2,13,0.02167134400008308,66,6,22,31,758,328,0.02295448600000327,0,356,356,356,66,1,1,60,4,0,0.04305171800001517
s1_1000,S1-983260741,S2,India,selective_v2_compact,0,18,0,0,1,0,42,18,6,11,0.025445932999787146,120,10,52,37,324,235,0.027103858000032233,0,272,272,272,79,1,1,60,1,0,0.04495181200002207
s1_1000,S1-983260741,S3,India,selective_v2_compact,0,18,6,1,0,0,51,12,2,10,0.02689002400006757,120,3,54,24,380,288,0.028599551000070278,0,288,288,288,77,1,1,60,4,0,0.04442885900004967
s1_1000,S1-593018241,S2,US,selective_v2_compact,0,18,8,1,0,0,5,10,1,9,0.008869277000030706,28,1,6,21,516,255,0.009503677999987303,4,440,436,440,107,1,1,60,4,4,0.026639544999966347
s1_1000,S1-593018241,S3,US,selective_v2_compact,0,18,8,1,0,0,5,10,1,9,0.009571150999931888,28,1,6,21,565,250,0.01020392600003106,2,485,483,485,109,1,1,60,4,2,0.02932574199996907
s1_1000,S1-783328051,S2,US,selective_v2_compact,0,13,0,0,2,0,2,13,0,11,0.007780439999805822,15,0,2,26,172,129,0.008153642000024774,34,163,129,163,83,1,1,60,2,34,0.014758959000005234
s1_1000,S1-783328051,S3,US,selective_v2_compact,0,13,0,0,0,0,2,13,0,13,0.008136117999924863,15,0,2,26,180,128,0.008470833999922434,32,160,128,160,86,1,1,60,2,32,0.014952481000022999
s1_1000,S1-177322486,S2,India,selective_v2_compact,0,18,0,0,1,0,27,18,3,14,0.014592930000162596,105,15,42,37,263,201,0.016136620999986917,2,216,214,216,87,1,1,60,1,2,0.031361726999989514
s1_1000,S1-177322486,S3,India,selective_v2_compact,0,18,0,1,0,0,29,18,2,16,0.013939645000277778,105,10,39,38,365,299,0.015561389000026793,0,331,331,331,96,1,1,60,1,0,0.03742024499990748
s1_1000,S1-327512522,S2,US,selective_v2_compact,0,18,0,0,1,0,3,18,1,16,0.01983443900007842,21,0,3,36,212,180,0.020297187999972266,0,180,180,180,93,1,1,60,2,0,0.027440681000030054
s1_1000,S1-327512522,S3,US,selective_v2_compact,0,18,0,0,2,0,3,18,1,15,0.021120355999983076,21,0,3,36,234,206,0.021612633000017922,2,208,206,208,80,1,1,60,1,2,0.029959700000063094
s1_1000,S1-17973952,S2,US,selective_v2_compact,0,18,10,1,0,0,18,8,0,8,0.02120412600004329,55,3,21,18,302,250,0.022086183999931563,2,266,264,266,116,1,1,60,4,2,0.032564213000000564
s1_1000,S1-17973952,S3,US,selective_v2_compact,0,18,0,0,1,0,15,18,2,15,0.03698393800004851,55,6,21,38,274,233,0.0378614749999997,1,244,243,244,116,1,1,60,1,1,0.04847133799989933
s1_1000,S1-176434763,S2,US,selective_v2_compact,0,16,10,1,0,0,5,6,0,6,0.012041582000051676,21,0,5,12,299,272,0.01248530199995912,1,273,272,273,78,1,1,60,2,1,0.022919282999964707
s1_1000,S1-176434763,S3,US,selective_v2_compact,0,16,10,1,2,0,5,6,0,4,0.012641096000152174,21,0,5,12,335,328,0.013109248999967349,1,329,328,329,80,1,1,60,0,1,0.025969977999920957
s1_1000,S1-679399812,S2,US,selective_v2_compact,0,4,0,0,0,0,2,4,0,4,0.004239496999957737,6,0,2,8,96,93,0.004377528000077291,0,93,93,93,56,0,0,56,0,0,0.008194215000003169
s1_1000,S1-679399812,S3,US,selective_v2_compact,0,8,0,0,1,0,2,8,0,7,0.004483509999886337,10,0,2,18,110,102,0.004690932000016801,2,103,102,104,52,0,0,52,2,2,0.008991869999931623
s1_1000,S1-300656903,S2,India,selective_v2_compact,0,18,9,1,0,0,40,9,0,9,0.019675544000165246,120,28,68,19,306,276,0.020981858000027387,0,288,288,288,91,1,1,60,1,0,0.03988809199995558
s1_1000,S1-300656903,S3,India,selective_v2_compact,0,18,5,1,0,0,47,13,1,12,0.025715005000279234,120,15,62,27,310,257,0.027153278000014325,2,276,275,277,83,1,1,60,2,2,0.04071031300009054
s1_1000,S1-360481865,S2,India,selective_v2_compact,0,18,3,1,0,0,16,15,0,15,0.031205400999851918,55,6,22,31,408,277,0.03214544000002206,2,291,289,291,77,1,1,60,2,2,0.04767919500000062
s1_1000,S1-360481865,S3,India,selective_v2_compact,0,18,4,1,1,0,15,14,1,12,0.017932578999989346,55,3,18,29,379,272,0.018897766000009142,1,283,282,283,75,1,1,60,5,1,0.03416056200001094
s1_1000,S1-866296885,S2,India,selective_v2_compact,0,12,6,1,0,1,17,6,2,4,0.014242365999962203,45,15,32,12,304,275,0.014627894999989621,1,276,275,276,109,1,1,60,2,1,0.02729245299997274
s1_1000,S1-866296885,S3,India,selective_v2_compact,0,14,7,1,0,2,23,7,2,5,0.020596520000140117,45,6,29,14,302,280,0.021041114000013295,0,280,280,280,115,1,1,60,2,0,0.033547006000048896
s1_1000,S1-492142313,S2,India,selective_v2_compact,0,18,10,1,0,0,22,8,0,8,0.012428937999857226,55,1,23,16,290,273,0.01322539400007372,12,275,273,285,119,1,1,60,2,12,0.02812259500001346
s1_1000,S1-492142313,S3,India,selective_v2_compact,0,18,10,1,0,0,19,8,0,8,0.01591842200014071,55,1,20,16,310,303,0.016794018000041433,14,303,303,317,122,1,1,60,2,14,0.03164932000004228
s1_1000,S1-32315181,S2,US,selective_v2_compact,0,18,6,1,1,2,16,12,3,8,0.03611681600000338,45,6,22,24,314,281,0.036749370000052295,1,282,281,282,103,1,1,60,0,1,0.052571717999967404
s1_1000,S1-32315181,S3,US,selective_v2_compact,0,18,7,1,0,2,16,11,3,8,0.03744998200011196,45,6,22,22,295,266,0.03807324299998527,1,267,266,267,101,1,1,60,2,1,0.050397258999964833
s1_1000,S1-719837826,S2,US,selective_v2_compact,0,16,3,1,1,2,4,13,0,12,0.007791037000174583,28,6,10,28,421,329,0.00835181900004045,46,338,337,383,116,1,1,60,2,44,0.027462563999961276
s1_1000,S1-719837826,S3,US,selective_v2_compact,0,16,3,1,2,2,4,13,0,11,0.008177101000114817,28,6,10,28,428,323,0.008743696000010459,41,332,331,372,113,1,1,60,0,41,0.029408617000058257
s1_1000,S1-674250113,S2,US,selective_v2_compact,0,18,0,0,3,0,4,18,1,14,0.014216807000366316,28,0,4,37,395,213,0.014867755999944166,3,343,340,343,116,1,1,60,1,3,0.028254136999976254
s1_1000,S1-674250113,S3,US,selective_v2_compact,0,18,0,1,0,0,5,18,0,18,0.019752705000314563,28,0,5,37,543,324,0.02043838599990977,2,474,472,474,116,1,1,60,2,2,0.04584039999997458
s1_1000,S1-848273416,S2,US,selective_v2_compact,0,18,7,1,2,0,2,11,1,8,0.012027054999975917,28,1,3,22,280,266,0.012722445999997944,3,269,266,269,110,1,1,60,3,3,0.023235612000007677
s1_1000,S1-848273416,S3,US,selective_v2_compact,0,17,7,1,1,2,6,10,0,9,0.013475851000066541,28,3,9,20,302,286,0.01400137200005247,4,290,286,290,91,1,1,60,1,4,0.025792299999920942
s1_1000,S1-190595971,S2,US,selective_v2_compact,0,18,0,1,7,0,7,18,0,11,0.021393854999928408,55,1,8,39,440,335,0.02258368800005428,1,420,419,420,90,1,1,60,2,1,0.03984927900000912
s1_1000,S1-190595971,S3,US,selective_v2_compact,0,18,9,1,1,0,13,9,1,7,0.016537945000095533,55,3,16,21,350,252,0.017485540000052424,0,299,299,299,92,1,1,60,1,0,0.02983561300004567
s1_1000,S1-712360582,S2,US,selective_v2_compact,0,16,0,0,0,0,5,16,1,15,0.011255424000182757,21,0,5,32,237,183,0.011701101999960883,1,184,183,184,96,1,1,60,2,1,0.01920053900005314
s1_1000,S1-712360582,S3,US,selective_v2_compact,0,16,4,1,0,0,5,12,0,12,0.0111137480000707,21,0,5,24,326,292,0.011589222999987214,0,292,292,292,111,1,1,60,2,0,0.028918617000044833
s1_1000,S1-866005166,S2,India,selective_v2_compact,0,18,10,1,0,0,28,8,1,7,0.018899455000223497,120,45,73,17,368,340,0.020147028999986105,0,353,353,353,100,1,1,60,2,0,0.0428722450000123
s1_1000,S1-866005166,S3,India,selective_v2_compact,0,18,12,1,0,0,40,6,0,6,0.008739430999980868,120,28,68,13,281,257,0.010007568999981231,0,276,276,276,82,1,1,60,0,0,0.02422135699998762
s1_1000,S1-210882477,S2,India,selective_v2_compact,0,18,9,1,0,0,29,9,2,7,0.015926718000059736,78,10,39,18,355,291,0.016911200999970788,4,291,291,295,93,1,1,60,2,4,0.03516626599991923
s1_1000,S1-210882477,S3,India,selective_v2_compact,0,18,13,1,0,0,28,5,0,5,0.014592657999855874,78,6,34,10,308,300,0.015659558000038487,11,302,300,311,122,1,1,60,2,11,0.0384035470000299
s1_1000,S1-372012424,S2,US,selective_v2_compact,0,18,6,1,1,0,3,12,0,11,0.009639343000117151,28,1,4,26,312,252,0.010294659000010142,0,272,272,272,79,1,1,60,1,0,0.02061594999997851
s1_1000,S1-372012424,S3,US,selective_v2_compact,0,18,6,1,3,0,3,12,0,9,0.010308816999895498,28,1,4,26,333,280,0.010967746999995143,0,301,301,301,79,1,1,60,1,0,0.02281266099998902
s1_1000,S1-577087021,S2,India,selective_v2_compact,0,18,0,0,5,0,11,18,2,11,0.008318398000483285,45,1,12,38,260,192,0.009156121000046369,3,201,198,201,80,1,1,60,2,3,0.020126484000002165
s1_1000,S1-577087021,S3,India,selective_v2_compact,0,18,5,1,0,0,10,13,1,12,0.010458656000082556,45,1,11,28,315,268,0.011264955999990889,13,287,274,287,79,1,1,60,3,13,0.0255376669999805
s1_1000,S1-852610124,S2,US,selective_v2_compact,0,18,8,1,0,0,10,10,1,9,0.023126779999984137,36,3,13,20,363,339,0.023795096999947418,6,345,339,345,85,1,1,60,3,6,0.04358223699989594
s1_1000,S1-852610124,S3,US,selective_v2_compact,0,18,12,1,0,2,12,6,0,6,0.015153380999890942,36,3,15,12,263,251,0.015756140999997115,3,254,251,254,98,1,1,60,1,3,0.027655757000047743
s1_1000,S1-109175675,S2,US,selective_v2_compact,0,18,0,0,0,0,3,18,0,18,0.0074579680000397275,21,0,3,38,263,102,0.007961581000017759,2,196,194,196,112,1,1,60,3,2,0.015705249000006916
s1_1000,S1-109175675,S3,US,selective_v2_compact,0,18,0,0,0,0,3,18,0,18,0.008100671999841325,21,0,3,38,326,121,0.008585873000015454,2,224,222,224,110,1,1,60,5,2,0.017679950000001554
s1_1000,S1-867725816,S2,India,selective_v2_compact,0,14,0,0,0,10,32,14,0,14,0.019811421999861523,66,10,42,29,288,186,0.020372583000039413,3,206,203,206,110,1,1,60,2,3,0.030536027000039212
s1_1000,S1-867725816,S3,India,selective_v2_compact,0,16,7,1,0,10,34,9,0,9,0.02687035199994625,66,6,40,19,318,284,0.027585675999944215,3,303,300,303,108,1,1,60,1,3,0.04520016200001464
s1_1000,S1-454337849,S2,US,selective_v2_compact,0,18,3,1,0,0,6,15,1,14,0.011237731999926837,36,3,9,32,608,305,0.012132889999975305,1,519,518,519,111,1,1,60,2,1,0.03940756199995121
s1_1000,S1-454337849,S3,US,selective_v2_compact,0,18,3,1,0,0,7,15,1,14,0.011867909000329746,36,3,10,32,647,331,0.01278549899996051,1,546,545,546,111,1,1,60,2,1,0.03896849599993857
s1_1000,S1-211263556,S2,US,selective_v2_compact,0,18,8,1,1,0,17,10,1,8,0.02499110500025381,66,3,20,21,386,353,0.026225226999940787,0,372,372,372,99,1,1,60,2,0,0.04769148299999415
s1_1000,S1-211263556,S3,US,selective_v2_compact,0,18,9,1,0,0,18,9,1,8,0.02500601600002028,66,6,24,19,295,269,0.026024335000101928,0,283,283,283,110,1,1,60,2,0,0.03989307099993766
s1_1000,S1-997499468,S2,US,selective_v2_compact,0,18,3,1,1,0,2,15,2,12,0.02311733899966839,21,0,2,30,340,323,0.023686741000005895,1,324,323,324,86,1,1,60,3,1,0.04253901800007043
s1_1000,S1-997499468,S3,US,selective_v2_compact,0,18,2,1,0,0,3,16,2,14,0.026359687000081067,21,0,3,32,304,281,0.02687185499996758,1,282,281,282,115,1,1,60,3,1,0.04273697499991158
s1_1000,S1-429307554,S2,US,selective_v2_compact,0,11,0,0,0,0,3,11,0,11,0.011330983000107153,15,1,4,23,254,190,0.011643187000004218,2,238,236,238,89,1,1,60,1,2,0.020787902000051872
s1_1000,S1-429307554,S3,US,selective_v2_compact,0,11,0,0,0,0,3,11,0,11,0.012334606999843345,15,1,4,23,296,209,0.012657283000066855,3,269,266,269,97,1,1,60,2,3,0.02312406699991243
s1_1000,S1-815423969,S2,India,selective_v2_compact,0,18,10,1,0,0,23,8,1,7,0.025589191000221945,66,6,29,16,262,257,0.02647304700008135,2,257,257,259,85,1,1,60,0,2,0.03882047399997646
s1_1000,S1-815423969,S3,India,selective_v2_compact,0,18,11,1,0,0,21,7,0,7,0.022248357000080432,66,3,24,14,275,274,0.023252171000081034,0,274,274,274,80,1,1,60,1,0,0.03552920000004178
s1_1000,S1-762754948,S2,US,selective_v2_compact,0,11,0,0,4,0,3,11,0,7,0.004767304999973021,15,1,4,23,154,144,0.005026551000014479,5,150,145,150,55,0,0,55,0,5,0.01101320099996883
s1_1000,S1-762754948,S3,US,selective_v2_compact,0,11,0,0,3,0,3,11,0,8,0.004913127999884637,15,1,4,23,166,156,0.005178637999961211,2,159,157,159,58,0,0,58,0,2,0.01160362999996778
s1_1000,S1-379677192,S2,US,selective_v2_compact,0,18,0,0,0,0,8,18,3,15,0.04076225699964198,36,0,8,36,400,221,0.04148598500000844,24,245,221,245,92,1,1,60,1,24,0.05258722900009616
s1_1000,S1-379677192,S3,US,selective_v2_compact,0,18,0,0,2,0,8,18,3,13,0.04319160600016403,36,0,8,36,392,233,0.043948566000040046,28,261,233,261,94,1,1,60,1,28,0.05590571400000499
s1_1000,S1-948932140,S2,US,selective_v2_compact,0,18,0,0,5,0,4,18,0,13,0.008495691999428345,36,0,4,38,246,29,0.009209041000076468,3,186,183,186,86,1,1,60,5,3,0.01743346199998541
s1_1000,S1-948932140,S3,US,selective_v2_compact,0,18,3,1,2,0,7,15,0,13,0.016129603000308634,36,1,8,32,481,284,0.0169193430000405,1,431,430,431,117,1,1,60,1,1,0.0402988450000521
s1_1000,S1-988952152,S2,India,selective_v2_compact,0,12,0,0,4,0,6,12,2,6,0.009460042000000612,21,3,9,25,316,248,0.009804891999920073,0,301,301,301,92,1,1,60,0,0,0.024367439000002378
s1_1000,S1-988952152,S3,India,selective_v2_compact,0,14,3,1,0,0,6,11,2,9,0.014255375999937314,21,1,7,23,374,299,0.014705791999972462,1,340,339,340,86,1,1,60,1,1,0.030758268999989014
s1_1000,S1-470150331,S2,India,selective_v2_compact,0,18,3,1,0,0,14,15,0,15,0.010299377000251297,78,10,24,30,376,273,0.011623126000017692,0,273,273,273,78,1,1,60,2,0,0.027234258999897065
s1_1000,S1-470150331,S3,India,selective_v2_compact,0,18,10,1,3,0,15,8,0,5,0.008036910000100761,78,6,21,16,308,262,0.009377328000027774,0,262,262,262,80,1,1,60,1,0,0.023046378999993067
s1_1000,S1-845086185,S2,US,selective_v2_compact,0,18,4,1,1,0,17,14,2,11,0.026011104000076557,45,3,20,30,582,317,0.026750397999990128,0,509,509,509,117,1,1,60,1,0,0.05258496400006152
s1_1000,S1-845086185,S3,US,selective_v2_compact,0,18,3,1,0,3,15,15,2,13,0.022863303999770324,45,6,21,32,600,262,0.023560332999977618,1,493,492,493,105,1,1,60,3,1,0.04551867099996798
s1_1000,S1-946706052,S2,India,selective_v2_compact,0,18,0,0,0,0,34,18,3,15,0.01327268299996831,105,21,55,37,180,113,0.014498620000040319,1,140,139,140,100,1,1,60,3,1,0.02321416400002363
s1_1000,S1-946706052,S3,India,selective_v2_compact,0,18,0,0,2,0,41,18,6,10,0.21610615900021912,105,10,51,37,150,103,0.21741648099998656,0,131,131,131,101,1,1,60,2,0,0.22483658299995568
s1_1000,S1-602193603,S2,India,selective_v2_compact,0,17,0,0,1,7,20,17,0,16,0.004654248999941046,45,1,21,35,255,114,0.005263064000018858,2,135,133,135,82,1,1,60,4,2,0.011721920000013597
s1_1000,S1-602193603,S3,India,selective_v2_compact,0,18,0,1,1,0,16,18,2,15,0.011946751999857952,45,1,17,37,362,290,0.012716186000034213,1,305,304,305,82,1,1,60,1,1,0.029992502000027343
s1_1000,S1-393117390,S2,US,selective_v2_compact,0,18,0,0,5,0,4,18,2,11,0.023321672000292892,36,0,4,37,270,148,0.024100172000089515,1,240,239,240,94,1,1,60,0,1,0.033601053999973374
s1_1000,S1-393117390,S3,US,selective_v2_compact,0,18,5,1,1,0,9,13,1,11,0.023766650000084155,36,3,12,27,453,307,0.024473921999970116,5,395,390,395,95,1,1,60,1,5,0.04600217500001236
s1_1000,S1-974810743,S2,India,selective_v2_compact,0,16,9,1,0,4,25,7,1,6,0.015766828000209898,55,10,35,14,330,315,0.016343512000048577,3,318,315,318,115,1,1,60,1,3,0.03643853400001262
s1_1000,S1-974810743,S3,India,selective_v2_compact,0,16,10,1,0,4,25,6,1,5,0.018799179999973603,55,10,35,12,267,259,0.019315177000066797,4,263,259,263,118,1,1,60,1,4,0.03176259399992887
s1_1000,S1-485260947,S2,US,selective_v2_compact,0,15,0,0,0,0,0,15,0,15,0.010323031999973864,15,0,0,30,214,190,0.010714323000001968,1,191,190,191,95,1,1,60,1,1,0.018282705000046917
s1_1000,S1-485260947,S3,US,selective_v2_compact,0,15,0,0,0,0,0,15,0,15,0.011213736000058816,15,0,0,30,241,231,0.01160700100001577,1,232,231,232,82,1,1,60,1,1,0.020633965999991233
s1_1000,S1-209242212,S2,US,selective_v2_compact,0,11,0,0,3,0,9,11,1,7,0.02339754299998731,21,1,10,22,255,242,0.02371700400010468,11,253,242,253,98,1,1,60,1,11,0.03385877799996706
s1_1000,S1-209242212,S3,US,selective_v2_compact,0,10,0,0,0,0,10,10,1,9,0.022564050999790197,21,1,11,20,141,131,0.022816355000031763,10,131,131,141,89,1,1,60,1,10,0.028485912000064673
s1_1000,S1-444309469,S2,US,selective_v2_compact,0,18,0,0,0,0,2,18,1,17,0.008897298000192677,21,1,3,37,270,232,0.009379878000004283,1,240,239,240,113,1,1,60,1,1,0.01930374500000198
s1_1000,S1-444309469,S3,US,selective_v2_compact,0,18,0,0,0,0,2,18,1,17,0.009715895999988788,21,1,3,37,304,242,0.01022498000008909,2,257,255,257,111,1,1,60,2,2,0.02107407100004366
s1_1000,S1-701717394,S2,India,selective_v2_compact,0,18,9,1,0,0,25,9,1,8,0.01581236599975,55,6,31,19,310,277,0.016451403000019127,0,293,293,293,108,1,1,60,2,0,0.032887392000020554
s1_1000,S1-701717394,S3,India,selective_v2_compact,0,18,9,1,1,0,22,9,1,7,0.013434400999926766,55,6,28,19,322,291,0.014135928000087006,0,307,307,307,110,1,1,60,2,0,0.028691231000038897
s1_1000,S1-432251644,S2,India,selective_v2_compact,0,18,8,1,0,0,10,10,1,9,0.02088288000004468,45,6,16,21,384,325,0.021767160000081276,1,361,360,361,113,1,1,60,2,1,0.039219522000053075
s1_1000,S1-432251644,S3,India,selective_v2_compact,0,18,9,1,0,0,12,9,2,7,0.018911043999764843,45,3,15,19,400,351,0.01972298199996203,6,385,379,385,98,1,1,60,0,6,0.043401604999985466
s1_1000,S1-239207420,S2,US,selective_v2_compact,0,17,8,1,0,2,8,9,2,7,0.02173950700023397,28,1,9,18,333,307,0.022307431000058386,73,309,307,380,143,1,1,60,2,46,0.03718230399999811
s1_1000,S1-239207420,S3,US,selective_v2_compact,0,16,9,1,0,2,9,7,1,6,0.01082371000029525,28,1,10,14,263,256,0.01134384699992097,83,256,256,339,147,1,1,60,0,48,0.02691531400000713
s1_1000,S1-707620084,S2,India,selective_v2_compact,0,18,7,1,0,6,39,11,3,8,0.03419824000013705,78,15,54,22,275,251,0.03484515900004226,0,251,251,251,114,1,1,60,1,0,0.04705614800002422
s1_1000,S1-707620084,S3,India,selective_v2_compact,0,17,3,1,2,8,47,14,6,6,0.04751683899985437,78,6,53,28,261,258,0.048210777999997845,0,258,258,258,107,1,1,60,0,0,0.06092066899998372
s1_1000,S1-603393113,S2,India,selective_v2_compact,0,15,0,0,0,4,11,15,6,9,0.018495015000098647,45,15,26,31,293,174,0.01903578100007053,7,226,225,232,110,1,1,60,2,7,0.029989331000024322
s1_1000,S1-603393113,S3,India,selective_v2_compact,0,14,0,0,3,4,17,14,3,8,0.017194358999859105,45,10,27,29,331,239,0.017709588999991865,13,287,287,300,113,1,1,60,1,13,0.031672979000063606
s1_1000,S1-360368359,S2,US,selective_v2_compact,0,18,5,1,0,0,5,13,0,13,0.01939838600026178,28,0,5,27,419,293,0.020047024999939822,0,355,355,355,111,1,1,60,3,0,0.03518156899997393
s1_1000,S1-360368359,S3,US,selective_v2_compact,0,18,3,1,2,0,5,15,0,13,0.014177536000147484,28,1,6,31,414,263,0.014854302999992797,0,340,340,340,110,1,1,60,1,0,0.03239158500002759
s1_1000,S1-144309050,S2,India,selective_v2_compact,0,12,0,1,0,3,20,12,2,10,0.03530351000006249,45,10,30,24,362,268,0.035776118999933715,2,269,268,270,90,1,1,60,1,2,0.04944033499998568
s1_1000,S1-144309050,S3,India,selective_v2_compact,0,14,7,1,0,3,22,7,1,6,0.024871602999951392,45,6,28,14,289,286,0.025325431000055687,8,286,286,294,97,1,1,60,1,8,0.03934932800007118
s1_1000,S1-71636676,S2,US,selective_v2_compact,0,18,0,0,0,0,2,18,3,15,0.025454023000065717,21,0,2,36,263,195,0.025996773999963807,16,211,195,211,91,1,1,60,3,16,0.0343794830000661
s1_1000,S1-71636676,S3,US,selective_v2_compact,0,18,0,0,0,0,2,18,3,15,0.026060090000214586,21,0,2,36,222,183,0.026567077000095196,11,194,183,194,82,1,1,60,1,11,0.034351001000004544
s1_1000,S1-435158775,S2,India,selective_v2_compact,0,18,11,1,1,0,27,7,0,6,0.01810644000022421,78,15,42,15,302,261,0.018993383999941216,8,296,288,296,108,1,1,60,0,8,0.035451067999929364
s1_1000,S1-435158775,S3,India,selective_v2_compact,0,18,13,1,0,0,28,5,0,5,0.025319019999869852,78,10,38,11,357,316,0.026321965999954955,17,346,329,346,105,1,1,60,3,17,0.042654212999991614
s1_1000,S1-636748811,S2,US,selective_v2_compact,0,14,0,0,1,0,6,14,0,13,0.008394502999863107,21,1,7,29,91,56,0.00869267200005197,2,63,61,63,63,1,1,60,2,2,0.011511488999985886
s1_1000,S1-636748811,S3,US,selective_v2_compact,0,14,0,0,2,0,6,14,0,12,0.009599455999818929,21,1,7,29,87,70,0.009892212999943695,0,75,75,75,74,1,1,60,1,0,0.013670594000018355
s1_1000,S1-65309853,S2,India,selective_v2_compact,0,18,7,1,1,0,11,11,3,7,0.020123854999951618,45,6,17,22,318,312,0.02086498300002404,1,313,312,313,80,1,1,60,0,1,0.035472045999995316
s1_1000,S1-65309853,S3,India,selective_v2_compact,0,18,8,1,0,0,13,10,2,8,0.021190104999959658,45,3,16,20,262,259,0.02199457300002905,0,259,259,259,118,1,1,60,1,0,0.03441175000000385
s1_1000,S1-426307047,S2,India,selective_v2_compact,0,18,13,1,0,0,42,5,1,4,0.023883151999712027,78,15,57,10,312,311,0.024462466000045424,0,311,311,311,102,1,1,60,2,0,0.040333605000000716
s1_1000,S1-426307047,S3,India,selective_v2_compact,0,18,13,1,0,0,37,5,1,4,0.02162398099994789,78,6,43,10,268,260,0.02246705599998222,4,264,260,264,110,1,1,60,1,4,0.034813371000041116
s1_1000,S1-152709472,S2,US,selective_v2_compact,0,18,5,1,0,0,5,13,3,10,0.06098447300018961,36,0,5,27,479,324,0.06179488999998739,0,462,462,462,115,1,1,60,2,0,0.08576743599996917
s1_1000,S1-152709472,S3,US,selective_v2_compact,0,18,10,1,0,0,5,8,1,7,0.033378332000097544,36,0,5,17,430,272,0.034225709999986975,0,410,410,410,112,1,1,60,2,0,0.050888465999946675
s1_1000,S1-114424830,S2,India,selective_v2_compact,0,17,6,1,0,6,16,11,0,11,0.028026219000025776,45,6,22,23,315,281,0.028630001000010452,6,286,285,291,97,1,1,60,1,6,0.04705578899995544
s1_1000,S1-114424830,S3,India,selective_v2_compact,0,18,8,1,1,0,15,10,1,8,0.025997543000016776,45,1,16,21,360,330,0.026817830000027243,13,332,331,344,109,1,1,60,2,13,0.04944358000000193
s1_1000,S1-128260204,S2,India,selective_v2_compact,0,18,5,1,0,0,22,13,3,10,0.02410045899978286,66,1,23,26,439,258,0.02523180700006833,1,258,258,259,86,1,1,60,0,1,0.03943276200004675
s1_1000,S1-128260204,S3,India,selective_v2_compact,0,18,8,1,0,0,19,10,2,8,0.02353286000004573,66,1,20,20,352,271,0.024675555999920107,2,271,271,273,88,1,1,60,0,2,0.03853124800002661
s1_1000,S1-756453021,S2,US,selective_v2_compact,0,18,0,0,2,0,5,18,3,13,0.009562650999669131,28,1,6,37,307,111,0.010114520999991328,3,269,266,269,93,1,1,60,1,3,0.02362091899999541
s1_1000,S1-756453021,S3,US,selective_v2_compact,0,18,0,0,2,0,5,18,3,13,0.010359043000107704,28,1,6,38,477,148,0.010984710999991876,1,409,408,409,81,1,1,60,2,1,0.029031691000000137
s1_1000,S1-997414477,S2,US,selective_v2_compact,0,18,1,1,2,0,3,17,0,15,0.03199536500005706,28,0,3,35,280,272,0.03266704600002868,0,273,273,273,110,1,1,60,1,0,0.04713320600001225
s1_1000,S1-997414477,S3,US,selective_v2_compact,0,18,1,1,0,0,3,17,0,17,0.03673286600042047,28,0,3,35,367,323,0.03745231100003821,0,326,326,326,107,1,1,60,3,0,0.05595295500006614
s1_1000,S1-587564473,S2,India,selective_v2_compact,0,18,14,1,0,0,54,4,0,4,0.020211604999985866,120,21,75,8,264,254,0.021275876000004246,0,254,254,254,101,1,1,60,0,0,0.033980360999976256
s1_1000,S1-587564473,S3,India,selective_v2_compact,0,18,11,1,0,0,53,7,0,7,0.026730299000178093,120,21,74,14,363,332,0.027940190999970582,1,333,332,333,105,1,1,60,1,1,0.04799556099999336
s1_1000,S1-949663673,S2,US,selective_v2_compact,0,18,4,1,3,0,7,14,1,10,0.015674255999670095,45,0,7,29,357,283,0.0166445569999496,24,330,306,330,92,1,1,60,4,24,0.029692702000033933
s1_1000,S1-949663673,S3,US,selective_v2_compact,0,18,12,1,0,0,15,6,1,5,0.01797357400027977,45,1,16,12,338,300,0.018742638000048828,26,301,300,326,128,1,1,60,3,26,0.03574691799997254
s1_1000,S1-886830433,S2,US,selective_v2_compact,0,17,4,1,0,0,3,13,0,13,0.008359088999895903,21,1,4,27,447,339,0.008943382999973437,1,398,397,398,101,1,1,60,2,1,0.0246334170000182
s1_1000,S1-886830433,S3,US,selective_v2_compact,0,17,4,1,0,0,3,13,0,13,0.008618281000167372,21,1,4,27,477,361,0.009180605999972613,1,416,415,416,107,1,1,60,2,1,0.0314735900000187
s1_1000,S1-620072179,S2,India,selective_v2_compact,0,18,9,1,1,0,29,9,0,8,0.009922322999955213,120,6,35,18,334,316,0.01199006800004554,0,316,316,316,114,1,1,60,0,0,0.03267425999990792
s1_1000,S1-620072179,S3,India,selective_v2_compact,0,18,8,1,1,0,26,10,0,9,0.009282083000016428,120,3,29,20,337,293,0.011525084000027164,1,294,293,294,110,1,1,60,1,1,0.03360340200003975
s1_1000,S1-937355747,S2,India,selective_v2_compact,0,18,5,1,3,0,11,13,3,7,0.012766638999892166,45,6,17,27,296,285,0.01350735200003328,0,290,290,290,100,1,1,60,0,0,0.032053875999963566
s1_1000,S1-937355747,S3,India,selective_v2_compact,0,18,1,1,4,0,12,17,5,8,0.015988337000067077,45,3,15,35,267,262,0.016766022999945562,0,266,266,266,85,1,1,60,1,0,0.032555935000004865
s1_1000,S1-130224322,S2,India,selective_v2_compact,0,18,0,0,0,0,30,18,6,12,0.02724334000026829,120,15,45,37,206,158,0.029092513000023246,1,176,175,176,100,1,1,60,2,1,0.03815458700000818
s1_1000,S1-130224322,S3,India,selective_v2_compact,0,18,2,1,1,0,39,16,4,11,0.03347278500007178,120,6,45,33,277,250,0.03526066999995692,0,267,267,267,110,1,1,60,1,0,0.0560144720000153
s1_1000,S1-417827381,S2,US,selective_v2_compact,0,18,11,1,0,0,5,7,0,7,0.012407204000055572,36,0,5,15,322,262,0.013194096999995963,1,304,303,304,116,1,1,60,2,1,0.024811047000071085
s1_1000,S1-417827381,S3,US,selective_v2_compact,0,18,11,1,0,0,5,7,0,7,0.013469696000015574,36,0,5,16,379,290,0.014224317999946834,0,324,324,324,78,1,1,60,1,0,0.027066031999993356
s1_1000,S1-343417294,S2,India,selective_v2_compact,0,18,0,0,0,0,20,18,0,18,0.020987191000017447,78,10,30,37,363,245,0.022175893000053293,5,262,257,262,106,1,1,60,2,5,0.04015786900004059
s1_1000,S1-343417294,S3,India,selective_v2_compact,0,18,0,1,1,0,20,18,2,15,0.02429983299975902,78,3,23,38,435,310,0.025641987999961202,16,361,345,361,113,1,1,60,1,16,0.04755097199995362
s1_1000,S1-394632774,S2,India,selective_v2_compact,0,18,3,1,0,0,13,15,0,15,0.013947290999908546,91,28,41,33,491,329,0.015285913999946388,2,392,390,392,94,1,1,60,3,2,0.037283590000015465
s1_1000,S1-394632774,S3,India,selective_v2_compact,0,18,1,1,0,0,20,17,3,14,0.05539473400006045,91,15,35,37,453,336,0.05681068100000175,0,394,394,394,98,1,1,60,2,0,0.08114618100000826
s1_1000,S1-732592724,S2,US,selective_v2_compact,0,18,9,1,5,0,2,9,0,4,0.008504113000071811,36,1,3,18,339,320,0.00943094799993105,0,320,320,320,84,1,1,60,0,0,0.02211896199992225
s1_1000,S1-732592724,S3,US,selective_v2_compact,0,18,0,1,0,0,2,18,3,15,0.015362724000169692,36,1,3,36,310,284,0.016236011999922084,0,284,284,284,92,1,1,60,1,0,0.033992579000027945
s1_1000,S1-580748190,S2,US,selective_v2_compact,0,18,4,1,0,0,1,14,0,14,0.006983745000070485,21,0,1,28,339,292,0.007566542000063237,3,295,292,295,104,1,1,60,3,3,0.01912811599993347
s1_1000,S1-580748190,S3,US,selective_v2_compact,0,18,4,1,0,0,1,14,0,14,0.007734188999847902,21,0,1,28,338,306,0.008317637999994076,2,308,306,308,94,1,1,60,2,2,0.02056933200003641
s1_1000,S1-796458434,S2,India,selective_v2_compact,0,18,10,1,0,0,47,8,1,7,0.01990312600003108,120,15,62,16,311,263,0.021330504999923505,1,264,263,264,89,1,1,60,1,1,0.03521708200003104
s1_1000,S1-796458434,S3,India,selective_v2_compact,0,18,12,1,0,0,53,6,0,6,0.019198563999907492,120,6,59,12,320,251,0.020625580999990234,3,254,251,254,85,1,1,60,3,3,0.0329516250000097
s1_1000,S1-765932516,S2,India,selective_v2_compact,0,15,4,1,1,3,3,11,3,7,0.008919770999909815,36,15,18,23,330,296,0.00942650899992259,2,298,296,298,78,1,1,60,2,2,0.022768603000031362
s1_1000,S1-765932516,S3,India,selective_v2_compact,0,15,0,0,1,3,12,15,4,10,0.013082340999972075,36,6,18,31,195,156,0.013533014000017829,0,157,157,157,76,1,1,60,2,0,0.021075259000099322
s1_1000,S1-384400545,S2,India,selective_v2_compact,0,18,8,1,0,0,52,10,1,9,0.012415742999905888,120,21,73,21,524,354,0.013708451000070454,9,441,432,441,94,1,1,60,1,9,0.04128489799995805
s1_1000,S1-384400545,S3,India,selective_v2_compact,0,18,10,1,0,0,47,8,1,7,0.016919672000085484,120,21,68,17,427,298,0.018240888000036648,15,366,366,381,106,1,1,60,0,15,0.037018641000031494
s1_1000,S1-444946012,S2,US,selective_v2_compact,0,17,0,0,0,2,8,17,0,17,0.035288279000042166,28,1,9,35,456,166,0.035848756000063986,4,326,322,326,95,1,1,60,5,4,0.04879757599996992
s1_1000,S1-444946012,S3,US,selective_v2_compact,0,17,0,0,0,2,8,17,0,17,0.036411625000027925,28,1,9,35,441,170,0.036959994999961054,2,347,345,347,103,1,1,60,2,2,0.05104500300001291
s1_1000,S1-835384598,S2,India,selective_v2_compact,0,18,1,1,0,0,37,17,1,16,0.034114215999920816,120,6,43,36,416,363,0.036016348999964976,7,376,369,376,90,1,1,60,2,7,0.05875800299997991
s1_1000,S1-835384598,S3,India,selective_v2_compact,0,18,0,0,2,0,28,18,2,14,0.023528423000243492,120,6,34,39,298,230,0.025547440000082133,6,270,270,276,85,1,1,60,2,6,0.04420852099997319
s1_1000,S1-172646617,S2,India,selective_v2_compact,0,11,5,1,0,6,25,6,0,6,0.012666554000020369,78,36,61,12,274,265,0.01310841999998047,6,271,265,271,118,1,1,60,0,6,0.02764794500001244
s1_1000,S1-172646617,S3,India,selective_v2_compact,0,10,3,1,0,6,26,7,0,7,0.017294470999900113,78,36,62,14,297,283,0.017723425999975007,6,289,283,289,91,1,1,60,1,6,0.031134044000054928
s1_1000,S1-163359447,S2,India,selective_v2_compact,0,18,0,0,0,0,14,18,2,16,0.015545057999929668,45,6,20,38,274,137,0.016179942999997365,7,186,179,186,92,1,1,60,1,7,0.02527507100001003
s1_1000,S1-163359447,S3,India,selective_v2_compact,0,18,10,1,0,0,15,8,1,7,0.017131753000171557,45,3,18,18,352,280,0.017836686999999074,12,324,312,324,89,1,1,60,2,12,0.032313386999931026
s1_1000,S1-707155052,S2,India,selective_v2_compact,0,18,9,1,0,0,22,9,2,7,0.014849964999825715,91,21,43,18,325,306,0.01601158799996938,11,317,306,317,82,1,1,60,2,11,0.03301655699999628
s1_1000,S1-707155052,S3,India,selective_v2_compact,0,18,7,1,0,0,27,11,2,9,0.018810568000162675,91,10,37,22,392,363,0.020152130000042234,13,376,363,376,111,1,1,60,2,13,0.0427411560000337
s1_1000,S1-967576249,S2,India,selective_v2_compact,0,18,0,0,3,0,18,18,2,13,0.02212348599971392,91,15,33,38,257,224,0.023556271000074958,4,229,225,229,90,1,1,60,1,4,0.035809183999958805
s1_1000,S1-967576249,S3,India,selective_v2_compact,0,18,8,1,0,0,20,10,0,10,0.016668015999925956,91,10,30,22,356,324,0.01811883499999567,6,333,327,333,80,1,1,60,1,6,0.03789717600000131
s1_1000,S1-383924373,S2,US,selective_v2_compact,0,10,0,0,2,0,5,10,0,8,0.01420538500008206,15,0,5,20,202,191,0.014511534999996911,0,191,191,191,82,1,1,60,2,0,0.02200674000005165
s1_1000,S1-383924373,S3,US,selective_v2_compact,0,10,0,0,1,0,5,10,0,9,0.015724770000019817,15,0,5,20,234,219,0.016064759999949274,0,219,219,219,85,1,1,60,2,0,0.02512417999992067
s1_1000,S1-145192696,S2,US,selective_v2_compact,0,18,0,0,3,0,2,18,0,15,0.019168365000041376,21,0,2,36,231,223,0.019665542000097957,0,223,223,223,96,1,1,60,0,0,0.03154600700008814
s1_1000,S1-145192696,S3,US,selective_v2_compact,0,18,0,0,0,0,2,18,0,18,0.020374522000338402,21,0,2,36,277,239,0.02089232200000879,0,239,239,239,104,1,1,60,5,0,0.030576027999927646
s1_1000,S1-120113863,S2,US,selective_v2_compact,0,15,6,1,0,1,9,9,1,8,0.025994351999884202,28,3,12,18,272,267,0.026454696999962835,0,267,267,267,119,1,1,60,1,0,0.03751805299998523
s1_1000,S1-120113863,S3,US,selective_v2_compact,0,15,8,1,1,1,9,7,0,6,0.02458620600020822,28,3,12,14,377,352,0.025077794000026188,2,354,352,354,118,1,1,60,1,2,0.045476227999984076
s1_1000,S1-579296771,S2,India,selective_v2_compact,0,18,12,1,0,0,27,6,0,6,0.01936493400000927,66,10,37,12,290,282,0.020121846999927584,2,284,282,284,96,1,1,60,1,2,0.03365016800000831
s1_1000,S1-579296771,S3,India,selective_v2_compact,0,18,13,1,1,0,28,5,0,4,0.013218247000054362,66,6,34,10,297,297,0.014033691999998155,3,297,297,300,98,1,1,60,0,3,0.0279001280000557
s1_1000,S1-76600144,S2,US,selective_v2_compact,0,18,8,1,0,0,13,10,1,9,0.011228751000203374,45,6,19,21,370,290,0.01192591199992421,1,346,345,346,107,1,1,60,2,1,0.030143707999968683
s1_1000,S1-76600144,S3,US,selective_v2_compact,0,18,8,1,0,3,11,10,1,9,0.011589262000029521,45,10,21,21,343,266,0.012220892999948774,1,317,316,317,118,1,1,60,1,1,0.027712700000051882
s1_1000,S1-262956530,S2,US,selective_v2_compact,0,18,1,1,2,0,2,17,0,15,0.01879854900016653,21,0,2,34,302,285,0.01933870499999557,1,286,285,286,84,1,1,60,1,1,0.03881561299999703
s1_1000,S1-262956530,S3,US,selective_v2_compact,0,18,1,1,0,0,2,17,0,17,0.02046908799979974,21,0,2,34,313,289,0.021035531999928025,0,289,289,289,88,1,1,60,2,0,0.0364839359999678
s1_1000,S1-289224987,S2,India,selective_v2_compact,0,18,3,1,0,0,21,15,2,13,0.026661748999686097,78,6,27,32,411,263,0.027954958000009356,2,321,319,321,90,1,1,60,3,2,0.049037579000014375
s1_1000,S1-289224987,S3,India,selective_v2_compact,0,18,6,1,0,0,22,12,0,12,0.021313154000040413,78,3,25,26,385,292,0.022630165999999008,0,339,339,339,110,1,1,60,1,0,0.039032745999975305
s1_1000,S1-434671027,S2,India,selective_v2_compact,0,18,10,1,1,0,36,8,0,7,0.01637321900011557,120,3,39,16,276,276,0.0182824469999332,0,276,276,276,90,1,1,60,1,0,0.037327944000026037
s1_1000,S1-434671027,S3,India,selective_v2_compact,0,18,12,1,0,0,34,6,0,6,0.05561184900000171,120,1,35,12,333,331,0.05767492799998308,0,331,331,331,86,1,1,60,2,0,0.07965381700000762
s1_1000,S1-874587325,S2,US,selective_v2_compact,0,18,11,1,1,0,15,7,1,5,0.019666165999979057,45,1,16,14,263,258,0.02041996000002655,0,258,258,258,116,1,1,60,1,0,0.03112335699995583
s1_1000,S1-874587325,S3,US,selective_v2_compact,0,18,9,1,0,0,15,9,1,8,0.02512118700008159,45,1,16,18,371,295,0.02588494700000865,2,297,295,297,110,1,1,60,4,2,0.03775194399997872
s1_1000,S1-386790184,S2,US,selective_v2_compact,0,15,0,0,0,0,0,15,0,15,0.012700209999707113,15,0,0,30,119,72,0.0130159550000144,4,76,72,76,66,1,1,60,3,4,0.01633340099999714
s1_1000,S1-386790184,S3,US,selective_v2_compact,0,15,0,0,0,0,0,15,0,15,0.01409944699969401,15,0,0,30,96,66,0.014437330000077964,0,66,66,66,65,1,1,60,1,0,0.017420809000100235
s1_1000,S1-309029909,S2,India,selective_v2_compact,0,16,5,1,0,12,35,11,0,11,0.01799284699995951,78,15,50,23,337,295,0.018736353999997846,2,316,314,316,82,1,1,60,3,2,0.036266156000010596
s1_1000,S1-309029909,S3,India,selective_v2_compact,0,18,11,1,1,0,38,7,0,6,0.026149592000024313,78,6,44,15,298,274,0.026999294000006557,4,293,293,297,80,1,1,60,1,4,0.04176974400002109
s1_1000,S1-402701678,S2,US,selective_v2_compact,0,17,0,0,0,0,4,17,1,16,0.03826941299985265,21,0,4,34,275,243,0.038729505999981484,0,243,243,243,86,1,1,60,0,0,0.04861831200003053
s1_1000,S1-402701678,S3,US,selective_v2_compact,0,17,4,1,1,0,4,13,1,11,0.03898680500003593,21,0,4,26,292,277,0.03950196300002062,2,279,277,279,86,1,1,60,0,2,0.05245181800000864
s1_1000,S1-820304545,S2,India,selective_v2_compact,0,18,10,1,0,0,45,8,2,6,0.022187755000345533,78,15,60,16,324,299,0.02268507199994474,4,303,299,303,103,1,1,60,1,4,0.03705215400009365
s1_1000,S1-820304545,S3,India,selective_v2_compact,0,18,13,1,0,0,47,5,0,5,0.02094160599983752,78,6,53,10,303,300,0.02158467100002781,11,300,300,311,112,1,1,60,3,11,0.039187085999969895
s1_1000,S1-319446504,S2,US,selective_v2_compact,0,9,0,0,1,0,1,9,0,8,0.005595759000129874,10,0,1,18,200,195,0.005862713999931657,1,196,195,196,78,1,1,60,1,1,0.013573895000035918
s1_1000,S1-319446504,S3,US,selective_v2_compact,0,9,0,0,0,0,1,9,0,9,0.006095448999758446,10,0,1,18,239,218,0.006393298999910257,1,219,218,219,77,1,1,60,4,1,0.015161566000074345
s1_1000,S1-602660812,S2,India,selective_v2_compact,0,18,3,1,6,0,6,15,1,8,0.009391781999852356,55,1,7,32,450,347,0.01066716599996198,0,374,374,374,79,1,1,60,1,0,0.0323403510000162
s1_1000,S1-602660812,S3,India,selective_v2_compact,0,18,0,0,2,0,6,18,1,15,0.008314331000178754,66,1,7,39,371,247,0.009748216999923898,2,272,270,272,79,1,1,60,0,2,0.023309291999908055
s1_1000,S1-838816755,S2,US,selective_v2_compact,0,18,1,1,1,0,12,17,3,13,0.024540785999761283,45,6,18,34,305,257,0.02528921500004344,20,257,257,277,109,1,1,60,0,20,0.03685408399996959
s1_1000,S1-838816755,S3,US,selective_v2_compact,0,18,8,1,1,3,13,10,1,8,0.014373654000223723,45,6,19,20,282,271,0.015061034999916956,18,271,271,289,105,1,1,60,0,18,0.026850067000054878
s1_1000,S1-635610218,S2,US,selective_v2_compact,0,18,4,1,0,1,9,14,2,12,0.03903332700008377,28,0,9,28,305,262,0.03958066300003793,5,267,262,267,111,1,1,60,3,5,0.054706800999952065
s1_1000,S1-635610218,S3,US,selective_v2_compact,0,18,5,1,0,1,8,13,2,11,0.03847258299992973,28,1,9,26,294,256,0.03901770999993914,5,261,256,261,113,1,1,60,1,5,0.051078884000048674
s1_1000,S1-318608060,S2,India,selective_v2_compact,0,18,12,1,0,0,11,6,0,6,0.006131286000027103,45,3,14,12,339,327,0.0069309560000192505,2,329,327,329,115,1,1,60,3,2,0.0223859849999144
s1_1000,S1-318608060,S3,India,selective_v2_compact,0,18,7,1,3,0,12,11,1,7,0.01831983499994294,45,1,13,23,326,264,0.019163370000001123,1,303,302,303,119,1,1,60,0,1,0.03433572500000537
s1_1000,S1-68824362,S2,India,selective_v2_compact,0,18,3,1,0,0,23,15,0,15,0.01599799199982499,91,15,38,32,368,297,0.017408337999995638,1,320,319,320,100,1,1,60,2,1,0.0340373770000042
s1_1000,S1-68824362,S3,India,selective_v2_compact,0,18,0,0,0,0,28,18,2,16,0.015165254000407913,91,6,34,38,224,155,0.016506984999978158,0,170,170,170,97,1,1,60,2,0,0.027525034999939635
s1_1000,S1-627898987,S2,India,selective_v2_compact,0,18,9,1,0,0,13,9,0,9,0.013604936999968231,55,3,16,18,334,288,0.014608453999926496,0,288,288,288,111,1,1,60,0,0,0.030235896000021967
s1_1000,S1-627898987,S3,India,selective_v2_compact,0,18,11,1,0,0,12,7,0,7,0.010025472999927842,55,1,13,14,309,263,0.01106043499999032,2,265,263,265,96,1,1,60,4,2,0.023530949000019064
s1_1000,S1-873224394,S2,US,selective_v2_compact,0,18,0,0,11,0,0,18,1,6,0.013175937000255544,28,0,0,37,191,76,0.013802610999960052,0,162,162,162,88,1,1,60,1,0,0.02027555699999084
s1_1000,S1-873224394,S3,US,selective_v2_compact,0,18,2,1,0,0,2,16,1,15,0.019544907000295098,28,0,2,33,502,262,0.020275112000035733,1,389,388,389,115,1,1,60,2,1,0.038123536000057356
s1_1000,S1-528038666,S2,US,selective_v2_compact,0,18,12,1,4,0,3,6,0,2,0.011799285999927633,55,0,3,16,507,256,0.013029255999981615,1,483,482,483,102,1,1,60,0,1,0.032089552000002186
s1_1000,S1-528038666,S3,US,selective_v2_compact,0,18,12,1,1,0,8,6,0,5,0.01247984700012239,55,1,9,16,604,257,0.013581487999999808,1,485,484,485,98,1,1,60,1,1,0.03287948300010157
s1_1000,S1-993276054,S2,US,selective_v2_compact,0,18,0,0,6,0,2,18,1,11,0.007065451999778816,21,1,3,38,330,202,0.007553347999987636,0,292,292,292,111,1,1,60,0,0,0.02150073000007069
s1_1000,S1-993276054,S3,US,selective_v2_compact,0,17,0,0,9,0,3,17,0,8,0.00578679899990675,21,1,4,36,364,201,0.006260675000021365,0,321,321,321,104,1,1,60,0,0,0.019113826999955563
s1_1000,S1-625355978,S2,India,selective_v2_compact,0,18,5,1,0,0,36,13,2,11,0.01559034800027348,120,15,51,26,327,269,0.017359082999973907,1,270,269,270,75,1,1,60,2,1,0.0313347960000101
s1_1000,S1-625355978,S3,India,selective_v2_compact,0,18,6,1,0,0,42,12,0,12,0.03378587799977595,120,6,48,24,275,259,0.035507374999951935,0,259,259,259,88,1,1,60,1,0,0.05164969099996597
s1_1000,S1-411428383,S2,India,selective_v2_compact,0,18,10,1,0,0,45,8,0,8,0.018962434000059147,120,15,60,17,306,290,0.0204192780000767,0,295,295,295,111,1,1,60,1,0,0.0344377890000942
s1_1000,S1-411428383,S3,India,selective_v2_compact,0,18,10,1,0,0,52,8,0,8,0.02121802099998149,120,10,62,17,310,291,0.02261996499998986,1,299,298,299,111,1,1,60,1,1,0.039415259000065817
s1_1000,S1-877756741,S2,US,selective_v2_compact,0,18,9,1,3,0,3,9,0,6,0.008463206999977047,28,1,4,18,303,297,0.009082527000032314,1,298,297,298,117,1,1,60,2,1,0.022625130000051286
s1_1000,S1-877756741,S3,US,selective_v2_compact,0,18,9,1,0,0,4,9,0,9,0.009004893999986052,28,3,7,18,360,325,0.009621018999951048,1,326,325,326,87,1,1,60,3,1,0.030269733999944037
s1_1000,S1-264105075,S2,India,selective_v2_compact,0,18,6,1,0,0,36,12,0,12,0.02298078300020734,78,6,42,25,325,269,0.023885232999987238,2,299,297,299,112,1,1,60,1,2,0.039517022000040924
s1_1000,S1-264105075,S3,India,selective_v2_compact,0,18,11,1,0,0,30,7,0,7,0.018490026000108628,78,1,31,15,327,267,0.019644901999981812,1,305,304,305,88,1,1,60,3,1,0.03384532500001569
s1_1000,S1-364343116,S2,US,selective_v2_compact,0,18,10,1,2,0,1,8,0,6,0.009569159000079708,28,1,2,17,502,263,0.01025635799999236,1,495,494,495,113,1,1,60,2,1,0.03136672100004034
s1_1000,S1-364343116,S3,US,selective_v2_compact,0,18,8,1,1,0,3,10,0,9,0.008277938000105678,28,3,6,21,534,262,0.008901683999965826,0,511,511,511,116,1,1,60,1,0,0.04854690999991362
s1_1000,S1-708919835,S2,US,selective_v2_compact,0,18,2,1,3,0,11,16,2,11,0.017769983000221146,45,1,12,32,285,265,0.01862221800001862,3,265,265,268,98,1,1,60,3,3,0.031621623999967596
s1_1000,S1-708919835,S3,US,selective_v2_compact,0,18,6,1,0,0,15,12,3,9,0.022978382000019337,45,3,18,24,319,272,0.023686423999947692,3,275,272,275,100,1,1,60,5,3,0.03586352700006046
s1_1000,S1-424278368,S2,India,selective_v2_compact,0,18,1,1,0,0,16,17,2,15,0.016244741999798862,120,6,22,37,427,259,0.018577051999955074,1,324,323,324,96,1,1,60,1,1,0.03918742200005454
s1_1000,S1-424278368,S3,India,selective_v2_compact,0,18,3,1,0,0,15,15,1,14,0.015413076000186265,120,3,18,33,366,250,0.017789057000072717,2,306,304,306,94,1,1,60,2,2,0.03427748700005395
s1_1000,S1-350140550,S2,India,selective_v2_compact,0,18,0,0,4,0,15,18,1,13,0.008789508000063506,55,6,21,39,209,153,0.009631632999912654,8,183,175,183,104,1,1,60,1,8,0.018662214000073618
s1_1000,S1-350140550,S3,India,selective_v2_compact,0,18,10,1,1,0,13,8,1,6,0.015312585000060608,45,1,14,18,341,308,0.01610263899999609,15,327,327,342,97,1,1,60,1,15,0.03200521700000536
s1_1000,S1-224156764,S2,US,selective_v2_compact,0,16,0,0,0,0,5,16,1,15,0.03749920299992482,21,0,5,32,268,237,0.03793929599999046,1,238,237,238,87,1,1,60,2,1,0.048503810999932284
s1_1000,S1-224156764,S3,US,selective_v2_compact,0,16,0,0,0,0,5,16,1,15,0.039897309000025416,21,0,5,32,243,223,0.04034731000001557,0,223,223,223,89,1,1,60,1,0,0.05037662899997031
s1_1000,S1-991758781,S2,India,selective_v2_compact,0,18,4,1,0,0,8,14,2,12,0.011808963000135009,45,10,18,31,352,264,0.01252087099999244,12,299,287,299,103,1,1,60,2,12,0.026693494000028295
s1_1000,S1-991758781,S3,India,selective_v2_compact,0,18,0,0,0,5,10,18,2,16,0.008344772999748784,45,10,20,39,276,188,0.008989543999973648,35,205,203,238,111,1,1,60,2,35,0.020286622999947213
s1_1000,S1-253152547,S2,US,selective_v2_compact,0,18,6,1,3,0,8,12,0,9,0.026938923000216164,36,1,9,26,395,364,0.027693786000099863,0,371,371,371,80,1,1,60,0,0,0.04816635600002428
s1_1000,S1-253152547,S3,US,selective_v2_compact,0,18,6,1,3,0,8,12,0,9,0.02827548899983867,36,1,9,26,390,343,0.029056021999963377,1,349,348,349,77,1,1,60,2,1,0.05083115200000066
s1_1000,S1-349078782,S2,US,selective_v2_compact,0,18,2,1,4,0,2,16,0,12,0.03073061700024482,28,0,2,32,258,253,0.03137904200002595,0,253,253,253,86,1,1,60,0,0,0.042226614000014706
s1_1000,S1-349078782,S3,US,selective_v2_compact,0,18,1,1,1,0,2,17,0,16,0.03384196700051234,28,0,2,34,268,257,0.03452650300005189,0,257,257,257,88,1,1,60,0,0,0.04561028199998418
s1_1000,S1-755451588,S2,US,selective_v2_compact,0,18,0,0,5,0,5,18,0,13,0.02708350299974427,45,0,5,37,206,167,0.02804686300009962,1,182,181,182,78,1,1,60,5,1,0.03796683400003076
s1_1000,S1-755451588,S3,US,selective_v2_compact,0,18,8,1,0,0,10,10,1,9,0.02640721099999155,45,1,11,21,314,277,0.027271985999959725,1,291,290,291,81,1,1,60,5,1,0.04088251500002116
s1_1000,S1-253496965,S2,India,selective_v2_compact,0,18,5,1,0,0,11,13,2,11,0.011224840999830121,55,6,17,28,468,378,0.012267318999988674,1,412,411,412,104,1,1,60,1,1,0.034749553999972704
s1_1000,S1-253496965,S3,India,selective_v2_compact,0,18,9,1,0,0,13,9,2,7,0.006308822999926633,55,1,14,20,299,263,0.007342706999907023,1,289,288,289,118,1,1,60,1,1,0.020655041000054553
s1_1000,S1-586543605,S2,India,selective_v2_compact,0,15,8,1,0,0,25,7,0,7,0.014827315000047747,55,15,40,14,371,350,0.015306653999914488,8,358,350,358,110,1,1,60,2,8,0.035445346999949834
s1_1000,S1-586543605,S3,India,selective_v2_compact,0,18,10,1,0,0,28,8,2,6,0.01954902299985406,55,6,34,16,268,256,0.020146146000001863,11,267,256,267,117,1,1,60,1,11,0.03238584799998989
s1_1000,S1-309328944,S2,US,selective_v2_compact,0,18,13,1,0,0,1,5,0,5,0.004046333000019331,21,1,2,11,325,256,0.004571329999976115,7,303,296,303,117,1,1,60,1,7,0.016413031999945815
s1_1000,S1-309328944,S3,US,selective_v2_compact,0,18,8,1,0,0,1,10,1,9,0.006828342999824599,21,1,2,20,336,293,0.007384462999993957,9,302,293,302,99,1,1,60,3,9,0.021930645999987064
s1_1000,S1-877771962,S2,US,selective_v2_compact,0,18,13,1,1,0,6,5,0,4,0.013486707000197384,28,1,7,10,257,257,0.014036843000098997,0,257,257,257,80,1,1,60,0,0,0.024271801000054438
s1_1000,S1-877771962,S3,US,selective_v2_compact,0,18,7,1,1,0,6,11,1,9,0.022192160000031436,28,1,7,22,312,299,0.02277707799999007,0,299,299,299,108,1,1,60,2,0,0.038196060000018406
s1_1000,S1-881400809,S2,US,selective_v2_compact,0,12,0,0,0,0,2,12,0,12,0.0014453469998443325,15,1,3,27,128,78,0.0017068289999997432,3,88,85,88,65,1,1,60,3,3,0.0054896420000432045
s1_1000,S1-881400809,S3,US,selective_v2_compact,0,12,0,0,0,0,2,12,0,12,0.0016050489998633566,15,1,3,27,139,74,0.0018675280000479688,1,86,85,86,73,1,1,60,3,1,0.005554211000003306
s1_1000,S1-252959475,S2,India,selective_v2_compact,0,18,0,0,4,0,4,18,3,11,0.015525438000054237,36,1,5,37,312,210,0.016385374999913438,0,246,246,246,103,1,1,60,0,0,0.029090925999980755
s1_1000,S1-252959475,S3,India,selective_v2_compact,0,18,0,0,2,0,4,18,2,14,0.017855156000337047,36,0,4,37,298,226,0.018700562000049104,0,252,252,252,95,1,1,60,0,0,0.03226028200003839
s1_1000,S1-106566816,S2,US,selective_v2_compact,0,17,7,1,0,1,10,10,2,8,0.024494985000046654,28,0,10,21,430,251,0.02499990900003013,7,384,377,384,110,1,1,60,2,7,0.0401227459999518
s1_1000,S1-106566816,S3,US,selective_v2_compact,0,17,7,1,2,1,10,10,2,6,0.025658970000222325,28,0,10,21,454,264,0.02619764500002475,7,404,397,404,102,1,1,60,2,7,0.04251611699999103
s1_1000,S1-657748914,S2,India,selective_v2_compact,0,18,0,0,0,0,20,18,0,18,0.020827904000043418,120,1,21,40,249,123,0.02307597000003625,3,175,172,175,74,1,1,60,3,3,0.032473578000008274
s1_1000,S1-657748914,S3,India,selective_v2_compact,0,18,0,0,0,0,15,18,0,18,0.01824844500015388,120,1,16,40,326,216,0.02070070599995688,1,284,283,284,77,1,1,60,3,1,0.03605399599996417
s1_1000,S1-452747502,S2,US,selective_v2_compact,0,14,0,0,0,0,1,14,1,13,0.013013206000096034,15,0,1,29,329,242,0.013441333000059785,49,296,247,296,88,1,1,60,2,44,0.02482512099993528
s1_1000,S1-452747502,S3,US,selective_v2_compact,0,12,0,0,0,0,3,12,0,12,0.009572408000167343,15,0,3,25,242,156,0.009895100999983697,49,211,162,211,80,1,1,60,2,41,0.01839563399994404
s1_1000,S1-339021665,S2,India,selective_v2_compact,0,13,8,1,1,12,43,5,0,4,0.01822026500008178,78,10,53,11,273,265,0.01879881000002115,0,269,269,269,119,1,1,60,0,0,0.0317239950001067
s1_1000,S1-339021665,S3,India,selective_v2_compact,0,16,8,1,2,12,47,8,0,6,0.02586421700016217,78,3,50,17,289,283,0.026615616999947633,0,286,286,286,102,1,1,60,0,0,0.04184128700001111
s1_1000,S1-927465777,S2,US,selective_v2_compact,0,18,0,1,3,0,7,18,1,14,0.014974789999996574,36,3,10,37,277,251,0.01568037699996694,2,254,252,254,75,1,1,60,2,2,0.025619596999945315
s1_1000,S1-927465777,S3,US,selective_v2_compact,0,18,6,1,2,2,9,12,2,8,0.014896594000106234,36,6,15,25,289,278,0.015463299999964875,0,279,279,279,78,1,1,60,2,0,0.026775780999969356
s1_1000,S1-275292755,S2,India,selective_v2_compact,0,18,9,1,0,0,16,9,0,9,0.01501490400005423,78,10,26,20,385,279,0.016252283999961037,0,346,346,346,118,1,1,60,1,0,0.03701010299994323
s1_1000,S1-275292755,S3,India,selective_v2_compact,0,18,8,1,0,0,16,10,1,9,0.019327595999925506,78,6,22,21,321,276,0.020705351999936283,1,305,304,305,116,1,1,60,1,1,0.03506762600000002
s1_1000,S1-870147511,S2,India,selective_v2_compact,0,18,6,1,0,0,26,12,0,12,0.013888851999922736,120,3,29,24,288,252,0.016125998999996227,0,252,252,252,77,1,1,60,3,0,0.028564232000007905
s1_1000,S1-870147511,S3,India,selective_v2_compact,0,18,9,1,0,0,22,9,0,9,0.017718625999918913,120,0,22,19,341,295,0.019981148999931975,0,327,327,327,79,1,1,60,0,0,0.03610944800004745
s1_1000,S1-666016256,S2,US,selective_v2_compact,0,18,0,0,3,0,6,18,1,14,0.018595550000100047,28,0,6,37,215,101,0.01912577199993848,2,179,177,179,117,1,1,60,1,2,0.029130041999906098
s1_1000,S1-666016256,S3,US,selective_v2_compact,0,18,0,0,0,0,6,18,1,17,0.019945530999848415,28,0,6,37,251,124,0.0205680310000389,5,192,187,192,113,1,1,60,4,5,0.029289077000044017
s1_1000,S1-310651038,S2,US,selective_v2_compact,0,18,2,1,0,0,5,16,2,14,0.02414964700017208,45,1,6,33,388,329,0.02518221499997253,1,372,371,372,118,1,1,60,1,1,0.042998456999953305
s1_1000,S1-310651038,S3,US,selective_v2_compact,0,18,7,1,2,0,6,11,0,9,0.020606874000122843,45,1,7,23,394,321,0.021634680000033768,1,378,377,378,116,1,1,60,2,1,0.036784726999940176
s1_1000,S1-133609565,S2,India,selective_v2_compact,0,18,2,1,0,0,20,16,0,16,0.017023657999857278,66,6,26,33,363,254,0.018064062000007652,8,291,283,291,88,1,1,60,3,8,0.03596096100000068
s1_1000,S1-133609565,S3,India,selective_v2_compact,0,18,6,1,0,0,19,12,0,12,0.019029081999747177,66,3,22,25,349,254,0.02009348299998237,11,284,283,294,103,1,1,60,2,11,0.034323660000040945
s1_1000,S1-538988615,S2,US,selective_v2_compact,0,16,1,1,5,0,5,15,1,9,0.02225062100001196,21,0,5,31,299,250,0.022691083000040635,0,294,294,294,90,1,1,60,0,0,0.03452676599999904
s1_1000,S1-538988615,S3,US,selective_v2_compact,0,13,0,0,0,0,7,13,1,12,0.010757893999880253,21,1,8,27,177,99,0.011089760999993814,0,145,145,145,80,1,1,60,1,0,0.017401459999973667
s1_1000,S1-521533478,S2,US,selective_v2_compact,0,15,0,0,0,0,5,15,2,13,0.009227033999991363,21,1,6,31,121,92,0.009584336999978404,0,103,103,103,73,1,1,60,1,0,0.013869218999957411
s1_1000,S1-521533478,S3,US,selective_v2_compact,0,14,0,0,2,0,6,14,1,11,0.008225772999821857,21,1,7,29,149,109,0.008558278999998947,1,128,127,128,73,1,1,60,3,1,0.013809344000037527
s1_1000,S1-979640757,S2,US,selective_v2_compact,0,18,0,0,5,0,2,18,0,13,0.021536152000521724,21,0,2,37,275,199,0.0220247779999454,0,257,257,257,117,1,1,60,1,0,0.0337299239999993
s1_1000,S1-979640757,S3,US,selective_v2_compact,0,15,0,0,4,0,6,15,1,10,0.00900932599972748,21,0,6,31,186,92,0.009375186999932339,0,173,173,173,107,1,1,60,2,0,0.016638687999943613
s1_1000,S1-237040891,S2,India,selective_v2_compact,0,18,0,0,0,0,33,18,1,17,0.015682737000133784,105,21,54,37,174,127,0.01689235899993946,1,136,135,136,85,1,1,60,1,1,0.02522125699999833
s1_1000,S1-237040891,S3,India,selective_v2_compact,0,18,0,0,0,0,34,18,0,18,0.006405458000017461,105,21,55,37,171,109,0.00759029300002112,1,119,118,119,74,1,1,60,3,1,0.01369553500001075
s1_1000,S1-285122739,S2,US,selective_v2_compact,0,18,7,1,0,0,7,11,1,10,0.007744205000335569,36,1,8,22,307,299,0.00846843399995123,1,300,299,300,95,1,1,60,1,1,0.01986717599993426
s1_1000,S1-285122739,S3,US,selective_v2_compact,0,18,2,1,1,0,7,16,2,13,0.0146715010000662,36,1,8,32,277,257,0.01546693399996002,1,258,257,258,97,1,1,60,2,1,0.026615823000042838
s1_1000,S1-608905216,S2,US,selective_v2_compact,0,16,12,1,0,0,11,4,0,4,0.011760687000105463,28,1,12,8,273,268,0.012169029999995473,0,268,268,268,78,1,1,60,2,0,0.022536184000045978
s1_1000,S1-608905216,S3,US,selective_v2_compact,0,16,7,1,0,0,11,9,1,8,0.03002654299984897,28,1,12,18,265,263,0.030451113000026453,0,263,263,263,95,1,1,60,2,0,0.04110292000007121
s1_1000,S1-251563500,S2,India,selective_v2_compact,0,18,0,0,6,0,7,18,1,11,0.01163910900004339,55,0,7,38,244,222,0.012815541000009034,0,231,231,231,117,1,1,60,0,0,0.024064533000000665
s1_1000,S1-251563500,S3,India,selective_v2_compact,0,18,1,1,3,0,7,17,1,13,0.02309980699976677,55,0,7,36,307,280,0.024271919999932834,0,293,293,293,81,1,1,60,1,0,0.04490210799997385
s1_1000,S1-708368208,S2,US,selective_v2_compact,0,18,5,1,0,0,3,13,1,12,0.02384535400005916,21,0,3,27,342,288,0.0243530569999848,2,305,303,305,104,1,1,60,4,2,0.039126150000015514
s1_1000,S1-708368208,S3,US,selective_v2_compact,0,18,5,1,0,0,3,13,1,12,0.02537433099973896,21,0,3,27,348,305,0.025915220000001682,3,314,311,314,113,1,1,60,3,3,0.04616020599996773
s1_1000,S1-728715860,S2,US,selective_v2_compact,0,18,4,1,5,0,4,14,0,9,0.011213909000161948,36,1,5,28,303,288,0.012023194000107651,1,289,288,289,87,1,1,60,1,1,0.02605395499995211
s1_1000,S1-728715860,S3,US,selective_v2_compact,0,18,12,1,0,0,5,6,0,6,0.007696633000023212,36,3,8,12,273,258,0.0084196369999745,2,260,258,260,90,1,1,60,2,2,0.01906297400000767
s1_1000,S1-728437419,S2,India,selective_v2_compact,0,16,0,0,3,0,23,16,1,12,0.021114858000032655,45,6,29,32,136,130,0.02150886200001878,0,130,130,130,74,1,1,60,0,0,0.0277475670000058
s1_1000,S1-728437419,S3,India,selective_v2_compact,0,18,11,1,1,0,19,7,0,6,0.016947353000205112,45,3,22,14,315,311,0.017559005000066463,0,311,311,311,104,1,1,60,1,0,0.03384659300002113
s1_1000,S1-94056942,S2,US,selective_v2_compact,0,18,0,0,0,0,11,18,3,15,0.025752722999868638,45,3,14,37,461,241,0.02662530500003868,1,402,401,402,103,1,1,60,1,1,0.045156668000004174
s1_1000,S1-94056942,S3,US,selective_v2_compact,0,18,3,1,0,0,11,15,2,13,0.02284869400000389,45,3,14,31,478,254,0.023716637999996237,1,416,415,416,100,1,1,60,1,1,0.04110009500004708
s1_1000,S1-626087188,S2,US,selective_v2_compact,0,18,12,1,0,1,7,6,0,6,0.013926786999832075,28,1,8,12,272,265,0.014469168000005084,64,267,265,329,157,1,1,60,1,44,0.027345642000000225
s1_1000,S1-626087188,S3,US,selective_v2_compact,0,15,4,1,0,2,8,11,1,10,0.013468353999996907,28,3,11,22,302,260,0.013995445000091422,56,265,260,316,141,1,1,60,3,46,0.02700024399996437
s1_1000,S1-982554289,S2,India,selective_v2_compact,0,18,9,1,0,0,27,9,3,6,0.016757096000105776,66,6,33,18,314,305,0.017615658999943662,2,307,305,307,117,1,1,60,3,2,0.03495256500002597
s1_1000,S1-982554289,S3,India,selective_v2_compact,0,18,9,1,1,0,27,9,2,6,0.02108109600010266,66,3,30,18,309,287,0.02200408300006984,3,290,287,290,108,1,1,60,1,3,0.03646859800005586
s1_1000,S1-650945498,S2,US,selective_v2_compact,0,18,0,0,1,0,6,18,0,17,0.01394561999995858,28,1,7,36,289,247,0.01451689800001077,2,249,247,249,79,1,1,60,2,2,0.02541820299995834
s1_1000,S1-650945498,S3,US,selective_v2_compact,0,18,5,1,3,0,6,13,0,10,0.013660858000093867,28,1,7,26,312,297,0.01423723000004884,0,297,297,297,89,1,1,60,0,0,0.02849573599996802
s1_1000,S1-223141947,S2,US,selective_v2_compact,0,18,6,1,3,0,3,12,0,9,0.013106073999892942,21,0,3,24,261,254,0.01357542799996736,0,254,254,254,78,1,1,60,1,0,0.024057144000039443
s1_1000,S1-223141947,S3,US,selective_v2_compact,0,17,9,1,2,0,4,8,0,6,0.008752564000019447,21,0,4,16,275,273,0.00920049299998027,0,273,273,273,87,1,1,60,1,0,0.019926768999994238
s1_1000,S1-939186499,S2,US,selective_v2_compact,0,13,0,0,0,0,2,13,1,12,0.011575575999927423,15,0,2,26,137,125,0.011891299000012623,1,126,125,126,78,1,1,60,1,1,0.017039006999993944
s1_1000,S1-939186499,S3,US,selective_v2_compact,0,13,0,0,0,0,2,13,1,12,0.014049398000224755,15,0,2,26,188,167,0.014397521999967466,1,168,167,168,79,1,1,60,2,1,0.021288841999989927
s1_1000,S1-717657945,S2,US,selective_v2_compact,0,18,8,1,1,0,3,10,0,9,0.028250416999753725,21,0,3,21,437,337,0.028817248999985168,0,406,406,406,102,1,1,60,1,0,0.048013921999995546
s1_1000,S1-717657945,S3,US,selective_v2_compact,0,18,8,1,0,0,3,10,0,10,0.03059596300022349,21,0,3,21,409,300,0.03115519300001779,0,372,372,372,98,1,1,60,2,0,0.04775944300001811
s1_1000,S1-229514919,S2,US,selective_v2_compact,0,18,11,1,0,0,6,7,1,6,0.01944591800008766,28,0,6,14,257,250,0.019983732000014243,0,250,250,250,86,1,1,60,1,0,0.02978077900002063
s1_1000,S1-229514919,S3,US,selective_v2_compact,0,16,4,1,0,0,11,12,1,11,0.032153720999986035,28,1,12,24,336,323,0.03261302800001431,0,323,323,323,107,1,1,60,1,0,0.045490904000075716
s1_1000,S1-175958937,S2,India,selective_v2_compact,0,18,9,1,1,0,22,9,0,8,0.016536104000238083,55,6,28,18,345,324,0.01728893299991796,3,327,324,327,104,1,1,60,0,3,0.03704932899995583
s1_1000,S1-175958937,S3,India,selective_v2_compact,0,18,8,1,0,0,19,10,2,8,0.020054922999861446,55,3,22,20,330,316,0.020932469999934256,7,323,316,323,113,1,1,60,0,7,0.03890451999996003
s1_1000,S1-408524377,S2,India,selective_v2_compact,0,18,6,1,0,0,19,12,0,12,0.012283874999980071,78,10,29,25,401,289,0.01352654499999062,5,307,302,307,95,1,1,60,1,5,0.03125531900002443
s1_1000,S1-408524377,S3,India,selective_v2_compact,0,18,6,1,1,0,21,12,0,11,0.012521913000000495,78,6,27,25,334,251,0.013801677999936146,13,277,264,277,87,1,1,60,2,13,0.0268897979999565
s1_1000,S1-556310487,S2,US,selective_v2_compact,0,15,0,0,2,0,0,15,2,11,0.012477209000167022,15,0,0,30,88,81,0.012820020999924964,0,81,81,81,71,1,1,60,1,0,0.016315753999947447
s1_1000,S1-556310487,S3,US,selective_v2_compact,0,14,0,0,3,0,1,14,1,10,0.011086982999586326,15,0,1,28,134,124,0.01142434600001252,1,125,124,125,79,1,1,60,1,1,0.016844926999965537
s1_1000,S1-447515688,S2,India,selective_v2_compact,0,18,9,1,0,0,26,9,0,9,0.026693397999906665,78,21,47,18,382,323,0.02758095499996216,7,330,323,330,87,1,1,60,2,7,0.051522630999897956
s1_1000,S1-447515688,S3,India,selective_v2_compact,0,18,8,1,0,0,30,10,2,8,0.021528723999836075,78,10,40,20,303,254,0.022508950999963417,2,256,254,256,96,1,1,60,3,2,0.034369429999969725
s1_1000,S1-469262072,S2,US,selective_v2_compact,0,18,0,0,9,0,3,18,1,8,0.006242561999897589,36,1,4,38,240,215,0.007030309000015222,0,230,230,230,82,1,1,60,0,0,0.01628668699993341
s1_1000,S1-469262072,S3,US,selective_v2_compact,0,18,1,1,1,0,4,17,1,15,0.012596906000226227,36,3,7,36,437,332,0.013482983000017157,0,372,372,372,83,1,1,60,1,0,0.03486632200008444
s1_1000,S1-910511213,S2,India,selective_v2_compact,0,18,10,1,0,0,31,8,1,7,0.01754715399977158,66,10,41,16,261,256,0.018186469000056604,2,258,256,258,101,1,1,60,1,2,0.03266849400006322
s1_1000,S1-910511213,S3,India,selective_v2_compact,0,18,11,1,0,0,31,7,1,6,0.02046559499990508,66,6,37,14,313,304,0.021284950999984176,4,308,304,308,111,1,1,60,1,4,0.03996099300002243
s1_1000,S1-568262604,S2,India,selective_v2_compact,0,18,0,0,1,0,14,18,1,16,0.009057310000230245,120,21,35,42,322,110,0.011195856999961507,1,209,208,209,80,1,1,60,2,1,0.022255726999901526
s1_1000,S1-568262604,S3,India,selective_v2_compact,0,18,0,0,0,0,16,18,0,18,0.011481230999720538,120,21,37,42,373,156,0.013393491999977414,0,256,256,256,100,1,1,60,1,0,0.024999551000064457
s1_1000,S1-3965597,S2,India,selective_v2_compact,0,18,0,0,1,0,37,18,0,17,0.016209004000074856,120,28,65,39,241,158,0.01756167100006678,0,199,199,199,88,1,1,60,2,0,0.02849016000004667
s1_1000,S1-3965597,S3,India,selective_v2_compact,0,18,9,1,0,0,39,9,0,9,0.02519933999985824,120,21,60,21,349,305,0.026782328999956917,0,329,329,329,94,1,1,60,1,0,0.04610071199999766
s1_1000,S1-712267907,S2,US,selective_v2_compact,0,17,0,0,0,4,12,17,1,16,0.01759901900004479,36,3,15,34,191,133,0.018125410000038755,0,133,133,133,72,1,1,60,2,0,0.023713512000085757
s1_1000,S1-712267907,S3,US,selective_v2_compact,0,17,0,0,0,4,12,17,1,16,0.018479322999837677,36,3,15,34,202,154,0.01901007699996171,1,155,154,155,76,1,1,60,1,1,0.025479986000050303
s1_1000,S1-571269849,S2,US,selective_v2_compact,0,18,6,1,0,0,14,12,1,11,0.029509246999850802,45,6,20,25,448,281,0.030252720000021327,1,360,359,360,100,1,1,60,2,1,0.049557593000031375
s1_1000,S1-571269849,S3,US,selective_v2_compact,0,18,6,1,0,0,14,12,1,11,0.03234322100013287,45,6,20,25,460,278,0.033153445999914766,1,362,361,362,97,1,1,60,2,1,0.05305402299995876
s1_1000,S1-53898759,S2,US,selective_v2_compact,0,8,0,0,1,0,6,8,0,7,0.01919032399985099,15,1,7,16,119,114,0.019413983000049484,33,115,114,147,114,1,1,60,2,33,0.02543158699995729
s1_1000,S1-53898759,S3,US,selective_v2_compact,0,8,0,0,0,0,6,8,0,8,0.022192066999991766,15,1,7,16,156,139,0.022444238999923982,26,140,139,165,110,1,1,60,3,26,0.029011259000071732
s1_1000,S1-925577931,S2,US,selective_v2_compact,0,18,2,1,0,0,9,16,1,15,0.02343828699963524,36,1,10,34,640,344,0.024360575999935463,0,582,582,582,117,1,1,60,1,0,0.05602967400000125
s1_1000,S1-925577931,S3,US,selective_v2_compact,0,18,2,1,0,0,9,16,1,15,0.02425783599994702,36,1,10,34,657,367,0.02523223900004723,1,584,583,584,117,1,1,60,2,1,0.05336767599999348
s1_1000,S1-607322610,S2,India,selective_v2_compact,0,18,0,0,8,0,15,18,0,10,0.008490101000006689,45,3,18,40,236,188,0.009166992000018581,2,208,206,208,80,1,1,60,0,2,0.0193173630000274
s1_1000,S1-607322610,S3,India,selective_v2_compact,0,18,2,1,0,0,12,16,1,15,0.021482488000060584,45,3,15,36,414,282,0.02229372500005411,14,328,314,328,78,1,1,60,3,14,0.039899133999938385
s1_1000,S1-617480537,S2,US,selective_v2_compact,0,18,0,0,6,0,2,18,0,12,0.015249300999926163,36,0,2,36,189,149,0.016069395000045006,3,152,149,152,82,1,1,60,3,3,0.02314461299999948
s1_1000,S1-617480537,S3,US,selective_v2_compact,0,18,1,1,0,0,5,17,0,17,0.021572399000206133,36,1,6,35,348,258,0.022409203000052003,5,301,296,301,105,1,1,60,3,5,0.03888912000002165
s1_1000,S1-617714375,S2,US,selective_v2_compact,0,17,0,0,2,0,3,17,0,15,0.006510621999950672,21,1,4,36,228,199,0.006947993000039787,0,212,212,212,93,1,1,60,1,0,0.01560018099996796
s1_1000,S1-617714375,S3,US,selective_v2_compact,0,16,0,0,4,0,4,16,0,12,0.003991899999846282,21,1,5,34,132,102,0.00435323299996071,0,117,117,117,79,1,1,60,0,0,0.009236621000013656
s1_1000,S1-548687090,S2,India,selective_v2_compact,0,18,0,0,3,0,14,18,0,15,0.011734732999912012,66,6,20,40,264,117,0.012842427999999018,1,179,178,179,104,1,1,60,1,1,0.02172670200002358
s1_1000,S1-548687090,S3,India,selective_v2_compact,0,18,0,0,4,0,12,18,1,13,0.010978630999829875,66,6,18,40,287,139,0.012125336000053721,1,205,204,205,115,1,1,60,1,1,0.021730906000016148
s1_1000,S1-703174498,S2,India,selective_v2_compact,0,18,4,1,1,0,21,14,2,11,0.024023197000019536,66,6,27,29,366,274,0.025040480000029675,10,323,313,323,102,1,1,60,0,10,0.04441311899995526
s1_1000,S1-703174498,S3,India,selective_v2_compact,0,18,4,1,0,0,22,14,2,12,0.028917194999962703,66,3,25,30,494,334,0.03004962600005001,9,397,388,397,90,1,1,60,4,9,0.05318539100005637
s1_1000,S1-785764526,S2,India,selective_v2_compact,0,18,0,0,3,0,10,18,0,15,0.01253793700004735,55,1,11,39,234,184,0.013557573999946726,1,186,185,186,56,0,0,56,1,1,0.025086654999995517
s1_1000,S1-785764526,S3,India,selective_v2_compact,0,18,8,1,0,0,6,10,0,10,0.012044082000102208,55,1,7,23,297,273,0.013229004999971039,2,275,273,275,40,0,0,40,2,2,0.026259646000085013
s1_1000,S1-376767576,S2,US,selective_v2_compact,0,18,0,0,3,0,6,18,0,15,0.011308116000236623,28,1,7,37,231,190,0.011887161999993623,0,205,205,205,78,1,1,60,2,0,0.021829253000078097
s1_1000,S1-376767576,S3,US,selective_v2_compact,0,18,0,0,0,0,6,18,0,18,0.014296944000079748,28,1,7,37,253,197,0.014862866999919788,0,213,213,213,78,1,1,60,2,0,0.04392980799991619
s1_1000,S1-879036575,S2,US,selective_v2_compact,0,13,4,1,1,0,2,9,1,7,0.009514274999901318,15,0,2,18,304,285,0.009925246999955561,91,301,285,376,128,1,1,60,1,35,0.026689967999914188
s1_1000,S1-879036575,S3,US,selective_v2_compact,0,13,4,1,0,0,2,9,1,8,0.010414887000024464,15,0,2,18,330,311,0.010861238999950729,119,321,311,430,118,1,1,60,2,28,0.03532338299999083
s1_1000,S1-137109332,S2,India,selective_v2_compact,0,18,1,1,0,0,0,17,0,17,0.0052646789998789245,55,21,21,36,465,251,0.0062604360000477755,1,269,268,269,86,1,1,60,2,1,0.02188812700001108
s1_1000,S1-137109332,S3,India,selective_v2_compact,0,18,0,0,3,0,6,18,0,15,0.0088216420003846,55,15,21,38,353,232,0.009737391000044227,0,253,253,253,87,1,1,60,2,0,0.02487825800005794
s1_1000,S1-74161638,S2,US,selective_v2_compact,0,18,3,1,4,0,7,15,0,11,0.031390770999905726,55,1,8,30,280,257,0.032555276999914895,0,257,257,257,89,1,1,60,1,0,0.04520335699999123
s1_1000,S1-74161638,S3,US,selective_v2_compact,0,18,9,1,0,0,11,9,0,9,0.024231913000107852,55,3,14,18,283,266,0.025265042999990328,1,267,266,267,90,1,1,60,1,1,0.03626334900002348
s1_1000,S1-812960792,S2,India,selective_v2_compact,0,18,7,1,0,0,36,11,0,11,0.020411936000073183,105,21,57,23,427,338,0.021691109000016695,2,347,345,347,108,1,1,60,3,2,0.04437288899998748
s1_1000,S1-812960792,S3,India,selective_v2_compact,0,18,10,1,0,0,40,8,0,8,0.022979554999665197,105,15,55,17,308,290,0.024307112999963465,1,296,295,296,107,1,1,60,3,1,0.04013476099999025
s1_1000,S1-371328674,S2,India,selective_v2_compact,0,18,4,1,5,0,17,14,1,8,0.017287827000131983,55,6,23,30,318,300,0.018137958000011167,0,309,309,309,54,0,0,54,0,0,0.03302759199993943
s1_1000,S1-371328674,S3,India,selective_v2_compact,0,18,4,1,1,0,14,14,3,10,0.029973597999742196,55,1,15,30,302,278,0.030981106000012915,0,291,291,291,90,1,1,60,1,0,0.04800805499996841
s1_1000,S1-30617375,S2,India,selective_v2_compact,0,18,10,1,0,0,41,8,0,8,0.012679075000050943,105,15,56,16,309,289,0.01390629299999091,2,291,289,291,101,1,1,60,2,2,0.028217651000090882
s1_1000,S1-30617375,S3,India,selective_v2_compact,0,18,9,1,1,0,40,9,1,7,0.015434325000001081,105,6,46,19,346,272,0.016840922000028513,2,328,326,328,98,1,1,60,3,2,0.03283577999991394
s1_1000,S1-573726315,S2,US,selective_v2_compact,0,8,0,0,0,0,2,8,0,8,0.008080543999994916,10,0,2,16,117,99,0.008301209000023846,84,110,99,183,97,1,1,60,1,20,0.015050179000013486
s1_1000,S1-573726315,S3,US,selective_v2_compact,0,8,0,0,2,0,2,8,0,6,0.009391059000108726,10,0,2,16,123,107,0.009606996000002255,93,120,107,200,101,1,1,60,1,27,0.01747530199997982
s1_1000,S1-354085195,S2,India,selective_v2_compact,0,18,10,1,0,0,24,8,0,8,0.007722297000100298,105,21,45,18,303,264,0.009165456000005179,1,275,274,275,92,1,1,60,1,1,0.02376248299992767
s1_1000,S1-354085195,S3,India,selective_v2_compact,0,18,8,1,0,0,30,10,1,9,0.01471189300025344,105,6,36,22,372,304,0.016417154999999184,2,315,313,315,96,1,1,60,4,2,0.035439727000039056
s1_1000,S1-770102800,S2,US,selective_v2_compact,0,11,0,0,0,0,4,11,1,10,0.03161413899977106,15,0,4,23,343,184,0.03194012300002669,0,314,314,314,113,1,1,60,2,0,0.04434759799994481
s1_1000,S1-770102800,S3,US,selective_v2_compact,0,11,0,0,0,0,4,11,1,10,0.03306635699993876,15,0,4,23,380,186,0.033412449000024935,3,330,327,330,97,1,1,60,4,3,0.04689216299993859
s1_1000,S1-459488906,S2,US,selective_v2_compact,0,11,0,0,2,0,9,11,1,8,0.023419078000074478,21,1,10,22,185,173,0.02370543600000019,12,185,173,185,93,1,1,60,0,12,0.03102608799997597
s1_1000,S1-459488906,S3,US,selective_v2_compact,0,11,0,0,0,0,9,11,1,10,0.02479077200030133,21,1,10,22,240,214,0.025110679000022174,16,230,214,230,103,1,1,60,0,16,0.035086303000070984
s1_1000,S1-791044420,S2,US,selective_v2_compact,0,16,0,0,4,0,5,16,1,11,0.024273085000004357,21,0,5,33,280,166,0.02472254100007376,33,250,217,250,119,1,1,60,1,33,0.03470828400008941
s1_1000,S1-791044420,S3,US,selective_v2_compact,0,16,0,0,5,0,5,16,1,10,0.025919470000076217,21,0,5,34,333,191,0.026351975999887145,34,262,228,262,79,1,1,60,1,34,0.03692603100000724
s1_1000,S1-557931744,S2,US,selective_v2_compact,0,18,0,0,5,0,3,18,0,13,0.006609524000168676,45,1,4,40,417,132,0.007622736000030272,1,352,351,352,95,1,1,60,3,1,0.02199790600002416
s1_1000,S1-557931744,S3,US,selective_v2_compact,0,18,4,1,2,0,8,14,0,12,0.01895534100003715,45,3,11,31,632,346,0.019923745000028248,0,571,571,571,92,1,1,60,1,0,0.05220720900001652
s1_1000,S1-322467193,S2,US,selective_v2_compact,0,17,3,1,4,0,4,14,0,10,0.02771610500008137,21,0,4,28,254,253,0.028187561999970967,0,253,253,253,99,1,1,60,0,0,0.040303789999939
s1_1000,S1-322467193,S3,US,selective_v2_compact,0,16,0,0,2,0,5,16,0,14,0.031055749000074684,21,0,5,32,203,194,0.031482745000062096,0,194,194,194,96,1,1,60,0,0,0.040327126999955
s1_1000,S1-866419638,S2,India,selective_v2_compact,0,18,0,0,1,0,8,18,0,17,0.007158943000035833,55,6,14,39,257,190,0.008154924999985269,1,209,208,209,116,1,1,60,0,1,0.018080123999993702
s1_1000,S1-866419638,S3,India,selective_v2_compact,0,18,3,1,2,0,8,15,1,12,0.020116975999940223,45,1,9,32,359,313,0.021070011999995586,2,333,331,333,98,1,1,60,1,2,0.040944429999967724
s1_1000,S1-813797494,S2,India,selective_v2_compact,0,18,9,1,0,0,30,9,0,9,0.020501584999806255,105,10,40,19,403,287,0.02204845500000374,6,313,313,319,108,1,1,60,3,6,0.03859913099995538
s1_1000,S1-813797494,S3,India,selective_v2_compact,0,18,8,1,1,0,31,10,1,8,0.016731019999724595,105,3,34,21,349,300,0.018443491999960315,10,324,314,324,80,1,1,60,1,10,0.03623184700006732
s1_1000,S1-955186399,S2,US,selective_v2_compact,0,18,0,0,0,0,3,18,1,17,0.017507115000285012,36,1,4,37,299,239,0.018337434000045505,0,254,254,254,101,1,1,60,2,0,0.028533023000022695
s1_1000,S1-955186399,S3,US,selective_v2_compact,0,18,3,1,0,0,3,15,0,15,0.015457568000101674,36,1,4,31,313,251,0.016273788000034983,1,266,265,266,106,1,1,60,1,1,0.027011136999931296
s1_1000,S1-520103019,S2,US,selective_v2_compact,0,18,4,1,3,0,1,14,1,10,0.011859506000178044,21,0,1,28,453,298,0.012496994000002815,32,330,298,330,80,1,1,60,0,32,0.024829943999975512
s1_1000,S1-520103019,S3,US,selective_v2_compact,0,18,4,1,2,0,1,14,1,11,0.012303604000067025,21,0,1,28,434,287,0.012902633000066999,29,316,287,316,82,1,1,60,0,29,0.02509927999994943
s1_1000,S1-258185803,S2,India,selective_v2_compact,0,18,4,1,0,0,30,14,0,14,0.014152619000128652,120,6,36,30,456,288,0.016226422000045204,8,345,345,353,115,1,1,60,2,8,0.03743992900001558
s1_1000,S1-258185803,S3,India,selective_v2_compact,0,18,3,1,2,0,31,15,0,13,0.020413263999898845,120,3,34,32,410,314,0.02259083000001283,12,363,363,375,118,1,1,60,0,12,0.04501085200001853
s1_1000,S1-773472108,S2,US,selective_v2_compact,0,18,0,0,4,0,2,18,1,13,0.011005408999835709,21,1,3,37,361,180,0.011553470999956517,0,338,338,338,112,1,1,60,0,0,0.02785873800007721
s1_1000,S1-773472108,S3,US,selective_v2_compact,0,18,0,0,8,0,2,18,1,9,0.01155423799991695,21,1,3,37,373,188,0.012073629000042274,0,355,355,355,113,1,1,60,0,0,0.029401991999975507
s1_1000,S1-790850301,S2,US,selective_v2_compact,0,18,0,0,0,0,6,18,3,15,0.016191917999435645,36,1,7,38,346,245,0.016963222000072165,0,272,272,272,77,1,1,60,2,0,0.03733928199994807
s1_1000,S1-790850301,S3,US,selective_v2_compact,0,18,5,1,0,0,7,13,1,12,0.01195106399973156,36,1,8,28,428,328,0.012728585000104431,0,357,357,357,77,1,1,60,2,0,0.03221579400008068
s1_1000,S1-588443658,S2,US,selective_v2_compact,0,12,0,0,0,0,3,12,0,12,0.016548986000088917,15,0,3,24,203,172,0.016883237999991252,2,174,172,174,85,1,1,60,3,2,0.02389165099998536
s1_1000,S1-588443658,S3,US,selective_v2_compact,0,12,0,0,3,0,3,12,0,9,0.01773166200007381,15,0,3,24,217,210,0.01807886899996447,2,212,210,212,87,1,1,60,4,2,0.026511725999966984
s1_1000,S1-480966375,S2,US,selective_v2_compact,0,18,0,0,0,0,7,18,1,17,0.015504117000318729,45,1,8,38,438,87,0.01640269699998953,0,360,360,360,108,1,1,60,1,0,0.03238815599991085
s1_1000,S1-480966375,S3,US,selective_v2_compact,0,18,0,0,1,0,8,18,1,16,0.01593470399996022,45,1,9,37,199,143,0.01679601700004696,0,170,170,170,106,1,1,60,1,0,0.023732630000040444
s1_1000,S1-843890090,S2,India,selective_v2_compact,0,18,0,0,0,0,10,18,2,16,0.00722958799974549,78,15,25,39,253,149,0.00849079600004643,1,191,190,191,102,1,1,60,2,1,0.020272249999948144
s1_1000,S1-843890090,S3,India,selective_v2_compact,0,18,0,0,1,0,13,18,5,12,0.016010528999800044,66,10,23,38,258,122,0.017043361999981244,2,161,159,161,95,1,1,60,3,2,0.027896387999930994
s1_1000,S1-61871677,S2,US,selective_v2_compact,0,16,7,1,0,6,17,9,0,9,0.02886246599985043,45,6,23,20,507,294,0.02950121100002434,59,458,453,512,161,1,1,60,4,53,0.05214585900000657
s1_1000,S1-61871677,S3,US,selective_v2_compact,0,11,6,1,0,2,17,5,0,5,0.024259794999807127,36,6,23,11,473,290,0.02467181999998047,53,455,455,508,168,1,1,60,1,51,0.04538684099998136
s1_1000,S1-260598709,S2,US,selective_v2_compact,0,18,11,1,0,0,7,7,0,7,0.013955921000047056,28,1,8,14,301,277,0.0144845739999937,2,279,277,279,77,1,1,60,2,2,0.02536048199999641
s1_1000,S1-260598709,S3,US,selective_v2_compact,0,17,9,1,0,1,7,8,0,8,0.010816715000032673,28,3,10,16,260,250,0.011289934000046742,1,251,250,251,78,1,1,60,2,1,0.021258327000055033
s1_1000,S1-845153701,S2,US,selective_v2_compact,0,18,6,1,0,0,12,12,3,9,0.017948836000073243,45,1,13,24,323,312,0.018787274000032994,1,312,312,313,108,1,1,60,1,1,0.031353687999967406
s1_1000,S1-845153701,S3,US,selective_v2_compact,0,18,0,0,0,0,13,18,5,13,0.0329451349999772,45,1,14,36,377,214,0.03378861099997721,2,215,214,216,93,1,1,60,1,2,0.043276458000036655
s1_1000,S1-849079218,S2,US,selective_v2_compact,0,15,0,0,2,0,0,15,0,13,0.004641989000333524,15,0,0,30,102,85,0.004970698999954948,1,86,85,86,52,0,0,52,2,1,0.008601834000046438
s1_1000,S1-849079218,S3,US,selective_v2_compact,0,15,0,0,1,0,0,15,0,14,0.005586470000025656,15,0,0,30,138,121,0.005933151000022008,0,121,121,121,57,0,0,57,1,0,0.011092378000057579
s1_1000,S1-182087716,S2,US,selective_v2_compact,0,18,5,1,3,0,6,13,0,10,0.02116103599996677,28,1,7,26,276,262,0.021735231999969074,0,262,262,262,87,1,1,60,0,0,0.03407293500004016
s1_1000,S1-182087716,S3,US,selective_v2_compact,0,18,5,1,0,0,6,13,0,13,0.0227260680001109,28,1,7,26,308,288,0.023311628999977074,1,289,288,289,84,1,1,60,1,1,0.0378206370000953
s1_1000,S1-143018597,S2,US,selective_v2_compact,0,18,4,1,0,0,1,14,0,14,0.03323869799999102,21,0,1,28,296,254,0.033777814000018225,3,257,254,257,84,1,1,60,3,3,0.04379322299996602
s1_1000,S1-143018597,S3,US,selective_v2_compact,0,18,0,0,0,0,2,18,0,18,0.02870150499995816,21,0,2,36,290,243,0.02925834500001656,1,244,243,244,95,1,1,60,2,1,0.03942650900000899
s1_1000,S1-497491595,S2,US,selective_v2_compact,0,18,0,0,8,0,2,18,1,9,0.01574936399993021,28,0,2,39,325,157,0.01636556800008293,0,238,238,238,106,1,1,60,1,0,0.027337921000025744
s1_1000,S1-497491595,S3,US,selective_v2_compact,0,18,0,0,4,0,2,18,1,13,0.016657421999980215,28,0,2,38,321,170,0.017314471000076992,1,198,197,198,72,1,1,60,3,1,0.025424669000017275
s1_1000,S1-840845463,S2,US,selective_v2_compact,0,12,0,0,1,0,3,12,1,10,0.014837001999921995,15,0,3,24,241,219,0.01518084099996031,0,219,219,219,87,1,1,60,2,0,0.02376933599998665
s1_1000,S1-840845463,S3,US,selective_v2_compact,0,12,0,1,1,0,3,12,1,10,0.01620078600024044,15,0,3,24,294,261,0.01660930200000621,1,262,261,262,87,1,1,60,1,1,0.027123451000079513
s1_1000,S1-514427791,S2,US,selective_v2_compact,0,13,0,0,0,0,1,13,0,13,0.003203949000067041,15,1,2,29,434,70,0.0035433289999673434,5,321,316,321,76,1,1,60,3,5,0.01582454599997618
s1_1000,S1-514427791,S3,US,selective_v2_compact,0,13,0,0,0,0,1,13,0,13,0.003357645999926717,15,1,2,28,231,120,0.00370248400008677,2,148,146,148,76,1,1,60,1,2,0.009759333999909359
s1_1000,S1-707712795,S2,India,selective_v2_compact,0,18,7,1,0,0,10,11,1,10,0.016292450000150893,55,3,13,25,293,259,0.01737848599998415,3,261,260,263,115,1,1,60,1,3,0.03004517500005477
s1_1000,S1-707712795,S3,India,selective_v2_compact,0,18,0,0,4,0,11,18,2,12,0.02290718099982314,55,1,12,39,215,179,0.023932432000037807,4,183,181,185,116,1,1,60,3,4,0.033279267000011714
s1_1000,S1-566917738,S2,India,selective_v2_compact,0,18,0,0,0,0,10,18,2,16,0.014856332000022121,36,1,11,37,283,227,0.01551947499990547,2,242,240,242,88,1,1,60,1,2,0.028880203000085203
s1_1000,S1-566917738,S3,India,selective_v2_compact,0,18,5,1,0,0,8,13,1,12,0.021440586999688094,36,0,8,27,319,279,0.022167182999965007,3,297,294,297,102,1,1,60,1,3,0.03925618799996755
s1_1000,S1-959142386,S2,US,selective_v2_compact,0,18,0,0,5,0,4,18,1,12,0.012473228000203562,36,0,4,37,135,117,0.013215484000056676,1,124,123,124,77,1,1,60,3,1,0.01840107700002136
s1_1000,S1-959142386,S3,US,selective_v2_compact,0,18,0,1,4,0,5,18,1,13,0.014549498000178573,45,0,5,36,281,263,0.015559965999955239,1,264,263,264,82,1,1,60,2,1,0.031639347000009366
s1_1000,S1-635056779,S2,US,selective_v2_compact,0,12,4,1,0,0,3,8,0,8,0.02005245200018635,15,0,3,17,401,282,0.020416614000055233,1,383,382,383,112,1,1,60,2,1,0.03509605900001134
s1_1000,S1-635056779,S3,US,selective_v2_compact,0,12,4,1,2,0,3,8,0,6,0.021515079000096193,15,0,3,17,484,364,0.021912008000072092,0,467,467,467,114,1,1,60,2,0,0.0498837510000385
s1_1000,S1-918291535,S2,US,selective_v2_compact,0,18,0,0,0,0,4,18,2,16,0.013095800999849416,36,1,5,39,305,206,0.013870187999941663,2,221,219,221,74,1,1,60,5,2,0.02339657499999248
s1_1000,S1-918291535,S3,US,selective_v2_compact,0,18,7,1,0,0,3,11,2,9,0.06717824999998356,36,3,6,25,279,251,0.0679889620000722,1,256,255,256,78,1,1,60,2,1,0.07871810599999662
s1_1000,S1-232298053,S2,US,selective_v2_compact,0,18,0,0,0,0,1,18,1,17,0.006239725000114049,21,0,1,39,402,177,0.006773053000074469,3,320,317,320,107,1,1,60,4,3,0.022030181000104676
s1_1000,S1-232298053,S3,US,selective_v2_compact,0,18,0,0,6,0,1,18,1,11,0.006273756999917168,21,0,1,39,315,173,0.006781728999953884,1,297,296,297,111,1,1,60,2,1,0.022405529999900864
s1_1000,S1-972777978,S2,US,selective_v2_compact,0,18,7,1,0,0,5,11,0,11,0.012433809999947698,28,1,6,23,313,289,0.013023773999975674,1,292,291,292,77,1,1,60,3,1,0.024590912999997272
s1_1000,S1-972777978,S3,US,selective_v2_compact,0,18,3,1,0,0,6,15,0,15,0.015045855000153097,28,1,7,31,297,258,0.015595009999969989,1,261,260,261,93,1,1,60,2,1,0.027692055999978038
s1_1000,S1-939107867,S2,India,selective_v2_compact,0,18,10,1,0,0,32,8,0,8,0.010022628999990957,91,10,42,18,428,341,0.011278913000069224,5,347,342,347,79,1,1,60,3,5,0.028335484000081124
s1_1000,S1-939107867,S3,India,selective_v2_compact,0,18,9,1,0,0,34,9,1,8,0.014341698000066572,91,3,37,20,367,331,0.015685703999906764,11,343,332,343,80,1,1,60,1,11,0.038537080000082824
s1_1000,S1-410986076,S2,US,selective_v2_compact,0,18,8,1,1,0,13,10,2,7,0.03944332600030975,36,1,14,21,424,354,0.04009088800000882,44,415,414,458,159,1,1,60,0,44,0.06343228299999737
s1_1000,S1-410986076,S3,US,selective_v2_compact,0,18,8,1,1,0,13,10,2,7,0.04129140200029724,36,1,14,21,434,358,0.04195960300000934,35,426,426,461,154,1,1,60,0,35,0.06703479099996912
s1_1000,S1-586341558,S2,India,selective_v2_compact,0,18,4,1,0,0,35,14,3,11,0.01269948000003751,91,15,50,28,314,252,0.01380484300000262,36,254,252,288,135,1,1,60,4,36,0.02830604299992956
s1_1000,S1-586341558,S3,India,selective_v2_compact,0,18,3,1,0,0,34,15,5,10,0.024569668000140155,91,10,44,30,350,334,0.025851588000023185,49,337,334,383,129,1,1,60,3,42,0.04893053999990116
s1_1000,S1-326725359,S2,US,selective_v2_compact,0,18,1,1,0,0,12,17,1,16,0.05841946400005327,36,1,13,35,733,259,0.05917771500003255,13,514,501,514,108,1,1,60,1,13,0.08083755699999529
s1_1000,S1-326725359,S3,US,selective_v2_compact,0,18,7,1,0,0,12,11,1,10,0.03681027000004633,36,1,13,23,590,261,0.03747826100004659,17,491,474,491,99,1,1,60,4,17,0.05705847499996253
s1_1000,S1-353308813,S2,US,selective_v2_compact,0,11,0,0,0,0,4,11,0,11,0.012657064999984868,15,0,4,22,74,67,0.01288312200006203,0,67,67,67,66,1,1,60,2,0,0.01586823100001311
s1_1000,S1-353308813,S3,US,selective_v2_compact,0,11,0,0,0,0,4,11,0,11,0.014058981000061976,15,0,4,22,109,91,0.014312870000026123,1,92,91,92,78,1,1,60,3,1,0.018097236000016892
s1_1000,S1-132364004,S2,India,selective_v2_compact,0,18,1,1,4,0,17,17,0,13,0.009987305000095148,105,15,32,38,596,297,0.011816098000053898,0,329,329,329,101,1,1,60,0,0,0.03190628300001208
s1_1000,S1-132364004,S3,India,selective_v2_compact,0,18,0,0,4,0,21,18,1,13,0.011886178999702679,105,10,31,40,316,199,0.013722142999995413,1,228,227,228,95,1,1,60,1,1,0.026417723000008664
s1_1000,S1-198077365,S2,US,selective_v2_compact,0,18,0,0,5,0,8,18,2,11,0.019188254999789933,36,1,9,37,395,200,0.019918698000083168,0,265,265,265,118,1,1,60,0,0,0.03043102699996325
s1_1000,S1-198077365,S3,US,selective_v2_compact,0,18,0,0,2,0,9,18,1,15,0.019312983999725475,36,1,10,37,549,215,0.020065607999981694,1,300,299,300,114,1,1,60,1,1,0.032099539999990157
s1_1000,S1-272648186,S2,US,selective_v2_compact,0,12,0,0,0,0,2,12,0,12,0.0037194660001205193,15,1,3,27,151,69,0.004002832999958628,119,116,109,228,115,1,1,60,1,46,0.012901634999934686
s1_1000,S1-272648186,S3,US,selective_v2_compact,0,7,0,0,0,0,2,7,0,7,0.004014889000018229,10,1,3,14,109,90,0.00421213100003115,112,98,90,202,116,1,1,60,2,47,0.012001221999980771
s1_1000,S1-20672382,S2,US,selective_v2_compact,0,18,13,1,1,0,17,5,0,4,0.01263530400012769,78,1,18,10,294,278,0.014059962999908748,12,290,278,290,83,1,1,60,2,12,0.025626439999996364
s1_1000,S1-20672382,S3,US,selective_v2_compact,0,18,8,1,2,0,25,10,2,6,0.020450391999929707,78,3,28,21,513,274,0.021691537000037897,6,506,506,512,114,1,1,60,0,6,0.042341132000046855
s1_1000,S1-835228831,S2,US,selective_v2_compact,0,18,0,0,0,0,4,18,0,18,0.00570494199996574,28,1,5,38,398,142,0.006281764999926054,1,306,305,306,95,1,1,60,3,1,0.01867770899991683
s1_1000,S1-835228831,S3,US,selective_v2_compact,0,18,0,0,5,0,4,18,0,13,0.006048405999763418,28,1,5,38,387,150,0.0066424909999796,0,305,305,305,97,1,1,60,2,0,0.02272610399995756
s1_1000,S1-851151897,S2,India,selective_v2_compact,0,18,0,0,0,0,23,18,0,18,0.012416709999797604,105,15,38,41,439,207,0.014109371000017745,1,318,317,318,105,1,1,60,1,1,0.03561398899989854
s1_1000,S1-851151897,S3,India,selective_v2_compact,0,18,0,0,2,0,25,18,1,15,0.010150031999728526,105,10,35,40,297,150,0.011857554999892272,1,214,213,214,103,1,1,60,3,1,0.027059366000003138
s1_1000,S1-423722776,S2,US,selective_v2_compact,0,18,11,1,1,0,6,7,0,6,0.015205253999852175,28,1,7,14,267,266,0.01572828500002288,0,266,266,266,117,1,1,60,0,0,0.02623651199996857
s1_1000,S1-423722776,S3,US,selective_v2_compact,0,18,12,1,1,1,7,6,0,5,0.012715985999989243,28,1,8,12,258,256,0.013228817000026538,0,256,256,256,98,1,1,60,2,0,0.023733850999974493
s1_1000,S1-542941807,S2,India,selective_v2_compact,0,12,0,0,0,18,62,12,1,11,0.009771576999924036,120,28,90,25,98,33,0.010364121999941744,0,47,47,47,47,0,0,47,1,0,0.013200083000015184
s1_1000,S1-542941807,S3,India,selective_v2_compact,0,17,8,1,3,18,70,9,1,5,0.024154102000011335,120,15,85,20,361,287,0.025052034000054846,0,348,348,348,102,1,1,60,0,0,0.041828387999998995
s1_1000,S1-77568999,S2,India,selective_v2_compact,0,18,12,1,0,0,19,6,0,6,0.010315715000274395,66,10,29,12,271,263,0.011268097000083799,0,263,263,263,85,1,1,60,1,0,0.024046897999937755
s1_1000,S1-77568999,S3,India,selective_v2_compact,0,18,10,1,0,0,25,8,1,7,0.01582709399997384,66,6,31,16,302,289,0.016733152000028895,4,289,289,293,89,1,1,60,1,4,0.0340784510000276
s1_1000,S1-281915633,S2,US,selective_v2_compact,0,18,4,1,0,0,2,14,0,14,0.011232159000201136,28,0,2,29,477,323,0.01198304999991251,3,409,406,409,102,1,1,60,3,3,0.02784911599997031
s1_1000,S1-281915633,S3,US,selective_v2_compact,0,18,2,1,2,0,2,16,1,13,0.020340990000136117,28,0,2,33,489,324,0.0210861019999129,2,417,415,417,106,1,1,60,2,2,0.04281125400007113
s1_1000,S1-431297138,S2,India,selective_v2_compact,0,18,0,1,0,0,15,18,0,18,0.007415952000201287,78,21,36,37,461,282,0.008555609999916669,1,302,301,302,93,1,1,60,2,1,0.0453447040000583
s1_1000,S1-431297138,S3,India,selective_v2_compact,0,18,3,1,1,0,21,15,0,14,0.006538407000221014,78,15,36,31,329,252,0.007604999000022872,0,267,267,267,101,1,1,60,1,0,0.02206206299990754
s1_1000,S1-612842808,S2,US,selective_v2_compact,0,17,11,1,0,2,8,6,0,6,0.011021972999969876,28,1,9,12,310,307,0.01155241300000398,0,307,307,307,85,1,1,60,1,0,0.025834702999986803
s1_1000,S1-612842808,S3,US,selective_v2_compact,0,17,11,1,0,2,8,6,0,6,0.011637137999969127,28,1,9,12,344,332,0.0121567229999755,1,333,332,333,87,1,1,60,3,1,0.03044421799995689
s1_1000,S1-520412269,S2,India,selective_v2_compact,0,18,10,1,0,0,17,8,0,8,0.02880948699998953,66,1,18,17,367,322,0.030034667999984777,7,328,326,333,110,1,1,60,5,7,0.04937552599994888
s1_1000,S1-520412269,S3,India,selective_v2_compact,0,18,4,1,0,0,12,14,1,13,0.030855170999871007,66,0,12,29,335,294,0.03218722799999796,8,303,295,303,103,1,1,60,3,8,0.04923624900004597
s1_1000,S1-787210794,S2,US,selective_v2_compact,0,16,0,0,0,0,4,16,1,15,0.014544736999937413,21,1,5,33,298,213,0.014988743999992948,2,238,236,238,96,1,1,60,3,2,0.024637127999994846
s1_1000,S1-787210794,S3,US,selective_v2_compact,0,16,0,0,2,0,4,16,1,13,0.015014802999985477,21,1,5,33,257,209,0.015452204999974128,3,233,230,233,103,1,1,60,2,3,0.02517120699997122
s1_1000,S1-124462211,S2,US,selective_v2_compact,0,18,0,0,3,0,7,18,1,14,0.012761285000010503,45,1,8,38,245,183,0.013650704000042424,0,226,226,226,90,1,1,60,1,0,0.029168769999955657
s1_1000,S1-124462211,S3,US,selective_v2_compact,0,18,0,0,0,0,7,18,1,17,0.014587908999942556,45,1,8,38,335,238,0.015522946000032789,1,285,284,285,103,1,1,60,2,1,0.035417574000007335
s1_1000,S1-51865922,S2,US,selective_v2_compact,0,18,0,0,0,0,1,18,0,18,0.003866737000066678,21,0,1,38,246,122,0.004343311000070571,0,193,193,193,111,1,1,60,3,0,0.01224307100005717
s1_1000,S1-51865922,S3,US,selective_v2_compact,0,18,0,0,0,0,1,18,0,18,0.004025980000164964,21,0,1,38,236,144,0.0045129220000035275,1,205,204,205,112,1,1,60,2,1,0.012837477000061881
s1_1000,S1-350834708,S2,India,selective_v2_compact,0,18,10,1,1,0,25,8,0,7,0.010841068000104315,91,21,46,16,296,290,0.011940691000063453,3,293,290,293,112,1,1,60,0,3,0.02648634900003799
s1_1000,S1-350834708,S3,India,selective_v2_compact,0,18,9,1,1,0,28,9,2,6,0.013708477000136554,91,15,43,18,287,283,0.01487799400001677,2,283,283,285,109,1,1,60,2,2,0.03212182300001132
s1_1000,S1-923292062,S2,US,selective_v2_compact,0,18,8,1,2,0,15,10,1,7,0.03014013699998941,78,1,16,20,299,262,0.03159050900001148,7,262,262,269,119,1,1,60,4,7,0.04261507799992614
s1_1000,S1-923292062,S3,US,selective_v2_compact,0,18,10,1,0,0,20,8,1,7,0.01933583500021996,78,10,30,16,338,258,0.02060997999990377,8,258,258,266,104,1,1,60,2,8,0.03427869699999064
s1_1000,S1-990218012,S2,US,selective_v2_compact,0,14,5,1,0,0,1,9,0,9,0.006420717000196419,15,0,1,19,353,288,0.00684711199994581,1,342,341,342,82,1,1,60,1,1,0.020417545999976028
s1_1000,S1-990218012,S3,US,selective_v2_compact,0,14,5,1,1,0,1,9,0,8,0.006710772999895198,15,0,1,19,373,307,0.00714593899999727,2,353,351,353,83,1,1,60,3,2,0.02164636900010919
s1_1000,S1-423224877,S2,US,selective_v2_compact,0,18,1,1,4,0,2,17,1,12,0.031713949999584656,21,0,2,35,262,252,0.0322766080000747,0,253,253,253,103,1,1,60,1,0,0.04471430299997792
s1_1000,S1-423224877,S3,US,selective_v2_compact,0,18,0,0,0,0,3,18,1,17,0.03190730500011796,21,0,3,37,206,164,0.0324187600000414,1,167,166,167,110,1,1,60,2,1,0.0423603379999804
s1_1000,S1-878547730,S2,India,selective_v2_compact,0,18,0,0,1,0,22,18,2,15,0.021990845000118497,91,10,32,38,315,244,0.023489581000035287,1,249,248,249,91,1,1,60,0,1,0.03730806600003689
s1_1000,S1-878547730,S3,India,selective_v2_compact,0,18,8,1,0,0,21,10,0,10,0.01800466100007725,78,6,27,21,298,260,0.019228328999929545,0,269,269,269,76,1,1,60,1,0,0.03285121499993693
s1_1000,S1-807591789,S2,US,selective_v2_compact,0,18,0,0,6,0,3,18,0,12,0.00588948399979472,28,1,4,37,235,152,0.0065066209999713465,94,177,175,269,136,1,1,60,4,44,0.016953626000031363
s1_1000,S1-807591789,S3,US,selective_v2_compact,0,16,10,1,1,2,7,6,0,5,0.012813462000053732,28,3,10,12,263,255,0.013289561999954458,95,256,255,350,157,1,1,60,0,35,0.02761388600004011
s1_1000,S1-944458772,S2,India,selective_v2_compact,0,18,7,1,0,0,33,11,0,11,0.018916697000008753,120,15,48,22,293,257,0.02066043100001025,1,258,257,258,98,1,1,60,4,1,0.034150114999988546
s1_1000,S1-944458772,S3,India,selective_v2_compact,0,18,7,1,0,0,34,11,0,11,0.018645025000182613,120,10,44,22,311,302,0.020598089000031905,0,302,302,302,106,1,1,60,1,0,0.03907783600004677
s1_1000,S1-163959939,S2,India,selective_v2_compact,0,18,9,1,0,0,31,9,0,9,0.01981770100007907,120,10,41,19,294,264,0.02178452999999081,0,271,271,271,110,1,1,60,3,0,0.0351727419999861
s1_1000,S1-163959939,S3,India,selective_v2_compact,0,18,7,1,1,0,24,11,1,9,0.02660928899990722,120,1,25,23,285,264,0.02882625699999153,0,268,268,268,109,1,1,60,1,0,0.04189465999991171
s1_1000,S1-853088463,S2,India,selective_v2_compact,0,18,3,1,3,0,8,15,1,11,0.011157158000287382,45,6,14,31,385,311,0.01204565399996227,0,318,318,318,79,1,1,60,0,0,0.03100387100005264
s1_1000,S1-853088463,S3,India,selective_v2_compact,0,18,0,0,0,0,8,18,2,16,0.011027984999600449,45,6,14,37,330,242,0.011844554000049357,1,253,252,253,85,1,1,60,1,1,0.026430125000047155
s1_1000,S1-419879346,S2,India,selective_v2_compact,0,18,10,1,0,0,32,8,1,7,0.023216291999915484,78,15,47,16,298,288,0.02404084799991324,0,288,288,288,105,1,1,60,1,0,0.04345847900003719
s1_1000,S1-419879346,S3,India,selective_v2_compact,0,18,12,1,0,0,30,6,0,6,0.014622357000234842,78,15,45,12,293,284,0.015485540999975456,1,284,284,285,103,1,1,60,2,1,0.029983206999986578
s1_1000,S1-614934580,S2,US,selective_v2_compact,0,18,0,0,7,0,6,18,2,9,0.009308623000038097,45,0,6,38,142,90,0.010206110000012814,0,107,107,107,63,1,1,60,1,0,0.01491148599995995
s1_1000,S1-614934580,S3,US,selective_v2_compact,0,18,0,0,0,0,10,18,3,15,0.020844284999839147,45,1,11,38,273,206,0.02170432700006586,0,227,227,227,108,1,1,60,1,0,0.034066820000020925
s1_1000,S1-151748140,S2,India,selective_v2_compact,0,18,8,1,0,0,39,10,1,9,0.020661685999812107,120,10,49,20,280,269,0.022450994999985596,5,269,269,274,84,1,1,60,2,5,0.03816799399999127
s1_1000,S1-151748140,S3,India,selective_v2_compact,0,18,9,1,1,0,36,9,1,7,0.0206220290000374,120,6,42,18,253,250,0.022471424000059415,11,251,250,261,85,1,1,60,1,11,0.036630422000030194
s1_1000,S1-150168984,S2,India,selective_v2_compact,0,18,10,1,0,4,22,8,0,8,0.014621127000054912,55,10,32,16,350,331,0.015284924000070532,5,336,331,336,116,1,1,60,1,5,0.03757967399997142
s1_1000,S1-150168984,S3,India,selective_v2_compact,0,18,11,1,0,0,21,7,1,6,0.016420183999912297,55,10,31,15,387,342,0.017151189999935923,7,383,376,383,96,1,1,60,1,7,0.039737695999974676
s1_1000,S1-905791445,S2,US,selective_v2_compact,0,18,5,1,0,0,3,13,0,13,0.01726386700022431,21,0,3,27,364,260,0.017828242999939903,5,293,288,293,89,1,1,60,5,5,0.033891473999915434
s1_1000,S1-905791445,S3,US,selective_v2_compact,0,18,7,1,0,0,3,11,0,11,0.01494416399975762,21,0,3,23,315,253,0.01543637800000397,4,284,280,284,92,1,1,60,3,4,0.026884091000056287
s1_1000,S1-945761456,S2,US,selective_v2_compact,0,18,0,0,5,0,0,18,2,11,0.010345093000069028,36,1,1,36,115,102,0.011165505000008125,0,102,102,102,89,1,1,60,1,0,0.016368803999966985
s1_1000,S1-945761456,S3,US,selective_v2_compact,0,18,1,1,0,0,2,17,1,16,0.01398061600013989,36,3,5,34,309,286,0.014823302999957377,1,287,286,287,116,1,1,60,1,1,0.02891246499996214
s1_1000,S1-321236077,S2,India,selective_v2_compact,0,18,2,1,0,0,15,16,1,15,0.010306595000088237,91,3,18,34,321,259,0.012078366000082497,1,275,274,275,78,1,1,60,2,1,0.025660105999918414
s1_1000,S1-321236077,S3,India,selective_v2_compact,0,18,5,1,0,0,14,13,1,12,0.010756545999811351,91,0,14,28,352,315,0.012701302999971631,1,331,330,331,77,1,1,60,2,1,0.027765747999978885
s1_1000,S1-174693204,S2,US,selective_v2_compact,0,16,0,0,0,0,4,16,0,16,0.006831098000134261,21,1,5,34,241,159,0.007234889000073963,1,185,184,185,78,1,1,60,1,1,0.01463211100008266
s1_1000,S1-174693204,S3,US,selective_v2_compact,0,16,0,0,0,0,4,16,0,16,0.007118240999943737,21,1,5,34,319,184,0.0075564260000646755,3,214,211,214,75,1,1,60,5,3,0.016104743000028066
s1_1000,S1-320198412,S2,India,selective_v2_compact,0,18,8,1,0,4,16,10,0,10,0.010910622999858788,55,10,26,21,345,297,0.011698688000024049,5,307,302,307,104,1,1,60,3,5,0.028818369000077837
s1_1000,S1-320198412,S3,India,selective_v2_compact,0,18,4,1,0,0,21,14,1,13,0.019501232000152413,55,6,27,29,397,323,0.020287283000016032,8,338,330,338,111,1,1,60,4,8,0.04156460799993056
s1_1000,S1-936476958,S2,US,selective_v2_compact,0,13,0,0,3,0,2,13,0,10,0.009721863999970992,15,0,2,27,229,202,0.010070150999922589,1,217,216,217,81,1,1,60,2,1,0.0188894729999447
s1_1000,S1-936476958,S3,US,selective_v2_compact,0,13,0,0,3,0,2,13,0,10,0.010821231000136322,15,0,2,27,249,231,0.011173662000032891,0,239,239,239,81,1,1,60,1,0,0.02119759700008217
s1_1000,S1-238039681,S2,US,selective_v2_compact,0,8,2,1,0,0,4,6,0,6,0.008734267999898293,15,3,7,12,336,310,0.00906698200003575,53,310,310,363,147,1,1,60,1,48,0.02790838199996415
s1_1000,S1-238039681,S3,US,selective_v2_compact,0,6,0,0,0,0,6,6,0,6,0.008846300000072915,15,3,9,12,265,245,0.009130655000035404,82,245,245,327,149,1,1,60,4,53,0.02303044499990392
s1_1000,S1-977335915,S2,India,selective_v2_compact,0,14,0,0,0,2,9,14,2,12,0.005474523999851044,28,3,12,28,153,131,0.005849615000101949,0,131,131,131,79,1,1,60,2,0,0.012206532999925912
s1_1000,S1-977335915,S3,India,selective_v2_compact,0,15,0,0,0,2,8,15,2,13,0.017375849999893944,28,3,11,30,299,229,0.01790774500000225,0,229,229,229,76,1,1,60,3,0,0.029191424000032384
s1_1000,S1-619845474,S2,India,selective_v2_compact,0,18,9,1,0,0,22,9,1,8,0.01954929700025332,78,15,37,19,292,260,0.020577162999984466,0,264,264,264,93,1,1,60,3,0,0.03526154000007864
s1_1000,S1-619845474,S3,India,selective_v2_compact,0,18,9,1,0,0,22,9,0,9,0.015147513000101753,78,15,37,19,298,250,0.01617569999996249,2,255,253,255,99,1,1,60,4,2,0.03191566700002113
s1_1000,S1-261965094,S2,US,selective_v2_compact,0,18,0,0,11,0,0,18,1,6,0.005054054000197539,21,0,0,37,29,17,0.005504157000018495,4,19,19,23,23,0,0,23,1,4,0.00683873900004528
s1_1000,S1-261965094,S3,US,selective_v2_compact,0,17,0,0,4,0,4,17,2,11,0.009186980999970729,21,0,4,35,137,109,0.009626069000091775,5,111,110,115,85,1,1,60,2,5,0.014532702999986213
s1_1000,S1-693690841,S2,US,selective_v2_compact,0,14,0,0,2,0,6,14,0,12,0.011742793999928836,21,1,7,28,210,199,0.01211141300007057,0,199,199,199,101,1,1,60,3,0,0.01982633300008274
s1_1000,S1-693690841,S3,US,selective_v2_compact,0,14,0,0,0,0,6,14,0,14,0.01286944400021639,21,1,7,29,264,195,0.013264101000004302,1,233,232,233,103,1,1,60,3,1,0.022567125000023225
s1_1000,S1-717391267,S2,US,selective_v2_compact,0,18,9,1,0,0,6,9,1,8,0.0129149880000341,28,1,7,18,288,284,0.013499146999947698,11,284,284,295,113,1,1,60,1,11,0.028045071999940774
s1_1000,S1-717391267,S3,US,selective_v2_compact,0,18,10,1,0,0,6,8,1,7,0.012687771000287285,28,1,7,16,250,250,0.013249757999915346,5,250,250,255,101,1,1,60,0,5,0.023695946000088952
s1_1000,S1-783653290,S2,India,selective_v2_compact,0,18,1,1,1,0,15,17,0,16,0.016248029000394126,120,10,25,36,330,276,0.01850754700001289,1,283,282,283,92,1,1,60,1,1,0.03547657399997206
s1_1000,S1-783653290,S3,India,selective_v2_compact,0,18,4,1,4,0,20,14,0,10,0.020175948999735738,120,10,30,29,296,286,0.02245375499990132,2,292,290,292,96,1,1,60,2,2,0.03999913000006927
s1_1000,S1-953535957,S2,US,selective_v2_compact,0,18,13,1,0,1,9,5,1,4,0.024765235000018038,28,0,9,10,277,254,0.02526183600002696,18,272,254,272,79,1,1,60,3,18,0.035804486999950313
s1_1000,S1-953535957,S3,US,selective_v2_compact,0,17,11,1,0,0,11,6,0,6,0.02612625599999774,28,0,11,12,313,278,0.02659371300001112,26,304,278,304,87,1,1,60,1,26,0.03887756200003878
s1_1000,S1-959204160,S2,US,selective_v2_compact,0,16,1,1,0,0,11,15,0,15,0.03225790900012271,28,1,12,30,301,262,0.03272321600002215,2,264,262,264,109,1,1,60,3,2,0.043783974999996644
s1_1000,S1-959204160,S3,US,selective_v2_compact,0,16,3,1,0,0,11,13,0,13,0.0330389399998694,28,1,12,26,286,257,0.03349339300007159,1,258,257,258,115,1,1,60,3,1,0.0443614160000152
s1_1000,S1-511725706,S2,US,selective_v2_compact,0,12,0,0,0,0,3,12,0,12,0.009134844999948655,15,0,3,25,329,215,0.009484733000022061,29,278,249,278,93,1,1,60,4,29,0.0202883810000003
s1_1000,S1-511725706,S3,US,selective_v2_compact,0,12,0,0,0,0,3,12,1,11,0.01024813800006541,15,0,3,24,155,107,0.010559725000007347,27,134,107,134,74,1,1,60,2,27,0.01607498199996371
s1_1000,S1-104251787,S2,US,selective_v2_compact,0,18,0,0,6,0,4,18,1,11,0.007197428000154105,36,1,5,37,195,157,0.007934388999956354,0,176,176,176,80,1,1,60,2,0,0.015104887999996208
s1_1000,S1-104251787,S3,US,selective_v2_compact,0,18,6,1,0,0,7,12,0,12,0.009515966999856573,36,3,10,25,339,254,0.01021643599995059,4,281,277,281,106,1,1,60,3,4,0.02161458400007632
s1_1000,S1-961200002,S2,India,selective_v2_compact,0,10,0,0,0,2,14,10,0,10,0.012941560000058416,36,10,24,20,303,228,0.013335539000081553,2,230,228,230,79,1,1,60,4,2,0.02408199199999217
s1_1000,S1-961200002,S3,India,selective_v2_compact,0,14,0,0,0,6,15,14,0,14,0.012009186999989652,45,10,25,29,284,204,0.012500084999942374,6,211,205,211,78,1,1,60,2,6,0.022166334999951687
s1_1000,S1-18267845,S2,India,selective_v2_compact,0,18,0,0,1,0,20,18,5,12,0.02600663200018971,55,10,30,38,220,165,0.026647894999996424,0,176,176,176,73,1,1,60,1,0,0.03571231399996577
s1_1000,S1-18267845,S3,India,selective_v2_compact,0,18,1,1,0,0,20,17,5,12,0.023080438999954822,55,10,30,36,332,255,0.023776621000024534,0,270,270,270,75,1,1,60,2,0,0.03575123300004179
s1_1000,S1-104565081,S2,US,selective_v2_compact,0,12,3,1,0,0,2,9,0,9,0.004257497000139665,15,1,3,18,310,257,0.0046315719999938665,5,262,257,262,91,1,1,60,2,5,0.01569330600000285
s1_1000,S1-104565081,S3,US,selective_v2_compact,0,12,3,1,0,0,2,9,0,9,0.0044847039999922345,15,1,3,18,311,261,0.004846898999971927,6,267,261,267,99,1,1,60,3,6,0.015353215000004639
s1_1000,S1-820439105,S2,US,selective_v2_compact,0,17,0,0,5,0,3,17,1,11,0.01184505799994895,21,1,4,35,165,96,0.012290470000039022,0,114,114,114,77,1,1,60,0,0,0.01689704500006428
s1_1000,S1-820439105,S3,US,selective_v2_compact,0,16,0,0,0,0,4,16,0,16,0.009518942000113384,21,1,5,33,226,121,0.009927253000000746,3,138,135,138,80,1,1,60,2,3,0.01574196599995048
s1_1000,S1-957128444,S2,India,selective_v2_compact,0,18,12,1,0,0,27,6,0,6,0.011454619000119237,78,6,33,13,261,252,0.012527637000061986,5,254,253,258,86,1,1,60,0,5,0.025109122999992906
s1_1000,S1-957128444,S3,India,selective_v2_compact,0,18,10,1,0,0,24,8,0,8,0.015056363000212514,78,3,27,17,333,290,0.016293480999934218,2,295,295,297,110,1,1,60,3,2,0.03145306999999775
s1_1000,S1-556228489,S2,US,selective_v2_compact,0,18,8,1,0,0,6,10,0,10,0.010713694000173746,36,0,6,20,284,255,0.011476475999984359,1,256,255,256,84,1,1,60,2,1,0.02464161000000331
s1_1000,S1-556228489,S3,US,selective_v2_compact,0,18,8,1,0,0,7,10,0,10,0.011913054999922679,36,0,7,20,306,276,0.012653616000079637,1,277,276,277,84,1,1,60,1,1,0.025305685999910565
s1_1000,S1-459637274,S2,US,selective_v2_compact,0,18,5,1,1,0,6,13,0,12,0.014853521999839359,28,1,7,27,348,303,0.015438216000006832,0,325,325,325,106,1,1,60,1,0,0.03111585399994965
s1_1000,S1-459637274,S3,US,selective_v2_compact,0,18,5,1,0,0,6,13,0,13,0.016580240999701346,28,1,7,27,364,296,0.017190550999998777,1,320,319,320,110,1,1,60,3,1,0.033075515000064115
s1_1000,S1-359255885,S2,US,selective_v2_compact,0,18,5,1,0,0,4,13,0,13,0.008487166000008983,36,1,5,26,299,272,0.00932039999997869,0,272,272,272,83,1,1,60,1,0,0.020758050000040384
s1_1000,S1-359255885,S3,US,selective_v2_compact,0,18,6,1,0,0,4,12,0,12,0.008569454000053156,36,1,5,24,289,256,0.009375288000001092,0,256,256,256,89,1,1,60,2,0,0.020240060999981324
s1_1000,S1-154667224,S2,US,selective_v2_compact,0,18,10,1,1,0,6,8,0,7,0.019698978000178613,28,1,7,16,289,276,0.020276969000065037,0,276,276,276,108,1,1,60,1,0,0.0327894900000274
s1_1000,S1-154667224,S3,US,selective_v2_compact,0,18,11,1,0,0,6,7,0,7,0.019632969999975103,28,1,7,14,297,283,0.02017844200008767,3,286,283,286,118,1,1,60,1,3,0.03602010999998129
s1_1000,S1-261527017,S2,India,selective_v2_compact,0,18,9,1,0,0,20,9,0,9,0.013598402000070564,105,28,48,20,416,349,0.015017827999940891,0,379,379,379,106,1,1,60,2,0,0.038338872000053925
s1_1000,S1-261527017,S3,India,selective_v2_compact,0,18,8,1,0,0,22,10,0,10,0.010039927999969223,105,21,43,22,301,251,0.011652795000031801,1,271,270,271,92,1,1,60,1,1,0.02527897799996026
s1_1000,S1-96504376,S2,India,selective_v2_compact,0,18,11,1,0,0,23,7,0,7,0.016226250999807235,78,21,44,14,289,282,0.017110113999933674,1,283,282,283,118,1,1,60,1,1,0.032986286999971526
s1_1000,S1-96504376,S3,India,selective_v2_compact,0,18,10,1,0,0,29,8,1,7,0.013016412000069977,78,15,44,16,340,319,0.013888035000036325,11,330,319,330,99,1,1,60,3,11,0.03742648000002191
s1_1000,S1-876664844,S2,India,selective_v2_compact,0,18,4,1,0,0,21,14,3,11,0.012674669999910293,78,10,31,30,398,282,0.013900580000040463,8,341,333,341,102,1,1,60,2,8,0.030448974999899292
s1_1000,S1-876664844,S3,India,selective_v2_compact,0,18,7,1,1,0,23,11,2,8,0.015755803999923046,78,6,29,24,422,353,0.016975310999896465,13,400,387,400,111,1,1,60,2,13,0.040186683999991146
s1_1000,S1-563178896,S2,US,selective_v2_compact,0,18,0,0,3,0,3,18,2,13,0.009307303999776195,28,1,4,37,275,240,0.009925902999952996,0,262,262,262,99,1,1,60,1,0,0.02116026899989265
s1_1000,S1-563178896,S3,US,selective_v2_compact,0,18,1,1,4,0,4,17,1,12,0.009314362000054643,28,1,5,35,367,327,0.009969681000029595,2,339,337,339,99,1,1,60,2,2,0.03247968800008039
s1_1000,S1-797058141,S2,India,selective_v2_compact,0,18,1,1,0,0,19,17,2,15,0.021444285999905333,78,6,25,37,662,306,0.02292356500004189,2,406,404,406,97,1,1,60,3,2,0.04806512200002544
s1_1000,S1-797058141,S3,India,selective_v2_compact,0,18,7,1,0,0,20,11,0,11,0.024127304999751686,78,3,23,24,397,338,0.025531806999993023,1,367,366,367,94,1,1,60,2,1,0.04524757999990925
s1_1000,S1-339006820,S2,US,selective_v2_compact,0,18,12,1,0,1,7,6,0,6,0.01962303300001622,28,1,8,12,255,251,0.020136036000053537,0,251,251,251,96,1,1,60,1,0,0.031812527000056434
s1_1000,S1-339006820,S3,US,selective_v2_compact,0,18,12,1,0,1,7,6,0,6,0.02201076600010765,28,1,8,12,282,274,0.022537308999972083,0,274,274,274,104,1,1,60,4,0,0.0359618129999717
s1_1000,S1-869737087,S2,US,selective_v2_compact,0,18,0,0,2,0,2,18,0,16,0.0029113230000348267,28,1,3,40,439,12,0.0035230579999279144,1,342,341,342,104,1,1,60,3,1,0.016765900999985206
s1_1000,S1-869737087,S3,US,selective_v2_compact,0,18,0,0,0,0,2,18,0,18,0.003075526000429818,28,1,3,39,480,43,0.003700518999949054,1,345,344,345,110,1,1,60,4,1,0.01809363500001382
s1_1000,S1-435186502,S2,India,selective_v2_compact,0,18,10,1,0,0,33,8,0,8,0.018239469999912217,78,6,39,17,286,259,0.019256377000033353,7,263,261,268,114,1,1,60,1,7,0.03485954900008892
s1_1000,S1-435186502,S3,India,selective_v2_compact,0,18,10,1,0,0,29,8,1,7,0.023739570000202548,78,6,35,17,315,284,0.024797238000019206,13,302,289,302,116,1,1,60,1,13,0.03889267400006702
s1_1000,S1-441272693,S2,India,selective_v2_compact,0,18,0,0,0,0,3,18,0,18,0.0029786079998075365,28,3,6,39,151,49,0.0034655769999289987,1,70,69,70,59,0,0,59,3,1,0.007131077999929403
s1_1000,S1-441272693,S3,India,selective_v2_compact,0,18,0,0,2,0,4,18,0,16,0.008610305000161134,28,1,5,39,133,81,0.009177969999996094,0,98,98,98,77,1,1,60,3,0,0.014027870999939296
s1_1000,S1-30764726,S2,India,selective_v2_compact,0,18,4,1,2,0,31,14,2,10,0.02130619299987302,91,6,37,31,333,251,0.02262108200000057,2,285,283,285,102,1,1,60,4,2,0.037926124000023265
s1_1000,S1-30764726,S3,India,selective_v2_compact,0,18,13,1,0,0,25,5,0,5,0.020491526000000704,91,6,31,13,358,291,0.02191175600000861,1,331,330,331,85,1,1,60,1,1,0.03814557099997273
s1_1000,S1-790599481,S2,US,selective_v2_compact,0,18,0,0,4,0,4,18,1,13,0.013208388999942144,28,0,4,38,250,162,0.013801138000076207,0,209,209,209,94,1,1,60,3,0,0.022108936999984508
s1_1000,S1-790599481,S3,US,selective_v2_compact,0,17,0,0,2,2,6,17,0,15,0.22478950500010342,28,3,9,35,229,140,0.22534794499995314,0,144,144,144,74,1,1,60,2,0,0.2317940660000204
s1_1000,S1-487168388,S2,US,selective_v2_compact,0,18,11,1,0,0,18,7,1,6,0.03191798800037304,45,3,21,14,283,276,0.03255769700001565,0,276,276,276,92,1,1,60,1,0,0.046130690000040886
s1_1000,S1-487168388,S3,US,selective_v2_compact,0,18,11,1,0,0,18,7,1,6,0.034269901999778085,45,3,21,14,291,289,0.034909792000007656,0,289,289,289,96,1,1,60,0,0,0.04885707700009334
s1_1000,S1-975764386,S2,US,selective_v2_compact,0,18,10,1,0,0,4,8,1,7,0.013279438999916238,36,0,4,17,287,250,0.014107430000080967,0,275,275,275,82,1,1,60,3,0,0.025224277000006623
s1_1000,S1-975764386,S3,US,selective_v2_compact,0,18,5,1,0,0,4,13,2,11,0.02669399700005215,36,0,4,27,370,286,0.02752769900007479,0,311,311,311,91,1,1,60,1,0,0.042083176999994976
s1_1000,S1-264595908,S2,US,selective_v2_compact,0,12,0,0,1,0,8,12,0,11,0.019083655999907023,21,1,9,25,141,76,0.01936914699990666,0,124,124,124,90,1,1,60,1,0,0.024447785999996086
s1_1000,S1-264595908,S3,US,selective_v2_compact,0,12,0,0,5,0,8,12,0,7,0.02460628399990128,21,1,9,25,159,109,0.024887321000051088,0,152,152,152,99,1,1,60,0,0,0.03114061300004778
s1_1000,S1-297094958,S2,US,selective_v2_compact,0,18,3,1,0,0,4,15,0,15,0.03181226899994272,28,0,4,32,567,306,0.03260307499999726,1,510,509,510,99,1,1,60,1,1,0.057848766000006435
s1_1000,S1-297094958,S3,US,selective_v2_compact,0,18,6,1,0,0,5,12,0,12,0.021847162000199205,28,0,5,26,584,296,0.022525296000026174,0,546,546,546,107,1,1,60,2,0,0.04753250500004924
s1_1000,S1-100276475,S2,US,selective_v2_compact,0,18,0,0,0,0,3,18,0,18,0.004681709000124101,21,0,3,37,333,147,0.005218776999981856,2,243,241,243,112,1,1,60,2,2,0.014829730000087693
s1_1000,S1-100276475,S3,US,selective_v2_compact,0,18,0,0,0,0,3,18,0,18,0.004937866000091162,21,0,3,37,344,174,0.005433642000070904,2,272,270,272,111,1,1,60,2,2,0.01622979299997951
s1_1000,S1-439825849,S2,US,selective_v2_compact,0,18,0,0,1,0,0,18,0,17,0.00834552399999211,21,0,0,37,249,163,0.008903004999979203,1,207,206,207,77,1,1,60,4,1,0.0172153820000176
s1_1000,S1-439825849,S3,US,selective_v2_compact,0,18,0,0,0,0,0,18,0,18,0.009215957000037633,21,0,0,37,244,177,0.00975201999995079,0,220,220,220,79,1,1,60,3,0,0.019458062000012433
s1_1000,S1-8781400,S2,US,selective_v2_compact,0,18,11,1,1,0,6,7,0,6,0.01564982799993686,28,1,7,14,261,258,0.016173179000020355,0,258,258,258,87,1,1,60,2,0,0.02602946600006817
s1_1000,S1-8781400,S3,US,selective_v2_compact,0,18,10,1,1,0,10,8,0,7,0.01968011300004946,36,3,13,18,374,357,0.020341779999967002,1,359,358,359,82,1,1,60,2,1,0.038638556999899265
s1_1000,S1-796931678,S2,US,selective_v2_compact,0,18,11,1,2,0,3,7,0,5,0.006300689999875431,28,3,6,15,357,264,0.006874910999954409,0,355,355,355,119,1,1,60,0,0,0.04069135300005655
s1_1000,S1-796931678,S3,US,selective_v2_compact,0,18,11,1,1,0,3,7,0,6,0.006638955999960672,28,3,6,15,349,259,0.007214187000045058,1,343,342,343,118,1,1,60,0,1,0.021078750000015134
s1_1000,S1-13128280,S2,India,selective_v2_compact,0,18,11,1,3,0,29,7,0,4,0.007214399999952548,120,36,65,14,291,286,0.008534171000064816,3,289,286,289,113,1,1,60,0,3,0.02283124799998859
s1_1000,S1-13128280,S3,India,selective_v2_compact,0,18,9,1,1,0,38,9,1,7,0.010328836000212505,120,21,59,18,271,259,0.011765534000005573,7,266,259,266,90,1,1,60,1,7,0.025454385999978513
s1_1000,S1-1186347,S2,India,selective_v2_compact,0,13,7,1,0,9,41,6,0,6,0.017246432000092682,78,15,56,12,330,316,0.017816368000012517,7,318,316,323,89,1,1,60,1,7,0.03675390000000789
s1_1000,S1-1186347,S3,India,selective_v2_compact,0,16,10,1,1,10,46,6,0,5,0.024354848000143647,78,6,52,12,309,297,0.025012865999997302,5,297,297,302,110,1,1,60,1,5,0.04011354399995071
s1_1000,S1-108034941,S2,US,selective_v2_compact,0,12,6,1,1,3,20,6,0,5,0.01487313100017218,45,10,30,12,299,291,0.015299354000035237,67,294,291,358,159,1,1,60,3,52,0.029794369000001097
s1_1000,S1-108034941,S3,US,selective_v2_compact,0,12,7,1,1,3,15,5,0,4,0.013172675999953753,45,15,30,10,258,253,0.013555191000023115,47,256,253,300,158,1,1,60,2,46,0.026131735000035405
s1_1000,S1-116182582,S2,India,selective_v2_compact,0,18,8,1,0,0,42,10,1,9,0.021018525000044974,91,15,57,21,320,256,0.02188798500003486,1,298,297,298,96,1,1,60,2,1,0.039615227000012965
s1_1000,S1-116182582,S3,India,selective_v2_compact,0,18,7,1,0,0,40,11,1,10,0.024901128999999855,91,10,50,23,445,355,0.026002994000009494,1,403,402,403,101,1,1,60,3,1,0.050639051999951334
s1_1000,S1-442885636,S2,India,selective_v2_compact,0,15,2,1,0,10,20,13,3,10,0.012150889000167808,66,21,41,26,431,315,0.012895002000050226,0,315,315,315,101,1,1,60,0,0,0.032437244999982795
s1_1000,S1-442885636,S3,India,selective_v2_compact,0,17,10,1,0,10,24,7,0,7,0.007620431999839639,66,15,39,14,318,265,0.008326000000010936,0,265,265,265,112,1,1,60,1,0,0.02330429100004494
s1_1000,S1-102330347,S2,US,selective_v2_compact,0,11,0,0,2,0,3,11,0,9,0.005051893000086238,15,1,4,23,196,125,0.005335526999942886,11,171,160,171,87,1,1,60,2,11,0.012215280999953393
s1_1000,S1-102330347,S3,US,selective_v2_compact,0,11,0,0,4,0,3,11,0,7,0.005776092000132849,15,1,4,23,244,163,0.00608255999998164,21,221,200,221,99,1,1,60,1,21,0.015349905999983093
s1_1000,S1-311565031,S2,India,selective_v2_compact,0,18,13,1,0,0,7,5,0,5,0.01116266499991525,66,0,7,11,307,287,0.012558248999994248,0,293,293,293,102,1,1,60,3,0,0.0261581089999936
s1_1000,S1-311565031,S3,India,selective_v2_compact,0,18,13,1,3,0,3,5,0,2,0.01058398199995736,66,0,3,12,300,261,0.012049329999967995,0,296,296,296,101,1,1,60,1,0,0.02570652899999004
s1_1000,S1-789958686,S2,US,selective_v2_compact,0,17,2,1,3,2,8,15,0,12,0.020088886000053208,28,1,9,31,528,259,0.020672295000053964,2,496,496,498,112,1,1,60,0,2,0.043104641000013544
s1_1000,S1-789958686,S3,US,selective_v2_compact,0,17,5,1,2,2,6,12,0,10,0.01889286399989487,28,3,9,25,553,258,0.01949867100006486,2,508,508,510,104,1,1,60,0,2,0.04230423600006361
s1_1000,S1-699248674,S2,US,selective_v2_compact,0,16,0,0,5,0,4,16,1,10,0.008512182000117718,21,1,5,34,272,158,0.008922869999992145,0,233,233,233,116,1,1,60,0,0,0.018542196999987937
s1_1000,S1-699248674,S3,US,selective_v2_compact,0,16,0,0,0,0,4,16,1,15,0.008639289000257122,21,1,5,34,343,203,0.00909214700004668,1,279,278,279,111,1,1,60,2,1,0.020620226999994884
s1_1000,S1-144816753,S2,India,selective_v2_compact,0,18,10,1,0,0,38,8,0,8,0.020842282999979034,120,6,44,16,338,256,0.02259936600000856,6,256,256,262,108,1,1,60,1,6,0.03835377800010065
s1_1000,S1-144816753,S3,India,selective_v2_compact,0,18,7,1,0,0,39,11,1,10,0.03131862199995794,120,6,45,22,362,280,0.033192870999982915,15,281,280,295,111,1,1,60,3,15,0.04890929100008634
s1_1000,S1-272137225,S2,US,selective_v2_compact,0,18,0,0,0,0,1,18,0,18,0.005689071000233525,36,0,1,37,155,40,0.00649069199994301,1,78,77,78,73,1,1,60,3,1,0.010757753000007142
s1_1000,S1-272137225,S3,US,selective_v2_compact,0,18,0,0,3,0,1,18,0,15,0.005966324999803874,36,0,1,37,129,48,0.006787771000063003,1,104,103,104,88,1,1,60,1,1,0.01149902600002406
s1_1000,S1-522017122,S2,US,selective_v2_compact,0,15,6,1,0,2,8,9,0,9,0.023146515999997064,28,3,11,19,460,252,0.023646982000059324,5,407,402,407,114,1,1,60,2,5,0.043004316999940784
s1_1000,S1-522017122,S3,US,selective_v2_compact,0,14,0,0,1,2,9,14,0,13,0.02018873800034271,28,3,12,29,372,182,0.020627995999916493,0,315,315,315,106,1,1,60,1,0,0.033595764999972744
s1_1000,S1-100167734,S2,US,selective_v2_compact,0,18,7,1,5,0,3,11,0,6,0.02297025799975927,28,0,3,24,528,299,0.023802857000077893,0,519,519,519,120,1,1,60,0,0,0.04376347699997041
s1_1000,S1-100167734,S3,US,selective_v2_compact,0,18,0,0,0,0,3,18,2,16,0.026690413999745033,28,0,3,38,450,125,0.027341299999989133,2,391,389,391,95,1,1,60,2,2,0.04312901499997679
s1_1000,S1-479725005,S2,US,selective_v2_compact,0,18,0,0,1,0,0,18,2,15,0.007725591999701464,21,0,0,38,240,135,0.00823967399992398,0,171,171,171,76,1,1,60,3,0,0.01604426300002615
s1_1000,S1-479725005,S3,US,selective_v2_compact,0,18,0,0,5,0,0,18,2,11,0.0076475770000570265,21,0,0,38,246,148,0.008176862999903278,2,185,183,185,78,1,1,60,3,2,0.018944894999890494
s1_1000,S1-743531791,S2,US,selective_v2_compact,0,18,4,1,1,0,16,14,3,10,0.031856108999932076,45,3,19,28,362,250,0.03256889399995089,1,251,250,251,107,1,1,60,2,1,0.044542298000010305
s1_1000,S1-743531791,S3,US,selective_v2_compact,0,18,3,1,0,0,16,15,3,12,0.03409028099997613,45,3,19,30,459,344,0.034878974999969614,2,346,344,346,115,1,1,60,2,2,0.05696769200005747
s1_1000,S1-652207412,S2,US,selective_v2_compact,0,13,0,0,2,0,2,13,1,10,0.011926335999874027,15,0,2,26,184,165,0.012277244999950199,13,178,165,178,79,1,1,60,1,13,0.01938989699999638
s1_1000,S1-652207412,S3,US,selective_v2_compact,0,13,0,0,1,0,2,13,1,11,0.012526887000149145,15,0,2,26,255,232,0.01289828699998452,12,244,232,244,91,1,1,60,2,12,0.02299697399996603
s1_1000,S1-185985394,S2,US,selective_v2_compact,0,18,0,0,7,0,2,18,1,10,0.02316779399995994,36,0,2,37,327,204,0.02401704199996857,0,312,312,312,86,1,1,60,0,0,0.0412956809999514
s1_1000,S1-185985394,S3,US,selective_v2_compact,0,18,4,1,1,0,6,14,1,12,0.025777931000106946,36,1,7,29,459,311,0.026588080999999875,0,419,419,419,93,1,1,60,0,0,0.043644341000003806
s1_1000,S1-937018924,S2,US,selective_v2_compact,0,18,0,0,0,0,3,18,0,18,0.03395941000030689,28,0,3,37,415,242,0.034644432000050074,2,360,358,360,105,1,1,60,2,2,0.054122725000070204
s1_1000,S1-937018924,S3,US,selective_v2_compact,0,18,0,0,3,0,4,18,0,15,0.03303435299994817,28,0,4,37,386,208,0.03367463699999007,0,346,346,346,110,1,1,60,1,0,0.049701292000008834
s1_1000,S1-945498259,S2,India,selective_v2_compact,0,18,5,1,1,0,19,13,0,12,0.013050227000007908,120,3,22,26,269,262,0.015363017000026957,0,262,262,262,99,1,1,60,0,0,0.029476678000037282
s1_1000,S1-945498259,S3,India,selective_v2_compact,0,18,7,1,0,0,18,11,0,11,0.01174487299942939,120,1,19,22,264,250,0.014161696000087431,4,250,250,254,99,1,1,60,1,4,0.028487502999951175
s1_1000,S1-631614917,S2,India,selective_v2_compact,0,18,7,1,3,0,40,11,2,6,0.020792507999885856,105,10,50,22,287,284,0.02218771899993044,7,284,284,291,87,1,1,60,0,7,0.0397067840000318
s1_1000,S1-631614917,S3,India,selective_v2_compact,0,18,9,1,0,0,36,9,1,8,0.015180636999957642,105,6,42,18,336,311,0.016749244000038743,10,321,311,321,78,1,1,60,2,10,0.03450513799998589
s1_1000,S1-961548696,S2,India,selective_v2_compact,0,18,11,1,0,0,38,7,0,7,0.011668090000171105,105,10,48,14,279,263,0.01303008700006103,1,264,263,264,110,1,1,60,2,1,0.026778449999937948
s1_1000,S1-961548696,S3,India,selective_v2_compact,0,18,8,1,0,0,38,10,1,9,0.015115148999939265,105,6,44,20,306,252,0.016563927999982297,0,252,252,252,111,1,1,60,3,0,0.029865645999962
s1_1000,S1-341514955,S2,US,selective_v2_compact,0,16,0,0,0,0,4,16,2,14,0.0181253690000176,21,1,5,32,243,228,0.018580785000040123,0,228,228,228,99,1,1,60,2,0,0.028405461000033938
s1_1000,S1-341514955,S3,US,selective_v2_compact,0,15,0,0,0,0,5,15,2,13,0.017834591000223554,21,1,6,30,142,110,0.01819636499999433,1,111,110,111,85,1,1,60,2,1,0.022808668999914516
s1_1000,S1-383744417,S2,US,selective_v2_compact,0,18,8,1,1,0,18,10,0,9,0.019953803000021253,45,3,21,20,308,286,0.02060060099995553,53,288,286,339,143,1,1,60,2,49,0.03393391099996279
s1_1000,S1-383744417,S3,US,selective_v2_compact,0,15,10,1,0,1,23,5,0,5,0.015666106000026048,45,6,29,10,285,264,0.016119774999992842,52,268,264,316,141,1,1,60,1,48,0.029270956000004844
s1_1000,S1-499340462,S2,India,selective_v2_compact,0,18,10,1,0,0,24,8,1,7,0.014565354000183106,66,10,34,16,343,307,0.015403704000050311,6,313,307,313,116,1,1,60,2,6,0.029759639999952014
s1_1000,S1-499340462,S3,India,selective_v2_compact,0,18,10,1,0,0,26,8,0,8,0.013441391999890584,66,6,32,16,358,310,0.014326403000040955,9,319,310,319,95,1,1,60,0,9,0.028740889000005154
s1_1000,S1-846958059,S2,US,selective_v2_compact,0,18,2,1,2,0,8,16,1,13,0.01450779699996474,55,3,11,33,376,310,0.01572448499996426,1,341,340,341,111,1,1,60,2,1,0.03152919899991957
s1_1000,S1-846958059,S3,US,selective_v2_compact,0,18,7,1,0,0,11,11,0,11,0.014969416000099045,66,6,17,24,455,374,0.016336518999992222,1,407,406,407,109,1,1,60,3,1,0.03747720499995921
s1_1000,S1-351883628,S2,India,selective_v2_compact,0,18,0,0,0,0,3,18,2,16,0.006269497999824125,36,1,4,37,137,78,0.0069967270000006465,1,88,87,88,77,1,1,60,2,1,0.011570953000045847
s1_1000,S1-351883628,S3,India,selective_v2_compact,0,18,0,0,0,0,2,18,0,18,0.011885146999702556,36,0,2,37,210,142,0.012716315999909966,0,151,151,151,78,1,1,60,1,0,0.02149824200000694
s1_1000,S1-518262604,S2,India,selective_v2_compact,0,18,3,1,1,0,11,15,1,13,0.007457244000192986,55,3,14,32,459,298,0.008559501000036107,0,330,330,330,79,1,1,60,1,0,0.027255025000044952
s1_1000,S1-518262604,S3,India,selective_v2_compact,0,18,0,0,2,0,11,18,0,16,0.011496466999915356,55,1,12,38,344,231,0.012534991999928025,0,261,261,261,78,1,1,60,2,0,0.027307320999966578
s1_1000,S1-356624931,S2,US,selective_v2_compact,0,18,0,0,4,0,5,18,4,10,0.014630391999958192,36,3,8,39,119,29,0.015270754999960445,2,69,67,69,69,1,1,60,1,2,0.018487175000018397
s1_1000,S1-356624931,S3,US,selective_v2_compact,0,18,0,0,0,0,5,18,4,14,0.010461333999955968,36,3,8,39,120,25,0.011066702999983136,1,60,59,60,60,1,0,60,3,1,0.01396498100007193
s1_1000,S1-480729531,S2,US,selective_v2_compact,0,18,0,0,0,0,4,18,1,17,0.010151579999956084,28,1,5,38,350,247,0.010790863000011086,1,280,279,280,82,1,1,60,2,1,0.02567999100006091
s1_1000,S1-480729531,S3,US,selective_v2_compact,0,18,5,1,0,0,5,13,0,13,0.007058153999878414,28,1,6,28,346,265,0.007662884999945163,2,293,291,293,77,1,1,60,3,2,0.019451753999987886
s1_1000,S1-26256799,S2,US,selective_v2_compact,0,18,3,1,4,0,5,15,0,11,0.012080931000014061,36,1,6,31,470,278,0.01287660999992113,0,452,452,452,116,1,1,60,0,0,0.037686150000013185
s1_1000,S1-26256799,S3,US,selective_v2_compact,0,18,0,0,0,0,6,18,0,18,0.014827062999984264,36,1,7,37,485,246,0.015653552999992826,1,429,428,429,93,1,1,60,2,1,0.034113221999973575
s1_1000,S1-614260199,S2,US,selective_v2_compact,0,18,10,1,0,0,7,8,1,7,0.019939840999995795,28,1,8,16,275,251,0.020461186000034104,7,258,251,258,93,1,1,60,3,7,0.030683400000043548
s1_1000,S1-614260199,S3,US,selective_v2_compact,0,18,9,1,0,0,7,9,1,8,0.021869909999963966,28,1,8,18,271,252,0.022418534999928852,10,262,252,262,108,1,1,60,2,10,0.035440552999943975
s1_1000,S1-942376087,S2,India,selective_v2_compact,0,18,9,1,0,0,15,9,1,8,0.010128029999918908,105,3,18,21,325,294,0.012179435000007288,2,298,296,298,77,1,1,60,3,2,0.025993558999971356
s1_1000,S1-942376087,S3,India,selective_v2_compact,0,18,7,1,0,0,15,11,1,10,0.007099198000105389,105,3,18,25,284,251,0.009177303000001302,2,255,253,255,77,1,1,60,4,2,0.02135209000005034
s1_1000,S1-369680649,S2,India,selective_v2_compact,0,18,5,1,0,0,28,13,1,12,0.03973814300002232,105,21,49,27,388,324,0.041341091999925084,0,340,340,340,94,1,1,60,0,0,0.06105036899998595
s1_1000,S1-369680649,S3,India,selective_v2_compact,0,18,7,1,0,0,27,11,2,9,0.013633976000051007,105,21,48,23,308,269,0.015021547999936047,0,287,287,287,102,1,1,60,0,0,0.028924934999963625
s1_1000,S1-214898305,S2,US,selective_v2_compact,0,18,0,0,0,0,0,18,0,18,0.005527327999857334,21,1,1,37,249,208,0.0060645900000508846,1,211,210,211,77,1,1,60,2,1,0.014811192000024676
s1_1000,S1-214898305,S3,US,selective_v2_compact,0,18,0,0,5,0,0,18,0,13,0.00571543100022609,21,1,1,37,214,201,0.006280671000013172,0,202,202,202,68,1,1,60,1,0,0.014621200000078716
s1_1000,S1-991843051,S2,India,selective_v2_compact,0,18,8,1,0,0,22,10,0,10,0.013991637000117407,120,6,28,22,331,267,0.01617363100001512,1,311,310,311,94,1,1,60,1,1,0.0312983470000745
s1_1000,S1-991843051,S3,India,selective_v2_compact,0,18,3,1,0,0,21,15,0,15,0.030840096999781963,120,0,21,32,429,351,0.03327777900005913,1,409,408,409,88,1,1,60,2,1,0.05770111399999678
s1_1000,S1-494187676,S2,US,selective_v2_compact,0,18,4,1,4,0,6,14,0,10,0.01416314300013255,45,1,7,30,582,330,0.015298504000043067,0,565,565,565,114,1,1,60,2,0,0.0373810759999742
s1_1000,S1-494187676,S3,US,selective_v2_compact,0,18,9,1,1,0,9,9,0,8,0.01847587100007786,45,1,10,18,299,281,0.019357829000000493,4,285,281,285,78,1,1,60,3,4,0.036937075999958324
s1_1000,S1-380932102,S2,US,selective_v2_compact,0,18,14,1,0,0,3,4,0,4,0.010281793999979527,36,3,6,10,266,255,0.011016638999990391,4,258,255,259,75,1,1,60,2,4,0.021576581999966038
s1_1000,S1-380932102,S3,US,selective_v2_compact,0,18,15,1,0,0,3,3,0,3,0.009926582999923994,28,3,6,6,279,272,0.01050757599989538,7,279,272,279,80,1,1,60,1,7,0.021486868000010872
s1_1000,S1-37805904,S2,US,selective_v2_compact,0,14,0,0,0,0,1,14,1,13,0.008242308000035337,15,0,1,29,144,90,0.008564173999957347,1,109,109,110,65,1,1,60,3,1,0.01308300200003032
s1_1000,S1-37805904,S3,US,selective_v2_compact,0,14,0,0,0,0,1,14,1,13,0.009603795999623799,15,0,1,29,179,149,0.009950415000048451,0,162,162,162,89,1,1,60,1,0,0.01677152100000967
s1_1000,S1-482910661,S2,US,selective_v2_compact,0,14,0,0,3,0,1,14,1,10,0.0065864480000072945,15,0,1,29,169,78,0.0069101269999691795,1,140,139,140,105,1,1,60,3,1,0.012478844000042955
s1_1000,S1-482910661,S3,US,selective_v2_compact,0,14,0,0,0,0,1,14,1,13,0.006740794000052119,15,0,1,29,179,84,0.007089178999990509,2,151,149,151,105,1,1,60,4,2,0.0132198139999673
s1_1000,S1-761935587,S2,US,selective_v2_compact,0,18,0,0,1,0,4,18,1,16,0.005763950999835288,28,1,5,38,334,189,0.006381412999985514,1,282,281,282,107,1,1,60,2,1,0.017519106999998257
s1_1000,S1-761935587,S3,US,selective_v2_compact,0,18,0,0,0,0,4,18,1,17,0.006070122999972227,28,1,5,38,331,190,0.006669915000088622,0,273,273,273,108,1,1,60,2,0,0.0176916949999395
s1_1000,S1-862207745,S2,India,selective_v2_compact,0,18,10,1,0,0,4,8,0,8,0.006051197000033426,36,1,5,19,344,275,0.006824785000048905,0,317,317,317,81,1,1,60,2,0,0.021598455000003014
s1_1000,S1-862207745,S3,India,selective_v2_compact,0,18,0,0,2,0,3,18,2,14,0.01268834000006791,36,0,3,39,224,136,0.013481875000024957,0,182,182,182,76,1,1,60,2,0,0.02589234699996723
s1_1000,S1-41147272,S2,India,selective_v2_compact,0,18,9,1,0,0,19,9,0,9,0.014184059999934107,120,6,25,20,350,319,0.016415283000014824,2,328,328,330,100,1,1,60,2,2,0.03742801299995335
s1_1000,S1-41147272,S3,India,selective_v2_compact,0,18,8,1,1,0,17,10,0,9,0.010873077999917768,120,6,23,22,314,290,0.013214815999958773,3,298,298,301,69,1,1,60,1,3,0.028492136000068058
s1_1000,S1-291933980,S2,US,selective_v2_compact,0,18,0,0,0,0,4,18,1,17,0.013429760000349233,28,1,5,36,174,149,0.013991712000006373,1,150,149,150,96,1,1,60,1,1,0.020164432999990822
s1_1000,S1-291933980,S3,US,selective_v2_compact,0,18,0,0,0,0,5,18,0,18,0.011110674000065046,28,1,6,36,221,166,0.011675666999963141,1,167,166,167,92,1,1,60,4,1,0.019458578000012494
s1_1000,S1-465564443,S2,US,selective_v2_compact,0,18,0,0,6,0,1,18,0,12,0.008658598000238271,21,0,1,37,244,208,0.009178639000083422,0,228,228,228,80,1,1,60,1,0,0.01803504500003328
s1_1000,S1-465564443,S3,US,selective_v2_compact,0,18,0,0,0,0,1,18,0,18,0.009244792000004054,21,0,1,37,298,213,0.009790227999928902,1,234,233,234,78,1,1,60,4,1,0.019468520000032186
s1_1000,S1-716529185,S2,US,selective_v2_compact,0,18,0,0,7,0,1,18,0,11,0.0071560780000936575,21,0,1,36,213,204,0.007684409999910713,0,204,204,204,80,1,1,60,1,0,0.01740431499990791
s1_1000,S1-716529185,S3,US,selective_v2_compact,0,18,0,0,0,0,1,18,0,18,0.007704274999923655,21,0,1,36,305,247,0.008302292999928795,2,249,247,249,80,1,1,60,3,2,0.020124076000001878
s1_1000,S1-252815076,S2,US,selective_v2_compact,0,18,7,1,0,0,6,11,0,11,0.02177349900000536,36,1,7,23,312,271,0.022511727999926734,0,288,288,288,115,1,1,60,1,0,0.03638554099995872
s1_1000,S1-252815076,S3,US,selective_v2_compact,0,18,7,1,0,0,6,11,0,11,0.02412721899997905,36,1,7,23,352,295,0.024948508999955266,1,311,310,311,114,1,1,60,3,1,0.03913287499995022
s1_1000,S1-741530614,S2,US,selective_v2_compact,0,10,0,0,0,0,0,10,0,10,0.0009017730001232849,10,0,0,22,267,0,0.0011293779999732578,2,238,236,238,64,1,1,60,3,2,0.01044165600001179
s1_1000,S1-741530614,S3,US,selective_v2_compact,0,10,0,0,0,0,0,10,0,10,0.0008627429998568914,10,0,0,23,322,0,0.001044686999989608,2,306,304,306,79,1,1,60,1,2,0.013106134999929964
s1_1000,S1-264006576,S2,India,selective_v2_compact,0,18,0,0,0,0,29,18,2,16,0.011574466999832111,120,15,44,39,382,190,0.013496323000026678,0,328,328,328,111,1,1,60,1,0,0.03098693899994487
s1_1000,S1-264006576,S3,India,selective_v2_compact,0,18,0,0,1,0,28,18,2,15,0.01169321800000489,120,15,43,40,498,209,0.013572561000046335,1,406,405,406,113,1,1,60,3,1,0.033629454999982045
s1_1000,S1-703314149,S2,India,selective_v2_compact,0,18,4,1,2,0,22,14,2,10,0.022812829999679707,105,15,37,29,267,250,0.024492489999943245,0,259,259,259,98,1,1,60,1,0,0.03704404300003716
s1_1000,S1-703314149,S3,India,selective_v2_compact,0,18,9,1,0,0,27,9,0,9,0.013593461999789724,105,6,33,19,303,270,0.015300326999977187,2,289,287,289,79,1,1,60,2,2,0.028500893999989785
s1_1000,S1-889530437,S2,US,selective_v2_compact,0,17,8,1,0,2,8,9,1,8,0.017133975000092505,28,1,9,19,351,321,0.01766734099999212,6,332,331,337,81,1,1,60,4,6,0.03285666199997195
s1_1000,S1-889530437,S3,US,selective_v2_compact,0,17,8,1,0,2,8,9,1,8,0.0179925469999489,28,1,9,19,322,287,0.018509230000063326,3,300,299,302,79,1,1,60,3,3,0.03568939199999477
s1_1000,S1-950047153,S2,US,selective_v2_compact,0,16,8,1,0,0,5,8,1,7,0.023068936999834477,21,0,5,16,351,315,0.023557685000014317,1,316,315,316,88,1,1,60,1,1,0.039561573000014505
s1_1000,S1-950047153,S3,US,selective_v2_compact,0,16,8,1,0,0,5,8,1,7,0.024210333000041828,21,0,5,16,404,377,0.024713647999988098,0,377,377,377,84,1,1,60,1,0,0.04550950800000919
s1_1000,S1-718541486,S2,US,selective_v2_compact,0,18,7,1,2,0,9,11,0,9,0.015410214999974414,55,3,12,23,341,328,0.016519093000056273,0,330,330,330,103,1,1,60,1,0,0.029407674000026418
s1_1000,S1-718541486,S3,US,selective_v2_compact,0,18,7,1,0,0,9,11,0,11,0.01637264599980881,55,3,12,23,325,299,0.017436697999983153,0,302,302,302,101,1,1,60,3,0,0.02965035900001567
s1_1000,S1-19172434,S2,US,selective_v2_compact,0,18,8,1,0,0,10,10,0,10,0.012736015000086809,36,1,11,22,429,328,0.013414949999969394,2,364,362,364,77,1,1,60,2,2,0.03145232700001088
s1_1000,S1-19172434,S3,US,selective_v2_compact,0,18,8,1,0,0,10,10,0,10,0.013880252999797449,36,1,11,22,426,360,0.014593761000014638,1,386,385,386,79,1,1,60,1,1,0.03755671800001892
s1_1000,S1-531268470,S2,US,selective_v2_compact,0,12,0,0,3,0,3,12,0,9,0.008046359999639208,15,0,3,25,249,144,0.008342048000031355,0,232,232,232,91,1,1,60,1,0,0.0174196389999679
s1_1000,S1-531268470,S3,US,selective_v2_compact,0,12,0,0,0,0,3,12,0,12,0.008905201999937162,15,0,3,25,290,152,0.009225898999943638,2,243,241,243,92,1,1,60,2,2,0.018961994000051163
s1_1000,S1-56369002,S2,India,selective_v2_compact,0,18,6,1,0,0,24,12,1,11,0.014397241999859034,78,3,27,26,394,308,0.015714717000037126,0,358,358,358,118,1,1,60,1,0,0.03794306999998298
s1_1000,S1-56369002,S3,India,selective_v2_compact,0,18,10,1,0,0,21,8,0,8,0.008021119000090948,78,3,24,18,321,253,0.009329901000000973,0,300,300,300,97,1,1,60,3,0,0.023561711999946056
s1_1000,S1-851172257,S2,India,selective_v2_compact,0,18,8,1,0,0,32,10,0,10,0.009603299000104926,120,10,42,21,389,290,0.011470418000044447,1,348,347,348,80,1,1,60,2,1,0.028457745999958206
s1_1000,S1-851172257,S3,India,selective_v2_compact,0,18,7,1,1,0,31,11,0,10,0.009926787999916087,120,6,37,22,305,297,0.011887005000062345,0,297,297,297,76,1,1,60,1,0,0.02662630800000443
s1_1000,S1-839695817,S2,India,selective_v2_compact,0,18,11,1,0,0,45,7,0,7,0.01581650200000695,120,15,60,15,343,269,0.017254560999958812,1,327,326,327,117,1,1,60,3,1,0.03330991899997571
s1_1000,S1-839695817,S3,India,selective_v2_compact,0,18,11,1,1,0,54,7,0,6,0.016455665999842495,120,6,60,15,334,269,0.01792165400001977,0,328,328,328,118,1,1,60,0,0,0.033396675000062714
s1_1000,S1-117184918,S2,US,selective_v2_compact,0,17,9,1,0,4,12,8,2,6,0.021447888999887255,36,3,15,16,275,265,0.022011721000012585,2,267,265,267,118,1,1,60,1,2,0.03502867800000331
s1_1000,S1-117184918,S3,US,selective_v2_compact,0,17,6,1,0,4,12,11,3,8,0.036524146999909135,36,3,15,22,300,269,0.037100761000033344,0,269,269,269,116,1,1,60,2,0,0.050063230999967345
s1_1000,S1-103120265,S2,India,selective_v2_compact,0,18,2,1,0,0,16,16,0,16,0.04196315800004413,55,6,22,34,426,265,0.042909672999940085,0,326,326,326,79,1,1,60,0,0,0.06063671300000806
s1_1000,S1-103120265,S3,India,selective_v2_compact,0,18,2,1,0,0,16,16,3,13,0.01637473800008138,55,6,22,34,503,343,0.01733267600002364,0,402,402,402,79,1,1,60,0,0,0.042512261000069884
s1_1000,S1-869535932,S2,US,selective_v2_compact,0,18,0,0,0,0,1,18,0,18,0.007963999000025979,21,0,1,36,296,238,0.008515633999991223,0,238,238,238,108,1,1,60,2,0,0.01785383699996146
s1_1000,S1-869535932,S3,US,selective_v2_compact,0,18,2,1,0,0,1,16,0,16,0.008504228000219882,21,0,1,32,284,252,0.009040261999984978,0,252,252,252,99,1,1,60,2,0,0.02070601799994165
s1_1000,S1-887169774,S2,US,selective_v2_compact,0,17,0,0,0,0,3,17,2,15,0.012513230000081421,21,1,4,36,368,88,0.012943226000061259,1,329,328,329,101,1,1,60,2,1,0.025563470999941273
s1_1000,S1-887169774,S3,US,selective_v2_compact,0,17,0,0,2,0,3,17,2,13,0.013207277000105933,21,1,4,35,150,118,0.013620261000028222,1,137,136,137,84,1,1,60,1,1,0.019355598999936774
s1_1000,S1-492543909,S2,India,selective_v2_compact,0,18,3,1,0,0,6,15,2,13,0.015819426999996722,36,1,7,30,355,266,0.016605723999987276,2,266,266,268,80,1,1,60,2,2,0.031073374000015974
s1_1000,S1-492543909,S3,India,selective_v2_compact,0,18,4,1,0,0,2,14,1,13,0.018914513000140687,36,0,2,28,271,256,0.019761655000024803,2,257,256,258,79,1,1,60,1,2,0.03491636799992648
s1_1000,S1-94599318,S2,US,selective_v2_compact,0,17,0,0,0,0,4,17,1,16,0.035954234999962864,21,0,4,35,340,198,0.036482185999943795,92,228,228,320,148,1,1,60,1,48,0.06990167100002509
s1_1000,S1-94599318,S3,US,selective_v2_compact,0,17,2,1,0,0,4,15,1,14,0.03901938500007418,21,0,4,31,420,250,0.03957283499994446,88,284,284,372,157,1,1,60,3,45,0.05736153700001978
s1_1000,S1-677598357,S2,US,selective_v2_compact,0,18,0,0,7,0,2,18,0,11,0.015044503999547487,21,0,2,39,210,179,0.015571700999998939,0,200,200,200,86,1,1,60,1,0,0.02470382299998164
s1_1000,S1-677598357,S3,US,selective_v2_compact,0,18,0,0,3,0,2,18,0,15,0.01591926300011437,21,0,2,39,225,192,0.016429747000074713,0,205,205,205,82,1,1,60,1,0,0.025200021999921773
s1_1000,S1-730719207,S2,US,selective_v2_compact,0,18,9,1,0,0,14,9,0,9,0.04239532299993698,36,1,15,18,317,303,0.042965767000055166,1,304,303,304,82,1,1,60,1,1,0.057581714999969336
s1_1000,S1-730719207,S3,US,selective_v2_compact,0,18,10,1,0,0,14,8,0,8,0.038091382999937196,36,1,15,16,268,256,0.03863964999993641,2,258,256,258,85,1,1,60,2,2,0.04933167199999389
s1_1000,S1-369861184,S2,US,selective_v2_compact,0,18,6,1,0,0,9,12,0,12,0.03028329600010693,36,3,12,25,382,327,0.031018268000025273,0,345,345,345,102,1,1,60,0,0,0.049934176999954616
s1_1000,S1-369861184,S3,US,selective_v2_compact,0,18,7,1,0,0,9,11,0,11,0.030291319000298245,36,3,12,23,346,268,0.03096197000002121,3,290,287,290,113,1,1,60,4,3,0.044201727999961804
s1_1000,S1-295668361,S2,US,selective_v2_compact,0,15,0,0,2,0,5,15,0,13,0.005589399000086814,21,1,6,33,120,91,0.005930238000019017,2,98,96,98,61,1,1,60,2,2,0.010057737000011002
s1_1000,S1-295668361,S3,US,selective_v2_compact,0,15,0,0,2,0,5,15,0,13,0.006127178000156164,21,1,6,33,140,90,0.006460951999997633,1,107,106,107,71,1,1,60,1,1,0.011064049000083287
s1_1000,S1-858735224,S2,US,selective_v2_compact,0,13,0,0,4,0,2,13,0,9,0.010972096000159581,15,0,2,28,327,210,0.011331737999967118,26,274,248,274,90,1,1,60,2,26,0.021932272000071862
s1_1000,S1-858735224,S3,US,selective_v2_compact,0,13,0,0,0,0,2,13,0,13,0.011749092999821187,15,0,2,27,299,209,0.012122544000021662,19,272,253,272,111,1,1,60,2,19,0.022839420999957838
s1_1000,S1-563073325,S2,US,selective_v2_compact,0,18,0,1,0,0,11,18,1,17,0.020755691000204024,55,6,17,37,423,253,0.021761448000006567,1,366,365,366,104,1,1,60,1,1,0.03846300899999733
s1_1000,S1-563073325,S3,US,selective_v2_compact,0,18,2,1,0,0,11,16,1,15,0.019229510999934973,55,6,17,33,433,252,0.02024985499997456,0,360,360,360,99,1,1,60,3,0,0.03516227299996899
s1_1000,S1-816383534,S2,US,selective_v2_compact,0,11,0,0,4,0,4,11,0,7,0.02642474699973718,15,0,4,23,422,149,0.026754737000032947,34,388,354,388,96,1,1,60,1,34,0.04240128100002494
s1_1000,S1-816383534,S3,US,selective_v2_compact,0,11,0,0,0,0,4,11,0,11,0.030788594000114244,15,0,4,23,466,166,0.03116015900002367,24,404,380,404,96,1,1,60,3,24,0.04721795900002235
s1_1000,S1-79146097,S2,India,selective_v2_compact,0,18,10,1,0,0,7,8,0,8,0.016240021000157867,36,1,8,17,325,313,0.016993990999935704,2,319,317,319,119,1,1,60,1,2,0.032481567000104405
s1_1000,S1-79146097,S3,India,selective_v2_compact,0,18,7,1,0,0,8,11,1,10,0.020638734000158365,36,0,8,23,348,323,0.02140208299999813,5,329,329,334,95,1,1,60,2,5,0.041306849999955375
s1_1000,S1-241799543,S2,US,selective_v2_compact,0,18,0,0,9,0,5,18,0,9,0.004770213000256263,45,1,6,39,342,75,0.005704276999949798,0,275,275,275,104,1,1,60,2,0,0.01657636699997056
s1_1000,S1-241799543,S3,US,selective_v2_compact,0,18,6,1,1,0,11,12,0,11,0.009999287999903572,45,3,14,26,554,260,0.010828914999933659,0,466,466,466,102,1,1,60,1,0,0.033520076999934645
s1_1000,S1-814666931,S2,India,selective_v2_compact,0,18,10,1,0,0,19,8,2,6,0.02690787999983968,78,3,22,17,416,310,0.028321436000055655,1,348,347,348,75,1,1,60,2,1,0.05104964099996323
s1_1000,S1-814666931,S3,India,selective_v2_compact,0,18,11,1,2,0,19,7,1,4,0.011749543999940215,78,1,20,15,383,338,0.013276020000034805,0,377,377,377,101,1,1,60,2,0,0.03096886799994536
s1_1000,S1-434049818,S2,US,selective_v2_compact,0,15,3,1,0,0,5,12,0,12,0.020862272999920606,21,1,6,24,285,259,0.02129840099996727,1,260,259,260,87,1,1,60,3,1,0.03172473999995873
s1_1000,S1-434049818,S3,US,selective_v2_compact,0,15,4,1,0,0,5,11,0,11,0.022193563000087124,21,1,6,22,273,252,0.022639259000015954,0,252,252,252,86,1,1,60,2,0,0.03276448899998741
s1_1000,S1-879372595,S2,India,selective_v2_compact,0,18,9,1,0,0,33,9,0,9,0.009626023000009809,120,15,48,19,347,291,0.011404221000020698,2,297,295,297,99,1,1,60,5,2,0.02584970999998859
s1_1000,S1-879372595,S3,India,selective_v2_compact,0,18,5,1,0,0,30,13,2,11,0.019593436999912228,120,6,36,27,369,334,0.021637221999981193,1,337,336,337,104,1,1,60,3,1,0.03909659700002521
s1_1000,S1-248163870,S2,India,selective_v2_compact,0,18,3,1,0,0,36,15,0,15,0.020928591000028973,120,36,72,31,345,283,0.022160806999977467,1,303,302,303,81,1,1,60,2,1,0.0394806830000789
s1_1000,S1-248163870,S3,India,selective_v2_compact,0,18,5,1,0,0,37,13,2,11,0.019166696999945998,120,28,65,27,313,253,0.02052761400000236,2,267,265,267,93,1,1,60,4,2,0.03391247700005806
s1_1000,S1-974558168,S2,US,selective_v2_compact,0,18,0,0,0,0,2,18,0,18,0.008651769999573844,36,1,3,37,281,210,0.009473188000015398,1,254,253,254,117,1,1,60,2,1,0.019839343000057852
s1_1000,S1-974558168,S3,US,selective_v2_compact,0,18,0,0,0,0,3,18,0,18,0.006246699000143963,36,1,4,37,209,134,0.007026373999906355,0,179,179,179,114,1,1,60,1,0,0.016134034000060637
s1_1000,S1-152580274,S2,India,selective_v2_compact,0,16,11,1,1,8,21,5,0,4,0.008670895000022938,55,10,31,10,277,274,0.009244835999993484,2,276,274,276,96,1,1,60,0,2,0.023941466999986005
s1_1000,S1-152580274,S3,India,selective_v2_compact,0,18,12,1,1,4,26,6,0,5,0.02004988700002741,55,3,29,12,304,295,0.020700606999980664,7,302,295,302,80,1,1,60,3,7,0.03463970200004951
s1_1000,S1-182285498,S2,US,selective_v2_compact,0,18,9,1,0,1,7,9,0,9,0.017908888999954797,28,1,8,18,291,274,0.018463774999986526,2,276,274,276,107,1,1,60,1,2,0.029226407999999537
s1_1000,S1-182285498,S3,US,selective_v2_compact,0,18,9,1,0,1,7,9,0,9,0.021805211000014424,28,1,8,18,390,358,0.02240216900008818,2,360,358,360,113,1,1,60,3,2,0.04746040700001686
s1_1000,S1-636219545,S2,US,selective_v2_compact,0,18,0,0,1,0,2,18,1,16,0.020250828000143883,36,0,2,37,282,242,0.021133743999939725,1,260,259,260,102,1,1,60,1,1,0.032913036000081775
s1_1000,S1-636219545,S3,US,selective_v2_compact,0,18,0,0,1,0,2,18,1,16,0.021047873000043182,36,0,2,37,247,223,0.021864642000082313,0,233,233,233,108,1,1,60,1,0,0.03347678599993742
s1_1000,S1-879828483,S2,India,selective_v2_compact,0,18,7,1,1,0,17,11,1,9,0.0087689430000637,105,15,32,25,458,343,0.010604203999946549,0,420,420,420,117,1,1,60,2,0,0.03749918100004379
s1_1000,S1-879828483,S3,India,selective_v2_compact,0,18,11,1,0,0,24,7,0,7,0.008844175999911386,105,6,30,17,373,279,0.010597842000038327,3,362,359,362,86,1,1,60,1,3,0.03034727799990833
s1_1000,S1-595976104,S2,US,selective_v2_compact,0,15,0,0,1,0,5,15,2,12,0.019019801000354164,21,1,6,32,245,165,0.019402540999976736,1,198,197,198,79,1,1,60,1,1,0.027316076000033718
s1_1000,S1-595976104,S3,US,selective_v2_compact,0,10,0,0,0,0,8,10,1,9,0.013871683000047597,21,3,11,22,262,148,0.014159820000031687,2,185,183,185,77,1,1,60,4,2,0.02169448500001181
s1_1000,S1-480646551,S2,India,selective_v2_compact,0,13,8,1,0,5,45,5,1,4,0.01759173400000691,91,28,73,10,269,260,0.018050023000000692,21,261,260,281,68,1,1,60,2,21,0.03238349399998697
s1_1000,S1-480646551,S3,India,selective_v2_compact,0,18,13,1,0,0,46,5,0,5,0.016838217999975313,91,15,61,10,266,252,0.017656894000083412,36,252,252,288,117,1,1,60,4,36,0.0313281259999485
s1_1000,S1-688071877,S2,US,selective_v2_compact,0,6,0,0,3,0,0,6,0,3,0.0017982800000027055,6,0,0,13,16,14,0.0019057929999917178,0,15,15,15,15,0,0,15,0,0,0.002908955000066271
s1_1000,S1-688071877,S3,US,selective_v2_compact,0,6,0,0,1,0,0,6,0,5,0.0017077409997909854,6,0,0,13,18,14,0.0018139589999464079,0,15,15,15,15,0,0,15,0,0,0.0027414709999220577
s1_1000,S1-970146850,S2,US,selective_v2_compact,0,18,0,0,0,0,3,18,0,18,0.011549502999969263,21,0,3,39,256,159,0.01199195900005634,2,188,186,188,80,1,1,60,2,2,0.0195274679999784
s1_1000,S1-970146850,S3,US,selective_v2_compact,0,18,0,0,6,0,3,18,0,12,0.012323236999918663,21,0,3,40,281,163,0.012770499999987805,0,227,227,227,80,1,1,60,1,0,0.021842943000024206
s1_1000,S1-610757866,S2,US,selective_v2_compact,0,18,3,1,4,0,5,15,0,11,0.012581202999854213,36,1,6,31,335,265,0.013352578999956677,1,302,301,302,102,1,1,60,2,1,0.026084681999918757
s1_1000,S1-610757866,S3,US,selective_v2_compact,0,18,13,1,0,0,8,5,0,5,0.01597934299991266,36,3,11,11,316,280,0.016597934000060377,0,305,305,305,83,1,1,60,3,0,0.028760656000031304
s1_1000,S1-998147399,S2,India,selective_v2_compact,0,18,9,1,0,0,28,9,1,8,0.018201497000063682,91,15,43,19,344,283,0.019370366999964972,1,323,322,323,102,1,1,60,3,1,0.03820776999998543
s1_1000,S1-998147399,S3,India,selective_v2_compact,0,18,9,1,0,0,28,9,1,8,0.016924385000152142,91,15,43,19,351,286,0.018209343999956218,1,332,331,332,109,1,1,60,5,1,0.03954296599999907
s1_1000,S1-672064749,S2,US,selective_v2_compact,0,18,0,0,0,0,4,18,1,17,0.009381213999631655,28,1,5,36,265,212,0.009995878000040648,4,216,212,216,78,1,1,60,2,4,0.023993528000005426
s1_1000,S1-672064749,S3,US,selective_v2_compact,0,18,0,0,0,0,5,18,0,18,0.009199771000112378,28,1,6,36,233,189,0.009774198999934924,4,193,189,193,79,1,1,60,2,4,0.0204827730000261
s1_1000,S1-300594042,S2,US,selective_v2_compact,0,18,0,0,6,0,4,18,0,12,0.009814338000069256,28,1,5,39,216,155,0.010359271999959674,1,181,180,181,79,1,1,60,1,1,0.022758110999916425
s1_1000,S1-300594042,S3,US,selective_v2_compact,0,18,0,0,0,0,4,18,0,18,0.01090276699972037,28,1,5,39,313,173,0.011502187000019148,1,212,211,212,76,1,1,60,4,1,0.02446859199994833
s1_1000,S1-966899178,S2,India,selective_v2_compact,0,18,6,1,0,0,40,12,3,9,0.02513652900006491,105,28,68,24,303,277,0.026080460999992283,1,278,277,278,98,1,1,60,2,1,0.03970029299989619
s1_1000,S1-966899178,S3,India,selective_v2_compact,0,18,7,1,1,0,45,11,3,7,0.021620243999791455,105,21,66,22,272,254,0.02258497099990109,0,254,254,254,106,1,1,60,0,0,0.035024100999976326
s1_1000,S1-859410589,S2,India,selective_v2_compact,0,18,5,1,0,0,19,13,2,11,0.02118287399991914,45,3,22,26,473,339,0.02187028499997723,8,347,339,347,78,1,1,60,4,8,0.04204452399994807
s1_1000,S1-859410589,S3,India,selective_v2_compact,0,18,6,1,0,0,19,12,1,11,0.015541392000159249,45,3,22,24,324,258,0.01617322700008117,9,260,258,267,83,1,1,60,3,9,0.029009277999989536
s1_1000,S1-221830085,S2,US,selective_v2_compact,0,18,0,0,1,0,6,18,2,15,0.016638517000046704,36,1,7,38,273,171,0.017368019000059576,1,227,226,227,109,1,1,60,4,1,0.028737473999967733
s1_1000,S1-221830085,S3,US,selective_v2_compact,0,18,0,0,0,0,6,18,2,16,0.010714245999793093,36,1,7,38,232,95,0.011384497999983978,1,171,170,171,92,1,1,60,3,1,0.01841335500000696
s1_1000,S1-759154765,S2,US,selective_v2_compact,0,17,7,1,2,0,4,10,0,8,0.018016318000036335,21,0,4,20,302,299,0.018475984000019707,0,299,299,299,90,1,1,60,0,0,0.029996870999980274
s1_1000,S1-759154765,S3,US,selective_v2_compact,0,17,7,1,2,0,4,10,0,8,0.02009510799985037,21,0,4,20,329,323,0.020580155000061495,0,323,323,323,85,1,1,60,0,0,0.03334115200004817
s1_1000,S1-279768516,S2,India,selective_v2_compact,0,18,0,1,2,0,12,18,1,15,0.03653925399999025,45,1,13,38,367,260,0.03740900899992994,2,283,281,283,94,1,1,60,1,2,0.05244503500000519
s1_1000,S1-279768516,S3,India,selective_v2_compact,0,18,0,0,1,0,10,18,2,15,0.023658375999730197,45,1,11,38,273,206,0.024540319000038835,2,228,226,228,97,1,1,60,3,2,0.04077255900006094
s1_1000,S1-277795564,S2,India,selective_v2_compact,0,18,2,1,0,0,24,16,5,11,0.019473997999739368,91,15,39,33,298,251,0.02073669300000347,1,260,259,260,93,1,1,60,2,1,0.033452847000035035
s1_1000,S1-277795564,S3,India,selective_v2_compact,0,18,0,1,1,0,28,18,5,12,0.023123886000121274,91,10,38,37,328,273,0.02445398700001533,0,283,283,283,85,1,1,60,2,0,0.039718008000022564
s1_1000,S1-435179175,S2,India,selective_v2_compact,0,18,0,0,0,0,20,18,2,16,0.021969841000100132,66,6,26,37,317,213,0.02300225600004069,1,245,244,245,89,1,1,60,3,1,0.03679423100004442
s1_1000,S1-435179175,S3,India,selective_v2_compact,0,18,8,1,0,0,17,10,1,9,0.018664591000060682,66,6,23,22,371,278,0.019725318000041625,1,345,344,345,95,1,1,60,2,1,0.03911161300004551
s1_1000,S1-359821177,S2,US,selective_v2_compact,0,16,0,0,0,0,4,16,1,15,0.006415093000214256,21,1,5,33,202,149,0.006813826999973571,2,162,160,162,77,1,1,60,2,2,0.013528686999961792
s1_1000,S1-359821177,S3,US,selective_v2_compact,0,16,0,0,0,0,4,16,1,15,0.006694162999679065,21,1,5,33,205,161,0.007114403999935348,0,170,170,170,78,1,1,60,2,0,0.014086829000007128
s1_1000,S1-155407235,S2,US,selective_v2_compact,0,8,0,1,1,0,6,8,0,7,0.014288387000078728,15,1,7,16,264,251,0.014578677000031348,0,251,251,251,86,1,1,60,0,0,0.025999580000075184
s1_1000,S1-155407235,S3,US,selective_v2_compact,0,8,0,0,1,0,6,8,1,6,0.01593448100027217,15,1,7,16,138,133,0.016158735999965756,1,134,133,134,84,1,1,60,2,1,0.02183913000010307
s1_1000,S1-363640638,S2,US,selective_v2_compact,0,18,0,0,0,0,2,18,1,17,0.007945967000182463,36,1,3,37,345,178,0.008759639000004427,1,273,272,273,107,1,1,60,4,1,0.02034934199991767
s1_1000,S1-363640638,S3,US,selective_v2_compact,0,18,0,0,0,0,2,18,1,17,0.008421859999884873,36,1,3,37,345,197,0.009242666999966787,1,302,301,302,114,1,1,60,1,1,0.023269873000003827
s1_1000,S1-630988943,S2,US,selective_v2_compact,0,18,0,0,5,0,3,18,2,11,0.011251387000015711,28,0,3,37,405,234,0.011952832000019953,38,378,340,378,112,1,1,60,0,38,0.029215447999945354
s1_1000,S1-630988943,S3,US,selective_v2_compact,0,18,0,0,0,0,6,18,3,15,0.015662452000128724,28,1,7,37,523,238,0.016320560999929512,42,370,370,412,123,1,1,60,1,41,0.038765864999959376
s1_1000,S1-492798500,S2,India,selective_v2_compact,0,18,8,1,2,0,22,10,2,6,0.019061512000007497,91,15,37,22,335,274,0.020395260999976017,0,305,305,305,81,1,1,60,0,0,0.03504425800008448
s1_1000,S1-492798500,S3,India,selective_v2_compact,0,18,9,1,2,0,27,9,1,6,0.01075888500020028,91,3,30,20,354,300,0.012290955999901598,0,337,337,337,103,1,1,60,0,0,0.028409716999931334
s1_1000,S1-750902604,S2,US,selective_v2_compact,0,16,0,0,0,0,4,16,0,16,0.005558710000059364,21,1,5,33,298,104,0.005985473999999158,2,225,223,225,104,1,1,60,3,2,0.014928009000072961
s1_1000,S1-750902604,S3,US,selective_v2_compact,0,16,0,0,0,0,4,16,0,16,0.005844444000103977,21,1,5,33,301,112,0.0062769840000100885,0,232,232,232,99,1,1,60,4,0,0.015625080000063463
s1_1000,S1-832262633,S2,India,selective_v2_compact,0,18,9,1,1,0,11,9,1,7,0.013933269000176551,45,1,12,19,289,257,0.014746637000030205,1,271,270,271,85,1,1,60,1,1,0.02778457400006573
s1_1000,S1-832262633,S3,India,selective_v2_compact,0,18,7,1,0,0,9,11,1,10,0.019275829000093836,45,0,9,23,377,317,0.020186445000035746,11,333,333,344,96,1,1,60,5,11,0.03913296799998989
s1_1000,S1-494365737,S2,India,selective_v2_compact,0,18,2,1,0,0,5,16,0,16,0.015076948000114498,55,0,5,33,361,268,0.016277166000008947,12,308,296,308,84,1,1,60,3,12,0.033303573000011966
s1_1000,S1-494365737,S3,India,selective_v2_compact,0,18,2,1,1,0,0,16,1,14,0.022352333999947405,55,0,0,33,374,317,0.023664919999987433,3,349,346,349,87,1,1,60,3,3,0.04520460699995965
s1_1000,S1-317536058,S2,India,selective_v2_compact,0,18,7,1,0,0,28,11,0,11,0.014990714999953525,105,10,38,24,392,320,0.01664328200001819,1,376,376,377,97,1,1,60,2,1,0.03881194200005211
s1_1000,S1-317536058,S3,India,selective_v2_compact,0,18,0,1,0,0,27,18,3,15,0.027236514000151146,105,6,33,38,364,278,0.029101887000024362,0,324,324,324,103,1,1,60,1,0,0.04737730499994086
s1_1000,S1-862899562,S2,India,selective_v2_compact,0,18,10,1,0,0,19,8,3,5,0.015151989999935722,45,3,22,16,319,290,0.015774996999994073,1,291,290,291,90,1,1,60,1,1,0.02983070899995255
s1_1000,S1-862899562,S3,India,selective_v2_compact,0,18,13,1,0,0,16,5,0,5,0.009012654999992264,45,1,17,10,299,259,0.00978991700003462,3,260,259,262,88,1,1,60,2,3,0.02161702500006868
s1_1000,S1-813952512,S2,US,selective_v2_compact,0,18,1,1,5,0,0,17,2,10,0.04921277100027055,21,0,0,35,333,303,0.049806957999976476,0,316,316,316,96,1,1,60,1,0,0.06584880999992038
s1_1000,S1-813952512,S3,US,selective_v2_compact,0,18,4,1,0,0,0,14,2,12,0.04148619800002962,21,0,0,29,318,277,0.042033577999973204,0,290,290,290,98,1,1,60,2,0,0.056178462999923795
s1_1000,S1-263815160,S2,India,selective_v2_compact,0,17,9,1,0,8,47,8,0,8,0.01127824100012731,78,6,53,16,318,298,0.011987664999992376,4,302,298,302,79,1,1,60,2,4,0.029229579999991984
s1_1000,S1-263815160,S3,India,selective_v2_compact,0,17,9,1,1,10,45,8,0,7,0.015301346000001104,78,6,51,16,328,311,0.01600736299997152,9,320,311,320,78,1,1,60,2,9,0.03129238399992573
s1_1000,S1-505316099,S2,US,selective_v2_compact,0,16,0,0,0,0,5,16,0,16,0.03225709299988466,21,0,5,32,250,204,0.03272455900003024,2,206,204,206,87,1,1,60,2,2,0.04116530099997817
s1_1000,S1-505316099,S3,US,selective_v2_compact,0,16,0,0,1,0,5,16,0,15,0.03473004299974036,21,0,5,32,208,186,0.03513834399996085,1,187,186,187,91,1,1,60,0,1,0.04506766999998035
s1_1000,S1-442590532,S2,US,selective_v2_compact,0,17,0,0,1,2,8,17,1,15,0.02455780799994045,28,1,9,34,196,179,0.025042577000021993,0,179,179,179,81,1,1,60,2,0,0.03229783100005079
s1_1000,S1-442590532,S3,US,selective_v2_compact,0,17,0,0,0,2,8,17,1,16,0.02680230500016023,28,1,9,34,220,188,0.027313316000004306,2,190,188,190,89,1,1,60,2,2,0.035067868999931306
s1_1000,S1-520578486,S2,US,selective_v2_compact,0,18,0,0,3,0,2,18,1,14,0.010022895000020071,36,0,2,37,286,209,0.010908284000038293,0,256,256,256,117,1,1,60,1,0,0.020965508000017508
s1_1000,S1-520578486,S3,US,selective_v2_compact,0,18,0,0,0,0,2,18,1,17,0.011048045000279672,36,0,2,36,282,242,0.011906939000027705,0,242,242,242,90,1,1,60,2,0,0.02186464999999771
s1_1000,S1-373716962,S2,India,selective_v2_compact,0,18,11,1,0,0,35,7,0,7,0.015211012999998275,91,15,50,14,282,267,0.016247382999949878,0,267,267,267,89,1,1,60,3,0,0.030858566999995674
s1_1000,S1-373716962,S3,India,selective_v2_compact,0,18,10,1,2,0,35,8,0,6,0.03415951899978609,91,10,45,16,286,284,0.035335013000008075,2,286,284,286,87,1,1,60,0,2,0.050825482000050215
s1_1000,S1-221049359,S2,India,selective_v2_compact,0,18,6,1,0,0,11,12,2,10,0.027403796000044167,66,0,11,25,302,266,0.028734946999975364,1,270,269,270,99,1,1,60,3,1,0.04286981199993534
s1_1000,S1-221049359,S3,India,selective_v2_compact,0,18,5,1,1,0,4,13,3,9,0.03123885699994844,66,0,4,27,292,273,0.032713367000042126,0,278,278,278,99,1,1,60,1,0,0.04898689900005593
s1_1000,S1-595529200,S2,US,selective_v2_compact,0,13,0,0,4,0,2,13,0,9,0.006165518000216252,15,0,2,27,315,75,0.006472741000038695,1,260,259,260,66,1,1,60,2,1,0.01643220100004328
s1_1000,S1-595529200,S3,US,selective_v2_compact,0,13,0,0,0,0,2,13,0,13,0.006883752999669923,15,0,2,27,393,69,0.00722371300003033,1,302,301,302,53,0,0,53,2,1,0.01895902000001115
s1_1000,S1-448814176,S2,India,selective_v2_compact,0,18,3,1,1,0,17,15,0,14,0.010909472999969694,91,10,27,33,338,283,0.01244343000007575,1,306,305,306,88,1,1,60,1,1,0.029632749999905172
s1_1000,S1-448814176,S3,India,selective_v2_compact,0,18,8,1,0,0,17,10,0,10,0.011496796000074028,91,6,23,23,357,284,0.01317256599998018,1,308,307,308,107,1,1,60,4,1,0.02773171100000127
s1_1000,S1-382839290,S2,India,selective_v2_compact,0,18,0,0,0,0,11,18,3,15,0.008838212999762618,55,3,14,38,309,156,0.009825084999988576,2,218,216,218,103,1,1,60,3,2,0.020090622999987318
s1_1000,S1-382839290,S3,India,selective_v2_compact,0,18,0,0,1,0,11,18,3,14,0.07223730800023986,55,3,14,38,290,169,0.07324052000001302,0,229,229,229,100,1,1,60,2,0,0.08395950900001026
s1_1000,S1-437861953,S2,US,selective_v2_compact,0,16,6,1,0,0,5,10,0,10,0.02415221199998996,21,0,5,20,264,255,0.024579292999987956,0,255,255,255,85,1,1,60,0,0,0.03637058899994372
s1_1000,S1-437861953,S3,US,selective_v2_compact,0,16,10,1,0,0,5,6,0,6,0.01670789299998887,21,0,5,12,264,259,0.017135463000045092,0,259,259,259,83,1,1,60,1,0,0.027641108000011627
s1_1000,S1-801385283,S2,US,selective_v2_compact,0,18,0,0,4,0,5,18,0,14,0.008439678999934586,36,1,6,37,471,244,0.009246003000043856,0,381,381,381,100,1,1,60,1,0,0.03007500199998958
s1_1000,S1-801385283,S3,US,selective_v2_compact,0,18,0,1,0,0,6,18,1,17,0.012622756000155277,36,3,9,37,536,299,0.013416355999993357,1,426,425,426,108,1,1,60,1,1,0.0320783610000035
s1_1000,S1-62792559,S2,India,selective_v2_compact,0,18,3,1,0,0,15,15,3,12,0.01788886500003173,55,6,21,32,517,303,0.018840015000023413,3,427,424,427,104,1,1,60,4,3,0.04385736899996573
s1_1000,S1-62792559,S3,India,selective_v2_compact,0,18,3,1,0,0,15,15,3,12,0.017928845000142246,55,6,21,32,484,300,0.018868330999907812,0,438,438,438,106,1,1,60,2,0,0.06705217299997912
s1_1000,S1-429973350,S2,US,selective_v2_compact,0,18,6,1,2,2,11,12,0,10,0.01369162100002086,36,3,14,25,341,318,0.014376487000049565,0,319,319,319,97,1,1,60,1,0,0.0312290159999975
s1_1000,S1-429973350,S3,US,selective_v2_compact,0,18,9,1,0,2,11,9,0,9,0.01526996300015071,36,3,14,19,306,285,0.015875066000035076,0,288,288,288,93,1,1,60,2,0,0.028158587000007174
s1_1000,S1-959711921,S2,US,selective_v2_compact,0,18,0,0,2,0,5,18,1,15,0.007516485000110151,28,1,6,37,343,183,0.008113844000035897,4,289,285,289,99,1,1,60,1,4,0.019777089999934105
s1_1000,S1-959711921,S3,US,selective_v2_compact,0,18,0,0,1,0,5,18,1,16,0.00830486799998198,28,1,6,37,371,192,0.008915754999975434,2,311,309,311,104,1,1,60,2,2,0.026095637000025818
s1_1000,S1-645636967,S2,India,selective_v2_compact,0,13,0,1,0,6,16,13,1,12,0.012999123999975382,45,10,26,26,360,254,0.013546517000008862,1,255,254,255,106,1,1,60,2,1,0.026431468999930985
s1_1000,S1-645636967,S3,India,selective_v2_compact,0,14,1,1,1,6,15,13,1,11,0.022917070999938005,45,10,25,26,340,308,0.023552905999963514,1,309,308,309,102,1,1,60,2,1,0.04008744899999783
s1_1000,S1-772318966,S2,US,selective_v2_compact,0,18,5,1,2,0,4,13,0,11,0.006415822999997545,36,1,5,28,378,263,0.007314126000096621,3,296,293,296,84,1,1,60,1,3,0.019835140000054707
s1_1000,S1-772318966,S3,US,selective_v2_compact,0,18,5,1,0,0,4,13,0,13,0.006895345000089037,36,1,5,28,436,280,0.007750881999982084,7,321,314,321,96,1,1,60,1,7,0.022104537000018354
s1_1000,S1-805666871,S2,India,selective_v2_compact,0,18,11,1,0,0,26,7,1,6,0.010985790000177076,91,28,54,14,344,328,0.011974779000070157,7,335,328,335,112,1,1,60,1,7,0.03299880600002325
s1_1000,S1-805666871,S3,India,selective_v2_compact,0,18,7,1,0,0,31,11,2,9,0.021827729999927215,91,15,46,22,293,263,0.022993290999920646,5,264,263,268,102,1,1,60,1,5,0.03834311399998569
s1_1000,S1-89525072,S2,US,selective_v2_compact,0,18,0,0,4,0,2,18,1,13,0.014884411999446456,36,0,2,38,277,233,0.015740014000016345,0,237,237,237,105,1,1,60,1,0,0.025260494000008293
s1_1000,S1-89525072,S3,US,selective_v2_compact,0,18,0,0,1,0,2,18,1,16,0.019159730000183117,36,0,2,38,307,249,0.020034714000075837,0,254,254,254,99,1,1,60,0,0,0.03061010900000838
s1_1000,S1-334690933,S2,India,selective_v2_compact,0,18,9,1,0,0,28,9,3,6,0.01045784000018557,66,10,38,18,264,253,0.011167671999942286,2,255,253,255,92,1,1,60,2,2,0.023694109000075514
s1_1000,S1-334690933,S3,India,selective_v2_compact,0,18,10,1,0,0,28,8,1,7,0.013592131999871526,66,10,38,16,369,350,0.014378429000089454,3,353,350,353,89,1,1,60,1,3,0.036776856999949814
s1_1000,S1-306911649,S2,India,selective_v2_compact,0,18,9,1,0,0,15,9,2,7,0.017761908999887055,55,1,16,19,317,297,0.018739738000022044,0,309,309,309,99,1,1,60,2,0,0.03405412500001148
s1_1000,S1-306911649,S3,India,selective_v2_compact,0,18,9,1,1,0,12,9,1,7,0.016228508000040165,55,1,13,19,284,264,0.01729248499998448,0,277,277,277,80,1,1,60,1,0,0.030315642999994452
s1_1000,S1-189778694,S2,US,selective_v2_compact,0,14,0,0,0,0,6,14,0,14,0.020210000000020045,21,1,7,30,362,217,0.020606152999903316,2,307,305,307,114,1,1,60,1,2,0.03256993499996952
s1_1000,S1-189778694,S3,US,selective_v2_compact,0,14,0,0,0,0,6,14,0,14,0.02192560399987542,21,1,7,30,408,236,0.022337937999964197,8,314,306,314,101,1,1,60,4,8,0.03484776699997383
s1_1000,S1-264521464,S2,India,selective_v2_compact,0,18,2,1,1,0,7,16,1,14,0.02218939299984868,45,1,8,34,546,342,0.023246655999969335,8,377,369,377,98,1,1,60,1,8,0.04891053999995165
s1_1000,S1-264521464,S3,India,selective_v2_compact,0,18,6,1,1,0,6,12,0,11,0.025074677000134216,45,0,6,26,359,266,0.02604040400001395,0,289,289,289,87,1,1,60,0,0,0.0396118229999729
s1_1000,S1-109274691,S2,US,selective_v2_compact,0,16,0,0,3,0,5,16,1,12,0.010887451000030524,21,0,5,32,99,79,0.011244943999940915,1,80,79,80,78,1,1,60,2,1,0.014774608000038825
s1_1000,S1-109274691,S3,US,selective_v2_compact,0,16,0,0,0,0,5,16,1,15,0.011419214999818905,21,0,5,32,129,89,0.01180165699997815,1,90,89,90,75,1,1,60,3,1,0.01666265400001521
s1_1000,S1-241052906,S2,India,selective_v2_compact,0,15,10,1,1,11,50,5,0,4,0.017439582999941194,91,15,65,10,264,256,0.018056872999977713,4,260,256,260,111,1,1,60,1,4,0.030400029000020368
s1_1000,S1-241052906,S3,India,selective_v2_compact,0,18,10,1,0,0,49,8,2,6,0.031882425999924635,91,10,59,16,365,356,0.032822942000052535,6,362,356,362,112,1,1,60,1,6,0.05414095100002214
s1_1000,S1-20912265,S2,India,selective_v2_compact,0,18,6,1,0,0,44,12,4,8,0.03694023900027332,105,28,72,25,366,295,0.03781194999999116,1,320,319,320,103,1,1,60,2,1,0.05302017700000761
s1_1000,S1-20912265,S3,India,selective_v2_compact,0,18,8,1,0,0,51,10,1,9,0.032691300000351475,105,21,72,21,414,329,0.033594493000009606,3,366,363,366,103,1,1,60,3,3,0.05341429399993558
s1_1000,S1-457236191,S2,India,selective_v2_compact,0,18,6,1,0,0,14,12,1,11,0.028028514999959953,45,6,20,25,407,263,0.028788240000039877,4,294,290,294,103,1,1,60,1,4,0.04453769400004148
s1_1000,S1-457236191,S3,India,selective_v2_compact,0,18,12,1,1,0,16,6,0,5,0.011132364999980382,45,1,17,13,302,259,0.01182592099996782,10,288,288,298,86,1,1,60,1,10,0.025758202000019992
s1_1000,S1-601233921,S2,US,selective_v2_compact,0,12,0,0,0,0,2,12,1,11,0.0049966139998787185,15,1,3,26,157,47,0.00530987100000857,82,123,116,198,127,1,1,60,1,45,0.012920459000042683
s1_1000,S1-601233921,S3,US,selective_v2_compact,0,12,0,0,0,0,2,12,1,11,0.005178050000040457,15,1,3,26,206,60,0.005498904999967635,71,159,152,223,131,1,1,60,3,45,0.014420147999999244
s1_1000,S1-652724045,S2,US,selective_v2_compact,0,18,0,0,0,0,9,18,0,18,0.01314040300007946,36,3,12,38,219,114,0.013698294000050737,1,146,145,146,76,1,1,60,4,1,0.02038557799994578
s1_1000,S1-652724045,S3,US,selective_v2_compact,0,18,0,0,0,0,9,18,0,18,0.01872181999976874,36,3,12,39,340,186,0.01937059399995178,1,257,256,257,78,1,1,60,1,1,0.02995711799997025
s1_1000,S1-752926413,S2,US,selective_v2_compact,0,16,7,1,0,1,10,9,3,6,0.012085095000088586,28,1,11,18,347,300,0.012584263999997347,52,303,300,352,131,1,1,60,4,46,0.02635628899997755
s1_1000,S1-752926413,S3,US,selective_v2_compact,0,16,7,1,0,1,10,9,3,6,0.011978399999975409,28,1,11,18,333,298,0.012478965000013886,50,298,298,348,149,1,1,60,3,47,0.030317752999962977
s1_1000,S1-632381890,S2,India,selective_v2_compact,0,18,0,1,0,0,8,18,2,16,0.011333060000083606,91,10,18,37,298,256,0.013069704999907117,0,258,258,258,102,1,1,60,1,0,0.02907801499998186
s1_1000,S1-632381890,S3,India,selective_v2_compact,0,18,5,1,0,0,16,13,1,12,0.0089289400002599,91,3,19,27,276,254,0.010577598000054422,1,256,255,256,109,1,1,60,2,1,0.022533370000019204
s1_1000,S1-568024600,S2,US,selective_v2_compact,0,18,0,0,0,0,6,18,0,18,0.011388047000082224,36,1,7,38,242,140,0.01210391899996921,1,195,194,195,116,1,1,60,2,1,0.020132134000050428
s1_1000,S1-568024600,S3,US,selective_v2_compact,0,18,0,0,1,0,6,18,0,17,0.011732549000157633,36,1,7,38,241,140,0.012422510999954284,0,190,190,190,112,1,1,60,1,0,0.020051007000006393
s1_1000,S1-101003484,S2,India,selective_v2_compact,0,18,8,1,0,0,38,10,1,9,0.02613182400000369,105,10,48,20,309,252,0.027506205000008777,4,256,252,256,107,1,1,60,3,4,0.039409775999956764
s1_1000,S1-101003484,S3,India,selective_v2_compact,0,18,10,1,0,0,37,8,1,7,0.021069344999887107,105,6,43,16,284,279,0.022522570999967684,1,279,279,280,97,1,1,60,1,1,0.037005005999958485
s1_1000,S1-43499921,S2,India,selective_v2_compact,0,18,8,1,0,0,46,10,2,8,0.022452192000059767,120,15,61,21,265,251,0.023889562000022124,7,261,254,261,93,1,1,60,1,7,0.03682081099998413
s1_1000,S1-43499921,S3,India,selective_v2_compact,0,18,9,1,1,0,53,9,1,7,0.01620857699992939,120,6,59,19,275,260,0.017683909999959724,16,266,265,281,102,1,1,60,3,16,0.0312574609999956
s1_1000,S1-110256609,S2,US,selective_v2_compact,0,18,3,1,3,0,2,15,0,12,0.010089918000062426,21,0,2,31,399,344,0.010670585999946525,1,358,357,358,117,1,1,60,2,1,0.032035532999998395
s1_1000,S1-110256609,S3,US,selective_v2_compact,0,18,0,0,6,0,2,18,1,11,0.01184783000007883,21,0,2,37,281,246,0.012390959000072144,1,252,251,252,106,1,1,60,0,1,0.022738322000009248
s1_1000,S1-487458224,S2,India,selective_v2_compact,0,18,8,1,0,0,35,10,0,10,0.013879094999879271,120,6,41,22,323,255,0.01576536999994005,2,292,290,292,87,1,1,60,1,2,0.03110080699991613
s1_1000,S1-487458224,S3,India,selective_v2_compact,0,18,0,0,0,0,34,18,1,17,0.020969998000055057,120,3,37,39,363,245,0.02297022300001572,1,319,318,319,94,1,1,60,3,1,0.041316992000020036
s1_1000,S1-929842045,S2,US,selective_v2_compact,0,18,0,0,8,0,1,18,1,9,0.0066131079998967834,28,0,1,36,177,171,0.007276119000039216,1,172,171,172,98,1,1,60,1,1,0.015210131999992882
s1_1000,S1-929842045,S3,US,selective_v2_compact,0,18,0,1,2,0,3,18,1,15,0.012989415000106419,28,3,6,36,295,264,0.013649701999952413,0,264,264,264,102,1,1,60,1,0,0.029116820000012922
s1_1000,S1-281720430,S2,India,selective_v2_compact,0,18,0,0,2,0,7,18,2,14,0.007844967999972141,78,15,22,40,213,85,0.009117959999912273,1,130,129,130,79,1,1,60,2,1,0.01633810300006644
s1_1000,S1-281720430,S3,India,selective_v2_compact,0,18,0,0,2,0,13,18,3,13,0.01407781199998226,78,10,23,40,157,63,0.015396419000012429,0,95,95,95,78,1,1,60,0,0,0.02020612399996935
s1_1000,S1-721565573,S2,India,selective_v2_compact,0,18,8,1,0,0,43,10,2,8,0.018924208000044018,120,36,79,21,332,288,0.020001363000005767,0,308,308,308,91,1,1,60,3,0,0.035037708000004386
s1_1000,S1-721565573,S3,India,selective_v2_compact,0,18,5,1,0,0,44,13,5,8,0.029577444000096875,120,28,72,27,361,305,0.030801379000081397,1,329,328,329,106,1,1,60,4,1,0.04877556499991442
s1_1000,S1-388793139,S2,US,selective_v2_compact,0,16,5,1,0,0,4,11,0,11,0.007950635999918632,21,1,5,23,370,289,0.008453474000020833,2,328,326,328,77,1,1,60,3,2,0.023960586000043804
s1_1000,S1-388793139,S3,US,selective_v2_compact,0,16,0,0,5,0,4,16,1,10,0.009776305999707802,21,1,5,33,267,205,0.01021002100003443,1,243,242,243,80,1,1,60,2,1,0.02082452199999807
s1_1000,S1-332323893,S2,US,selective_v2_compact,0,15,0,0,9,0,0,15,0,6,0.00457621999987623,15,0,0,33,92,84,0.004896236999911707,0,87,87,87,78,1,1,60,0,0,0.008664453000051253
s1_1000,S1-332323893,S3,US,selective_v2_compact,0,10,0,0,4,0,0,10,0,6,0.004810860000134198,10,0,0,21,99,95,0.005080511999949522,0,96,96,96,74,1,1,60,0,0,0.00908791699998801
s1_1000,S1-841238498,S2,India,selective_v2_compact,0,18,10,1,0,0,55,8,0,8,0.012548402999868813,120,10,65,17,341,285,0.013960331000021142,9,329,320,329,107,1,1,60,2,9,0.03109229899996535
s1_1000,S1-841238498,S3,India,selective_v2_compact,0,18,7,1,0,0,52,11,0,11,0.01774197099985031,120,6,58,22,342,299,0.019374869999978728,8,307,299,307,99,1,1,60,3,8,0.03831513299996914
s1_1000,S1-604791387,S2,US,selective_v2_compact,0,18,6,1,1,0,0,12,0,11,0.034684777000393296,28,0,0,24,332,275,0.03543856199996753,23,298,275,298,84,1,1,60,4,23,0.04891922000001614
s1_1000,S1-604791387,S3,US,selective_v2_compact,0,18,0,0,2,0,0,18,1,15,0.04171556899996176,28,0,0,36,261,201,0.04239985300000626,27,228,201,228,89,1,1,60,0,27,0.05157740799995736
s1_1000,S1-276163334,S2,India,selective_v2_compact,0,18,7,1,1,0,38,11,3,7,0.029384805000063352,120,6,44,22,297,297,0.03114052700004777,0,297,297,297,80,1,1,60,0,0,0.04647596599988901
s1_1000,S1-276163334,S3,India,selective_v2_compact,0,18,9,1,2,0,30,9,1,6,0.021209184999861463,120,3,33,18,351,351,0.023242595999931837,3,351,351,354,88,1,1,60,0,3,0.045863346000032834
s1_1000,S1-619648344,S2,India,selective_v2_compact,0,18,5,1,0,0,21,13,1,12,0.011970970000334091,91,21,42,27,351,251,0.013218878999964545,0,263,263,263,96,1,1,60,4,0,0.026957296999967184
s1_1000,S1-619648344,S3,India,selective_v2_compact,0,18,2,1,0,0,25,16,3,13,0.02638669899999968,91,10,35,34,421,288,0.0278473189999886,0,334,334,334,97,1,1,60,1,0,0.048580910000055155
s1_1000,S1-267645994,S2,US,selective_v2_compact,0,17,6,1,2,5,17,11,0,9,0.042098322999891025,45,6,23,23,528,286,0.042720511999959854,67,517,516,583,136,1,1,60,0,50,0.06942205400002877
s1_1000,S1-267645994,S3,US,selective_v2_compact,0,16,7,1,0,2,21,9,1,8,0.04302342499988754,45,6,27,18,310,296,0.04354619500008994,53,297,296,349,148,1,1,60,0,48,0.06078915899990989
s1_1000,S1-280004217,S2,US,selective_v2_compact,0,18,10,1,2,0,2,8,0,6,0.00732628899993415,21,1,3,16,302,300,0.007826661999956741,0,300,300,300,119,1,1,60,0,0,0.019894408000027397
s1_1000,S1-280004217,S3,US,selective_v2_compact,0,17,7,1,0,0,3,10,0,10,0.0086493710001605,21,1,4,20,290,270,0.009144223000021157,0,270,270,270,79,1,1,60,1,0,0.020084827000005134
s1_1000,S1-183479376,S2,India,selective_v2_compact,0,9,3,1,0,3,33,6,1,5,0.010086290999765879,66,21,54,12,319,292,0.010449890000018058,2,294,292,294,77,1,1,60,2,2,0.02421606400002929
s1_1000,S1-183479376,S3,India,selective_v2_compact,0,13,8,1,1,4,39,5,0,4,0.02251437899985831,66,10,49,10,316,313,0.022983699000064917,0,313,313,313,89,1,1,60,0,0,0.037616694000007556
s1_1000,S1-651332839,S2,India,selective_v2_compact,0,18,8,1,0,0,18,10,1,9,0.006364260000282229,78,21,39,21,437,298,0.007390292999957637,0,346,346,346,95,1,1,60,2,0,0.030218966999996155
s1_1000,S1-651332839,S3,India,selective_v2_compact,0,18,5,1,0,0,23,13,2,11,0.011380148000057488,78,15,38,27,447,326,0.012492751999957363,0,371,371,371,113,1,1,60,2,0,0.03228029699994295
s1_1000,S1-325262585,S2,US,selective_v2_compact,0,17,8,1,0,1,9,9,0,9,0.01856868899994879,28,1,10,18,280,252,0.019070166000005884,2,254,252,254,81,1,1,60,3,2,0.030837500999950862
s1_1000,S1-325262585,S3,US,selective_v2_compact,0,17,5,1,0,1,9,12,1,11,0.027214212999865595,28,1,10,24,333,295,0.027729471999919042,1,296,295,296,80,1,1,60,2,1,0.04245805000005021
s1_1000,S1-248093324,S2,India,selective_v2_compact,0,18,11,1,0,0,27,7,0,7,0.018770997999922656,78,15,42,15,383,358,0.01972903800003678,0,361,361,361,90,1,1,60,1,0,0.039411972000038986
s1_1000,S1-248093324,S3,India,selective_v2_compact,0,18,11,1,0,0,31,7,0,7,0.019789863000028163,78,6,37,15,318,309,0.020819149999965703,1,312,311,312,93,1,1,60,1,1,0.035797860999991826
s1_1000,S1-714434823,S2,US,selective_v2_compact,0,18,0,0,2,0,4,18,1,15,0.011316402000375092,28,0,4,37,173,88,0.011885730000017247,0,136,136,136,77,1,1,60,3,0,0.017520238000088284
s1_1000,S1-714434823,S3,US,selective_v2_compact,0,18,0,0,0,0,4,18,1,17,0.011790757999960988,28,0,4,37,209,104,0.012366483999926459,1,155,154,155,79,1,1,60,2,1,0.020565967000038654
s1_1000,S1-319895908,S2,India,selective_v2_compact,0,18,6,1,0,0,35,12,1,11,0.013792751999972097,91,15,50,25,363,254,0.014875842000037665,1,289,288,289,95,1,1,60,3,1,0.030501417999971636
s1_1000,S1-319895908,S3,India,selective_v2_compact,0,18,0,0,5,0,37,18,3,10,0.017566301000101703,91,10,47,37,284,232,0.018711157999973693,0,254,254,254,92,1,1,60,0,0,0.031099023999900055
s1_1000,S1-130312518,S2,India,selective_v2_compact,0,11,0,0,0,6,17,11,0,11,0.006021533999955864,55,21,38,23,263,158,0.0064742319999595566,1,176,175,176,78,1,1,60,1,1,0.01553499900001043
s1_1000,S1-130312518,S3,India,selective_v2_compact,0,11,0,0,1,6,17,11,0,10,0.006053011999938462,55,21,38,23,251,124,0.00645450100000744,1,135,134,135,76,1,1,60,2,1,0.012907968000035908
s1_1000,S1-337403716,S2,India,selective_v2_compact,0,18,8,1,0,4,23,10,0,10,0.012871287000052689,55,6,29,22,329,289,0.013561306999918088,0,305,305,305,116,1,1,60,1,0,0.02893504999997276
s1_1000,S1-337403716,S3,India,selective_v2_compact,0,18,9,1,0,4,23,9,0,9,0.017167770999549248,55,6,29,20,340,311,0.017858369999999013,1,320,319,320,116,1,1,60,2,1,0.034749708000049395
s1_1000,S1-927196959,S2,US,selective_v2_compact,0,17,7,1,0,0,4,10,0,10,0.029499717999897257,21,0,4,21,297,281,0.029963972000018657,0,291,291,291,79,1,1,60,1,0,0.04362844399997812
s1_1000,S1-927196959,S3,US,selective_v2_compact,0,17,7,1,0,0,4,10,0,10,0.03144463900014216,21,0,4,21,367,335,0.03193828899998152,2,353,351,353,78,1,1,60,2,2,0.05000109799993879
s1_1000,S1-634802275,S2,India,selective_v2_compact,0,16,0,1,0,8,16,16,2,14,0.010459865000257196,55,15,31,33,369,250,0.011138703000028727,1,264,263,264,90,1,1,60,4,1,0.024010216999954537
s1_1000,S1-634802275,S3,India,selective_v2_compact,0,18,10,1,0,0,17,8,1,7,0.004699006999885569,55,10,27,17,293,272,0.005403876000059427,0,278,278,278,90,1,1,60,1,0,0.01832153699990613
s1_1000,S1-610551902,S2,India,selective_v2_compact,0,18,9,1,0,0,43,9,2,7,0.030795472999898266,91,6,49,18,290,275,0.03184389800003373,3,278,275,278,111,1,1,60,1,3,0.04528079699991849
s1_1000,S1-610551902,S3,India,selective_v2_compact,0,18,9,1,0,0,35,9,2,7,0.02817747699998563,91,6,41,18,285,278,0.029389354000045387,1,279,278,279,118,1,1,60,1,1,0.0424346700000342
s1_1000,S1-763925165,S2,US,selective_v2_compact,0,18,8,1,1,0,1,10,1,8,0.006796855000061441,21,0,1,20,283,259,0.007318531999999323,0,259,259,259,112,1,1,60,3,0,0.017386396999995668
s1_1000,S1-763925165,S3,US,selective_v2_compact,0,18,8,1,1,0,1,10,1,8,0.0075259359997517095,21,0,1,20,297,267,0.008102245000031871,0,267,267,267,92,1,1,60,1,0,0.01872389799996199
s1_1000,S1-809191477,S2,US,selective_v2_compact,0,18,0,0,7,0,3,18,0,11,0.013720298999942315,28,0,3,36,208,193,0.014328320999993593,1,194,193,194,78,1,1,60,1,1,0.022613126999999622
s1_1000,S1-809191477,S3,US,selective_v2_compact,0,18,0,0,0,0,6,18,0,18,0.015754990999994334,28,1,7,37,539,222,0.016337130000010802,3,472,469,472,81,1,1,60,3,3,0.03654320700002245
s1_1000,S1-589408855,S2,India,selective_v2_compact,0,18,8,1,0,0,20,10,0,10,0.01827403899994806,66,15,35,22,417,370,0.019240420999949492,4,380,376,380,110,1,1,60,3,4,0.04457690399999592
s1_1000,S1-589408855,S3,India,selective_v2_compact,0,18,12,1,0,0,21,6,0,6,0.013343187999794281,66,15,36,14,292,254,0.014090880999901856,10,265,264,274,103,1,1,60,3,10,0.02751332299999376
s1_1000,S1-206753882,S2,US,selective_v2_compact,0,18,0,0,5,0,9,18,1,12,0.01928838900005303,45,1,10,37,220,158,0.020163417999924604,0,188,188,188,94,1,1,60,1,0,0.027760096999941197
s1_1000,S1-206753882,S3,US,selective_v2_compact,0,18,1,1,1,0,12,17,2,14,0.025490347000300062,45,3,15,35,357,278,0.026353092000022116,0,314,314,314,87,1,1,60,0,0,0.04282659099999364
s1_1000,S1-878306771,S2,US,selective_v2_compact,0,10,0,0,4,0,0,10,0,6,0.004172335999896859,10,0,0,20,30,27,0.004366688000004615,1,28,27,28,28,0,0,28,0,1,0.0058895280000115235
s1_1000,S1-878306771,S3,US,selective_v2_compact,0,10,0,0,0,0,0,10,0,10,0.00454401299998608,10,0,0,20,79,33,0.004746516999944106,4,37,33,37,37,0,0,37,2,4,0.006458394999981465
s1_1000,S1-328097241,S2,US,selective_v2_compact,0,18,10,1,0,0,3,8,0,8,0.016345635000220682,21,0,3,16,264,261,0.016825749999952677,0,261,261,261,85,1,1,60,0,0,0.02688161499997932
s1_1000,S1-328097241,S3,US,selective_v2_compact,0,17,9,1,0,0,4,8,0,8,0.017534251000029144,21,0,4,16,315,304,0.018020447000026252,1,305,304,305,82,1,1,60,2,1,0.030149441000048682
s1_1000,S1-829671154,S2,India,selective_v2_compact,0,13,8,1,0,4,23,5,0,5,0.015360489999920901,55,15,38,10,290,278,0.015851510000061353,2,279,278,280,100,1,1,60,4,2,0.03034481199995298
s1_1000,S1-829671154,S3,India,selective_v2_compact,0,13,8,1,0,4,28,5,0,5,0.016988436000019647,55,10,38,10,268,256,0.017417654000041694,4,260,256,260,119,1,1,60,0,4,0.029380792000097244
s1_1000,S1-631246874,S2,India,selective_v2_compact,0,18,8,1,0,0,34,10,0,10,0.020438344999888614,120,6,40,22,413,361,0.022469090999948094,0,393,393,393,115,1,1,60,2,0,0.04564906699999938
s1_1000,S1-631246874,S3,India,selective_v2_compact,0,18,9,1,0,0,26,9,0,9,0.027071756999930585,120,1,27,21,386,302,0.029268831000081263,2,355,353,355,86,1,1,60,3,2,0.047319721999997455
s1_1000,S1-544759562,S2,US,selective_v2_compact,0,14,4,1,4,0,1,10,0,6,0.008624809000139066,15,0,1,21,431,255,0.009061373000008643,32,422,390,422,119,1,1,60,0,32,0.025150534999966112
s1_1000,S1-544759562,S3,US,selective_v2_compact,0,14,4,1,0,0,1,10,0,10,0.009018212999990283,15,0,1,21,461,260,0.009445828000025358,34,448,414,448,118,1,1,60,1,34,0.029239590999964093
s1_1000,S1-930744842,S2,India,selective_v2_compact,0,18,11,1,0,0,34,7,0,7,0.016356708999978764,91,10,44,15,322,305,0.017546000000038475,5,308,307,312,94,1,1,60,3,5,0.03302254400000493
s1_1000,S1-930744842,S3,India,selective_v2_compact,0,18,9,1,0,0,31,9,1,8,0.02023899299990717,91,6,37,19,318,293,0.021647632000053818,10,306,296,306,118,1,1,60,2,10,0.037814937000007376
s1_1000,S1-108161581,S2,US,selective_v2_compact,0,12,0,0,0,0,8,12,0,12,0.018129048000105286,21,1,9,24,254,206,0.018495678000022053,28,234,206,234,88,1,1,60,1,28,0.02761501799989219
s1_1000,S1-108161581,S3,US,selective_v2_compact,0,12,0,0,3,0,8,12,0,9,0.020124892000126238,21,1,9,24,260,228,0.020477969000012308,25,253,228,253,89,1,1,60,1,25,0.0328227950000155
s1_1000,S1-130260765,S2,India,selective_v2_compact,0,17,7,1,0,4,12,10,1,9,0.015655836999826533,36,3,15,20,314,285,0.016221849999965343,1,286,285,286,108,1,1,60,2,1,0.02936556399993151
s1_1000,S1-130260765,S3,India,selective_v2_compact,0,18,4,1,0,0,11,14,3,11,0.0196196190001956,36,1,12,28,286,261,0.020303312999999434,3,264,261,264,108,1,1,60,2,3,0.03384916899995005
s1_1000,S1-322705792,S2,US,selective_v2_compact,0,18,0,0,6,0,5,18,2,10,0.01749397199989744,36,0,5,37,124,48,0.018185624000011558,0,101,101,101,90,1,1,60,2,0,0.024839320999944903
s1_1000,S1-322705792,S3,US,selective_v2_compact,0,18,0,0,0,0,8,18,4,14,0.02655850600035592,36,1,9,37,270,175,0.027252524000004996,1,223,222,223,102,1,1,60,1,1,0.03641733299991756
s1_1000,S1-300047799,S2,US,selective_v2_compact,0,11,0,0,0,0,3,11,1,10,0.008042260999786777,15,1,4,23,216,172,0.008349526999950285,3,192,189,192,83,1,1,60,2,3,0.016073084000026938
s1_1000,S1-300047799,S3,US,selective_v2_compact,0,11,0,0,0,0,3,11,1,10,0.00921593399982612,15,1,4,23,224,170,0.009525613000050726,5,191,186,191,87,1,1,60,4,5,0.038056335000078434
s1_1000,S1-237606626,S2,US,selective_v2_compact,0,12,0,0,8,0,3,12,0,4,0.017577887000015835,15,0,3,25,291,138,0.017879193000112537,33,283,250,283,112,1,1,60,0,33,0.028800569999930303
s1_1000,S1-237606626,S3,US,selective_v2_compact,0,12,0,0,0,0,3,12,0,12,0.018529113999989022,15,0,3,25,331,156,0.018865520999952423,28,308,280,308,108,1,1,60,1,28,0.03118170499999451
s1_1000,S1-431860747,S2,India,selective_v2_compact,0,18,0,0,7,0,1,18,3,8,0.0073800160002974735,28,3,4,39,298,191,0.007989799000029052,0,236,236,236,93,1,1,60,0,0,0.019186476999948354
s1_1000,S1-431860747,S3,India,selective_v2_compact,0,18,9,1,0,0,3,9,0,9,0.005474843999877521,28,1,4,21,371,258,0.006112163000011606,1,312,311,312,79,1,1,60,5,1,0.01998395900000105
s1_1000,S1-552437382,S2,US,selective_v2_compact,0,18,12,1,0,0,7,6,0,6,0.01195199199992203,36,3,10,12,255,251,0.012655795999990005,0,251,251,251,118,1,1,60,0,0,0.02288072800001828
s1_1000,S1-552437382,S3,US,selective_v2_compact,0,18,7,1,1,0,7,11,0,10,0.00649719000011828,45,3,10,23,282,267,0.0073878509999758535,1,269,268,269,78,1,1,60,3,1,0.020601882999926602
s1_1000,S1-603435619,S2,India,selective_v2_compact,0,18,7,1,0,0,20,11,2,9,0.01363664199982395,66,10,30,22,289,260,0.014575994000097126,4,264,260,264,115,1,1,60,2,4,0.027578583000035906
s1_1000,S1-603435619,S3,India,selective_v2_compact,0,18,11,1,1,0,22,7,0,6,0.01920656599997983,66,6,28,14,347,304,0.020194188000004942,7,311,304,311,119,1,1,60,1,7,0.036819604000015715
s1_1000,S1-685335289,S2,US,selective_v2_compact,0,18,0,0,6,0,2,18,0,12,0.005773426000018844,21,1,3,36,76,73,0.00622708599996713,0,73,73,73,73,1,1,60,0,0,0.009479962000000342
s1_1000,S1-685335289,S3,US,selective_v2_compact,0,18,0,0,8,0,2,18,0,10,0.006080733000089822,21,1,3,36,88,85,0.006495205000078386,1,86,85,86,86,1,1,60,1,1,0.010166270000013355
s1_1000,S1-155779800,S2,US,selective_v2_compact,0,18,13,1,1,0,10,5,0,4,0.016884624999988773,45,1,11,10,273,267,0.01774293700009366,1,268,267,268,112,1,1,60,2,1,0.028213118999929065
s1_1000,S1-155779800,S3,US,selective_v2_compact,0,18,11,1,0,0,17,7,0,7,0.01804617999994207,45,3,20,14,286,265,0.018710453999915444,1,266,265,266,108,1,1,60,1,1,0.033059356999956435
s1_1000,S1-501849627,S2,India,selective_v2_compact,0,18,1,1,1,0,5,17,1,15,0.047539357000232485,120,0,5,34,344,287,0.050223383000002286,2,288,287,289,92,1,1,60,1,2,0.0678044129999762
s1_1000,S1-501849627,S3,India,selective_v2_compact,0,18,1,1,1,0,1,17,0,16,0.03362480500015863,120,0,1,34,295,250,0.036373620999938794,4,250,250,254,95,1,1,60,1,4,0.05378644399991117
s1_1000,S1-262004414,S2,US,selective_v2_compact,0,18,0,0,5,0,0,18,0,13,0.005619157999831259,21,0,0,37,310,60,0.0061100970000325106,0,290,290,290,78,1,1,60,2,0,0.01721212799998284
s1_1000,S1-262004414,S3,US,selective_v2_compact,0,18,0,0,0,0,0,18,0,18,0.010742440999933933,21,0,0,36,185,95,0.011318101000028946,0,95,95,95,48,0,0,48,3,0,0.015637460999982977
s1_1000,S1-745903635,S2,US,selective_v2_compact,0,18,11,1,0,1,8,7,0,7,0.014505113000041092,28,1,9,14,307,285,0.015011402999903112,3,288,285,288,110,1,1,60,1,3,0.026216181999984656
s1_1000,S1-745903635,S3,US,selective_v2_compact,0,18,9,1,0,1,8,9,1,8,0.018231851999985338,28,1,9,18,314,295,0.018763596999974652,3,298,295,298,91,1,1,60,1,3,0.03057964799995716
s1_1000,S1-656765074,S2,India,selective_v2_compact,0,18,11,1,0,0,25,7,1,6,0.011160571000004893,78,21,46,14,311,309,0.012027340000031472,1,309,309,310,111,1,1,60,3,1,0.02994774100000086
s1_1000,S1-656765074,S3,India,selective_v2_compact,0,18,11,1,0,5,34,7,1,6,0.013071430000081818,78,15,49,14,274,266,0.013806328999976358,3,269,266,269,113,1,1,60,1,3,0.027726067999992665
s1_1000,S1-904386702,S2,US,selective_v2_compact,0,18,6,1,0,0,8,12,1,11,0.019627289000027304,36,1,9,25,449,350,0.02037730899996859,3,421,418,421,117,1,1,60,1,3,0.04252685099993414
s1_1000,S1-904386702,S3,US,selective_v2_compact,0,18,0,0,0,0,10,18,1,17,0.014660307999633915,36,1,11,37,307,196,0.015329567999970095,1,263,262,263,111,1,1,60,1,1,0.0270050409999385
s1_1000,S1-337125619,S2,US,selective_v2_compact,0,17,12,1,0,0,3,5,0,5,0.004997734000198761,21,1,4,11,269,256,0.005446585000072446,5,263,258,263,91,1,1,60,2,5,0.01580187100000785
s1_1000,S1-337125619,S3,US,selective_v2_compact,0,16,8,1,0,0,4,8,1,7,0.008098612000139838,21,1,5,17,276,259,0.008534854999993513,2,264,262,264,83,1,1,60,2,2,0.01893092600005275
s1_1000,S1-514177496,S2,India,selective_v2_compact,0,18,10,1,0,4,20,8,0,8,0.015533670000081656,55,6,26,16,316,282,0.016265355999962594,1,283,282,283,112,1,1,60,3,1,0.034633541999937734
s1_1000,S1-514177496,S3,India,selective_v2_compact,0,18,10,1,1,0,20,8,0,7,0.02201327200009473,55,3,23,16,308,302,0.022835729999997056,0,302,302,302,105,1,1,60,1,0,0.03912457000001268
s1_1000,S1-395601309,S2,India,selective_v2_compact,0,18,7,1,0,0,19,11,0,11,0.013261587999863877,66,3,22,22,409,329,0.014399533000073461,5,334,329,334,79,1,1,60,2,5,0.03482940599997164
s1_1000,S1-395601309,S3,India,selective_v2_compact,0,18,10,1,0,0,19,8,0,8,0.018746744999930343,66,3,22,16,314,286,0.01984398400009013,8,294,286,294,110,1,1,60,4,8,0.03359455500003605
s1_1000,S1-577698852,S2,India,selective_v2_compact,0,18,0,0,0,2,10,18,0,18,0.009824430000094253,36,3,13,39,274,205,0.010437456000090606,3,230,227,230,78,1,1,60,2,3,0.02108461399996031
s1_1000,S1-577698852,S3,India,selective_v2_compact,0,18,0,0,4,0,9,18,3,11,0.023152619000143204,36,0,9,39,227,151,0.02380610299996988,1,178,177,178,76,1,1,60,3,1,0.03199818999996751
s1_1000,S1-874201682,S2,India,selective_v2_compact,0,18,0,0,1,0,12,18,3,14,0.016932627000073808,78,3,15,39,142,78,0.018329429999994318,0,115,115,115,78,1,1,60,2,0,0.024301141000023563
s1_1000,S1-874201682,S3,India,selective_v2_compact,0,18,0,0,9,0,12,18,3,6,0.01920505400005368,78,0,12,39,175,134,0.02064515899996877,0,171,171,171,80,1,1,60,0,0,0.03281432500000392
s1_1000,S1-126570986,S2,US,selective_v2_compact,0,15,0,0,1,0,0,15,0,14,0.01055824799993843,15,0,0,31,181,109,0.010936290000017834,0,162,162,162,101,1,1,60,1,0,0.017470354000010957
s1_1000,S1-126570986,S3,US,selective_v2_compact,0,15,0,0,3,0,0,15,0,12,0.01113343800000166,15,0,0,30,107,97,0.01150813799995376,1,98,97,98,95,1,1,60,1,1,0.016567947999988064
s1_1000,S1-671207789,S2,US,selective_v2_compact,0,18,5,1,1,0,6,13,0,12,0.01395356599994102,28,1,7,28,533,311,0.014590934000011657,1,503,502,503,118,1,1,60,2,1,0.034273095000003195
s1_1000,S1-671207789,S3,US,selective_v2_compact,0,18,11,1,0,0,6,7,0,7,0.013290654000002178,28,1,7,16,485,255,0.01385572799995316,1,460,459,460,117,1,1,60,2,1,0.03198150799994437
s1_1000,S1-708363043,S2,US,selective_v2_compact,0,18,0,0,0,0,4,18,0,18,0.020828243000096336,36,1,5,36,257,200,0.021604353000043375,1,201,200,201,97,1,1,60,3,1,0.02971658399997068
s1_1000,S1-708363043,S3,US,selective_v2_compact,0,18,0,0,3,0,4,18,0,15,0.021804650999911246,36,1,5,36,235,213,0.02258127400000376,0,213,213,213,92,1,1,60,2,0,0.031176279000078466
s1_1000,S1-614088401,S2,US,selective_v2_compact,0,18,0,0,1,0,4,18,3,14,0.02110309199997573,28,0,4,37,362,160,0.02172998900005041,0,311,311,311,98,1,1,60,1,0,0.03562297399992076
s1_1000,S1-614088401,S3,US,selective_v2_compact,0,18,0,0,5,0,6,18,1,12,0.027256004999912875,28,1,7,37,384,203,0.027891834000001836,0,342,342,342,106,1,1,60,0,0,0.04245641600005001
s1_1000,S1-569680730,S2,US,selective_v2_compact,0,18,0,0,0,0,6,18,2,16,0.01890182400006779,45,1,7,37,261,143,0.01983267600007821,1,224,223,224,116,1,1,60,1,1,0.028939992000005077
s1_1000,S1-569680730,S3,US,selective_v2_compact,0,18,0,0,2,0,6,18,1,15,0.02216513699988809,45,1,7,37,255,127,0.023069793999979993,1,207,206,207,113,1,1,60,2,1,0.03252184699999816
s1_1000,S1-767358074,S2,US,selective_v2_compact,0,15,0,0,4,0,0,15,1,10,0.00680454599978475,15,0,0,32,252,16,0.007108835000053659,1,240,239,240,85,1,1,60,1,1,0.016636103999985608
s1_1000,S1-767358074,S3,US,selective_v2_compact,0,14,0,0,0,0,1,14,0,14,0.002318965999847933,15,0,1,29,243,23,0.0026145520000682154,1,212,211,212,63,1,1,60,2,1,0.011197231999972246
s1_1000,S1-322487719,S2,India,selective_v2_compact,0,18,13,1,0,0,19,5,1,4,0.012836360999813223,45,1,20,10,288,288,0.013454964000061409,2,288,288,290,82,1,1,60,1,2,0.028035280000040075
s1_1000,S1-322487719,S3,India,selective_v2_compact,0,18,11,1,0,0,21,7,1,6,0.014867368999830433,55,1,22,15,354,327,0.015775261999920076,4,333,329,333,78,1,1,60,3,4,0.0373167510000485
s1_1000,S1-984079639,S2,US,selective_v2_compact,0,12,0,0,0,0,3,12,0,12,0.015776485000060347,15,0,3,25,281,193,0.01611796699990009,2,241,239,241,114,1,1,60,2,2,0.025628453999956946
s1_1000,S1-984079639,S3,US,selective_v2_compact,0,12,0,0,0,0,3,12,0,12,0.01637934700011101,15,0,3,25,332,204,0.016740382999955727,3,270,267,270,112,1,1,60,3,3,0.027324856999939584
s1_1000,S1-594866255,S2,US,selective_v2_compact,0,18,0,0,0,0,2,18,1,17,0.004102444000182004,21,0,2,38,207,133,0.00455585700001393,1,179,178,179,89,1,1,60,1,1,0.011782780000089588
s1_1000,S1-594866255,S3,US,selective_v2_compact,0,18,0,0,1,0,2,18,1,16,0.004677172000242535,21,0,2,38,207,123,0.0051302409999607335,0,177,177,177,85,1,1,60,1,0,0.012433559999976751
s1_1000,S1-30108386,S2,US,selective_v2_compact,0,11,0,0,1,0,4,11,0,10,0.011936145000049692,15,0,4,22,129,117,0.012212232000024414,4,121,117,121,75,1,1,60,2,4,0.017156895999960398
s1_1000,S1-30108386,S3,US,selective_v2_compact,0,11,0,0,2,0,4,11,0,9,0.012478342999997949,15,0,4,22,134,125,0.012738839000007829,0,125,125,125,84,1,1,60,1,0,0.018069087000071704
