sample,source1_entity_id,source,country,intersection_scheduler,exact_overflow_passes,postings_looked_up,posting_ids_returned,intersection_pairs_considered,intersection_pairs_skipped_anchor,intersection_pairs_skipped_selectivity,intersection_pairs_skipped_term_quota,intersection_pairs_skipped_rules,intersection_sql_seconds,intersection_queries,intersection_nonempty_successes,intersection_overflows,intersection_unique_candidate_ids,intersection_total_seconds,exact_candidates,token_candidates,token_only_candidates,candidates_before_cap,eligible_before_final_cap,cap_hit,cap_truncated,selected_candidates,true_links_before_cap,selected_exact_candidates,query_seconds
s1_1000,S1-197826453,S2,US,selective_v1,0,51,1157,28,0,0,4,0,0.02008427399982793,24,15,1.0,60,0.021018481999931282,43,1118,1116,1159,142,1,1,60,3,40,0.07943045499996515
s1_1000,S1-197826453,S3,US,selective_v1,0,46,1535,28,0,2,4,2,0.030564359000095465,22,19,3.0,210,0.03165476399999534,56,1426,1425,1481,135,1,1,60,1,41,0.1080475320000005
s1_1000,S1-681233599,S2,India,selective_v1,0,41,546,91,21,31,19,52,0.02603246100011347,20,15,5.0,135,0.027201203999993595,0,188,188,188,77,1,1,60,1,0,0.03754031699997995
s1_1000,S1-681233599,S3,India,selective_v1,0,45,758,91,21,29,19,50,0.034792874999766354,22,18,4.0,464,0.036193141000012474,0,502,502,502,96,1,1,60,1,0,0.061116380999919784
s1_1000,S1-910993346,S2,India,selective_v1,0,51,1137,55,3,11,0,14,0.028882943999974486,24,21,3.0,362,0.03046202500001982,1,674,673,674,114,1,1,60,3,1,0.06596072299998923
s1_1000,S1-910993346,S3,India,selective_v1,0,51,924,55,1,12,0,13,0.042917613999861715,24,22,2.0,445,0.04445600199994715,2,685,683,685,100,1,1,60,3,2,0.08007113299993307
s1_1000,S1-757945054,S2,India,selective_v1,0,52,290,120,10,15,0,25,0.01431773099966449,24,21,3.0,167,0.017142550000016854,14,220,206,220,78,1,1,60,2,14,0.029109489999996185
s1_1000,S1-757945054,S3,India,selective_v1,0,52,404,120,6,17,0,23,0.02286182300008477,24,22,2.0,257,0.02585418599994682,14,304,290,304,79,1,1,60,2,14,0.04141178800000489
s1_1000,S1-290854814,S2,India,selective_v1,0,53,959,66,6,8,0,14,0.014514757999791073,24,21,3.0,47,0.01630416399996193,4,620,620,624,115,1,1,60,3,4,0.05508960199995272
s1_1000,S1-290854814,S3,India,selective_v1,0,53,973,66,3,13,0,16,0.023560529999599567,24,20,1.0,194,0.02520401200001743,6,743,737,743,116,1,1,60,2,6,0.0649159580000287
s1_1000,S1-532135828,S2,US,selective_v1,0,50,1005,36,0,6,6,6,0.11906907099967157,24,18,3.0,894,0.12042366399998627,1,912,911,912,77,1,1,60,2,1,0.1586313479999717
s1_1000,S1-532135828,S3,US,selective_v1,0,48,930,36,0,9,4,9,0.12006124300012289,23,21,2.0,840,0.12115137500006767,0,855,855,855,78,1,1,60,2,0,0.15757745799999157
s1_1000,S1-489863972,S2,US,selective_v1,0,50,1460,55,3,9,0,12,0.03866831000016191,24,18,4.0,416,0.040131954000003134,2,1223,1221,1223,114,1,1,60,3,2,0.10002793199998905
s1_1000,S1-489863972,S3,US,selective_v1,0,50,1622,55,6,8,0,14,0.04072701900031461,24,19,5.0,462,0.042314047999980176,0,1465,1465,1465,106,1,1,60,2,0,0.11258298699999614
s1_1000,S1-127529460,S2,US,selective_v1,0,46,631,28,0,3,3,3,0.02445666899961907,22,19,3.0,198,0.025197924999929455,1,500,499,500,87,1,1,60,3,1,0.05142007199992804
s1_1000,S1-127529460,S3,US,selective_v1,0,46,588,28,0,3,3,3,0.025644225999712944,22,19,3.0,190,0.026394399999958296,0,472,472,472,89,1,1,60,2,0,0.04903788799992981
s1_1000,S1-148743364,S2,India,selective_v1,0,51,581,105,15,24,0,39,0.04698709299987058,24,19,5.0,341,0.049057247999940046,0,486,486,486,106,1,1,60,1,0,0.07699713099998462
s1_1000,S1-148743364,S3,India,selective_v1,0,51,633,105,10,26,0,36,0.040947617999790964,24,20,4.0,352,0.04318339500002821,0,488,488,488,112,1,1,60,1,0,0.06998464499997681
s1_1000,S1-348320286,S2,India,selective_v1,0,47,151,36,3,6,4,9,0.03043330400009836,23,11,10.0,110,0.03117359599991687,10,131,121,131,103,1,1,60,2,10,0.03834026599997742
s1_1000,S1-348320286,S3,India,selective_v1,0,45,350,36,1,9,4,10,0.042572782999968695,22,15,6.0,298,0.04336709900007918,5,319,314,319,112,1,1,60,1,5,0.05942250199996124
s1_1000,S1-188014924,S2,India,selective_v1,0,48,595,120,10,20,0,30,0.05066431300019758,24,16,8.0,550,0.0539054699999042,3,550,550,553,97,1,1,60,1,3,0.08311695800000507
s1_1000,S1-188014924,S3,India,selective_v1,0,48,945,120,6,24,0,30,0.055540934999612546,24,18,6.0,848,0.05853686700004346,7,855,848,855,106,1,1,60,2,7,0.10143791699999838
s1_1000,S1-787210237,S2,US,selective_v1,0,34,538,15,0,0,0,0,0.0028061470001148336,15,15,0.0,6,0.0031671699999833436,2,351,349,351,106,1,1,60,2,2,0.02065115200002765
s1_1000,S1-787210237,S3,US,selective_v1,0,34,644,15,0,0,0,0,0.003192895000097451,15,15,0.0,14,0.003569556999991619,0,418,418,418,117,1,1,60,1,0,0.026410802999976113
s1_1000,S1-477547538,S2,US,selective_v1,0,44,941,28,1,4,2,5,0.02144072799967489,21,18,2.0,273,0.02222524000001158,0,803,803,803,113,1,1,60,1,0,0.05858235900007003
s1_1000,S1-477547538,S3,US,selective_v1,0,44,1123,28,1,4,2,5,0.022448865999763257,21,19,2.0,280,0.023436626000034266,0,948,948,948,110,1,1,60,2,0,0.07163107899998522
s1_1000,S1-822441485,S2,India,selective_v1,0,49,1580,78,21,14,20,35,0.01650575800022125,23,21,1.0,132,0.018075737000003755,0,811,811,811,112,1,1,60,2,0,0.07753893200003859
s1_1000,S1-822441485,S3,India,selective_v1,0,49,1101,78,10,25,20,35,0.01347115700014001,23,18,3.0,121,0.014823202999991736,1,803,802,803,112,1,1,60,1,1,0.0554899150000665
s1_1000,S1-676890599,S2,US,selective_v1,0,26,306,15,1,2,0,3,0.011130787000070086,12,6,2.0,124,0.011424812999962342,15,209,209,224,111,1,1,60,0,15,0.021182169999974576
s1_1000,S1-676890599,S3,US,selective_v1,0,26,388,15,1,2,0,3,0.012112155999830065,12,10,2.0,142,0.012424713999962478,20,247,245,265,100,1,1,60,2,20,0.02378822699995453
s1_1000,S1-569158628,S2,US,selective_v1,0,27,174,15,0,2,0,2,0.01763194999989537,13,11,1.0,137,0.01796133599998484,0,168,168,168,83,1,1,60,1,0,0.025486773000011453
s1_1000,S1-569158628,S3,US,selective_v1,0,27,190,15,0,2,0,2,0.018755972000235488,13,12,1.0,129,0.019106630999999652,1,166,165,166,80,1,1,60,2,1,0.02667811600008463
s1_1000,S1-863311543,S2,US,selective_v1,0,45,725,28,3,2,2,5,0.013733923000017967,21,20,1.0,388,0.014615562000017235,1,554,553,554,91,1,1,60,2,1,0.03767125499996382
s1_1000,S1-863311543,S3,US,selective_v1,0,45,598,28,3,2,2,5,0.014131938999753402,21,18,2.0,251,0.014821674000017993,0,426,426,426,87,1,1,60,1,0,0.03291741999998976
s1_1000,S1-581141524,S2,India,selective_v1,0,48,763,66,10,10,0,20,0.034366146000024855,24,15,8.0,600,0.035915864999992664,11,611,600,611,92,1,1,60,2,11,0.066439306999996
s1_1000,S1-581141524,S3,India,selective_v1,0,48,733,66,6,19,9,25,0.0309445470004448,24,20,4.0,585,0.032346762999964085,13,598,585,598,91,1,1,60,2,13,0.06247844400002123
s1_1000,S1-776008409,S2,US,selective_v1,0,30,1110,15,1,0,0,1,0.010940225999775066,14,10,1.0,220,0.011449492999986433,0,963,963,963,112,1,1,60,2,0,0.05384753399994224
s1_1000,S1-776008409,S3,US,selective_v1,0,30,1199,15,1,0,0,1,0.0104531260000158,14,13,1.0,247,0.010983661999944161,1,1023,1022,1023,109,1,1,60,4,1,0.05917136499999742
s1_1000,S1-125953774,S2,India,selective_v1,0,50,1002,66,6,8,0,14,0.0228580510000711,24,19,5.0,580,0.024772853000058603,0,690,690,690,103,1,1,60,1,0,0.06175137200000336
s1_1000,S1-125953774,S3,India,selective_v1,0,50,887,66,3,9,0,12,0.025182805000213193,24,17,5.0,498,0.026949526999942464,0,611,611,611,100,1,1,60,1,0,0.05676265700003569
s1_1000,S1-711797056,S2,India,selective_v1,0,42,963,36,3,9,4,12,0.026398483999741984,20,16,4.0,192,0.0271599850000257,0,681,681,681,102,1,1,60,1,0,0.06462605599995186
s1_1000,S1-711797056,S3,India,selective_v1,0,42,891,36,3,9,4,12,0.0232717090003689,20,15,5.0,135,0.02398900200000753,2,576,574,576,84,1,1,60,3,2,0.052618317999986175
s1_1000,S1-1713613,S2,India,selective_v1,0,51,1516,78,6,14,0,20,0.024894873000221196,24,20,3.0,498,0.02709339099999397,1,1414,1413,1414,110,1,1,60,1,1,0.10772522800004936
s1_1000,S1-1713613,S3,India,selective_v1,0,51,1342,78,3,17,0,20,0.022437739999872974,24,20,4.0,328,0.024391421000018454,2,1271,1269,1271,97,1,1,60,1,2,0.09833418200003052
s1_1000,S1-874244889,S2,US,selective_v1,0,50,977,78,1,5,0,6,0.026150745999871106,24,10,9.0,226,0.02834554800006117,0,965,965,965,106,1,1,60,1,0,0.08062432399992758
s1_1000,S1-874244889,S3,US,selective_v1,0,49,1476,78,1,11,0,12,0.04447125299975596,24,17,7.0,469,0.046722991000024194,1,1324,1323,1324,115,1,1,60,2,1,0.10720851200005654
s1_1000,S1-112485790,S2,US,selective_v1,0,50,589,45,1,10,3,11,0.04348040800027775,24,17,3.0,418,0.044600929000012,4,531,527,531,105,1,1,60,1,4,0.06741792800005442
s1_1000,S1-112485790,S3,US,selective_v1,0,43,600,45,3,14,7,17,0.04984056900013911,21,17,4.0,508,0.0508501190000743,3,560,557,560,110,1,1,60,1,3,0.07536704100004954
s1_1000,S1-335303231,S2,US,selective_v1,0,49,499,28,0,3,2,3,0.03339699599996493,23,18,1.0,287,0.03417447699996501,1,465,464,465,114,1,1,60,1,1,0.054159934999916004
s1_1000,S1-335303231,S3,US,selective_v1,0,49,392,28,0,3,2,3,0.0351842550001038,23,16,2.0,143,0.03587188899996363,0,345,345,345,102,1,1,60,1,0,0.051271920000090176
s1_1000,S1-764425963,S2,India,selective_v1,0,50,1190,120,21,14,0,35,0.028296042999727433,24,23,1.0,444,0.031134894999922835,2,804,802,804,103,1,1,60,2,2,0.07327248100000361
s1_1000,S1-764425963,S3,India,selective_v1,0,50,743,120,10,15,0,25,0.03177704600011566,24,18,6.0,238,0.03469471400001112,0,581,581,581,97,1,1,60,1,0,0.06622320700000728
s1_1000,S1-211293205,S2,US,selective_v1,0,52,951,45,0,1,0,1,0.013096236000023964,24,10,1.0,155,0.014434095999945384,0,889,889,889,91,1,1,60,1,0,0.058196019999968485
s1_1000,S1-211293205,S3,US,selective_v1,0,50,1188,45,1,4,0,5,0.029682944000228417,24,20,2.0,317,0.031140650999986974,1,1041,1040,1041,97,1,1,60,2,1,0.0784487140000465
s1_1000,S1-138688101,S2,India,selective_v1,0,32,985,91,28,33,14,61,0.05405868099978761,16,11,5.0,931,0.05515292799998406,0,931,931,931,109,1,1,60,3,0,0.10080250800001522
s1_1000,S1-138688101,S3,India,selective_v1,0,30,762,91,28,48,0,76,0.06891705200018805,15,14,1.0,716,0.06955850700001065,0,716,716,716,80,1,1,60,0,0,0.10498787999995329
s1_1000,S1-538960854,S2,US,selective_v1,0,29,905,15,0,1,0,1,0.023921807000306217,14,10,4.0,58,0.024321016999920175,0,805,805,805,102,1,1,60,1,0,0.06513527899994642
s1_1000,S1-538960854,S3,US,selective_v1,0,29,992,15,0,1,0,1,0.024996124999915992,14,8,4.0,75,0.025416806000066572,1,883,882,883,96,1,1,60,1,1,0.06750206499998512
s1_1000,S1-281912479,S2,US,selective_v1,0,48,1224,28,0,0,5,0,0.03621100300017588,23,12,1.0,261,0.037145331999909104,0,1169,1169,1169,98,1,1,60,1,0,0.09795636700005161
s1_1000,S1-281912479,S3,US,selective_v1,0,47,1546,28,0,3,2,3,0.046621411999808515,23,20,2.0,422,0.04762611199998901,1,1350,1349,1350,106,1,1,60,3,1,0.13197700600005646
s1_1000,S1-30134334,S2,India,selective_v1,0,52,462,91,10,17,0,27,0.01148779399977684,24,12,5.0,130,0.013372860000004039,0,250,250,250,80,1,1,60,0,0,0.029321395000010853
s1_1000,S1-30134334,S3,India,selective_v1,0,52,466,91,10,15,0,25,0.01310688599983223,24,17,6.0,122,0.015109511000105158,2,243,241,243,77,1,1,60,3,2,0.02776079000000209
s1_1000,S1-773391278,S2,India,selective_v1,0,51,696,105,10,20,0,30,0.031023806999769477,24,17,5.0,221,0.033450574000085,5,487,487,492,105,1,1,60,1,5,0.05862276899995322
s1_1000,S1-773391278,S3,India,selective_v1,0,51,907,105,6,24,0,30,0.032088227999679475,24,20,4.0,431,0.034518220999984806,11,692,681,692,107,1,1,60,1,11,0.06925481100006436
s1_1000,S1-967399237,S2,US,selective_v1,0,21,865,15,1,4,0,5,0.016570948999856228,10,9,0.0,244,0.017172359000028337,67,741,674,741,121,1,1,60,1,49,0.05198392900001636
s1_1000,S1-967399237,S3,US,selective_v1,0,19,804,15,3,3,0,6,0.011263323000207492,9,8,1.0,145,0.011814951000019391,77,639,630,707,143,1,1,60,4,40,0.042587668000010126
s1_1000,S1-100309770,S2,US,selective_v1,0,50,700,36,1,4,2,5,0.01331906400025673,24,22,0.0,402,0.014364086000000498,0,561,561,561,102,1,1,60,3,0,0.03736913500006267
s1_1000,S1-100309770,S3,US,selective_v1,0,50,707,36,1,4,2,5,0.014735103999896637,24,17,0.0,447,0.01586457500002325,0,606,606,606,85,1,1,60,0,0,0.04237746599994807
s1_1000,S1-727603875,S2,India,selective_v1,0,49,782,91,3,19,0,22,0.04566028700003244,24,17,6.0,465,0.047921610000003056,0,602,602,602,80,1,1,60,1,0,0.08121671800006425
s1_1000,S1-727603875,S3,India,selective_v1,0,49,1296,91,3,15,0,18,0.05385136099960164,24,21,3.0,886,0.05652033199999096,1,1004,1003,1004,101,1,1,60,3,1,0.10673139800007903
s1_1000,S1-415493702,S2,India,selective_v1,0,49,857,91,10,32,0,42,0.0677997380000761,24,16,6.0,717,0.06954244000007748,8,725,717,725,80,1,1,60,1,8,0.10757864300001074
s1_1000,S1-415493702,S3,India,selective_v1,0,49,794,91,6,32,0,38,0.06109642899991741,24,17,7.0,686,0.06293439699993542,10,692,692,702,86,1,1,60,5,10,0.09841392999999243
s1_1000,S1-456974070,S2,US,selective_v1,0,49,598,36,1,2,4,3,0.023543175000440897,24,19,3.0,530,0.024843162999900414,1,543,542,543,95,1,1,60,2,1,0.04785835099994529
s1_1000,S1-456974070,S3,US,selective_v1,0,49,463,36,1,2,4,3,0.02400777300010759,24,18,4.0,394,0.025112125999953605,0,410,410,410,96,1,1,60,1,0,0.042465782000022045
s1_1000,S1-461883442,S2,US,selective_v1,0,39,809,28,1,6,2,7,0.027907088999882035,19,17,2.0,298,0.028754410000033204,2,664,662,664,110,1,1,60,4,2,0.058395811999957914
s1_1000,S1-461883442,S3,US,selective_v1,0,39,728,28,1,6,2,7,0.030613290000019333,19,16,3.0,185,0.03126761800001532,3,559,556,559,106,1,1,60,3,3,0.058330139999952735
s1_1000,S1-141200697,S2,US,selective_v1,0,51,477,45,3,3,0,6,0.025731180999628123,24,13,2.0,348,0.026978582999959144,0,451,451,451,98,1,1,60,1,0,0.046801402999903985
s1_1000,S1-141200697,S3,US,selective_v1,0,47,676,45,6,8,8,14,0.04486702399992737,23,16,6.0,594,0.04601375599997937,1,602,601,602,108,1,1,60,2,1,0.07318665900004362
s1_1000,S1-531476391,S2,US,selective_v1,0,40,559,28,3,3,2,6,0.03479534600023726,20,16,4.0,500,0.03559594900002594,1,501,500,501,95,1,1,60,2,1,0.057142118999991
s1_1000,S1-531476391,S3,US,selective_v1,0,40,660,28,3,3,2,6,0.03738956800020787,20,16,4.0,587,0.03823799899998903,1,588,587,588,92,1,1,60,3,1,0.06412374399997134
s1_1000,S1-841216992,S2,India,selective_v1,0,52,604,55,3,0,0,3,0.012651570999992146,24,7,2.0,230,0.014230707000024267,0,586,586,586,104,1,1,60,0,0,0.046023277000017515
s1_1000,S1-841216992,S3,India,selective_v1,0,51,244,55,1,2,0,3,0.010720426000034422,24,21,2.0,85,0.012327438000056645,0,183,183,183,76,1,1,60,1,0,0.022215082999991864
s1_1000,S1-195655668,S2,US,selective_v1,0,47,442,36,3,7,4,10,0.007557544999940546,22,17,0.0,214,0.008336373000020103,0,342,342,342,102,1,1,60,1,0,0.022692065000001094
s1_1000,S1-195655668,S3,US,selective_v1,0,47,294,36,3,7,4,10,0.007262958000183062,22,16,1.0,90,0.007939419000081216,0,215,215,215,83,1,1,60,0,0,0.017429710999977033
s1_1000,S1-915817127,S2,US,selective_v1,0,50,687,28,0,1,4,1,0.009136565999824597,23,13,1.0,107,0.01009710100004213,2,614,612,614,77,1,1,60,4,2,0.03811243799998465
s1_1000,S1-915817127,S3,US,selective_v1,0,47,619,28,3,0,3,3,0.011744614999884107,22,19,3.0,36,0.012464767999972537,3,476,473,476,96,1,1,60,2,3,0.03481287900001462
s1_1000,S1-221516828,S2,India,selective_v1,0,51,562,66,15,0,0,15,0.019125550999774532,24,16,8.0,273,0.02079070699994645,0,383,383,383,79,1,1,60,3,0,0.04195976599999085
s1_1000,S1-221516828,S3,India,selective_v1,0,51,381,66,10,5,0,15,0.0177564570000186,24,13,8.0,210,0.019345176999991054,1,289,288,289,79,1,1,60,1,1,0.03451054899994688
s1_1000,S1-858438273,S2,India,selective_v1,0,45,371,78,28,8,20,36,0.017031957999620317,22,11,5.0,243,0.018225780999955532,2,254,252,254,91,1,1,60,0,2,0.03144913100004487
s1_1000,S1-858438273,S3,India,selective_v1,0,39,758,78,21,22,16,43,0.016451164000045537,19,18,1.0,481,0.0175606059999609,8,496,488,496,79,1,1,60,2,8,0.042260571999918284
s1_1000,S1-879419565,S2,US,selective_v1,0,45,372,28,1,4,2,5,0.026471757000194884,21,17,4.0,122,0.02712157999997089,1,290,289,290,78,1,1,60,1,1,0.03991506299996672
s1_1000,S1-879419565,S3,US,selective_v1,0,45,448,28,1,4,2,5,0.02759578099994542,21,17,4.0,138,0.028261980000024778,1,327,326,327,78,1,1,60,3,1,0.043684301999974195
s1_1000,S1-783804493,S2,India,selective_v1,0,50,639,55,6,13,7,19,0.03027939599974161,24,18,5.0,345,0.031537660000026335,2,461,459,461,91,1,1,60,4,2,0.0561556229999951
s1_1000,S1-783804493,S3,India,selective_v1,0,50,727,55,3,13,0,16,0.051226588999838896,24,18,6.0,446,0.05274867599996469,1,539,538,539,101,1,1,60,3,1,0.07999372200004018
s1_1000,S1-468160746,S2,US,selective_v1,0,28,311,15,0,2,0,2,0.010316589000012755,13,7,1.0,126,0.010648478999996769,48,236,188,236,96,1,1,60,0,43,0.020886902000029295
s1_1000,S1-468160746,S3,US,selective_v1,0,28,188,15,0,2,0,2,0.011108362000072702,13,11,2.0,53,0.011397124000041003,59,110,109,168,104,1,1,60,1,41,0.018728929000076278
s1_1000,S1-431232660,S2,India,selective_v1,0,47,293,66,10,20,13,30,0.051716880000071797,23,11,11.0,273,0.05274409499998001,1,276,275,276,113,1,1,60,1,1,0.06653475600001002
s1_1000,S1-431232660,S3,India,selective_v1,0,34,492,55,6,24,8,30,0.05188164599974243,17,7,10.0,468,0.05264229600004455,1,469,468,469,118,1,1,60,0,1,0.07598098000005393
s1_1000,S1-158405639,S2,US,selective_v1,0,47,718,28,0,3,3,3,0.01615739100020619,22,20,1.0,92,0.016851997999992818,0,641,641,641,95,1,1,60,1,0,0.04823789600004602
s1_1000,S1-158405639,S3,US,selective_v1,0,47,771,28,0,3,3,3,0.017263104000221574,22,11,1.0,104,0.018260803999964992,0,690,690,690,94,1,1,60,0,0,0.049694230999989486
s1_1000,S1-899768413,S2,India,selective_v1,0,48,745,66,10,11,0,21,0.046393663000230845,24,14,10.0,659,0.04799991899994893,1,660,659,660,103,1,1,60,2,1,0.0819488449999426
s1_1000,S1-899768413,S3,India,selective_v1,0,48,648,66,10,10,0,20,0.04370274499990501,24,13,10.0,604,0.045291384999927686,0,604,604,604,95,1,1,60,1,0,0.0759215130000257
s1_1000,S1-421253980,S2,India,selective_v1,0,52,510,55,3,10,0,13,0.011731445999998869,24,18,3.0,148,0.01301712999998017,0,375,375,375,89,1,1,60,1,0,0.034515030000079605
s1_1000,S1-421253980,S3,India,selective_v1,0,52,466,55,3,7,0,10,0.011514205000025868,24,21,3.0,140,0.012895552000031785,1,310,309,310,82,1,1,60,2,1,0.03069887699996343
s1_1000,S1-700204880,S2,US,selective_v1,0,50,973,36,0,5,5,5,0.0754813829998966,24,21,3.0,440,0.07659790600007454,0,779,779,779,104,1,1,60,2,0,0.10958816999993815
s1_1000,S1-700204880,S3,US,selective_v1,0,50,1170,36,0,5,5,5,0.07779076499969051,24,21,3.0,559,0.07928073599998697,0,941,941,941,102,1,1,60,2,0,0.12031729000000269
s1_1000,S1-273482307,S2,US,selective_v1,0,53,759,45,0,11,3,11,0.01927763900005175,24,20,1.0,223,0.02039557800003422,1,543,542,543,115,1,1,60,1,1,0.06119469800000843
s1_1000,S1-273482307,S3,US,selective_v1,0,53,773,45,0,11,3,11,0.020371198999896478,24,16,1.0,232,0.02139071600004172,0,554,554,554,98,1,1,60,1,0,0.048411035000071934
s1_1000,S1-614569190,S2,US,selective_v1,0,47,1339,55,6,16,10,22,0.052494925000019066,23,16,7.0,297,0.05383907099997032,28,979,977,1005,130,1,1,60,1,28,0.10399262099997486
s1_1000,S1-614569190,S3,US,selective_v1,0,47,1428,55,6,16,10,22,0.0565992750003943,23,16,7.0,318,0.057836121000036655,40,1081,1080,1120,145,1,1,60,2,40,0.11472431899994717
s1_1000,S1-177222339,S2,India,selective_v1,0,49,662,66,3,19,0,22,0.050484083999776885,24,18,6.0,492,0.05203915300000972,1,514,513,514,112,1,1,60,1,1,0.07777895200001694
s1_1000,S1-177222339,S3,India,selective_v1,0,49,698,66,3,17,0,20,0.0503372680003622,24,16,7.0,576,0.05190193900000395,2,602,600,602,97,1,1,60,3,2,0.08091875900004197
s1_1000,S1-762724009,S2,India,selective_v1,0,50,480,91,15,18,0,33,0.029628385000364688,24,19,5.0,257,0.03147455400005583,6,383,377,383,79,1,1,60,1,6,0.051686273999962395
s1_1000,S1-762724009,S3,India,selective_v1,0,50,681,91,6,22,0,28,0.041823112999963996,24,17,6.0,400,0.0438992420000659,12,545,533,545,80,1,1,60,0,12,0.07053919500003758
s1_1000,S1-167019398,S2,US,selective_v1,0,45,447,21,1,0,0,1,0.007217573000275479,20,15,0.0,168,0.007758542999908968,0,340,340,340,82,1,1,60,3,0,0.02287127199997485
s1_1000,S1-167019398,S3,US,selective_v1,0,45,461,21,1,0,0,1,0.0074602779997121615,20,15,0.0,186,0.008040804000074786,0,355,355,355,80,1,1,60,0,0,0.02424328900008277
s1_1000,S1-321797136,S2,India,selective_v1,0,49,838,91,21,21,13,42,0.04216422599972702,24,16,7.0,615,0.043855200999928456,4,667,663,667,80,1,1,60,1,4,0.07790880600009586
s1_1000,S1-321797136,S3,India,selective_v1,0,49,1194,91,15,30,0,45,0.06547908299967276,24,21,3.0,936,0.06732091399999263,0,982,982,982,78,1,1,60,1,0,0.11672720499996103
s1_1000,S1-514299264,S2,US,selective_v1,0,45,594,21,0,0,0,0,0.007527588000016294,21,15,1.0,62,0.008095993999972961,0,539,539,539,104,1,1,60,2,0,0.034338977999937015
s1_1000,S1-514299264,S3,US,selective_v1,0,45,623,21,0,0,0,0,0.007909944999823892,21,20,1.0,55,0.008442930999990494,0,587,587,587,107,1,1,60,1,0,0.0406992519999676
s1_1000,S1-387363895,S2,US,selective_v1,0,45,544,28,1,4,2,5,0.022140264000086063,21,19,2.0,273,0.02285173699999632,2,366,364,366,85,1,1,60,2,2,0.0383531549999816
s1_1000,S1-387363895,S3,US,selective_v1,0,45,416,28,1,4,2,5,0.022352677000185395,21,15,3.0,163,0.022988049000105093,2,264,262,264,84,1,1,60,2,2,0.034634760000017195
s1_1000,S1-48122097,S2,US,selective_v1,0,31,159,15,0,0,0,0,0.009328196000183198,15,12,0.0,67,0.009669121000001724,1,148,147,148,80,1,1,60,2,1,0.01639137099994059
s1_1000,S1-48122097,S3,US,selective_v1,0,31,156,15,0,0,0,0,0.010159453999449397,15,15,0.0,65,0.010487900000043737,1,138,137,138,76,1,1,60,1,1,0.016716788000053384
s1_1000,S1-403142081,S2,US,selective_v1,0,21,338,15,1,4,0,5,0.008102594999854773,10,8,0.0,101,0.00842368600001464,94,270,268,362,136,1,1,60,1,44,0.023553915999968922
s1_1000,S1-403142081,S3,US,selective_v1,0,21,364,15,1,4,0,5,0.010067952999975205,10,9,0.0,120,0.010394258000019363,95,302,302,397,138,1,1,60,0,44,0.027310169999964273
s1_1000,S1-756082596,S2,India,selective_v1,0,51,469,36,3,3,4,6,0.013814820000220607,24,20,4.0,75,0.014685958999962168,1,317,316,317,85,1,1,60,2,1,0.031311900999980935
s1_1000,S1-756082596,S3,India,selective_v1,0,51,318,36,0,3,2,3,0.015492802000039774,24,15,5.0,18,0.016390516999990723,1,267,266,267,80,1,1,60,2,1,0.032188325999982226
s1_1000,S1-455236690,S2,India,selective_v1,0,33,205,28,3,7,2,10,0.01726016699990396,16,7,6.0,167,0.0177433150000752,0,192,192,192,86,1,1,60,0,0,0.02766773700000158
s1_1000,S1-455236690,S3,India,selective_v1,0,33,184,28,3,7,2,10,0.016626106000330765,16,9,7.0,122,0.017068657999971037,0,159,159,159,95,1,1,60,2,0,0.02531023100004859
s1_1000,S1-323308288,S2,India,selective_v1,0,48,1186,91,10,35,0,45,0.0894246459996566,24,16,8.0,1079,0.09143147199995383,12,1091,1079,1091,100,1,1,60,1,12,0.14790105700001277
s1_1000,S1-323308288,S3,India,selective_v1,0,48,990,91,10,32,0,42,0.08066393500007507,24,15,9.0,902,0.08262251400003606,9,902,902,911,108,1,1,60,2,9,0.12954404899994643
s1_1000,S1-318532201,S2,US,selective_v1,0,52,1308,36,0,0,4,0,0.0098483969999279,24,10,3.0,124,0.01098920500010081,1,1254,1253,1254,115,1,1,60,2,1,0.07447421500000928
s1_1000,S1-318532201,S3,US,selective_v1,0,51,1437,36,1,0,2,1,0.01715725399992607,24,14,5.0,172,0.018311627999992197,1,1315,1314,1315,111,1,1,60,1,1,0.08022058900007778
s1_1000,S1-149793766,S2,India,selective_v1,0,52,439,120,0,8,0,8,0.027314057000126013,24,14,7.0,249,0.030730324000046494,1,415,415,416,41,0,0,41,1,1,0.05570328900000732
s1_1000,S1-149793766,S3,India,selective_v1,0,52,933,120,0,5,0,5,0.03277421499990396,24,21,3.0,519,0.03646734300002663,8,648,647,655,105,1,1,60,1,8,0.07314798800007338
s1_1000,S1-654838535,S2,US,selective_v1,0,45,380,28,1,4,2,5,0.014013224000336777,21,20,1.0,124,0.014642148000007182,0,312,312,312,114,1,1,60,2,0,0.02960464000000229
s1_1000,S1-654838535,S3,US,selective_v1,0,45,437,28,1,4,2,5,0.01565883199975815,21,20,1.0,139,0.01628511899991736,1,354,353,354,116,1,1,60,1,1,0.03452722999998059
s1_1000,S1-867508332,S2,US,selective_v1,0,41,396,21,0,2,0,2,0.01763797799958411,19,13,1.0,51,0.018112712999936775,1,343,342,343,101,1,1,60,3,1,0.03299005400003807
s1_1000,S1-867508332,S3,US,selective_v1,0,41,395,21,0,2,0,2,0.017880565999917053,19,17,1.0,59,0.018379756999934216,2,343,341,343,103,1,1,60,1,2,0.03310205399998267
s1_1000,S1-181933717,S2,US,selective_v1,0,36,619,28,1,7,2,8,0.041425140000228566,18,16,2.0,567,0.04214657600005012,4,571,567,571,90,1,1,60,3,4,0.06630653699994582
s1_1000,S1-181933717,S3,US,selective_v1,0,38,720,28,1,6,2,7,0.0563247620001448,19,16,3.0,676,0.05713177200004793,1,677,676,677,102,1,1,60,2,1,0.08610162099989793
s1_1000,S1-492734844,S2,US,selective_v1,0,45,669,28,0,3,3,3,0.036973872999510604,22,21,1.0,509,0.037867920000053346,1,583,582,583,109,1,1,60,4,1,0.06695197999999891
s1_1000,S1-492734844,S3,US,selective_v1,0,45,640,28,0,4,2,4,0.029150053000080334,22,20,1.0,546,0.030271184000071116,1,601,600,601,112,1,1,60,3,1,0.056641395000042394
s1_1000,S1-412918045,S2,US,selective_v1,0,51,1326,36,1,4,4,5,0.02690623800015146,24,16,2.0,377,0.028606054999954722,171,1193,1188,1359,152,1,1,60,1,42,0.08738925799991648
s1_1000,S1-412918045,S3,US,selective_v1,0,47,1173,36,3,6,4,9,0.034127062999914415,23,19,4.0,272,0.035187203000077716,165,959,958,1123,142,1,1,60,3,43,0.08634362599991618
s1_1000,S1-130795020,S2,US,selective_v1,0,49,688,28,1,0,3,1,0.023086908000209405,24,11,4.0,529,0.0244224729999587,0,642,642,642,83,1,1,60,0,0,0.051158663999899545
s1_1000,S1-130795020,S3,US,selective_v1,0,45,712,28,1,2,3,3,0.020564824000302906,22,19,3.0,494,0.021726592000050005,0,630,630,630,76,1,1,60,4,0,0.04955707999999959
s1_1000,S1-818732511,S2,India,selective_v1,0,48,1209,120,15,40,0,55,0.06971049699984633,24,18,6.0,1150,0.07218992800005708,0,1150,1150,1150,105,1,1,60,1,0,0.13253606600005696
s1_1000,S1-818732511,S3,India,selective_v1,0,49,1137,120,10,41,0,51,0.08892343900004107,24,16,8.0,906,0.09139663799999198,0,1032,1032,1032,111,1,1,60,2,0,0.14428614900009507
s1_1000,S1-966769496,S2,India,selective_v1,0,52,888,78,3,9,0,12,0.02658765300009236,24,22,2.0,339,0.028862855000056697,0,522,522,522,114,1,1,60,3,0,0.05550513499997578
s1_1000,S1-966769496,S3,India,selective_v1,0,52,588,78,0,7,0,7,0.023207156999887957,24,17,4.0,184,0.025398067000082847,1,362,361,362,106,1,1,60,2,1,0.044246047000001454
s1_1000,S1-604234644,S2,India,selective_v1,0,51,775,45,0,8,0,8,0.0404930729997659,24,21,3.0,407,0.04174241499993059,1,541,540,541,97,1,1,60,1,1,0.06922517499992864
s1_1000,S1-604234644,S3,India,selective_v1,0,51,467,45,0,2,0,2,0.0389298330001111,24,19,5.0,260,0.0402958120000676,0,384,384,384,91,1,1,60,3,0,0.059672737000028064
s1_1000,S1-970543893,S2,US,selective_v1,0,45,400,21,0,0,0,0,0.008143294000319656,21,8,1.0,236,0.008729947999995602,0,380,380,380,81,1,1,60,0,0,0.025882707999926424
s1_1000,S1-970543893,S3,US,selective_v1,0,45,270,21,0,0,0,0,0.008335348000287013,21,13,2.0,93,0.008850336000023162,0,243,243,243,78,1,1,60,0,0,0.02035703100000319
s1_1000,S1-753418700,S2,India,selective_v1,0,52,430,120,3,20,0,23,0.030488978000221323,24,21,3.0,198,0.03340805999994245,2,336,334,336,86,1,1,60,3,2,0.05117402399991988
s1_1000,S1-753418700,S3,India,selective_v1,0,52,469,120,1,22,0,23,0.04064357899994775,24,18,5.0,245,0.04377343800001654,0,390,390,390,87,1,1,60,2,0,0.0660530339999923
s1_1000,S1-143815498,S2,US,selective_v1,0,46,594,28,0,3,3,3,0.04092677999994976,22,21,1.0,356,0.041801906000046074,0,525,525,525,114,1,1,60,2,0,0.06442901499997333
s1_1000,S1-143815498,S3,US,selective_v1,0,46,667,28,0,3,3,3,0.042338857999993706,22,21,1.0,389,0.04317225300007976,0,596,596,596,112,1,1,60,3,0,0.0688388410000016
s1_1000,S1-405331834,S2,US,selective_v1,0,40,598,28,1,6,2,7,0.02330100400001811,19,16,2.0,212,0.023937115999956404,1,471,470,471,105,1,1,60,0,1,0.04343864800000574
s1_1000,S1-405331834,S3,US,selective_v1,0,40,679,28,1,6,2,7,0.025493835000020226,19,17,2.0,230,0.02615581799989286,0,518,518,518,104,1,1,60,2,0,0.05018206099998679
s1_1000,S1-479745393,S2,US,selective_v1,0,43,429,21,1,0,0,1,0.015942513000140934,20,16,4.0,195,0.01651179000009506,1,312,311,312,79,1,1,60,4,1,0.029282062999982372
s1_1000,S1-479745393,S3,US,selective_v1,0,43,450,21,1,0,0,1,0.01646133199972155,20,16,4.0,206,0.017058707000046525,1,322,321,322,78,1,1,60,2,1,0.030839124999943124
s1_1000,S1-427745320,S2,US,selective_v1,0,46,781,28,0,4,2,4,0.06248350700025185,22,20,1.0,450,0.06329537900001014,0,577,577,577,96,1,1,60,1,0,0.08788825400006317
s1_1000,S1-427745320,S3,US,selective_v1,0,46,851,28,0,4,2,4,0.06775663899986739,22,21,1.0,556,0.06865365099997689,1,670,669,670,98,1,1,60,2,1,0.09744136299991624
s1_1000,S1-878238472,S2,US,selective_v1,0,35,847,28,3,6,2,9,0.029638335999834453,17,15,2.0,294,0.030301413999950455,2,759,757,759,105,1,1,60,1,2,0.06454574400004276
s1_1000,S1-878238472,S3,US,selective_v1,0,29,929,28,3,9,2,12,0.04706911599976138,14,12,2.0,315,0.047700762000090435,1,853,852,853,105,1,1,60,1,1,0.08866986200007432
s1_1000,S1-177242080,S2,India,selective_v1,0,40,296,78,21,22,16,43,0.02033444999983658,19,15,4.0,246,0.02129646999992474,1,260,259,260,98,1,1,60,1,1,0.03544880000004014
s1_1000,S1-177242080,S3,India,selective_v1,0,42,434,78,10,36,12,46,0.03320205299985446,20,16,4.0,380,0.03422032000003128,0,388,388,388,101,1,1,60,3,0,0.05355830899998182
s1_1000,S1-514524433,S2,US,selective_v1,0,43,435,21,0,1,0,1,0.008557368999731807,20,20,0.0,223,0.009133003999977518,1,350,349,350,101,1,1,60,1,1,0.023640622000016265
s1_1000,S1-514524433,S3,US,selective_v1,0,43,328,21,0,1,0,1,0.00880408799991983,20,19,1.0,94,0.009280891000003066,1,237,236,237,106,1,1,60,1,1,0.020479981999983465
s1_1000,S1-368975208,S2,US,selective_v1,0,50,528,36,1,4,3,5,0.03618136600005073,24,19,5.0,295,0.03716064100001404,4,429,425,429,96,1,1,60,1,4,0.05805030999999872
s1_1000,S1-368975208,S3,US,selective_v1,0,50,604,36,1,4,3,5,0.03777602299987848,24,19,5.0,289,0.038838924000060615,6,450,444,450,97,1,1,60,3,6,0.059750939000082326
s1_1000,S1-416368005,S2,India,selective_v1,0,50,798,91,6,15,0,21,0.03195244699975319,24,18,6.0,622,0.03459531299995433,0,652,652,652,108,1,1,60,1,0,0.06797288600000684
s1_1000,S1-416368005,S3,India,selective_v1,0,50,649,91,3,16,0,19,0.0306780189997653,24,19,5.0,427,0.033008452999979454,0,453,453,453,107,1,1,60,2,0,0.05723685899999964
s1_1000,S1-774688070,S2,US,selective_v1,0,51,1033,55,1,6,0,7,0.024506445000156418,24,11,6.0,98,0.02607393100004174,1,914,913,914,109,1,1,60,2,1,0.07153761799997937
s1_1000,S1-774688070,S3,US,selective_v1,0,50,1185,55,3,9,0,12,0.037434283000379764,24,15,9.0,162,0.03885155700004361,1,986,985,986,109,1,1,60,2,1,0.08384868999996797
s1_1000,S1-154389957,S2,US,selective_v1,0,32,633,15,0,0,0,0,0.006660304999854816,15,15,0.0,98,0.007077387999970597,1,588,587,588,94,1,1,60,1,1,0.03480548800007455
s1_1000,S1-154389957,S3,US,selective_v1,0,32,634,15,0,0,0,0,0.007108733999757533,15,15,0.0,110,0.007513054000014563,1,582,581,582,91,1,1,60,3,1,0.033933212999954776
s1_1000,S1-619997739,S2,US,selective_v1,0,34,582,28,1,8,2,9,0.062155693999898176,17,16,1.0,522,0.06287421399997584,2,524,522,524,102,1,1,60,2,2,0.08535933500002102
s1_1000,S1-619997739,S3,US,selective_v1,0,34,669,28,1,8,2,9,0.0702176780002901,17,16,1.0,594,0.07094656300000679,2,596,594,596,110,1,1,60,3,2,0.09625361499990959
s1_1000,S1-337076534,S2,India,selective_v1,0,51,1214,55,15,0,0,15,0.017097757999749774,24,17,7.0,52,0.018424243000026763,2,700,698,700,111,1,1,60,2,2,0.05941494600006081
s1_1000,S1-337076534,S3,India,selective_v1,0,49,1153,55,10,10,12,20,0.014873658999817962,23,21,2.0,199,0.01602037299994663,1,849,848,849,108,1,1,60,5,1,0.06007963800004745
s1_1000,S1-107342523,S2,US,selective_v1,0,39,557,21,1,1,0,2,0.024745248000272113,19,12,4.0,221,0.025332450000064455,46,484,473,519,135,1,1,60,0,45,0.048104692000038085
s1_1000,S1-107342523,S3,US,selective_v1,0,39,697,21,1,1,0,2,0.026316835000216088,19,15,4.0,288,0.026947803999973985,40,593,583,623,121,1,1,60,3,40,0.0562652190000108
s1_1000,S1-996331863,S2,US,selective_v1,0,31,439,15,0,1,0,1,0.004697059999784869,14,11,0.0,99,0.005046241000059126,1,316,315,316,83,1,1,60,1,1,0.01914379800007282
s1_1000,S1-996331863,S3,US,selective_v1,0,31,477,15,0,1,0,1,0.004841920000103528,14,10,0.0,118,0.005203655000059371,2,342,340,342,81,1,1,60,2,2,0.02116455500004122
s1_1000,S1-218396099,S2,India,selective_v1,0,48,697,120,28,41,0,69,0.05090263299985054,24,20,4.0,596,0.05271704899996621,0,596,596,596,114,1,1,60,2,0,0.08393554700001005
s1_1000,S1-218396099,S3,India,selective_v1,0,48,588,120,21,45,0,66,0.05823800800033041,24,19,5.0,533,0.06020831699993323,2,535,533,535,105,1,1,60,2,2,0.08837091199995939
s1_1000,S1-278891792,S2,India,selective_v1,0,50,899,120,6,23,0,29,0.04184935699993275,24,20,4.0,591,0.04496614100003171,3,769,766,769,101,1,1,60,5,3,0.08563934200003587
s1_1000,S1-278891792,S3,India,selective_v1,0,50,923,120,3,18,0,21,0.04240161799987163,24,23,0.0,705,0.04598490200010019,0,882,882,882,86,1,1,60,1,0,0.09326926500000354
s1_1000,S1-167735850,S2,India,selective_v1,0,50,672,120,10,34,0,44,0.043498081999700844,24,20,4.0,539,0.045974690999969425,0,582,582,582,97,1,1,60,1,0,0.07667596800001775
s1_1000,S1-167735850,S3,India,selective_v1,0,51,837,120,6,31,0,37,0.046525960000280975,24,21,3.0,502,0.04967675499995039,0,689,689,689,102,1,1,60,2,0,0.0851853570000003
s1_1000,S1-10023404,S2,US,selective_v1,0,42,559,21,0,1,0,1,0.014220744999875023,20,8,3.0,87,0.01474659900009101,1,531,531,532,59,0,0,59,1,1,0.03945422599997528
s1_1000,S1-10023404,S3,US,selective_v1,0,37,816,21,1,2,0,3,0.037656322999851,18,14,4.0,328,0.03830773100003171,0,724,724,724,103,1,1,60,1,0,0.07210590800002592
s1_1000,S1-105174860,S2,US,selective_v1,0,44,590,28,0,5,2,5,0.02506685099990591,21,20,1.0,408,0.025825395999959255,1,520,519,520,100,1,1,60,1,1,0.0496375730000409
s1_1000,S1-105174860,S3,US,selective_v1,0,42,413,28,0,6,2,6,0.023342802000115626,20,16,2.0,250,0.02398223099999086,1,369,368,369,98,1,1,60,1,1,0.04120989400007602
s1_1000,S1-74282883,S2,US,selective_v1,0,24,452,15,1,2,0,3,0.019923153000149796,12,11,1.0,443,0.020362252000040826,0,443,443,443,114,1,1,60,1,0,0.039234566000004634
s1_1000,S1-74282883,S3,US,selective_v1,0,20,269,15,1,4,0,5,0.017666905000282895,10,9,1.0,251,0.01798620900001424,3,253,251,254,80,1,1,60,3,3,0.029194871000072453
s1_1000,S1-449905273,S2,India,selective_v1,0,51,850,36,1,5,3,6,0.0176760380001042,24,13,8.0,74,0.018620129999931123,4,712,712,716,119,1,1,60,1,4,0.058217431999992186
s1_1000,S1-449905273,S3,India,selective_v1,0,40,787,28,1,6,2,7,0.02090755899996566,19,10,7.0,50,0.021514982999974563,10,661,661,671,120,1,1,60,1,10,0.05862138200006939
s1_1000,S1-583248454,S2,US,selective_v1,0,46,708,28,0,3,3,3,0.03239676599980612,22,11,1.0,131,0.03312500499998805,1,636,635,636,104,1,1,60,1,1,0.0616089180000472
s1_1000,S1-583248454,S3,US,selective_v1,0,45,973,28,0,4,2,4,0.0635987360000172,22,20,1.0,598,0.06453383199993823,1,889,888,889,109,1,1,60,1,1,0.1030985759999794
s1_1000,S1-380737728,S2,India,selective_v1,0,43,1164,28,1,5,2,6,0.008291848999874674,20,18,2.0,98,0.008957401000088794,1,1016,1015,1016,102,1,1,60,1,1,0.06614673700005369
s1_1000,S1-380737728,S3,India,selective_v1,0,47,1250,28,0,3,3,3,0.016018913000266366,22,18,3.0,170,0.01679920200001561,1,1083,1082,1083,100,1,1,60,1,1,0.0745189599999776
s1_1000,S1-579315496,S2,India,selective_v1,0,51,762,105,28,24,15,52,0.025108288000183165,24,20,3.0,295,0.026817616000016642,0,473,473,473,111,1,1,60,1,0,0.05277032200001486
s1_1000,S1-579315496,S3,India,selective_v1,0,50,463,105,21,29,0,50,0.024835516999587526,24,19,4.0,256,0.02657956699999886,2,323,321,323,110,1,1,60,3,2,0.043478896000010536
s1_1000,S1-144692554,S2,US,selective_v1,0,44,501,28,0,4,2,4,0.034039381999832585,22,17,2.0,478,0.034861690000070666,0,478,478,478,84,1,1,60,0,0,0.05630770800007667
s1_1000,S1-144692554,S3,US,selective_v1,0,42,475,28,1,4,2,5,0.026719872000057876,21,19,2.0,438,0.027508507999982612,0,438,438,438,83,1,1,60,2,0,0.04654941299997972
s1_1000,S1-750911675,S2,US,selective_v1,0,39,653,21,0,3,0,3,0.03206046000025253,18,18,0.0,252,0.032878856000024825,1,596,595,596,109,1,1,60,1,1,0.0607317779999903
s1_1000,S1-750911675,S3,US,selective_v1,0,39,712,21,0,3,0,3,0.03449388200010617,18,12,0.0,278,0.035050266999974156,3,671,668,671,114,1,1,60,1,3,0.06325075099994137
s1_1000,S1-163567129,S2,US,selective_v1,0,52,661,45,1,6,0,7,0.016654506000236324,24,19,4.0,205,0.017908330999944155,0,474,474,474,85,1,1,60,1,0,0.03947895199996765
s1_1000,S1-163567129,S3,US,selective_v1,0,52,713,45,3,6,0,9,0.01564415699976962,24,18,3.0,209,0.0167860889999929,0,480,480,480,86,1,1,60,3,0,0.03737303099990186
s1_1000,S1-357016874,S2,India,selective_v1,0,51,704,55,3,7,0,10,0.015675256999998055,24,18,6.0,250,0.017087698999944223,1,519,518,519,78,1,1,60,2,1,0.046943188999989616
s1_1000,S1-357016874,S3,India,selective_v1,0,51,503,55,3,3,0,6,0.01936271400006717,24,19,5.0,103,0.02089258900002733,1,355,354,355,78,1,1,60,1,1,0.0387008689999675
s1_1000,S1-409176003,S2,US,selective_v1,0,41,535,36,1,11,4,12,0.040179439999747046,20,17,3.0,319,0.04100964499991733,64,447,445,509,162,1,1,60,2,53,0.06510508700000628
s1_1000,S1-409176003,S3,US,selective_v1,0,41,582,36,3,9,4,12,0.044031321999682405,20,17,3.0,371,0.04491723199998887,49,501,500,549,160,1,1,60,1,47,0.0703363250000848
s1_1000,S1-121010724,S2,US,selective_v1,0,46,253,28,0,2,3,2,0.045080585000278006,23,13,10.0,218,0.04584952799996245,30,219,218,248,131,1,1,60,1,30,0.05665871199994399
s1_1000,S1-121010724,S3,US,selective_v1,0,46,300,28,1,1,3,2,0.0464008230003401,23,12,10.0,250,0.047150433000069825,40,251,250,290,150,1,1,60,2,40,0.059685127000079774
s1_1000,S1-24665483,S2,India,selective_v1,0,51,515,120,1,6,0,7,0.015961830999913218,24,21,3.0,283,0.019534687999907874,0,471,471,471,102,1,1,60,1,0,0.04535452499999337
s1_1000,S1-24665483,S3,India,selective_v1,0,51,412,120,0,6,0,6,0.013970086999961495,24,13,3.0,224,0.01747333699995579,0,401,401,401,107,1,1,60,0,0,0.038804285999958665
s1_1000,S1-909373815,S2,US,selective_v1,0,44,431,28,1,4,2,5,0.025391884000100617,21,18,2.0,129,0.0260835889999953,0,371,371,371,102,1,1,60,1,0,0.042487293000021964
s1_1000,S1-909373815,S3,US,selective_v1,0,44,490,28,1,4,2,5,0.027444493999837505,21,19,2.0,168,0.028161015000023326,0,443,443,443,104,1,1,60,1,0,0.04830681800001457
s1_1000,S1-309786236,S2,US,selective_v1,0,52,1280,55,1,6,0,7,0.03242228599970076,24,16,3.0,253,0.03399996899997859,2,1165,1163,1165,105,1,1,60,2,2,0.08811511800001881
s1_1000,S1-309786236,S3,US,selective_v1,0,51,1433,55,3,9,0,12,0.0453433830002723,24,20,4.0,235,0.04688979100001234,2,1221,1219,1221,98,1,1,60,2,2,0.10427439300008245
s1_1000,S1-687394374,S2,US,selective_v1,0,52,696,36,1,4,4,5,0.018023918000039885,24,23,0.0,284,0.019255477999990944,1,579,578,579,109,1,1,60,2,1,0.04448974900003577
s1_1000,S1-687394374,S3,US,selective_v1,0,52,636,36,1,4,4,5,0.017991981000477608,24,23,0.0,248,0.019146074999980556,2,524,522,524,110,1,1,60,2,2,0.04210123099994689
s1_1000,S1-680746477,S2,India,selective_v1,0,38,621,91,21,38,14,59,0.03378501700012748,18,13,4.0,183,0.034692629999995006,0,421,421,421,113,1,1,60,0,0,0.05737658099997134
s1_1000,S1-680746477,S3,India,selective_v1,0,36,566,91,10,50,14,60,0.02613533399960488,17,13,4.0,166,0.026971717000037643,1,410,409,410,103,1,1,60,4,1,0.04869313299991518
s1_1000,S1-585283089,S2,US,selective_v1,0,31,202,15,0,0,0,0,0.007395256000222616,15,15,0.0,0,0.007699395000031473,2,174,172,174,40,0,0,40,3,2,0.01690104700003303
s1_1000,S1-585283089,S3,US,selective_v1,0,31,194,15,0,0,0,0,0.008084013000143386,15,14,0.0,7,0.008376238999971974,0,175,175,175,46,0,0,46,1,0,0.016237846000080935
s1_1000,S1-879203325,S2,India,selective_v1,0,35,666,36,10,5,4,15,0.011765658000172152,17,15,2.0,446,0.012500734000013836,4,449,448,452,89,1,1,60,2,4,0.03487836299996161
s1_1000,S1-879203325,S3,India,selective_v1,0,37,567,36,6,8,4,14,0.016960693999862997,18,14,3.0,451,0.017722523999964324,8,455,455,463,92,1,1,60,4,8,0.04045678799991492
s1_1000,S1-844761107,S2,US,selective_v1,0,43,417,28,1,4,2,5,0.029224694999811618,21,16,4.0,236,0.02988917400000446,0,367,367,367,102,1,1,60,1,0,0.045439556000019365
s1_1000,S1-844761107,S3,US,selective_v1,0,43,297,28,1,4,2,5,0.030266185999835216,21,16,5.0,92,0.030896510000047783,0,224,224,224,86,1,1,60,1,0,0.04256132900002285
s1_1000,S1-304946100,S2,US,selective_v1,0,49,1615,55,1,13,0,14,0.06110345200033862,24,13,11.0,390,0.06279471200002718,49,1345,1343,1392,158,1,1,60,1,46,0.1286223390000032
s1_1000,S1-304946100,S3,US,selective_v1,0,48,778,55,1,14,0,15,0.06263769199972558,24,14,10.0,683,0.06413957300003403,60,683,683,743,156,1,1,60,2,47,0.09761843900002987
s1_1000,S1-515747615,S2,US,selective_v1,0,31,404,28,3,8,2,11,0.02946419199997763,15,12,3.0,313,0.030012472000066737,47,340,339,386,129,1,1,60,2,44,0.04737165599999571
s1_1000,S1-515747615,S3,US,selective_v1,0,29,425,28,3,10,1,13,0.03019828699984828,14,12,1.0,336,0.030699748000074578,63,363,362,425,136,1,1,60,1,46,0.04944045299998834
s1_1000,S1-384966707,S2,US,selective_v1,0,52,429,36,1,2,2,3,0.013508053999771619,24,15,5.0,7,0.014392854999982774,1,230,229,230,89,1,1,60,3,1,0.04025415000000976
s1_1000,S1-384966707,S3,US,selective_v1,0,52,581,36,3,0,2,3,0.016229394999982105,24,12,5.0,79,0.017146776000004138,0,344,344,344,96,1,1,60,0,0,0.032099529999982224
s1_1000,S1-744779380,S2,US,selective_v1,0,47,1176,28,0,2,4,2,0.020496129999742152,22,11,1.0,166,0.02130023200004416,1,1082,1081,1082,111,1,1,60,1,1,0.07207270399999288
s1_1000,S1-744779380,S3,US,selective_v1,0,47,1315,28,0,3,3,3,0.02142173000004277,22,16,0.0,180,0.022205891999988125,0,1210,1210,1210,87,1,1,60,1,0,0.07825624899999184
s1_1000,S1-894981152,S2,US,selective_v1,0,40,659,28,1,6,2,7,0.04153287800022554,19,14,3.0,455,0.04227969500004747,1,539,538,539,111,1,1,60,0,1,0.06551374100001794
s1_1000,S1-894981152,S3,US,selective_v1,0,40,519,28,1,6,2,7,0.04340919399999166,19,13,4.0,329,0.04408328700003494,1,404,403,404,99,1,1,60,1,1,0.06203060500001811
s1_1000,S1-599108848,S2,US,selective_v1,0,26,197,15,0,2,0,2,0.0220734460000358,13,10,3.0,150,0.022424866000051225,24,174,150,174,87,1,1,60,2,24,0.030103689000043232
s1_1000,S1-599108848,S3,US,selective_v1,0,26,182,15,0,2,0,2,0.022686033999889332,13,10,3.0,154,0.023025544000006448,21,175,154,175,86,1,1,60,2,21,0.030880797999998322
s1_1000,S1-265935406,S2,US,selective_v1,0,43,685,36,1,10,4,11,0.08557301599932998,21,19,2.0,498,0.0866096249999373,1,601,600,601,108,1,1,60,1,1,0.11295033499993679
s1_1000,S1-265935406,S3,US,selective_v1,0,43,882,36,1,12,2,13,0.09687646599979871,21,21,0.0,618,0.09779151300006106,1,747,746,747,105,1,1,60,2,1,0.13162177100002737
s1_1000,S1-384623955,S2,India,selective_v1,0,52,821,105,10,20,0,30,0.03480302500008747,24,20,4.0,370,0.03729092400010359,0,515,515,515,92,1,1,60,3,0,0.0640687780000917
s1_1000,S1-384623955,S3,India,selective_v1,0,52,829,105,10,16,0,26,0.02773982199994407,24,21,3.0,454,0.030374424000001454,1,595,595,596,101,1,1,60,1,1,0.061306853000019146
s1_1000,S1-642055972,S2,India,selective_v1,0,41,273,55,10,15,10,25,0.025762912999994114,20,12,8.0,174,0.026623290000088673,0,176,176,176,89,1,1,60,2,0,0.03687593800009381
s1_1000,S1-642055972,S3,India,selective_v1,0,47,316,55,10,10,12,20,0.029989598999577538,23,13,9.0,278,0.031110201999922538,0,280,280,280,115,1,1,60,1,0,0.045854892999955155
s1_1000,S1-841451402,S2,India,selective_v1,0,48,1634,91,21,23,24,44,0.03085070800000267,23,15,6.0,451,0.03265506800005369,0,1304,1304,1304,111,1,1,60,1,0,0.10732957399989118
s1_1000,S1-841451402,S3,India,selective_v1,0,50,1507,91,21,22,19,43,0.029155471000194666,24,17,7.0,363,0.030900890999987496,1,1142,1141,1142,106,1,1,60,5,1,0.09192754199989395
s1_1000,S1-909919632,S2,India,selective_v1,0,50,1222,55,10,5,0,15,0.027821713000207637,24,15,9.0,228,0.029243192000080853,1,779,778,779,115,1,1,60,1,1,0.07185109899990039
s1_1000,S1-909919632,S3,India,selective_v1,0,50,960,55,10,5,0,15,0.02569568399974287,24,13,11.0,223,0.027050174000009974,0,780,780,780,109,1,1,60,1,0,0.07012937800004693
s1_1000,S1-364947441,S2,US,selective_v1,0,25,160,15,0,3,0,3,0.015795930000194858,12,12,0.0,115,0.016099905000032777,0,127,127,127,81,1,1,60,3,0,0.022348471999976027
s1_1000,S1-364947441,S3,US,selective_v1,0,25,228,15,0,3,0,3,0.01950106099968707,12,12,0.0,186,0.019839839000042048,1,201,200,201,82,1,1,60,3,1,0.028837562000035177
s1_1000,S1-431196769,S2,India,selective_v1,0,53,922,105,21,21,0,42,0.022937989000183734,24,23,1.0,192,0.024977805000048647,1,581,580,581,114,1,1,60,3,1,0.05770672000005561
s1_1000,S1-431196769,S3,India,selective_v1,0,53,946,105,15,24,0,39,0.045802868999885504,24,23,1.0,391,0.04803772899992964,0,716,716,716,108,1,1,60,3,0,0.08697838199998387
s1_1000,S1-939078389,S2,US,selective_v1,0,44,568,28,1,4,2,5,0.024648256000205038,21,18,2.0,384,0.025452006000023175,4,429,425,429,78,1,1,60,2,4,0.04395491100001436
s1_1000,S1-939078389,S3,US,selective_v1,0,44,648,28,1,4,2,5,0.02624849899984838,21,17,2.0,436,0.02709797800002889,6,484,478,484,80,1,1,60,2,6,0.04840109300005224
s1_1000,S1-804230106,S2,US,selective_v1,0,49,660,55,0,4,0,4,0.05134270400014884,24,21,3.0,626,0.053389264999964325,1,629,628,629,114,1,1,60,1,1,0.08073817699994379
s1_1000,S1-804230106,S3,US,selective_v1,0,49,613,55,0,4,0,4,0.05518698899982155,24,20,4.0,517,0.0569015370000443,1,524,523,524,83,1,1,60,3,1,0.08041767700001401
s1_1000,S1-81605219,S2,US,selective_v1,0,51,1339,45,0,2,0,2,0.02533944100048302,24,16,2.0,312,0.026910446999977466,0,1243,1243,1243,88,1,1,60,1,0,0.08275286299999607
s1_1000,S1-81605219,S3,US,selective_v1,0,50,1535,45,1,6,0,7,0.04050526600019566,24,20,4.0,320,0.041992106999941825,1,1335,1334,1335,109,1,1,60,2,1,0.10754432900000666
s1_1000,S1-669371909,S2,US,selective_v1,0,51,808,45,1,10,0,11,0.06931578500018531,24,20,2.0,467,0.07047604299998511,0,612,612,612,112,1,1,60,2,0,0.09790882499999043
s1_1000,S1-669371909,S3,US,selective_v1,0,51,885,45,1,10,0,11,0.07299463499987269,24,22,2.0,488,0.07438668999998299,0,656,656,656,100,1,1,60,1,0,0.10345651400007227
s1_1000,S1-722211742,S2,US,selective_v1,0,34,1041,21,1,4,0,5,0.020905147000007673,16,16,0.0,174,0.021440783999992163,0,923,923,923,105,1,1,60,1,0,0.06607989699989503
s1_1000,S1-722211742,S3,US,selective_v1,0,34,1144,21,1,4,0,5,0.022406004999993456,16,14,0.0,200,0.022973661000037282,1,1019,1018,1019,114,1,1,60,1,1,0.07089481399998476
s1_1000,S1-344389867,S2,India,selective_v1,0,51,405,36,1,4,4,5,0.014224888000171632,24,20,2.0,232,0.015159357000015916,3,260,257,260,80,1,1,60,1,3,0.028586314999984097
s1_1000,S1-344389867,S3,India,selective_v1,0,51,477,36,1,6,5,7,0.018048487999635654,24,20,1.0,363,0.018990787000007003,15,395,380,395,80,1,1,60,2,15,0.03828734300009273
s1_1000,S1-245158009,S2,India,selective_v1,0,37,770,91,28,26,19,54,0.033643898000264016,18,12,5.0,538,0.034856189000038285,0,609,609,609,112,1,1,60,1,0,0.06662997400007953
s1_1000,S1-245158009,S3,India,selective_v1,0,41,1165,91,15,45,11,60,0.07097338500011574,20,17,2.0,1020,0.07228978300008748,0,1062,1062,1062,115,1,1,60,1,0,0.1271623569999747
s1_1000,S1-20197629,S2,US,selective_v1,0,27,524,15,0,2,0,2,0.026719882999941547,13,10,2.0,322,0.027200992999951268,42,482,440,482,98,1,1,60,1,41,0.04832738699997208
s1_1000,S1-20197629,S3,US,selective_v1,0,27,434,15,0,2,0,2,0.027850664000311554,13,10,3.0,205,0.028282195000087995,47,350,349,396,130,1,1,60,4,41,0.04657034899992141
s1_1000,S1-207590961,S2,India,selective_v1,0,51,610,66,10,10,0,20,0.01795823399982055,24,22,2.0,431,0.019505227999957242,1,461,460,461,87,1,1,60,3,1,0.04323381300002893
s1_1000,S1-207590961,S3,India,selective_v1,0,51,533,66,6,13,0,19,0.026136608000001615,24,22,2.0,428,0.027671357000031094,1,436,435,436,96,1,1,60,3,1,0.06649465200007398
s1_1000,S1-526366343,S2,India,selective_v1,0,51,673,66,0,9,0,9,0.046851927999910004,24,19,5.0,359,0.04871360599997843,1,566,565,566,89,1,1,60,2,1,0.07843535599999996
s1_1000,S1-526366343,S3,India,selective_v1,0,51,769,66,0,5,0,5,0.043341031999716506,24,18,5.0,419,0.045339000000012675,0,643,643,643,100,1,1,60,1,0,0.07816338400004952
s1_1000,S1-949007210,S2,US,selective_v1,0,40,864,21,0,2,0,2,0.02602282399982414,19,12,0.0,294,0.02664619299991955,0,802,802,802,94,1,1,60,0,0,0.061064982999937456
s1_1000,S1-949007210,S3,US,selective_v1,0,40,770,21,0,2,0,2,0.027176658000257703,19,18,1.0,190,0.027797160999966763,0,687,687,687,81,1,1,60,1,0,0.05831914500004132
s1_1000,S1-536563041,S2,US,selective_v1,0,41,422,28,1,6,2,7,0.033787548000191236,19,18,1.0,269,0.03442026499999429,2,320,318,320,77,1,1,60,3,2,0.04842945999996573
s1_1000,S1-536563041,S3,US,selective_v1,0,39,326,28,1,7,2,8,0.029945291999752044,18,11,1.0,259,0.030530322000004162,0,297,297,297,80,1,1,60,0,0,0.0439913829999341
s1_1000,S1-527878296,S2,India,selective_v1,0,26,561,36,6,13,4,19,0.03089343800002098,13,8,5.0,505,0.031500851000032526,0,505,505,505,98,1,1,60,1,0,0.057371166000052654
s1_1000,S1-527878296,S3,India,selective_v1,0,26,465,36,6,13,4,19,0.032483209000133684,13,7,6.0,442,0.033065126999986205,4,446,442,446,89,1,1,60,1,4,0.05532835500002875
s1_1000,S1-197999830,S2,US,selective_v1,0,42,394,36,1,10,4,11,0.06072346799987827,21,14,7.0,358,0.061565096000094854,1,359,358,359,109,1,1,60,1,1,0.07716661300003125
s1_1000,S1-197999830,S3,US,selective_v1,0,38,441,36,1,12,4,13,0.05915596999989248,19,14,5.0,401,0.05992224999999962,2,403,401,403,105,1,1,60,2,2,0.07782755699997779
s1_1000,S1-329046602,S2,US,selective_v1,0,22,770,15,1,4,0,5,0.008118563000266477,10,10,0.0,50,0.00845822299993415,138,686,686,824,152,1,1,60,1,44,0.047143021000010776
s1_1000,S1-329046602,S3,US,selective_v1,0,22,822,15,1,4,0,5,0.008867932999919503,10,10,0.0,60,0.00924056400003792,135,724,724,859,141,1,1,60,3,43,0.0505522739999833
s1_1000,S1-842422827,S2,India,selective_v1,0,47,528,78,28,8,20,36,0.007581112999901052,22,20,2.0,178,0.008801295000012033,0,258,258,258,48,0,0,48,1,0,0.023569592999933775
s1_1000,S1-842422827,S3,India,selective_v1,0,49,453,78,15,20,20,35,0.011405254999431236,23,20,1.0,186,0.012639968000030422,1,259,258,259,80,1,1,60,1,1,0.02689637399998901
s1_1000,S1-97576031,S2,US,selective_v1,0,47,953,28,0,2,4,2,0.016437421999967228,22,22,0.0,167,0.017271477000008417,7,720,713,720,94,1,1,60,3,7,0.05179589599993051
s1_1000,S1-97576031,S3,US,selective_v1,0,47,1021,28,0,2,4,2,0.01677938900013487,22,19,0.0,199,0.017747277000012218,4,815,811,815,86,1,1,60,2,4,0.055805896999913784
s1_1000,S1-244663723,S2,US,selective_v1,0,44,653,28,0,3,3,3,0.04598534500007645,22,22,0.0,597,0.0471178709999549,2,599,597,599,92,1,1,60,3,2,0.07260016400005043
s1_1000,S1-244663723,S3,US,selective_v1,0,44,731,28,0,3,3,3,0.049828474000037204,22,22,0.0,691,0.05108706200007873,1,692,691,692,90,1,1,60,1,1,0.08106519599994044
s1_1000,S1-827192339,S2,US,selective_v1,0,45,504,21,0,1,0,1,0.0054528209998352395,20,19,0.0,50,0.005983265000054416,1,416,415,416,79,1,1,60,2,1,0.02639763000001949
s1_1000,S1-827192339,S3,US,selective_v1,0,45,530,21,0,1,0,1,0.0059238259995026965,20,11,0.0,50,0.006449408999969819,0,440,440,440,80,1,1,60,0,0,0.03111509699999715
s1_1000,S1-282340006,S2,US,selective_v1,0,49,787,45,1,11,6,12,0.060758271000054265,24,21,3.0,604,0.06203739499994754,1,645,644,645,112,1,1,60,1,1,0.08975096599999688
s1_1000,S1-282340006,S3,US,selective_v1,0,49,531,45,1,12,7,13,0.05174650100036615,24,17,4.0,427,0.052928769999994074,4,455,451,455,110,1,1,60,1,4,0.0736823679999361
s1_1000,S1-735626336,S2,US,selective_v1,0,53,668,78,3,17,0,20,0.04062460800014378,24,15,4.0,259,0.04246069499993155,46,512,512,558,138,1,1,60,1,43,0.06820603400001346
s1_1000,S1-735626336,S3,US,selective_v1,0,51,594,78,6,24,0,30,0.06661829199993008,24,14,7.0,222,0.06816153099998701,49,358,358,407,143,1,1,60,0,47,0.08800580199999786
s1_1000,S1-861072437,S2,US,selective_v1,0,42,761,21,1,0,0,1,0.01776620400050888,20,18,2.0,503,0.018492895999997927,1,589,588,589,103,1,1,60,2,1,0.04336087499996211
s1_1000,S1-861072437,S3,US,selective_v1,0,42,841,21,1,0,0,1,0.017879584000183968,20,18,2.0,556,0.01864970499991614,0,653,653,653,89,1,1,60,1,0,0.04730041700008769
s1_1000,S1-150446399,S2,US,selective_v1,0,52,1342,55,0,4,0,4,0.018248031999974046,24,17,2.0,144,0.019892018999939864,2,1209,1207,1209,85,1,1,60,3,2,0.076387254999986
s1_1000,S1-150446399,S3,US,selective_v1,0,50,325,55,1,8,0,9,0.022038220000013098,24,20,3.0,218,0.02344189399991592,1,273,272,273,90,1,1,60,1,1,0.03672587400001248
s1_1000,S1-446119207,S2,India,selective_v1,0,50,546,55,3,11,0,14,0.02245492099996227,24,14,8.0,200,0.023755035000021962,0,327,327,327,77,1,1,60,1,0,0.0403331810000509
s1_1000,S1-446119207,S3,India,selective_v1,0,50,432,55,3,6,0,9,0.024234863999822664,24,16,8.0,214,0.025655810999978712,2,317,315,317,81,1,1,60,3,2,0.042602625000085936
s1_1000,S1-63291897,S2,US,selective_v1,0,30,392,15,0,0,0,0,0.04081480400009241,15,15,0.0,351,0.041354501999990134,31,382,351,382,108,1,1,60,1,31,0.05790774700005841
s1_1000,S1-63291897,S3,US,selective_v1,0,30,494,15,0,0,0,0,0.04780264499981968,15,15,0.0,430,0.048378089000038926,32,462,430,462,115,1,1,60,3,32,0.06890424100004111
s1_1000,S1-312045154,S2,India,selective_v1,0,48,529,78,15,24,16,39,0.029076626000119177,23,18,5.0,152,0.030324695999979667,2,306,304,306,93,1,1,60,3,2,0.0470941359999415
s1_1000,S1-312045154,S3,India,selective_v1,0,50,429,78,10,25,0,35,0.039491739999903075,24,16,8.0,209,0.04086517099995035,1,336,335,336,97,1,1,60,2,1,0.05931569800009129
s1_1000,S1-737773396,S2,US,selective_v1,0,18,841,10,0,2,0,2,0.007926032000113992,8,8,0.0,7,0.008181938000006994,4,769,765,769,98,1,1,60,4,4,0.041875721999986126
s1_1000,S1-737773396,S3,US,selective_v1,0,18,846,10,0,2,0,2,0.008209711999825231,8,8,0.0,13,0.008477037000034215,0,775,775,775,98,1,1,60,2,0,0.04790110800001912
s1_1000,S1-948556352,S2,US,selective_v1,0,31,515,15,0,1,0,1,0.007027425999808656,14,7,0.0,107,0.0074106930001107685,0,345,345,345,107,1,1,60,0,0,0.022634059000097295
s1_1000,S1-948556352,S3,US,selective_v1,0,31,650,15,0,1,0,1,0.007532086999958665,14,11,0.0,151,0.007958008000059635,0,427,427,427,87,1,1,60,0,0,0.026701085000013336
s1_1000,S1-973146494,S2,India,selective_v1,0,41,414,105,28,35,22,63,0.0339326160001292,20,16,3.0,354,0.03521860099999685,0,366,366,366,93,1,1,60,0,0,0.05431425599999784
s1_1000,S1-973146494,S3,India,selective_v1,0,45,296,105,28,33,22,61,0.03766345199960597,22,16,6.0,244,0.03900835100000677,2,258,256,258,99,1,1,60,3,2,0.05265492600005928
s1_1000,S1-126889069,S2,US,selective_v1,0,42,683,36,3,9,4,12,0.029776400999480757,20,18,2.0,139,0.03055085899995902,3,556,553,556,111,1,1,60,1,3,0.05889849699997285
s1_1000,S1-126889069,S3,US,selective_v1,0,42,924,36,3,9,4,12,0.03132583000001432,20,18,2.0,172,0.032197010999993836,3,679,676,679,101,1,1,60,3,3,0.06480003100000431
s1_1000,S1-742486561,S2,US,selective_v1,0,40,595,28,1,5,2,6,0.04945325199969375,20,17,3.0,545,0.05028637400005209,3,548,545,548,94,1,1,60,1,3,0.07409593099998801
s1_1000,S1-742486561,S3,US,selective_v1,0,38,612,28,1,6,2,7,0.05872197600012896,19,14,3.0,581,0.05947533900007329,0,581,581,581,108,1,1,60,1,0,0.08478198900002099
s1_1000,S1-523035722,S2,US,selective_v1,0,48,668,36,3,6,4,9,0.02579991100026291,23,21,2.0,477,0.026749112999937097,2,570,568,570,104,1,1,60,1,2,0.05105196399995293
s1_1000,S1-523035722,S3,US,selective_v1,0,48,750,36,6,3,4,9,0.02676056699988294,23,21,2.0,530,0.027978916999927606,1,616,615,616,104,1,1,60,3,1,0.05488899900001343
s1_1000,S1-901533271,S2,India,selective_v1,0,45,573,36,3,7,4,10,0.01755602499986253,22,17,5.0,384,0.0184086680000064,0,400,400,400,108,1,1,60,2,0,0.03824883900006171
s1_1000,S1-901533271,S3,India,selective_v1,0,45,562,36,3,7,4,10,0.015977354000256128,22,18,4.0,317,0.01683688799994343,0,329,329,329,108,1,1,60,2,0,0.03302393599994957
s1_1000,S1-442961487,S2,US,selective_v1,0,31,603,15,0,1,0,1,0.013009290999889345,14,8,1.0,122,0.013410187999966183,0,467,467,467,80,1,1,60,0,0,0.05176805100006732
s1_1000,S1-442961487,S3,US,selective_v1,0,30,397,15,0,1,0,1,0.013821569999777239,14,13,1.0,176,0.014215988999922047,1,277,276,277,88,1,1,60,1,1,0.026407404000110546
s1_1000,S1-213948267,S2,US,selective_v1,0,38,422,21,0,3,0,3,0.05220662699980494,18,8,3.0,300,0.05273697799998445,11,366,355,366,81,1,1,60,0,11,0.06882308900003409
s1_1000,S1-213948267,S3,US,selective_v1,0,38,443,21,0,3,0,3,0.05291461700005584,18,9,3.0,316,0.05348272999992787,11,377,366,377,81,1,1,60,0,11,0.07054512600007001
s1_1000,S1-814233542,S2,US,selective_v1,0,50,973,36,0,3,4,3,0.07440204200008793,24,19,0.0,664,0.07562639000002491,25,932,907,932,106,1,1,60,1,25,0.11548071899994738
s1_1000,S1-814233542,S3,US,selective_v1,0,45,1264,36,0,10,4,10,0.09458833099972708,22,20,0.0,957,0.09595308300004035,23,1167,1144,1167,111,1,1,60,1,23,0.14816012399990086
s1_1000,S1-235133990,S2,US,selective_v1,0,29,291,15,0,1,0,1,0.012479339000151413,14,9,1.0,201,0.012885165999932724,1,274,273,274,89,1,1,60,3,1,0.02520865100007086
s1_1000,S1-235133990,S3,US,selective_v1,0,29,288,15,0,1,0,1,0.013119738999762376,14,10,1.0,177,0.01349640500006899,1,275,274,275,81,1,1,60,1,1,0.02667676400005803
s1_1000,S1-312881517,S2,India,selective_v1,0,47,415,36,3,6,4,9,0.023729859000013676,23,18,5.0,306,0.024577688999897873,6,319,313,319,109,1,1,60,4,6,0.04092232100003912
s1_1000,S1-312881517,S3,India,selective_v1,0,49,420,36,1,4,4,5,0.029795349000096394,24,16,6.0,371,0.030815244999985225,5,380,375,380,91,1,1,60,2,5,0.04922943799999757
s1_1000,S1-783743077,S2,US,selective_v1,0,46,275,28,0,3,3,3,0.02488205999998172,22,19,2.0,150,0.02559124200001861,0,224,224,224,102,1,1,60,1,0,0.03595342300002358
s1_1000,S1-783743077,S3,US,selective_v1,0,46,362,28,0,3,3,3,0.026744571999756772,22,20,2.0,203,0.02745958899993184,0,295,295,295,103,1,1,60,2,0,0.041193694999947184
s1_1000,S1-830888917,S2,US,selective_v1,0,49,584,36,0,7,4,7,0.07744395900044765,24,19,4.0,459,0.07847793200005526,1,541,540,541,106,1,1,60,2,1,0.10156267000002117
s1_1000,S1-830888917,S3,US,selective_v1,0,47,784,36,0,9,4,9,0.08556556599978649,23,19,2.0,652,0.08658905499999037,0,737,737,737,116,1,1,60,2,0,0.12042273600002318
s1_1000,S1-844492132,S2,India,selective_v1,0,49,528,105,3,19,0,22,0.033329588000015065,24,15,9.0,371,0.03598410600000079,4,412,411,415,81,1,1,60,3,4,0.05757580900001358
s1_1000,S1-844492132,S3,India,selective_v1,0,50,753,105,3,17,0,20,0.03791716899945641,24,19,5.0,389,0.040671460999988085,7,538,531,538,78,1,1,60,3,7,0.06731950400001097
s1_1000,S1-597189874,S2,US,selective_v1,0,48,211,28,0,2,3,2,0.03081777299996702,23,20,3.0,152,0.03152400500005115,1,175,174,175,90,1,1,60,1,1,0.039768434999928104
s1_1000,S1-597189874,S3,US,selective_v1,0,48,257,28,0,2,3,2,0.032038778000014645,23,20,3.0,162,0.03275359299993852,2,179,177,179,97,1,1,60,4,2,0.04096484199999395
s1_1000,S1-776450551,S2,US,selective_v1,0,46,473,28,3,0,3,3,0.015256861000011668,22,19,3.0,302,0.016110328999957346,0,380,380,380,106,1,1,60,5,0,0.03257766299998366
s1_1000,S1-776450551,S3,US,selective_v1,0,46,427,28,3,0,3,3,0.015745704000210026,22,16,3.0,292,0.01653034999992542,0,360,360,360,105,1,1,60,2,0,0.03274920700005168
s1_1000,S1-77076355,S2,India,selective_v1,0,35,513,45,6,16,6,22,0.04277361800006929,17,13,4.0,375,0.04352925800003504,0,449,449,449,94,1,1,60,4,0,0.06641360900005111
s1_1000,S1-77076355,S3,India,selective_v1,0,39,637,45,3,17,6,20,0.04619801399996959,19,16,3.0,458,0.04709880100006103,0,531,531,531,97,1,1,60,3,0,0.07456357800003843
s1_1000,S1-304871029,S2,India,selective_v1,0,22,305,55,28,8,8,36,0.023962361000144483,11,5,6.0,291,0.024484990000019025,4,295,291,295,93,1,1,60,3,4,0.04019117399991501
s1_1000,S1-304871029,S3,India,selective_v1,0,16,614,55,21,22,4,43,0.023750709999944775,8,6,2.0,513,0.024291331000085847,21,534,513,534,100,1,1,60,1,21,0.051444140000057814
s1_1000,S1-365107228,S2,India,selective_v1,0,51,1087,105,10,23,0,33,0.033340347999796904,24,20,4.0,486,0.03584512299994458,4,804,803,807,104,1,1,60,3,4,0.07906657099999848
s1_1000,S1-365107228,S3,India,selective_v1,0,51,1201,105,3,29,0,32,0.04499429000020427,24,19,3.0,665,0.04757749899999908,7,954,947,954,115,1,1,60,1,7,0.09695533600006456
s1_1000,S1-645079990,S2,India,selective_v1,0,48,783,91,10,34,0,44,0.065200776000097,24,13,11.0,641,0.06692723900005149,0,641,641,641,109,1,1,60,1,0,0.1000933589999704
s1_1000,S1-645079990,S3,India,selective_v1,0,48,997,91,10,35,0,45,0.07374433800021052,24,15,9.0,873,0.0755296529999896,0,873,873,873,113,1,1,60,1,0,0.12007930300001135
s1_1000,S1-766635811,S2,US,selective_v1,0,40,383,28,0,6,2,6,0.03664663899996867,20,16,4.0,300,0.03737714400006098,67,301,300,367,140,1,1,60,2,48,0.05352716099991994
s1_1000,S1-766635811,S3,US,selective_v1,0,40,359,28,1,5,2,6,0.03925914500030103,20,16,4.0,285,0.039967701000023226,76,286,285,361,142,1,1,60,2,46,0.05627211900002749
s1_1000,S1-944262355,S2,US,selective_v1,0,41,1107,21,0,2,0,2,0.011183041999970555,19,15,2.0,35,0.011735198999986096,1,1075,1074,1075,114,1,1,60,1,1,0.06335469100008595
s1_1000,S1-944262355,S3,US,selective_v1,0,40,136,21,0,2,0,2,0.011490163000075881,19,17,2.0,30,0.011964127000055669,2,87,85,87,77,1,1,60,3,2,0.016897094000000834
s1_1000,S1-999486252,S2,US,selective_v1,0,50,468,28,0,0,4,0,0.02552289000016117,24,19,1.0,191,0.026357189000009384,1,425,424,425,117,1,1,60,2,1,0.04507379699998637
s1_1000,S1-999486252,S3,US,selective_v1,0,50,476,28,0,0,4,0,0.028291978000424933,24,22,1.0,201,0.029156017999980577,1,428,427,428,115,1,1,60,1,1,0.048661088000017116
s1_1000,S1-311454962,S2,India,selective_v1,0,47,604,105,28,26,28,54,0.03224772099997608,23,16,7.0,449,0.033925611000086064,10,461,451,461,94,1,1,60,4,10,0.05871203300000616
s1_1000,S1-311454962,S3,India,selective_v1,0,49,922,105,21,36,8,57,0.046637739999596306,24,16,3.0,779,0.04847220700003163,12,793,781,793,111,1,1,60,1,12,0.08917068699997799
s1_1000,S1-219437331,S2,US,selective_v1,0,46,822,36,1,8,5,9,0.06687854599954335,22,17,2.0,775,0.06792804500003058,1,781,780,781,79,1,1,60,1,1,0.1017193939999288
s1_1000,S1-219437331,S3,US,selective_v1,0,46,767,36,1,8,5,9,0.0703371239998205,22,19,3.0,692,0.07141275600008612,1,699,698,699,77,1,1,60,2,1,0.10184816200001023
s1_1000,S1-381399100,S2,US,selective_v1,0,43,1111,28,1,4,2,5,0.025982032999650073,21,18,3.0,281,0.02700680200007355,3,879,876,879,100,1,1,60,3,3,0.0665229390000377
s1_1000,S1-381399100,S3,US,selective_v1,0,43,1362,28,1,4,2,5,0.027711589000091408,21,16,3.0,354,0.02860290499995699,0,1104,1104,1104,108,1,1,60,1,0,0.08240939099994193
s1_1000,S1-265117089,S2,US,selective_v1,0,51,443,45,3,6,0,9,0.02861493600016729,24,19,5.0,92,0.02971508900009212,0,327,327,327,87,1,1,60,1,0,0.0464537369999789
s1_1000,S1-265117089,S3,US,selective_v1,0,51,483,45,3,9,5,12,0.02775448299951222,24,21,3.0,119,0.028745870999955514,1,352,351,352,84,1,1,60,1,1,0.044463811000014175
s1_1000,S1-992935020,S2,India,selective_v1,0,29,394,28,3,9,2,12,0.028147484999635708,14,10,3.0,212,0.028645668999956797,2,341,339,341,101,1,1,60,1,2,0.04582947599999443
s1_1000,S1-992935020,S3,India,selective_v1,0,37,1021,28,0,9,1,9,0.059116275999940626,18,15,1.0,710,0.06016915500003961,1,853,852,853,106,1,1,60,4,1,0.10480064800003674
s1_1000,S1-506161326,S2,US,selective_v1,0,34,357,21,1,4,0,5,0.015579054000454562,16,14,2.0,36,0.01602198499995211,2,260,258,260,94,1,1,60,3,2,0.027732489000072746
s1_1000,S1-506161326,S3,US,selective_v1,0,34,405,21,1,4,0,5,0.017087637000031464,16,11,2.0,58,0.01753988500001924,1,311,310,311,109,1,1,60,1,1,0.031511971999975685
s1_1000,S1-312504034,S2,India,selective_v1,0,49,852,78,6,7,0,13,0.042797020000307384,24,19,3.0,717,0.045135852000044,0,725,725,725,116,1,1,60,2,0,0.08114549300000817
s1_1000,S1-312504034,S3,India,selective_v1,0,49,943,78,3,9,0,12,0.04930276800030242,24,22,2.0,805,0.05194497299999057,1,817,816,817,112,1,1,60,2,1,0.09462178100000074
s1_1000,S1-796436300,S2,US,selective_v1,0,42,1327,36,3,9,4,12,0.02774584799999502,20,17,1.0,458,0.02883371400002943,175,1158,1157,1332,136,1,1,60,4,43,0.10472384500008047
s1_1000,S1-796436300,S3,US,selective_v1,0,27,1410,36,6,13,4,19,0.02532468899983087,13,12,1.0,375,0.02616716099998939,206,1132,1131,1337,148,1,1,60,2,43,0.0871912270000621
s1_1000,S1-311421838,S2,US,selective_v1,0,38,239,21,0,3,0,3,0.02143176800029778,18,9,3.0,173,0.021936507000077654,56,188,187,243,127,1,1,60,1,50,0.03334559699999318
s1_1000,S1-311421838,S3,US,selective_v1,0,38,308,21,0,3,0,3,0.022726167999849167,18,15,3.0,227,0.02324555200004852,63,244,243,306,128,1,1,60,3,52,0.036691034999989824
s1_1000,S1-89277904,S2,US,selective_v1,0,27,173,15,1,2,0,3,0.005122521000089364,12,11,1.0,29,0.005397264999942308,96,105,103,199,100,1,1,60,3,41,0.01417947799996
s1_1000,S1-89277904,S3,US,selective_v1,0,27,145,15,1,2,0,3,0.00540889200010497,12,11,1.0,26,0.005680772000005163,103,97,96,199,109,1,1,60,1,49,0.015164421000008588
s1_1000,S1-277847890,S2,US,selective_v1,0,49,566,28,0,2,3,2,0.02352196299989373,23,9,2.0,55,0.024219889999926636,0,537,537,537,97,1,1,60,0,0,0.04974695700002485
s1_1000,S1-277847890,S3,US,selective_v1,0,44,752,28,1,4,2,5,0.03266872099970897,21,18,3.0,209,0.03363055199997689,1,642,641,642,81,1,1,60,2,1,0.062200458999996044
s1_1000,S1-239536988,S2,US,selective_v1,0,33,375,15,0,0,0,0,0.005138979000435029,15,10,1.0,114,0.005524168999954782,0,227,227,227,87,1,1,60,3,0,0.01581260199998269
s1_1000,S1-239536988,S3,US,selective_v1,0,33,403,15,0,0,0,0,0.0052481040000884605,15,14,1.0,106,0.005625697000027685,0,234,234,234,91,1,1,60,1,0,0.016364459999977043
s1_1000,S1-543828787,S2,US,selective_v1,0,35,1119,21,0,4,0,4,0.03868464699996821,17,12,2.0,342,0.03946749200008526,2,997,995,997,89,1,1,60,2,2,0.08565035800006626
s1_1000,S1-543828787,S3,US,selective_v1,0,35,1173,21,0,4,0,4,0.04164262199992663,17,14,3.0,193,0.04224930800000948,2,1043,1041,1043,84,1,1,60,1,2,0.09179994099997657
s1_1000,S1-699857230,S2,India,selective_v1,0,16,122,15,1,6,0,7,0.019575681999981498,8,5,3.0,109,0.01981884799999989,3,111,109,112,76,1,1,60,2,3,0.026196488999971734
s1_1000,S1-699857230,S3,India,selective_v1,0,24,298,15,0,3,0,3,0.037075859999845306,12,9,3.0,239,0.037445488000003024,1,240,239,240,97,1,1,60,2,1,0.0496065950000002
s1_1000,S1-969181893,S2,US,selective_v1,0,43,476,21,0,1,0,1,0.01625564099992971,20,14,3.0,132,0.01683083099999294,1,312,311,312,96,1,1,60,3,1,0.032223283999996966
s1_1000,S1-969181893,S3,US,selective_v1,0,43,496,21,0,1,0,1,0.01632008699994003,20,17,3.0,155,0.01689354799998455,0,328,328,328,82,1,1,60,3,0,0.032544361000077515
s1_1000,S1-927504155,S2,India,selective_v1,0,52,965,120,10,24,0,34,0.027872209000065595,24,22,2.0,345,0.030633297000008497,0,821,821,821,113,1,1,60,1,0,0.07496773000002577
s1_1000,S1-927504155,S3,India,selective_v1,0,51,903,120,6,25,0,31,0.03686812800003736,24,21,3.0,512,0.039938450000022385,1,753,752,753,89,1,1,60,2,1,0.07907872099997348
s1_1000,S1-110222779,S2,US,selective_v1,0,37,789,36,3,11,4,14,0.02579692699998759,18,15,2.0,327,0.0266319410000051,1,662,661,662,117,1,1,60,1,1,0.0574152020000156
s1_1000,S1-110222779,S3,US,selective_v1,0,37,714,36,3,11,4,14,0.02814494299980197,18,15,3.0,215,0.028887871999927484,1,593,592,593,113,1,1,60,2,1,0.05584406499997385
s1_1000,S1-118782634,S2,India,selective_v1,0,52,607,36,3,3,4,6,0.005928935000042657,24,22,1.0,180,0.006901839000079235,1,310,309,310,78,1,1,60,2,1,0.02243404399996507
s1_1000,S1-118782634,S3,India,selective_v1,0,52,398,36,1,5,4,6,0.006273236999732035,24,16,2.0,44,0.007095085999935691,0,197,197,197,79,1,1,60,1,0,0.017208778000053826
s1_1000,S1-790467803,S2,US,selective_v1,0,46,747,45,3,12,7,15,0.054400763000103325,23,17,6.0,656,0.05557952300000579,2,657,656,658,106,1,1,60,4,2,0.08431946899997911
s1_1000,S1-790467803,S3,US,selective_v1,0,42,770,45,3,14,7,17,0.05720655999994051,21,16,5.0,722,0.05835639899999023,1,723,722,723,115,1,1,60,2,1,0.09080321400006142
s1_1000,S1-629371829,S2,India,selective_v1,0,49,643,66,10,15,9,25,0.03685417999997753,24,14,10.0,364,0.03825420900000154,8,414,406,414,105,1,1,60,1,8,0.060291823000056866
s1_1000,S1-629371829,S3,India,selective_v1,0,49,922,66,6,20,0,26,0.06605545699972026,24,18,6.0,644,0.067630240000085,19,698,679,698,118,1,1,60,1,19,0.10340658000006897
s1_1000,S1-217661413,S2,US,selective_v1,0,53,597,36,0,2,2,2,0.013564378000069155,24,20,0.0,138,0.014545735000069726,1,398,397,398,87,1,1,60,2,1,0.03279326100005164
s1_1000,S1-217661413,S3,US,selective_v1,0,52,735,36,1,4,4,5,0.020306120999975974,24,21,0.0,325,0.02137589900007697,0,526,526,526,82,1,1,60,2,0,0.04512217299998156
s1_1000,S1-402565372,S2,US,selective_v1,0,49,867,45,3,9,5,12,0.04606254700001955,24,19,4.0,471,0.047269894000010027,0,719,719,719,98,1,1,60,1,0,0.07896136800002296
s1_1000,S1-402565372,S3,US,selective_v1,0,48,687,45,3,9,5,12,0.049862955000207876,24,20,4.0,616,0.051174365000065336,3,619,616,619,110,1,1,60,2,3,0.07829606600000716
s1_1000,S1-855364465,S2,US,selective_v1,0,38,259,21,0,3,0,3,0.028325339000275562,18,16,2.0,163,0.028829921999999897,2,178,176,178,86,1,1,60,3,2,0.03712550199998077
s1_1000,S1-855364465,S3,US,selective_v1,0,38,275,21,0,3,0,3,0.029546371000037652,18,16,2.0,203,0.03002770499995222,1,224,223,224,81,1,1,60,1,1,0.04012273400007871
s1_1000,S1-360190920,S2,US,selective_v1,0,51,924,36,1,4,4,5,0.017602019999912955,24,20,0.0,315,0.018853000000035536,0,784,784,784,95,1,1,60,0,0,0.0553396600000724
s1_1000,S1-360190920,S3,US,selective_v1,0,51,1053,36,1,4,4,5,0.018868331000476246,24,18,0.0,344,0.020310482000013508,1,908,907,908,106,1,1,60,0,1,0.061480958999936774
s1_1000,S1-802949812,S2,US,selective_v1,0,38,1453,36,1,13,4,14,0.03704084700007115,18,16,2.0,223,0.037890048999997816,2,1185,1183,1185,110,1,1,60,1,2,0.09878267499993854
s1_1000,S1-802949812,S3,US,selective_v1,0,37,622,36,1,13,4,14,0.03961094800001774,18,15,2.0,461,0.04040041999996902,1,553,552,553,108,1,1,60,1,1,0.06579280100004326
s1_1000,S1-153755890,S2,US,selective_v1,0,41,396,36,3,10,4,13,0.02358827699970334,19,12,3.0,176,0.0242140410000502,3,300,300,303,95,1,1,60,1,3,0.037653464000072745
s1_1000,S1-153755890,S3,US,selective_v1,0,41,450,36,3,10,4,13,0.025674812000033853,19,16,3.0,181,0.026360135999993872,2,313,312,314,82,1,1,60,3,2,0.041024133999940204
s1_1000,S1-265118127,S2,US,selective_v1,0,46,1315,28,0,3,3,3,0.018995737999830453,22,16,2.0,245,0.019860185999959867,0,1223,1223,1223,113,1,1,60,1,0,0.07800012999996397
s1_1000,S1-265118127,S3,US,selective_v1,0,45,456,28,0,4,2,4,0.01903800399963984,22,16,1.0,357,0.019850418000032732,0,433,433,433,101,1,1,60,0,0,0.04084743700002491
s1_1000,S1-42128902,S2,India,selective_v1,0,43,287,45,6,11,7,17,0.0400881989996833,21,11,7.0,278,0.04092247399989901,2,281,279,281,91,1,1,60,1,2,0.05549036599995816
s1_1000,S1-42128902,S3,India,selective_v1,0,47,478,45,3,12,7,15,0.05096213599995281,23,15,6.0,435,0.051956417000042165,2,438,436,438,91,1,1,60,1,2,0.07430503099999441
s1_1000,S1-655665109,S2,US,selective_v1,0,47,619,28,0,4,2,4,0.037728400999981204,22,19,1.0,387,0.03859073800003898,0,489,489,489,109,1,1,60,1,0,0.06164051900009326
s1_1000,S1-655665109,S3,US,selective_v1,0,45,627,28,0,5,2,5,0.037192974000163304,21,20,1.0,328,0.037994226000023446,1,434,433,434,102,1,1,60,4,1,0.0591438860000153
s1_1000,S1-157773599,S2,US,selective_v1,0,51,665,36,1,5,4,6,0.012899382999307818,24,18,1.0,386,0.013976721000062753,0,541,541,541,82,1,1,60,1,0,0.03691761300001417
s1_1000,S1-157773599,S3,US,selective_v1,0,51,663,36,1,5,4,6,0.013645250999843483,24,18,1.0,408,0.014654850999932023,0,548,548,548,80,1,1,60,0,0,0.03866032099995209
s1_1000,S1-760840682,S2,US,selective_v1,0,50,738,36,1,6,5,7,0.061574475000043094,24,20,4.0,316,0.06262057699996149,2,602,600,602,108,1,1,60,2,2,0.08965541799989296
s1_1000,S1-760840682,S3,US,selective_v1,0,46,769,36,1,8,5,9,0.042383509999467606,22,19,3.0,224,0.04339518599999792,1,581,580,581,105,1,1,60,4,1,0.06921567000006235
s1_1000,S1-162034320,S2,India,selective_v1,0,36,715,55,6,23,8,29,0.04340821000039341,18,12,6.0,584,0.04439484399995308,1,585,584,585,109,1,1,60,2,1,0.0749250320000101
s1_1000,S1-162034320,S3,India,selective_v1,0,38,848,55,6,22,8,28,0.04558080799995423,19,13,6.0,677,0.04665990600005898,2,679,677,679,103,1,1,60,2,2,0.08046564799997213
s1_1000,S1-96692956,S2,US,selective_v1,0,34,399,28,1,8,2,9,0.05642798499991386,17,15,2.0,383,0.05712933500001327,0,383,383,383,104,1,1,60,1,0,0.07462411500000599
s1_1000,S1-96692956,S3,US,selective_v1,0,34,354,28,1,8,2,9,0.06048518099987632,17,13,2.0,351,0.06111906599994654,0,351,351,351,112,1,1,60,1,0,0.07756126599997515
s1_1000,S1-434796515,S2,US,selective_v1,0,53,500,36,1,0,4,1,0.009479173999920931,24,8,3.0,177,0.0105232140000453,2,384,382,384,109,1,1,60,2,2,0.027184629999965182
s1_1000,S1-434796515,S3,US,selective_v1,0,51,605,36,3,3,3,6,0.024229280000213294,24,12,9.0,249,0.025223926999956348,1,383,382,383,105,1,1,60,1,1,0.04251344099998278
s1_1000,S1-610736130,S2,India,selective_v1,0,53,342,66,3,6,0,9,0.011457910999865817,24,20,1.0,277,0.013254852000045503,0,290,290,290,74,1,1,60,0,0,0.029381964999970478
s1_1000,S1-610736130,S3,India,selective_v1,0,38,512,28,1,7,2,8,0.016271353999968596,18,13,1.0,291,0.016916973999968832,0,440,440,440,80,1,1,60,0,0,0.04054507800003648
s1_1000,S1-996502126,S2,US,selective_v1,0,49,663,36,1,4,3,5,0.03583660200001759,24,19,5.0,413,0.03690439299998616,6,531,525,531,102,1,1,60,2,6,0.060347639000042363
s1_1000,S1-996502126,S3,US,selective_v1,0,49,676,36,1,6,5,7,0.039650224000297385,24,20,4.0,412,0.040656126000044424,6,526,520,526,113,1,1,60,3,6,0.0636049599999069
s1_1000,S1-796454810,S2,India,selective_v1,0,51,1477,105,6,21,0,27,0.04216695900038303,24,16,7.0,353,0.044887851999988015,12,1275,1275,1287,132,1,1,60,0,12,0.1140387960000453
s1_1000,S1-796454810,S3,India,selective_v1,0,52,1737,105,3,23,0,26,0.04702376199986702,24,17,5.0,361,0.04979042600007233,13,1500,1487,1500,116,1,1,60,2,13,0.12887386300008075
s1_1000,S1-969427771,S2,US,selective_v1,0,47,674,28,1,2,3,3,0.015463776000160578,22,14,2.0,391,0.016380069999968327,2,536,534,536,100,1,1,60,3,2,0.04019752400006382
s1_1000,S1-969427771,S3,US,selective_v1,0,36,585,28,3,6,2,9,0.01565468600017539,17,15,1.0,359,0.016330265999954463,0,427,427,427,107,1,1,60,1,0,0.03569143699996857
s1_1000,S1-189522612,S2,US,selective_v1,0,41,332,28,1,6,2,7,0.023520941000015227,19,15,1.0,159,0.02408240299996578,1,234,233,234,87,1,1,60,1,1,0.03474494700003561
s1_1000,S1-189522612,S3,US,selective_v1,0,41,446,28,1,6,2,7,0.024408772000242607,19,18,1.0,161,0.02501153500008968,0,268,268,268,84,1,1,60,4,0,0.03711250799995014
s1_1000,S1-825077757,S2,US,selective_v1,0,43,614,28,0,4,3,4,0.028183776999526344,21,17,0.0,393,0.028998868000030598,1,558,557,558,105,1,1,60,1,1,0.05214480500001173
s1_1000,S1-825077757,S3,US,selective_v1,0,43,683,28,0,4,3,4,0.029721910000148455,21,21,0.0,387,0.03089737999994213,1,610,609,610,93,1,1,60,1,1,0.05688673099996322
s1_1000,S1-498058980,S2,India,selective_v1,0,52,236,78,1,15,0,16,0.01750877899974057,24,21,3.0,80,0.01929347299994788,0,134,134,134,66,1,1,60,3,0,0.02698860499992861
s1_1000,S1-498058980,S3,India,selective_v1,0,52,177,78,1,9,0,10,0.01595754800018767,24,20,4.0,75,0.01788195500000711,0,131,131,131,67,1,1,60,2,0,0.0248847029999979
s1_1000,S1-460505313,S2,US,selective_v1,0,49,630,28,0,1,4,1,0.012177942000334951,23,23,0.0,282,0.012989123000011205,1,575,574,575,101,1,1,60,1,1,0.03732441700003619
s1_1000,S1-460505313,S3,US,selective_v1,0,49,468,28,0,1,4,1,0.013002621999817165,23,13,1.0,153,0.013785563000055845,1,434,433,434,103,1,1,60,1,1,0.03288905900001282
s1_1000,S1-623356040,S2,US,selective_v1,0,51,761,45,1,1,0,2,0.021983247999969535,24,14,1.0,375,0.023680203999902005,3,705,702,705,112,1,1,60,4,3,0.05382771100005357
s1_1000,S1-623356040,S3,US,selective_v1,0,49,855,45,3,6,0,9,0.03997722500037071,24,20,4.0,498,0.04132211799992547,0,714,714,714,96,1,1,60,2,0,0.07240245599996342
s1_1000,S1-252619131,S2,US,selective_v1,0,39,1555,28,1,6,2,7,0.05195037399994362,19,13,5.0,428,0.052866988999994646,7,1223,1216,1223,106,1,1,60,4,7,0.10624511099990741
s1_1000,S1-252619131,S3,US,selective_v1,0,35,1373,28,3,6,2,9,0.039502106999634634,17,10,6.0,207,0.04027688300004684,4,1039,1035,1039,100,1,1,60,0,4,0.08691021599997839
s1_1000,S1-655931201,S2,India,selective_v1,0,51,537,36,6,0,5,6,0.015096061999884114,24,15,8.0,3,0.01598197299995263,1,260,259,260,79,1,1,60,1,1,0.030046145999904184
s1_1000,S1-655931201,S3,India,selective_v1,0,51,502,36,3,3,5,6,0.016318629999773293,24,12,7.0,37,0.01714700900004118,0,280,280,280,90,1,1,60,0,0,0.031609544999923855
s1_1000,S1-780423580,S2,US,selective_v1,0,41,430,21,0,2,0,2,0.008510882000109632,19,13,1.0,146,0.009022875000027852,40,377,337,377,99,1,1,60,1,40,0.024528839000026892
s1_1000,S1-780423580,S3,US,selective_v1,0,41,509,21,0,2,0,2,0.009342425000113508,19,18,1.0,129,0.009847607999972752,32,416,384,416,96,1,1,60,2,32,0.027241603999982544
s1_1000,S1-377560297,S2,US,selective_v1,0,44,730,21,1,0,0,1,0.00972798399993735,20,17,1.0,185,0.010302177000085067,0,548,548,548,115,1,1,60,2,0,0.03535426999997071
s1_1000,S1-377560297,S3,US,selective_v1,0,44,783,21,1,0,0,1,0.00996276000000762,20,19,1.0,193,0.01054970100005903,2,555,553,555,104,1,1,60,4,2,0.035623906999944666
s1_1000,S1-382849428,S2,US,selective_v1,0,20,34,10,0,0,0,0,0.015413694000130818,10,7,3.0,28,0.015657816000043567,0,28,28,28,28,0,0,28,2,0,0.017579882000063662
s1_1000,S1-382849428,S3,US,selective_v1,0,20,33,10,0,0,0,0,0.016065472000150294,10,7,3.0,20,0.01626999099994464,2,22,20,22,22,0,0,22,2,2,0.017722423000009258
s1_1000,S1-707985814,S2,India,selective_v1,0,38,440,55,6,22,8,28,0.04785309899989443,19,11,8.0,358,0.04871590200002629,0,358,358,358,93,1,1,60,2,0,0.06666431500002545
s1_1000,S1-707985814,S3,India,selective_v1,0,36,508,55,6,23,8,29,0.04652043299995512,18,12,6.0,427,0.04738824499997918,3,430,427,430,91,1,1,60,3,3,0.06877739900005508
s1_1000,S1-34034222,S2,India,selective_v1,0,51,434,105,21,7,0,28,0.026308674999881987,24,13,5.0,413,0.028811535999921034,0,420,420,420,116,1,1,60,1,0,0.05059050099998785
s1_1000,S1-34034222,S3,India,selective_v1,0,51,445,105,15,18,0,33,0.0255862099999149,24,15,5.0,409,0.027790206000076978,3,418,415,418,103,1,1,60,4,3,0.04945558899999014
s1_1000,S1-513269657,S2,India,selective_v1,0,44,223,28,1,4,2,5,0.020582681000291814,21,13,5.0,207,0.021206849999998667,0,209,209,209,80,1,1,60,2,0,0.031806291999942005
s1_1000,S1-513269657,S3,India,selective_v1,0,40,315,28,1,6,2,7,0.0199687649999305,19,15,2.0,295,0.020533068999952775,2,299,297,299,80,1,1,60,1,2,0.03512152700000115
s1_1000,S1-177954343,S2,US,selective_v1,0,35,1166,21,0,4,0,4,0.028527352000196515,17,16,1.0,351,0.029185889000018506,0,1047,1047,1047,98,1,1,60,1,0,0.07905259999995451
s1_1000,S1-177954343,S3,US,selective_v1,0,35,1221,21,0,4,0,4,0.029846539999880406,17,13,2.0,199,0.030446722999954545,0,1079,1079,1079,96,1,1,60,2,0,0.08050465000007989
s1_1000,S1-178459407,S2,US,selective_v1,0,32,323,21,0,5,0,5,0.029941621000034502,16,14,2.0,302,0.030479273000082685,63,303,302,365,143,1,1,60,3,51,0.046186458999954993
s1_1000,S1-178459407,S3,US,selective_v1,0,32,366,21,0,5,0,5,0.03373398900009761,16,14,2.0,358,0.0342427719999705,55,360,358,413,145,1,1,60,0,48,0.05270093900003303
s1_1000,S1-606275527,S2,India,selective_v1,0,51,1247,120,15,19,0,34,0.037462648000200716,24,19,2.0,519,0.04038548699998046,0,1081,1081,1081,114,1,1,60,0,0,0.12186747400005515
s1_1000,S1-606275527,S3,India,selective_v1,0,52,1343,120,10,22,0,32,0.03002723399970364,24,20,4.0,361,0.03309312100009265,0,1028,1028,1028,110,1,1,60,3,0,0.08751830400001381
s1_1000,S1-887719275,S2,US,selective_v1,0,38,573,21,0,2,0,2,0.041928619999907824,19,16,3.0,545,0.042621625000037966,1,546,545,546,117,1,1,60,1,1,0.06594893800001955
s1_1000,S1-887719275,S3,US,selective_v1,0,38,573,21,1,1,0,2,0.042400979999911215,19,15,3.0,548,0.04309038799999598,2,550,548,550,118,1,1,60,3,2,0.06659203200001684
s1_1000,S1-192732186,S2,US,selective_v1,0,28,472,21,1,6,0,7,0.034480598000186546,14,12,2.0,451,0.035008414999992965,5,456,451,456,116,1,1,60,1,5,0.05384053000000222
s1_1000,S1-192732186,S3,US,selective_v1,0,28,378,21,1,6,0,7,0.03630827599999975,14,11,3.0,350,0.036776476,5,355,350,355,113,1,1,60,2,5,0.05154688100003568
s1_1000,S1-608967414,S2,US,selective_v1,0,49,681,28,0,2,3,2,0.01931158399997912,23,14,2.0,129,0.020223609999902692,45,637,592,637,116,1,1,60,1,40,0.046517226999981176
s1_1000,S1-608967414,S3,US,selective_v1,0,44,742,28,1,4,2,5,0.030783393000092474,21,13,3.0,179,0.03147933599996122,41,666,625,666,111,1,1,60,0,41,0.06105359499997576
s1_1000,S1-788669533,S2,US,selective_v1,0,26,234,15,0,2,0,2,0.012744081000050755,13,12,0.0,222,0.013089431000025797,1,223,222,223,112,1,1,60,1,1,0.023043052000048192
s1_1000,S1-788669533,S3,US,selective_v1,0,26,292,15,0,2,0,2,0.01481599599992478,13,11,0.0,284,0.015195161000065127,0,284,284,284,114,1,1,60,1,0,0.027420333999998547
s1_1000,S1-828214924,S2,US,selective_v1,0,49,868,45,3,3,0,6,0.02928000399992925,24,18,5.0,509,0.030858473999956004,1,764,763,764,109,1,1,60,1,1,0.0638786679999157
s1_1000,S1-828214924,S3,US,selective_v1,0,49,933,45,3,3,0,6,0.030992650000030153,24,19,5.0,553,0.032378713000071,1,808,807,808,109,1,1,60,3,1,0.06776703100001669
s1_1000,S1-497411990,S2,US,selective_v1,0,36,327,21,0,3,0,3,0.032382192999648396,18,17,1.0,299,0.03292275100000097,0,299,299,299,113,1,1,60,1,0,0.0458187540000381
s1_1000,S1-497411990,S3,US,selective_v1,0,36,351,21,0,3,0,3,0.035985050999897794,18,15,1.0,340,0.036530051999989155,0,340,340,340,117,1,1,60,1,0,0.051141586999960964
s1_1000,S1-526632358,S2,India,selective_v1,0,49,883,120,21,27,0,48,0.04087158900006216,24,18,4.0,657,0.04330266900001334,0,725,725,725,112,1,1,60,3,0,0.08096104699995976
s1_1000,S1-526632358,S3,India,selective_v1,0,50,952,120,6,29,0,35,0.04045293399997263,24,18,6.0,452,0.04328935000000911,1,642,641,642,90,1,1,60,2,1,0.07612142400000721
s1_1000,S1-349678557,S2,India,selective_v1,0,51,990,55,3,6,0,9,0.021512472000154048,24,17,5.0,294,0.02313395800001672,6,889,888,894,123,1,1,60,2,6,0.0681065999999646
s1_1000,S1-349678557,S3,India,selective_v1,0,50,938,45,1,8,3,9,0.03976681500000723,24,11,7.0,312,0.0409738710000056,12,878,878,890,131,1,1,60,0,12,0.08692946600001505
s1_1000,S1-515678303,S2,US,selective_v1,0,42,1189,28,3,3,2,6,0.028391610999960903,20,18,2.0,345,0.02919906700003594,0,1000,1000,1000,101,1,1,60,1,0,0.07165713100005178
s1_1000,S1-515678303,S3,US,selective_v1,0,42,1347,28,3,3,2,6,0.031062061999932666,20,17,2.0,386,0.031881019000024935,0,1138,1138,1138,97,1,1,60,1,0,0.08040528399999403
s1_1000,S1-745006607,S2,US,selective_v1,0,48,983,36,1,8,4,9,0.06817862599962154,23,21,2.0,599,0.06948725500001274,1,746,745,746,104,1,1,60,1,1,0.10111581999990449
s1_1000,S1-745006607,S3,US,selective_v1,0,48,830,36,1,8,4,9,0.070960515000138,23,20,3.0,520,0.0722441280000794,2,638,636,638,93,1,1,60,2,2,0.1003390489998992
s1_1000,S1-371904317,S2,India,selective_v1,0,45,594,55,15,6,12,21,0.0207353810000086,22,15,7.0,302,0.021812907000025916,1,401,400,401,79,1,1,60,1,1,0.04370909599992956
s1_1000,S1-371904317,S3,India,selective_v1,0,45,656,55,15,6,12,21,0.02047532200015212,22,14,7.0,340,0.021598069999981817,1,442,441,442,80,1,1,60,1,1,0.04384777899997516
s1_1000,S1-622658111,S2,US,selective_v1,0,26,498,15,0,3,0,3,0.03374414699999306,12,11,0.0,311,0.034195698999951674,151,399,397,548,143,1,1,60,1,41,0.05679563099999996
s1_1000,S1-622658111,S3,US,selective_v1,0,26,513,15,0,3,0,3,0.035726912000086486,12,9,0.0,353,0.03631603200005884,169,430,428,597,137,1,1,60,1,37,0.06137463499999285
s1_1000,S1-337946117,S2,India,selective_v1,0,50,720,120,21,29,0,50,0.05015442100011569,24,13,11.0,264,0.05241919799993866,0,470,470,470,112,1,1,60,4,0,0.07887306899999658
s1_1000,S1-337946117,S3,India,selective_v1,0,50,837,120,10,43,0,53,0.04978740000024118,24,15,9.0,524,0.05200646499997674,0,719,719,719,107,1,1,60,2,0,0.09117913699992641
s1_1000,S1-625817119,S2,US,selective_v1,0,51,669,28,1,0,4,1,0.007306226999958199,23,23,0.0,152,0.008093786000017644,1,434,433,434,116,1,1,60,1,1,0.027866530999972383
s1_1000,S1-625817119,S3,US,selective_v1,0,51,719,28,1,0,4,1,0.007835848999775408,23,23,0.0,184,0.008679195000013351,1,472,471,472,87,1,1,60,2,1,0.032037970000033056
s1_1000,S1-295078193,S2,US,selective_v1,0,43,615,28,0,6,2,6,0.025979538999763463,20,17,1.0,202,0.026681789999997818,0,430,430,430,111,1,1,60,1,0,0.04522351200000685
s1_1000,S1-295078193,S3,US,selective_v1,0,42,467,28,0,6,2,6,0.027465252999604672,20,12,1.0,296,0.028142086000002564,0,365,365,365,101,1,1,60,0,0,0.04467704399996819
s1_1000,S1-444041166,S2,US,selective_v1,0,50,299,45,1,4,0,5,0.023738189000482635,24,11,6.0,142,0.024922680000031505,1,276,275,276,88,1,1,60,1,1,0.03711243599991576
s1_1000,S1-444041166,S3,US,selective_v1,0,48,874,45,3,10,7,13,0.05661780700006602,24,17,7.0,791,0.05797046399993633,1,792,791,792,106,1,1,60,2,1,0.093585126999983
s1_1000,S1-644909060,S2,India,selective_v1,0,49,887,120,10,49,0,59,0.08018393299994386,24,18,6.0,832,0.08237168099992687,0,841,841,841,95,1,1,60,1,0,0.12875870799996392
s1_1000,S1-644909060,S3,India,selective_v1,0,49,581,120,6,42,0,48,0.06920356000023276,24,17,7.0,442,0.07153987000003781,2,449,447,449,86,1,1,60,4,2,0.09688144099993679
s1_1000,S1-361137897,S2,India,selective_v1,0,50,1104,120,15,27,0,42,0.03743166300023404,24,23,1.0,841,0.04024794899999051,1,994,993,994,97,1,1,60,2,1,0.09132377699995686
s1_1000,S1-361137897,S3,India,selective_v1,0,50,836,120,6,34,0,40,0.032504579999908856,24,17,2.0,633,0.03513887600001908,1,787,786,787,90,1,1,60,0,1,0.07863709200000812
s1_1000,S1-41317566,S2,India,selective_v1,0,43,1083,55,3,21,10,24,0.048493124999708925,21,17,4.0,670,0.05008878099999947,3,894,891,894,101,1,1,60,4,3,0.09602804299993295
s1_1000,S1-41317566,S3,India,selective_v1,0,49,1019,55,3,15,7,18,0.06907415000000583,24,17,6.0,627,0.07050339600004918,1,859,858,859,112,1,1,60,2,1,0.11378201899992746
s1_1000,S1-708966187,S2,India,selective_v1,0,41,868,66,15,18,13,33,0.037552147999917906,20,10,10.0,158,0.03860624399999324,6,538,532,538,107,1,1,60,2,6,0.06855330099995172
s1_1000,S1-708966187,S3,India,selective_v1,0,43,1449,66,6,29,10,35,0.05756044599991128,21,15,5.0,595,0.05889245200000914,13,979,966,979,119,1,1,60,1,13,0.10710269499998049
s1_1000,S1-800315369,S2,US,selective_v1,0,40,357,28,1,6,2,7,0.025837808999654044,19,18,1.0,220,0.026446798000051785,0,286,286,286,97,1,1,60,1,0,0.03917344699993919
s1_1000,S1-800315369,S3,US,selective_v1,0,40,442,28,1,6,2,7,0.027953958999887618,19,18,1.0,265,0.028575063000062073,1,340,339,340,113,1,1,60,1,1,0.04370240600007946
s1_1000,S1-743238002,S2,US,selective_v1,0,45,648,21,0,0,0,0,0.019569653000189646,21,19,2.0,219,0.020195388999923125,1,419,418,419,91,1,1,60,1,1,0.0394192970001086
s1_1000,S1-743238002,S3,US,selective_v1,0,45,654,21,0,0,0,0,0.02017266600023504,21,19,2.0,253,0.020847059000061563,1,434,433,434,82,1,1,60,2,1,0.040065432000005785
s1_1000,S1-75477466,S2,US,selective_v1,0,45,374,28,1,4,2,5,0.014802043000372578,21,15,2.0,97,0.015418556999975408,6,313,307,313,81,1,1,60,1,6,0.02932008899995253
s1_1000,S1-75477466,S3,US,selective_v1,0,36,309,28,3,6,2,9,0.019031475000247156,17,13,3.0,118,0.019544997000025432,5,257,252,257,99,1,1,60,2,5,0.03344676899996557
s1_1000,S1-327462179,S2,US,selective_v1,0,44,754,28,1,4,2,5,0.022353580000071815,21,15,3.0,221,0.0233214439999756,0,658,658,658,114,1,1,60,1,0,0.05160401700004513
s1_1000,S1-327462179,S3,US,selective_v1,0,44,619,28,1,4,2,5,0.022333876999823588,21,14,4.0,78,0.022961310999903617,1,527,526,527,107,1,1,60,1,1,0.04861760100004631
s1_1000,S1-374066313,S2,US,selective_v1,0,38,430,28,1,7,2,8,0.03560319400003209,18,14,4.0,315,0.036209703000054105,5,350,345,350,77,1,1,60,3,5,0.05156614299994544
s1_1000,S1-374066313,S3,US,selective_v1,0,34,425,28,3,7,2,10,0.03350859499994385,16,13,2.0,323,0.03406479299997045,1,359,358,359,77,1,1,60,2,1,0.05010920300003363
s1_1000,S1-406521568,S2,India,selective_v1,0,38,1161,45,10,10,7,20,0.02432956299981015,18,13,4.0,278,0.025265752999985125,3,746,743,746,113,1,1,60,2,3,0.06803937799998039
s1_1000,S1-406521568,S3,India,selective_v1,0,34,1077,45,6,17,6,23,0.031045097999935933,16,15,1.0,264,0.03188485700002275,14,691,677,691,114,1,1,60,2,14,0.0696718179999607
s1_1000,S1-111906316,S2,US,selective_v1,0,34,1149,28,3,7,2,10,0.012466388000120787,16,14,2.0,129,0.013111872999957086,48,871,869,917,131,1,1,60,3,47,0.053390717000070254
s1_1000,S1-111906316,S3,US,selective_v1,0,34,1166,28,6,4,2,10,0.012917015000084575,16,13,2.0,128,0.013533378999909473,63,906,906,969,151,1,1,60,1,51,0.05892734500002916
s1_1000,S1-529891305,S2,US,selective_v1,0,42,225,21,1,0,0,1,0.011235065999926519,20,13,4.0,92,0.01175609999995686,1,182,181,182,80,1,1,60,3,1,0.020594442000060553
s1_1000,S1-529891305,S3,US,selective_v1,0,42,244,21,1,0,0,1,0.011681371999884504,20,10,4.0,119,0.012191039000072124,0,206,206,206,81,1,1,60,0,0,0.022137042000053953
s1_1000,S1-231036087,S2,India,selective_v1,0,43,683,91,21,30,19,51,0.03970150700024533,21,11,10.0,379,0.0409543539999504,1,466,465,466,106,1,1,60,2,1,0.06587619499998709
s1_1000,S1-231036087,S3,India,selective_v1,0,49,786,91,15,31,0,46,0.05482319600025676,24,14,10.0,522,0.056510471000024154,2,615,613,615,111,1,1,60,2,2,0.0894668720000027
s1_1000,S1-800917539,S2,India,selective_v1,0,51,671,120,3,7,0,10,0.019256022000149642,24,21,3.0,403,0.022866656000019248,0,528,528,528,90,1,1,60,1,0,0.05169277000004513
s1_1000,S1-800917539,S3,India,selective_v1,0,52,723,120,0,6,0,6,0.02914280800018787,24,11,4.0,288,0.03267289699999765,0,528,528,528,78,1,1,60,0,0,0.061495610000065426
s1_1000,S1-462223675,S2,US,selective_v1,0,51,788,55,0,2,0,2,0.0248197189999928,24,19,0.0,242,0.026489383000011912,1,660,659,660,107,1,1,60,2,1,0.05758929800003898
s1_1000,S1-462223675,S3,US,selective_v1,0,50,591,55,1,4,0,5,0.037231249999877036,24,20,4.0,104,0.038733607999915876,1,457,456,457,115,1,1,60,2,1,0.059034995000047275
s1_1000,S1-703195062,S2,India,selective_v1,0,50,731,120,36,27,18,63,0.02838273700035643,24,16,8.0,217,0.03029063999997561,1,631,630,631,111,1,1,60,3,1,0.0657192449999684
s1_1000,S1-703195062,S3,India,selective_v1,0,50,971,120,15,39,0,54,0.029653481000195825,24,16,8.0,405,0.03193539499989129,2,836,834,836,114,1,1,60,3,2,0.07902676800006248
s1_1000,S1-910549892,S2,India,selective_v1,0,52,748,55,0,3,0,3,0.03102688599949488,24,19,2.0,377,0.03294763199994577,1,610,609,610,80,1,1,60,1,1,0.0659956480000119
s1_1000,S1-910549892,S3,India,selective_v1,0,52,842,55,0,1,0,1,0.041214592000073935,24,20,3.0,502,0.04301510200002667,1,732,731,732,77,1,1,60,2,1,0.08249966700009281
s1_1000,S1-277955334,S2,US,selective_v1,0,51,475,36,0,2,3,2,0.01735194899970338,24,13,0.0,229,0.018379893999963315,0,382,382,382,94,1,1,60,0,0,0.03562628500003484
s1_1000,S1-277955334,S3,US,selective_v1,0,50,549,36,1,6,4,7,0.0374334219998218,24,22,2.0,302,0.03845286499995382,0,390,390,390,100,1,1,60,3,0,0.0563338310000745
s1_1000,S1-510267170,S2,India,selective_v1,0,52,591,66,0,9,0,9,0.039123874999859254,24,16,4.0,406,0.04107593000003362,5,555,550,555,93,1,1,60,1,5,0.06964658900005816
s1_1000,S1-510267170,S3,India,selective_v1,0,52,741,66,0,6,0,6,0.04818918700004815,24,16,4.0,527,0.050151138999922296,3,682,679,682,112,1,1,60,1,3,0.0852427859999807
s1_1000,S1-958682608,S2,India,selective_v1,0,51,590,105,10,11,0,21,0.019274486000313118,24,20,3.0,451,0.021998326000016277,1,490,490,491,79,1,1,60,2,1,0.04717431899996427
s1_1000,S1-958682608,S3,India,selective_v1,0,51,525,105,3,15,0,18,0.02527635400008421,24,14,4.0,445,0.028099236000002747,2,479,477,479,80,1,1,60,1,2,0.05206279900005484
s1_1000,S1-485348225,S2,US,selective_v1,0,51,235,66,6,0,0,6,0.018462793000367128,24,8,10.0,125,0.02023287800000162,0,207,207,207,76,1,1,60,3,0,0.02984602999993058
s1_1000,S1-485348225,S3,US,selective_v1,0,50,353,66,10,6,0,16,0.0205846900000779,24,10,9.0,316,0.022149183999999877,1,320,319,320,116,1,1,60,4,1,0.036570604999951684
s1_1000,S1-860341006,S2,India,selective_v1,0,51,1186,105,28,16,0,44,0.016175317999682193,24,19,5.0,168,0.01813249300005282,0,903,903,903,106,1,1,60,2,0,0.06819956399999683
s1_1000,S1-860341006,S3,India,selective_v1,0,51,1199,105,21,21,0,42,0.026884303000201726,24,19,5.0,254,0.02891562000002068,2,1020,1018,1020,109,1,1,60,3,2,0.08123352100005832
s1_1000,S1-44958416,S2,US,selective_v1,0,50,941,45,1,4,0,5,0.024778634999620408,24,23,1.0,542,0.02619259499999771,1,794,793,794,101,1,1,60,2,1,0.06007003399997757
s1_1000,S1-44958416,S3,US,selective_v1,0,50,1003,45,1,4,0,5,0.02582499299955998,24,23,1.0,537,0.027261180999971657,2,821,819,821,106,1,1,60,3,2,0.06378547999997863
s1_1000,S1-197625875,S2,US,selective_v1,0,44,197,28,1,4,2,5,0.02837756500002797,21,16,4.0,144,0.028974704000006568,0,159,159,159,80,1,1,60,1,0,0.03635975099996358
s1_1000,S1-197625875,S3,US,selective_v1,0,44,207,28,1,4,2,5,0.02989623899986782,21,15,4.0,149,0.030512208999994073,0,162,162,162,78,1,1,60,1,0,0.03798400799996671
s1_1000,S1-933004961,S2,US,selective_v1,0,43,1024,28,0,4,3,4,0.060831415000279776,21,19,2.0,482,0.06173322699999062,2,922,920,922,103,1,1,60,2,2,0.10274693799999568
s1_1000,S1-933004961,S3,US,selective_v1,0,45,1086,28,0,4,2,4,0.06591447599998901,22,20,2.0,527,0.08639073000006192,0,964,964,964,102,1,1,60,1,0,0.12945741500004715
s1_1000,S1-609612010,S2,US,selective_v1,0,52,363,45,1,4,0,5,0.01471096800014493,24,23,1.0,115,0.015882089999990967,1,227,226,227,78,1,1,60,5,1,0.027811299999939365
s1_1000,S1-609612010,S3,US,selective_v1,0,52,274,45,1,4,0,5,0.016517918000090503,24,23,1.0,135,0.017684769999959826,1,216,215,216,86,1,1,60,1,1,0.027499239000007947
s1_1000,S1-24789070,S2,US,selective_v1,0,39,478,28,1,6,2,7,0.02872139500038884,19,17,2.0,278,0.02939493099995616,3,395,392,395,92,1,1,60,3,3,0.04665810300002704
s1_1000,S1-24789070,S3,US,selective_v1,0,39,492,28,1,6,2,7,0.03083189400001629,19,17,2.0,300,0.0314798360000168,0,415,415,415,85,1,1,60,3,0,0.04974981099996967
s1_1000,S1-694967517,S2,India,selective_v1,0,49,1461,120,10,29,0,39,0.04625837399987631,24,13,11.0,555,0.04904937499998141,0,1347,1347,1347,117,1,1,60,2,0,0.12170583499994336
s1_1000,S1-694967517,S3,India,selective_v1,0,49,1710,120,10,29,0,39,0.05555571399997916,24,14,10.0,652,0.058484926000005544,1,1496,1495,1496,115,1,1,60,4,1,0.13718407400006072
s1_1000,S1-919660109,S2,India,selective_v1,0,37,1005,45,10,11,7,21,0.007821578999823942,17,16,0.0,0,0.008591546000047856,0,565,565,565,105,1,1,60,1,0,0.04079430299998421
s1_1000,S1-919660109,S3,India,selective_v1,0,37,1047,45,10,11,7,21,0.00792730299951927,17,14,0.0,0,0.008618899999987661,1,595,594,595,109,1,1,60,2,1,0.04144080399998984
s1_1000,S1-954562808,S2,US,selective_v1,0,45,902,36,1,9,4,10,0.05973045999974147,22,22,0.0,704,0.06114651600000798,0,821,821,821,113,1,1,60,3,0,0.09930534499994792
s1_1000,S1-954562808,S3,US,selective_v1,0,45,861,36,1,9,4,10,0.06798064800000247,22,20,1.0,672,0.06940074999999979,0,799,799,799,119,1,1,60,0,0,0.10483504199999061
s1_1000,S1-28896124,S2,US,selective_v1,0,53,546,28,0,0,4,0,0.008133525000403097,24,22,1.0,97,0.008916740000017853,1,411,410,411,79,1,1,60,1,1,0.027122199000018554
s1_1000,S1-28896124,S3,US,selective_v1,0,53,629,28,0,0,4,0,0.008723529999883795,24,23,1.0,101,0.00952125900005285,1,430,429,430,77,1,1,60,3,1,0.03026471699990907
s1_1000,S1-557319843,S2,India,selective_v1,0,49,219,66,15,12,16,27,0.011178886000038801,23,22,1.0,150,0.012287351999930252,1,163,162,163,108,1,1,60,2,1,0.021550262000005205
s1_1000,S1-557319843,S3,India,selective_v1,0,51,700,66,6,16,0,22,0.03556258099979459,24,20,2.0,470,0.03706880499998988,0,482,482,482,57,0,0,57,1,0,0.061388172000079066
s1_1000,S1-516290105,S2,US,selective_v1,0,51,511,36,1,0,2,1,0.020404395999662484,24,12,4.0,174,0.021525589000020773,0,438,438,438,106,1,1,60,1,0,0.042550415000050634
s1_1000,S1-516290105,S3,US,selective_v1,0,50,624,36,1,2,4,3,0.02317484399998193,24,16,6.0,184,0.02422547499998018,3,491,488,491,81,1,1,60,5,3,0.0476912970000285
s1_1000,S1-101840713,S2,US,selective_v1,0,52,347,36,1,4,4,5,0.013824406000026102,24,19,1.0,133,0.014689155000041865,0,228,228,228,100,1,1,60,0,0,0.02546965999999884
s1_1000,S1-101840713,S3,US,selective_v1,0,52,347,36,1,4,4,5,0.015179405999788287,24,23,1.0,134,0.016082681000057164,2,232,230,232,90,1,1,60,1,2,0.027602066000099512
s1_1000,S1-807273946,S2,US,selective_v1,0,39,1093,36,3,10,4,13,0.040963218000115376,19,14,4.0,451,0.04186175600000297,1,951,950,951,111,1,1,60,2,1,0.08393282099996213
s1_1000,S1-807273946,S3,US,selective_v1,0,39,1254,36,3,10,4,13,0.04386790800003837,19,14,4.0,510,0.04485233899993091,1,1089,1088,1089,113,1,1,60,0,1,0.09615649900001699
s1_1000,S1-362815713,S2,US,selective_v1,0,28,305,15,0,2,0,2,0.011693455000227004,13,13,0.0,209,0.012075347999939368,1,244,243,244,78,1,1,60,3,1,0.023556894999956057
s1_1000,S1-362815713,S3,US,selective_v1,0,28,349,15,0,2,0,2,0.012813324000148896,13,13,0.0,240,0.013201331999994181,1,282,281,282,80,1,1,60,2,1,0.025951478000024508
s1_1000,S1-118188739,S2,US,selective_v1,0,50,508,36,3,3,4,6,0.02397852200010675,24,15,4.0,143,0.02492155400000229,0,410,410,410,114,1,1,60,0,0,0.042823684000040885
s1_1000,S1-118188739,S3,US,selective_v1,0,50,577,36,3,3,4,6,0.02518189899990375,24,20,4.0,182,0.02618752500006849,0,445,445,445,107,1,1,60,1,0,0.04580650700006572
s1_1000,S1-503223139,S2,India,selective_v1,0,37,668,120,45,32,25,77,0.02971047500000168,18,13,5.0,470,0.031083814999988135,1,561,560,561,106,1,1,60,2,1,0.06067801699998654
s1_1000,S1-503223139,S3,India,selective_v1,0,37,641,120,45,32,25,77,0.02572547199974906,18,13,5.0,402,0.02708100600000307,2,498,496,498,104,1,1,60,4,2,0.05326750400001856
s1_1000,S1-64197487,S2,US,selective_v1,0,44,494,28,1,2,3,3,0.022424631000035333,22,16,2.0,469,0.023271578000048976,0,469,469,469,94,1,1,60,1,0,0.043533415999945646
s1_1000,S1-64197487,S3,US,selective_v1,0,44,617,28,1,2,3,3,0.02410090900002615,22,20,2.0,553,0.025015996000092855,0,553,553,553,99,1,1,60,3,0,0.048588088999963475
s1_1000,S1-88249277,S2,India,selective_v1,0,52,471,78,3,11,0,14,0.030849339999690528,24,22,2.0,379,0.032824290999997174,0,401,401,401,77,1,1,60,2,0,0.05296842400002788
s1_1000,S1-88249277,S3,India,selective_v1,0,52,536,78,0,11,0,11,0.028024762999734776,24,21,1.0,477,0.030168668999976944,0,494,494,494,79,1,1,60,1,0,0.054064869000058025
s1_1000,S1-225047892,S2,US,selective_v1,0,30,584,15,1,0,0,1,0.012730910999721345,14,11,3.0,139,0.013160119999952258,6,472,466,472,111,1,1,60,2,6,0.03364460899990718
s1_1000,S1-225047892,S3,US,selective_v1,0,30,550,15,1,0,0,1,0.012952543999745103,14,11,3.0,140,0.013376063000009708,1,473,472,473,113,1,1,60,1,1,0.03432844300004945
s1_1000,S1-208289868,S2,India,selective_v1,0,49,857,91,10,33,0,43,0.05434444699983487,24,18,6.0,756,0.05609896800001479,2,760,758,760,110,1,1,60,2,2,0.09632777699994222
s1_1000,S1-208289868,S3,India,selective_v1,0,49,1002,91,6,33,0,39,0.0646114909999369,24,16,7.0,900,0.06655209799998829,3,906,903,906,112,1,1,60,3,3,0.1144522170000073
s1_1000,S1-378019168,S2,India,selective_v1,0,52,538,78,10,11,0,21,0.020696369999654962,24,18,5.0,64,0.02241125699993063,0,238,238,238,98,1,1,60,0,0,0.03584989499995572
s1_1000,S1-378019168,S3,India,selective_v1,0,52,730,78,3,16,0,19,0.02966471700005968,24,16,4.0,286,0.031518314000095415,0,430,430,430,97,1,1,60,0,0,0.0538589889999912
s1_1000,S1-117416889,S2,US,selective_v1,0,52,2221,66,1,4,0,5,0.018399222000084592,24,17,2.0,246,0.02064762800000608,1,1990,1989,1990,100,1,1,60,2,1,0.11412172400002873
s1_1000,S1-117416889,S3,US,selective_v1,0,51,2459,66,3,6,0,9,0.025066417999937585,24,21,3.0,292,0.027214370999899984,1,2115,2114,2115,110,1,1,60,2,1,0.1283019070000364
s1_1000,S1-1039410,S2,India,selective_v1,0,50,1451,91,6,15,0,21,0.0534969650000221,24,12,12.0,407,0.055945488000020305,3,1295,1292,1295,105,1,1,60,5,3,0.1302418600000692
s1_1000,S1-1039410,S3,India,selective_v1,0,50,1441,91,6,13,0,19,0.03724734100035221,24,16,8.0,531,0.039759041999900546,2,1357,1355,1357,106,1,1,60,3,2,0.11196679900001527
s1_1000,S1-787831972,S2,India,selective_v1,0,49,1039,91,10,30,0,40,0.041767943999616364,24,21,3.0,781,0.043710379999993165,1,794,793,794,98,1,1,60,4,1,0.0872507950000454
s1_1000,S1-787831972,S3,India,selective_v1,0,50,1233,91,3,34,0,37,0.04185349300030339,24,22,2.0,604,0.043889401999990696,0,852,852,852,104,1,1,60,1,0,0.08911982300003274
s1_1000,S1-574008304,S2,US,selective_v1,0,32,570,15,0,0,0,0,0.01771488199972282,15,6,3.0,41,0.018112561999942045,26,547,521,547,106,1,1,60,0,26,0.04520242799992502
s1_1000,S1-574008304,S3,US,selective_v1,0,32,578,15,0,0,0,0,0.017232238999781657,15,12,3.0,45,0.017666541000039615,23,529,506,529,103,1,1,60,3,23,0.04313624399992477
s1_1000,S1-970581623,S2,US,selective_v1,0,40,401,21,0,2,0,2,0.016699698999900647,19,17,1.0,351,0.017318208999995477,2,363,361,363,88,1,1,60,3,2,0.033815091999940705
s1_1000,S1-970581623,S3,US,selective_v1,0,38,268,21,0,3,0,3,0.009724670999958107,18,11,1.0,238,0.010221281000099225,0,248,248,248,79,1,1,60,0,0,0.021260797999957504
s1_1000,S1-951410198,S2,India,selective_v1,0,44,698,55,6,17,10,23,0.04869594800049981,22,13,8.0,657,0.0498966750000136,9,659,657,666,112,1,1,60,2,9,0.08370584300007522
s1_1000,S1-951410198,S3,India,selective_v1,0,48,787,55,3,20,4,23,0.06910301700008858,24,18,6.0,648,0.0703747459999704,5,653,648,653,104,1,1,60,4,5,0.10388298600003054
s1_1000,S1-56436840,S2,India,selective_v1,0,32,766,78,15,35,12,50,0.031734431000472796,16,12,4.0,587,0.03277511900000718,2,589,587,589,117,1,1,60,0,2,0.06455442000003586
s1_1000,S1-56436840,S3,India,selective_v1,0,39,1071,78,10,37,12,47,0.05745396299994354,19,13,6.0,595,0.05870964199993978,11,764,753,764,87,1,1,60,1,11,0.09891594800001258
s1_1000,S1-919740289,S2,US,selective_v1,0,46,511,28,0,2,3,2,0.05709044600018842,23,18,5.0,483,0.05801693499995508,16,499,483,499,101,1,1,60,0,16,0.0803860400000076
s1_1000,S1-919740289,S3,US,selective_v1,0,44,705,28,0,3,3,3,0.06043726999973842,22,17,5.0,651,0.061418290999995406,8,659,651,659,107,1,1,60,1,8,0.09016297699997722
s1_1000,S1-72039349,S2,India,selective_v1,0,46,856,105,10,54,18,64,0.058755680999865945,23,17,6.0,798,0.06030712799997673,0,798,798,798,114,1,1,60,0,0,0.10218738200001098
s1_1000,S1-72039349,S3,India,selective_v1,0,49,1024,105,6,40,0,46,0.06427142499990168,24,16,8.0,768,0.06642449899993608,1,908,907,908,112,1,1,60,3,1,0.11444880900000953
s1_1000,S1-131745165,S2,US,selective_v1,0,47,1644,28,1,3,2,4,0.01995741799987627,22,22,0.0,273,0.020906217999936416,29,1320,1291,1320,119,1,1,60,1,29,0.08658219200003714
s1_1000,S1-131745165,S3,US,selective_v1,0,46,679,28,1,3,2,4,0.021280995999745755,22,21,1.0,231,0.022132061999968755,21,401,380,401,111,1,1,60,2,21,0.04056647300001259
s1_1000,S1-527220147,S2,US,selective_v1,0,52,613,36,1,2,4,3,0.009268119000125807,24,23,1.0,179,0.010290096999938214,1,510,509,510,96,1,1,60,3,1,0.03222046600001249
s1_1000,S1-527220147,S3,US,selective_v1,0,52,663,36,1,2,4,3,0.009434306999992259,24,23,1.0,186,0.010777646000065033,1,560,559,560,104,1,1,60,2,1,0.03530823199992028
s1_1000,S1-810076304,S2,US,selective_v1,0,50,801,36,1,6,5,7,0.04575405200012028,24,20,4.0,489,0.04682504100003371,0,516,516,516,101,1,1,60,3,0,0.06919974000004459
s1_1000,S1-810076304,S3,US,selective_v1,0,50,590,36,1,6,5,7,0.047111556000004384,24,18,6.0,393,0.048136405000036575,0,413,413,413,75,1,1,60,2,0,0.06675189200007026
s1_1000,S1-355916990,S2,India,selective_v1,0,52,338,91,15,21,0,36,0.018406192999691484,24,22,2.0,157,0.020144659999914438,1,256,255,256,110,1,1,60,1,1,0.03510279800002536
s1_1000,S1-355916990,S3,India,selective_v1,0,47,266,78,10,26,20,36,0.018658372999880157,22,14,2.0,166,0.01982141500002399,0,228,228,228,107,1,1,60,1,0,0.03187207500002387
s1_1000,S1-603830615,S2,India,selective_v1,0,50,280,66,6,4,0,10,0.016821312999923066,24,19,5.0,175,0.018497103000072457,2,235,233,235,79,1,1,60,2,2,0.030906759999993483
s1_1000,S1-603830615,S3,India,selective_v1,0,51,384,66,1,8,0,9,0.020016977999944174,24,11,5.0,117,0.021684039999968263,0,293,293,293,86,1,1,60,0,0,0.03667784999993273
s1_1000,S1-203874762,S2,India,selective_v1,0,50,628,78,10,5,0,15,0.019992202999787878,24,19,4.0,417,0.0220300189999989,0,530,530,530,91,1,1,60,2,0,0.049307669999961945
s1_1000,S1-203874762,S3,India,selective_v1,0,50,634,78,6,8,0,14,0.020729114000232585,24,20,2.0,461,0.02289045299994541,0,569,569,569,99,1,1,60,1,0,0.05315870500010078
s1_1000,S1-834983529,S2,US,selective_v1,0,46,1223,28,1,2,3,3,0.016302366999866535,22,15,0.0,199,0.017125339000017448,12,1118,1116,1128,102,1,1,60,2,12,0.0684441319999678
s1_1000,S1-834983529,S3,US,selective_v1,0,41,1574,28,3,3,2,6,0.025425760999951308,20,18,2.0,361,0.026397986999995737,11,1314,1313,1324,116,1,1,60,3,11,0.09059311300006812
s1_1000,S1-225919167,S2,US,selective_v1,0,44,497,28,1,4,2,5,0.020209718000160137,21,12,2.0,246,0.020980046000090624,0,437,437,437,110,1,1,60,0,0,0.04052751400001853
s1_1000,S1-225919167,S3,US,selective_v1,0,44,553,28,1,4,2,5,0.020591632999980902,21,18,2.0,262,0.021335462000024563,0,486,486,486,110,1,1,60,0,0,0.042889324000043416
s1_1000,S1-272522928,S2,US,selective_v1,0,51,1692,36,0,3,3,3,0.023408342999914566,24,20,0.0,329,0.0247616139999991,0,1447,1447,1447,118,1,1,60,2,0,0.08639003599989792
s1_1000,S1-272522928,S3,US,selective_v1,0,50,667,36,0,3,3,3,0.025201609000191638,24,23,1.0,328,0.026306539999950473,2,501,499,501,103,1,1,60,3,2,0.04949022599998898
s1_1000,S1-124849120,S2,India,selective_v1,0,47,610,78,21,15,20,36,0.008926411999937045,22,21,1.0,172,0.010195851000048606,0,366,366,366,84,1,1,60,1,0,0.02913344099999904
s1_1000,S1-124849120,S3,India,selective_v1,0,49,716,78,21,14,20,35,0.013779969000324854,23,21,0.0,276,0.015113498000005166,0,483,483,483,108,1,1,60,2,0,0.040372337000007974
s1_1000,S1-230964033,S2,India,selective_v1,0,48,472,120,21,35,0,56,0.06884564399990722,24,12,12.0,393,0.07091529999991053,0,393,393,393,79,1,1,60,1,0,0.09244805900004849
s1_1000,S1-230964033,S3,India,selective_v1,0,48,1304,120,15,47,0,62,0.11012440600006812,24,21,3.0,1063,0.11250777800000833,0,1063,1063,1063,79,1,1,60,2,0,0.1696578150000505
s1_1000,S1-613113880,S2,India,selective_v1,0,50,977,91,10,25,0,35,0.047763433999875815,24,20,3.0,824,0.04979108800000631,8,883,882,890,109,1,1,60,2,8,0.09602453499996955
s1_1000,S1-613113880,S3,India,selective_v1,0,50,1085,91,3,27,0,30,0.055296976999898106,24,22,2.0,963,0.05758134899997458,7,1004,1003,1010,114,1,1,60,2,7,0.10838011400005598
s1_1000,S1-396803331,S2,India,selective_v1,0,52,1951,78,10,0,0,10,0.015381520000346427,24,16,8.0,113,0.01779010300003847,1,1719,1718,1719,109,1,1,60,1,1,0.11668782900005681
s1_1000,S1-396803331,S3,India,selective_v1,0,51,2031,66,3,6,0,9,0.021494486000051438,24,12,11.0,194,0.02347950099999707,1,1858,1857,1858,102,1,1,60,1,1,0.12739086999999927
s1_1000,S1-357644530,S2,India,selective_v1,0,43,674,78,6,39,12,45,0.06663816299987957,21,15,6.0,577,0.06781812199994874,0,611,611,611,106,1,1,60,1,0,0.10202333699999144
s1_1000,S1-357644530,S3,India,selective_v1,0,49,1196,78,3,35,6,38,0.080686848000596,24,18,6.0,1058,0.08234373499999492,1,1098,1097,1098,113,1,1,60,2,1,0.13867554199998722
s1_1000,S1-212885975,S2,US,selective_v1,0,35,670,28,3,6,2,9,0.026967785000010736,17,10,5.0,249,0.02796007200004169,7,575,574,581,120,1,1,60,0,7,0.0534999210000251
s1_1000,S1-212885975,S3,US,selective_v1,0,35,640,28,3,6,2,9,0.02801838899995346,17,11,6.0,168,0.02865064299999176,10,490,490,500,116,1,1,60,1,10,0.05146609600001284
s1_1000,S1-146611329,S2,US,selective_v1,0,33,167,15,0,0,0,0,0.004072841000265726,15,14,0.0,41,0.004415708000010454,2,122,120,122,82,1,1,60,3,2,0.010220869000022503
s1_1000,S1-146611329,S3,US,selective_v1,0,33,176,15,0,0,0,0,0.004356367000127648,15,10,0.0,54,0.004684365999992224,1,144,143,144,79,1,1,60,2,1,0.011447185000065474
s1_1000,S1-362088672,S2,India,selective_v1,0,52,451,55,6,8,0,14,0.016282861999798115,24,22,2.0,258,0.01754217500001687,1,315,314,315,78,1,1,60,2,1,0.03362474400000792
s1_1000,S1-362088672,S3,India,selective_v1,0,52,489,55,1,11,0,12,0.031811244000209626,24,19,1.0,341,0.0331974480000099,1,391,390,391,78,1,1,60,2,1,0.05326415900003667
s1_1000,S1-831406252,S2,India,selective_v1,0,38,689,55,15,12,10,27,0.020001310999532507,18,13,2.0,246,0.02090886199994202,1,371,370,371,96,1,1,60,1,1,0.040075526999999056
s1_1000,S1-831406252,S3,India,selective_v1,0,38,404,55,15,12,10,27,0.0170096790000116,18,15,2.0,153,0.01779788900000767,1,255,254,255,90,1,1,60,1,1,0.031093704999989313
s1_1000,S1-603113105,S2,India,selective_v1,0,50,987,120,1,8,0,9,0.034626895999849694,24,22,1.0,688,0.038350142000012966,1,836,835,836,108,1,1,60,4,1,0.0832598690000168
s1_1000,S1-603113105,S3,India,selective_v1,0,50,820,120,0,10,0,10,0.03461538899955485,24,22,1.0,521,0.03814442600003076,0,680,680,680,104,1,1,60,1,0,0.07603125200000704
s1_1000,S1-449694081,S2,US,selective_v1,0,48,1132,28,0,2,3,2,0.022204323999972075,23,18,1.0,161,0.023098329999925227,2,1034,1032,1034,90,1,1,60,4,2,0.07053211999993891
s1_1000,S1-449694081,S3,US,selective_v1,0,45,1049,28,0,3,3,3,0.03420914000002995,22,16,2.0,247,0.035108626999999615,0,960,960,960,100,1,1,60,2,0,0.0815334650000068
s1_1000,S1-134935361,S2,US,selective_v1,0,28,226,15,0,2,0,2,0.008890312000403355,13,12,1.0,29,0.009186752000005072,7,139,132,139,72,1,1,60,4,7,0.016031811999937418
s1_1000,S1-134935361,S3,US,selective_v1,0,28,204,15,0,2,0,2,0.009116672999880393,13,12,1.0,30,0.00941120199991019,3,148,145,148,77,1,1,60,1,3,0.016033564999929695
s1_1000,S1-270589272,S2,US,selective_v1,0,51,1574,36,3,3,4,6,0.02271246700024676,24,20,3.0,292,0.023912749000032818,0,1209,1209,1209,112,1,1,60,3,0,0.07567305300005955
s1_1000,S1-270589272,S3,US,selective_v1,0,51,1695,36,3,3,4,6,0.02427189500019722,24,21,3.0,317,0.02622745799999393,1,1323,1322,1323,99,1,1,60,2,1,0.08835741400002917
s1_1000,S1-896456699,S2,US,selective_v1,0,27,219,15,0,2,0,2,0.011525960000085433,13,13,0.0,159,0.011889729999893461,2,189,187,189,99,1,1,60,2,2,0.020882335000010244
s1_1000,S1-896456699,S3,US,selective_v1,0,27,198,15,0,2,0,2,0.013264789000118071,13,10,0.0,167,0.013632398000027024,1,189,188,189,113,1,1,60,2,1,0.022482726000021103
s1_1000,S1-302337739,S2,US,selective_v1,0,35,487,28,3,6,2,9,0.029355202999568064,17,13,4.0,226,0.02997432500001196,4,368,364,368,108,1,1,60,2,4,0.04603333299996848
s1_1000,S1-302337739,S3,US,selective_v1,0,33,524,28,3,7,2,10,0.023632987999917532,16,12,4.0,228,0.024232105999999476,5,382,377,382,99,1,1,60,2,5,0.04114611900001819
s1_1000,S1-391402138,S2,US,selective_v1,0,36,401,28,1,8,2,9,0.03945400800000698,17,15,2.0,271,0.0400334710000152,1,323,322,323,116,1,1,60,1,1,0.05437030899997808
s1_1000,S1-391402138,S3,US,selective_v1,0,36,497,28,1,8,2,9,0.04143487199962692,17,15,2.0,308,0.042040261000011014,1,378,377,378,102,1,1,60,3,1,0.059201884999993126
s1_1000,S1-281598141,S2,US,selective_v1,0,44,659,28,1,4,2,5,0.022220219000018915,21,16,3.0,114,0.022927382000034413,1,547,546,547,81,1,1,60,1,1,0.047419154000067465
s1_1000,S1-281598141,S3,US,selective_v1,0,44,771,28,1,4,2,5,0.02351544600037414,21,18,3.0,137,0.024424712000040927,1,637,636,637,76,1,1,60,3,1,0.053816353999991406
s1_1000,S1-132547250,S2,US,selective_v1,0,31,489,15,1,0,0,1,0.006089942999892628,14,9,0.0,242,0.006540556000004472,1,358,357,358,86,1,1,60,1,1,0.022049301000038213
s1_1000,S1-132547250,S3,US,selective_v1,0,31,513,15,1,0,0,1,0.005998131999717771,14,13,0.0,260,0.006445364999990488,1,368,367,368,88,1,1,60,2,1,0.022688579000032405
s1_1000,S1-619795965,S2,US,selective_v1,0,51,615,36,1,6,5,7,0.032943152000257214,24,21,2.0,290,0.03388605399993594,0,468,468,468,105,1,1,60,2,0,0.05550478899999689
s1_1000,S1-619795965,S3,US,selective_v1,0,51,744,36,1,6,5,7,0.034729400000060195,24,18,2.0,358,0.03572040599999582,4,539,535,539,99,1,1,60,5,4,0.060781444999975065
s1_1000,S1-649285755,S2,US,selective_v1,0,47,696,28,0,3,2,3,0.045258982999826,23,16,1.0,568,0.04642640500003381,21,661,640,661,100,1,1,60,1,21,0.07450306999999157
s1_1000,S1-649285755,S3,US,selective_v1,0,28,485,28,3,9,2,12,0.036919396000143934,14,11,3.0,434,0.03754387800006498,30,464,434,464,99,1,1,60,1,30,0.05805050399999345
s1_1000,S1-430030189,S2,India,selective_v1,0,50,1262,120,10,21,0,31,0.031594729000062216,24,16,6.0,569,0.034760063000021546,0,1120,1120,1120,114,1,1,60,2,0,0.11891835199992329
s1_1000,S1-430030189,S3,India,selective_v1,0,50,1029,120,10,20,0,30,0.030731784000295193,24,15,8.0,406,0.03370841899993593,0,960,960,960,116,1,1,60,2,0,0.085810873000014
s1_1000,S1-908464095,S2,US,selective_v1,0,51,729,45,0,3,0,3,0.046588718999828416,24,22,2.0,329,0.04803284000001895,2,566,564,566,90,1,1,60,3,2,0.07624630500004059
s1_1000,S1-908464095,S3,US,selective_v1,0,51,704,45,0,4,0,4,0.048810002000095665,24,22,2.0,219,0.050194237999903635,2,445,443,445,92,1,1,60,5,2,0.07074068099996111
s1_1000,S1-439426602,S2,US,selective_v1,0,43,525,28,1,4,2,5,0.023906463000116673,21,18,3.0,282,0.024672126000041317,5,398,393,398,99,1,1,60,2,5,0.041487232999998014
s1_1000,S1-439426602,S3,US,selective_v1,0,43,431,28,1,4,2,5,0.02747466500011342,21,16,4.0,217,0.028208222999978716,3,340,337,340,110,1,1,60,1,3,0.04451959200002875
s1_1000,S1-632127045,S2,US,selective_v1,0,42,295,21,0,1,0,1,0.012433305000286055,20,17,1.0,247,0.012999472000046808,1,253,252,253,77,1,1,60,2,1,0.02395916299997225
s1_1000,S1-632127045,S3,US,selective_v1,0,42,348,21,0,1,0,1,0.013331684000036148,20,19,1.0,270,0.013922030999992785,3,279,276,279,78,1,1,60,3,3,0.02623773599998458
s1_1000,S1-698552884,S2,US,selective_v1,0,44,571,28,1,4,2,5,0.017105971999740177,21,18,1.0,334,0.017879457000049115,0,496,496,496,109,1,1,60,3,0,0.03870644200003426
s1_1000,S1-698552884,S3,US,selective_v1,0,44,529,28,1,4,2,5,0.02060889499955465,21,19,2.0,262,0.02133519599999545,0,456,456,456,111,1,1,60,2,0,0.04233738900006756
s1_1000,S1-774996232,S2,India,selective_v1,0,35,439,66,21,15,13,36,0.022276492999935726,17,11,6.0,294,0.02319498899998962,4,349,345,349,102,1,1,60,2,4,0.0411982819999821
s1_1000,S1-774996232,S3,India,selective_v1,0,39,757,66,15,19,13,34,0.03278515400006654,19,14,5.0,577,0.033904839999991054,2,636,634,636,108,1,1,60,2,2,0.06603716799997983
s1_1000,S1-452456543,S2,US,selective_v1,0,39,877,28,1,6,2,7,0.043089597000061985,19,16,2.0,314,0.04388505899999018,0,766,766,766,109,1,1,60,1,0,0.07882689299992762
s1_1000,S1-452456543,S3,US,selective_v1,0,39,938,28,1,6,2,7,0.04576031199997033,19,15,2.0,324,0.04658121400007076,0,825,825,825,117,1,1,60,0,0,0.08748437700000977
s1_1000,S1-585894096,S2,India,selective_v1,0,50,471,66,10,20,13,30,0.027212758999780817,23,19,1.0,198,0.0283141440000918,5,280,275,280,80,1,1,60,3,5,0.043096120999962295
s1_1000,S1-585894096,S3,India,selective_v1,0,49,662,55,3,19,10,22,0.055782117000035214,23,14,6.0,434,0.05691739200005941,5,517,512,517,80,1,1,60,2,5,0.082205535000071
s1_1000,S1-454927333,S2,India,selective_v1,0,48,949,120,10,40,0,50,0.06048914300038177,24,13,11.0,858,0.063123482999913,5,859,858,863,119,1,1,60,0,5,0.10952531199995974
s1_1000,S1-454927333,S3,India,selective_v1,0,48,871,120,10,40,0,50,0.06054569799982801,24,13,11.0,803,0.06308291300001656,8,811,803,811,112,1,1,60,0,8,0.1061425010000221
s1_1000,S1-724124543,S2,US,selective_v1,0,41,775,28,3,3,2,6,0.024042690999863225,20,13,5.0,261,0.02479264199996578,1,657,656,657,106,1,1,60,1,1,0.05528593600001841
s1_1000,S1-724124543,S3,US,selective_v1,0,41,985,28,3,3,2,6,0.02681420999965667,20,15,5.0,301,0.02762712499998088,1,814,813,814,96,1,1,60,1,1,0.06385574600005839
s1_1000,S1-373841520,S2,US,selective_v1,0,35,398,21,1,4,0,5,0.009462491999784106,16,12,0.0,110,0.009877890999973715,0,231,231,231,97,1,1,60,0,0,0.020603007999966394
s1_1000,S1-373841520,S3,US,selective_v1,0,35,474,21,1,4,0,5,0.010116492999827642,16,11,0.0,122,0.010556445999895914,0,273,273,273,105,1,1,60,0,0,0.023211634999938724
s1_1000,S1-478665448,S2,India,selective_v1,0,47,293,66,15,12,16,27,0.03914381099991715,23,9,12.0,245,0.040305033999970874,2,268,266,268,99,1,1,60,2,2,0.05429620600000362
s1_1000,S1-478665448,S3,India,selective_v1,0,47,638,66,6,27,10,33,0.0645027510000773,23,17,6.0,494,0.06574720200001138,4,525,521,525,90,1,1,60,4,4,0.09210308399997302
s1_1000,S1-31916694,S2,US,selective_v1,0,41,451,21,1,0,0,1,0.015680555000244567,20,13,2.0,344,0.016363346999924033,1,417,416,417,83,1,1,60,2,1,0.035188695999977426
s1_1000,S1-31916694,S3,US,selective_v1,0,36,619,21,3,0,0,3,0.02384845099982158,18,15,3.0,564,0.024840632000064033,6,568,564,570,101,1,1,60,5,6,0.050369721000038226
s1_1000,S1-178240398,S2,India,selective_v1,0,49,848,120,10,25,0,35,0.055536875999791846,24,18,6.0,691,0.05858048599998256,2,718,716,718,107,1,1,60,3,2,0.0977542349999112
s1_1000,S1-178240398,S3,India,selective_v1,0,49,566,120,6,25,0,31,0.046215902000199094,24,18,5.0,512,0.04918885799997952,1,535,534,535,106,1,1,60,3,1,0.07841112200003408
s1_1000,S1-805720916,S2,India,selective_v1,0,38,160,36,6,8,4,14,0.01153764800017143,18,14,4.0,34,0.01203561699992406,1,111,110,111,83,1,1,60,2,1,0.018292925999958243
s1_1000,S1-805720916,S3,India,selective_v1,0,42,189,36,3,9,4,12,0.021492356000067048,20,13,4.0,76,0.02212325499999679,0,154,154,154,96,1,1,60,3,0,0.031774185000017496
s1_1000,S1-785012599,S2,US,selective_v1,0,54,1022,66,3,3,0,6,0.021348607000277298,24,16,1.0,329,0.02334102800000437,0,840,840,840,106,1,1,60,2,0,0.060721467999997
s1_1000,S1-785012599,S3,US,selective_v1,0,53,1017,66,6,4,0,10,0.02229001100010919,24,19,1.0,343,0.0242178270000295,0,833,833,833,100,1,1,60,1,0,0.06581998700005443
s1_1000,S1-570330505,S2,US,selective_v1,0,30,752,15,1,0,0,1,0.01083148799978062,14,14,0.0,520,0.011752057999956378,1,600,599,600,107,1,1,60,2,1,0.037035492999962116
s1_1000,S1-570330505,S3,US,selective_v1,0,30,547,15,1,0,0,1,0.011431846000050427,14,12,2.0,363,0.011922154999979284,1,432,431,432,93,1,1,60,2,1,0.03057888199998615
s1_1000,S1-580407687,S2,US,selective_v1,0,35,1416,28,1,8,2,9,0.05389811500037922,17,15,2.0,270,0.05468278700004703,17,1232,1215,1232,105,1,1,60,2,17,0.11098421600001984
s1_1000,S1-580407687,S3,US,selective_v1,0,32,461,28,1,10,1,11,0.05721658599975399,16,14,0.0,442,0.05783793399996284,15,457,442,457,108,1,1,60,0,15,0.07866825900009644
s1_1000,S1-195964451,S2,US,selective_v1,0,47,1066,28,1,2,3,3,0.012051455999881,22,22,0.0,308,0.012967132999960995,1,862,861,862,110,1,1,60,2,1,0.05336386599992693
s1_1000,S1-195964451,S3,US,selective_v1,0,47,1129,28,1,2,3,3,0.013070882000306483,22,21,0.0,343,0.013998063000030925,2,916,914,916,106,1,1,60,1,2,0.05529109700000845
s1_1000,S1-863383578,S2,India,selective_v1,0,50,453,105,15,20,0,35,0.03601809500037234,24,15,9.0,425,0.038226875999953336,0,427,427,427,79,1,1,60,1,0,0.06210548900003232
s1_1000,S1-863383578,S3,India,selective_v1,0,50,461,105,15,33,0,48,0.0428763050000498,24,18,6.0,410,0.044825549999927716,0,412,412,412,96,1,1,60,2,0,0.0671199160000242
s1_1000,S1-398966822,S2,India,selective_v1,0,50,1058,55,6,12,4,18,0.027360354999814263,24,22,2.0,478,0.028699877999997625,7,566,563,570,113,1,1,60,1,7,0.05856994099997337
s1_1000,S1-398966822,S3,India,selective_v1,0,50,920,55,3,12,0,15,0.048133395000036217,24,19,2.0,628,0.05001995400004944,8,675,675,683,119,1,1,60,1,8,0.08467502400003468
s1_1000,S1-47693061,S2,US,selective_v1,0,32,344,15,0,1,0,1,0.0075122900000224035,14,7,1.0,15,0.007821615000011661,1,228,227,228,73,1,1,60,2,1,0.018709291000050143
s1_1000,S1-47693061,S3,US,selective_v1,0,30,391,15,0,2,0,2,0.00512575300001572,13,13,0.0,26,0.005409508000070673,0,235,235,235,79,1,1,60,2,0,0.016866181000068536
s1_1000,S1-901993448,S2,US,selective_v1,0,51,270,36,1,0,2,1,0.014027812000222184,24,9,5.0,146,0.0150495289999526,0,248,248,248,70,1,1,60,1,0,0.02590096699998412
s1_1000,S1-901993448,S3,US,selective_v1,0,49,726,36,3,3,3,6,0.027166161000081956,24,18,6.0,628,0.028324653000026956,3,641,638,641,102,1,1,60,3,3,0.07610805000001619
s1_1000,S1-360702411,S2,US,selective_v1,0,50,626,28,0,1,3,1,0.018033858000080727,24,16,2.0,251,0.01886798999998973,2,565,563,565,103,1,1,60,3,2,0.043117519000020366
s1_1000,S1-360702411,S3,US,selective_v1,0,45,713,28,1,2,3,3,0.023988062999706017,22,16,3.0,377,0.02486251999994238,4,617,613,617,108,1,1,60,5,4,0.051914946000010787
s1_1000,S1-773565090,S2,India,selective_v1,0,50,1297,45,6,4,3,10,0.026706814000249324,24,18,5.0,373,0.028075088000036885,3,567,564,567,117,1,1,60,1,3,0.05847293499994066
s1_1000,S1-773565090,S3,India,selective_v1,0,50,923,45,1,8,0,9,0.034217948999867076,24,21,3.0,354,0.03557931999989705,5,500,495,500,109,1,1,60,2,5,0.061156813999900805
s1_1000,S1-585207831,S2,India,selective_v1,0,48,360,66,10,17,16,27,0.024619409999786512,23,15,7.0,265,0.02576463299999432,4,297,296,300,81,1,1,60,1,4,0.04157441799998196
s1_1000,S1-585207831,S3,India,selective_v1,0,50,457,66,3,21,0,24,0.041164879000007204,24,18,6.0,324,0.04250263399990217,4,347,343,347,80,1,1,60,2,4,0.060528409999960786
s1_1000,S1-531136752,S2,India,selective_v1,0,49,732,91,15,18,0,33,0.03620719000036843,24,19,5.0,602,0.038273286000048756,1,615,614,615,114,1,1,60,1,1,0.07021639399999913
s1_1000,S1-531136752,S3,India,selective_v1,0,49,1018,91,10,21,0,31,0.0402162530001533,24,19,3.0,856,0.04248251000001346,1,867,866,867,112,1,1,60,3,1,0.08629786699998476
s1_1000,S1-442467030,S2,India,selective_v1,0,49,907,55,10,10,12,20,0.013890823000110686,23,19,3.0,105,0.015032216999998127,0,343,343,343,117,1,1,60,2,0,0.03288083400002506
s1_1000,S1-442467030,S3,India,selective_v1,0,51,834,55,10,8,7,18,0.021263274000148158,24,19,3.0,175,0.022498890999941068,1,392,391,392,113,1,1,60,1,1,0.04265835199998946
s1_1000,S1-92482405,S2,India,selective_v1,0,51,1162,45,3,7,3,10,0.018791589000215936,24,15,4.0,243,0.020049717999995664,5,765,760,765,114,1,1,60,2,5,0.06140765600002851
s1_1000,S1-92482405,S3,India,selective_v1,0,52,951,55,3,6,0,9,0.02783112100053131,24,19,3.0,229,0.029341206000026432,14,681,667,681,110,1,1,60,1,14,0.06564120500001991
s1_1000,S1-199571794,S2,India,selective_v1,0,49,636,66,3,17,0,20,0.025717288000237204,24,17,7.0,420,0.027242729000022337,2,506,504,506,77,1,1,60,2,2,0.05373242300004222
s1_1000,S1-199571794,S3,India,selective_v1,0,49,652,66,3,11,0,14,0.025520055999891156,24,18,6.0,476,0.027345760999992308,1,565,564,565,78,1,1,60,2,1,0.05611731199996939
s1_1000,S1-595727822,S2,US,selective_v1,0,42,558,28,1,3,3,4,0.040129446000037206,21,17,3.0,535,0.041009985999949095,0,535,535,535,102,1,1,60,1,0,0.0643132190000415
s1_1000,S1-595727822,S3,US,selective_v1,0,42,653,28,1,4,2,5,0.04169245899993257,21,18,3.0,603,0.04256075000000692,0,603,603,603,107,1,1,60,2,0,0.06874536899999839
s1_1000,S1-364678319,S2,US,selective_v1,0,47,251,21,0,0,0,0,0.004069300999958614,21,18,0.0,132,0.004603873999940333,1,214,213,214,78,1,1,60,2,1,0.014316363000034471
s1_1000,S1-364678319,S3,US,selective_v1,0,47,257,21,0,0,0,0,0.0043183179998322885,21,15,0.0,142,0.004849454000009246,0,223,223,223,78,1,1,60,0,0,0.014956484999970598
s1_1000,S1-872214081,S2,India,selective_v1,0,33,907,55,10,21,8,31,0.03664434499989966,16,12,4.0,497,0.03767497399996955,6,617,611,617,115,1,1,60,1,6,0.06970877399999154
s1_1000,S1-872214081,S3,India,selective_v1,0,39,1091,55,3,28,5,31,0.057114654000088194,19,16,3.0,797,0.058200903000056314,10,890,880,890,113,1,1,60,2,10,0.10377315100004125
s1_1000,S1-377086058,S2,US,selective_v1,0,46,527,28,1,2,3,3,0.01784342899998137,22,17,2.0,418,0.01873703100000057,0,472,472,472,90,1,1,60,2,0,0.03911029999994753
s1_1000,S1-377086058,S3,US,selective_v1,0,46,470,28,1,2,3,3,0.018784400999948048,22,19,3.0,316,0.019623836999926425,2,393,391,393,95,1,1,60,3,2,0.038300821999996515
s1_1000,S1-990461902,S2,US,selective_v1,0,40,249,36,6,8,4,14,0.004362929999956577,18,16,1.0,0,0.0048481469999615,2,149,147,149,76,1,1,60,4,2,0.01158671299992875
s1_1000,S1-990461902,S3,US,selective_v1,0,40,285,36,6,8,4,14,0.0046420270001590325,18,11,1.0,0,0.0051266089999444375,0,193,193,193,80,1,1,60,0,0,0.014599207000060233
s1_1000,S1-967594427,S2,India,selective_v1,0,29,281,66,10,32,10,42,0.01648549699996238,14,12,2.0,217,0.017099621000056686,1,229,228,229,90,1,1,60,2,1,0.028746276999982
s1_1000,S1-967594427,S3,India,selective_v1,0,41,573,66,6,30,10,36,0.0356052010000667,20,12,4.0,512,0.036586452000051395,0,520,520,520,105,1,1,60,0,0,0.06202851599994119
s1_1000,S1-824991198,S2,US,selective_v1,0,24,570,15,0,4,0,4,0.011997953000104644,11,9,0.0,133,0.012354849999951512,4,506,502,506,117,1,1,60,3,4,0.033642298000017945
s1_1000,S1-824991198,S3,US,selective_v1,0,24,601,15,1,3,0,4,0.012884181999766042,11,9,0.0,158,0.013508526999999049,8,541,533,541,117,1,1,60,3,8,0.036937470999987454
s1_1000,S1-623746049,S2,US,selective_v1,0,31,576,21,3,3,0,6,0.018898211000077936,15,14,1.0,315,0.01965276599992194,90,494,494,584,154,1,1,60,1,51,0.044962951999991674
s1_1000,S1-623746049,S3,US,selective_v1,0,31,553,21,3,3,0,6,0.020889457000293987,15,12,1.0,302,0.021692303000008906,85,474,474,559,146,1,1,60,1,46,0.0463550199999645
s1_1000,S1-635266124,S2,India,selective_v1,0,49,1127,91,10,32,13,42,0.045480469999688466,24,18,6.0,764,0.04731577699999434,0,874,874,874,116,1,1,60,2,0,0.09140219699997942
s1_1000,S1-635266124,S3,India,selective_v1,0,49,1122,91,6,38,0,44,0.05906228000003466,24,19,5.0,898,0.060950182000055975,1,994,993,994,111,1,1,60,2,1,0.11073812000006455
s1_1000,S1-12615942,S2,US,selective_v1,0,36,667,21,1,2,0,3,0.017177764999928513,18,14,1.0,619,0.017903273000001718,1,620,619,620,95,1,1,60,1,1,0.04450873700000102
s1_1000,S1-12615942,S3,US,selective_v1,0,36,416,21,1,2,0,3,0.01722097700019276,18,15,3.0,397,0.017811949000019922,0,397,397,397,111,1,1,60,2,0,0.03510426399998323
s1_1000,S1-468418914,S2,US,selective_v1,0,35,365,28,1,8,2,9,0.03788639000015337,17,16,0.0,247,0.03847625999992488,0,312,312,312,113,1,1,60,4,0,0.05190593000008903
s1_1000,S1-468418914,S3,US,selective_v1,0,35,327,28,1,8,2,9,0.04132072400022935,17,11,0.0,256,0.04185899700007667,0,309,309,309,120,1,1,60,0,0,0.05550987399999485
s1_1000,S1-717312031,S2,India,selective_v1,0,28,331,36,6,13,4,19,0.020754904000341412,13,12,1.0,83,0.021186398999930134,1,157,156,157,95,1,1,60,1,1,0.029585333999989416
s1_1000,S1-717312031,S3,India,selective_v1,0,28,309,36,3,16,4,19,0.020059345000163376,13,10,1.0,106,0.020509712000034597,3,188,185,188,104,1,1,60,2,3,0.030100112000013723
s1_1000,S1-292535402,S2,India,selective_v1,0,21,154,45,15,17,3,32,0.009169080000219765,10,7,3.0,92,0.009458510999934333,0,125,125,125,62,1,1,60,2,0,0.016094140000063817
s1_1000,S1-292535402,S3,India,selective_v1,0,23,107,45,10,18,6,28,0.007528406999995241,11,5,4.0,73,0.007871959999988576,0,99,99,99,63,1,1,60,0,0,0.01318579700000555
s1_1000,S1-959890049,S2,India,selective_v1,0,34,631,66,15,24,10,39,0.0450765779997937,17,11,6.0,527,0.046027477000052386,1,528,527,528,109,1,1,60,3,1,0.07208357399997567
s1_1000,S1-959890049,S3,India,selective_v1,0,34,492,66,15,24,10,39,0.04366634699988481,17,10,6.0,436,0.04455641300000934,1,436,436,437,105,1,1,60,1,1,0.06784195399995951
s1_1000,S1-256737973,S2,US,selective_v1,0,53,859,55,1,4,0,5,0.01771909900026003,24,12,2.0,18,0.0192491359999849,0,782,782,782,101,1,1,60,1,0,0.05759648699995523
s1_1000,S1-256737973,S3,US,selective_v1,0,51,940,55,3,10,0,13,0.03782087799970668,24,15,5.0,157,0.0393560750000006,0,828,828,828,104,1,1,60,1,0,0.07871813200006272
s1_1000,S1-159212707,S2,India,selective_v1,0,49,800,120,21,42,9,63,0.05034118300011414,24,14,10.0,454,0.052452314999982264,12,509,509,521,113,1,1,60,0,12,0.08138890700001866
s1_1000,S1-159212707,S3,India,selective_v1,0,49,999,120,15,47,0,62,0.05917698999962795,24,16,7.0,670,0.06130984300000364,18,716,716,734,118,1,1,60,1,18,0.10046489100000144
s1_1000,S1-580580616,S2,India,selective_v1,0,51,520,120,6,24,0,30,0.04243993399995816,24,19,4.0,333,0.04523070400000506,7,438,438,445,96,1,1,60,0,7,0.06998011700000006
s1_1000,S1-580580616,S3,India,selective_v1,0,51,558,120,3,21,0,24,0.04433376500014674,24,19,4.0,402,0.04749954199996864,9,516,516,525,106,1,1,60,0,9,0.075265388000048
s1_1000,S1-386088143,S2,India,selective_v1,0,49,1449,120,21,47,0,68,0.07989158800035057,24,21,3.0,862,0.08208221700010654,8,980,974,982,94,1,1,60,0,8,0.1348656810000648
s1_1000,S1-386088143,S3,India,selective_v1,0,49,1336,120,15,51,0,66,0.10503617900042173,24,22,2.0,944,0.10728134800001499,7,1056,1049,1056,99,1,1,60,0,7,0.16369017200008784
s1_1000,S1-994360372,S2,US,selective_v1,0,50,1494,45,0,4,0,4,0.04204502299978685,24,16,3.0,330,0.04351567200001227,0,1356,1356,1356,107,1,1,60,1,0,0.1091184819999853
s1_1000,S1-994360372,S3,US,selective_v1,0,49,1795,45,1,8,0,9,0.07856514200022957,24,17,7.0,637,0.0801573940000253,0,1619,1619,1619,109,1,1,60,2,0,0.1584372910000411
s1_1000,S1-417824853,S2,US,selective_v1,0,52,1296,45,1,2,0,3,0.012364816000058454,24,14,1.0,139,0.013815869000040948,0,1016,1016,1016,112,1,1,60,1,0,0.06211893099998633
s1_1000,S1-417824853,S3,US,selective_v1,0,50,1654,45,3,6,0,9,0.02833130600026834,24,21,2.0,449,0.029856234000021686,1,1278,1277,1278,111,1,1,60,3,1,0.08966230700002598
s1_1000,S1-57586886,S2,US,selective_v1,0,49,397,45,1,4,0,5,0.027278129000251283,24,16,4.0,283,0.028632295999955204,16,356,355,371,110,1,1,60,2,16,0.045327839000037784
s1_1000,S1-57586886,S3,US,selective_v1,0,48,433,45,3,6,0,9,0.0375010450005675,24,14,8.0,425,0.038725507000094694,10,425,425,435,121,1,1,60,0,10,0.05822239300005094
s1_1000,S1-417823242,S2,US,selective_v1,0,52,760,66,0,4,0,4,0.03512398999987454,24,21,3.0,254,0.037126788000023225,0,464,464,464,113,1,1,60,2,0,0.057686461000002964
s1_1000,S1-417823242,S3,US,selective_v1,0,51,748,66,0,4,0,4,0.03699712600030125,24,21,3.0,273,0.03891637799995351,0,526,526,526,110,1,1,60,3,0,0.06227216600007068
s1_1000,S1-651379105,S2,US,selective_v1,0,44,673,36,1,8,5,9,0.05949950899969281,22,18,4.0,617,0.06048975100009102,1,618,617,618,107,1,1,60,2,1,0.08685138500004541
s1_1000,S1-651379105,S3,US,selective_v1,0,34,358,36,3,12,4,15,0.045438346000082674,17,12,3.0,344,0.04614301100002649,0,344,344,344,112,1,1,60,0,0,0.061427149999985886
s1_1000,S1-575249679,S2,US,selective_v1,0,49,864,45,1,8,0,9,0.05501435700011825,24,19,4.0,543,0.05662084599998707,1,764,763,764,86,1,1,60,1,1,0.08836685299991132
s1_1000,S1-575249679,S3,US,selective_v1,0,49,1039,45,1,9,3,10,0.05238581800006159,24,16,5.0,751,0.053767081999922084,0,961,961,961,90,1,1,60,1,0,0.09590338800001064
s1_1000,S1-393317943,S2,US,selective_v1,0,51,532,45,0,3,0,3,0.032917796999640814,24,17,2.0,294,0.03426888700005293,1,418,417,418,114,1,1,60,2,1,0.052578399000026366
s1_1000,S1-393317943,S3,US,selective_v1,0,50,462,45,1,6,0,7,0.04322204500033422,24,19,5.0,267,0.04440703400007351,0,340,340,340,97,1,1,60,2,0,0.05981403499993121
s1_1000,S1-584163881,S2,India,selective_v1,0,34,746,120,28,50,25,78,0.030474696999817752,17,15,2.0,635,0.03187488300000041,0,635,635,635,112,1,1,60,2,0,0.06474489699996866
s1_1000,S1-584163881,S3,India,selective_v1,0,34,790,120,28,57,18,85,0.03955213400001867,17,15,2.0,639,0.04075432100000853,1,640,639,640,109,1,1,60,3,1,0.07465559100000974
s1_1000,S1-982163117,S2,India,selective_v1,0,53,399,66,3,12,0,15,0.008669445000009546,24,15,6.0,28,0.010240728999974635,1,200,199,200,95,1,1,60,1,1,0.021768363999967733
s1_1000,S1-982163117,S3,India,selective_v1,0,53,498,66,1,9,0,10,0.015641835999872455,24,17,7.0,181,0.017284775000007357,0,338,338,338,95,1,1,60,2,0,0.03499785899998642
s1_1000,S1-839782760,S2,US,selective_v1,0,43,587,21,0,1,0,1,0.005642796999950406,20,7,1.0,20,0.006144693000010193,0,533,533,533,100,1,1,60,0,0,0.0306297980000636
s1_1000,S1-839782760,S3,US,selective_v1,0,43,653,21,0,1,0,1,0.006008105000319119,20,19,1.0,29,0.006542231000025822,2,563,561,563,87,1,1,60,4,2,0.03203627100003814
s1_1000,S1-900544442,S2,US,selective_v1,0,48,768,55,1,10,0,11,0.06535134599982939,24,21,3.0,687,0.06701612200004092,3,690,687,690,89,1,1,60,2,3,0.09719336799992107
s1_1000,S1-900544442,S3,US,selective_v1,0,48,700,55,1,10,0,11,0.06946678399992834,24,20,4.0,613,0.07122694600002433,1,614,613,614,94,1,1,60,4,1,0.09870788800003538
s1_1000,S1-877625799,S2,US,selective_v1,0,53,1166,45,1,5,0,6,0.012189789000103701,24,17,0.0,98,0.013458425000067109,0,880,880,880,108,1,1,60,2,0,0.05297547499992561
s1_1000,S1-877625799,S3,US,selective_v1,0,52,1252,45,3,7,0,10,0.017681533999848398,24,20,1.0,212,0.01894852499992794,0,929,929,929,108,1,1,60,0,0,0.06362352500002544
s1_1000,S1-479499953,S2,US,selective_v1,0,51,513,55,1,3,0,4,0.027569479000248975,24,15,4.0,95,0.029107156000009127,0,390,390,390,99,1,1,60,0,0,0.04779874399991968
s1_1000,S1-479499953,S3,US,selective_v1,0,51,615,55,1,4,0,5,0.03168436299984023,24,17,4.0,156,0.033289212999989104,0,447,447,447,89,1,1,60,3,0,0.05433971999991627
s1_1000,S1-240192562,S2,India,selective_v1,0,52,739,120,28,16,0,44,0.022627314999567716,24,19,3.0,481,0.025180094000006648,4,566,566,570,100,1,1,60,1,4,0.05480840400002762
s1_1000,S1-240192562,S3,India,selective_v1,0,52,559,120,15,29,0,44,0.02168017800022426,24,11,4.0,305,0.024107362999984616,5,390,390,395,108,1,1,60,0,5,0.04587544900005014
s1_1000,S1-67984413,S2,US,selective_v1,0,39,517,21,1,2,0,3,0.011544972999786296,18,11,2.0,274,0.012097032000042418,0,375,375,375,93,1,1,60,2,0,0.028340869999965435
s1_1000,S1-67984413,S3,US,selective_v1,0,39,543,21,1,2,0,3,0.011704436000286478,18,14,2.0,301,0.012256133999926533,0,399,399,399,91,1,1,60,1,0,0.029441673999940576
s1_1000,S1-929709760,S2,India,selective_v1,0,49,845,105,3,18,0,21,0.030730440999832354,24,17,6.0,627,0.03351977399995576,1,769,768,769,107,1,1,60,1,1,0.0757894230000602
s1_1000,S1-929709760,S3,India,selective_v1,0,49,855,105,3,16,0,19,0.03669461400011187,24,19,5.0,605,0.039559070999985124,0,754,754,754,106,1,1,60,1,0,0.07814692599993123
s1_1000,S1-645580244,S2,US,selective_v1,0,45,1406,21,0,0,0,0,0.020170935999772155,21,13,1.0,125,0.020791559000031157,3,1189,1186,1189,116,1,1,60,2,3,0.07391870599997219
s1_1000,S1-645580244,S3,US,selective_v1,0,44,539,21,0,0,0,0,0.022232068999869625,21,16,1.0,171,0.02282929900002273,2,305,303,305,90,1,1,60,3,2,0.03735613799995008
s1_1000,S1-379116236,S2,US,selective_v1,0,35,436,21,1,4,0,5,0.020012635000057344,16,11,1.0,188,0.020455180999988443,4,307,303,307,83,1,1,60,3,4,0.0336709719999817
s1_1000,S1-379116236,S3,US,selective_v1,0,35,445,21,1,4,0,5,0.020373215000290656,16,15,1.0,203,0.020831907000001593,3,311,308,311,82,1,1,60,1,3,0.03462228299997605
s1_1000,S1-859902423,S2,India,selective_v1,0,50,400,91,6,16,0,22,0.03138460600018789,24,15,8.0,356,0.03360212400002638,4,368,367,371,106,1,1,60,2,4,0.053814392999925076
s1_1000,S1-859902423,S3,India,selective_v1,0,50,646,91,3,19,0,22,0.038277449999668534,24,16,7.0,484,0.040500577999978304,10,504,494,504,97,1,1,60,1,10,0.08678029199995763
s1_1000,S1-625988141,S2,India,selective_v1,0,50,513,55,3,6,0,9,0.018563687000323625,24,18,4.0,255,0.02005027000006976,0,279,279,279,91,1,1,60,1,0,0.034558670000023994
s1_1000,S1-625988141,S3,India,selective_v1,0,50,322,55,1,6,0,7,0.021955854000111685,24,16,6.0,251,0.023384613999951398,0,273,273,273,97,1,1,60,2,0,0.03708243699998093
s1_1000,S1-419938998,S2,US,selective_v1,0,31,460,15,0,0,0,0,0.011006183000176861,15,10,0.0,369,0.011513315999991391,0,452,452,452,82,1,1,60,0,0,0.030399936000094385
s1_1000,S1-419938998,S3,US,selective_v1,0,31,354,15,0,0,0,0,0.012002200999972956,15,6,1.0,256,0.012429914999984248,0,348,348,348,80,1,1,60,0,0,0.027528720000077556
s1_1000,S1-772622400,S2,US,selective_v1,0,39,764,28,1,6,2,7,0.03913514199985002,19,17,2.0,242,0.039803914000003715,1,654,653,654,105,1,1,60,2,1,0.07019338199995673
s1_1000,S1-772622400,S3,US,selective_v1,0,39,749,28,1,6,2,7,0.04074945599984403,19,17,2.0,242,0.041431086999978106,0,656,656,656,98,1,1,60,1,0,0.07273671099994772
s1_1000,S1-830083936,S2,India,selective_v1,0,51,467,66,3,10,0,13,0.016927913000017725,24,16,5.0,242,0.018655482999974993,0,373,373,373,80,1,1,60,1,0,0.03866937700001927
s1_1000,S1-830083936,S3,India,selective_v1,0,51,740,66,3,10,0,13,0.024614347999886377,24,22,2.0,445,0.026603129999898556,7,568,561,568,78,1,1,60,1,7,0.05521960700002637
s1_1000,S1-439222980,S2,US,selective_v1,0,37,1018,21,0,3,0,3,0.04256446100032463,18,15,1.0,401,0.04325887499999226,1,947,946,947,96,1,1,60,1,1,0.08477944099990964
s1_1000,S1-439222980,S3,US,selective_v1,0,37,1130,21,0,3,0,3,0.04353258499997992,18,15,1.0,432,0.04423268799996549,3,1052,1049,1052,86,1,1,60,1,3,0.09682957099994383
s1_1000,S1-402531107,S2,US,selective_v1,0,37,747,21,0,3,0,3,0.02945981699974709,18,15,1.0,377,0.030112045000009857,2,670,668,670,91,1,1,60,1,2,0.05935124200004793
s1_1000,S1-402531107,S3,US,selective_v1,0,35,664,21,0,4,0,4,0.029009390000055646,17,15,1.0,239,0.02958945099999255,0,571,571,571,89,1,1,60,2,0,0.0540170900000021
s1_1000,S1-100625394,S2,US,selective_v1,0,40,260,21,0,1,0,1,0.023887266999963686,20,17,3.0,224,0.024476617999994232,0,224,224,224,114,1,1,60,1,0,0.03434529800006203
s1_1000,S1-100625394,S3,US,selective_v1,0,38,340,21,0,2,0,2,0.02668845699997746,19,17,2.0,279,0.02722960799997054,2,281,279,281,111,1,1,60,2,2,0.039406312999972215
s1_1000,S1-877581624,S2,India,selective_v1,0,49,868,105,10,29,0,39,0.05101580699999886,24,17,7.0,777,0.05351587500001642,1,794,793,794,107,1,1,60,2,1,0.09458695699993314
s1_1000,S1-877581624,S3,India,selective_v1,0,49,717,105,6,31,0,37,0.05329739799958588,24,17,7.0,621,0.055534157000010964,0,644,644,644,104,1,1,60,2,0,0.08975532500005556
s1_1000,S1-403408940,S2,US,selective_v1,0,39,388,21,1,2,0,3,0.009266555000408516,18,11,2.0,66,0.009716227000012623,1,243,242,243,89,1,1,60,1,1,0.021905683999989378
s1_1000,S1-403408940,S3,US,selective_v1,0,39,440,21,1,2,0,3,0.009961255999769492,18,16,2.0,74,0.01044417900004646,4,254,250,254,80,1,1,60,1,4,0.021804615000064587
s1_1000,S1-817995330,S2,US,selective_v1,0,40,1032,21,0,2,0,2,0.02599246399972799,19,15,2.0,233,0.026607312000010097,0,985,985,985,112,1,1,60,1,0,0.0716625140000815
s1_1000,S1-817995330,S3,US,selective_v1,0,38,1193,21,1,2,0,3,0.020201578999945013,18,14,2.0,209,0.02083857800005262,0,1050,1050,1050,95,1,1,60,0,0,0.06948984699999983
s1_1000,S1-76269912,S2,US,selective_v1,0,48,671,28,0,2,3,2,0.018262671999991653,23,15,2.0,148,0.019055299999990893,1,590,589,590,106,1,1,60,3,1,0.046763385999952334
s1_1000,S1-76269912,S3,US,selective_v1,0,43,993,28,1,4,2,5,0.026923880999902394,21,19,2.0,426,0.027798828999948455,1,837,836,837,108,1,1,60,1,1,0.0658078530000239
s1_1000,S1-849465705,S2,India,selective_v1,0,50,672,78,1,17,0,18,0.037779130000217265,24,9,11.0,138,0.03967809400000988,0,445,445,445,98,1,1,60,0,0,0.06375463899996703
s1_1000,S1-849465705,S3,India,selective_v1,0,51,1367,78,1,10,0,11,0.04039008099994135,24,18,6.0,225,0.04267985599994972,2,510,508,510,97,1,1,60,3,2,0.06893964399989727
s1_1000,S1-995508551,S2,US,selective_v1,0,53,444,28,0,0,4,0,0.005688593000286346,24,23,0.0,189,0.006485481999902731,1,337,336,337,79,1,1,60,3,1,0.02447805999997854
s1_1000,S1-995508551,S3,US,selective_v1,0,53,483,28,0,0,4,0,0.006460572999799297,24,20,0.0,233,0.007329426000069361,1,389,388,389,85,1,1,60,1,1,0.024793826000063746
s1_1000,S1-690122386,S2,India,selective_v1,0,50,512,66,10,5,0,15,0.022257375000208413,24,15,9.0,165,0.023852245999933075,0,330,330,330,91,1,1,60,1,0,0.04165160500008369
s1_1000,S1-690122386,S3,India,selective_v1,0,50,492,66,6,8,0,14,0.021997849999820573,24,15,6.0,181,0.02365429100007077,0,334,334,334,96,1,1,60,1,0,0.04115722400001687
s1_1000,S1-143958303,S2,India,selective_v1,0,37,877,91,36,18,19,54,0.018427548999738974,18,14,4.0,328,0.019604698999955872,0,454,454,454,87,1,1,60,0,0,0.042960373000028085
s1_1000,S1-143958303,S3,India,selective_v1,0,48,1049,91,21,28,19,49,0.03700361799963048,23,15,7.0,205,0.03847385900007794,0,486,486,486,96,1,1,60,0,0,0.06329884900003435
s1_1000,S1-738848231,S2,India,selective_v1,0,51,848,78,6,17,0,23,0.03462775799994233,24,22,1.0,394,0.03675032699993608,1,682,681,682,106,1,1,60,3,1,0.07297466699992583
s1_1000,S1-738848231,S3,India,selective_v1,0,50,482,78,3,17,0,20,0.040924486000221805,24,21,3.0,300,0.042834195000068576,0,362,362,362,108,1,1,60,2,0,0.06255305599995609
s1_1000,S1-157899985,S2,US,selective_v1,0,35,495,21,1,4,0,5,0.012185042000169233,16,16,0.0,96,0.012618298999996114,2,252,250,252,94,1,1,60,3,2,0.02390422399992076
s1_1000,S1-157899985,S3,US,selective_v1,0,22,463,15,1,4,0,5,0.01314881099995091,10,6,0.0,127,0.013456874999974389,0,275,275,275,99,1,1,60,0,0,0.025818749999984902
s1_1000,S1-107809366,S2,US,selective_v1,0,49,680,28,0,2,3,2,0.016359113000248726,23,17,0.0,175,0.01740462700001899,1,611,610,611,104,1,1,60,2,1,0.04289600899994639
s1_1000,S1-107809366,S3,US,selective_v1,0,46,591,28,0,3,3,3,0.03573814299954847,22,16,1.0,335,0.03656236100005117,0,556,556,556,112,1,1,60,1,0,0.06106502099999034
s1_1000,S1-256569351,S2,US,selective_v1,0,27,602,15,0,2,0,2,0.01969677799991132,13,9,1.0,228,0.02014254499999879,0,573,573,573,105,1,1,60,0,0,0.04558884300001864
s1_1000,S1-256569351,S3,US,selective_v1,0,40,823,21,0,2,0,2,0.021819861000039964,19,15,1.0,265,0.02245404400002826,1,751,750,751,82,1,1,60,1,1,0.05645875300001535
s1_1000,S1-878489591,S2,US,selective_v1,0,47,844,36,3,6,4,9,0.051432785999963926,23,14,9.0,277,0.05238963900001181,0,701,701,701,98,1,1,60,2,0,0.08559529600006499
s1_1000,S1-878489591,S3,US,selective_v1,0,47,937,36,3,6,4,9,0.05379430099969795,23,14,9.0,242,0.054770426999994015,0,771,771,771,111,1,1,60,1,0,0.0915029919999597
s1_1000,S1-369930027,S2,US,selective_v1,0,32,262,15,0,0,0,0,0.006825094000078025,15,14,1.0,96,0.007205548000001727,1,234,233,234,78,1,1,60,1,1,0.017705379999938486
s1_1000,S1-369930027,S3,US,selective_v1,0,30,283,15,0,1,0,1,0.004688390000069376,14,14,0.0,138,0.005051015999924857,1,264,263,264,79,1,1,60,1,1,0.017163927999945372
s1_1000,S1-588917480,S2,US,selective_v1,0,47,278,28,0,2,3,2,0.024351405999937015,23,19,4.0,108,0.025139669999930447,5,201,196,201,102,1,1,60,4,5,0.03425610199997209
s1_1000,S1-588917480,S3,US,selective_v1,0,47,232,28,0,2,3,2,0.02426396799990016,23,13,4.0,93,0.024945119999983945,0,204,204,204,94,1,1,60,1,0,0.03445899300004385
s1_1000,S1-915271485,S2,US,selective_v1,0,52,428,36,0,3,2,3,0.02609527999970851,24,23,1.0,189,0.027101986000047873,1,330,329,330,77,1,1,60,2,1,0.042180419999908736
s1_1000,S1-915271485,S3,US,selective_v1,0,52,430,36,0,3,2,3,0.02773841500004437,24,18,1.0,199,0.028710053999930096,0,347,347,347,79,1,1,60,1,0,0.045876765000002706
s1_1000,S1-491663549,S2,India,selective_v1,0,48,789,120,6,42,0,48,0.057869031999985054,24,12,12.0,573,0.0603778949999878,0,573,573,573,115,1,1,60,1,0,0.09108025800003361
s1_1000,S1-491663549,S3,India,selective_v1,0,48,838,120,3,44,0,47,0.071593635999875,24,12,12.0,718,0.0742941639999799,0,718,718,718,116,1,1,60,1,0,0.1319557709999799
s1_1000,S1-837791612,S2,US,selective_v1,0,43,538,21,0,1,0,1,0.010957405000112885,20,9,0.0,185,0.011528056999964065,0,370,370,370,83,1,1,60,1,0,0.02788054600000578
s1_1000,S1-837791612,S3,US,selective_v1,0,42,507,21,0,1,0,1,0.011483532999818635,20,16,0.0,225,0.012080106999974305,2,454,452,454,108,1,1,60,4,2,0.031520476000082454
s1_1000,S1-708875578,S2,US,selective_v1,0,42,457,28,1,4,2,5,0.04068861300015669,21,13,6.0,451,0.04143436600008954,0,451,451,451,94,1,1,60,0,0,0.060457744000018465
s1_1000,S1-708875578,S3,US,selective_v1,0,38,334,28,1,6,2,7,0.04066134600020632,19,11,5.0,334,0.04129832900002839,0,334,334,334,94,1,1,60,0,0,0.05617386999995233
s1_1000,S1-932863304,S2,India,selective_v1,0,48,827,78,6,19,0,25,0.04452112199999192,24,14,10.0,688,0.04639642399990862,0,688,688,688,107,1,1,60,1,0,0.08202938700003415
s1_1000,S1-932863304,S3,India,selective_v1,0,48,840,78,6,24,0,30,0.04726647299992237,24,15,8.0,677,0.04913368299992271,1,678,677,678,112,1,1,60,1,1,0.0835211400000162
s1_1000,S1-22592434,S2,India,selective_v1,0,40,934,78,15,27,16,42,0.06154487499975403,20,12,8.0,746,0.06292606499994235,10,756,746,756,114,1,1,60,2,10,0.10183114899996326
s1_1000,S1-22592434,S3,India,selective_v1,0,48,1149,78,6,34,0,40,0.07996086999980889,24,17,7.0,895,0.0815365710000151,15,910,895,910,115,1,1,60,2,15,0.12685040999997454
s1_1000,S1-753567061,S2,US,selective_v1,0,45,384,28,3,0,3,3,0.02312446600012663,22,12,2.0,372,0.023969193999960225,0,374,374,374,113,1,1,60,0,0,0.04028228200002104
s1_1000,S1-753567061,S3,US,selective_v1,0,45,631,28,3,0,3,3,0.023586118000139322,22,21,1.0,553,0.024459825000008095,2,558,556,558,113,1,1,60,3,2,0.04878985899995314
s1_1000,S1-920312712,S2,US,selective_v1,0,41,256,21,1,0,0,1,0.0160068110001248,20,15,5.0,164,0.0165406639999901,1,226,225,226,80,1,1,60,1,1,0.026492934999964746
s1_1000,S1-920312712,S3,US,selective_v1,0,37,307,21,1,2,0,3,0.01297336600032395,18,15,3.0,172,0.013483437999980197,3,238,235,238,77,1,1,60,4,3,0.02405353999995441
s1_1000,S1-588083504,S2,US,selective_v1,0,37,386,28,3,6,2,9,0.020330495000052906,17,14,2.0,199,0.020869976000085444,0,332,332,332,79,1,1,60,1,0,0.03610684399995989
s1_1000,S1-588083504,S3,US,selective_v1,0,37,376,28,3,6,2,9,0.022208424000041305,17,15,2.0,170,0.022743329000036283,1,317,316,317,79,1,1,60,1,1,0.03774345400006496
s1_1000,S1-564696590,S2,India,selective_v1,0,49,432,105,6,28,0,34,0.05568337600004725,24,17,7.0,360,0.057887699999923825,1,373,373,374,87,1,1,60,1,1,0.07739810300006411
s1_1000,S1-564696590,S3,India,selective_v1,0,49,731,105,1,31,0,32,0.059211486000208424,24,19,5.0,622,0.06157132399994225,0,634,634,634,91,1,1,60,2,0,0.09350274100006573
s1_1000,S1-526955963,S2,US,selective_v1,0,42,632,21,0,1,0,1,0.012570657999958712,20,19,1.0,91,0.013153983000051994,1,566,565,566,97,1,1,60,1,1,0.03744192400006341
s1_1000,S1-526955963,S3,US,selective_v1,0,42,775,21,0,1,0,1,0.013840174999813826,20,13,1.0,117,0.014409225999997943,2,698,696,698,99,1,1,60,3,2,0.04880618400000003
s1_1000,S1-607228456,S2,US,selective_v1,0,49,498,45,3,6,0,9,0.053363360000162174,24,18,4.0,455,0.05462393600009818,0,456,456,456,91,1,1,60,0,0,0.07418894399995679
s1_1000,S1-607228456,S3,US,selective_v1,0,49,419,45,3,6,0,9,0.05417354900009741,24,17,5.0,399,0.05533244100001866,0,400,400,400,99,1,1,60,1,0,0.07273801300004834
s1_1000,S1-294128890,S2,US,selective_v1,0,47,725,36,1,8,4,9,0.04913145399973473,23,15,3.0,606,0.05013635199998134,0,678,678,678,114,1,1,60,3,0,0.07901517799996327
s1_1000,S1-294128890,S3,US,selective_v1,0,36,690,36,3,11,4,14,0.053160502999958226,18,12,6.0,652,0.053999938000060865,0,652,652,652,112,1,1,60,1,0,0.08199698099997477
s1_1000,S1-324330374,S2,India,selective_v1,0,51,741,55,6,8,0,14,0.024206157000321582,24,19,5.0,352,0.02554966799993963,1,533,532,533,90,1,1,60,2,1,0.052642088999959924
s1_1000,S1-324330374,S3,India,selective_v1,0,51,829,55,1,11,0,12,0.03645034400040004,24,21,3.0,409,0.03791965599998548,0,599,599,599,106,1,1,60,1,0,0.067613123000001
s1_1000,S1-876046208,S2,US,selective_v1,0,47,918,28,0,4,2,4,0.0630259220000653,22,21,1.0,631,0.06391261999999642,1,742,741,742,90,1,1,60,2,1,0.0957015249999813
s1_1000,S1-876046208,S3,US,selective_v1,0,47,1027,28,0,4,2,4,0.06754213699991851,22,21,1.0,687,0.0687271150000015,3,820,817,820,100,1,1,60,3,3,0.10414845699995112
s1_1000,S1-2775762,S2,India,selective_v1,0,48,866,120,6,15,0,21,0.03463821900049879,24,21,3.0,778,0.03798731699998825,3,779,778,781,82,1,1,60,1,3,0.07861322700000528
s1_1000,S1-2775762,S3,India,selective_v1,0,48,726,120,3,14,0,17,0.02975387399999363,24,20,4.0,587,0.033109992000049715,8,588,587,595,84,1,1,60,3,8,0.06412412600002426
s1_1000,S1-912112234,S2,India,selective_v1,0,50,1014,120,21,39,0,60,0.04742677499996262,24,18,6.0,716,0.04951924599993163,1,846,845,846,110,1,1,60,1,1,0.09465582500001801
s1_1000,S1-912112234,S3,India,selective_v1,0,50,538,120,10,33,0,43,0.04623414699983641,24,13,11.0,333,0.04864032099999349,0,457,457,457,103,1,1,60,2,0,0.07269887600000402
s1_1000,S1-874610060,S2,US,selective_v1,0,50,868,36,1,6,4,7,0.027353356000048734,24,22,2.0,426,0.02837367299991911,1,694,693,694,102,1,1,60,4,1,0.057379737000019304
s1_1000,S1-874610060,S3,US,selective_v1,0,50,796,36,1,6,4,7,0.0297148880002851,24,21,3.0,332,0.03073197900005198,2,626,624,626,100,1,1,60,3,2,0.05789235500003542
s1_1000,S1-525927764,S2,India,selective_v1,0,49,500,120,28,27,0,55,0.023466304000294258,24,18,5.0,367,0.025640394999982163,0,420,420,420,87,1,1,60,2,0,0.04779189500004577
s1_1000,S1-525927764,S3,India,selective_v1,0,49,746,120,21,32,0,53,0.02689764399985961,24,22,2.0,590,0.02915167100002236,0,639,639,639,85,1,1,60,2,0,0.06313358099998823
s1_1000,S1-856303483,S2,India,selective_v1,0,36,1352,55,15,13,10,28,0.021426718999919103,17,12,5.0,223,0.022326302999999825,0,1127,1127,1127,100,1,1,60,2,0,0.08024492399999872
s1_1000,S1-856303483,S3,India,selective_v1,0,36,1255,55,15,13,10,28,0.023565093000115667,17,11,6.0,115,0.02439711099998476,0,1082,1082,1082,92,1,1,60,1,0,0.07846048800001881
s1_1000,S1-325932018,S2,US,selective_v1,0,33,350,15,0,0,0,0,0.012111874999959582,15,15,0.0,96,0.01247662000002947,2,286,284,286,82,1,1,60,1,2,0.027046514999938154
s1_1000,S1-325932018,S3,US,selective_v1,0,47,343,21,0,0,0,0,0.01333937199990487,21,21,0.0,82,0.013872203000005356,2,257,255,257,83,1,1,60,2,2,0.026594672999976865
s1_1000,S1-822391359,S2,US,selective_v1,0,51,486,36,1,4,4,5,0.018038993999880404,24,16,2.0,148,0.019028077000029953,1,374,373,374,111,1,1,60,3,1,0.03577748200007136
s1_1000,S1-822391359,S3,US,selective_v1,0,48,546,36,3,6,4,9,0.02850883300015994,23,18,4.0,288,0.02942952199998672,0,442,442,442,113,1,1,60,3,0,0.048603285000012875
s1_1000,S1-774181170,S2,India,selective_v1,0,37,656,36,3,11,4,14,0.03397054999982174,18,10,4.0,605,0.034749263999970026,0,606,606,606,92,1,1,60,1,0,0.06472327699998459
s1_1000,S1-774181170,S3,India,selective_v1,0,33,494,36,3,13,4,16,0.035164222000162226,16,11,3.0,452,0.03585185399992952,2,456,454,456,95,1,1,60,1,2,0.0587286249999579
s1_1000,S1-22215156,S2,US,selective_v1,0,51,705,36,0,2,4,2,0.022692875999723583,24,15,2.0,416,0.02409938800008149,1,564,563,564,110,1,1,60,1,1,0.04838990100006413
s1_1000,S1-22215156,S3,US,selective_v1,0,50,542,36,1,4,4,5,0.03284949100009271,24,14,8.0,351,0.033916747000034775,0,428,428,428,115,1,1,60,2,0,0.07358123599999544
s1_1000,S1-615231492,S2,US,selective_v1,0,52,722,36,3,3,4,6,0.020719853000173316,24,22,2.0,378,0.02170710199993664,1,567,566,567,84,1,1,60,1,1,0.04589996400000018
s1_1000,S1-615231492,S3,US,selective_v1,0,52,560,36,3,3,5,6,0.02006347300005018,24,19,2.0,245,0.02099793200000022,0,442,442,442,80,1,1,60,2,0,0.04058764199999132
s1_1000,S1-294036444,S2,US,selective_v1,0,49,538,55,1,9,0,10,0.04682671399996252,24,16,3.0,452,0.04825787000004311,1,525,524,525,101,1,1,60,1,1,0.07078305599998203
s1_1000,S1-294036444,S3,US,selective_v1,0,48,724,55,3,15,7,18,0.055947017000107735,24,20,4.0,673,0.057329256000002715,0,673,673,673,108,1,1,60,1,0,0.08722076300000481
s1_1000,S1-850721810,S2,India,selective_v1,0,51,843,78,3,18,0,21,0.06321799500017278,24,20,3.0,628,0.06541039100000035,0,775,775,775,116,1,1,60,0,0,0.10416941300002236
s1_1000,S1-850721810,S3,India,selective_v1,0,51,709,78,0,17,0,17,0.05583986600004209,24,16,4.0,552,0.05784215499988932,0,669,669,669,108,1,1,60,3,0,0.09157347500001833
s1_1000,S1-113429852,S2,US,selective_v1,0,38,386,28,1,7,2,8,0.02253467399998499,18,14,1.0,220,0.02312398200001553,118,290,282,400,119,1,1,60,1,45,0.04032533399993099
s1_1000,S1-113429852,S3,US,selective_v1,0,34,436,28,6,4,2,10,0.011383075000253484,16,13,1.0,257,0.011947442999939994,112,336,314,426,108,1,1,60,2,42,0.030024889999936022
s1_1000,S1-804056563,S2,India,selective_v1,0,51,816,105,15,20,0,35,0.0321718590000728,24,18,6.0,467,0.03451464099998702,5,633,633,638,113,1,1,60,2,5,0.06823654100003296
s1_1000,S1-804056563,S3,India,selective_v1,0,51,761,105,15,23,0,38,0.04231624600004125,24,20,4.0,491,0.04450818899999831,13,638,625,638,94,1,1,60,1,13,0.0778654270000061
s1_1000,S1-337477995,S2,India,selective_v1,0,50,696,78,15,19,16,34,0.03299478399992495,24,15,7.0,401,0.03473166799994942,0,531,531,531,113,1,1,60,1,0,0.06167444400000477
s1_1000,S1-337477995,S3,India,selective_v1,0,50,868,78,6,25,0,31,0.037666964000095504,24,15,8.0,528,0.03933543699997699,1,666,665,666,109,1,1,60,4,1,0.0729303580000078
s1_1000,S1-923720466,S2,India,selective_v1,0,41,832,55,3,22,10,25,0.04576836100000037,20,14,4.0,390,0.04682367299994894,0,581,581,581,105,1,1,60,0,0,0.07656041799998548
s1_1000,S1-923720466,S3,India,selective_v1,0,49,927,55,1,17,8,18,0.04766371299979255,24,17,7.0,507,0.049365158999989944,2,715,713,715,113,1,1,60,2,2,0.08406027699993501
s1_1000,S1-109291552,S2,US,selective_v1,0,35,622,28,1,8,2,9,0.03544677000002139,17,17,0.0,397,0.03611056399995505,1,544,543,544,107,1,1,60,2,1,0.05951438999989023
s1_1000,S1-109291552,S3,US,selective_v1,0,35,655,28,1,8,2,9,0.03786805700053719,17,17,0.0,409,0.03855089000001044,0,566,566,566,115,1,1,60,1,0,0.06311805300003925
s1_1000,S1-832856617,S2,US,selective_v1,0,41,496,21,1,0,0,1,0.021926837000364685,20,9,6.0,196,0.022491759999979877,7,441,434,441,111,1,1,60,0,7,0.04124083400006384
s1_1000,S1-832856617,S3,US,selective_v1,0,37,570,21,1,2,0,3,0.019971111000018027,18,14,4.0,214,0.020529674000044906,9,485,476,485,106,1,1,60,3,9,0.04092500799993104
s1_1000,S1-854476336,S2,US,selective_v1,0,47,751,36,1,8,4,9,0.03388175999975829,23,17,5.0,470,0.03482066400010808,35,670,669,704,145,1,1,60,2,35,0.06385941600001388
s1_1000,S1-854476336,S3,US,selective_v1,0,47,641,36,3,6,4,9,0.033899823999831824,23,17,6.0,344,0.03476967599999625,38,529,524,562,133,1,1,60,2,38,0.058891090999964035
s1_1000,S1-934968490,S2,India,selective_v1,0,51,511,120,0,8,0,8,0.041114549999747396,24,19,2.0,354,0.04449087599994073,0,441,441,441,102,1,1,60,3,0,0.06873176199997033
s1_1000,S1-934968490,S3,India,selective_v1,0,51,509,120,0,1,0,1,0.05223253300016495,24,13,4.0,429,0.05588721100002658,0,496,496,496,91,1,1,60,0,0,0.08175239400009104
s1_1000,S1-121693037,S2,India,selective_v1,0,49,536,105,15,30,0,45,0.06346344900020995,24,18,6.0,501,0.0654210290000492,0,508,508,508,104,1,1,60,0,0,0.09194041000000652
s1_1000,S1-121693037,S3,India,selective_v1,0,49,365,105,10,33,0,43,0.061108345999855374,24,15,8.0,347,0.06307736799999475,0,350,350,350,100,1,1,60,0,0,0.08150103100001616
s1_1000,S1-542540887,S2,US,selective_v1,0,50,332,45,1,4,0,5,0.02639435799972034,24,21,3.0,174,0.02756824800007962,1,246,245,246,95,1,1,60,4,1,0.03864658400004828
s1_1000,S1-542540887,S3,US,selective_v1,0,50,409,45,1,6,0,7,0.02313227299987375,24,21,2.0,337,0.024353934000032496,1,377,376,377,97,1,1,60,1,1,0.040701477999959934
s1_1000,S1-706889130,S2,US,selective_v1,0,43,1258,28,1,4,2,5,0.04086685499987652,21,12,9.0,118,0.041677998999944066,17,957,957,974,118,1,1,60,2,17,0.08470594499999606
s1_1000,S1-706889130,S3,US,selective_v1,0,39,1254,28,1,6,2,7,0.04019224200021654,19,11,8.0,126,0.040891156999919076,16,1071,1071,1087,114,1,1,60,1,16,0.09074097899997469
s1_1000,S1-587051623,S2,US,selective_v1,0,41,331,28,3,3,2,6,0.027875039000264223,20,14,6.0,285,0.028602333000094404,0,295,295,295,85,1,1,60,1,0,0.04180656200003341
s1_1000,S1-587051623,S3,US,selective_v1,0,41,237,28,3,3,2,6,0.030031129999997574,20,11,7.0,215,0.030678680000050917,0,220,220,220,89,1,1,60,1,0,0.04093136300002698
s1_1000,S1-648916840,S2,US,selective_v1,0,42,1038,28,3,3,2,6,0.018189741000014692,20,18,2.0,363,0.019033870000043862,1,856,855,856,113,1,1,60,2,1,0.055765586000006806
s1_1000,S1-648916840,S3,US,selective_v1,0,41,820,28,3,3,2,6,0.019052337999823976,20,15,3.0,294,0.01985795199993845,0,670,670,670,111,1,1,60,1,0,0.0489460159999453
s1_1000,S1-216234074,S2,India,selective_v1,0,52,881,66,10,0,0,10,0.018200977000105922,24,19,3.0,189,0.0200148399999307,2,743,741,743,110,1,1,60,2,2,0.05845026500003314
s1_1000,S1-216234074,S3,India,selective_v1,0,52,1123,66,3,6,0,9,0.017758664000211866,24,16,1.0,418,0.019806812999945578,0,989,989,989,106,1,1,60,1,0,0.07450103400003627
s1_1000,S1-4179197,S2,India,selective_v1,0,50,225,55,3,3,0,6,0.02151349100029165,24,16,8.0,156,0.022935672000016893,1,166,165,166,94,1,1,60,2,1,0.03259712400006265
s1_1000,S1-4179197,S3,India,selective_v1,0,50,621,45,1,5,0,6,0.029143712000177402,24,10,6.0,307,0.030488137000020288,0,557,557,557,87,1,1,60,0,0,0.059842067999966275
s1_1000,S1-874853634,S2,India,selective_v1,0,50,374,120,36,9,0,45,0.025696628999867244,24,15,9.0,257,0.028090010999903825,2,314,312,314,95,1,1,60,1,2,0.0451524979999931
s1_1000,S1-874853634,S3,India,selective_v1,0,50,288,120,36,17,0,53,0.021222133000378562,24,14,9.0,145,0.023343433000036384,1,195,194,195,79,1,1,60,2,1,0.03351661200008493
s1_1000,S1-830938274,S2,India,selective_v1,0,50,851,55,6,8,0,14,0.02446106599995801,24,16,8.0,339,0.02585120599997026,1,491,490,491,79,1,1,60,2,1,0.05058675899999798
s1_1000,S1-830938274,S3,India,selective_v1,0,50,796,55,3,9,0,12,0.03648439399989911,24,16,7.0,454,0.038008679999961714,3,616,613,616,79,1,1,60,1,3,0.06937070200001472
s1_1000,S1-669173899,S2,India,selective_v1,0,34,712,91,21,39,14,60,0.05055728500008172,17,9,8.0,684,0.05166103499993824,6,684,684,690,115,1,1,60,2,6,0.08753722500000549
s1_1000,S1-669173899,S3,India,selective_v1,0,46,1135,91,10,49,9,59,0.07905340600007094,23,16,7.0,978,0.08045196299997315,8,978,978,986,120,1,1,60,1,8,0.1512228620000542
s1_1000,S1-890514147,S2,US,selective_v1,0,41,580,21,1,0,0,1,0.018207673999995677,20,10,2.0,540,0.019016147999991517,0,544,544,544,84,1,1,60,0,0,0.04210097700001825
s1_1000,S1-890514147,S3,US,selective_v1,0,37,308,21,1,2,0,3,0.015008086999500847,18,15,2.0,290,0.015569183000025077,1,294,293,294,84,1,1,60,2,1,0.029097995000029186
s1_1000,S1-977938386,S2,India,selective_v1,0,50,993,120,6,25,0,31,0.03758592299971042,24,18,6.0,564,0.04078390799998033,1,675,674,675,96,1,1,60,4,1,0.0774331230001053
s1_1000,S1-977938386,S3,India,selective_v1,0,51,882,120,3,25,0,28,0.026031541000065772,24,19,4.0,368,0.029007771000010507,0,593,593,593,116,1,1,60,3,0,0.061363906999986284
s1_1000,S1-360570474,S2,India,selective_v1,0,50,712,78,1,13,0,14,0.012184983999873111,24,22,2.0,381,0.01429681900003743,2,413,411,413,75,1,1,60,2,2,0.03536315899998499
s1_1000,S1-360570474,S3,India,selective_v1,0,51,619,78,1,8,0,9,0.014825230000269585,24,22,2.0,169,0.016855964000001222,1,331,330,331,76,1,1,60,2,1,0.03442652800003998
s1_1000,S1-979234942,S2,US,selective_v1,0,43,769,21,1,0,0,1,0.016909779999878083,20,16,4.0,160,0.017506086999901527,1,524,523,524,93,1,1,60,2,1,0.040402860999961376
s1_1000,S1-979234942,S3,US,selective_v1,0,43,876,21,1,0,0,1,0.018091359000095508,20,16,4.0,187,0.018754300999944462,2,585,583,585,99,1,1,60,4,2,0.044032842999968125
s1_1000,S1-961832806,S2,India,selective_v1,0,47,604,45,15,0,8,15,0.02254131900053835,22,16,2.0,66,0.02346471200007727,1,310,309,310,90,1,1,60,1,1,0.0409739780000109
s1_1000,S1-961832806,S3,India,selective_v1,0,49,568,45,6,8,8,14,0.01874236299988752,23,14,3.0,31,0.019623337999973955,0,314,314,314,78,1,1,60,0,0,0.03687705699996968
s1_1000,S1-74403263,S2,India,selective_v1,0,54,924,66,3,0,0,3,0.008302243000343879,24,20,3.0,109,0.010258232999944994,1,677,676,677,96,1,1,60,1,1,0.04527813499998956
s1_1000,S1-74403263,S3,India,selective_v1,0,54,909,66,0,4,0,4,0.009618095999826437,24,20,2.0,159,0.011567998000032276,0,724,724,724,99,1,1,60,1,0,0.0498841269999275
s1_1000,S1-411939618,S2,India,selective_v1,0,35,668,66,21,15,13,36,0.01121162300000833,17,13,4.0,417,0.012138622999941617,0,462,462,462,100,1,1,60,1,0,0.0362026570001035
s1_1000,S1-411939618,S3,India,selective_v1,0,39,799,66,15,19,13,34,0.021551860000045053,19,15,3.0,473,0.02261538400000518,0,502,502,502,92,1,1,60,1,0,0.049504023999929814
s1_1000,S1-452329998,S2,India,selective_v1,0,48,956,120,6,33,0,39,0.07241226500013909,24,20,4.0,907,0.0753990729999714,1,907,907,908,96,1,1,60,2,1,0.1262164219999704
s1_1000,S1-452329998,S3,India,selective_v1,0,49,1084,120,3,26,0,29,0.06875325700025314,24,18,6.0,828,0.0722576890000255,5,979,974,979,98,1,1,60,1,5,0.12491115900002114
s1_1000,S1-159760349,S2,US,selective_v1,0,44,330,21,0,0,0,0,0.010520927000015945,21,19,2.0,110,0.011114723999980924,1,274,273,274,77,1,1,60,2,1,0.023488229000008687
s1_1000,S1-159760349,S3,US,selective_v1,0,44,384,21,0,0,0,0,0.01043569899979957,21,18,2.0,145,0.011015659000008782,0,341,341,341,78,1,1,60,2,0,0.026121751999994558
s1_1000,S1-378702310,S2,India,selective_v1,0,50,531,105,6,18,0,24,0.03269156100031978,24,16,6.0,477,0.03525680600000669,4,489,489,493,84,1,1,60,2,4,0.06094998300000043
s1_1000,S1-378702310,S3,India,selective_v1,0,50,506,105,3,14,0,17,0.03243302400017001,24,12,5.0,474,0.03521399900000688,8,496,488,496,80,1,1,60,3,8,0.060156156000061856
s1_1000,S1-14088765,S2,India,selective_v1,0,52,1482,120,10,24,0,34,0.03196431499986829,24,17,6.0,279,0.03487924099999873,0,1306,1306,1306,106,1,1,60,2,0,0.11041766799996822
s1_1000,S1-14088765,S3,India,selective_v1,0,52,1905,120,3,26,0,29,0.03412069800026529,24,22,2.0,754,0.03734920800002328,0,1707,1707,1707,112,1,1,60,1,0,0.13206198000000313
s1_1000,S1-245808112,S2,US,selective_v1,0,21,267,10,0,0,0,0,0.007813653000084742,10,10,0.0,123,0.008089144999985365,6,222,216,222,90,1,1,60,3,6,0.018026523999992605
s1_1000,S1-245808112,S3,US,selective_v1,0,21,264,10,0,0,0,0,0.008621157999982643,10,10,0.0,142,0.008883524999987458,4,239,235,239,83,1,1,60,2,4,0.019959697999979653
s1_1000,S1-522925958,S2,US,selective_v1,0,47,415,28,1,2,3,3,0.010623284999837779,22,20,2.0,150,0.011303882000106569,1,339,338,339,78,1,1,60,3,1,0.027332272000080593
s1_1000,S1-522925958,S3,US,selective_v1,0,47,432,28,1,2,3,3,0.011132728999996289,22,20,2.0,141,0.011868451999930585,0,357,357,357,79,1,1,60,2,0,0.02861376199996357
s1_1000,S1-409923771,S2,US,selective_v1,0,38,440,21,1,2,0,3,0.016685571000266464,18,15,3.0,124,0.017205108999974073,2,388,386,388,99,1,1,60,2,2,0.03395727899999201
s1_1000,S1-409923771,S3,US,selective_v1,0,34,461,21,1,4,0,5,0.013341507999712121,16,13,1.0,154,0.013832366999963597,2,406,404,406,98,1,1,60,2,2,0.03145490300005349
s1_1000,S1-819898078,S2,US,selective_v1,0,27,442,28,1,12,2,13,0.02763217100005022,13,12,0.0,388,0.0281705370000509,0,415,415,415,103,1,1,60,1,0,0.046678557999939585
s1_1000,S1-819898078,S3,US,selective_v1,0,25,311,28,1,13,2,14,0.019275734999951055,12,7,0.0,261,0.01974647500003357,0,287,287,287,103,1,1,60,0,0,0.03293762800001332
s1_1000,S1-725933863,S2,India,selective_v1,0,50,785,120,15,18,0,33,0.040806070000144246,24,17,6.0,604,0.04376811099996303,1,680,679,680,116,1,1,60,1,1,0.08021912500009876
s1_1000,S1-725933863,S3,India,selective_v1,0,50,517,120,6,29,0,35,0.028247559999726946,24,19,5.0,360,0.03111526500003947,0,456,456,456,116,1,1,60,1,0,0.055381263999947805
s1_1000,S1-115173411,S2,India,selective_v1,0,48,1443,45,3,11,8,14,0.03831054499971742,23,16,6.0,280,0.03943411499994909,0,1249,1249,1249,118,1,1,60,2,0,0.10221887000000152
s1_1000,S1-115173411,S3,India,selective_v1,0,50,1740,45,0,11,3,11,0.05631066599971746,24,18,6.0,473,0.05778050100002474,0,1502,1502,1502,117,1,1,60,5,0,0.13406556699999328
s1_1000,S1-324695988,S2,US,selective_v1,0,27,315,15,0,2,0,2,0.017088324999804172,13,12,1.0,173,0.017472875999942517,2,244,243,245,86,1,1,60,2,2,0.028743435000023965
s1_1000,S1-324695988,S3,US,selective_v1,0,25,360,15,0,3,0,3,0.020396850000111044,12,8,0.0,218,0.02078298999992967,1,297,297,298,85,1,1,60,1,1,0.03472044099999039
s1_1000,S1-10393601,S2,US,selective_v1,0,46,789,28,0,3,2,3,0.07907051999995929,23,20,3.0,665,0.08004440799993517,50,715,665,715,106,1,1,60,4,42,0.10962465300008262
s1_1000,S1-10393601,S3,US,selective_v1,0,46,999,28,0,3,2,3,0.08652787000016815,23,21,2.0,894,0.08760212200002115,35,929,894,929,117,1,1,60,4,35,0.12748165400000744
s1_1000,S1-296672331,S2,India,selective_v1,0,49,511,120,15,38,0,53,0.0555790469996964,24,18,6.0,416,0.05784777799999574,6,437,431,437,90,1,1,60,1,6,0.0820627540000487
s1_1000,S1-296672331,S3,India,selective_v1,0,49,542,120,15,30,0,45,0.05175571399990986,24,14,9.0,482,0.05431590500006678,4,499,495,499,90,1,1,60,2,4,0.08074921700006144
s1_1000,S1-897779097,S2,India,selective_v1,0,49,450,105,10,20,0,30,0.040534726000032606,24,15,9.0,376,0.04295556900001429,1,381,380,381,74,1,1,60,4,1,0.06386729600001217
s1_1000,S1-897779097,S3,India,selective_v1,0,49,551,105,6,21,0,27,0.06611896100014292,24,15,7.0,525,0.06862301299997853,0,526,526,526,84,1,1,60,1,0,0.09681245199999466
s1_1000,S1-277198482,S2,India,selective_v1,0,49,1555,66,6,24,0,30,0.09169193600018843,24,20,4.0,577,0.0932348669999783,3,1171,1169,1172,105,1,1,60,3,3,0.15327016600008392
s1_1000,S1-277198482,S3,India,selective_v1,0,49,1542,66,1,24,0,25,0.10137437400021554,24,21,3.0,776,0.10331937699993432,1,1386,1385,1386,108,1,1,60,1,1,0.17226327700007005
s1_1000,S1-996291067,S2,India,selective_v1,0,19,46,78,45,18,6,63,0.00890689300001668,9,6,2.0,29,0.009191673000032097,1,32,32,33,33,0,0,33,3,1,0.011839240000085738
s1_1000,S1-996291067,S3,India,selective_v1,0,12,86,66,45,10,5,55,0.017287084999907165,6,2,4.0,86,0.017524152999953913,0,86,86,86,65,1,1,60,0,0,0.022484996000002866
s1_1000,S1-108923390,S2,US,selective_v1,0,16,209,10,0,2,0,2,0.011336072999938551,8,8,0.0,192,0.011600405000081082,1,193,192,193,86,1,1,60,3,1,0.020176491000029273
s1_1000,S1-108923390,S3,US,selective_v1,0,16,241,10,0,2,0,2,0.011985587000026499,8,7,0.0,234,0.012260716000014327,1,235,234,235,92,1,1,60,3,1,0.022678312000039114
s1_1000,S1-264329856,S2,India,selective_v1,0,49,435,105,10,31,0,41,0.03650985800027229,24,15,9.0,180,0.03852873999994699,1,299,298,299,92,1,1,60,2,1,0.055033732999959284
s1_1000,S1-264329856,S3,India,selective_v1,0,49,609,105,10,30,0,40,0.04051749000041127,24,15,9.0,423,0.042722035999986474,1,522,522,523,103,1,1,60,1,1,0.07002744800001892
s1_1000,S1-387200680,S2,India,selective_v1,0,49,1081,105,15,24,0,39,0.04720740500010834,24,18,5.0,855,0.04956426299997929,5,944,943,948,110,1,1,60,2,5,0.10090624600002229
s1_1000,S1-387200680,S3,India,selective_v1,0,49,913,105,10,30,0,40,0.04951223699993079,24,20,4.0,668,0.05178705000002992,11,756,745,756,113,1,1,60,3,11,0.09201430199993865
s1_1000,S1-549608257,S2,US,selective_v1,0,31,323,15,0,0,0,0,0.015678127000114728,15,14,1.0,229,0.01611747300000843,40,294,292,332,122,1,1,60,3,40,0.031217190000006667
s1_1000,S1-549608257,S3,US,selective_v1,0,29,204,15,0,1,0,1,0.01092551900012495,14,13,1.0,91,0.011271360000023378,44,167,167,211,122,1,1,60,3,41,0.020752291000007972
s1_1000,S1-761867539,S2,US,selective_v1,0,51,613,36,0,0,2,0,0.02524290299970744,24,16,2.0,290,0.026376260999995793,1,380,379,380,79,1,1,60,2,1,0.04340444900003604
s1_1000,S1-761867539,S3,US,selective_v1,0,50,829,36,1,2,2,3,0.04170205399975657,24,18,4.0,500,0.042948137000053066,0,526,526,526,80,1,1,60,2,0,0.06660648799993396
s1_1000,S1-908747670,S2,US,selective_v1,0,50,877,28,0,1,3,1,0.023446978000606578,24,15,2.0,249,0.02432043499993597,36,783,747,783,101,1,1,60,2,36,0.05784033300005831
s1_1000,S1-908747670,S3,US,selective_v1,0,45,1162,28,1,2,3,3,0.034302744000115126,22,16,4.0,454,0.03556334599988986,45,995,950,995,104,1,1,60,1,42,0.07834404400000494
s1_1000,S1-770172704,S2,US,selective_v1,0,37,583,21,0,4,0,4,0.023004490999824156,17,16,0.0,200,0.02353815600008602,2,409,407,409,82,1,1,60,2,2,0.04190375300004234
s1_1000,S1-770172704,S3,US,selective_v1,0,37,623,21,0,4,0,4,0.023601469999675828,17,17,0.0,207,0.024115801999982978,1,434,433,434,78,1,1,60,2,1,0.04377944200007278
s1_1000,S1-335715642,S2,India,selective_v1,0,40,748,78,21,22,16,43,0.023300477999782743,19,11,4.0,147,0.02437558799999806,0,497,497,497,113,1,1,60,1,0,0.05482839600006173
s1_1000,S1-335715642,S3,India,selective_v1,0,44,762,78,10,31,16,41,0.021362504999842713,21,18,3.0,228,0.02253283699997155,0,546,546,546,106,1,1,60,3,0,0.050097604000029605
s1_1000,S1-369919932,S2,India,selective_v1,0,50,653,78,3,17,0,20,0.017782067000439383,24,14,10.0,164,0.01960456700010127,0,401,401,401,97,1,1,60,1,0,0.04142154800001663
s1_1000,S1-369919932,S3,India,selective_v1,0,50,1020,78,3,14,0,17,0.029786679000608274,24,18,6.0,469,0.03188747499996225,2,684,682,684,95,1,1,60,4,2,0.06711350800003402
s1_1000,S1-97828965,S2,India,selective_v1,0,44,551,105,21,40,22,61,0.056279127000152585,22,13,9.0,470,0.057716508999988037,1,471,470,471,96,1,1,60,1,1,0.08260750599993116
s1_1000,S1-97828965,S3,India,selective_v1,0,48,999,105,15,36,0,51,0.05232564000016282,24,18,6.0,868,0.05434926800000994,4,868,868,872,106,1,1,60,3,4,0.09856052899999668
s1_1000,S1-967811540,S2,US,selective_v1,0,51,656,45,1,0,0,1,0.015803154999844082,24,15,2.0,423,0.017281926999999087,0,604,604,604,106,1,1,60,2,0,0.0443990459999668
s1_1000,S1-967811540,S3,US,selective_v1,0,50,599,45,3,0,0,3,0.020207949999871744,24,20,3.0,392,0.021562368999980208,1,517,516,517,115,1,1,60,2,1,0.04704014600008577
s1_1000,S1-160353666,S2,India,selective_v1,0,51,522,78,3,7,0,10,0.01860560699992675,24,22,2.0,161,0.020645691000027,5,384,379,384,77,1,1,60,3,5,0.04277538799999547
s1_1000,S1-160353666,S3,India,selective_v1,0,51,634,78,1,8,0,9,0.02372838199994476,24,22,0.0,339,0.025958116999959202,0,541,541,541,79,1,1,60,0,0,0.05271082700005536
s1_1000,S1-32625238,S2,US,selective_v1,0,49,873,36,1,6,5,7,0.04641429000002972,24,19,5.0,367,0.047625444999994215,1,744,743,744,110,1,1,60,1,1,0.08055872199997793
s1_1000,S1-32625238,S3,US,selective_v1,0,49,839,36,1,6,5,7,0.04858779100027277,24,19,5.0,413,0.05001455199999327,2,741,739,741,111,1,1,60,2,2,0.08307268199996543
s1_1000,S1-529683926,S2,India,selective_v1,0,52,1172,66,1,9,0,10,0.014514231999555705,24,17,3.0,145,0.016585912999971697,8,771,763,771,114,1,1,60,2,8,0.056997787000000244
s1_1000,S1-529683926,S3,India,selective_v1,0,52,921,66,1,7,0,8,0.026790030000142906,24,16,6.0,215,0.02860519499995462,9,843,843,852,115,1,1,60,2,9,0.07409839699994336
s1_1000,S1-783001297,S2,US,selective_v1,0,35,642,36,3,12,4,15,0.038982642000064516,17,16,1.0,225,0.03965399300000172,1,501,500,501,101,1,1,60,5,1,0.061580960000014784
s1_1000,S1-783001297,S3,US,selective_v1,0,35,678,36,3,12,4,15,0.04175127399992107,17,16,1.0,267,0.04245769600004223,2,537,535,537,99,1,1,60,1,2,0.06699345100003029
s1_1000,S1-2577240,S2,India,selective_v1,0,48,702,91,10,37,14,47,0.07475492499997927,24,11,13.0,687,0.07635105599990766,3,687,687,690,107,1,1,60,0,3,0.11245568999993338
s1_1000,S1-2577240,S3,India,selective_v1,0,48,862,91,10,42,14,52,0.09412279500031673,24,13,11.0,814,0.09571694100009154,14,828,814,828,113,1,1,60,2,14,0.13877082500005145
s1_1000,S1-309250937,S2,US,selective_v1,0,50,1764,28,0,2,3,2,0.018388220999668192,23,19,0.0,252,0.019470424000019193,1,1389,1388,1389,115,1,1,60,2,1,0.07821936799996365
s1_1000,S1-309250937,S3,US,selective_v1,0,44,908,28,1,4,2,5,0.02405405499985136,21,20,1.0,485,0.024946361000047546,4,631,627,631,94,1,1,60,4,4,0.07495673899995836
s1_1000,S1-933907524,S2,US,selective_v1,0,42,666,28,3,3,2,6,0.024314691999848037,20,16,4.0,236,0.02502831200001765,1,562,561,562,108,1,1,60,2,1,0.05021428999998534
s1_1000,S1-933907524,S3,US,selective_v1,0,36,743,28,3,6,2,9,0.01915425899994716,17,16,1.0,247,0.020056346999922425,0,621,621,621,109,1,1,60,1,0,0.048020773999951416
s1_1000,S1-874706415,S2,India,selective_v1,0,43,546,91,21,30,19,51,0.0402289649996419,21,15,6.0,415,0.04152480100003686,8,432,424,432,104,1,1,60,1,8,0.06380588399997578
s1_1000,S1-874706415,S3,India,selective_v1,0,49,950,91,15,38,7,53,0.06647892599983152,24,20,4.0,760,0.0679749459999357,7,777,770,777,112,1,1,60,2,7,0.10610255599999618
s1_1000,S1-394191447,S2,India,selective_v1,0,49,1116,66,10,9,0,19,0.018830309000122725,24,15,9.0,242,0.020512561000032292,1,271,270,271,67,1,1,60,2,1,0.03624980200004302
s1_1000,S1-394191447,S3,India,selective_v1,0,50,1086,66,6,8,0,14,0.025257373000044936,24,17,7.0,259,0.027035100000034618,0,444,444,444,66,1,1,60,4,0,0.052185727000050974
s1_1000,S1-983260741,S2,India,selective_v1,0,49,585,120,10,35,0,45,0.04242412500025239,24,15,8.0,414,0.044778530000030514,0,451,451,451,79,1,1,60,1,0,0.06858758999999282
s1_1000,S1-983260741,S3,India,selective_v1,0,49,629,120,3,46,0,49,0.05584916399971007,24,17,7.0,357,0.05819150399997852,0,418,418,418,76,1,1,60,3,0,0.07926621000001433
s1_1000,S1-593018241,S2,US,selective_v1,0,45,595,28,1,2,3,3,0.02231349499982116,22,17,5.0,300,0.023151092000034623,4,485,481,485,107,1,1,60,4,4,0.04397193199997673
s1_1000,S1-593018241,S3,US,selective_v1,0,45,661,28,1,2,3,3,0.0224893830001065,22,17,5.0,302,0.023355331999937334,2,537,535,537,108,1,1,60,4,2,0.046268401000020276
s1_1000,S1-783328051,S2,US,selective_v1,0,27,516,15,0,2,0,2,0.008404758999972728,13,11,0.0,86,0.00875716600000942,34,463,429,463,90,1,1,60,2,34,0.02908400100000108
s1_1000,S1-783328051,S3,US,selective_v1,0,27,541,15,0,2,0,2,0.008791437000013502,13,13,0.0,89,0.009152454000059151,32,482,450,482,87,1,1,60,2,32,0.029919761999963157
s1_1000,S1-177322486,S2,India,selective_v1,0,51,435,105,15,6,0,21,0.02263805400025376,24,15,8.0,154,0.025249221999956717,2,326,324,326,82,1,1,60,1,2,0.043671527000014976
s1_1000,S1-177322486,S3,India,selective_v1,0,51,633,105,10,10,0,20,0.022296018999668377,24,17,7.0,362,0.025018014000011135,0,528,528,528,103,1,1,60,1,0,0.0537971370000605
s1_1000,S1-327512522,S2,US,selective_v1,0,37,579,21,0,3,0,3,0.02131094599997141,18,16,1.0,148,0.021835274999943977,0,515,515,515,104,1,1,60,2,0,0.04620159599994622
s1_1000,S1-327512522,S3,US,selective_v1,0,37,632,21,0,3,0,3,0.02290032300004441,18,15,1.0,175,0.02344515099991895,2,575,573,575,89,1,1,60,1,2,0.049499536999974225
s1_1000,S1-17973952,S2,US,selective_v1,0,50,509,55,3,18,8,21,0.04261147299996537,24,22,1.0,403,0.04375397800004066,2,419,417,419,116,1,1,60,4,2,0.0626499300000205
s1_1000,S1-17973952,S3,US,selective_v1,0,50,431,55,6,15,8,21,0.04773765699985688,24,21,2.0,368,0.048837959999900704,1,379,378,379,117,1,1,60,1,1,0.06607637599995542
s1_1000,S1-176434763,S2,US,selective_v1,0,35,765,21,0,4,0,4,0.02926396899977135,17,16,1.0,509,0.03011654199997338,1,646,645,646,101,1,1,60,2,1,0.05691803599995637
s1_1000,S1-176434763,S3,US,selective_v1,0,35,795,21,0,4,0,4,0.030889677999994092,17,12,1.0,592,0.03160335899997335,1,725,724,725,101,1,1,60,0,1,0.06327148299999408
s1_1000,S1-679399812,S2,US,selective_v1,0,10,96,6,0,1,0,1,0.006928234000042721,5,4,1.0,93,0.007112556000038239,0,93,93,93,56,0,0,56,0,0,0.01160112900004151
s1_1000,S1-679399812,S3,US,selective_v1,0,20,110,10,0,1,0,1,0.007643833999622984,9,7,1.0,102,0.007877632999907291,2,103,102,104,52,0,0,52,2,2,0.012582371000007697
s1_1000,S1-300656903,S2,India,selective_v1,0,49,931,120,28,33,0,61,0.04662109200000941,24,21,3.0,807,0.04905629000006684,0,819,819,819,101,1,1,60,1,0,0.09253438799999003
s1_1000,S1-300656903,S3,India,selective_v1,0,50,896,120,15,44,0,59,0.06340343199974541,24,18,6.0,482,0.06558460700000524,2,654,653,655,106,1,1,60,2,2,0.10172691700006453
s1_1000,S1-360481865,S2,India,selective_v1,0,49,300,55,6,4,0,10,0.021009046000017406,24,15,9.0,223,0.022470406000024923,2,237,235,237,77,1,1,60,2,2,0.035100296000109665
s1_1000,S1-360481865,S3,India,selective_v1,0,49,644,55,3,9,0,12,0.030822291000163204,24,19,4.0,425,0.03228620200002297,1,436,435,436,75,1,1,60,5,1,0.053952482999989115
s1_1000,S1-866296885,S2,India,selective_v1,0,24,280,45,15,12,6,27,0.020555125000100816,12,6,6.0,242,0.021040218999928584,1,243,242,243,98,1,1,60,2,1,0.033689646000084394
s1_1000,S1-866296885,S3,India,selective_v1,0,28,408,45,6,19,6,25,0.03222576600046523,14,6,8.0,371,0.03288163499996699,0,371,371,371,115,1,1,60,2,0,0.05145601300000635
s1_1000,S1-492142313,S2,India,selective_v1,0,48,697,55,1,14,0,15,0.033843380999883266,24,16,8.0,631,0.03536444600001687,12,643,631,643,107,1,1,60,2,12,0.06797045700000126
s1_1000,S1-492142313,S3,India,selective_v1,0,48,602,55,1,11,0,12,0.042669625000030464,24,16,8.0,572,0.044175856999913776,14,572,572,586,128,1,1,60,2,14,0.07375201299998935
s1_1000,S1-32315181,S2,US,selective_v1,0,37,959,45,6,15,6,21,0.048175148999689554,18,14,3.0,359,0.0490955049999684,1,787,786,787,108,1,1,60,0,1,0.08352370800002973
s1_1000,S1-32315181,S3,US,selective_v1,0,37,890,45,6,15,6,21,0.053076196999882086,18,14,4.0,239,0.053962199000011424,1,736,735,736,101,1,1,60,2,1,0.08709667600010107
s1_1000,S1-719837826,S2,US,selective_v1,0,34,494,28,6,4,2,10,0.0106542809999155,16,15,0.0,375,0.011275845999989542,46,384,383,429,117,1,1,60,2,44,0.029872034000050007
s1_1000,S1-719837826,S3,US,selective_v1,0,34,499,28,6,4,2,10,0.01129508899987286,16,14,0.0,381,0.011906050999982654,41,390,389,430,114,1,1,60,0,41,0.030772140999943076
s1_1000,S1-674250113,S2,US,selective_v1,0,47,756,28,0,2,4,2,0.02639343500038649,22,15,3.0,286,0.027460700999995424,3,549,546,549,108,1,1,60,1,3,0.053523372999961794
s1_1000,S1-674250113,S3,US,selective_v1,0,47,870,28,0,2,4,2,0.028264964000072723,22,19,3.0,326,0.0291646780000292,2,622,620,622,95,1,1,60,2,2,0.0566066139999748
s1_1000,S1-848273416,S2,US,selective_v1,0,47,470,28,1,1,3,2,0.022428550000086034,23,17,2.0,356,0.023316208000096594,3,431,428,431,115,1,1,60,3,3,0.04231373900006474
s1_1000,S1-848273416,S3,US,selective_v1,0,34,376,28,3,6,2,9,0.020773329999769885,17,13,1.0,351,0.021425392999958603,4,355,351,355,94,1,1,60,1,4,0.037799986999971225
s1_1000,S1-190595971,S2,US,selective_v1,0,53,608,55,1,7,0,8,0.027680823999958193,24,14,0.0,387,0.029235352000000603,1,544,543,544,86,1,1,60,2,1,0.052875698999969245
s1_1000,S1-190595971,S3,US,selective_v1,0,51,416,55,3,10,0,13,0.03858366700012539,24,15,6.0,294,0.03991978299995935,0,341,341,341,111,1,1,60,1,0,0.05584139600000526
s1_1000,S1-712360582,S2,US,selective_v1,0,37,572,21,0,3,0,3,0.016167241999824,18,15,3.0,129,0.01672657899996466,1,464,463,464,96,1,1,60,2,1,0.03627709299996695
s1_1000,S1-712360582,S3,US,selective_v1,0,37,722,21,0,3,0,3,0.017860647000134122,18,15,2.0,216,0.01844346100006078,0,593,593,593,109,1,1,60,2,0,0.04402915800005758
s1_1000,S1-866005166,S2,India,selective_v1,0,49,606,120,45,18,18,63,0.04143766400000004,24,15,9.0,539,0.04336529600004724,0,552,552,552,102,1,1,60,2,0,0.07360478199996123
s1_1000,S1-866005166,S3,India,selective_v1,0,49,756,120,28,27,0,55,0.035521705999826736,24,17,7.0,672,0.037869635999982165,0,691,691,691,96,1,1,60,0,0,0.07490598199990472
s1_1000,S1-210882477,S2,India,selective_v1,0,48,851,78,10,20,0,30,0.04676097499964271,24,13,11.0,665,0.048530631000062385,4,665,665,669,118,1,1,60,2,4,0.08481214200003251
s1_1000,S1-210882477,S3,India,selective_v1,0,48,1013,78,6,24,0,30,0.06390099999975973,24,17,7.0,776,0.06574412299994492,11,787,776,787,118,1,1,60,2,11,0.10739811100006591
s1_1000,S1-372012424,S2,US,selective_v1,0,49,716,28,1,0,4,1,0.01880436200008262,23,19,2.0,374,0.019869850999953087,0,618,618,618,79,1,1,60,1,0,0.04586608299996442
s1_1000,S1-372012424,S3,US,selective_v1,0,48,518,28,1,0,4,1,0.020808197999599543,23,15,2.0,456,0.021750573999952394,0,477,477,477,79,1,1,60,1,0,0.04263550500002111
s1_1000,S1-577087021,S2,India,selective_v1,0,50,352,45,1,5,0,6,0.01224781600035385,24,13,6.0,231,0.013404229999991912,3,240,237,240,80,1,1,60,2,3,0.025832208999986506
s1_1000,S1-577087021,S3,India,selective_v1,0,50,490,45,1,4,0,5,0.020715576000043256,24,21,3.0,371,0.02208750299996609,13,390,377,390,79,1,1,60,3,13,0.0637104539999882
s1_1000,S1-852610124,S2,US,selective_v1,0,45,1125,36,3,7,4,10,0.05334546800008866,22,18,4.0,775,0.05446571799996036,6,1004,998,1004,94,1,1,60,3,6,0.09824808799999118
s1_1000,S1-852610124,S3,US,selective_v1,0,41,948,36,3,9,4,12,0.047845797000150014,20,16,4.0,597,0.048800477999975556,3,839,836,839,100,1,1,60,2,3,0.08632294999995338
s1_1000,S1-109175675,S2,US,selective_v1,0,43,344,21,0,1,0,1,0.011027595999621553,20,18,2.0,102,0.011568993999958366,2,196,194,196,107,1,1,60,3,2,0.020681926000065687
s1_1000,S1-109175675,S3,US,selective_v1,0,43,423,21,0,1,0,1,0.011602067000126226,20,18,2.0,121,0.012122801000032268,2,224,222,224,83,1,1,60,5,2,0.022279064000031212
s1_1000,S1-867725816,S2,India,selective_v1,0,30,381,66,10,32,10,42,0.021147539000367033,14,14,0.0,119,0.02174451799999133,3,230,227,230,110,1,1,60,2,3,0.034266473000002406
s1_1000,S1-867725816,S3,India,selective_v1,0,34,426,66,6,34,10,40,0.03136755000002722,16,15,1.0,273,0.032093423999981496,3,360,357,360,108,1,1,60,1,3,0.05084834600006616
s1_1000,S1-454337849,S2,US,selective_v1,0,50,584,36,3,0,4,3,0.02395644699981858,24,17,7.0,254,0.02513221699996393,1,468,467,468,81,1,1,60,2,1,0.04571765100001812
s1_1000,S1-454337849,S3,US,selective_v1,0,50,586,36,3,0,4,3,0.02214941399995496,24,17,7.0,254,0.023207332999959362,1,469,468,469,77,1,1,60,2,1,0.04372144799992839
s1_1000,S1-211263556,S2,US,selective_v1,0,49,934,66,3,13,0,16,0.06270750100009082,24,19,4.0,881,0.06455142099991917,0,900,900,900,95,1,1,60,2,0,0.10305056000004242
s1_1000,S1-211263556,S3,US,selective_v1,0,49,523,66,6,12,0,18,0.052999924000005194,24,16,8.0,481,0.05473087999996551,0,495,495,495,102,1,1,60,2,0,0.0775177599999779
s1_1000,S1-997499468,S2,US,selective_v1,0,38,375,21,0,2,0,2,0.02877684100019451,19,15,2.0,352,0.029422357999919768,1,353,352,353,104,1,1,60,3,1,0.04479879500001971
s1_1000,S1-997499468,S3,US,selective_v1,0,38,312,21,0,2,0,2,0.03273891399999229,19,16,3.0,284,0.03332800100008626,1,285,284,285,115,1,1,60,3,1,0.046141182000042136
s1_1000,S1-429307554,S2,US,selective_v1,0,29,396,15,1,0,0,1,0.017592622000279334,14,12,2.0,322,0.018068114000016067,2,370,368,370,89,1,1,60,1,2,0.03386251699998866
s1_1000,S1-429307554,S3,US,selective_v1,0,29,296,15,1,0,0,1,0.01880706399981591,14,11,3.0,209,0.019240042999967955,3,269,266,269,97,1,1,60,2,3,0.031179715999996915
s1_1000,S1-815423969,S2,India,selective_v1,0,49,1254,66,6,20,0,26,0.07836589199973787,24,19,5.0,783,0.0800456109999459,2,933,933,935,108,1,1,60,2,2,0.1265953790000367
s1_1000,S1-815423969,S3,India,selective_v1,0,49,1154,66,3,21,0,24,0.08221191799987082,24,22,1.0,843,0.08393296100007319,0,968,968,968,111,1,1,60,3,0,0.132793912000011
s1_1000,S1-762754948,S2,US,selective_v1,0,30,374,15,1,0,0,1,0.011470326000221576,14,8,2.0,282,0.011916256000063186,5,354,349,354,95,1,1,60,0,5,0.027795541000045887
s1_1000,S1-762754948,S3,US,selective_v1,0,30,246,15,1,0,0,1,0.011344299000029423,14,8,3.0,140,0.011710558999993737,2,220,218,220,80,1,1,60,0,2,0.021325549000039246
s1_1000,S1-379677192,S2,US,selective_v1,0,48,515,36,0,5,4,5,0.06421076000003723,24,20,4.0,300,0.06522042799997507,24,324,300,324,93,1,1,60,1,24,0.07915435200004595
s1_1000,S1-379677192,S3,US,selective_v1,0,48,496,36,0,5,4,5,0.06472645000008015,24,17,5.0,318,0.06576052599996274,28,346,318,346,103,1,1,60,1,28,0.08118388200000481
s1_1000,S1-948932140,S2,US,selective_v1,0,52,574,36,0,1,2,1,0.018275689999995848,24,12,3.0,176,0.019351870000036797,3,405,402,405,109,1,1,60,5,3,0.036784934000024805
s1_1000,S1-948932140,S3,US,selective_v1,0,51,613,36,1,4,3,5,0.025351557000135472,24,18,3.0,287,0.026403185000049234,1,434,433,434,102,1,1,60,1,1,0.045420860000035645
s1_1000,S1-988952152,S2,India,selective_v1,0,25,316,21,3,6,0,9,0.009996439000019564,12,6,2.0,248,0.010362278999991759,0,301,301,301,92,1,1,60,0,0,0.02590708499997163
s1_1000,S1-988952152,S3,India,selective_v1,0,29,395,21,1,6,0,7,0.016388785999879474,14,11,2.0,315,0.016874097000027177,1,356,355,356,86,1,1,60,1,1,0.03533717799996339
s1_1000,S1-470150331,S2,India,selective_v1,0,53,1068,78,10,5,0,15,0.013443708000295373,24,21,3.0,35,0.015479615999993257,0,570,570,570,78,1,1,60,2,0,0.04575461100000666
s1_1000,S1-470150331,S3,India,selective_v1,0,53,1022,78,6,8,0,14,0.0187474359998987,24,17,3.0,127,0.02108933399995294,0,625,625,625,80,1,1,60,1,0,0.05402714599995306
s1_1000,S1-845086185,S2,US,selective_v1,0,44,794,45,3,15,7,18,0.031228976999955194,20,15,4.0,317,0.03208681399996749,0,509,509,509,115,1,1,60,1,0,0.05433092300006592
s1_1000,S1-845086185,S3,US,selective_v1,0,41,652,45,6,13,7,19,0.02463793300000816,19,15,4.0,232,0.025445857000022443,1,463,462,463,101,1,1,60,3,1,0.04686297700004616
s1_1000,S1-946706052,S2,India,selective_v1,0,48,859,105,21,33,28,54,0.020147256999734964,23,19,4.0,135,0.021774484999923516,1,720,719,720,106,1,1,60,3,1,0.059952647000045545
s1_1000,S1-946706052,S3,India,selective_v1,0,50,862,105,10,40,0,50,0.027626453999914702,24,15,7.0,99,0.029476052000063646,0,687,687,687,108,1,1,60,2,0,0.06639871400000175
s1_1000,S1-602193603,S2,India,selective_v1,0,36,362,45,1,20,7,21,0.005024929999990491,17,16,0.0,70,0.005658886999981405,2,196,194,196,83,1,1,60,4,2,0.01625199500006147
s1_1000,S1-602193603,S3,India,selective_v1,0,46,519,45,1,14,8,15,0.016456660999665473,22,18,3.0,277,0.01738861100000122,1,390,389,390,88,1,1,60,1,1,0.036835025000073074
s1_1000,S1-393117390,S2,US,selective_v1,0,51,449,36,0,2,2,2,0.02753158500013342,24,14,3.0,146,0.028548526999998103,1,310,309,310,90,1,1,60,0,1,0.04228200400007154
s1_1000,S1-393117390,S3,US,selective_v1,0,46,758,36,3,7,4,10,0.04660840799988364,22,18,3.0,471,0.047589463000008436,5,559,554,559,96,1,1,60,1,5,0.0719739370000525
s1_1000,S1-974810743,S2,India,selective_v1,0,41,1281,55,10,15,10,25,0.04250841999987642,20,11,9.0,321,0.043872358999919925,3,834,831,834,118,1,1,60,2,3,0.0875360190000265
s1_1000,S1-974810743,S3,India,selective_v1,0,35,1262,55,10,20,8,30,0.04607951399975718,17,12,5.0,383,0.04729752699995515,4,846,842,846,118,1,1,60,1,4,0.09002738900005625
s1_1000,S1-485260947,S2,US,selective_v1,0,32,397,15,0,0,0,0,0.011133602000199971,15,15,0.0,183,0.01157572700003584,1,364,363,364,103,1,1,60,1,1,0.02758097200000975
s1_1000,S1-485260947,S3,US,selective_v1,0,32,414,15,0,0,0,0,0.012211046000061287,15,15,0.0,225,0.012659275000032721,1,397,396,397,85,1,1,60,1,1,0.029967368999905375
s1_1000,S1-209242212,S2,US,selective_v1,0,32,255,21,1,4,0,5,0.034731688000078975,16,7,6.0,242,0.0351942480000389,11,253,242,253,98,1,1,60,1,11,0.046265812999990885
s1_1000,S1-209242212,S3,US,selective_v1,0,32,141,21,1,4,0,5,0.035059582999565464,16,9,7.0,131,0.03548037200005183,10,131,131,141,89,1,1,60,1,10,0.04182490100004088
s1_1000,S1-444309469,S2,US,selective_v1,0,38,563,21,1,2,0,3,0.010202973999867027,18,17,1.0,183,0.010754958000006809,1,483,482,483,114,1,1,60,1,1,0.03443085699996118
s1_1000,S1-444309469,S3,US,selective_v1,0,38,677,21,1,2,0,3,0.011425740999925438,18,17,1.0,179,0.012042567000094095,2,565,563,565,111,1,1,60,2,2,0.037728836000042065
s1_1000,S1-701717394,S2,India,selective_v1,0,41,587,55,6,19,10,25,0.03330370500009394,20,13,7.0,537,0.034333382999989226,0,553,553,553,111,1,1,60,2,0,0.06325886700005867
s1_1000,S1-701717394,S3,India,selective_v1,0,41,624,55,6,19,10,25,0.03450919800002339,20,14,5.0,554,0.03557097899999917,0,570,570,570,115,1,1,60,2,0,0.06488584299995637
s1_1000,S1-432251644,S2,India,selective_v1,0,47,766,45,6,8,8,14,0.04513167099992188,23,16,6.0,645,0.04666367899994839,1,681,680,681,116,1,1,60,2,1,0.08193990699999176
s1_1000,S1-432251644,S3,India,selective_v1,0,47,843,45,3,12,7,15,0.05214998000019477,23,19,4.0,748,0.05360535199997685,6,782,776,782,112,1,1,60,0,6,0.09343407100004697
s1_1000,S1-239207420,S2,US,selective_v1,0,35,1260,28,1,8,2,9,0.03951650099963899,17,15,2.0,460,0.04030005799995706,73,1115,1113,1186,158,1,1,60,2,46,0.09235531299998456
s1_1000,S1-239207420,S3,US,selective_v1,0,33,1412,28,1,9,2,10,0.03306461600016064,16,15,1.0,507,0.03395534699996006,83,1269,1269,1352,163,1,1,60,0,48,0.09691107399999055
s1_1000,S1-707620084,S2,India,selective_v1,0,37,719,78,15,39,6,54,0.06534523600032571,18,15,3.0,348,0.066193826000017,0,426,426,426,114,1,1,60,1,0,0.11204528799999025
s1_1000,S1-707620084,S3,India,selective_v1,0,35,512,78,6,47,8,53,0.05902229099979195,17,9,6.0,340,0.059793832999957885,0,430,430,430,117,1,1,60,0,0,0.08154462799996054
s1_1000,S1-603393113,S2,India,selective_v1,0,36,254,45,15,6,7,21,0.020642646999931458,17,7,9.0,105,0.02125271199997769,7,157,156,163,87,1,1,60,2,7,0.030290304000004653
s1_1000,S1-603393113,S3,India,selective_v1,0,30,376,45,10,15,6,25,0.017167611000104444,14,7,4.0,239,0.01771356399990509,13,287,287,300,113,1,1,60,1,13,0.032550953000054506
s1_1000,S1-360368359,S2,US,selective_v1,0,47,676,28,0,4,2,4,0.024077778999867405,22,21,1.0,276,0.024809591999996883,0,482,482,482,97,1,1,60,3,0,0.04537416900006974
s1_1000,S1-360368359,S3,US,selective_v1,0,45,712,28,1,4,2,5,0.01869126799977039,21,16,1.0,288,0.019451316999948176,0,507,507,507,108,1,1,60,2,0,0.04204664799999591
s1_1000,S1-144309050,S2,India,selective_v1,0,25,495,45,10,20,3,30,0.03722784499984755,12,10,2.0,198,0.037685321000026306,2,332,331,333,90,1,1,60,1,2,0.05574210999998286
s1_1000,S1-144309050,S3,India,selective_v1,0,29,743,45,6,22,3,28,0.04898167899989403,14,12,2.0,481,0.049648197999999866,8,600,600,608,104,1,1,60,1,8,0.08075229500002479
s1_1000,S1-71636676,S2,US,selective_v1,0,41,1129,21,0,1,0,1,0.021114001000000826,20,16,4.0,109,0.021759986000006393,16,983,967,983,91,1,1,60,3,16,0.06675983900004212
s1_1000,S1-71636676,S3,US,selective_v1,0,41,1214,21,0,1,0,1,0.022420778000082464,20,16,4.0,99,0.02304508800000349,11,1099,1088,1099,82,1,1,60,1,11,0.07527197000001706
s1_1000,S1-435158775,S2,India,selective_v1,0,45,702,78,15,25,16,40,0.04832306400010111,22,15,6.0,567,0.0496781890000193,8,602,594,602,119,1,1,60,0,8,0.08222245000001749
s1_1000,S1-435158775,S3,India,selective_v1,0,49,1326,78,10,26,0,36,0.08177752300002794,24,22,2.0,1149,0.08362757700001566,17,1179,1162,1179,111,1,1,60,3,17,0.14430182000000968
s1_1000,S1-636748811,S2,US,selective_v1,0,34,217,21,1,4,0,5,0.014334099000052447,16,13,2.0,25,0.014707326000007015,2,156,154,156,78,1,1,60,2,2,0.02344592700001158
s1_1000,S1-636748811,S3,US,selective_v1,0,34,248,21,1,4,0,5,0.014704000000051565,16,12,2.0,31,0.0150713220000398,0,196,196,196,87,1,1,60,1,0,0.0244211730000643
s1_1000,S1-65309853,S2,India,selective_v1,0,46,633,45,6,8,8,14,0.035699653000278886,23,16,6.0,577,0.036774239999999736,1,578,577,578,95,1,1,60,0,1,0.06439873099998294
s1_1000,S1-65309853,S3,India,selective_v1,0,46,738,45,3,12,7,15,0.04621407499985253,23,18,3.0,661,0.04737680300002012,0,661,661,661,114,1,1,60,1,0,0.08031098399999337
s1_1000,S1-426307047,S2,India,selective_v1,0,38,1321,78,15,38,6,53,0.10252312500017524,19,15,4.0,1073,0.10381862799999908,0,1073,1073,1073,114,1,1,60,2,0,0.15983239099989532
s1_1000,S1-426307047,S3,India,selective_v1,0,48,1474,78,6,37,0,43,0.1140939850002951,24,19,5.0,1170,0.11622097599990866,4,1174,1170,1174,114,1,1,60,1,4,0.17860516300004292
s1_1000,S1-152709472,S2,US,selective_v1,0,51,1015,36,0,5,6,5,0.08019106799986275,24,17,3.0,402,0.08136601100000007,0,712,712,712,113,1,1,60,2,0,0.11340630399990914
s1_1000,S1-152709472,S3,US,selective_v1,0,51,1196,36,0,5,6,5,0.0837014310000086,24,21,3.0,469,0.08510101799993208,0,831,831,831,101,1,1,60,2,0,0.1225311729999703
s1_1000,S1-114424830,S2,India,selective_v1,0,36,587,45,6,16,6,22,0.030756449999898905,17,17,0.0,241,0.0314830909999273,6,366,365,371,97,1,1,60,1,6,0.05162098400001014
s1_1000,S1-114424830,S3,India,selective_v1,0,48,866,45,1,15,6,16,0.061271124999848325,23,19,2.0,560,0.06261252400008743,13,687,686,699,109,1,1,60,2,13,0.09752982400004839
s1_1000,S1-128260204,S2,India,selective_v1,0,49,1026,66,1,16,0,17,0.05935443699991083,24,17,7.0,611,0.0612805110000636,1,772,771,772,108,1,1,60,0,1,0.10060804900001585
s1_1000,S1-128260204,S3,India,selective_v1,0,49,930,66,1,13,0,14,0.052708587000097396,24,16,8.0,473,0.05470718399999441,2,647,645,647,93,1,1,60,0,2,0.08921799300003386
s1_1000,S1-756453021,S2,US,selective_v1,0,43,512,28,1,5,2,6,0.010560500999872602,20,14,3.0,100,0.011155809999991106,3,307,304,307,84,1,1,60,1,3,0.0255919169999288
s1_1000,S1-756453021,S3,US,selective_v1,0,42,478,28,1,5,2,6,0.011334622999925159,20,14,3.0,148,0.0119903439999689,1,409,408,409,81,1,1,60,2,1,0.030055139000069175
s1_1000,S1-997414477,S2,US,selective_v1,0,47,382,28,0,3,2,3,0.048181617999716764,23,20,0.0,372,0.049002943999994386,0,373,373,373,110,1,1,60,1,0,0.06567605299994739
s1_1000,S1-997414477,S3,US,selective_v1,0,47,476,28,0,3,2,3,0.05346266700007618,23,23,0.0,417,0.05432545899998331,0,420,420,420,103,1,1,60,3,0,0.07312918399998125
s1_1000,S1-587564473,S2,India,selective_v1,0,48,1017,120,21,43,0,64,0.10214028599978064,24,15,9.0,941,0.10443255200004842,0,941,941,941,106,1,1,60,0,0,0.15397743300002276
s1_1000,S1-587564473,S3,India,selective_v1,0,48,1316,120,21,47,0,68,0.11234003799984293,24,17,7.0,1233,0.11468081399993935,1,1234,1233,1234,112,1,1,60,1,1,0.1770816969999487
s1_1000,S1-949663673,S2,US,selective_v1,0,50,607,45,0,4,0,4,0.02654112699963207,24,15,3.0,436,0.027922286999910284,24,555,531,555,98,1,1,60,4,24,0.05186574799995469
s1_1000,S1-949663673,S3,US,selective_v1,0,48,976,45,1,11,5,12,0.05426181300003918,24,17,7.0,752,0.055608873999972275,26,754,752,778,138,1,1,60,4,26,0.09061557300003642
s1_1000,S1-886830433,S2,US,selective_v1,0,42,904,21,1,0,0,1,0.013728077000109806,20,17,3.0,226,0.014400479999949312,1,733,732,733,101,1,1,60,2,1,0.04640043100005187
s1_1000,S1-886830433,S3,US,selective_v1,0,42,994,21,1,0,0,1,0.014648285999783184,20,17,3.0,214,0.015345848000038131,1,775,774,775,107,1,1,60,2,1,0.051226207000013346
s1_1000,S1-620072179,S2,India,selective_v1,0,49,858,120,6,15,0,21,0.024819427999773325,24,17,6.0,528,0.028144835999910356,0,689,689,689,116,1,1,60,0,0,0.06633975199997622
s1_1000,S1-620072179,S3,India,selective_v1,0,50,763,120,3,18,0,21,0.022219468999765013,24,17,6.0,277,0.02537329699998736,1,612,611,612,119,1,1,60,1,1,0.06109815199999957
s1_1000,S1-937355747,S2,India,selective_v1,0,47,486,45,6,9,7,15,0.018220740000060687,23,11,7.0,438,0.019227321000016673,0,443,443,443,102,1,1,60,0,0,0.041229502000078355
s1_1000,S1-937355747,S3,India,selective_v1,0,49,278,45,3,7,0,10,0.021479844999817033,24,10,9.0,241,0.022526816999970833,0,245,245,245,80,1,1,60,1,0,0.035085515999981
s1_1000,S1-130224322,S2,India,selective_v1,0,50,578,120,15,30,0,45,0.04177435200040236,24,17,7.0,333,0.0442124229999763,1,481,480,481,100,1,1,60,2,1,0.07039416800000708
s1_1000,S1-130224322,S3,India,selective_v1,0,50,744,120,6,39,0,45,0.05278788900000109,24,17,6.0,531,0.05520836400000917,0,674,674,674,114,1,1,60,1,0,0.11308695900004295
s1_1000,S1-417827381,S2,US,selective_v1,0,51,814,36,0,4,4,4,0.040904089000150634,24,23,1.0,519,0.042033786999922995,1,701,700,701,79,1,1,60,2,1,0.0739351900000429
s1_1000,S1-417827381,S3,US,selective_v1,0,51,813,36,0,4,4,4,0.04358295699978498,24,22,1.0,526,0.04507923899996058,0,701,701,701,78,1,1,60,1,0,0.07742332300006183
s1_1000,S1-343417294,S2,India,selective_v1,0,52,550,78,10,15,0,25,0.0203623659999721,24,21,3.0,104,0.02198224900007517,5,277,277,282,96,1,1,60,2,5,0.039420638000024155
s1_1000,S1-343417294,S3,India,selective_v1,0,52,693,78,3,20,0,23,0.036111999000013384,24,20,2.0,372,0.037873251000064556,16,527,511,527,113,1,1,60,1,16,0.06445115799999712
s1_1000,S1-394632774,S2,India,selective_v1,0,52,569,91,28,8,0,36,0.01821199599942247,24,21,3.0,144,0.01991715099995872,2,395,393,395,92,1,1,60,3,2,0.04239175300006082
s1_1000,S1-394632774,S3,India,selective_v1,0,52,703,91,15,18,0,33,0.029327402000035363,24,21,3.0,304,0.03121204100000341,0,551,551,551,98,1,1,60,2,0,0.058590096999978414
s1_1000,S1-732592724,S2,US,selective_v1,0,49,725,36,1,2,4,3,0.020996870999852035,24,12,3.0,586,0.0221575699999903,0,673,673,673,120,1,1,60,0,0,0.05278156500003206
s1_1000,S1-732592724,S3,US,selective_v1,0,49,506,36,1,2,4,3,0.0214410270003782,24,19,5.0,373,0.022530016000018804,0,458,458,458,115,1,1,60,1,0,0.043348959000013565
s1_1000,S1-580748190,S2,US,selective_v1,0,42,546,21,0,1,0,1,0.008661629000016546,20,20,0.0,257,0.009298537999939072,3,438,435,438,104,1,1,60,3,3,0.0292367079999849
s1_1000,S1-580748190,S3,US,selective_v1,0,42,550,21,0,1,0,1,0.009771741999884398,20,20,0.0,266,0.010392339999953037,2,458,456,458,94,1,1,60,2,2,0.033324939999943126
s1_1000,S1-796458434,S2,India,selective_v1,0,50,1067,120,15,42,0,57,0.05994538599998123,24,19,5.0,677,0.06235376699999051,1,776,775,776,105,1,1,60,1,1,0.10395489699999416
s1_1000,S1-796458434,S3,India,selective_v1,0,50,1028,120,6,49,0,55,0.06951391199993395,24,18,6.0,653,0.07189109599994481,3,746,743,746,95,1,1,60,3,3,0.11140736200002266
s1_1000,S1-765932516,S2,India,selective_v1,0,35,368,36,15,0,4,15,0.014103971000054116,17,11,6.0,315,0.014760526999907597,2,317,315,317,78,1,1,60,2,2,0.03136066899992329
s1_1000,S1-765932516,S3,India,selective_v1,0,37,193,36,6,8,4,14,0.016874009999924056,18,9,8.0,156,0.01743495300001996,0,157,157,157,76,1,1,60,2,0,0.02544336099992961
s1_1000,S1-384400545,S2,India,selective_v1,0,46,886,120,21,52,25,73,0.029708740999922156,22,17,5.0,436,0.031227917000023808,9,523,514,523,98,1,1,60,1,9,0.05924990300002264
s1_1000,S1-384400545,S3,India,selective_v1,0,50,1306,120,21,47,0,68,0.053527339000083884,24,20,4.0,927,0.05561043500006235,15,995,995,1010,122,1,1,60,0,15,0.10878410399993754
s1_1000,S1-444946012,S2,US,selective_v1,0,40,614,28,1,6,2,7,0.04208798500019384,19,17,2.0,168,0.042750872999931744,4,328,324,328,86,1,1,60,5,4,0.057867238999961046
s1_1000,S1-444946012,S3,US,selective_v1,0,39,437,28,1,6,2,7,0.04314706200011642,19,17,2.0,170,0.04379105900000013,2,347,345,347,103,1,1,60,2,2,0.059956801999987874
s1_1000,S1-835384598,S2,India,selective_v1,0,51,454,120,6,24,0,30,0.041545000999690274,24,19,5.0,328,0.044460191999974086,7,392,385,392,90,1,1,60,2,7,0.06591248600000199
s1_1000,S1-835384598,S3,India,selective_v1,0,51,577,120,6,23,0,29,0.03524639499971727,24,19,3.0,512,0.038114811000014015,6,552,552,558,110,1,1,60,2,6,0.06761032199995043
s1_1000,S1-172646617,S2,India,selective_v1,0,24,367,78,36,18,12,54,0.020544672999903923,12,7,5.0,310,0.021219121999934032,6,310,310,316,117,1,1,60,0,6,0.03814380799997252
s1_1000,S1-172646617,S3,India,selective_v1,0,20,458,78,36,26,6,62,0.02506641800005127,10,9,1.0,417,0.025641440999947918,6,423,417,423,90,1,1,60,1,6,0.04757455200001459
s1_1000,S1-163359447,S2,India,selective_v1,0,48,268,45,6,8,8,14,0.02195596899980501,23,15,7.0,135,0.022845279000080154,7,184,177,184,92,1,1,60,1,7,0.033022728999981155
s1_1000,S1-163359447,S3,India,selective_v1,0,46,414,45,3,13,7,16,0.03335163899998861,22,19,3.0,291,0.03427613600001678,12,335,323,335,102,1,1,60,2,12,0.051295192999987194
s1_1000,S1-707155052,S2,India,selective_v1,0,49,944,91,21,14,0,35,0.02992040100025406,24,15,9.0,337,0.03192697400004363,11,485,474,485,101,1,1,60,2,11,0.056811917999993966
s1_1000,S1-707155052,S3,India,selective_v1,0,49,999,91,10,20,0,30,0.052249524999751884,24,18,6.0,505,0.05449580699996659,13,655,642,655,114,1,1,60,2,13,0.08811016799995741
s1_1000,S1-967576249,S2,India,selective_v1,0,51,472,91,15,6,0,21,0.019853636999982882,24,12,6.0,160,0.02201618399999461,4,299,295,299,105,1,1,60,1,4,0.03797583999994458
s1_1000,S1-967576249,S3,India,selective_v1,0,51,857,91,10,15,0,25,0.026858634000177517,24,21,2.0,547,0.02947780900001362,6,673,667,673,102,1,1,60,1,6,0.06492329799993968
s1_1000,S1-383924373,S2,US,selective_v1,0,24,303,15,0,3,0,3,0.020596393000232638,12,9,1.0,289,0.021022658999982013,0,289,289,289,101,1,1,60,2,0,0.033538705999944796
s1_1000,S1-383924373,S3,US,selective_v1,0,24,380,15,0,3,0,3,0.02299693099985234,12,10,1.0,359,0.02348620700001902,0,359,359,359,108,1,1,60,2,0,0.04030147399998896
s1_1000,S1-145192696,S2,US,selective_v1,0,38,232,21,0,2,0,2,0.021580684999776167,19,16,0.0,224,0.02215202800005045,0,224,224,224,96,1,1,60,0,0,0.03254206100007195
s1_1000,S1-145192696,S3,US,selective_v1,0,38,281,21,0,2,0,2,0.022939882000059697,19,19,0.0,240,0.02350969899998745,0,240,240,240,104,1,1,60,5,0,0.034574359999965054
s1_1000,S1-120113863,S2,US,selective_v1,0,30,381,28,3,8,2,11,0.03666186399993876,15,12,2.0,356,0.03727177999996911,0,356,356,356,119,1,1,60,1,0,0.05292026399990846
s1_1000,S1-120113863,S3,US,selective_v1,0,30,528,28,3,8,2,11,0.04097069500005546,15,13,1.0,484,0.04168675999994775,2,486,484,486,118,1,1,60,1,2,0.06407190200002333
s1_1000,S1-579296771,S2,India,selective_v1,0,41,971,66,10,23,13,33,0.04931872200018006,20,18,2.0,652,0.05057990700004211,2,801,799,801,112,1,1,60,1,2,0.0939542529999926
s1_1000,S1-579296771,S3,India,selective_v1,0,47,1278,66,6,24,13,30,0.06377706399996441,23,18,3.0,865,0.06531897200000003,3,1005,1002,1005,113,1,1,60,1,3,0.11579153899992889
s1_1000,S1-76600144,S2,US,selective_v1,0,45,630,45,6,9,8,15,0.02913935200024298,22,18,4.0,488,0.0301924229999031,1,544,543,544,105,1,1,60,2,1,0.05349794100004601
s1_1000,S1-76600144,S3,US,selective_v1,0,45,612,45,10,5,8,15,0.03197646700050427,22,17,5.0,489,0.033045094999920366,1,540,539,540,111,1,1,60,1,1,0.056755012000053284
s1_1000,S1-262956530,S2,US,selective_v1,0,39,396,21,0,2,0,2,0.02083583500018449,19,17,0.0,268,0.021482920999915223,1,360,359,360,84,1,1,60,1,1,0.03720039100005579
s1_1000,S1-262956530,S3,US,selective_v1,0,39,402,21,0,2,0,2,0.02282085000024381,19,19,0.0,273,0.023418638000066494,0,359,359,359,88,1,1,60,2,0,0.03940623999994841
s1_1000,S1-289224987,S2,India,selective_v1,0,50,428,78,6,13,0,19,0.033857089000093765,24,15,9.0,267,0.035706129000004694,2,325,323,325,85,1,1,60,3,2,0.05318051299991566
s1_1000,S1-289224987,S3,India,selective_v1,0,50,865,78,3,16,0,19,0.052336147999994864,24,21,3.0,731,0.05439676700007112,0,778,778,778,103,1,1,60,1,0,0.09492795699998169
s1_1000,S1-434671027,S2,India,selective_v1,0,49,970,120,3,32,0,35,0.07112957999993341,24,20,3.0,868,0.07408637100002124,0,940,940,940,111,1,1,60,1,0,0.12315104000003885
s1_1000,S1-434671027,S3,India,selective_v1,0,49,1281,120,1,30,0,31,0.06694018999962736,24,23,1.0,1131,0.0701819669999395,0,1204,1204,1204,102,1,1,60,2,0,0.13492699100004302
s1_1000,S1-874587325,S2,US,selective_v1,0,48,785,45,1,11,3,12,0.0634866669998928,24,18,6.0,740,0.06482312500008902,0,740,740,740,116,1,1,60,1,0,0.09752938100007214
s1_1000,S1-874587325,S3,US,selective_v1,0,48,994,45,1,13,4,14,0.07596331000058854,24,20,4.0,857,0.0772998299999017,2,859,857,859,108,1,1,60,4,2,0.11597212499998477
s1_1000,S1-386790184,S2,US,selective_v1,0,30,119,15,0,0,0,0,0.013431802000013704,15,15,0.0,72,0.013778627000078814,4,76,72,76,66,1,1,60,3,4,0.018004886999960945
s1_1000,S1-386790184,S3,US,selective_v1,0,30,96,15,0,0,0,0,0.015141906000053496,15,15,0.0,66,0.015454275000024609,0,66,66,66,65,1,1,60,1,0,0.018908964999923228
s1_1000,S1-309029909,S2,India,selective_v1,0,37,520,78,15,29,16,44,0.048969698000064454,18,14,4.0,367,0.05002049199993053,2,388,386,388,82,1,1,60,3,2,0.06966097600002286
s1_1000,S1-309029909,S3,India,selective_v1,0,45,1097,78,6,38,12,44,0.07817563400010386,22,20,1.0,978,0.0796527589999414,4,1001,997,1001,108,1,1,60,1,4,0.13195564800003012
s1_1000,S1-402701678,S2,US,selective_v1,0,36,663,21,0,4,0,4,0.04123282600016864,17,16,1.0,189,0.041794276000018726,0,576,576,576,98,1,1,60,0,0,0.06787449900002684
s1_1000,S1-402701678,S3,US,selective_v1,0,36,731,21,0,4,0,4,0.04347614500022701,17,12,1.0,221,0.04405966100000569,2,659,657,659,88,1,1,60,0,2,0.0736069449999377
s1_1000,S1-820304545,S2,India,selective_v1,0,36,382,78,15,33,12,48,0.04433665200019732,18,8,10.0,356,0.04522329899998567,4,360,356,360,107,1,1,60,1,4,0.06378275700001268
s1_1000,S1-820304545,S3,India,selective_v1,0,42,855,78,6,35,16,41,0.06592279799997414,21,11,10.0,819,0.06734555000002729,11,830,819,830,114,1,1,60,3,11,0.10938231000000087
s1_1000,S1-319446504,S2,US,selective_v1,0,21,347,10,0,0,0,0,0.008391078999920865,10,8,1.0,192,0.008709395999972003,1,339,338,339,78,1,1,60,1,1,0.023490631999948164
s1_1000,S1-319446504,S3,US,selective_v1,0,20,239,10,0,0,0,0,0.008993236000151228,10,9,1.0,218,0.00932018900005005,1,219,218,219,77,1,1,60,4,1,0.019366039000033197
s1_1000,S1-602660812,S2,India,selective_v1,0,51,571,55,1,2,0,3,0.011722166000026846,24,10,4.0,321,0.013349346000040896,0,452,452,452,79,1,1,60,1,0,0.03614652399994611
s1_1000,S1-602660812,S3,India,selective_v1,0,52,432,66,1,0,0,1,0.008660374000328375,24,20,2.0,172,0.010542508000071393,2,294,292,294,79,1,1,60,0,2,0.025134681000054115
s1_1000,S1-838816755,S2,US,selective_v1,0,42,765,45,6,12,7,18,0.02840448599999945,20,16,3.0,174,0.029259517000014057,20,617,617,637,108,1,1,60,0,20,0.05762139099999786
s1_1000,S1-838816755,S3,US,selective_v1,0,40,1071,45,6,13,7,19,0.022914327999956186,19,16,1.0,352,0.023862470000040048,18,876,876,894,123,1,1,60,0,18,0.06517644799998834
s1_1000,S1-635610218,S2,US,selective_v1,0,36,323,28,0,8,2,8,0.048280270999953245,18,15,3.0,272,0.048911842000052275,5,277,272,277,111,1,1,60,3,5,0.06158953700003167
s1_1000,S1-635610218,S3,US,selective_v1,0,36,408,28,1,7,2,8,0.05185569899981601,18,15,3.0,344,0.05252007899991895,5,349,344,349,113,1,1,60,1,5,0.06852542600006473
s1_1000,S1-318608060,S2,India,selective_v1,0,49,1017,45,3,6,0,9,0.033594333000110055,24,19,5.0,625,0.03507862800006478,2,674,672,674,106,1,1,60,3,2,0.0691063109999277
s1_1000,S1-318608060,S3,India,selective_v1,0,49,586,45,1,7,0,8,0.030634880999969027,24,13,6.0,506,0.031921237999995355,1,545,544,545,102,1,1,60,2,1,0.06032737900000029
s1_1000,S1-68824362,S2,India,selective_v1,0,52,779,91,15,19,0,34,0.024164048000329785,24,22,2.0,262,0.026049854000007144,1,586,585,586,104,1,1,60,2,1,0.05838826399997288
s1_1000,S1-68824362,S3,India,selective_v1,0,52,707,91,6,26,0,32,0.026469681000207856,24,21,3.0,209,0.028379685999993853,0,546,546,546,95,1,1,60,2,0,0.05721719199993913
s1_1000,S1-627898987,S2,India,selective_v1,0,49,558,55,3,11,0,14,0.027121743000179777,24,18,4.0,379,0.02850728999999319,0,426,426,426,105,1,1,60,0,0,0.05080464100001336
s1_1000,S1-627898987,S3,India,selective_v1,0,49,797,55,1,10,0,11,0.03687616799982152,24,22,2.0,510,0.03850171099998079,2,554,552,554,109,1,1,60,4,2,0.06670721099999355
s1_1000,S1-873224394,S2,US,selective_v1,0,50,938,28,0,0,5,0,0.015174549999755982,23,9,1.0,68,0.01596213000004809,0,782,782,782,74,1,1,60,1,0,0.05336278400000083
s1_1000,S1-873224394,S3,US,selective_v1,0,47,1512,28,0,2,4,2,0.024813870999992105,22,20,1.0,298,0.025825861000043915,1,1140,1139,1140,102,1,1,60,2,1,0.08003951500006679
s1_1000,S1-528038666,S2,US,selective_v1,0,54,827,55,0,2,0,2,0.018730756999730147,24,10,0.0,397,0.020524587999943833,1,757,756,757,102,1,1,60,1,1,0.05393434199993408
s1_1000,S1-528038666,S3,US,selective_v1,0,52,1027,55,1,7,0,8,0.03420420399993418,24,21,2.0,491,0.03586031500003628,1,719,718,719,97,1,1,60,1,1,0.06863756399991416
s1_1000,S1-993276054,S2,US,selective_v1,0,39,418,21,1,2,0,3,0.007854440999949475,18,11,1.0,202,0.008369572999981756,0,292,292,292,96,1,1,60,0,0,0.021577545000013743
s1_1000,S1-993276054,S3,US,selective_v1,0,39,483,21,1,2,0,3,0.008065147999900546,18,8,1.0,201,0.0086127069999975,0,321,321,321,90,1,1,60,0,0,0.023170315000015762
s1_1000,S1-625355978,S2,India,selective_v1,0,50,1055,120,15,28,0,43,0.033179165000092325,24,19,5.0,507,0.03598007599998709,1,759,758,759,107,1,1,60,2,1,0.0785753110000087
s1_1000,S1-625355978,S3,India,selective_v1,0,50,912,120,6,36,0,42,0.03543335999984265,24,22,2.0,532,0.03859443600003942,0,756,756,756,110,1,1,60,1,0,0.07999168799995005
s1_1000,S1-411428383,S2,India,selective_v1,0,49,571,120,15,29,0,44,0.046322230999976455,24,16,8.0,530,0.04888888300001781,0,535,535,535,114,1,1,60,1,0,0.07831327799999599
s1_1000,S1-411428383,S3,India,selective_v1,0,49,965,120,10,44,0,54,0.05955729300023904,24,17,6.0,865,0.062079648999997517,1,873,872,873,114,1,1,60,1,1,0.10735140000008414
s1_1000,S1-877756741,S2,US,selective_v1,0,48,1032,28,1,0,4,1,0.019786041000088517,23,14,3.0,342,0.02072415199995703,1,960,959,960,111,1,1,60,2,1,0.06402352400004929
s1_1000,S1-877756741,S3,US,selective_v1,0,41,1507,28,3,3,2,6,0.02384831699998813,20,19,1.0,640,0.025241932999961136,1,1223,1222,1223,109,1,1,60,3,1,0.08310950999998568
s1_1000,S1-264105075,S2,India,selective_v1,0,49,515,78,6,20,0,26,0.049942858000122214,24,14,10.0,441,0.05169060200000786,2,471,469,471,97,1,1,60,1,2,0.0765627250000307
s1_1000,S1-264105075,S3,India,selective_v1,0,49,1015,78,1,22,0,23,0.06764961999988373,24,19,5.0,836,0.06982362100006867,1,874,873,874,99,1,1,60,3,1,0.11530713599995579
s1_1000,S1-364343116,S2,US,selective_v1,0,49,831,28,1,1,3,2,0.015707821999967564,23,18,0.0,320,0.01662755199993171,1,760,759,760,107,1,1,60,2,1,0.051541881000048306
s1_1000,S1-364343116,S3,US,selective_v1,0,42,923,28,3,3,2,6,0.01767715300013606,20,18,0.0,407,0.01872337999998308,0,800,800,800,99,1,1,60,1,0,0.0547065420000763
s1_1000,S1-708919835,S2,US,selective_v1,0,49,435,45,1,5,0,6,0.032667313000047216,24,15,5.0,328,0.03400113700001839,3,400,400,403,97,1,1,60,3,3,0.052040978000036375
s1_1000,S1-708919835,S3,US,selective_v1,0,48,610,45,3,10,7,13,0.04447381700003916,24,16,8.0,496,0.04565201299999444,3,499,496,499,99,1,1,60,5,3,0.06753358699995715
s1_1000,S1-424278368,S2,India,selective_v1,0,51,539,120,6,12,0,18,0.027027936999957092,24,20,4.0,322,0.030308998000009524,1,387,386,387,97,1,1,60,1,1,0.05158411799993701
s1_1000,S1-424278368,S3,India,selective_v1,0,51,571,120,3,9,0,12,0.0269416060000367,24,22,2.0,414,0.030437576000053923,2,470,468,470,96,1,1,60,2,2,0.07667453900000964
s1_1000,S1-350140550,S2,India,selective_v1,0,51,348,55,6,9,0,15,0.014308833000313825,24,14,5.0,288,0.015600441000060528,8,318,310,318,104,1,1,60,1,8,0.03261412099993777
s1_1000,S1-350140550,S3,India,selective_v1,0,50,603,45,1,11,3,12,0.038987547999795424,24,16,6.0,336,0.040140363000091384,15,355,355,370,101,1,1,60,1,15,0.059220099999947706
s1_1000,S1-224156764,S2,US,selective_v1,0,37,1066,21,0,3,0,3,0.04777378700009649,18,15,3.0,169,0.048418903999959184,1,967,966,967,101,1,1,60,2,1,0.0937669109999888
s1_1000,S1-224156764,S3,US,selective_v1,0,37,1134,21,0,3,0,3,0.05194985000014185,18,15,3.0,151,0.052593393999927684,0,1042,1042,1042,96,1,1,60,1,0,0.10428774399997565
s1_1000,S1-991758781,S2,India,selective_v1,0,47,597,45,10,5,8,15,0.0157840019996911,22,19,3.0,473,0.016807571999947868,12,508,496,508,104,1,1,60,2,12,0.044100932999981524
s1_1000,S1-991758781,S3,India,selective_v1,0,39,276,45,10,10,7,20,0.009092931999930443,18,16,2.0,188,0.009784675999981118,35,205,203,238,111,1,1,60,2,35,0.022563902999991114
s1_1000,S1-253152547,S2,US,selective_v1,0,51,711,36,1,6,5,7,0.04816349900011119,24,14,2.0,455,0.04921931199999108,0,645,645,645,80,1,1,60,0,0,0.07781966499999271
s1_1000,S1-253152547,S3,US,selective_v1,0,51,721,36,1,6,5,7,0.049992006999900696,24,16,2.0,455,0.05105347099993196,1,616,615,616,77,1,1,60,2,1,0.0789960519999795
s1_1000,S1-349078782,S2,US,selective_v1,0,46,352,28,0,2,3,2,0.04319704000033653,23,19,0.0,345,0.04403045999993083,0,345,345,345,91,1,1,60,0,0,0.05950982499996371
s1_1000,S1-349078782,S3,US,selective_v1,0,46,353,28,0,2,3,2,0.04639785299991672,23,22,0.0,337,0.04721917500000927,0,337,337,337,94,1,1,60,0,0,0.06227683999998135
s1_1000,S1-755451588,S2,US,selective_v1,0,51,1155,45,0,5,0,5,0.03893395499994767,24,18,0.0,181,0.0402927569999747,1,1060,1059,1060,96,1,1,60,5,1,0.09068550500001038
s1_1000,S1-755451588,S3,US,selective_v1,0,50,1462,45,1,10,3,11,0.05509674199959136,24,23,1.0,294,0.056415821999962645,1,1240,1239,1240,94,1,1,60,5,1,0.11476903699997365
s1_1000,S1-253496965,S2,India,selective_v1,0,50,551,55,6,4,0,10,0.022623675999966508,24,16,8.0,433,0.024209030999941206,1,467,466,467,105,1,1,60,1,1,0.04892307600005097
s1_1000,S1-253496965,S3,India,selective_v1,0,50,435,55,1,8,0,9,0.024606959999800893,24,15,8.0,289,0.026071754999975383,1,315,314,315,110,1,1,60,1,1,0.04213835099994867
s1_1000,S1-586543605,S2,India,selective_v1,0,36,294,55,15,12,10,27,0.03632984499995473,18,7,11.0,275,0.03714900900001794,8,283,275,283,114,1,1,60,2,8,0.05220242600000802
s1_1000,S1-586543605,S3,India,selective_v1,0,38,608,55,6,22,8,28,0.054383103999953164,19,11,8.0,539,0.0553849990000117,11,550,539,550,108,1,1,60,1,11,0.08279090799999267
s1_1000,S1-309328944,S2,US,selective_v1,0,43,1302,21,1,0,0,1,0.010858229000064057,20,18,1.0,247,0.011658441000008679,7,1022,1015,1022,108,1,1,60,1,7,0.05932758499989177
s1_1000,S1-309328944,S3,US,selective_v1,0,43,1337,21,1,0,0,1,0.011698357999762266,20,18,2.0,131,0.012455153000018981,9,991,982,991,111,1,1,60,3,9,0.060444778000032784
s1_1000,S1-877771962,S2,US,selective_v1,0,39,1102,28,1,6,2,7,0.03437090299996726,19,18,0.0,554,0.035280189999980394,0,984,984,984,102,1,1,60,0,0,0.07746490400006678
s1_1000,S1-877771962,S3,US,selective_v1,0,39,1111,28,1,6,2,7,0.035030602000006184,19,17,1.0,466,0.03592307199994593,0,967,967,967,109,1,1,60,2,0,0.08137684000007539
s1_1000,S1-881400809,S2,US,selective_v1,0,27,128,15,1,2,0,3,0.0016793280001365929,12,12,0.0,78,0.00195645600001626,3,88,85,88,65,1,1,60,3,3,0.006503524999970978
s1_1000,S1-881400809,S3,US,selective_v1,0,27,139,15,1,2,0,3,0.0018887449999738237,12,12,0.0,74,0.002163977000009254,1,86,85,86,73,1,1,60,3,1,0.006231894999928045
s1_1000,S1-252959475,S2,India,selective_v1,0,50,938,36,1,2,2,3,0.018217400000139605,24,14,5.0,186,0.019300979000036023,0,789,789,789,102,1,1,60,0,0,0.06292184099993392
s1_1000,S1-252959475,S3,India,selective_v1,0,50,1142,36,0,2,2,2,0.02543262499989396,24,18,3.0,346,0.026646886999969865,0,979,979,979,99,1,1,60,0,0,0.07975274199998239
s1_1000,S1-106566816,S2,US,selective_v1,0,38,762,28,0,8,2,8,0.042561725999462396,18,14,3.0,416,0.04371996300005776,7,549,542,549,99,1,1,60,2,7,0.06761724000000413
s1_1000,S1-106566816,S3,US,selective_v1,0,38,672,28,0,8,2,8,0.043443011000022125,18,12,4.0,306,0.044112997999945947,7,446,439,446,82,1,1,60,2,7,0.06400879499994971
s1_1000,S1-657748914,S2,India,selective_v1,0,53,370,120,1,19,0,20,0.0263449059997356,24,23,1.0,158,0.02942655599997579,3,270,267,270,74,1,1,60,3,3,0.04503874199997426
s1_1000,S1-657748914,S3,India,selective_v1,0,54,568,120,1,13,0,14,0.02407748799953424,24,24,0.0,226,0.02734391000001324,1,504,503,504,77,1,1,60,3,1,0.055360678999932134
s1_1000,S1-452747502,S2,US,selective_v1,0,31,329,15,0,0,0,0,0.01689212199994472,15,13,2.0,242,0.01734510500000397,49,296,247,296,88,1,1,60,2,44,0.03016922799997701
s1_1000,S1-452747502,S3,US,selective_v1,0,31,242,15,0,0,0,0,0.018930788000147913,15,12,3.0,156,0.019353426999941803,49,211,162,211,80,1,1,60,2,41,0.028578329000083613
s1_1000,S1-339021665,S2,India,selective_v1,0,28,419,78,10,43,12,53,0.020658534999938638,13,11,0.0,223,0.021331001000021388,0,317,317,317,118,1,1,60,0,0,0.037818669000103
s1_1000,S1-339021665,S3,India,selective_v1,0,34,504,78,3,47,12,50,0.044752084000151626,16,9,1.0,343,0.04559471900006429,0,422,422,422,102,1,1,60,0,0,0.06772733000002518
s1_1000,S1-927465777,S2,US,selective_v1,0,50,569,36,3,3,6,6,0.025510278999831826,24,18,2.0,425,0.026580725000030725,2,500,498,500,93,1,1,60,2,2,0.04810080300001118
s1_1000,S1-927465777,S3,US,selective_v1,0,45,551,36,6,4,4,10,0.03479590900030871,22,14,6.0,517,0.03577128199992785,0,518,518,518,64,1,1,60,2,0,0.05937773000005109
s1_1000,S1-275292755,S2,India,selective_v1,0,50,637,78,10,10,0,20,0.039155445999426775,24,19,5.0,456,0.04106217799994738,0,523,523,523,118,1,1,60,1,0,0.06856623599992417
s1_1000,S1-275292755,S3,India,selective_v1,0,50,816,78,6,16,0,22,0.049562018999836255,24,21,3.0,666,0.05187396999997418,1,735,734,735,115,1,1,60,1,1,0.09157135199995992
s1_1000,S1-870147511,S2,India,selective_v1,0,51,853,120,3,26,0,29,0.03168900699995447,24,24,0.0,492,0.034814928999935546,0,734,734,734,82,1,1,60,3,0,0.07506193200003963
s1_1000,S1-870147511,S3,India,selective_v1,0,51,941,120,0,22,0,22,0.04567659600013485,24,22,1.0,635,0.049279631999979756,0,877,877,877,96,1,1,60,1,0,0.09624444999997195
s1_1000,S1-666016256,S2,US,selective_v1,0,45,352,28,0,4,3,4,0.024112757999887435,21,14,3.0,86,0.02475662899996678,2,228,226,228,117,1,1,60,1,2,0.03562787099997422
s1_1000,S1-666016256,S3,US,selective_v1,0,45,390,28,0,4,3,4,0.025630255999999463,21,18,3.0,104,0.026302316999931463,5,246,241,246,87,1,1,60,4,5,0.03781911199996557
s1_1000,S1-310651038,S2,US,selective_v1,0,50,680,45,1,4,0,5,0.040241111000000274,24,21,3.0,566,0.04163987200001884,1,609,608,609,118,1,1,60,1,1,0.06778584699998191
s1_1000,S1-310651038,S3,US,selective_v1,0,50,704,45,1,4,0,5,0.041591738999841255,24,18,3.0,546,0.042984587999967516,1,603,602,603,115,1,1,60,2,1,0.06953860199996598
s1_1000,S1-133609565,S2,India,selective_v1,0,49,528,66,6,12,0,18,0.03303333700000621,24,20,4.0,396,0.03469797399998242,8,433,425,433,108,1,1,60,3,8,0.058339116000070135
s1_1000,S1-133609565,S3,India,selective_v1,0,49,682,66,3,15,0,18,0.04430745099989508,24,19,4.0,501,0.045992865000016536,11,541,530,541,112,1,1,60,2,11,0.07385546600005455
s1_1000,S1-538988615,S2,US,selective_v1,0,35,299,21,0,4,0,4,0.02876570100011122,17,9,2.0,250,0.02927328100008708,0,294,294,294,90,1,1,60,0,0,0.042923648999931174
s1_1000,S1-538988615,S3,US,selective_v1,0,31,177,21,1,5,0,6,0.01847353900006965,15,12,3.0,99,0.018858798999985993,0,145,145,145,80,1,1,60,1,0,0.02574049300005754
s1_1000,S1-521533478,S2,US,selective_v1,0,41,121,21,1,0,0,1,0.01693603000001076,20,13,7.0,92,0.01747266099994249,0,103,103,103,73,1,1,60,1,0,0.022394032999955016
s1_1000,S1-521533478,S3,US,selective_v1,0,41,149,21,1,0,0,1,0.01710624899976665,20,11,7.0,109,0.01762425100002929,1,128,127,128,73,1,1,60,3,1,0.023446465000006356
s1_1000,S1-979640757,S2,US,selective_v1,0,40,333,21,0,2,0,2,0.022724620999838407,19,13,0.0,199,0.023244338000040443,0,257,257,257,96,1,1,60,1,0,0.055783395000048586
s1_1000,S1-979640757,S3,US,selective_v1,0,32,267,21,0,6,0,6,0.009900182999899698,15,10,1.0,92,0.0102657369999406,0,173,173,173,81,1,1,60,2,0,0.018591448999927707
s1_1000,S1-237040891,S2,India,selective_v1,0,49,927,105,21,33,28,54,0.019426940999892395,23,22,1.0,68,0.0209806389999585,1,692,691,692,95,1,1,60,1,1,0.057808733000001666
s1_1000,S1-237040891,S3,India,selective_v1,0,47,760,105,21,34,28,55,0.008941139999819825,22,22,0.0,31,0.010380960000020423,1,577,576,577,102,1,1,60,3,1,0.042193976000021394
s1_1000,S1-285122739,S2,US,selective_v1,0,50,735,36,1,4,3,5,0.028927438999971855,24,20,4.0,349,0.030051149000087207,1,625,624,625,97,1,1,60,1,1,0.05803648500000236
s1_1000,S1-285122739,S3,US,selective_v1,0,50,624,36,1,4,3,5,0.03079122200006168,24,18,5.0,243,0.03183872700003576,1,513,512,513,97,1,1,60,2,1,0.05548679599996831
s1_1000,S1-608905216,S2,US,selective_v1,0,38,397,28,1,6,2,7,0.04629198199995699,19,14,5.0,368,0.04703840599995601,0,368,368,368,89,1,1,60,2,0,0.06375415999991674
s1_1000,S1-608905216,S3,US,selective_v1,0,34,329,28,1,8,2,9,0.05418000600013784,17,13,4.0,325,0.05479250700000193,0,325,325,325,103,1,1,60,2,0,0.06992646999992758
s1_1000,S1-251563500,S2,India,selective_v1,0,51,976,55,0,3,0,3,0.021092393000117227,24,13,4.0,250,0.02276913900004729,0,801,801,801,116,1,1,60,1,0,0.0634244770000123
s1_1000,S1-251563500,S3,India,selective_v1,0,51,908,55,0,3,0,3,0.02969861199994739,24,16,3.0,271,0.03137193100008062,0,874,874,874,119,1,1,60,1,0,0.07443190499998309
s1_1000,S1-708368208,S2,US,selective_v1,0,38,1278,21,0,3,0,3,0.02646226800027307,18,16,2.0,162,0.02711256299994602,2,1091,1089,1091,104,1,1,60,4,2,0.07591048200004025
s1_1000,S1-708368208,S3,US,selective_v1,0,37,368,21,0,3,0,3,0.02800395600002048,18,16,2.0,315,0.028590873000098327,3,324,321,324,113,1,1,60,3,3,0.04420050400005948
s1_1000,S1-728715860,S2,US,selective_v1,0,50,1152,36,1,2,2,3,0.021419686000172078,24,15,3.0,231,0.02261607599996296,1,986,985,986,97,1,1,60,1,1,0.06586210000000392
s1_1000,S1-728715860,S3,US,selective_v1,0,49,1470,36,3,3,3,6,0.034131612999885874,24,18,6.0,408,0.03544446099999732,2,1198,1196,1198,105,1,1,60,2,2,0.08981111999992208
s1_1000,S1-728437419,S2,India,selective_v1,0,48,203,45,6,4,3,10,0.03581811100048071,24,7,16.0,202,0.03689074399994752,0,202,202,202,80,1,1,60,0,0,0.047860250999974596
s1_1000,S1-728437419,S3,India,selective_v1,0,46,619,45,3,12,7,15,0.0560541130000729,23,13,8.0,601,0.057182570000009036,0,601,601,601,108,1,1,60,1,0,0.08767633999991631
s1_1000,S1-94056942,S2,US,selective_v1,0,49,450,45,3,7,0,10,0.04308658499974172,24,17,7.0,229,0.0442494630000283,1,390,389,390,103,1,1,60,1,1,0.061563244000012673
s1_1000,S1-94056942,S3,US,selective_v1,0,49,534,45,3,9,3,12,0.04422278400033974,24,18,6.0,295,0.045349845000032474,1,457,456,457,100,1,1,60,1,1,0.06632953500002259
s1_1000,S1-626087188,S2,US,selective_v1,0,40,1241,28,1,6,2,7,0.03240117800010012,19,17,2.0,262,0.0332686479999893,64,1039,1037,1101,156,1,1,60,1,42,0.08539343699999336
s1_1000,S1-626087188,S3,US,selective_v1,0,36,1161,28,3,6,2,9,0.02077599300014299,17,14,3.0,98,0.021528139999986706,56,933,928,984,140,1,1,60,3,46,0.06728492999991431
s1_1000,S1-982554289,S2,India,selective_v1,0,48,880,66,6,23,10,29,0.049590637999813225,24,14,10.0,757,0.051076079999916146,2,759,757,759,113,1,1,60,3,2,0.09407444199996462
s1_1000,S1-982554289,S3,India,selective_v1,0,48,902,66,3,21,0,24,0.06450387100005628,24,14,9.0,829,0.06621848199995384,3,832,829,832,115,1,1,60,1,3,0.1117542389999926
s1_1000,S1-650945498,S2,US,selective_v1,0,44,521,28,1,4,2,5,0.02136311499975818,21,18,2.0,195,0.022111423999945146,2,420,418,420,79,1,1,60,2,2,0.04340019299991127
s1_1000,S1-650945498,S3,US,selective_v1,0,43,387,28,1,4,2,5,0.021533462000206782,21,11,2.0,286,0.022292203999995763,0,357,357,357,89,1,1,60,0,0,0.03870184599998083
s1_1000,S1-223141947,S2,US,selective_v1,0,38,662,21,0,3,0,3,0.01922034199992595,18,15,0.0,270,0.01994031900005666,0,587,587,587,87,1,1,60,1,0,0.046802765000052204
s1_1000,S1-223141947,S3,US,selective_v1,0,35,469,21,0,4,0,4,0.017299413000046115,17,14,0.0,346,0.017874595999956,0,436,436,436,92,1,1,60,1,0,0.037682513999925504
s1_1000,S1-939186499,S2,US,selective_v1,0,29,356,15,0,1,0,1,0.015229015000045365,14,12,2.0,91,0.015617077999991125,1,310,309,310,82,1,1,60,1,1,0.030181105999986357
s1_1000,S1-939186499,S3,US,selective_v1,0,27,397,15,0,2,0,2,0.015184034999947471,13,12,1.0,141,0.01557791399989128,1,350,349,350,82,1,1,60,2,1,0.03352792300006513
s1_1000,S1-717657945,S2,US,selective_v1,0,38,595,21,0,3,0,3,0.035172806000105084,18,17,0.0,413,0.035813719000088895,0,482,482,482,98,1,1,60,1,0,0.05686916100000872
s1_1000,S1-717657945,S3,US,selective_v1,0,38,572,21,0,3,0,3,0.03767656900004113,18,18,0.0,374,0.038334651000013764,0,446,446,446,86,1,1,60,2,0,0.05772804399998677
s1_1000,S1-229514919,S2,US,selective_v1,0,44,649,28,0,4,2,4,0.06214642400004777,22,18,4.0,593,0.0633429110000634,0,593,593,593,112,1,1,60,1,0,0.08921297500000946
s1_1000,S1-229514919,S3,US,selective_v1,0,34,344,28,1,8,2,9,0.04459653900005378,17,13,4.0,330,0.0451865769999813,0,330,330,330,112,1,1,60,1,0,0.06026085200005582
s1_1000,S1-175958937,S2,India,selective_v1,0,49,859,55,6,12,4,18,0.03951975499978744,24,13,10.0,284,0.040823693999982424,3,671,668,671,104,1,1,60,0,3,0.07777007700008198
s1_1000,S1-175958937,S3,India,selective_v1,0,49,1101,55,3,12,0,15,0.05613716799973645,24,14,9.0,609,0.057715217000009034,7,957,950,957,116,1,1,60,0,7,0.10833420400001614
s1_1000,S1-408524377,S2,India,selective_v1,0,51,894,78,10,11,0,21,0.019563430999710363,24,20,4.0,307,0.02152343500006282,5,486,481,486,104,1,1,60,1,5,0.04737147100001948
s1_1000,S1-408524377,S3,India,selective_v1,0,51,832,78,6,18,0,24,0.03161830200008353,24,21,2.0,488,0.03374303900000086,13,629,616,629,89,1,1,60,2,13,0.06822999899998194
s1_1000,S1-556310487,S2,US,selective_v1,0,31,153,15,0,0,0,0,0.013623519000134365,15,11,2.0,76,0.013976124000009804,0,141,141,141,82,1,1,60,1,0,0.02150829100003193
s1_1000,S1-556310487,S3,US,selective_v1,0,31,204,15,0,0,0,0,0.014483656999800587,15,10,2.0,116,0.014863828999978068,1,186,185,186,80,1,1,60,1,1,0.02313833399989562
s1_1000,S1-447515688,S2,India,selective_v1,0,49,819,78,21,7,0,28,0.033094241000071634,24,15,9.0,404,0.03495424899995214,7,548,541,548,87,1,1,60,2,7,0.06342437099999643
s1_1000,S1-447515688,S3,India,selective_v1,0,49,745,78,10,22,0,32,0.041626645000064855,24,14,10.0,427,0.043262722999998005,2,576,574,576,92,1,1,60,3,2,0.07425607400000445
s1_1000,S1-469262072,S2,US,selective_v1,0,51,435,36,1,2,4,3,0.013322749000167278,24,11,2.0,315,0.014329439999983151,0,402,402,402,82,1,1,60,0,0,0.03189295199990738
s1_1000,S1-469262072,S3,US,selective_v1,0,50,624,36,3,3,3,6,0.020357002000423563,24,19,2.0,495,0.021411692000015137,0,535,535,535,83,1,1,60,1,0,0.0454584579999846
s1_1000,S1-910511213,S2,India,selective_v1,0,42,661,66,10,22,13,32,0.05120861399984733,21,12,9.0,605,0.05243231299994022,2,605,605,607,105,1,1,60,1,2,0.08324216400001205
s1_1000,S1-910511213,S3,India,selective_v1,0,46,980,66,6,27,10,33,0.06828152600019166,23,16,7.0,892,0.0696841610000547,4,896,892,896,113,1,1,60,1,4,0.1362189839999246
s1_1000,S1-568262604,S2,India,selective_v1,0,54,347,120,21,14,0,35,0.010384064000163562,24,21,2.0,113,0.012953559000038695,1,212,211,212,80,1,1,60,2,1,0.024336861000051613
s1_1000,S1-568262604,S3,India,selective_v1,0,54,367,120,21,14,0,35,0.01203982000004089,24,20,2.0,135,0.014640486000075725,0,235,235,235,103,1,1,60,1,0,0.02651219000006222
s1_1000,S1-3965597,S2,India,selective_v1,0,49,304,120,28,37,32,65,0.011338329999716734,23,22,0.0,202,0.012873957000010705,0,243,243,243,88,1,1,60,2,0,0.025658519999979035
s1_1000,S1-3965597,S3,India,selective_v1,0,51,598,120,21,39,0,60,0.036740460000032726,24,24,0.0,523,0.03877470200006883,0,547,547,547,94,1,1,60,1,0,0.06790029299997968
s1_1000,S1-712267907,S2,US,selective_v1,0,47,420,36,3,6,4,9,0.030763908000267293,23,17,6.0,258,0.03162804100008998,0,345,345,345,101,1,1,60,2,0,0.047260859999937566
s1_1000,S1-712267907,S3,US,selective_v1,0,47,274,36,3,6,4,9,0.032452137000063885,23,16,7.0,131,0.033221500000081505,1,206,205,206,80,1,1,60,1,1,0.04296617199997854
s1_1000,S1-571269849,S2,US,selective_v1,0,42,746,45,6,12,7,18,0.04376551799987283,20,17,3.0,432,0.044712088999972366,1,511,510,511,104,1,1,60,2,1,0.06749909600000592
s1_1000,S1-571269849,S3,US,selective_v1,0,42,799,45,6,12,7,18,0.04643597000040245,20,17,3.0,461,0.047441414999980225,1,545,544,545,110,1,1,60,2,1,0.07235034499990434
s1_1000,S1-53898759,S2,US,selective_v1,0,20,269,15,1,4,0,5,0.027556773000128487,10,8,1.0,257,0.02793119300008584,33,258,257,290,125,1,1,60,2,33,0.04122003899999527
s1_1000,S1-53898759,S3,US,selective_v1,0,20,156,15,1,4,0,5,0.03106949799996528,10,8,2.0,139,0.03140879199997926,26,140,139,165,110,1,1,60,3,26,0.03897505800000545
s1_1000,S1-925577931,S2,US,selective_v1,0,50,682,36,1,7,4,8,0.03253934700035188,24,21,3.0,354,0.03376828399996157,0,592,592,592,108,1,1,60,1,0,0.05919609800002945
s1_1000,S1-925577931,S3,US,selective_v1,0,46,704,36,1,9,4,10,0.02876879300015389,22,21,1.0,388,0.030057607000003372,1,605,604,605,112,1,1,60,2,1,0.057023307999997996
s1_1000,S1-607322610,S2,India,selective_v1,0,48,263,45,3,12,8,15,0.011293421000118542,22,10,2.0,189,0.012110539999980574,2,209,207,209,80,1,1,60,0,2,0.023220572000013817
s1_1000,S1-607322610,S3,India,selective_v1,0,50,552,45,3,12,7,15,0.02864295100016534,23,20,1.0,391,0.029634057000066605,14,437,423,437,78,1,1,60,3,14,0.05147654400002466
s1_1000,S1-617480537,S2,US,selective_v1,0,51,772,36,0,2,4,2,0.019198965999521533,24,17,0.0,140,0.020515503999945395,3,696,693,696,84,1,1,60,3,3,0.051731599000049755
s1_1000,S1-617480537,S3,US,selective_v1,0,50,946,36,1,5,4,6,0.03313580100018498,24,24,0.0,349,0.03439808299992819,5,837,832,837,103,1,1,60,3,5,0.0709560349999947
s1_1000,S1-617714375,S2,US,selective_v1,0,42,228,21,1,0,0,1,0.012743242999931681,20,15,3.0,199,0.013306838999938009,0,212,212,212,93,1,1,60,1,0,0.02293971600010991
s1_1000,S1-617714375,S3,US,selective_v1,0,42,277,21,1,0,0,1,0.01259644800006754,20,13,3.0,247,0.013150841999959084,0,262,262,262,102,1,1,60,0,0,0.025243450999937522
s1_1000,S1-548687090,S2,India,selective_v1,0,54,492,66,6,14,0,20,0.008024614000191832,24,21,0.0,40,0.009482224999942446,1,240,239,240,87,1,1,60,1,1,0.022290431999977045
s1_1000,S1-548687090,S3,India,selective_v1,0,54,476,66,6,8,0,14,0.011973849999776576,24,18,2.0,76,0.013467676000004758,1,272,271,272,84,1,1,60,1,1,0.02828890799992223
s1_1000,S1-703174498,S2,India,selective_v1,0,51,1219,66,6,17,0,23,0.036546844000099554,24,17,6.0,280,0.038173102999962794,10,906,896,906,113,1,1,60,0,10,0.08622100499997032
s1_1000,S1-703174498,S3,India,selective_v1,0,51,1418,66,3,22,0,25,0.05147412300016185,24,21,3.0,576,0.05344443499996032,9,1091,1082,1091,102,1,1,60,4,9,0.11287982299995747
s1_1000,S1-785764526,S2,India,selective_v1,0,52,586,55,1,7,0,8,0.023036251000348784,24,20,2.0,281,0.024531407999916155,1,492,491,492,78,1,1,60,1,1,0.051821268000026066
s1_1000,S1-785764526,S3,India,selective_v1,0,52,818,55,1,5,0,6,0.027846632000319005,24,21,2.0,551,0.029903762999992978,2,747,745,747,79,1,1,60,2,2,0.06687871599990558
s1_1000,S1-376767576,S2,US,selective_v1,0,46,445,28,1,2,3,3,0.02062553500024933,22,17,3.0,323,0.02147244100001444,0,404,404,404,89,1,1,60,2,0,0.03935819999992418
s1_1000,S1-376767576,S3,US,selective_v1,0,44,323,28,1,4,2,5,0.019435203999933037,21,19,2.0,186,0.020097308999993402,0,265,265,265,78,1,1,60,2,0,0.0321913880000011
s1_1000,S1-879036575,S2,US,selective_v1,0,28,306,15,0,1,0,1,0.013961330000256567,14,9,2.0,286,0.014431260000037582,91,302,286,377,128,1,1,60,1,35,0.03047326199998679
s1_1000,S1-879036575,S3,US,selective_v1,0,28,338,15,0,1,0,1,0.015703241999744932,14,12,2.0,313,0.016189114999974663,119,323,313,432,118,1,1,60,2,28,0.03461384700005965
s1_1000,S1-137109332,S2,India,selective_v1,0,48,929,55,21,0,12,21,0.007409138000070925,22,22,0.0,128,0.008494333999919945,1,394,393,394,86,1,1,60,2,1,0.02879898999992747
s1_1000,S1-137109332,S3,India,selective_v1,0,48,712,55,15,6,12,21,0.006960228999787432,22,19,0.0,108,0.007984217999933207,0,361,361,361,87,1,1,60,2,0,0.027995932999942852
s1_1000,S1-74161638,S2,US,selective_v1,0,50,1230,55,1,6,0,7,0.043292304000033255,24,18,1.0,280,0.044906442000069546,0,1132,1132,1132,110,1,1,60,1,0,0.09694933799994487
s1_1000,S1-74161638,S3,US,selective_v1,0,49,1447,55,3,11,0,14,0.05138953099981336,24,24,0.0,494,0.05315703200005828,1,1284,1283,1284,115,1,1,60,1,1,0.11073103199998968
s1_1000,S1-812960792,S2,India,selective_v1,0,50,1021,105,21,36,0,57,0.050022595999962505,24,22,2.0,524,0.05186334499990153,2,639,637,639,100,1,1,60,3,2,0.08812064499988992
s1_1000,S1-812960792,S3,India,selective_v1,0,50,787,105,15,40,0,55,0.058334693000006155,24,21,3.0,465,0.06012256399992566,1,582,581,582,108,1,1,60,3,1,0.09155890200008798
s1_1000,S1-371328674,S2,India,selective_v1,0,48,475,55,6,14,12,20,0.02951909899968541,23,11,4.0,421,0.0306801510000696,0,430,430,430,54,0,0,54,0,0,0.052870890999997755
s1_1000,S1-371328674,S3,India,selective_v1,0,50,384,55,1,12,0,13,0.04663456200000837,24,14,7.0,287,0.047978876000001947,0,300,300,300,90,1,1,60,1,0,0.06286772500004645
s1_1000,S1-30617375,S2,India,selective_v1,0,49,593,105,15,21,0,36,0.0304461140000285,24,15,9.0,451,0.032704389000059564,2,519,517,519,111,1,1,60,2,2,0.059894155999927534
s1_1000,S1-30617375,S3,India,selective_v1,0,49,672,105,6,29,0,35,0.035269466999807264,24,14,7.0,565,0.03756764399997792,2,621,619,621,111,1,1,60,3,2,0.07036683699993773
s1_1000,S1-573726315,S2,US,selective_v1,0,17,166,10,0,2,0,2,0.008698201000129302,8,8,0.0,97,0.008927137000000585,84,157,146,230,108,1,1,60,1,30,0.018830050000019583
s1_1000,S1-573726315,S3,US,selective_v1,0,17,166,10,0,2,0,2,0.0100219709997873,8,6,0.0,102,0.010246079000012287,93,158,145,238,108,1,1,60,1,32,0.021805862000064735
s1_1000,S1-354085195,S2,India,selective_v1,0,51,980,105,21,21,0,42,0.031493930999999975,24,23,1.0,596,0.033820902000002206,1,708,707,708,110,1,1,60,1,1,0.07083615700003065
s1_1000,S1-354085195,S3,India,selective_v1,0,51,1068,105,6,27,0,33,0.04574383400029092,24,21,3.0,641,0.048304633000043395,2,753,751,753,104,1,1,60,5,2,0.08710702199994103
s1_1000,S1-770102800,S2,US,selective_v1,0,24,473,15,0,4,0,4,0.03476112700002432,11,10,1.0,184,0.03514190700002473,0,314,314,314,89,1,1,60,2,0,0.050274252000008346
s1_1000,S1-770102800,S3,US,selective_v1,0,24,524,15,0,4,0,4,0.03564309200021398,11,10,1.0,186,0.036003707999952894,3,330,327,330,87,1,1,60,4,3,0.05111080200003926
s1_1000,S1-459488906,S2,US,selective_v1,0,32,185,21,1,4,0,5,0.036930542000277455,16,8,6.0,173,0.03737408699998923,12,185,173,185,93,1,1,60,0,12,0.04577051499995832
s1_1000,S1-459488906,S3,US,selective_v1,0,32,240,21,1,4,0,5,0.038133878000280674,16,10,6.0,214,0.0385889460000044,16,230,214,230,103,1,1,60,0,16,0.04915698499996779
s1_1000,S1-791044420,S2,US,selective_v1,0,38,331,21,0,3,0,3,0.03261144400016747,18,11,3.0,166,0.033146396999995886,33,250,217,250,93,1,1,60,1,33,0.04460763100007625
s1_1000,S1-791044420,S3,US,selective_v1,0,38,333,21,0,3,0,3,0.035528369999838105,18,10,3.0,191,0.036079718999985744,34,262,228,262,79,1,1,60,1,34,0.04793228400001226
s1_1000,S1-557931744,S2,US,selective_v1,0,54,587,45,1,2,0,3,0.00757793900015713,24,16,0.0,123,0.008921849999978804,1,484,483,484,95,1,1,60,3,1,0.030757438000023285
s1_1000,S1-557931744,S3,US,selective_v1,0,52,756,45,3,6,0,9,0.02897992299995167,24,18,2.0,326,0.03024465299995427,0,631,631,631,90,1,1,60,1,0,0.06060056900003019
s1_1000,S1-322467193,S2,US,selective_v1,0,39,351,21,0,2,0,2,0.039251360999742246,19,12,2.0,267,0.03988115200002085,0,336,336,336,101,1,1,60,0,0,0.05474595700002283
s1_1000,S1-322467193,S3,US,selective_v1,0,39,273,21,0,2,0,2,0.041268885999897975,19,14,3.0,183,0.04182971099999122,0,253,253,253,96,1,1,60,0,0,0.05376717399997233
s1_1000,S1-866419638,S2,India,selective_v1,0,53,639,55,6,8,0,14,0.00914840200027811,24,23,0.0,50,0.010503408999966268,1,412,411,412,115,1,1,60,0,1,0.03197025500003292
s1_1000,S1-866419638,S3,India,selective_v1,0,51,645,45,1,8,0,9,0.02735838500018417,24,19,1.0,263,0.028566973000010876,2,415,413,415,98,1,1,60,1,2,0.050249577000045065
s1_1000,S1-813797494,S2,India,selective_v1,0,50,1564,105,10,20,0,30,0.04610192800009827,24,17,7.0,615,0.04893735299992841,6,1391,1391,1397,120,1,1,60,3,6,0.12609257799999796
s1_1000,S1-813797494,S3,India,selective_v1,0,51,1692,105,3,25,0,28,0.07010430799994083,24,17,6.0,427,0.07301198999994085,10,1389,1379,1389,118,1,1,60,1,10,0.14762798700007806
s1_1000,S1-955186399,S2,US,selective_v1,0,51,1112,36,1,3,4,4,0.023797306000460594,24,22,2.0,241,0.024924917000021196,0,989,989,989,110,1,1,60,2,0,0.07317750999993677
s1_1000,S1-955186399,S3,US,selective_v1,0,50,992,36,1,3,4,4,0.024462169000457834,24,22,2.0,250,0.02557722400001694,1,871,870,871,108,1,1,60,1,1,0.06778813199991873
s1_1000,S1-520103019,S2,US,selective_v1,0,42,1087,21,0,1,0,1,0.01797859699968285,20,14,1.0,368,0.01873878000003515,32,933,901,933,109,1,1,60,0,32,0.05827429500004655
s1_1000,S1-520103019,S3,US,selective_v1,0,42,1070,21,0,1,0,1,0.017707285000142292,20,14,1.0,365,0.018698223000001235,29,923,894,923,100,1,1,60,0,29,0.06008628999995835
s1_1000,S1-258185803,S2,India,selective_v1,0,52,1154,120,6,22,0,28,0.021810008999750607,24,20,4.0,268,0.024961768999901324,8,928,920,928,115,1,1,60,2,8,0.07704352100006417
s1_1000,S1-258185803,S3,India,selective_v1,0,52,1322,120,3,27,0,30,0.029041073999451328,24,20,2.0,496,0.032172013000035804,12,1174,1162,1174,117,1,1,60,1,12,0.09694723799998428
s1_1000,S1-773472108,S2,US,selective_v1,0,38,519,21,1,2,0,3,0.012520607999590538,18,13,1.0,180,0.013089163999893572,0,338,338,338,84,1,1,60,0,0,0.02874175500005549
s1_1000,S1-773472108,S3,US,selective_v1,0,37,373,21,1,2,0,3,0.012677848000180347,18,9,1.0,188,0.013238268000009157,0,355,355,355,113,1,1,60,0,0,0.029202269000052183
s1_1000,S1-790850301,S2,US,selective_v1,0,50,369,36,1,4,4,5,0.02221724599985464,24,19,5.0,257,0.02318040900001961,0,284,284,284,78,1,1,60,2,0,0.035656431000006705
s1_1000,S1-790850301,S3,US,selective_v1,0,50,601,36,1,4,4,5,0.022622895000040444,24,20,4.0,453,0.02369546200009154,0,482,482,482,77,1,1,60,2,0,0.04491834599991762
s1_1000,S1-588443658,S2,US,selective_v1,0,27,872,15,0,2,0,2,0.01856292000013582,13,12,1.0,130,0.019176603999994768,2,799,797,799,96,1,1,60,3,2,0.06004439100001946
s1_1000,S1-588443658,S3,US,selective_v1,0,27,920,15,0,2,0,2,0.020114351000302122,13,9,1.0,149,0.020571871000015562,2,854,852,854,87,1,1,60,4,2,0.05867324599989843
s1_1000,S1-480966375,S2,US,selective_v1,0,52,605,45,1,6,0,7,0.023551247000114017,24,22,2.0,71,0.02469618400004947,0,490,490,490,108,1,1,60,1,0,0.04652937599996676
s1_1000,S1-480966375,S3,US,selective_v1,0,52,624,45,1,6,0,7,0.023852591999911965,24,21,2.0,81,0.024987758000065696,0,514,514,514,107,1,1,60,1,0,0.0510549450000326
s1_1000,S1-843890090,S2,India,selective_v1,0,53,959,78,15,6,0,21,0.011374414000442812,24,18,5.0,0,0.013213431000053788,1,777,776,777,113,1,1,60,2,1,0.05721807200006879
s1_1000,S1-843890090,S3,India,selective_v1,0,52,923,66,10,9,0,19,0.01569475499991313,24,16,7.0,0,0.017126713000038762,2,709,707,709,105,1,1,60,3,2,0.05845619699994131
s1_1000,S1-61871677,S2,US,selective_v1,0,35,722,45,6,17,6,23,0.035295161000021835,16,15,1.0,294,0.03598878399998284,59,458,453,512,158,1,1,60,4,53,0.05874646600000233
s1_1000,S1-61871677,S3,US,selective_v1,0,23,590,36,6,17,2,23,0.03893033499991816,11,10,1.0,343,0.039462595999907535,53,510,508,561,164,1,1,60,1,51,0.06443867099994804
s1_1000,S1-260598709,S2,US,selective_v1,0,42,666,28,1,4,2,5,0.033661567000194736,21,18,3.0,605,0.034569903000033264,2,607,605,607,87,1,1,60,3,2,0.05982056100003774
s1_1000,S1-260598709,S3,US,selective_v1,0,40,473,28,3,3,2,6,0.02819440700022824,20,15,4.0,432,0.028983497000012903,1,433,432,433,83,1,1,60,2,1,0.04814773099997183
s1_1000,S1-845153701,S2,US,selective_v1,0,49,887,45,1,11,0,12,0.04754786399973909,24,17,6.0,488,0.0488245790000974,1,602,602,603,103,1,1,60,1,1,0.07558064599993486
s1_1000,S1-845153701,S3,US,selective_v1,0,49,744,45,1,11,0,12,0.05082214099968496,24,16,7.0,362,0.05202655399989453,2,474,473,475,112,1,1,60,1,2,0.07383436899999651
s1_1000,S1-849079218,S2,US,selective_v1,0,32,306,15,0,0,0,0,0.005236562999925809,15,13,0.0,81,0.00560758500000702,1,283,282,283,87,1,1,60,2,1,0.01842098800000258
s1_1000,S1-849079218,S3,US,selective_v1,0,32,366,15,0,0,0,0,0.0060915719999457,15,14,0.0,112,0.006494394000014836,0,336,336,336,88,1,1,60,1,0,0.023067185000059
s1_1000,S1-182087716,S2,US,selective_v1,0,44,1279,28,1,4,2,5,0.03093935899994449,21,15,2.0,187,0.03183506999994279,0,1054,1054,1054,115,1,1,60,0,0,0.0777154329999803
s1_1000,S1-182087716,S3,US,selective_v1,0,44,1344,28,1,4,2,5,0.031786657999987256,21,19,2.0,214,0.032661327000027995,1,1095,1094,1095,113,1,1,60,1,1,0.08141603799992936
s1_1000,S1-143018597,S2,US,selective_v1,0,42,524,21,0,1,0,1,0.03822881399958078,20,20,0.0,256,0.03892721099998653,3,460,457,460,114,1,1,60,3,3,0.06024098299997149
s1_1000,S1-143018597,S3,US,selective_v1,0,40,514,21,0,2,0,2,0.03139554000017597,19,19,0.0,235,0.03201746000002004,1,452,451,452,117,1,1,60,2,1,0.05569692100004886
s1_1000,S1-497491595,S2,US,selective_v1,0,49,332,28,0,2,3,2,0.0192563609998615,23,12,2.0,160,0.020028569000032803,0,241,241,241,106,1,1,60,1,0,0.031277290999923935
s1_1000,S1-497491595,S3,US,selective_v1,0,49,399,28,0,2,3,2,0.019498939000300197,23,17,2.0,176,0.020250003000001016,1,264,263,264,87,1,1,60,3,1,0.03238827500001662
s1_1000,S1-840845463,S2,US,selective_v1,0,25,310,15,0,3,0,3,0.01694878999978755,12,10,1.0,199,0.01733246000003419,0,268,268,268,87,1,1,60,2,0,0.030142439999963244
s1_1000,S1-840845463,S3,US,selective_v1,0,25,382,15,0,3,0,3,0.01749155399988922,12,10,1.0,237,0.01788217400007852,1,325,324,325,87,1,1,60,1,1,0.032792969000070116
s1_1000,S1-514427791,S2,US,selective_v1,0,31,434,15,1,0,0,1,0.00554542499969557,14,13,1.0,70,0.005908023000074536,5,321,316,321,76,1,1,60,3,5,0.019727772999999615
s1_1000,S1-514427791,S3,US,selective_v1,0,31,493,15,1,0,0,1,0.006008253999880253,14,13,1.0,70,0.006399590999990323,2,353,351,353,76,1,1,60,1,2,0.02250562999995509
s1_1000,S1-707712795,S2,India,selective_v1,0,51,484,55,3,6,0,9,0.026996759999860842,24,23,1.0,403,0.028494222999938756,3,407,404,407,117,1,1,60,1,3,0.04949323200003164
s1_1000,S1-707712795,S3,India,selective_v1,0,51,390,55,1,7,0,8,0.032583640999632735,24,18,2.0,331,0.03408358399997269,4,337,333,337,114,1,1,60,3,4,0.051294310999992376
s1_1000,S1-566917738,S2,India,selective_v1,0,46,397,36,1,9,4,10,0.021129264000364856,22,19,2.0,195,0.021949662999986685,2,274,272,274,88,1,1,60,1,2,0.036132106999957614
s1_1000,S1-566917738,S3,India,selective_v1,0,50,577,36,0,7,4,7,0.03627613899993776,24,22,2.0,451,0.03728545000001304,3,522,519,522,104,1,1,60,1,3,0.0645025879999821
s1_1000,S1-959142386,S2,US,selective_v1,0,51,874,36,0,2,4,2,0.015808626999955777,24,15,3.0,30,0.016894751999984692,1,772,771,772,93,1,1,60,3,1,0.05207390900000064
s1_1000,S1-959142386,S3,US,selective_v1,0,51,1193,45,0,3,0,3,0.02141604600001301,24,16,2.0,179,0.02277689899995039,1,1079,1078,1079,85,1,1,60,2,1,0.0735393350000777
s1_1000,S1-635056779,S2,US,selective_v1,0,27,614,15,0,3,0,3,0.02222385999971266,12,12,0.0,273,0.022643971999968926,1,477,476,477,87,1,1,60,2,1,0.04534049300002607
s1_1000,S1-635056779,S3,US,selective_v1,0,27,729,15,0,3,0,3,0.024283826000100817,12,9,0.0,347,0.046676970000021356,0,586,586,586,87,1,1,60,2,0,0.07207970100000693
s1_1000,S1-918291535,S2,US,selective_v1,0,51,558,36,1,0,4,1,0.02180707999968945,24,20,4.0,426,0.022979539999937515,2,441,439,441,74,1,1,60,5,2,0.042437465000034535
s1_1000,S1-918291535,S3,US,selective_v1,0,51,524,36,3,0,4,3,0.024781044999599544,24,20,4.0,461,0.025982766999959495,1,466,465,466,78,1,1,60,2,1,0.04703747600001407
s1_1000,S1-232298053,S2,US,selective_v1,0,44,549,21,0,1,0,1,0.0073780689999694005,20,19,1.0,177,0.007937820000051943,3,320,317,320,107,1,1,60,4,3,0.02205028800005948
s1_1000,S1-232298053,S3,US,selective_v1,0,44,431,21,0,1,0,1,0.007362256000533307,20,13,1.0,173,0.00789015800000925,1,297,296,297,88,1,1,60,2,1,0.02096860699998615
s1_1000,S1-972777978,S2,US,selective_v1,0,45,423,28,1,2,3,3,0.02219342300008975,22,18,3.0,385,0.02298759199993583,1,388,387,388,101,1,1,60,4,1,0.03945373200008362
s1_1000,S1-972777978,S3,US,selective_v1,0,45,307,28,1,2,3,3,0.024127206999992268,22,18,4.0,260,0.024864243000024544,1,263,262,263,93,1,1,60,2,1,0.03684366099992076
s1_1000,S1-939107867,S2,India,selective_v1,0,51,1135,91,10,24,0,34,0.03594897399977981,24,18,3.0,712,0.038071998000077656,5,793,788,793,115,1,1,60,3,5,0.0797650929999918
s1_1000,S1-939107867,S3,India,selective_v1,0,51,999,91,3,32,0,35,0.05211450000001605,24,20,3.0,793,0.05419519500003389,11,858,847,858,118,1,1,60,1,11,0.09758179200002814
s1_1000,S1-410986076,S2,US,selective_v1,0,40,746,36,1,12,4,13,0.07107650099999319,19,13,4.0,606,0.07211808900001415,44,667,666,710,138,1,1,60,0,44,0.10313899699997364
s1_1000,S1-410986076,S3,US,selective_v1,0,40,797,36,1,12,4,13,0.07258453800000098,19,11,4.0,642,0.07347173000005114,35,710,710,745,122,1,1,60,0,35,0.10633111100003134
s1_1000,S1-586341558,S2,India,selective_v1,0,48,759,91,15,29,24,44,0.021333686999923884,23,18,5.0,229,0.022807772999954068,36,481,479,515,129,1,1,60,4,36,0.05156200700002955
s1_1000,S1-586341558,S3,India,selective_v1,0,50,882,91,10,29,0,39,0.03982330100006948,24,17,7.0,529,0.04174467200004983,49,724,721,770,134,1,1,60,3,42,0.08213040199996158
s1_1000,S1-326725359,S2,US,selective_v1,0,43,840,36,1,10,4,11,0.07541495500004203,21,18,3.0,337,0.07635617099992942,13,592,579,592,108,1,1,60,1,13,0.10157195600004343
s1_1000,S1-326725359,S3,US,selective_v1,0,43,941,36,1,10,4,11,0.07744700400041893,21,18,3.0,388,0.07843241099999432,17,618,601,618,99,1,1,60,4,17,0.10562946100003501
s1_1000,S1-353308813,S2,US,selective_v1,0,29,155,15,0,1,0,1,0.016992721000065103,14,11,3.0,59,0.01733591200002138,0,140,140,140,85,1,1,60,2,0,0.023680863999970825
s1_1000,S1-353308813,S3,US,selective_v1,0,29,201,15,0,1,0,1,0.01815352599999187,14,11,3.0,71,0.018478845000004185,1,163,162,163,87,1,1,60,3,1,0.02660256699994079
s1_1000,S1-132364004,S2,India,selective_v1,0,53,842,105,15,12,0,27,0.015025223000634469,24,16,3.0,318,0.017604215999995176,0,427,427,427,103,1,1,60,0,0,0.04102082400004292
s1_1000,S1-132364004,S3,India,selective_v1,0,55,827,105,10,16,0,26,0.013957094999568653,24,18,3.0,111,0.016524928000080763,1,485,484,485,110,1,1,60,1,1,0.04437791800000923
s1_1000,S1-198077365,S2,US,selective_v1,0,51,679,36,1,6,3,7,0.02789195899981678,24,14,4.0,209,0.028842738999969697,0,371,371,371,120,1,1,60,0,0,0.04537275600000612
s1_1000,S1-198077365,S3,US,selective_v1,0,51,820,36,1,6,3,7,0.030232997000098294,24,18,4.0,233,0.03122628000005534,1,428,427,428,117,1,1,60,1,1,0.050756656999965344
s1_1000,S1-272648186,S2,US,selective_v1,0,31,151,15,1,0,0,1,0.007590177999873049,14,12,2.0,69,0.007952472000056332,119,116,109,228,115,1,1,60,1,46,0.017720315000019582
s1_1000,S1-272648186,S3,US,selective_v1,0,19,154,10,1,0,0,1,0.007472996999922543,9,7,2.0,75,0.007712162999951033,112,126,118,230,116,1,1,60,2,47,0.017556104999925992
s1_1000,S1-20672382,S2,US,selective_v1,0,51,873,78,1,9,0,10,0.03904719100000875,24,15,6.0,403,0.041456819000018186,12,789,777,789,110,1,1,60,2,12,0.07649852200006535
s1_1000,S1-20672382,S3,US,selective_v1,0,50,807,78,3,17,0,20,0.058981559000017114,24,13,8.0,478,0.06097936599996956,6,752,752,758,115,1,1,60,0,6,0.09535426100001132
s1_1000,S1-835228831,S2,US,selective_v1,0,48,616,28,1,2,3,3,0.010337579999941227,22,20,2.0,129,0.011049653999975817,1,343,342,343,88,1,1,60,3,1,0.02695852300007573
s1_1000,S1-835228831,S3,US,selective_v1,0,48,602,28,1,2,3,3,0.011050759999989168,22,15,2.0,135,0.011802786000089327,0,346,346,346,97,1,1,60,2,0,0.02856463000000531
s1_1000,S1-851151897,S2,India,selective_v1,0,53,423,105,15,19,0,34,0.014274436000164314,24,21,3.0,150,0.016394264000041403,1,261,260,261,104,1,1,60,1,1,0.031236850000027516
s1_1000,S1-851151897,S3,India,selective_v1,0,53,461,105,10,18,0,28,0.016103245000181232,24,20,2.0,213,0.01856481899994833,1,320,319,320,105,1,1,60,3,1,0.036221759999989445
s1_1000,S1-423722776,S2,US,selective_v1,0,43,918,28,1,4,2,5,0.03523040499999297,21,15,3.0,364,0.03613768799993977,0,799,799,799,117,1,1,60,0,0,0.07367238399990583
s1_1000,S1-423722776,S3,US,selective_v1,0,43,951,28,1,4,2,5,0.036157210999817835,21,15,3.0,394,0.03705296400005409,0,834,834,834,112,1,1,60,2,0,0.07404580899992652
s1_1000,S1-542941807,S2,India,selective_v1,0,26,145,120,28,62,18,90,0.010106718000088222,12,11,1.0,0,0.010700413999984448,0,59,59,59,51,0,0,51,1,0,0.015000460999999632
s1_1000,S1-542941807,S3,India,selective_v1,0,36,556,120,15,70,18,85,0.0407366169999932,17,10,1.0,437,0.04185079900003075,0,498,498,498,103,1,1,60,0,0,0.06812229100000877
s1_1000,S1-77568999,S2,India,selective_v1,0,48,622,66,10,11,0,21,0.03463519000013093,24,15,9.0,573,0.03621618900001522,0,573,573,573,103,1,1,60,1,0,0.06598866500007716
s1_1000,S1-77568999,S3,India,selective_v1,0,48,922,66,6,21,13,27,0.035981497000193485,24,18,6.0,799,0.03754843600006552,4,799,799,803,98,1,1,60,1,4,0.07738808099998096
s1_1000,S1-281915633,S2,US,selective_v1,0,49,1084,28,0,2,3,2,0.026463716999728604,23,23,0.0,558,0.027478361000021323,3,883,880,883,90,1,1,60,3,3,0.0665891119999742
s1_1000,S1-281915633,S3,US,selective_v1,0,49,859,28,0,2,3,2,0.027362440000274546,23,18,2.0,336,0.028244072999996206,2,663,661,663,91,1,1,60,2,2,0.05798507299994071
s1_1000,S1-431297138,S2,India,selective_v1,0,48,1435,78,21,15,20,36,0.009300115999849368,22,22,0.0,0,0.010718626999960179,1,823,822,823,92,1,1,60,2,1,0.05636310400007005
s1_1000,S1-431297138,S3,India,selective_v1,0,48,1300,78,15,21,20,36,0.00885816399977557,22,21,0.0,0,0.010255389000008108,0,810,810,810,105,1,1,60,1,0,0.05468733099996825
s1_1000,S1-612842808,S2,US,selective_v1,0,39,536,28,1,6,2,7,0.030192320999844924,19,16,3.0,388,0.030916350000097736,0,491,491,491,118,1,1,60,1,0,0.05322867799998221
s1_1000,S1-612842808,S3,US,selective_v1,0,39,745,28,1,6,2,7,0.03423151400011193,19,17,2.0,536,0.03532249399995635,1,659,658,659,114,1,1,60,3,1,0.06406424600004357
s1_1000,S1-520412269,S2,India,selective_v1,0,49,774,66,1,15,0,16,0.05596498999989308,24,23,1.0,624,0.05785034500001984,7,635,628,635,105,1,1,60,5,7,0.09081323700002031
s1_1000,S1-520412269,S3,India,selective_v1,0,49,449,66,0,10,0,10,0.0524663309998914,24,19,3.0,383,0.05428854000001593,8,392,384,392,103,1,1,60,3,8,0.07529552500000136
s1_1000,S1-787210794,S2,US,selective_v1,0,34,616,21,1,4,0,5,0.01655782999978328,16,15,1.0,114,0.0170946969999477,2,454,452,454,96,1,1,60,3,2,0.03719506200002343
s1_1000,S1-787210794,S3,US,selective_v1,0,34,598,21,1,4,0,5,0.01638928299996678,16,13,1.0,121,0.01703985799997554,3,484,481,484,104,1,1,60,2,3,0.04014129300003333
s1_1000,S1-124462211,S2,US,selective_v1,0,51,494,45,1,7,0,8,0.01700161800033584,24,18,1.0,349,0.018160883000064132,0,454,454,454,90,1,1,60,1,0,0.03837867999993705
s1_1000,S1-124462211,S3,US,selective_v1,0,51,466,45,1,7,0,8,0.018957382000166945,24,22,2.0,278,0.02008904000001621,1,390,389,390,103,1,1,60,2,1,0.038680717999909575
s1_1000,S1-51865922,S2,US,selective_v1,0,44,375,21,0,1,0,1,0.004882115000441445,20,20,0.0,113,0.0054356470000129775,0,236,236,236,89,1,1,60,3,0,0.016069458999936614
s1_1000,S1-51865922,S3,US,selective_v1,0,44,351,21,0,1,0,1,0.005138905000194427,20,20,0.0,130,0.005654368000023169,1,243,242,243,81,1,1,60,2,1,0.01657800700002099
s1_1000,S1-350834708,S2,India,selective_v1,0,49,710,91,21,14,0,35,0.030906440999842744,24,16,7.0,438,0.03284002500004135,3,531,528,531,114,1,1,60,0,3,0.06135800599997765
s1_1000,S1-350834708,S3,India,selective_v1,0,49,502,91,15,12,0,27,0.027792462999968848,24,12,11.0,307,0.02979483399997207,2,409,407,409,115,1,1,60,2,2,0.05141852600002039
s1_1000,S1-923292062,S2,US,selective_v1,0,51,1439,78,1,15,0,16,0.06606898899974567,24,19,2.0,437,0.06834341499995844,7,1221,1221,1228,123,1,1,60,4,7,0.14785159600000952
s1_1000,S1-923292062,S3,US,selective_v1,0,50,1833,78,10,20,0,30,0.06075808400009919,24,21,2.0,434,0.06272647000002962,8,1290,1290,1298,126,1,1,60,2,8,0.12285928300002524
s1_1000,S1-990218012,S2,US,selective_v1,0,30,950,15,0,1,0,1,0.0096545960000185,14,14,0.0,253,0.010165040999936537,1,883,882,883,98,1,1,60,1,1,0.05077387299991187
s1_1000,S1-990218012,S3,US,selective_v1,0,30,1034,15,0,1,0,1,0.009837901999958376,14,11,0.0,266,0.01034420299993144,2,946,944,946,91,1,1,60,3,2,0.05152367800008051
s1_1000,S1-423224877,S2,US,selective_v1,0,39,262,21,0,2,0,2,0.034828448999860484,19,12,1.0,252,0.035366351999982726,0,253,253,253,103,1,1,60,1,0,0.046959172000015315
s1_1000,S1-423224877,S3,US,selective_v1,0,39,206,21,0,2,0,2,0.037930649999793786,19,17,2.0,164,0.03844975599997724,1,167,166,167,110,1,1,60,2,1,0.04641555700004574
s1_1000,S1-878547730,S2,India,selective_v1,0,50,416,91,10,22,0,32,0.0261208249999072,24,21,2.0,324,0.028054285999928652,1,329,328,329,92,1,1,60,0,1,0.0463549350000676
s1_1000,S1-878547730,S3,India,selective_v1,0,49,646,78,6,18,0,24,0.03488554100010788,24,20,4.0,525,0.036737266000045565,0,534,534,534,91,1,1,60,1,0,0.06473306300006243
s1_1000,S1-807591789,S2,US,selective_v1,0,48,809,28,1,2,3,3,0.008584130000144796,22,12,1.0,23,0.009380035999924985,94,633,631,725,128,1,1,60,4,44,0.04054164599995147
s1_1000,S1-807591789,S3,US,selective_v1,0,36,937,28,3,6,2,9,0.022088166000230558,17,11,3.0,157,0.022763863000022866,95,748,747,842,160,1,1,60,0,35,0.05940047100000356
s1_1000,S1-944458772,S2,India,selective_v1,0,51,1035,120,15,33,0,48,0.04758665800000017,24,24,0.0,540,0.05057951800006322,1,816,815,816,112,1,1,60,4,1,0.09446777999994538
s1_1000,S1-944458772,S3,India,selective_v1,0,51,924,120,10,29,0,39,0.047054419000119196,24,22,2.0,559,0.04985518700004832,0,825,825,825,112,1,1,60,1,0,0.09361348400000225
s1_1000,S1-163959939,S2,India,selective_v1,0,49,841,120,10,25,0,35,0.06179830199971548,24,22,2.0,667,0.0648475560000179,0,674,674,674,110,1,1,60,3,0,0.10168575900001997
s1_1000,S1-163959939,S3,India,selective_v1,0,49,728,120,1,23,0,24,0.06838037800037,24,20,3.0,619,0.07159475899993595,0,623,623,623,108,1,1,60,1,0,0.10540047099993899
s1_1000,S1-853088463,S2,India,selective_v1,0,48,786,45,6,8,8,14,0.015607573000352204,23,18,1.0,338,0.01664511000001312,0,491,491,491,87,1,1,60,0,0,0.04129076200001691
s1_1000,S1-853088463,S3,India,selective_v1,0,48,687,45,6,8,8,14,0.013604867000026388,23,21,2.0,213,0.014620703999980833,1,402,401,402,85,1,1,60,1,1,0.03464679800003978
s1_1000,S1-419879346,S2,India,selective_v1,0,41,843,78,15,27,16,42,0.04786087800005134,20,14,6.0,499,0.0490979009999819,0,736,736,736,109,1,1,60,1,0,0.0887554270000237
s1_1000,S1-419879346,S3,India,selective_v1,0,42,605,78,15,26,16,41,0.04677676200003589,21,15,6.0,553,0.04809328600003937,1,553,553,554,101,1,1,60,2,1,0.07783878099996855
s1_1000,S1-614934580,S2,US,selective_v1,0,52,399,45,0,4,0,4,0.015513660000124219,24,13,4.0,200,0.016755872999965504,0,352,352,352,113,1,1,60,1,0,0.03373412600001302
s1_1000,S1-614934580,S3,US,selective_v1,0,51,511,45,1,7,0,8,0.03506079899989345,24,16,6.0,314,0.03631564499994511,0,399,399,399,108,1,1,60,1,0,0.054497695000009116
s1_1000,S1-151748140,S2,India,selective_v1,0,49,757,120,10,33,0,43,0.05466149300025336,24,18,6.0,473,0.05724777099999301,5,597,597,602,100,1,1,60,2,5,0.09137373800001569
s1_1000,S1-151748140,S3,India,selective_v1,0,50,1153,120,6,34,0,40,0.05979145799994967,24,19,4.0,685,0.06276543100000254,11,930,919,930,79,1,1,60,1,11,0.11278949200004718
s1_1000,S1-150168984,S2,India,selective_v1,0,39,457,55,10,16,10,26,0.027670695999745476,19,12,7.0,373,0.028566546000092785,5,419,414,419,114,1,1,60,1,5,0.050689387000034
s1_1000,S1-150168984,S3,India,selective_v1,0,41,521,55,10,15,10,25,0.038003963000392105,20,13,7.0,451,0.039021499000000404,7,492,485,492,104,1,1,60,1,7,0.06470280600001388
s1_1000,S1-905791445,S2,US,selective_v1,0,39,384,21,0,2,0,2,0.02310157499982779,19,18,1.0,261,0.0237412219998987,5,294,289,294,89,1,1,60,5,5,0.03643690100000185
s1_1000,S1-905791445,S3,US,selective_v1,0,39,365,21,0,2,0,2,0.02421514700017724,19,18,1.0,279,0.024836075999928653,4,310,306,310,97,1,1,60,3,4,0.03889555899991137
s1_1000,S1-945761456,S2,US,selective_v1,0,51,880,36,1,0,2,1,0.015605555999968601,24,15,2.0,196,0.016833631000054083,0,803,803,803,113,1,1,60,1,0,0.05104390799999692
s1_1000,S1-945761456,S3,US,selective_v1,0,50,911,36,3,0,4,3,0.022325294999745893,24,20,4.0,183,0.023432555999988836,1,782,781,782,116,1,1,60,1,1,0.05907874299998639
s1_1000,S1-321236077,S2,India,selective_v1,0,53,781,91,3,12,0,15,0.016165601999887258,24,21,3.0,189,0.01858188500000324,1,515,514,515,96,1,1,60,2,1,0.047054741000010836
s1_1000,S1-321236077,S3,India,selective_v1,0,53,777,91,0,11,0,11,0.021604202000048645,24,20,4.0,284,0.02411203300005127,1,547,546,547,92,1,1,60,2,1,0.05196375400009856
s1_1000,S1-174693204,S2,US,selective_v1,0,39,303,21,1,2,0,3,0.012007397000047604,18,16,2.0,149,0.012492031999954634,1,236,235,236,79,1,1,60,1,1,0.023220431999902758
s1_1000,S1-174693204,S3,US,selective_v1,0,39,399,21,1,2,0,3,0.012271355000166295,18,16,2.0,164,0.012798057999930279,3,270,267,270,75,1,1,60,5,3,0.0248779140000579
s1_1000,S1-320198412,S2,India,selective_v1,0,46,1152,55,10,11,12,21,0.0203910539997878,22,17,5.0,177,0.021604181999919092,5,750,745,750,107,1,1,60,3,5,0.0608815540000478
s1_1000,S1-320198412,S3,India,selective_v1,0,42,1041,55,6,19,10,25,0.02523229700000229,20,17,3.0,322,0.02627856700007669,8,864,856,864,109,1,1,60,4,8,0.07101579700008642
s1_1000,S1-936476958,S2,US,selective_v1,0,29,229,15,0,1,0,1,0.012572652000017115,14,10,1.0,202,0.013011095999900135,1,217,216,217,81,1,1,60,2,1,0.02322098400009054
s1_1000,S1-936476958,S3,US,selective_v1,0,29,249,15,0,1,0,1,0.013945572000352513,14,10,1.0,231,0.014338077999923371,0,239,239,239,81,1,1,60,1,0,0.025334834999966915
s1_1000,S1-238039681,S2,US,selective_v1,0,18,382,15,3,3,0,6,0.014780472000097689,9,7,2.0,338,0.015172717000041303,53,338,338,391,151,1,1,60,1,48,0.03199518899998566
s1_1000,S1-238039681,S3,US,selective_v1,0,18,265,15,3,3,0,6,0.01582511699996303,9,6,3.0,245,0.016178018999994492,82,245,245,327,149,1,1,60,4,53,0.030967584999984865
s1_1000,S1-977335915,S2,India,selective_v1,0,34,366,28,3,7,2,10,0.008003056999882574,16,12,4.0,21,0.008513206999964495,0,233,233,233,79,1,1,60,2,0,0.02142819400000917
s1_1000,S1-977335915,S3,India,selective_v1,0,36,524,28,3,6,2,9,0.013222444000120959,17,13,4.0,122,0.013768388000016785,0,342,342,342,76,1,1,60,3,0,0.030411003000040182
s1_1000,S1-619845474,S2,India,selective_v1,0,51,1032,78,15,18,12,33,0.027890620000107447,24,20,4.0,151,0.029511666999951558,0,424,424,424,93,1,1,60,3,0,0.05133142500005761
s1_1000,S1-619845474,S3,India,selective_v1,0,51,951,78,15,18,12,33,0.027997883999887563,24,21,2.0,272,0.029583366999986538,2,499,497,499,100,1,1,60,4,2,0.0548709439999584
s1_1000,S1-261965094,S2,US,selective_v1,0,46,538,21,0,0,0,0,0.005753314999878967,21,7,1.0,16,0.006253433000097175,4,526,526,530,95,1,1,60,1,4,0.054019568999933654
s1_1000,S1-261965094,S3,US,selective_v1,0,38,552,21,0,3,0,3,0.011314066999716488,18,11,3.0,59,0.011795857000038268,5,476,475,480,87,1,1,60,2,5,0.035762262000048395
s1_1000,S1-693690841,S2,US,selective_v1,0,33,263,21,1,4,0,5,0.017056875000207583,16,12,2.0,188,0.017556855999941945,0,241,241,241,101,1,1,60,3,0,0.02815865100001247
s1_1000,S1-693690841,S3,US,selective_v1,0,33,264,21,1,4,0,5,0.01811911500021779,16,14,2.0,195,0.018588303999990785,1,233,232,233,103,1,1,60,3,1,0.029517817000055402
s1_1000,S1-717391267,S2,US,selective_v1,0,42,406,28,1,4,2,5,0.02790035999976226,21,18,3.0,359,0.02866415699998015,11,359,359,370,104,1,1,60,1,11,0.04487968599994474
s1_1000,S1-717391267,S3,US,selective_v1,0,42,441,28,1,4,2,5,0.029533552000089003,21,15,3.0,409,0.030325860999937504,5,409,409,414,99,1,1,60,0,5,0.04917837300001793
s1_1000,S1-783653290,S2,India,selective_v1,0,50,350,120,10,15,0,25,0.020203427999831547,24,23,0.0,282,0.023330368999950224,1,289,288,289,93,1,1,60,1,1,0.039501304000054915
s1_1000,S1-783653290,S3,India,selective_v1,0,49,447,120,10,20,0,30,0.028727919000402835,24,18,0.0,424,0.03167760099995576,2,430,428,430,91,1,1,60,3,2,0.055147897999972884
s1_1000,S1-953535957,S2,US,selective_v1,0,36,646,28,0,8,2,8,0.07112347700001465,18,16,2.0,582,0.07192517999999382,18,600,582,600,101,1,1,60,3,18,0.09843785299995034
s1_1000,S1-953535957,S3,US,selective_v1,0,34,693,28,0,9,2,9,0.06782673600014277,17,15,2.0,610,0.06861827299997003,26,636,610,636,100,1,1,60,1,26,0.09704030499995042
s1_1000,S1-959204160,S2,US,selective_v1,0,42,384,28,1,4,2,5,0.05029455000044436,21,15,6.0,343,0.05107623099991088,2,345,343,345,108,1,1,60,3,2,0.06619057599993994
s1_1000,S1-959204160,S3,US,selective_v1,0,38,417,28,1,6,2,7,0.049625958999968134,19,15,4.0,384,0.05035183799998322,1,385,384,385,115,1,1,60,3,1,0.06748637999999119
s1_1000,S1-511725706,S2,US,selective_v1,0,29,329,15,0,1,0,1,0.015224178999915239,14,12,2.0,215,0.015635966999980155,29,278,249,278,93,1,1,60,4,29,0.02769159900003615
s1_1000,S1-511725706,S3,US,selective_v1,0,29,201,15,0,1,0,1,0.015954643999975815,14,11,3.0,90,0.01631090800003676,27,162,135,162,94,1,1,60,2,27,0.023681397000018478
s1_1000,S1-104251787,S2,US,selective_v1,0,52,1154,36,1,2,2,3,0.010925953999958438,24,15,2.0,67,0.012072572000079163,0,919,919,919,107,1,1,60,2,0,0.05359276100000443
s1_1000,S1-104251787,S3,US,selective_v1,0,51,1407,36,3,3,4,6,0.02085584199949153,24,20,4.0,130,0.02192152200007058,4,1016,1012,1016,107,1,1,60,3,4,0.06898416399997132
s1_1000,S1-961200002,S2,India,selective_v1,0,25,389,36,10,10,4,20,0.01711093799997343,12,10,2.0,149,0.017564729000014268,2,236,234,236,79,1,1,60,4,2,0.030322601000079885
s1_1000,S1-961200002,S3,India,selective_v1,0,30,338,45,10,15,6,25,0.012836786999969263,14,14,0.0,151,0.013359785000034208,6,211,205,211,78,1,1,60,2,6,0.024179401999958827
s1_1000,S1-18267845,S2,India,selective_v1,0,50,190,55,10,5,0,15,0.020713153000087914,24,9,14.0,146,0.021964504000038687,0,157,157,157,59,0,0,59,1,0,0.03050270099993213
s1_1000,S1-18267845,S3,India,selective_v1,0,42,323,55,10,15,10,25,0.023074683999993795,20,11,9.0,250,0.023923371000023508,0,265,265,265,70,1,1,60,2,0,0.036801738999997724
s1_1000,S1-104565081,S2,US,selective_v1,0,30,897,15,1,0,0,1,0.010920222999970974,14,13,1.0,269,0.011488472999985788,5,717,712,717,105,1,1,60,2,5,0.04266320299996096
s1_1000,S1-104565081,S3,US,selective_v1,0,30,865,15,1,0,0,1,0.010949359000278491,14,13,1.0,275,0.01148617799992735,6,694,688,694,106,1,1,60,3,6,0.04251336799995897
s1_1000,S1-820439105,S2,US,selective_v1,0,36,415,21,1,3,0,4,0.013020131000303081,17,11,1.0,79,0.013465435999933106,0,347,347,347,92,1,1,60,0,0,0.02962349200004155
s1_1000,S1-820439105,S3,US,selective_v1,0,33,226,21,1,4,0,5,0.010554428999967058,16,16,0.0,121,0.010958389000052193,3,138,135,138,80,1,1,60,2,3,0.017463637999981074
s1_1000,S1-957128444,S2,India,selective_v1,0,49,732,78,6,19,0,25,0.04583268900012172,24,16,7.0,583,0.04772797400005402,5,589,584,589,117,1,1,60,1,5,0.07796114299992496
s1_1000,S1-957128444,S3,India,selective_v1,0,50,783,78,3,21,0,24,0.0522697449999896,24,18,6.0,465,0.054124397000009594,2,623,621,623,83,1,1,60,4,2,0.08767301599993971
s1_1000,S1-556228489,S2,US,selective_v1,0,49,698,36,0,5,2,5,0.02323898400015878,24,21,3.0,372,0.024305107000031967,1,615,614,615,86,1,1,60,2,1,0.051864256999920144
s1_1000,S1-556228489,S3,US,selective_v1,0,48,511,36,0,5,2,5,0.02440565799986416,24,21,3.0,425,0.02547957799993128,1,426,425,426,85,1,1,60,1,1,0.044456858999978976
s1_1000,S1-459637274,S2,US,selective_v1,0,44,781,28,1,4,2,5,0.020210922000046594,21,18,2.0,224,0.02094192100003056,0,667,667,667,106,1,1,60,1,0,0.05162360099996022
s1_1000,S1-459637274,S3,US,selective_v1,0,44,833,28,1,4,2,5,0.02179359400008707,21,19,2.0,231,0.0225672610000629,1,700,699,700,110,1,1,60,3,1,0.05304822300001888
s1_1000,S1-359255885,S2,US,selective_v1,0,50,1238,36,1,2,2,3,0.015670683999815083,24,21,2.0,274,0.016880136000054335,0,1039,1039,1039,102,1,1,60,1,0,0.06512928699999065
s1_1000,S1-359255885,S3,US,selective_v1,0,50,1356,36,1,2,2,3,0.016833542999961537,24,22,2.0,290,0.018035802999975203,0,1129,1129,1129,95,1,1,60,2,0,0.0709705589999885
s1_1000,S1-154667224,S2,US,selective_v1,0,39,874,28,1,6,2,7,0.03713250300006621,19,16,1.0,339,0.03796631299996989,0,729,729,729,109,1,1,60,1,0,0.07092456600003061
s1_1000,S1-154667224,S3,US,selective_v1,0,39,937,28,1,6,2,7,0.03861788300037006,19,18,1.0,393,0.039460920000010447,3,787,784,787,112,1,1,60,1,3,0.074810747000015
s1_1000,S1-261527017,S2,India,selective_v1,0,52,812,105,28,8,0,36,0.021075015999826974,24,19,5.0,406,0.023481219000018427,0,659,659,659,94,1,1,60,2,0,0.059398414000042976
s1_1000,S1-261527017,S3,India,selective_v1,0,52,778,105,21,15,0,36,0.019499501000268538,24,20,3.0,456,0.021853673999999046,1,667,666,667,101,1,1,60,1,1,0.05697153000005528
s1_1000,S1-96504376,S2,India,selective_v1,0,46,1019,78,21,14,20,35,0.041040344999942135,23,18,5.0,817,0.04275407800002995,1,818,817,818,110,1,1,60,1,1,0.08591814300007172
s1_1000,S1-96504376,S3,India,selective_v1,0,44,846,78,15,25,16,40,0.039846542000418594,22,17,5.0,682,0.04132185899993601,11,693,682,693,109,1,1,60,3,11,0.07793596199996955
s1_1000,S1-876664844,S2,India,selective_v1,0,50,503,78,10,11,0,21,0.02211600699979499,24,15,9.0,338,0.02396689400006835,8,397,389,397,109,1,1,60,2,8,0.04567370999996001
s1_1000,S1-876664844,S3,India,selective_v1,0,50,805,78,6,17,0,23,0.0380097410001099,24,18,4.0,620,0.04002158100001907,13,667,654,667,113,1,1,60,2,13,0.07520778000002792
s1_1000,S1-563178896,S2,US,selective_v1,0,48,636,28,1,0,4,1,0.016634308999869063,23,14,5.0,216,0.017492210999989766,0,554,554,554,116,1,1,60,1,0,0.04144229400003496
s1_1000,S1-563178896,S3,US,selective_v1,0,48,666,28,1,0,4,1,0.016861628000128803,23,13,5.0,241,0.01777703699997346,2,562,560,562,111,1,1,60,2,2,0.04396931400003723
s1_1000,S1-797058141,S2,India,selective_v1,0,51,763,78,6,18,0,24,0.03271185999994941,24,20,3.0,342,0.034630739000022004,2,442,440,442,97,1,1,60,3,2,0.05899930199996106
s1_1000,S1-797058141,S3,India,selective_v1,0,51,743,78,3,19,0,22,0.041678128999933506,24,22,2.0,518,0.04410312000004524,1,636,635,636,94,1,1,60,2,1,0.07765731400002096
s1_1000,S1-339006820,S2,US,selective_v1,0,39,694,28,1,6,2,7,0.0445359609998377,19,18,1.0,468,0.045375127000056636,0,628,628,628,113,1,1,60,1,0,0.07210118299997248
s1_1000,S1-339006820,S3,US,selective_v1,0,38,584,28,1,6,2,7,0.04911476499989931,19,18,1.0,532,0.04996647400002985,0,532,532,532,115,1,1,60,4,0,0.07371567200004847
s1_1000,S1-869737087,S2,US,selective_v1,0,50,447,28,1,0,4,1,0.004849571000477226,23,18,1.0,12,0.005597819000058735,1,342,341,342,104,1,1,60,3,1,0.020978611000032288
s1_1000,S1-869737087,S3,US,selective_v1,0,50,568,28,1,0,4,1,0.005141284000046653,23,22,1.0,13,0.005890872999998464,1,384,383,384,110,1,1,60,4,1,0.02311918800000967
s1_1000,S1-435186502,S2,India,selective_v1,0,49,699,78,6,25,0,31,0.054386131000342175,24,16,8.0,607,0.0561360850000483,7,612,609,616,105,1,1,60,1,7,0.08843606499999623
s1_1000,S1-435186502,S3,India,selective_v1,0,49,601,78,6,22,0,28,0.06313213599980827,24,16,8.0,543,0.06496586000002935,13,561,548,561,114,1,1,60,1,13,0.11914223000007951
s1_1000,S1-441272693,S2,India,selective_v1,0,43,156,28,3,3,2,6,0.0034894750001512875,20,20,0.0,49,0.004046107000021948,1,70,69,70,59,0,0,59,3,1,0.00839769799995338
s1_1000,S1-441272693,S3,India,selective_v1,0,45,137,28,1,4,2,5,0.009398920999728944,21,18,0.0,81,0.009948924000013903,0,98,98,98,77,1,1,60,3,0,0.015382081999973707
s1_1000,S1-30764726,S2,India,selective_v1,0,51,515,91,6,24,0,30,0.04278072599981897,24,14,7.0,419,0.044773506000069574,2,453,451,453,88,1,1,60,4,2,0.068909514999973
s1_1000,S1-30764726,S3,India,selective_v1,0,51,786,91,6,21,0,27,0.05727286799992726,24,17,6.0,675,0.05955296800004817,1,715,714,715,94,1,1,60,1,1,0.09718048499996712
s1_1000,S1-790599481,S2,US,selective_v1,0,48,257,28,0,2,3,2,0.01888244999975086,23,15,3.0,162,0.01961239500008105,0,209,209,209,94,1,1,60,3,0,0.02938268299999436
s1_1000,S1-790599481,S3,US,selective_v1,0,46,289,28,3,0,3,3,0.01891654900020967,22,12,6.0,131,0.0196564479999779,0,202,202,202,80,1,1,60,2,0,0.03155214499997783
s1_1000,S1-487168388,S2,US,selective_v1,0,42,902,45,3,17,4,20,0.11066601599964088,21,18,3.0,691,0.11179074599999694,0,691,691,691,111,1,1,60,1,0,0.1419229709999854
s1_1000,S1-487168388,S3,US,selective_v1,0,42,1067,45,3,17,4,20,0.11828229499997178,21,17,3.0,813,0.11947829600001114,0,813,813,813,114,1,1,60,0,0,0.15558436200001324
s1_1000,S1-975764386,S2,US,selective_v1,0,49,537,36,0,3,2,3,0.026287440999681166,24,20,4.0,439,0.027431767000052787,0,464,464,464,105,1,1,60,3,0,0.04853331900005742
s1_1000,S1-975764386,S3,US,selective_v1,0,49,680,36,0,3,2,3,0.03792220799959978,24,19,4.0,560,0.03911563200006185,0,585,585,585,99,1,1,60,1,0,0.0655126010000231
s1_1000,S1-264595908,S2,US,selective_v1,0,33,141,21,1,4,0,5,0.03375043999994887,16,11,4.0,76,0.03415496200000234,0,124,124,124,90,1,1,60,1,0,0.04014919899998404
s1_1000,S1-264595908,S3,US,selective_v1,0,29,159,21,1,6,0,7,0.03208938299985675,14,7,2.0,109,0.0324487020000106,0,152,152,152,99,1,1,60,0,0,0.03947233799999594
s1_1000,S1-297094958,S2,US,selective_v1,0,47,803,28,0,3,3,3,0.038310023000462934,22,21,1.0,363,0.03935175200001595,1,567,566,567,105,1,1,60,1,1,0.06386681699996188
s1_1000,S1-297094958,S3,US,selective_v1,0,46,652,28,0,4,2,4,0.030759649000401623,22,21,1.0,327,0.03156788899991625,0,577,577,577,95,1,1,60,2,0,0.057338346999927126
s1_1000,S1-100276475,S2,US,selective_v1,0,40,620,21,0,3,0,3,0.005156166999768175,18,18,0.0,48,0.005643028999998023,2,331,329,331,112,1,1,60,2,2,0.022012212000049658
s1_1000,S1-100276475,S3,US,selective_v1,0,40,632,21,0,3,0,3,0.005462724999802049,18,18,0.0,68,0.005976386000043021,2,353,351,353,111,1,1,60,2,2,0.021827111999982662
s1_1000,S1-439825849,S2,US,selective_v1,0,44,335,21,0,0,0,0,0.010061929999892527,21,20,0.0,152,0.010653318999970907,1,274,273,274,77,1,1,60,4,1,0.023642767999945136
s1_1000,S1-439825849,S3,US,selective_v1,0,44,329,21,0,0,0,0,0.0108089249998784,21,21,0.0,169,0.011432850000005601,0,290,290,290,79,1,1,60,3,0,0.02600985699996272
s1_1000,S1-8781400,S2,US,selective_v1,0,39,714,28,1,6,2,7,0.03631240600009278,19,15,0.0,605,0.03713416400000824,0,677,677,677,109,1,1,60,2,0,0.06612579499994808
s1_1000,S1-8781400,S3,US,selective_v1,0,42,663,36,3,9,4,12,0.04290116100003161,20,17,2.0,611,0.04421547100002954,1,613,612,613,111,1,1,60,2,1,0.07136890399999629
s1_1000,S1-796931678,S2,US,selective_v1,0,47,916,28,3,0,3,3,0.021373243000198272,22,13,4.0,412,0.02233041800002411,0,650,650,650,91,1,1,60,0,0,0.05085749200009104
s1_1000,S1-796931678,S3,US,selective_v1,0,47,894,28,3,0,3,3,0.02224035900007948,22,15,4.0,412,0.023401350999961323,1,641,640,641,91,1,1,60,0,1,0.05177724299994679
s1_1000,S1-13128280,S2,India,selective_v1,0,49,819,120,36,19,0,55,0.029124023999997917,24,14,6.0,588,0.03144913899996027,3,744,741,744,112,1,1,60,0,3,0.07160304700005327
s1_1000,S1-13128280,S3,India,selective_v1,0,49,1066,120,21,35,0,56,0.04727428299997882,24,19,4.0,721,0.04973261299994647,7,857,850,857,108,1,1,60,1,7,0.09679940400008036
s1_1000,S1-1186347,S2,India,selective_v1,0,26,599,78,15,38,12,53,0.026513568000041232,13,11,2.0,522,0.027349141000058808,7,524,522,529,90,1,1,60,1,7,0.05513515699999516
s1_1000,S1-1186347,S3,India,selective_v1,0,32,627,78,6,44,12,50,0.04968422900014957,16,12,3.0,572,0.050661219000062374,5,572,572,577,93,1,1,60,1,5,0.0802430149999509
s1_1000,S1-108034941,S2,US,selective_v1,0,25,507,45,10,17,6,27,0.02418101899991143,12,9,2.0,317,0.02480284400007804,67,458,455,522,154,1,1,60,3,52,0.04851926000003459
s1_1000,S1-108034941,S3,US,selective_v1,0,25,776,45,15,15,3,30,0.03340404300013233,12,10,0.0,495,0.03408282800000961,47,637,634,681,144,1,1,60,2,46,0.06505101499999455
s1_1000,S1-116182582,S2,India,selective_v1,0,42,1139,91,15,37,19,52,0.036458032000041385,20,14,5.0,269,0.037818378999986635,1,898,897,898,108,1,1,60,2,1,0.08921191699994324
s1_1000,S1-116182582,S3,India,selective_v1,0,50,1221,91,10,36,7,46,0.05376083800013021,24,17,7.0,334,0.05554639800004679,1,953,952,953,108,1,1,60,3,1,0.10732970000003661
s1_1000,S1-442885636,S2,India,selective_v1,0,34,445,66,21,15,13,36,0.016075881000119807,17,10,5.0,321,0.0170342610000489,0,321,321,321,101,1,1,60,0,0,0.03517353600000206
s1_1000,S1-442885636,S3,India,selective_v1,0,34,425,66,15,21,13,36,0.014590521999593875,17,13,4.0,348,0.015538429999992331,0,348,348,348,106,1,1,60,1,0,0.03421264400003565
s1_1000,S1-102330347,S2,US,selective_v1,0,26,323,15,1,2,0,3,0.00788263000004008,12,9,1.0,105,0.008212329000002683,11,265,254,265,91,1,1,60,2,11,0.020163482000043587
s1_1000,S1-102330347,S3,US,selective_v1,0,26,369,15,1,2,0,3,0.008242112000061752,12,7,1.0,148,0.008607030999996823,21,310,289,310,100,1,1,60,1,21,0.0223276840000608
s1_1000,S1-311565031,S2,India,selective_v1,0,50,534,66,0,7,0,7,0.026104171000156384,24,22,2.0,374,0.028042737999953715,0,419,419,419,103,1,1,60,3,0,0.04977201500003048
s1_1000,S1-311565031,S3,India,selective_v1,0,51,885,66,0,3,0,3,0.031043458000226565,24,16,1.0,657,0.033474415999990015,0,819,819,819,106,1,1,60,1,0,0.07576186799997231
s1_1000,S1-789958686,S2,US,selective_v1,0,35,529,28,1,8,2,9,0.022885533000135183,17,13,0.0,259,0.023514339000030304,2,496,496,498,112,1,1,60,0,2,0.04577674899996964
s1_1000,S1-789958686,S3,US,selective_v1,0,35,619,28,3,6,2,9,0.024516158000096766,17,14,0.0,307,0.025179228000069998,2,557,557,559,102,1,1,60,0,2,0.05042831000002934
s1_1000,S1-699248674,S2,US,selective_v1,0,39,314,21,1,2,0,3,0.012676532000000407,18,10,3.0,158,0.01316442500001358,0,233,233,233,99,1,1,60,0,0,0.024020909000000756
s1_1000,S1-699248674,S3,US,selective_v1,0,39,392,21,1,2,0,3,0.013076354000190804,18,15,3.0,203,0.013600361999920096,1,279,278,279,92,1,1,60,2,1,0.026137444000028154
s1_1000,S1-144816753,S2,India,selective_v1,0,50,1986,120,6,34,0,40,0.062169401000005564,24,16,8.0,371,0.06518206199996257,6,1501,1501,1507,103,1,1,60,1,6,0.1519883180000079
s1_1000,S1-144816753,S3,India,selective_v1,0,50,2202,120,6,38,0,44,0.06729462399971453,24,19,5.0,554,0.07028274399999646,15,1728,1723,1738,111,1,1,60,3,15,0.16462172600006397
s1_1000,S1-272137225,S2,US,selective_v1,0,53,1143,36,0,0,2,0,0.011038700000085555,24,23,1.0,170,0.012186292000023968,1,1005,1004,1005,112,1,1,60,3,1,0.05893244499998218
s1_1000,S1-272137225,S3,US,selective_v1,0,53,1160,36,0,0,2,0,0.011570455000196489,24,18,1.0,187,0.012721763000058672,1,1101,1100,1101,119,1,1,60,1,1,0.06430782500001442
s1_1000,S1-522017122,S2,US,selective_v1,0,32,672,28,3,8,2,11,0.026640066999902956,15,15,0.0,278,0.027234790999955294,5,433,428,433,104,1,1,60,2,5,0.07285056700004588
s1_1000,S1-522017122,S3,US,selective_v1,0,31,660,28,3,9,2,12,0.022193431999994573,14,13,0.0,106,0.022660718999986784,0,392,392,392,98,1,1,60,1,0,0.04057953500000622
s1_1000,S1-100167734,S2,US,selective_v1,0,47,677,28,0,3,3,3,0.02966138299996146,22,10,0.0,362,0.0307386150000184,0,645,645,645,117,1,1,60,0,0,0.05976213100007044
s1_1000,S1-100167734,S3,US,selective_v1,0,47,532,28,0,3,3,3,0.029927574999987883,22,20,2.0,118,0.03068156100005126,2,451,449,451,95,1,1,60,2,2,0.051529020000089076
s1_1000,S1-479725005,S2,US,selective_v1,0,45,312,21,0,0,0,0,0.008832178000034219,21,18,2.0,127,0.009371471000008569,0,226,226,226,76,1,1,60,3,0,0.020410943999991105
s1_1000,S1-479725005,S3,US,selective_v1,0,45,316,21,0,0,0,0,0.00942799199970068,21,14,2.0,142,0.009998887000051582,2,240,238,240,78,1,1,60,3,2,0.02105961600000228
s1_1000,S1-743531791,S2,US,selective_v1,0,41,821,45,3,15,7,18,0.041227651000099286,20,15,4.0,387,0.04219372999989446,1,638,637,638,107,1,1,60,2,1,0.06974644399997487
s1_1000,S1-743531791,S3,US,selective_v1,0,41,831,45,3,15,7,18,0.04310366399988652,20,16,4.0,376,0.04411626800003887,2,643,641,643,116,1,1,60,2,2,0.07253987800004325
s1_1000,S1-652207412,S2,US,selective_v1,0,29,602,15,0,1,0,1,0.016364391000138312,14,10,2.0,134,0.01678847499999847,13,564,551,564,96,1,1,60,1,13,0.04509882800005016
s1_1000,S1-652207412,S3,US,selective_v1,0,29,778,15,0,1,0,1,0.016733664999946996,14,11,2.0,182,0.017199455999957536,12,716,704,716,91,1,1,60,2,12,0.05001433300003555
s1_1000,S1-185985394,S2,US,selective_v1,0,51,524,36,0,2,4,2,0.026426412999626336,24,12,1.0,220,0.027504677000024458,0,400,400,400,94,1,1,60,0,0,0.045645725999975184
s1_1000,S1-185985394,S3,US,selective_v1,0,50,728,36,1,5,6,6,0.04267787199989925,24,18,2.0,448,0.0440120759999445,0,556,556,556,88,1,1,60,0,0,0.06853121100004955
s1_1000,S1-937018924,S2,US,selective_v1,0,46,550,28,0,3,3,3,0.038739434999797595,22,22,0.0,254,0.039507230999902276,2,372,370,372,101,1,1,60,2,2,0.05620590399996672
s1_1000,S1-937018924,S3,US,selective_v1,0,46,598,28,0,3,3,3,0.041043017999868425,22,19,0.0,276,0.04181563199995253,0,414,414,414,89,1,1,60,1,0,0.060089202999961344
s1_1000,S1-945498259,S2,India,selective_v1,0,51,2051,120,3,11,0,14,0.030198083999835035,24,21,2.0,386,0.03400137599999198,0,1737,1737,1737,118,1,1,60,1,0,0.13492303099997116
s1_1000,S1-945498259,S3,India,selective_v1,0,51,1875,120,1,14,0,15,0.02790487000027042,24,24,0.0,360,0.031747182000003704,4,1557,1557,1561,118,1,1,60,1,4,0.11578588600002604
s1_1000,S1-631614917,S2,India,selective_v1,0,48,457,105,10,22,0,32,0.0352159579997533,24,10,12.0,414,0.03756583599999885,7,421,414,421,80,1,1,60,0,7,0.06114475799995489
s1_1000,S1-631614917,S3,India,selective_v1,0,48,794,105,6,21,0,27,0.04929340099965884,24,15,9.0,693,0.051937387999942075,10,703,693,703,78,1,1,60,2,10,0.08929015500007154
s1_1000,S1-961548696,S2,India,selective_v1,0,49,1105,105,10,28,0,38,0.03998482299971329,24,16,8.0,590,0.04251871100007065,1,806,805,806,115,1,1,60,2,1,0.08565427999997155
s1_1000,S1-961548696,S3,India,selective_v1,0,49,948,105,6,26,0,32,0.04062225299992406,24,15,9.0,515,0.043157244000099126,0,754,754,754,111,1,1,60,3,0,0.08344665099991744
s1_1000,S1-341514955,S2,US,selective_v1,0,37,375,21,1,2,0,3,0.021620890999997755,18,14,4.0,186,0.02214792799998122,0,318,318,318,99,1,1,60,2,0,0.03609861000006731
s1_1000,S1-341514955,S3,US,selective_v1,0,36,142,21,1,2,0,3,0.023548019000031672,18,13,5.0,110,0.02403030100003889,1,111,110,111,85,1,1,60,2,1,0.02945993199989516
s1_1000,S1-383744417,S2,US,selective_v1,0,45,534,45,3,12,8,15,0.04348930100013604,22,14,6.0,410,0.044509723000032864,53,484,482,535,144,1,1,60,2,49,0.0673667739999928
s1_1000,S1-383744417,S3,US,selective_v1,0,30,531,45,6,18,6,24,0.04552002599984917,15,10,5.0,455,0.046264237999935176,52,459,455,507,139,1,1,60,1,48,0.06871531899992078
s1_1000,S1-499340462,S2,India,selective_v1,0,49,820,66,10,10,0,20,0.03290264200029469,24,12,12.0,453,0.034474980000027244,6,613,607,613,115,1,1,60,2,6,0.06480249100002311
s1_1000,S1-499340462,S3,India,selective_v1,0,49,658,66,6,13,0,19,0.03593821200036018,24,12,11.0,357,0.037559607000048345,9,474,465,474,95,1,1,60,0,9,0.06138010300003316
s1_1000,S1-846958059,S2,US,selective_v1,0,51,550,55,3,3,0,6,0.022306901000092694,24,17,4.0,297,0.023814503000039622,1,481,480,481,112,1,1,60,2,1,0.04470044100003179
s1_1000,S1-846958059,S3,US,selective_v1,0,51,663,66,6,4,0,10,0.026557573999980377,24,21,3.0,410,0.028395329000090896,1,521,520,521,103,1,1,60,3,1,0.05184721700004502
s1_1000,S1-351883628,S2,India,selective_v1,0,50,517,36,1,2,4,3,0.010462952000011683,24,21,3.0,146,0.011474378999992041,1,395,394,395,78,1,1,60,2,1,0.03370073099995352
s1_1000,S1-351883628,S3,India,selective_v1,0,50,568,36,0,2,2,2,0.01713021400018988,24,24,0.0,214,0.018217559000049732,0,457,457,457,78,1,1,60,1,0,0.0421165770000016
s1_1000,S1-518262604,S2,India,selective_v1,0,51,464,55,3,7,0,10,0.009635694000053263,24,21,2.0,191,0.01101291999998466,0,285,285,285,79,1,1,60,1,0,0.025676578000002337
s1_1000,S1-518262604,S3,India,selective_v1,0,52,651,55,1,7,0,8,0.021173578000002635,24,19,2.0,173,0.02266483200003222,0,409,409,409,78,1,1,60,2,0,0.043890698000041084
s1_1000,S1-356624931,S2,US,selective_v1,0,52,308,36,3,3,4,6,0.021651608999832206,24,13,7.0,24,0.022430989000099544,2,233,231,233,84,1,1,60,1,2,0.03313070299998344
s1_1000,S1-356624931,S3,US,selective_v1,0,50,349,36,3,5,5,8,0.014310562000218852,23,18,5.0,16,0.015070559000037065,1,258,257,258,78,1,1,60,3,1,0.027869235000025583
s1_1000,S1-480729531,S2,US,selective_v1,0,46,524,28,1,2,3,3,0.015112606999878153,22,20,2.0,393,0.01593955200007713,1,426,425,426,97,1,1,60,2,1,0.03411577800000032
s1_1000,S1-480729531,S3,US,selective_v1,0,46,388,28,1,2,3,3,0.015648030000534163,22,19,3.0,276,0.01640171899998677,2,304,302,304,87,1,1,60,3,2,0.030136002999938682
s1_1000,S1-26256799,S2,US,selective_v1,0,50,860,36,1,4,2,5,0.027265966000300068,24,19,0.0,460,0.028740108999954828,0,757,757,757,97,1,1,60,0,0,0.060878453999976045
s1_1000,S1-26256799,S3,US,selective_v1,0,49,689,36,1,4,2,5,0.028769038999712393,24,23,1.0,426,0.02984130999993795,1,609,608,609,93,1,1,60,2,1,0.056775067999979
s1_1000,S1-614260199,S2,US,selective_v1,0,40,496,28,1,4,3,5,0.04454422499998145,20,16,4.0,440,0.045344094000029145,7,447,440,447,105,1,1,60,3,7,0.06446456799994849
s1_1000,S1-614260199,S3,US,selective_v1,0,42,556,28,1,4,2,5,0.0519564570000739,21,18,3.0,506,0.05280022499994175,10,516,506,516,112,1,1,60,2,10,0.07541145599998345
s1_1000,S1-942376087,S2,India,selective_v1,0,52,692,105,3,13,0,16,0.026258155999926203,24,21,3.0,543,0.0290807119999954,2,597,595,597,77,1,1,60,3,2,0.05897410199997921
s1_1000,S1-942376087,S3,India,selective_v1,0,52,574,105,3,9,0,12,0.023676263000311337,24,21,3.0,448,0.026580102000025363,2,504,502,504,77,1,1,60,4,2,0.05298970299998018
s1_1000,S1-369680649,S2,India,selective_v1,0,50,1427,105,21,21,0,42,0.02854146800007129,24,17,5.0,398,0.030880383000067013,0,1256,1256,1256,116,1,1,60,0,0,0.09608295799989719
s1_1000,S1-369680649,S3,India,selective_v1,0,51,1416,105,21,21,0,42,0.02420424799970533,24,17,6.0,205,0.026362709999943945,0,1180,1180,1180,111,1,1,60,0,0,0.1124909640000169
s1_1000,S1-214898305,S2,US,selective_v1,0,43,633,21,1,0,0,1,0.00667214199972932,20,20,0.0,184,0.007327164000002995,1,536,535,536,87,1,1,60,2,1,0.03240408099998149
s1_1000,S1-214898305,S3,US,selective_v1,0,43,633,21,1,0,0,1,0.007027308000374433,20,15,0.0,186,0.007648494000022765,0,566,566,566,85,1,1,60,1,0,0.033650484000077086
s1_1000,S1-991843051,S2,India,selective_v1,0,51,834,120,6,20,0,26,0.04152155300027971,24,24,0.0,652,0.04458131000001231,1,761,760,761,90,1,1,60,1,1,0.08676830700005667
s1_1000,S1-991843051,S3,India,selective_v1,0,51,593,120,0,21,0,21,0.045128367999382135,24,23,1.0,437,0.04824973300003421,1,555,554,555,113,1,1,60,2,1,0.07626224900002398
s1_1000,S1-494187676,S2,US,selective_v1,0,51,866,45,1,4,0,5,0.022060674000044855,24,18,1.0,384,0.023736205000091104,0,736,736,736,110,1,1,60,2,0,0.05570291100002578
s1_1000,S1-494187676,S3,US,selective_v1,0,50,867,45,1,6,3,7,0.0359197020004558,24,19,3.0,278,0.037494326999990335,4,677,673,677,102,1,1,60,3,4,0.07026490700002341
s1_1000,S1-380932102,S2,US,selective_v1,0,50,1150,36,3,2,4,5,0.04887882300010915,24,22,2.0,1034,0.050328691000004255,4,1038,1034,1038,77,1,1,60,2,4,0.09400021299995842
s1_1000,S1-380932102,S3,US,selective_v1,0,40,1379,28,3,3,2,6,0.057542412000088916,20,19,1.0,1285,0.05893793099994582,7,1292,1285,1292,80,1,1,60,1,7,0.11490449199993691
s1_1000,S1-37805904,S2,US,selective_v1,0,29,144,15,0,1,0,1,0.008542337000335465,14,13,1.0,90,0.008877167000036934,1,109,109,110,65,1,1,60,3,1,0.014403924000021107
s1_1000,S1-37805904,S3,US,selective_v1,0,29,179,15,0,1,0,1,0.009997716000384571,14,13,1.0,149,0.010340203000055226,0,162,162,162,89,1,1,60,1,0,0.017438792000007197
s1_1000,S1-482910661,S2,US,selective_v1,0,33,327,15,0,0,0,0,0.008573250000040389,15,10,2.0,74,0.008921078999946985,1,232,231,232,107,1,1,60,3,1,0.018887566999978844
s1_1000,S1-482910661,S3,US,selective_v1,0,33,356,15,0,0,0,0,0.008981490000223857,15,13,2.0,78,0.009326434000058725,2,254,252,254,85,1,1,60,4,2,0.021323226000049544
s1_1000,S1-761935587,S2,US,selective_v1,0,50,427,28,1,0,4,1,0.013372099999969578,23,17,5.0,135,0.014105196999935288,1,287,286,287,81,1,1,60,2,1,0.027276023000013083
s1_1000,S1-761935587,S3,US,selective_v1,0,50,410,28,1,0,4,1,0.013243504000115536,23,18,5.0,142,0.01397296099992218,0,282,282,282,84,1,1,60,2,0,0.027954641999940577
s1_1000,S1-862207745,S2,India,selective_v1,0,52,667,36,1,2,3,3,0.015573195000115447,24,19,2.0,352,0.016833086000019648,0,546,546,546,81,1,1,60,2,0,0.044094630999893525
s1_1000,S1-862207745,S3,India,selective_v1,0,52,456,36,0,3,3,3,0.01757030399994619,24,19,2.0,209,0.018550826000023335,0,383,383,383,76,1,1,60,2,0,0.039362904999961756
s1_1000,S1-41147272,S2,India,selective_v1,0,51,668,120,6,8,0,14,0.038174017999835996,24,22,2.0,518,0.041576095999971585,2,595,595,597,109,1,1,60,2,2,0.07332231299994874
s1_1000,S1-41147272,S3,India,selective_v1,0,51,842,120,6,12,0,18,0.03299841899945477,24,22,0.0,630,0.03632193099997494,3,714,711,714,108,1,1,60,1,3,0.07513542200001666
s1_1000,S1-291933980,S2,US,selective_v1,0,46,385,28,1,2,3,3,0.017775243000073715,22,19,3.0,119,0.01848747799999728,1,315,314,315,96,1,1,60,1,1,0.032237078999969526
s1_1000,S1-291933980,S3,US,selective_v1,0,44,441,28,1,4,2,5,0.013866918999610789,21,20,1.0,119,0.014509928000052241,1,324,323,324,92,1,1,60,4,1,0.02954384100007701
s1_1000,S1-465564443,S2,US,selective_v1,0,42,892,21,0,1,0,1,0.011490898999909405,20,14,0.0,222,0.012125390000051084,0,824,824,824,91,1,1,60,1,0,0.047960835999901974
s1_1000,S1-465564443,S3,US,selective_v1,0,42,991,21,0,1,0,1,0.012353440999959275,20,20,0.0,209,0.012996464000025298,1,852,851,852,78,1,1,60,4,1,0.049260848999892914
s1_1000,S1-716529185,S2,US,selective_v1,0,45,834,21,0,0,0,0,0.011124253999923894,21,11,1.0,122,0.011778123999988566,0,742,742,742,97,1,1,60,1,0,0.04672951899999589
s1_1000,S1-716529185,S3,US,selective_v1,0,45,977,21,0,0,0,0,0.012018404000173177,21,20,1.0,145,0.012689333000025727,2,805,803,805,89,1,1,60,3,2,0.04719930800001748
s1_1000,S1-252815076,S2,US,selective_v1,0,49,687,36,1,6,5,7,0.05251249500020094,24,24,0.0,603,0.054037475999962226,0,620,620,620,90,1,1,60,1,0,0.08038409599998886
s1_1000,S1-252815076,S3,US,selective_v1,0,49,688,36,1,6,5,7,0.055499236000287056,24,23,1.0,595,0.05657897599996886,1,611,610,611,113,1,1,60,3,1,0.0841111429999728
s1_1000,S1-741530614,S2,US,selective_v1,0,24,820,10,0,0,0,0,0.0010005930000716035,10,10,0.0,0,0.001265787999955137,2,783,781,783,78,1,1,60,3,2,0.03415170100004161
s1_1000,S1-741530614,S3,US,selective_v1,0,24,800,10,0,0,0,0,0.000915747000135525,10,10,0.0,0,0.001166427999919506,2,783,781,783,79,1,1,60,1,2,0.03630678299998635
s1_1000,S1-264006576,S2,India,selective_v1,0,54,680,120,15,21,0,36,0.013043414999742708,24,20,4.0,100,0.015581976000021314,0,394,394,394,111,1,1,60,1,0,0.036623125999994954
s1_1000,S1-264006576,S3,India,selective_v1,0,54,739,120,15,20,0,35,0.013647296000158349,24,19,4.0,122,0.016291106999915428,1,403,402,403,107,1,1,60,3,1,0.037359490999961054
s1_1000,S1-703314149,S2,India,selective_v1,0,50,873,105,15,18,0,33,0.040355769000029795,24,17,5.0,706,0.043077774000039426,0,794,794,794,98,1,1,60,1,0,0.0849040990000276
s1_1000,S1-703314149,S3,India,selective_v1,0,50,982,105,6,27,0,33,0.051553918999957205,24,22,2.0,764,0.054091920000018945,2,838,836,838,98,1,1,60,2,2,0.09846514799994566
s1_1000,S1-889530437,S2,US,selective_v1,0,43,636,28,1,4,2,5,0.03492246199971305,21,16,5.0,584,0.03596245600010661,6,596,594,600,105,1,1,60,4,6,0.06194070800006557
s1_1000,S1-889530437,S3,US,selective_v1,0,43,350,28,1,4,2,5,0.034933729000158564,21,14,7.0,295,0.035670798999944964,3,309,307,310,78,1,1,60,3,3,0.049734342999954606
s1_1000,S1-950047153,S2,US,selective_v1,0,33,1438,21,0,5,0,5,0.04461820800008809,16,14,2.0,356,0.045387561999973514,1,1241,1240,1241,91,1,1,60,1,1,0.10161712199999329
s1_1000,S1-950047153,S3,US,selective_v1,0,32,608,21,0,5,0,5,0.047895036999648255,16,14,2.0,548,0.0485816480000949,0,548,548,548,88,1,1,60,1,0,0.07304160000001048
s1_1000,S1-718541486,S2,US,selective_v1,0,50,1518,55,3,3,0,6,0.029165692999868043,24,18,3.0,520,0.031124798000064402,0,1268,1268,1268,117,1,1,60,1,0,0.0854027610000685
s1_1000,S1-718541486,S3,US,selective_v1,0,50,1582,55,3,3,0,6,0.031064635999996426,24,20,3.0,514,0.03298283599997376,0,1321,1321,1321,116,1,1,60,3,0,0.0919021709999015
s1_1000,S1-19172434,S2,US,selective_v1,0,50,663,36,1,4,3,5,0.03523637200032681,24,19,5.0,516,0.03635730499991041,2,552,550,552,77,1,1,60,2,2,0.06060213700004624
s1_1000,S1-19172434,S3,US,selective_v1,0,50,519,36,1,4,3,5,0.0361363770001617,24,18,6.0,441,0.03718163399992136,1,467,466,467,79,1,1,60,1,1,0.058042406999902596
s1_1000,S1-531268470,S2,US,selective_v1,0,30,337,15,0,1,0,1,0.012432964999902651,14,9,2.0,144,0.012802360999899065,0,232,232,232,92,1,1,60,1,0,0.023356893000027412
s1_1000,S1-531268470,S3,US,selective_v1,0,30,381,15,0,1,0,1,0.013196225000001505,14,12,2.0,152,0.013616081999998642,2,243,241,243,91,1,1,60,2,2,0.048315606000073785
s1_1000,S1-56369002,S2,India,selective_v1,0,50,604,78,3,18,0,21,0.022232883000128822,24,17,7.0,403,0.024134194999987812,0,453,453,453,118,1,1,60,1,0,0.048772450999990724
s1_1000,S1-56369002,S3,India,selective_v1,0,50,704,78,3,18,0,21,0.023849147000305493,24,18,5.0,550,0.025880818000018735,0,597,597,597,119,1,1,60,3,0,0.05770443400001568
s1_1000,S1-851172257,S2,India,selective_v1,0,52,1138,120,10,25,0,35,0.02404607300047701,24,22,2.0,389,0.027349296000011236,1,844,843,844,89,1,1,60,2,1,0.07512911099991015
s1_1000,S1-851172257,S3,India,selective_v1,0,51,1065,120,6,26,0,32,0.03110222700001941,24,20,1.0,679,0.03419548800002303,0,917,917,917,102,1,1,60,1,0,0.08280566500002351
s1_1000,S1-839695817,S2,India,selective_v1,0,51,917,120,15,39,0,54,0.043625564000080885,24,21,3.0,678,0.04596153400007097,1,780,779,780,102,1,1,60,3,1,0.08890704999998889
s1_1000,S1-839695817,S3,India,selective_v1,0,51,1178,120,6,54,0,60,0.05953681400046662,24,22,0.0,921,0.062141147000033925,0,1052,1052,1052,110,1,1,60,0,0,0.11785551299999497
s1_1000,S1-117184918,S2,US,selective_v1,0,35,941,36,3,12,4,15,0.04233361900014643,17,14,3.0,285,0.043506744000069375,2,750,748,750,108,1,1,60,1,2,0.07677635900006408
s1_1000,S1-117184918,S3,US,selective_v1,0,35,1082,36,3,12,4,15,0.04609354399997301,17,14,3.0,294,0.0469190730000264,0,863,863,863,103,1,1,60,2,0,0.08740075499997602
s1_1000,S1-103120265,S2,India,selective_v1,0,50,661,55,6,8,0,14,0.030057958000043072,24,18,6.0,428,0.03158967499996379,0,489,489,489,79,1,1,60,0,0,0.056758731000059015
s1_1000,S1-103120265,S3,India,selective_v1,0,50,370,55,6,9,0,15,0.019004748000043037,24,17,7.0,223,0.020246702000008554,0,282,282,282,79,1,1,60,0,0,0.034890391999965686
s1_1000,S1-869535932,S2,US,selective_v1,0,43,522,21,0,1,0,1,0.008908376999784196,20,20,0.0,165,0.009526818000040294,0,380,380,380,112,1,1,60,2,0,0.025844916999972156
s1_1000,S1-869535932,S3,US,selective_v1,0,43,524,21,0,1,0,1,0.009540559999777543,20,20,0.0,182,0.010165607999965687,0,410,410,410,107,1,1,60,2,0,0.030114182999909644
s1_1000,S1-887169774,S2,US,selective_v1,0,38,368,21,1,2,0,3,0.016522622999787018,18,15,3.0,88,0.017025084000010793,1,329,328,329,101,1,1,60,2,1,0.031309696999983316
s1_1000,S1-887169774,S3,US,selective_v1,0,38,411,21,1,2,0,3,0.01724828099986553,18,13,3.0,88,0.017751469999893743,1,367,366,367,93,1,1,60,2,1,0.03506960800007164
s1_1000,S1-492543909,S2,India,selective_v1,0,49,768,36,1,4,4,5,0.021829068000329244,24,20,4.0,364,0.022901703999991696,2,467,467,469,80,1,1,60,2,2,0.047438371999987794
s1_1000,S1-492543909,S3,India,selective_v1,0,49,468,36,0,2,2,2,0.0298204349999196,24,23,1.0,287,0.030915198999991844,2,353,352,354,79,1,1,60,1,2,0.0503220189999638
s1_1000,S1-94599318,S2,US,selective_v1,0,35,340,21,0,4,0,4,0.038790501000107724,17,16,1.0,198,0.03937728899995818,92,228,228,320,148,1,1,60,1,48,0.05377187600004163
s1_1000,S1-94599318,S3,US,selective_v1,0,35,426,21,0,4,0,4,0.042782298999668456,17,16,1.0,250,0.04338243099994088,88,284,284,372,157,1,1,60,3,45,0.06059741799992935
s1_1000,S1-677598357,S2,US,selective_v1,0,42,487,21,0,2,0,2,0.015845014999626983,19,12,0.0,149,0.01641408499995123,0,445,445,445,100,1,1,60,1,0,0.036188960000004045
s1_1000,S1-677598357,S3,US,selective_v1,0,42,518,21,0,2,0,2,0.017021939000301245,19,15,0.0,164,0.017584975000090708,0,468,468,468,100,1,1,60,1,0,0.03848721999997906
s1_1000,S1-730719207,S2,US,selective_v1,0,42,612,36,1,12,2,13,0.09539278999989165,21,18,3.0,567,0.09629901599998902,1,568,567,568,87,1,1,60,1,1,0.12206491999995706
s1_1000,S1-730719207,S3,US,selective_v1,0,42,628,36,1,12,2,13,0.10117045299978145,21,18,3.0,580,0.10210659900008068,2,582,580,582,86,1,1,60,2,2,0.12893964300008065
s1_1000,S1-369861184,S2,US,selective_v1,0,41,442,36,3,9,4,12,0.0369065709996903,20,20,0.0,369,0.0377626679999139,0,387,387,387,107,1,1,60,0,0,0.055195537000031436
s1_1000,S1-369861184,S3,US,selective_v1,0,41,593,36,3,9,4,12,0.04044934300020486,20,20,0.0,469,0.04136813200000233,3,491,488,491,109,1,1,60,4,3,0.06330520300002718
s1_1000,S1-295668361,S2,US,selective_v1,0,39,120,21,1,2,0,3,0.011352876000159995,18,13,3.0,91,0.011806835999891518,2,98,96,98,61,1,1,60,2,2,0.01647605100004057
s1_1000,S1-295668361,S3,US,selective_v1,0,39,140,21,1,2,0,3,0.011107232999847838,18,13,3.0,90,0.01153575200009982,1,107,106,107,71,1,1,60,1,1,0.01641300100004628
s1_1000,S1-858735224,S2,US,selective_v1,0,28,327,15,0,2,0,2,0.011799685000028148,13,9,0.0,210,0.012181693999991694,26,274,248,274,90,1,1,60,2,26,0.023968447000015658
s1_1000,S1-858735224,S3,US,selective_v1,0,28,344,15,0,2,0,2,0.01278126399984103,13,13,0.0,209,0.01318564600001082,19,272,253,272,80,1,1,60,2,19,0.02531062400009887
s1_1000,S1-563073325,S2,US,selective_v1,0,50,655,55,6,8,0,14,0.029680692000056297,24,19,5.0,391,0.031091607999996995,1,504,503,504,97,1,1,60,1,1,0.05319427199992788
s1_1000,S1-563073325,S3,US,selective_v1,0,50,833,55,6,8,0,14,0.03135370300037721,24,20,4.0,526,0.03280738299997665,0,634,634,634,102,1,1,60,3,0,0.0610844120000138
s1_1000,S1-816383534,S2,US,selective_v1,0,25,422,15,0,3,0,3,0.029597750999869277,12,7,1.0,149,0.029998984999906497,34,388,354,388,96,1,1,60,1,34,0.04683890500007237
s1_1000,S1-816383534,S3,US,selective_v1,0,23,466,15,0,4,0,4,0.03250208700001167,11,11,0.0,166,0.03288301999998566,24,404,380,404,96,1,1,60,3,24,0.050947341999972195
s1_1000,S1-79146097,S2,India,selective_v1,0,49,452,36,1,6,3,7,0.030743178999500742,24,16,4.0,415,0.03175402500005475,2,421,419,421,119,1,1,60,1,2,0.05367818799993529
s1_1000,S1-79146097,S3,India,selective_v1,0,49,488,36,0,7,5,7,0.027767014000005474,24,20,3.0,414,0.028776891999996224,5,420,420,425,98,1,1,60,2,5,0.05033829499996045
s1_1000,S1-241799543,S2,US,selective_v1,0,54,765,45,1,2,0,3,0.009587819000103082,24,11,1.0,55,0.010862688000088383,0,494,494,494,96,1,1,60,2,0,0.03326269000001503
s1_1000,S1-241799543,S3,US,selective_v1,0,51,991,45,3,7,0,10,0.022638135999841325,24,19,3.0,317,0.023970738999992136,0,734,734,734,101,1,1,60,1,0,0.057166156999983286
s1_1000,S1-814666931,S2,India,selective_v1,0,49,914,78,3,16,0,19,0.04918867499964108,24,18,5.0,617,0.05131575999996585,1,655,654,655,98,1,1,60,2,1,0.0864242899999681
s1_1000,S1-814666931,S3,India,selective_v1,0,49,990,78,1,17,0,18,0.04242334100024436,24,18,3.0,774,0.044604142000025604,0,813,813,813,104,1,1,60,2,0,0.0860088199999609
s1_1000,S1-434049818,S2,US,selective_v1,0,33,908,21,1,4,0,5,0.025502924000079474,16,15,1.0,173,0.026087087999940195,1,776,775,776,90,1,1,60,3,1,0.06087363300002835
s1_1000,S1-434049818,S3,US,selective_v1,0,33,973,21,1,4,0,5,0.02736579800000527,16,15,1.0,187,0.027949560000024576,0,847,847,847,91,1,1,60,2,0,0.06937077999998564
s1_1000,S1-879372595,S2,India,selective_v1,0,50,691,120,15,19,0,34,0.03200345399989146,24,17,7.0,289,0.03495111699999143,2,504,502,504,99,1,1,60,5,2,0.06120275799992214
s1_1000,S1-879372595,S3,India,selective_v1,0,51,1016,120,6,20,0,26,0.04504317299983995,24,19,5.0,413,0.04825049700002637,1,761,760,761,105,1,1,60,3,1,0.0879350739999154
s1_1000,S1-248163870,S2,India,selective_v1,0,50,563,120,36,27,17,63,0.02907634199948461,24,19,5.0,333,0.0310679929999651,1,459,458,459,80,1,1,60,2,1,0.0570197099999632
s1_1000,S1-248163870,S3,India,selective_v1,0,50,478,120,28,25,0,53,0.03188722500010499,24,17,7.0,277,0.03400913400002992,2,387,385,387,94,1,1,60,4,2,0.05467218299997967
s1_1000,S1-974558168,S2,US,selective_v1,0,52,691,36,1,0,2,1,0.010356798999964667,24,22,2.0,37,0.011387946000013471,1,594,593,594,117,1,1,60,2,1,0.0364262589999953
s1_1000,S1-974558168,S3,US,selective_v1,0,52,835,36,1,0,2,1,0.01091067199979534,24,22,2.0,34,0.012197333000017352,0,697,697,697,111,1,1,60,1,0,0.04382860400005484
s1_1000,S1-152580274,S2,India,selective_v1,0,38,1407,55,10,17,10,27,0.032535888000211344,18,14,3.0,323,0.03363243000001148,2,1019,1017,1019,99,1,1,60,0,2,0.11721022699998684
s1_1000,S1-152580274,S3,India,selective_v1,0,38,1455,55,3,26,8,29,0.047150807999855715,18,16,1.0,471,0.04829214899996259,7,1146,1139,1146,105,1,1,60,3,7,0.1093832909999719
s1_1000,S1-182285498,S2,US,selective_v1,0,38,360,28,1,6,2,7,0.030440010999996048,19,18,1.0,328,0.031109316999959447,2,330,328,330,109,1,1,60,1,2,0.04658992199995282
s1_1000,S1-182285498,S3,US,selective_v1,0,38,487,28,1,6,2,7,0.038474042999837366,19,18,1.0,421,0.03922821399999066,2,423,421,423,113,1,1,60,3,2,0.059185931999991226
s1_1000,S1-636219545,S2,US,selective_v1,0,50,1178,36,0,2,3,2,0.026945296999883794,24,21,1.0,303,0.02810782799997469,1,1129,1128,1129,110,1,1,60,1,1,0.07989162799992755
s1_1000,S1-636219545,S3,US,selective_v1,0,50,1347,36,0,2,2,2,0.029480008000405178,24,22,1.0,291,0.030679746999908275,0,1278,1278,1278,113,1,1,60,1,0,0.09134327200001735
s1_1000,S1-879828483,S2,India,selective_v1,0,52,825,105,15,6,0,21,0.024696279999943727,24,21,3.0,479,0.02754616000004262,0,694,694,694,96,1,1,60,2,0,0.06581517999995867
s1_1000,S1-879828483,S3,India,selective_v1,0,53,1036,105,6,15,0,21,0.024252302000036252,24,23,1.0,491,0.027195534000043153,3,861,858,861,91,1,1,60,1,3,0.07222778300001664
s1_1000,S1-595976104,S2,US,selective_v1,0,34,245,21,1,4,0,5,0.02206730399996104,16,12,3.0,165,0.022507889000053183,1,198,197,198,79,1,1,60,1,1,0.03212696599996434
s1_1000,S1-595976104,S3,US,selective_v1,0,26,323,21,3,6,0,9,0.020762787000194294,12,10,2.0,206,0.02114877899998646,2,243,241,243,77,1,1,60,4,2,0.03220892499996353
s1_1000,S1-480646551,S2,India,selective_v1,0,26,357,91,28,36,14,64,0.0346346359999643,13,5,8.0,344,0.03537838500005819,21,345,344,365,102,1,1,60,2,21,0.05558440899994821
s1_1000,S1-480646551,S3,India,selective_v1,0,48,920,91,15,44,7,59,0.09722767799974008,24,16,8.0,658,0.09864501399999881,36,658,658,694,124,1,1,60,4,36,0.1353375569999571
s1_1000,S1-688071877,S2,US,selective_v1,0,14,107,6,0,0,0,0,0.00187286999994285,6,3,0.0,8,0.0020038719999320165,0,100,100,100,48,0,0,48,0,0,0.006985485999962293
s1_1000,S1-688071877,S3,US,selective_v1,0,14,112,6,0,0,0,0,0.0019395929999745931,6,5,0.0,8,0.0020631749999893145,0,102,102,102,48,0,0,48,0,0,0.006925382000076752
s1_1000,S1-970146850,S2,US,selective_v1,0,42,300,21,0,2,0,2,0.015106319999972584,19,18,1.0,140,0.01558804199999031,2,208,206,208,80,1,1,60,2,2,0.024950181000008342
s1_1000,S1-970146850,S3,US,selective_v1,0,42,281,21,0,2,0,2,0.016100282999673254,19,12,1.0,163,0.01659450299996479,0,227,227,227,80,1,1,60,1,0,0.026856285999997453
s1_1000,S1-610757866,S2,US,selective_v1,0,50,540,36,1,4,2,5,0.028262484000038057,24,19,1.0,372,0.029305760999932318,1,481,480,481,101,1,1,60,2,1,0.05003413300005377
s1_1000,S1-610757866,S3,US,selective_v1,0,47,520,36,3,6,4,9,0.03427230799979952,23,21,2.0,431,0.0352702779999845,0,456,456,456,104,1,1,60,3,0,0.055941458000006605
s1_1000,S1-998147399,S2,India,selective_v1,0,50,887,91,15,26,7,41,0.030905593000397857,24,21,3.0,409,0.03272513300009905,1,566,565,566,100,1,1,60,3,1,0.06279188199994223
s1_1000,S1-998147399,S3,India,selective_v1,0,51,1042,91,15,26,7,41,0.030082663000257526,24,21,3.0,322,0.031879061000040565,1,631,630,631,108,1,1,60,5,1,0.0657880969999951
s1_1000,S1-672064749,S2,US,selective_v1,0,46,616,28,1,2,3,3,0.015211681999858229,22,20,2.0,291,0.016110864999973273,4,484,480,484,94,1,1,60,2,4,0.03803937700001825
s1_1000,S1-672064749,S3,US,selective_v1,0,46,436,28,1,2,3,3,0.015467241999886028,22,19,3.0,132,0.01620453800001087,4,332,328,332,79,1,1,60,2,4,0.03140474799999993
s1_1000,S1-300594042,S2,US,selective_v1,0,46,338,28,1,4,2,5,0.010943839000105982,21,14,0.0,136,0.011603498999988915,1,281,280,281,79,1,1,60,1,1,0.02411363499993513
s1_1000,S1-300594042,S3,US,selective_v1,0,46,472,28,1,4,2,5,0.012269849000063004,21,21,0.0,155,0.012947062000080223,1,334,333,334,76,1,1,60,4,1,0.028187364000018533
s1_1000,S1-966899178,S2,India,selective_v1,0,42,1069,105,28,35,22,63,0.03722823700002209,20,15,5.0,228,0.038677244000041355,1,820,819,820,111,1,1,60,2,1,0.08485772799997449
s1_1000,S1-966899178,S3,India,selective_v1,0,46,1002,105,21,40,22,61,0.0401236370001925,22,14,7.0,222,0.04169974100000218,0,806,806,806,115,1,1,60,0,0,0.0849608180000132
s1_1000,S1-859410589,S2,India,selective_v1,0,49,791,45,3,10,6,13,0.03938736400016296,24,13,11.0,351,0.04057851800007484,8,469,461,469,78,1,1,60,4,8,0.06492276200003744
s1_1000,S1-859410589,S3,India,selective_v1,0,49,495,45,3,7,3,10,0.025331819000143696,24,13,11.0,162,0.026430043999994268,9,278,276,285,83,1,1,60,3,9,0.04113236800003506
s1_1000,S1-221830085,S2,US,selective_v1,0,51,970,36,1,4,3,5,0.022937866999996004,24,19,4.0,69,0.024135729000022366,1,736,735,736,109,1,1,60,4,1,0.05590397000003122
s1_1000,S1-221830085,S3,US,selective_v1,0,51,1101,36,1,4,3,5,0.0260186610000801,24,20,4.0,105,0.027117782999994233,1,851,850,851,109,1,1,60,3,1,0.06488892699996995
s1_1000,S1-759154765,S2,US,selective_v1,0,39,1198,21,0,2,0,2,0.029813380000177858,19,13,2.0,213,0.0305241799999294,0,1055,1055,1055,104,1,1,60,0,0,0.07869150200008335
s1_1000,S1-759154765,S3,US,selective_v1,0,38,386,21,0,2,0,2,0.033365873000093416,19,14,2.0,371,0.034012934000088535,0,371,371,371,87,1,1,60,0,0,0.051293384000018705
s1_1000,S1-279768516,S2,India,selective_v1,0,51,495,45,1,12,3,13,0.03002489300013167,24,19,2.0,168,0.03101387499998509,2,304,302,304,94,1,1,60,1,2,0.047361300000034134
s1_1000,S1-279768516,S3,India,selective_v1,0,51,426,45,1,8,3,9,0.037656084000104784,24,18,4.0,204,0.03876911499992275,2,328,326,328,102,1,1,60,3,2,0.0563368509999691
s1_1000,S1-277795564,S2,India,selective_v1,0,49,656,91,15,6,0,21,0.03727087099991877,24,13,10.0,578,0.03971167299994249,1,587,586,587,110,1,1,60,2,1,0.07094665899990105
s1_1000,S1-277795564,S3,India,selective_v1,0,49,384,91,10,15,0,25,0.04060810000009951,24,13,10.0,314,0.04275068799995552,0,324,324,324,104,1,1,60,2,0,0.06053732400005174
s1_1000,S1-435179175,S2,India,selective_v1,0,50,744,66,6,18,5,24,0.025553285999649233,24,22,2.0,495,0.027090143000009448,1,572,571,572,89,1,1,60,3,1,0.05807191700000658
s1_1000,S1-435179175,S3,India,selective_v1,0,50,550,66,6,15,0,21,0.03816849800023192,24,20,4.0,352,0.039661187999968206,1,419,418,419,102,1,1,60,2,1,0.06209532900004433
s1_1000,S1-359821177,S2,US,selective_v1,0,42,272,21,1,0,0,1,0.014920472000085283,20,15,5.0,128,0.015478305999977238,2,209,207,209,94,1,1,60,2,2,0.024729443999945033
s1_1000,S1-359821177,S3,US,selective_v1,0,42,282,21,1,0,0,1,0.015659270000128345,20,15,5.0,136,0.01622522200000276,0,220,220,220,90,1,1,60,2,0,0.027220886999998584
s1_1000,S1-155407235,S2,US,selective_v1,0,20,264,15,1,4,0,5,0.020985441000334504,10,7,2.0,251,0.021331024000005527,0,251,251,251,86,1,1,60,0,0,0.03244805099996029
s1_1000,S1-155407235,S3,US,selective_v1,0,20,138,15,1,4,0,5,0.022566008000126203,10,6,3.0,133,0.022859938000010516,1,134,133,134,84,1,1,60,2,1,0.02946652399998584
s1_1000,S1-363640638,S2,US,selective_v1,0,52,961,36,1,2,2,3,0.012949131000141278,24,23,1.0,239,0.014085205000014867,1,693,692,693,102,1,1,60,4,1,0.043754594000006364
s1_1000,S1-363640638,S3,US,selective_v1,0,52,1013,36,1,2,2,3,0.013789962999794625,24,23,1.0,244,0.014915956999971058,1,757,756,757,90,1,1,60,1,1,0.04967931700002737
s1_1000,S1-630988943,S2,US,selective_v1,0,50,1579,28,0,2,3,2,0.016260317000160285,23,14,3.0,163,0.01718230900007711,38,1340,1302,1340,103,1,1,60,0,38,0.07966527799999312
s1_1000,S1-630988943,S3,US,selective_v1,0,44,658,28,1,4,2,5,0.022586862000139263,21,16,5.0,238,0.02338891199997306,42,370,370,412,125,1,1,60,1,41,0.042784850999964874
s1_1000,S1-492798500,S2,India,selective_v1,0,50,977,91,15,19,0,34,0.036458604999893396,24,16,2.0,736,0.03871250499992129,0,767,767,767,101,1,1,60,0,0,0.07928834500000903
s1_1000,S1-492798500,S3,India,selective_v1,0,50,748,91,3,24,0,27,0.06799194099994565,24,16,4.0,655,0.07021169899996949,0,692,692,692,98,1,1,60,0,0,0.10629086699998425
s1_1000,S1-750902604,S2,US,selective_v1,0,43,495,21,1,0,0,1,0.014130441000020255,20,16,4.0,79,0.014707670000007056,2,273,271,273,94,1,1,60,3,2,0.029437459999940074
s1_1000,S1-750902604,S3,US,selective_v1,0,43,495,21,1,0,0,1,0.014036624000141273,20,16,4.0,88,0.014558435000026293,0,281,281,281,88,1,1,60,4,0,0.027270741000052112
s1_1000,S1-832262633,S2,India,selective_v1,0,49,511,45,1,10,0,11,0.031868321000501965,24,17,5.0,465,0.03301217800003542,1,479,478,479,117,1,1,60,1,1,0.057084816999918075
s1_1000,S1-832262633,S3,India,selective_v1,0,49,871,45,0,7,0,7,0.03890270000022156,24,22,2.0,733,0.04064349400005085,11,749,749,760,98,1,1,60,5,11,0.07766094999999495
s1_1000,S1-494365737,S2,India,selective_v1,0,50,507,55,0,3,0,3,0.025424956999927417,24,22,2.0,279,0.027130134000003636,12,427,415,427,100,1,1,60,3,12,0.05093655999996827
s1_1000,S1-494365737,S3,India,selective_v1,0,50,566,55,0,0,0,0,0.03402385400033836,24,21,2.0,402,0.03575395899997602,3,520,517,520,108,1,1,60,3,3,0.060896198000023105
s1_1000,S1-317536058,S2,India,selective_v1,0,50,603,105,10,22,0,32,0.0364923090000957,24,19,5.0,475,0.038941010000030474,1,531,531,532,108,1,1,60,2,1,0.06706570599999395
s1_1000,S1-317536058,S3,India,selective_v1,0,50,466,105,6,21,0,27,0.033077408000053765,24,17,7.0,362,0.03558395000004566,0,408,408,408,93,1,1,60,1,0,0.05743466400008401
s1_1000,S1-862899562,S2,India,selective_v1,0,48,593,45,3,10,7,13,0.03863219999971079,24,10,14.0,448,0.03980255299995861,1,449,448,449,90,1,1,60,1,1,0.0631909789999554
s1_1000,S1-862899562,S3,India,selective_v1,0,48,1082,45,1,12,6,13,0.05460676500001682,24,17,7.0,755,0.05594388800000161,3,758,755,758,91,1,1,60,2,3,0.09317296799997621
s1_1000,S1-813952512,S2,US,selective_v1,0,43,396,21,0,0,0,0,0.06484085599959144,21,13,2.0,352,0.065558390000092,0,365,365,365,99,1,1,60,1,0,0.082029890000058
s1_1000,S1-813952512,S3,US,selective_v1,0,43,512,21,0,0,0,0,0.06722647399988091,21,19,2.0,418,0.06795916099997612,0,431,431,431,104,1,1,60,2,0,0.0874801300000172
s1_1000,S1-263815160,S2,India,selective_v1,0,35,526,78,6,39,16,45,0.023175115999833906,17,14,3.0,385,0.024188761000004888,4,465,461,465,111,1,1,60,2,4,0.04942283299999417
s1_1000,S1-263815160,S3,India,selective_v1,0,35,647,78,6,43,12,49,0.03311949400006142,17,14,1.0,506,0.03445584100006727,9,580,571,580,115,1,1,60,3,9,0.06459720200007268
s1_1000,S1-505316099,S2,US,selective_v1,0,34,250,21,0,4,0,4,0.036148424000202795,17,16,1.0,204,0.036635007999962,2,206,204,206,87,1,1,60,2,2,0.04612304200009021
s1_1000,S1-505316099,S3,US,selective_v1,0,34,208,21,0,4,0,4,0.03894663000005494,17,15,1.0,186,0.03940983300003609,1,187,186,187,91,1,1,60,0,1,0.047958499999936066
s1_1000,S1-442590532,S2,US,selective_v1,0,39,298,28,1,6,2,7,0.030023912999922686,19,14,3.0,160,0.030583071000023665,0,264,264,264,81,1,1,60,2,0,0.04307169200001226
s1_1000,S1-442590532,S3,US,selective_v1,0,39,327,28,1,6,2,7,0.0325694050002312,19,16,3.0,175,0.03315895000002911,2,282,280,282,89,1,1,60,2,2,0.045654955000031805
s1_1000,S1-520578486,S2,US,selective_v1,0,50,491,36,0,1,2,1,0.013871331000132159,24,17,2.0,292,0.014940880999915862,0,451,451,451,117,1,1,60,1,0,0.03463219399998252
s1_1000,S1-520578486,S3,US,selective_v1,0,50,577,36,0,1,2,1,0.015678372999786916,24,22,2.0,332,0.01679138999998031,0,507,507,507,112,1,1,60,2,0,0.03900247900003251
s1_1000,S1-373716962,S2,India,selective_v1,0,48,851,91,15,27,14,42,0.04421545699995022,24,20,4.0,747,0.045998091000001295,0,747,747,747,101,1,1,60,3,0,0.0848241760000974
s1_1000,S1-373716962,S3,India,selective_v1,0,49,944,91,10,29,0,39,0.05138122500045483,24,17,5.0,728,0.05335828500005846,2,852,850,852,107,1,1,60,0,2,0.09780678399999942
s1_1000,S1-221049359,S2,India,selective_v1,0,50,903,66,0,11,0,11,0.054822918000127174,24,20,4.0,616,0.056847773999948004,1,733,732,733,109,1,1,60,3,1,0.09405371899993042
s1_1000,S1-221049359,S3,India,selective_v1,0,50,814,66,0,4,0,4,0.04701386400006413,24,19,3.0,488,0.04910458400001971,0,644,644,644,112,1,1,60,1,0,0.08174178900003426
s1_1000,S1-595529200,S2,US,selective_v1,0,29,315,15,0,1,0,1,0.00987091099977988,14,9,1.0,75,0.010243552000019918,1,260,259,260,66,1,1,60,2,1,0.021740511999951195
s1_1000,S1-595529200,S3,US,selective_v1,0,29,393,15,0,1,0,1,0.010373605000268071,14,13,1.0,69,0.010745885999995153,1,302,301,302,53,0,0,53,2,1,0.02377668500002983
s1_1000,S1-448814176,S2,India,selective_v1,0,52,406,91,10,11,0,21,0.014173668999546862,24,20,3.0,260,0.01632467700005691,1,344,343,344,86,1,1,60,1,1,0.03571084299994709
s1_1000,S1-448814176,S3,India,selective_v1,0,52,731,91,6,13,0,19,0.024615669000240814,24,21,2.0,541,0.02702432899991436,1,621,620,621,104,1,1,60,4,1,0.06004210999992665
s1_1000,S1-382839290,S2,India,selective_v1,0,50,674,55,3,6,0,9,0.020054720999951314,24,20,3.0,499,0.021592610000084278,2,561,559,561,93,1,1,60,3,2,0.05080673999998453
s1_1000,S1-382839290,S3,India,selective_v1,0,50,285,55,3,9,0,12,0.01255017400012548,24,17,6.0,168,0.013862083999924835,0,228,228,228,108,1,1,60,2,0,0.02604270099993755
s1_1000,S1-437861953,S2,US,selective_v1,0,38,296,21,0,2,0,2,0.042828137999890714,19,16,3.0,282,0.04339289999995799,0,282,282,282,90,1,1,60,0,0,0.05648480699994707
s1_1000,S1-437861953,S3,US,selective_v1,0,38,340,21,0,2,0,2,0.04732092099993679,19,16,3.0,318,0.04796198100007132,0,318,318,318,88,1,1,60,1,0,0.06243178999989141
s1_1000,S1-801385283,S2,US,selective_v1,0,53,1167,36,1,0,2,1,0.013982687000066107,24,14,3.0,106,0.015270204999978887,0,776,776,776,100,1,1,60,1,0,0.05152320000001964
s1_1000,S1-801385283,S3,US,selective_v1,0,52,1114,36,3,0,4,3,0.02212113700034024,24,18,6.0,142,0.023275478000073235,1,724,723,724,105,1,1,60,1,1,0.05719446800003425
s1_1000,S1-62792559,S2,India,selective_v1,0,51,578,55,6,13,10,19,0.02707228500025849,24,17,7.0,248,0.02822501800005739,3,372,369,372,84,1,1,60,4,3,0.04759052800000063
s1_1000,S1-62792559,S3,India,selective_v1,0,51,786,55,6,13,10,19,0.02812851800035787,24,19,5.0,481,0.029355958999985887,0,619,619,619,116,1,1,60,2,0,0.06032955000000584
s1_1000,S1-429973350,S2,US,selective_v1,0,45,465,36,3,7,4,10,0.027449316000002,22,16,4.0,426,0.028380967999964923,0,427,427,427,102,1,1,60,1,0,0.04709349699999166
s1_1000,S1-429973350,S3,US,selective_v1,0,41,602,36,3,9,4,12,0.03227899000000889,20,18,2.0,537,0.033176524999930734,0,540,540,540,107,1,1,60,2,0,0.05728102199998375
s1_1000,S1-959711921,S2,US,selective_v1,0,47,548,28,1,2,3,3,0.013356125000200336,22,15,4.0,161,0.014084592000017437,4,371,367,371,95,1,1,60,1,4,0.0304851639999697
s1_1000,S1-959711921,S3,US,selective_v1,0,47,586,28,1,2,3,3,0.01341048500000852,22,17,4.0,170,0.014173163000009481,2,384,382,384,93,1,1,60,2,2,0.03187836999995852
s1_1000,S1-645636967,S2,India,selective_v1,0,26,360,45,10,16,6,26,0.013810639999860541,13,12,1.0,254,0.014361903999997594,1,255,254,255,106,1,1,60,2,1,0.027575374999969426
s1_1000,S1-645636967,S3,India,selective_v1,0,28,355,45,10,15,6,25,0.021666709000101037,14,12,1.0,318,0.02225523599997814,1,319,318,319,102,1,1,60,2,1,0.03876411999999618
s1_1000,S1-772318966,S2,US,selective_v1,0,52,1060,36,1,2,4,3,0.012007880000396653,24,18,2.0,208,0.013078942999982246,3,845,842,845,104,1,1,60,1,3,0.05106284800001504
s1_1000,S1-772318966,S3,US,selective_v1,0,52,1152,36,1,2,4,3,0.011982685000134552,24,21,2.0,224,0.013257049999992887,7,892,885,892,104,1,1,60,1,7,0.058304765999992014
s1_1000,S1-805666871,S2,India,selective_v1,0,46,689,91,28,16,24,44,0.031181914000171673,23,15,8.0,566,0.03282533499998408,7,573,566,573,101,1,1,60,1,7,0.06368359599991891
s1_1000,S1-805666871,S3,India,selective_v1,0,48,628,91,15,18,0,33,0.042050914999890665,24,13,11.0,524,0.044358124000041244,5,525,524,529,112,1,1,60,1,5,0.07078778499999316
s1_1000,S1-89525072,S2,US,selective_v1,0,51,485,36,0,2,2,2,0.020532804000026772,24,17,1.0,200,0.02160236800000348,0,323,323,323,109,1,1,60,1,0,0.03617681799994443
s1_1000,S1-89525072,S3,US,selective_v1,0,51,515,36,0,2,2,2,0.024993765000431267,24,21,1.0,232,0.026060657000016363,0,350,350,350,102,1,1,60,0,0,0.04214479199993093
s1_1000,S1-334690933,S2,India,selective_v1,0,43,708,66,10,22,13,32,0.030485881000117843,21,11,10.0,224,0.03167061499993906,2,364,362,364,90,1,1,60,2,2,0.05030491900004108
s1_1000,S1-334690933,S3,India,selective_v1,0,41,630,66,10,23,13,33,0.030732103999866922,20,11,9.0,281,0.03172609000000648,3,378,375,378,90,1,1,60,1,3,0.051169947999937904
s1_1000,S1-306911649,S2,India,selective_v1,0,49,664,55,1,13,0,14,0.030841981999856216,24,15,7.0,613,0.03250626600004125,0,625,625,625,114,1,1,60,2,0,0.08866771499992865
s1_1000,S1-306911649,S3,India,selective_v1,0,49,545,55,1,10,0,11,0.03884196800049722,24,17,5.0,502,0.04034025499993277,0,515,515,515,85,1,1,60,1,0,0.06628233099991121
s1_1000,S1-189778694,S2,US,selective_v1,0,31,416,21,1,6,0,7,0.021021628999733366,14,14,0.0,217,0.02145784900005765,2,307,305,307,87,1,1,60,1,2,0.034581675000026735
s1_1000,S1-189778694,S3,US,selective_v1,0,31,456,21,1,6,0,7,0.022499852000237297,14,14,0.0,236,0.02289894299997286,8,314,306,314,79,1,1,60,4,8,0.03641277999997783
s1_1000,S1-264521464,S2,India,selective_v1,0,50,493,45,1,4,0,5,0.029195703999789657,24,14,6.0,264,0.030468795999922804,8,299,291,299,95,1,1,60,2,8,0.046183266000070944
s1_1000,S1-264521464,S3,India,selective_v1,0,50,641,45,0,5,0,5,0.03974289199982195,24,18,2.0,508,0.04103959700000814,0,531,531,531,93,1,1,60,0,0,0.06795886600002632
s1_1000,S1-109274691,S2,US,selective_v1,0,40,99,21,0,1,0,1,0.018484389000263945,20,12,5.0,79,0.018999054000005344,1,80,79,80,78,1,1,60,2,1,0.023269309999932375
s1_1000,S1-109274691,S3,US,selective_v1,0,40,129,21,0,1,0,1,0.019328519000055167,20,15,5.0,89,0.019842149000055542,1,90,89,90,75,1,1,60,3,1,0.0243021989999761
s1_1000,S1-241052906,S2,India,selective_v1,0,30,625,91,15,47,14,62,0.04197431399973084,15,10,4.0,535,0.04290035500002887,4,539,535,539,111,1,1,60,1,4,0.07042057000001023
s1_1000,S1-241052906,S3,India,selective_v1,0,44,1313,91,10,49,10,59,0.09413190899977053,22,20,2.0,1120,0.09566447400004563,6,1126,1120,1126,113,1,1,60,2,6,0.1537540199999512
s1_1000,S1-20912265,S2,India,selective_v1,0,41,642,105,28,41,16,69,0.05738658899986149,20,14,6.0,537,0.05864085899997917,1,562,561,562,110,1,1,60,2,1,0.08895702799998162
s1_1000,S1-20912265,S3,India,selective_v1,0,41,725,105,21,48,16,69,0.06051742600016041,20,16,4.0,594,0.06181364400003986,3,631,628,631,105,1,1,60,3,3,0.09463960400000815
s1_1000,S1-457236191,S2,India,selective_v1,0,42,1490,45,6,12,7,18,0.028617060999977184,20,16,4.0,179,0.029578445999959513,4,1198,1194,1198,110,1,1,60,1,4,0.09404736600004071
s1_1000,S1-457236191,S3,India,selective_v1,0,47,811,45,1,14,7,15,0.04799487000013869,23,19,3.0,604,0.04922489399996266,10,643,633,643,80,1,1,60,3,10,0.08245705699994232
s1_1000,S1-601233921,S2,US,selective_v1,0,27,224,15,1,2,0,3,0.0056354229999442396,12,11,1.0,47,0.0059290629999395605,82,123,116,198,122,1,1,60,1,45,0.014652619000003142
s1_1000,S1-601233921,S3,US,selective_v1,0,27,297,15,1,2,0,3,0.0058484030001864085,12,11,1.0,60,0.006175013000074614,71,159,152,223,126,1,1,60,3,45,0.016183002000047964
s1_1000,S1-652724045,S2,US,selective_v1,0,44,470,36,3,9,4,12,0.014266969000118479,20,20,0.0,76,0.01488430300003074,1,341,340,341,76,1,1,60,4,1,0.030421589999946264
s1_1000,S1-652724045,S3,US,selective_v1,0,44,586,36,3,9,4,12,0.020660226000018156,20,20,0.0,149,0.02137399399998685,1,458,457,458,78,1,1,60,1,1,0.043489878000059434
s1_1000,S1-752926413,S2,US,selective_v1,0,35,1128,28,1,8,2,9,0.02268427100034387,17,12,5.0,185,0.02343885900006626,52,877,874,926,137,1,1,60,4,46,0.06273892100000467
s1_1000,S1-752926413,S3,US,selective_v1,0,35,1206,28,1,8,2,9,0.02246438899999248,17,12,5.0,151,0.02321494000000257,50,914,914,964,146,1,1,60,3,47,0.06515625899999122
s1_1000,S1-632381890,S2,India,selective_v1,0,51,603,91,10,0,0,10,0.019167444000231626,24,18,6.0,327,0.02186730100004297,0,480,480,480,105,1,1,60,1,0,0.04835461499999383
s1_1000,S1-632381890,S3,India,selective_v1,0,51,464,91,3,6,0,9,0.014706212000078267,24,20,3.0,247,0.01725267899996652,1,367,366,367,110,1,1,60,2,1,0.03681343099992773
s1_1000,S1-568024600,S2,US,selective_v1,0,52,631,36,1,4,3,5,0.018600548999870625,24,22,2.0,62,0.019547612999986086,1,491,490,491,116,1,1,60,2,1,0.04185286699998869
s1_1000,S1-568024600,S3,US,selective_v1,0,52,610,36,1,4,3,5,0.01951342399991063,24,21,2.0,57,0.020446756999945137,0,465,465,465,112,1,1,60,1,0,0.041295635999972546
s1_1000,S1-101003484,S2,India,selective_v1,0,48,669,105,10,25,0,35,0.0703840159998208,24,13,11.0,554,0.07280440499994256,4,557,554,558,109,1,1,60,3,4,0.10177210400001968
s1_1000,S1-101003484,S3,India,selective_v1,0,48,572,105,6,28,0,34,0.06615960099964013,24,13,11.0,530,0.06853997299992898,1,531,530,531,111,1,1,60,1,1,0.09570317899999736
s1_1000,S1-43499921,S2,India,selective_v1,0,51,1540,120,15,37,0,52,0.04717429799995898,24,18,4.0,456,0.04966614900001787,7,1188,1181,1188,115,1,1,60,1,7,0.11273236200008796
s1_1000,S1-43499921,S3,India,selective_v1,0,51,1584,120,6,49,0,55,0.061250214000097,24,18,5.0,486,0.06399972300005174,16,1245,1244,1260,124,1,1,60,3,16,0.1317470509999339
s1_1000,S1-110256609,S2,US,selective_v1,0,42,1073,21,0,1,0,1,0.014057002999948054,20,15,1.0,260,0.014994010000009439,1,937,936,937,117,1,1,60,2,1,0.05708348300004218
s1_1000,S1-110256609,S3,US,selective_v1,0,42,1031,21,0,1,0,1,0.014781755999820234,20,11,2.0,144,0.015439320000041334,1,895,894,895,106,1,1,60,0,1,0.058901493999997
s1_1000,S1-487458224,S2,India,selective_v1,0,51,770,120,6,30,0,36,0.03668676500001311,24,23,1.0,591,0.03954771399992296,2,682,680,682,98,1,1,60,1,2,0.07830556400006117
s1_1000,S1-487458224,S3,India,selective_v1,0,52,776,120,3,27,0,30,0.03553851099991334,24,20,3.0,461,0.038536800999963816,1,676,675,676,102,1,1,60,3,1,0.07615723300000354
s1_1000,S1-929842045,S2,US,selective_v1,0,50,1001,28,0,1,4,1,0.009965824000232715,23,13,1.0,218,0.010872930000004999,1,936,935,936,115,1,1,60,1,1,0.05431803600004059
s1_1000,S1-929842045,S3,US,selective_v1,0,43,921,28,3,3,2,6,0.01505711200013593,20,16,1.0,155,0.015814675000001444,0,779,779,779,102,1,1,60,1,0,0.05130684400000973
s1_1000,S1-281720430,S2,India,selective_v1,0,53,383,78,15,0,0,15,0.012075764000201161,24,17,4.0,24,0.013941301000045314,1,226,225,226,78,1,1,60,2,1,0.026038088000063908
s1_1000,S1-281720430,S3,India,selective_v1,0,53,324,78,10,5,0,15,0.01269683799989707,24,15,5.0,27,0.014553257999978086,0,214,214,214,78,1,1,60,0,0,0.025572663000048124
s1_1000,S1-721565573,S2,India,selective_v1,0,49,871,120,36,27,18,63,0.05067709799982367,24,16,8.0,733,0.052825336000069,0,753,753,753,104,1,1,60,3,0,0.09284937799998261
s1_1000,S1-721565573,S3,India,selective_v1,0,49,645,120,28,32,0,60,0.051460248999774194,24,13,11.0,510,0.05354448399998546,1,534,533,534,106,1,1,60,4,1,0.08106318699992698
s1_1000,S1-388793139,S2,US,selective_v1,0,41,391,21,1,0,0,1,0.01768805399979101,20,16,4.0,292,0.018331960999944386,2,331,329,331,77,1,1,60,3,2,0.032555473000002166
s1_1000,S1-388793139,S3,US,selective_v1,0,41,267,21,1,0,0,1,0.01752318100022876,20,10,5.0,205,0.01809191400002419,1,243,242,243,80,1,1,60,2,1,0.028893650999975762
s1_1000,S1-332323893,S2,US,selective_v1,0,33,92,15,0,0,0,0,0.005131651000056081,15,6,0.0,84,0.005461849999960577,0,87,87,87,78,1,1,60,0,0,0.009675520999962828
s1_1000,S1-332323893,S3,US,selective_v1,0,21,99,10,0,0,0,0,0.005150055999934011,10,6,0.0,95,0.005380815999956212,0,96,96,96,74,1,1,60,0,0,0.009933252999985598
s1_1000,S1-841238498,S2,India,selective_v1,0,49,720,120,10,26,0,36,0.037898699000379565,24,15,9.0,625,0.040921407000041654,9,669,660,669,103,1,1,60,2,9,0.07637837999993735
s1_1000,S1-841238498,S3,India,selective_v1,0,49,516,120,6,30,0,36,0.036855854999885196,24,16,8.0,389,0.03960499799995887,8,436,428,436,103,1,1,60,3,8,0.06232696999995824
s1_1000,S1-604791387,S2,US,selective_v1,0,48,552,28,0,0,4,0,0.05170987099984359,24,22,0.0,454,0.05269045100010317,23,477,454,477,95,1,1,60,4,23,0.0738019359999953
s1_1000,S1-604791387,S3,US,selective_v1,0,48,448,28,0,0,4,0,0.05527871800018147,24,21,1.0,373,0.05628120900007616,27,400,373,400,89,1,1,60,0,27,0.10076143099990986
s1_1000,S1-276163334,S2,India,selective_v1,0,49,824,120,6,34,0,40,0.07596272399973714,24,16,6.0,624,0.07869304899998042,0,717,717,717,89,1,1,60,0,0,0.11850648999995883
s1_1000,S1-276163334,S3,India,selective_v1,0,49,901,120,3,29,0,32,0.07203939900000478,24,19,3.0,770,0.07518604299991694,3,827,824,827,85,1,1,60,0,3,0.12006270699998822
s1_1000,S1-619648344,S2,India,selective_v1,0,50,613,91,21,7,0,28,0.027408969999896726,24,17,7.0,377,0.02957256199999847,0,436,436,436,99,1,1,60,4,0,0.05343418699999347
s1_1000,S1-619648344,S3,India,selective_v1,0,50,493,91,10,15,0,25,0.032220537999933185,24,16,7.0,329,0.034353753999994296,0,375,375,375,91,1,1,60,1,0,0.05514043000005131
s1_1000,S1-267645994,S2,US,selective_v1,0,35,612,45,6,16,6,22,0.051274204000264945,17,13,1.0,323,0.05243048599993472,67,554,553,620,136,1,1,60,0,50,0.07912551899994469
s1_1000,S1-267645994,S3,US,selective_v1,0,32,557,45,6,20,3,26,0.08083493900028316,16,14,2.0,492,0.08161221499995008,53,493,492,545,150,1,1,60,0,48,0.10733407899999747
s1_1000,S1-280004217,S2,US,selective_v1,0,42,1538,21,1,0,0,1,0.017475684999794794,20,14,2.0,400,0.018514464999952907,0,1318,1318,1318,110,1,1,60,0,0,0.07330101499997
s1_1000,S1-280004217,S3,US,selective_v1,0,42,1395,21,1,0,0,1,0.018253582000056667,20,16,4.0,257,0.019040084000039315,0,1295,1295,1295,109,1,1,60,1,0,0.07601631400007136
s1_1000,S1-183479376,S2,India,selective_v1,0,22,104,66,21,24,10,45,0.019331402999910097,11,6,5.0,58,0.019782127999974364,2,60,58,60,40,0,0,40,2,2,0.02422542700003305
s1_1000,S1-183479376,S3,India,selective_v1,0,26,484,66,10,33,10,43,0.03877856199994767,13,8,4.0,450,0.03956744900006015,0,450,450,450,90,1,1,60,0,0,0.06227654799999982
s1_1000,S1-651332839,S2,India,selective_v1,0,48,898,78,21,14,20,35,0.01881294599957073,23,20,3.0,414,0.020597898999994868,0,620,620,620,110,1,1,60,3,0,0.05209075599998414
s1_1000,S1-651332839,S3,India,selective_v1,0,50,999,78,15,19,16,34,0.019873538000069857,24,20,4.0,455,0.02144208900006106,0,641,641,641,101,1,1,60,2,0,0.054008524999971996
s1_1000,S1-325262585,S2,US,selective_v1,0,38,651,28,1,6,2,7,0.038678905999859126,19,17,2.0,582,0.039564659999996366,2,584,582,584,98,1,1,60,3,2,0.06501799599993774
s1_1000,S1-325262585,S3,US,selective_v1,0,38,361,28,1,6,2,7,0.040201811000201815,19,15,4.0,314,0.040879151000012826,1,315,314,315,79,1,1,60,2,1,0.055559502999926735
s1_1000,S1-248093324,S2,India,selective_v1,0,47,746,78,15,24,16,39,0.04696280399980424,23,17,3.0,647,0.04843488200003776,0,650,650,650,94,1,1,60,1,0,0.08272584199994526
s1_1000,S1-248093324,S3,India,selective_v1,0,49,1023,78,6,28,0,34,0.06258949199991548,24,20,3.0,924,0.06446613699995396,1,927,926,927,95,1,1,60,1,1,0.11334866700008206
s1_1000,S1-714434823,S2,US,selective_v1,0,48,289,28,0,1,4,1,0.016488228999719468,23,16,4.0,26,0.017196244000047045,0,226,226,226,74,1,1,60,3,0,0.028651976999981343
s1_1000,S1-714434823,S3,US,selective_v1,0,48,322,28,0,1,4,1,0.016954783000301177,23,19,4.0,42,0.017661162999957014,1,242,241,242,79,1,1,60,2,1,0.02903694299993731
s1_1000,S1-319895908,S2,India,selective_v1,0,46,926,91,15,35,19,50,0.027500269999904958,22,21,1.0,486,0.029173047999961454,1,630,629,630,99,1,1,60,3,1,0.06329238000000714
s1_1000,S1-319895908,S3,India,selective_v1,0,48,405,91,10,34,24,44,0.02292385100042793,23,12,5.0,196,0.024333853000030103,0,331,331,331,94,1,1,60,0,0,0.0440076739999995
s1_1000,S1-130312518,S2,India,selective_v1,0,23,263,55,21,15,8,36,0.006720396999980949,11,11,0.0,158,0.007193928000106098,1,176,175,176,78,1,1,60,1,1,0.01639470500003881
s1_1000,S1-130312518,S3,India,selective_v1,0,23,251,55,21,15,8,36,0.006859536000092703,11,10,0.0,124,0.007316052999954081,1,135,134,135,76,1,1,60,2,1,0.0144296820000136
s1_1000,S1-337403716,S2,India,selective_v1,0,46,328,55,6,15,12,21,0.02294727900016369,22,16,6.0,277,0.02395054099997651,0,293,293,293,116,1,1,60,1,0,0.038900192000028255
s1_1000,S1-337403716,S3,India,selective_v1,0,38,671,55,6,23,8,29,0.03163353600018581,18,18,0.0,608,0.032603713999947104,1,617,616,617,116,1,1,60,2,1,0.06309217099999387
s1_1000,S1-927196959,S2,US,selective_v1,0,38,711,21,0,3,0,3,0.03711323299989999,18,16,1.0,311,0.0377318920000107,0,671,671,671,93,1,1,60,1,0,0.06668630499996198
s1_1000,S1-927196959,S3,US,selective_v1,0,36,823,21,0,4,0,4,0.03844651099996099,17,17,0.0,365,0.03908093599989115,2,766,764,766,85,1,1,60,2,2,0.07295848800004023
s1_1000,S1-634802275,S2,India,selective_v1,0,35,344,55,15,13,10,28,0.011178864999806137,17,13,4.0,228,0.01195363899989843,1,242,241,242,90,1,1,60,4,1,0.025189124999997148
s1_1000,S1-634802275,S3,India,selective_v1,0,45,688,55,10,11,12,21,0.023581977999583614,22,16,6.0,542,0.024823497999932442,0,548,548,548,99,1,1,60,1,0,0.05184890800001085
s1_1000,S1-610551902,S2,India,selective_v1,0,49,887,91,6,32,0,38,0.06723654699999315,24,12,12.0,421,0.06916085900002145,3,671,668,671,115,1,1,60,1,3,0.10369675799995548
s1_1000,S1-610551902,S3,India,selective_v1,0,48,936,91,6,27,0,33,0.09038749299998017,24,14,10.0,867,0.09262792200001968,1,868,867,868,116,1,1,60,1,1,0.13842503700004727
s1_1000,S1-763925165,S2,US,selective_v1,0,42,1147,21,0,1,0,1,0.012583926999809592,20,16,1.0,279,0.013308258000051865,0,1001,1001,1001,112,1,1,60,3,0,0.05991032700001142
s1_1000,S1-763925165,S3,US,selective_v1,0,42,1298,21,0,1,0,1,0.013831485999958204,20,17,1.0,285,0.01456532600002447,0,1121,1121,1121,98,1,1,60,1,0,0.06382642599999144
s1_1000,S1-809191477,S2,US,selective_v1,0,49,600,28,0,2,3,2,0.017893794999849888,23,12,1.0,162,0.018634151000014754,1,554,553,554,100,1,1,60,1,1,0.043886123000106636
s1_1000,S1-809191477,S3,US,selective_v1,0,44,592,28,1,4,2,5,0.02366816900030244,21,19,2.0,218,0.024354688000016722,3,515,512,515,81,1,1,60,3,3,0.04669307100004971
s1_1000,S1-589408855,S2,India,selective_v1,0,48,596,66,15,12,16,27,0.036429327999826455,23,18,5.0,483,0.03785743800006003,4,493,489,493,108,1,1,60,3,4,0.06383096700005808
s1_1000,S1-589408855,S3,India,selective_v1,0,42,610,66,15,18,13,33,0.034692673000222385,20,18,2.0,505,0.03586004600003889,10,525,515,525,108,1,1,60,3,10,0.06363672800000586
s1_1000,S1-206753882,S2,US,selective_v1,0,50,270,45,1,4,0,5,0.0238562729999785,24,12,5.0,123,0.025082149000013487,0,225,225,225,93,1,1,60,1,0,0.03503830900001503
s1_1000,S1-206753882,S3,US,selective_v1,0,49,320,45,3,6,0,9,0.04035136799984684,24,15,8.0,244,0.041468443999974625,0,280,280,280,93,1,1,60,0,0,0.05410045899998295
s1_1000,S1-878306771,S2,US,selective_v1,0,22,455,10,0,0,0,0,0.004178596999963702,10,6,0.0,18,0.004403512000067167,1,443,442,443,98,1,1,60,0,1,0.024839758999974038
s1_1000,S1-878306771,S3,US,selective_v1,0,22,566,10,0,0,0,0,0.004856322999899021,10,10,0.0,18,0.005099900000004709,4,503,499,503,96,1,1,60,2,4,0.028677424999955292
s1_1000,S1-328097241,S2,US,selective_v1,0,38,526,21,0,2,0,2,0.03533653699992101,19,19,0.0,517,0.03606951899996602,0,517,517,517,90,1,1,60,0,0,0.05844795999996677
s1_1000,S1-328097241,S3,US,selective_v1,0,38,447,21,0,2,0,2,0.036528651000253376,19,18,1.0,413,0.037179183000034755,1,414,413,414,84,1,1,60,2,1,0.055429920000051425
s1_1000,S1-829671154,S2,India,selective_v1,0,28,333,55,15,18,8,33,0.033482461999597035,14,8,6.0,309,0.034174726999935956,2,310,309,311,100,1,1,60,4,2,0.05075651699996797
s1_1000,S1-829671154,S3,India,selective_v1,0,26,560,55,10,28,4,38,0.04286711299994295,13,11,1.0,522,0.04349961799994162,4,526,522,526,117,1,1,60,0,4,0.07013636599992878
s1_1000,S1-631246874,S2,India,selective_v1,0,51,629,120,6,29,0,35,0.05471939899973677,24,20,4.0,493,0.057510100999934366,0,571,571,571,95,1,1,60,2,0,0.11206389899996338
s1_1000,S1-631246874,S3,India,selective_v1,0,51,1049,120,1,23,0,24,0.06749828800036539,24,24,0.0,904,0.07069005699997888,2,957,955,957,103,1,1,60,3,2,0.1218353679998927
s1_1000,S1-544759562,S2,US,selective_v1,0,30,579,15,0,1,0,1,0.012297191999778079,14,10,0.0,260,0.012765725999997812,32,427,395,427,91,1,1,60,0,32,0.03228656599992519
s1_1000,S1-544759562,S3,US,selective_v1,0,30,631,15,0,1,0,1,0.01274510900009318,14,14,0.0,269,0.013213891999953375,34,457,423,457,81,1,1,60,1,34,0.033734300999981315
s1_1000,S1-930744842,S2,India,selective_v1,0,49,1165,91,10,34,0,44,0.06336392699995486,24,22,2.0,962,0.06536128400000507,5,969,964,969,107,1,1,60,3,5,0.11593781999999919
s1_1000,S1-930744842,S3,India,selective_v1,0,49,1110,91,6,31,0,37,0.06609088499988047,24,19,4.0,982,0.06812170400007744,10,995,985,995,113,1,1,60,2,10,0.12097060400003556
s1_1000,S1-108161581,S2,US,selective_v1,0,33,532,21,1,4,0,5,0.028428530000041974,16,12,4.0,169,0.028935823999972854,28,474,446,474,90,1,1,60,1,28,0.0509087409999438
s1_1000,S1-108161581,S3,US,selective_v1,0,33,592,21,1,4,0,5,0.031149153000342267,16,9,4.0,171,0.031697602000008374,25,528,503,528,89,1,1,60,1,25,0.056188146999943456
s1_1000,S1-130260765,S2,India,selective_v1,0,40,813,36,3,10,4,13,0.0258066390000522,19,16,3.0,220,0.026579181999977664,1,632,631,632,108,1,1,60,2,1,0.05960561799997777
s1_1000,S1-130260765,S3,India,selective_v1,0,43,557,36,1,10,4,11,0.03110723300017071,21,17,4.0,304,0.03193981499998699,3,473,470,473,109,1,1,60,2,3,0.05578179199994793
s1_1000,S1-322705792,S2,US,selective_v1,0,50,216,36,0,3,4,3,0.02557860199976858,24,13,4.0,57,0.02653663699993558,0,182,182,182,97,1,1,60,2,0,0.03519645100004709
s1_1000,S1-322705792,S3,US,selective_v1,0,49,302,36,1,6,4,7,0.035332147000076475,24,18,6.0,199,0.03622938699993483,1,247,246,247,104,1,1,60,1,1,0.04755117299998801
s1_1000,S1-300047799,S2,US,selective_v1,0,25,216,15,1,2,0,3,0.010590082000021539,12,10,2.0,172,0.010924638999995295,3,192,189,192,83,1,1,60,2,3,0.01936115399996652
s1_1000,S1-300047799,S3,US,selective_v1,0,25,224,15,1,2,0,3,0.011440961999937826,12,10,2.0,170,0.011771767000027467,5,191,186,191,87,1,1,60,4,5,0.020478083999933006
s1_1000,S1-237606626,S2,US,selective_v1,0,27,453,15,0,3,0,3,0.018736940000167124,12,4,0.0,138,0.01906654399999752,33,333,300,333,80,1,1,60,0,33,0.0332046610000134
s1_1000,S1-237606626,S3,US,selective_v1,0,27,510,15,0,3,0,3,0.020214292000332534,12,12,0.0,155,0.02059032699992258,28,360,332,360,79,1,1,60,1,28,0.037002182000037465
s1_1000,S1-431860747,S2,India,selective_v1,0,48,565,28,3,0,3,3,0.00972278000017468,22,11,3.0,223,0.010530610000046181,0,412,412,412,92,1,1,60,0,0,0.03293666199999734
s1_1000,S1-431860747,S3,India,selective_v1,0,48,869,28,1,2,3,3,0.012337173999981133,22,21,1.0,332,0.01325955699996939,1,540,539,540,93,1,1,60,5,1,0.03926445299998704
s1_1000,S1-552437382,S2,US,selective_v1,0,47,988,36,3,6,4,9,0.026059186999646045,23,21,1.0,516,0.027138176999983443,0,820,820,820,114,1,1,60,0,0,0.06290965899995626
s1_1000,S1-552437382,S3,US,selective_v1,0,50,1029,45,3,6,0,9,0.024202209000350194,24,20,1.0,513,0.025533678999977383,1,849,848,849,102,1,1,60,3,1,0.06493900200007374
s1_1000,S1-603435619,S2,India,selective_v1,0,48,808,66,10,10,0,20,0.03573474400025134,24,15,9.0,590,0.037406598000075064,4,594,590,594,114,1,1,60,2,4,0.06807482900001105
s1_1000,S1-603435619,S3,India,selective_v1,0,48,886,66,6,16,0,22,0.049664373000268824,24,17,6.0,615,0.05133621000004496,7,622,615,622,118,1,1,60,1,7,0.08273875899999439
s1_1000,S1-685335289,S2,US,selective_v1,0,38,604,21,1,2,0,3,0.0067830209997055135,18,12,0.0,53,0.007273720999933175,0,581,581,581,111,1,1,60,0,0,0.03614857200000188
s1_1000,S1-685335289,S3,US,selective_v1,0,38,628,21,1,2,0,3,0.006786267999927986,18,10,0.0,52,0.007276348000004873,1,593,592,593,106,1,1,60,1,1,0.03611720100002458
s1_1000,S1-155779800,S2,US,selective_v1,0,49,771,45,1,6,0,7,0.053386091999982455,24,16,5.0,613,0.05480485500004306,1,686,685,686,112,1,1,60,2,1,0.08566420099998595
s1_1000,S1-155779800,S3,US,selective_v1,0,48,803,45,3,9,5,12,0.0656868010000835,24,15,9.0,754,0.067073382999979,1,755,754,755,117,1,1,60,1,1,0.10134878700000627
s1_1000,S1-501849627,S2,India,selective_v1,0,49,556,120,0,5,0,5,0.050767033000283845,24,22,1.0,384,0.054497920000017075,2,451,450,452,93,1,1,60,1,2,0.0803608209999993
s1_1000,S1-501849627,S3,India,selective_v1,0,49,497,120,0,1,0,1,0.049188621000098465,24,22,1.0,350,0.05289941199998793,4,411,411,415,97,1,1,60,1,4,0.07694327900003373
s1_1000,S1-262004414,S2,US,selective_v1,0,45,801,21,0,0,0,0,0.006989281000073788,21,15,0.0,58,0.007556518000001233,0,774,774,774,116,1,1,60,2,0,0.042939670000009755
s1_1000,S1-262004414,S3,US,selective_v1,0,44,735,21,0,0,0,0,0.012405890999843905,21,20,1.0,91,0.013029194000068856,0,634,634,634,111,1,1,60,3,0,0.04263369499994951
s1_1000,S1-745903635,S2,US,selective_v1,0,39,1305,28,1,6,2,7,0.03618261499991604,19,17,2.0,392,0.03708775699999478,3,1093,1090,1093,110,1,1,60,1,3,0.08666064500005177
s1_1000,S1-745903635,S3,US,selective_v1,0,39,1374,28,1,6,2,7,0.038824052000222764,19,16,3.0,441,0.039705013999991934,3,1264,1261,1264,111,1,1,60,1,3,0.09575344299992139
s1_1000,S1-656765074,S2,India,selective_v1,0,43,1606,78,21,20,16,41,0.033855953000056616,21,14,7.0,271,0.03527580799993757,1,1173,1172,1173,117,1,1,60,3,1,0.09962626900005489
s1_1000,S1-656765074,S3,India,selective_v1,0,41,2003,78,15,27,16,42,0.03723496500015244,20,15,5.0,468,0.03884525399996619,3,1432,1429,1432,116,1,1,60,1,3,0.1142212050000353
s1_1000,S1-904386702,S2,US,selective_v1,0,51,725,36,1,4,2,5,0.03167502599990257,24,17,5.0,357,0.03278363000003992,3,552,549,552,83,1,1,60,1,3,0.057787280000070496
s1_1000,S1-904386702,S3,US,selective_v1,0,51,513,36,1,5,4,6,0.023037849000047572,24,18,6.0,168,0.023963288000004468,1,366,365,366,82,1,1,60,1,1,0.04016629299997021
s1_1000,S1-337125619,S2,US,selective_v1,0,37,591,21,1,2,0,3,0.015879498000117565,18,16,1.0,540,0.016547670000022663,5,547,542,547,97,1,1,60,2,5,0.03958857199995691
s1_1000,S1-337125619,S3,US,selective_v1,0,37,517,21,1,2,0,3,0.016831069000318166,18,16,2.0,469,0.017489638000029117,2,474,472,474,95,1,1,60,2,2,0.03842264200000045
s1_1000,S1-514177496,S2,India,selective_v1,0,40,718,55,6,20,10,26,0.021343496999975287,19,19,0.0,208,0.022278675000052317,1,490,489,490,112,1,1,60,3,1,0.04748069900006158
s1_1000,S1-514177496,S3,India,selective_v1,0,46,889,55,3,20,10,23,0.04571260600005189,22,21,0.0,402,0.04694440399998712,0,691,691,691,105,1,1,60,1,0,0.10698674100001426
s1_1000,S1-395601309,S2,India,selective_v1,0,49,767,66,3,10,0,13,0.03368050100016262,24,18,6.0,352,0.03539380600000186,5,512,511,516,93,1,1,60,2,5,0.06330016199990496
s1_1000,S1-395601309,S3,India,selective_v1,0,49,784,66,3,9,0,12,0.04229548299986163,24,18,6.0,467,0.04437916300003053,8,628,620,628,113,1,1,60,4,8,0.0758174869999948
s1_1000,S1-577698852,S2,India,selective_v1,0,41,276,36,3,10,4,13,0.01045136099969568,19,19,0.0,205,0.011055484999928922,3,230,227,230,78,1,1,60,2,3,0.022891952999998466
s1_1000,S1-577698852,S3,India,selective_v1,0,49,356,36,0,9,4,9,0.029376084999967134,23,14,3.0,269,0.030151699000043664,1,296,295,296,76,1,1,60,3,1,0.04492569700005333
s1_1000,S1-874201682,S2,India,selective_v1,0,52,326,78,3,12,0,15,0.023161048999781997,24,18,4.0,144,0.025094722000062575,0,279,279,279,79,1,1,60,2,0,0.03996760899997298
s1_1000,S1-874201682,S3,India,selective_v1,0,52,296,78,0,12,0,12,0.022514215000114746,24,7,3.0,136,0.024468596000019716,0,279,279,279,79,1,1,60,0,0,0.039648197000019536
s1_1000,S1-126570986,S2,US,selective_v1,0,32,655,15,0,0,0,0,0.011597269000048982,15,14,0.0,106,0.012058701999990262,0,631,631,631,108,1,1,60,1,0,0.0406622849999394
s1_1000,S1-126570986,S3,US,selective_v1,0,32,612,15,0,0,0,0,0.011916335000023537,15,12,0.0,92,0.012313202000086676,1,596,595,596,101,1,1,60,1,1,0.04029565399991952
s1_1000,S1-671207789,S2,US,selective_v1,0,42,566,28,1,5,2,6,0.02066035599943916,20,16,1.0,327,0.021384006000062072,1,519,518,519,110,1,1,60,2,1,0.04387945899998158
s1_1000,S1-671207789,S3,US,selective_v1,0,44,652,28,1,4,2,5,0.02850196499980484,21,18,3.0,369,0.029548382999905698,1,574,573,574,112,1,1,60,2,1,0.05453754500001651
s1_1000,S1-708363043,S2,US,selective_v1,0,50,687,36,1,4,4,5,0.029138450000004923,24,22,2.0,200,0.030135898999901656,1,581,580,581,110,1,1,60,3,1,0.054228744000056395
s1_1000,S1-708363043,S3,US,selective_v1,0,50,822,36,1,4,4,5,0.03022461400018983,24,20,1.0,330,0.03126317999999628,0,754,754,754,108,1,1,60,2,0,0.06454253200001858
s1_1000,S1-614088401,S2,US,selective_v1,0,47,751,28,0,4,2,4,0.030891724000071008,22,18,3.0,178,0.031607607999944776,0,488,488,488,92,1,1,60,1,0,0.0529414430000088
s1_1000,S1-614088401,S3,US,selective_v1,0,40,523,28,1,6,2,7,0.0239135509997368,19,12,1.0,203,0.024530308000066725,0,342,342,342,84,1,1,60,0,0,0.04020042900003773
s1_1000,S1-569680730,S2,US,selective_v1,0,52,619,45,1,6,0,7,0.023510956999530208,24,22,2.0,217,0.02471200000002227,1,451,450,451,99,1,1,60,1,1,0.04415865400005714
s1_1000,S1-569680730,S3,US,selective_v1,0,52,713,45,1,6,0,7,0.029482440999913706,24,19,2.0,297,0.031017949999977645,1,542,541,542,98,1,1,60,2,1,0.05469604500001424
s1_1000,S1-767358074,S2,US,selective_v1,0,33,364,15,0,0,0,0,0.007323245000065981,15,10,1.0,16,0.007670594999922287,1,351,350,351,119,1,1,60,1,1,0.023386052000091695
s1_1000,S1-767358074,S3,US,selective_v1,0,31,390,15,0,1,0,1,0.0026236559998551456,14,14,0.0,22,0.0029476370000338648,1,353,352,353,116,1,1,60,2,1,0.018166856999982883
s1_1000,S1-322487719,S2,India,selective_v1,0,44,942,45,1,15,7,16,0.05822659700049826,22,15,7.0,571,0.059389502999920296,2,573,571,573,80,1,1,60,1,2,0.08837649900010547
s1_1000,S1-322487719,S3,India,selective_v1,0,49,1229,55,1,21,5,22,0.06695470700014994,24,21,3.0,760,0.06843244999993203,4,766,762,766,78,1,1,60,3,4,0.10621435100006238
s1_1000,S1-984079639,S2,US,selective_v1,0,28,329,15,0,2,0,2,0.01979535200018745,13,12,1.0,193,0.02017323999996279,2,241,239,241,113,1,1,60,2,2,0.03129003099991223
s1_1000,S1-984079639,S3,US,selective_v1,0,28,397,15,0,2,0,2,0.02031039599989981,13,12,1.0,204,0.020704866999949445,3,270,267,270,107,1,1,60,3,3,0.03276527800005624
s1_1000,S1-594866255,S2,US,selective_v1,0,44,993,21,0,1,0,1,0.007657691000190425,20,18,2.0,0,0.008218220999992809,1,829,828,829,89,1,1,60,1,1,0.04402442899993275
s1_1000,S1-594866255,S3,US,selective_v1,0,44,1148,21,0,1,0,1,0.00831045600023117,20,17,2.0,0,0.008898993999991944,0,991,991,991,85,1,1,60,1,0,0.053198614999928395
s1_1000,S1-30108386,S2,US,selective_v1,0,29,571,15,0,1,0,1,0.017413634999911665,14,10,3.0,36,0.017819873000007647,4,482,478,482,75,1,1,60,2,4,0.04306053899995277
s1_1000,S1-30108386,S3,US,selective_v1,0,29,560,15,0,1,0,1,0.01862332899975172,14,9,3.0,51,0.019011250999938056,0,477,477,477,84,1,1,60,1,0,0.040014312000039354
